step,g_adv,cycle,identity,d_a,d_b,grad_g,grad_d_a,grad_d_b,lr,nan_count,images_per_sec,seconds
100,1.5336217880249023,0.7402616739273071,0.711284875869751,0.826472818851471,0.7572057843208313,90.8240966796875,27.997901916503906,24.909461975097656,0.0002,0,9.070962950475403,22.048374700010754
200,0.6964083909988403,0.6083360314369202,0.5788379907608032,0.3168737292289734,0.3036194443702698,63.19929885864258,12.723441123962402,12.10472583770752,0.0002,0,20.74554703834426,31.68899780001084
300,0.6756380200386047,0.6020166873931885,0.570037841796875,0.30522698163986206,0.2894849479198456,59.5435791015625,13.457634925842285,12.91269588470459,0.0002,0,20.237172579643914,41.571801300000516
400,0.7436986565589905,0.5844357013702393,0.5527272820472717,0.27811604738235474,0.31994861364364624,53.04862976074219,13.008326530456543,16.299480438232422,0.0002,0,14.301494145740037,55.556354100001045
500,0.654495358467102,0.5641792416572571,0.5348728895187378,0.2908557951450348,0.2675463855266571,56.94430160522461,14.908357620239258,11.344974517822266,0.0002,0,20.573988140145435,65.27736680000089
600,0.692534863948822,0.578675389289856,0.5424637794494629,0.2976759374141693,0.26138344407081604,45.83635330200195,14.176644325256348,11.900238990783691,0.0002,0,19.824739194894196,75.36577190000389
700,0.7287300229072571,0.5553130507469177,0.5205285549163818,0.26184457540512085,0.2822217643260956,45.83186721801758,14.392024993896484,14.632869720458984,0.0002,0,15.093890679066824,88.61616600000707
800,0.7160806655883789,0.5090811252593994,0.4754668176174164,0.26158031821250916,0.2679402530193329,43.81829833984375,14.268333435058594,13.148788452148438,0.0002,0,19.70161044117034,98.76762040000176
900,0.6748945713043213,0.522056519985199,0.48502323031425476,0.25751814246177673,0.26633453369140625,43.66684341430664,14.23528003692627,12.67326831817627,0.0002,0,21.567120226424766,108.04099570000835
1000,0.7532032132148743,0.5289331078529358,0.4883171319961548,0.26028966903686523,0.2730637490749359,41.492454528808594,15.413270950317383,14.450742721557617,0.0002,0,14.227710248445954,122.09807140000339
1100,0.8025497198104858,0.5063351988792419,0.4743576943874359,0.26439711451530457,0.27234959602355957,39.28143310546875,17.091611862182617,12.665305137634277,0.0002,0,18.883060370028304,132.68957490001048
1200,0.7047114372253418,0.4889601767063141,0.4518031179904938,0.2565357983112335,0.2651638984680176,38.76093673706055,14.131380081176758,12.673990249633789,0.0002,0,20.275770141419745,142.55356520001078
1300,0.7283807992935181,0.5073995590209961,0.4716854989528656,0.2716383934020996,0.27900341153144836,40.01226806640625,15.28574275970459,14.407814979553223,0.0002,0,15.040671102721964,155.85084420000203
1400,0.7130473256111145,0.4802325665950775,0.4479253590106964,0.25495854020118713,0.2650164067745209,37.641361236572266,13.81651496887207,11.111428260803223,0.0002,0,19.846188664006224,165.92834589999984
1500,0.783492386341095,0.48874950408935547,0.4508744776248932,0.2585827708244324,0.2666234076023102,38.55268096923828,14.163043022155762,14.385114669799805,0.0002,0,20.06034935438905,175.89826200000243
1600,0.7659146189689636,0.4690205156803131,0.43269363045692444,0.2599767744541168,0.2588410973548889,34.079315185546875,12.420894622802734,13.045597076416016,0.0002,0,14.37143434833383,189.81475740000315
1700,0.7399333119392395,0.4891059696674347,0.4555160403251648,0.23939675092697144,0.2659381330013275,37.66278076171875,13.241809844970703,13.43752670288086,0.0002,0,20.511250508060826,199.5655037000106
1800,0.7741904854774475,0.47116556763648987,0.4371527135372162,0.255923330783844,0.26830270886421204,37.646610260009766,15.31564998626709,14.770966529846191,0.0002,0,18.92511658772129,210.13347030000295
1900,0.7798487544059753,0.4537592828273773,0.4307943284511566,0.24596455693244934,0.2765617370605469,37.216304779052734,14.657960891723633,17.407133102416992,0.0002,0,14.291440866060498,224.1278605000116
2000,0.7528157830238342,0.4566267728805542,0.41839084029197693,0.26528528332710266,0.2656843364238739,35.84889602661133,15.059788703918457,11.6074800491333,0.0002,0,21.38485475190143,233.48027379999985
2100,0.7713589072227478,0.47639787197113037,0.4539601802825928,0.2629691958427429,0.2539396286010742,35.87248992919922,16.25888442993164,14.028067588806152,0.0002,0,21.625234789218784,242.72872830000415
2200,0.8269577026367188,0.4730561375617981,0.4387495815753937,0.22508184611797333,0.25679561495780945,38.791481018066406,15.159284591674805,13.204378128051758,0.0002,0,15.091443887772352,255.9812707000092
2300,0.8334952592849731,0.4705633521080017,0.4437476396560669,0.22147849202156067,0.28269949555397034,37.88936996459961,14.591934204101562,13.867512702941895,0.0002,0,19.816779408135034,266.07372800000303
2400,0.7925137281417847,0.46390900015830994,0.43963003158569336,0.24286383390426636,0.23976878821849823,36.33100891113281,16.46612548828125,11.666116714477539,0.0002,0,19.461834729055695,276.35025139999925
2500,0.8374058604240417,0.4528051018714905,0.42721083760261536,0.2312745600938797,0.25422510504722595,35.928932189941406,16.802745819091797,12.791976928710938,0.0002,0,14.78643734144351,289.8761599999998
2600,0.8598624467849731,0.42876964807510376,0.39882808923721313,0.22405846416950226,0.25894099473953247,34.306427001953125,14.748085975646973,14.429424285888672,0.0002,0,21.089812696728334,299.3594116000022
2700,0.7640926241874695,0.45000171661376953,0.41737300157546997,0.24836711585521698,0.24933455884456635,33.665306091308594,14.897520065307617,13.394981384277344,0.0002,0,20.399328482662703,309.1636559000035
2800,0.7665421962738037,0.4490513801574707,0.4279695451259613,0.26510486006736755,0.252137154340744,34.22477722167969,16.169048309326172,12.374910354614258,0.0002,0,14.476954649814761,322.9787161000131
2900,0.7440409064292908,0.44392335414886475,0.4171706438064575,0.22715456783771515,0.24977006018161774,34.67092514038086,12.203146934509277,13.802692413330078,0.0002,0,22.345208262256474,331.9291809000133
3000,0.7437606453895569,0.41330066323280334,0.3935035765171051,0.27344387769699097,0.245139941573143,32.49308776855469,14.726934432983398,13.86799430847168,0.0002,0,22.38832819436567,340.86240710000857
3100,0.7819273471832275,0.42699354887008667,0.41334688663482666,0.24546508491039276,0.24305367469787598,33.03410720825195,13.278468132019043,14.405374526977539,0.0002,0,15.562395643437972,353.71389890000864
3200,0.7760197520256042,0.44364848732948303,0.41811347007751465,0.24560339748859406,0.2486329972743988,36.24705505371094,15.0967435836792,14.176158905029297,0.0002,0,23.16760732945759,362.3466419000033
3300,0.7626727223396301,0.4522517919540405,0.4221224784851074,0.2443787306547165,0.257607102394104,34.034278869628906,13.09115219116211,14.281845092773438,0.0002,0,22.911946924919967,371.07571240000834
3400,0.8139219284057617,0.43711718916893005,0.41459622979164124,0.24334314465522766,0.24944713711738586,33.404720306396484,14.273839950561523,13.458014488220215,0.0002,0,13.069976359357083,386.37795890000416
3500,0.7629707455635071,0.44171392917633057,0.42989447712898254,0.25512421131134033,0.24585919082164764,32.47644805908203,12.812788009643555,13.855573654174805,0.0002,0,16.844475546819815,398.25128790001327
3600,0.760026216506958,0.42777472734451294,0.40650439262390137,0.24529284238815308,0.23918931186199188,32.77542495727539,12.392745018005371,12.494664192199707,0.0002,0,17.028837689551917,409.9960706999991
3700,0.8205943703651428,0.4531305730342865,0.42827871441841125,0.24969390034675598,0.2546122372150421,34.38217544555664,14.076963424682617,15.006515502929688,0.0002,0,13.725252237879166,424.5677519000019
3800,0.7469136118888855,0.39608076214790344,0.3800669014453888,0.23391084372997284,0.24260245263576508,32.41267395019531,12.282979011535645,14.074190139770508,0.0002,0,17.090603063446835,436.27008910001314
3900,0.7521615624427795,0.41845962405204773,0.39955636858940125,0.24279992282390594,0.2516613304615021,31.740211486816406,12.273921966552734,14.537002563476562,0.0002,0,16.929886045108354,448.0835177000117
4000,0.8093037009239197,0.429119735956192,0.406924307346344,0.2571147382259369,0.23970751464366913,33.584415435791016,15.005410194396973,14.522360801696777,0.0002,0,12.620128956778256,463.9312162999995
4100,0.7533354163169861,0.40865612030029297,0.39854833483695984,0.25979432463645935,0.25668996572494507,31.755266189575195,13.777288436889648,12.951878547668457,0.0002,0,17.116848189826303,475.61561040001106
4200,0.7453440427780151,0.4289223849773407,0.409151554107666,0.24788230657577515,0.24836671352386475,33.481956481933594,12.149417877197266,13.354283332824707,0.0002,0,17.304820123537116,487.17308390000835
4300,0.7458891868591309,0.4399116337299347,0.415963739156723,0.2606806755065918,0.24166356027126312,33.23178482055664,13.236093521118164,12.201717376708984,0.0002,0,12.888839284042247,502.690385000009
4400,0.7705040574073792,0.421775758266449,0.4083757996559143,0.24702194333076477,0.2412935048341751,32.23524475097656,12.270583152770996,11.869803428649902,0.0002,0,17.856556620006945,513.890752700012
4500,0.7347830533981323,0.42951247096061707,0.4070201516151428,0.25190967321395874,0.2530100345611572,33.574615478515625,12.242851257324219,12.888755798339844,0.0002,0,18.748488871808846,524.5582791000052
4600,0.7273769974708557,0.3921453058719635,0.3795505464076996,0.2506941258907318,0.25659531354904175,30.70522117614746,11.774365425109863,11.688435554504395,0.0002,0,14.099889624646815,538.7427873000124
4700,0.7491928935050964,0.41497066617012024,0.38923564553260803,0.25251907110214233,0.23749688267707825,32.38908767700195,12.816205978393555,11.7442626953125,0.0002,0,17.867999900587577,549.9359819000092
4800,0.7765364050865173,0.4045935869216919,0.3906436860561371,0.27094408869743347,0.25967925786972046,31.166349411010742,15.216744422912598,12.591630935668945,0.0002,0,17.414823142189814,561.4204511000135
4900,0.732968270778656,0.39751869440078735,0.38398170471191406,0.2421085089445114,0.24831989407539368,31.53426170349121,12.126643180847168,11.589937210083008,0.0002,0,12.380677199777974,577.5746562999993
5000,0.7897233963012695,0.4196249544620514,0.4074162244796753,0.2582022249698639,0.23493246734142303,30.025630950927734,11.902644157409668,12.424824714660645,0.0002,0,17.372363637394976,589.0871945000108
5100,0.7696335315704346,0.38425737619400024,0.3732578158378601,0.24166736006736755,0.24429744482040405,29.409950256347656,11.991804122924805,12.026957511901855,0.0002,0,5.161039769084752,627.8390757000016
5200,0.7652353644371033,0.3900630474090576,0.38648051023483276,0.24662816524505615,0.25552788376808167,29.452444076538086,12.596749305725098,13.826709747314453,0.0002,0,14.443273271505817,641.6863523000065
5300,0.7533945441246033,0.3713996410369873,0.35909929871559143,0.2553831934928894,0.24861185252666473,29.454452514648438,13.490424156188965,11.43649959564209,0.0002,0,22.232306055172554,650.6822702000063
5400,0.7386589050292969,0.39042147994041443,0.3788723647594452,0.26297110319137573,0.2562221586704254,31.0029239654541,11.554649353027344,11.19526481628418,0.0002,0,22.85298700882271,659.4338614000008
5500,0.740258514881134,0.3902539610862732,0.3822733461856842,0.24485480785369873,0.2489592730998993,29.38570785522461,13.021087646484375,13.82546329498291,0.0002,0,15.456949628481944,672.373025000008
5600,0.8185189366340637,0.39874738454818726,0.378952294588089,0.24103423953056335,0.22985638678073883,30.723459243774414,12.210241317749023,12.455615997314453,0.0002,0,22.94978181526871,681.0877048000111
5700,0.7818812131881714,0.3809055984020233,0.3689937889575958,0.24285542964935303,0.2555385231971741,29.991788864135742,12.745776176452637,13.061694145202637,0.0002,0,23.052223683208414,689.7636574000062
5800,0.7927022576332092,0.37666764855384827,0.3700290322303772,0.25217634439468384,0.25700828433036804,29.043701171875,12.833038330078125,13.469460487365723,0.0002,0,15.02079204321252,703.078534500004
5900,0.7760917544364929,0.36784496903419495,0.3605731427669525,0.24492526054382324,0.254629909992218,28.788070678710938,12.567781448364258,12.24574089050293,0.0002,0,18.21491003683285,714.0585503000038
6000,0.7231786251068115,0.3933449983596802,0.38332080841064453,0.26038092374801636,0.25020071864128113,28.02944564819336,12.59414005279541,11.89327621459961,0.0002,0,18.56077435549492,724.8339628000103
6100,0.7503384947776794,0.3957192599773407,0.3868200182914734,0.23664063215255737,0.24447768926620483,30.63017463684082,11.537668228149414,11.111185073852539,0.0002,0,14.43184017234148,738.6922094000038
6200,0.743498682975769,0.38600704073905945,0.37490883469581604,0.2452254742383957,0.24047915637493134,28.051048278808594,11.360824584960938,12.567388534545898,0.0002,0,21.264544403461958,748.0975367000065
6300,0.7989540696144104,0.3914121091365814,0.38298335671424866,0.24448330700397491,0.25706303119659424,29.70524024963379,12.640847206115723,13.952637672424316,0.0002,0,20.499093688934707,757.8540656000114
6400,0.764156699180603,0.3929678201675415,0.385003924369812,0.23248955607414246,0.25006821751594543,29.240270614624023,11.030327796936035,12.08757495880127,0.0002,0,14.839597712460895,771.3315199000062
6500,0.7881818413734436,0.3732973039150238,0.364398330450058,0.24670249223709106,0.2462499737739563,27.98041534423828,14.3319673538208,11.531289100646973,0.0002,0,22.85993986876482,780.0804493000032
6600,0.7560556530952454,0.37527477741241455,0.36660221219062805,0.24906501173973083,0.24715961515903473,28.00289535522461,13.058760643005371,11.399306297302246,0.0002,0,23.02070615831606,788.7682801000046
6700,0.7523676753044128,0.3908270597457886,0.3784260153770447,0.2569652497768402,0.24820038676261902,28.482261657714844,11.181657791137695,12.099674224853516,0.0002,0,15.449445536392151,801.7137285000063
6800,0.7255499362945557,0.3645970821380615,0.35078898072242737,0.24482564628124237,0.2516610026359558,29.099958419799805,11.942432403564453,10.808014869689941,0.0002,0,22.955735511195666,810.4261480999994
6900,0.8101981282234192,0.3902797996997833,0.3838740587234497,0.24531690776348114,0.24152232706546783,29.331771850585938,12.419417381286621,11.734821319580078,0.0002,0,22.849767996565895,819.1789722000103
7000,0.7657594680786133,0.3621675372123718,0.35040515661239624,0.2522468566894531,0.25242775678634644,28.02242660522461,11.075254440307617,11.81591510772705,0.0002,0,15.478521790343995,832.100102700002
7100,0.8211336135864258,0.3801979124546051,0.37258192896842957,0.2360210418701172,0.2505735456943512,29.051279067993164,11.110593795776367,12.743372917175293,0.0002,0,12.364886413186213,848.2749379000015
7200,0.7805032730102539,0.37095075845718384,0.3694053888320923,0.24409407377243042,0.2546493411064148,28.65747833251953,11.32714557647705,12.89599323272705,0.0002,0,22.83658106052711,857.0328163000086
7300,0.7673869132995605,0.37731441855430603,0.37226036190986633,0.25259366631507874,0.2485223114490509,28.562007904052734,11.43556022644043,11.752838134765625,0.0002,0,15.553208939233954,869.8918990000093
7400,0.754572331905365,0.37430986762046814,0.3653718829154968,0.2419939935207367,0.24000686407089233,27.968769073486328,12.108180046081543,11.873408317565918,0.0002,0,22.746468937671143,878.6844725000119
7500,0.7839146852493286,0.36845237016677856,0.36259499192237854,0.2457159161567688,0.24355918169021606,28.292001724243164,12.125656127929688,11.692610740661621,0.0002,0,22.53589102625952,887.5592048000108
7600,0.8182808756828308,0.3730473518371582,0.3628062307834625,0.23964980244636536,0.2397947609424591,29.04176139831543,11.399114608764648,11.587581634521484,0.0002,0,15.369150944941344,900.5722854000051
7700,0.8058817386627197,0.37582889199256897,0.3635759949684143,0.2432989627122879,0.24547551572322845,28.582509994506836,11.451874732971191,10.943108558654785,0.0002,0,23.031941871601223,909.2558780000109
7800,0.7628614902496338,0.3487939238548279,0.3365127444267273,0.25098559260368347,0.2561017870903015,27.182619094848633,11.935394287109375,12.18392562866211,0.0002,0,22.810390680433958,918.0238119999995
7900,0.7802451848983765,0.3715027868747711,0.3634210228919983,0.22904141247272491,0.24031448364257812,28.290828704833984,10.502958297729492,13.25779914855957,0.0002,0,15.503939787520846,930.9237589000113
8000,0.750189483165741,0.3753659427165985,0.36510565876960754,0.2427605241537094,0.23393243551254272,29.10683250427246,10.662260055541992,10.880444526672363,0.0002,0,23.098156412567796,939.582458600009
8100,0.7609400153160095,0.3481537103652954,0.3485696017742157,0.23944629728794098,0.24579273164272308,26.893983840942383,12.162185668945312,11.959217071533203,0.0002,0,23.132130754020807,948.2284412000008
8200,0.825911819934845,0.37526145577430725,0.36706027388572693,0.24069730937480927,0.23325835168361664,28.460878372192383,11.752504348754883,12.60330867767334,0.0002,0,15.614834986399444,961.0367738000059
8300,0.7852150797843933,0.3558311462402344,0.3476097881793976,0.23441432416439056,0.2537377178668976,27.25713348388672,10.531991004943848,12.897218704223633,0.0002,0,22.95223277712798,969.7505230000097
8400,0.7585261464118958,0.3574065566062927,0.35285255312919617,0.24339659512043,0.2436690628528595,27.17552947998047,10.82247257232666,11.60323429107666,0.0002,0,23.0701784215503,978.4197234000021
8500,0.7777262926101685,0.3580206334590912,0.3513753414154053,0.2467447966337204,0.24691374599933624,27.725072860717773,12.937888145446777,10.763527870178223,0.0002,0,15.597175613517976,991.2425578000111
8600,0.7891780734062195,0.36118635535240173,0.35424530506134033,0.23692454397678375,0.22771930694580078,28.78909683227539,10.681276321411133,10.082802772521973,0.0002,0,23.0944636774127,999.9026420000009
8700,0.7765132188796997,0.3379998803138733,0.3345183730125427,0.2547890841960907,0.24772675335407257,25.2613525390625,9.97476863861084,11.411102294921875,0.0002,0,22.960143108720974,1008.6133891000063
8800,0.7722601294517517,0.35267120599746704,0.35171377658843994,0.25035613775253296,0.2501283288002014,28.443361282348633,11.724218368530273,11.04784870147705,0.0002,0,15.57883734903502,1021.4513176000037
8900,0.7568531632423401,0.3499581515789032,0.3438381850719452,0.2381962686777115,0.23824092745780945,27.001237869262695,12.166444778442383,11.11007022857666,0.0002,0,23.05614824587232,1030.1257934000023
9000,0.7564817070960999,0.36065858602523804,0.3531305491924286,0.22742289304733276,0.2642325758934021,27.553312301635742,11.025055885314941,11.247970581054688,0.0002,0,23.036207112452946,1038.8077782000037
9100,0.7662327289581299,0.3655582070350647,0.353289932012558,0.24079875648021698,0.23604577779769897,25.79068946838379,11.900582313537598,9.13107681274414,0.0002,0,15.597011528363625,1051.6307475000067
9200,0.8306233882904053,0.37041833996772766,0.3600905239582062,0.23093654215335846,0.24044129252433777,28.489423751831055,12.152664184570312,12.179539680480957,0.0002,0,23.043182982524936,1060.3101040000038
9300,0.8000056743621826,0.34594589471817017,0.3390836715698242,0.21832245588302612,0.2286721169948578,26.254878997802734,10.140876770019531,10.389147758483887,0.0002,0,23.06889235184846,1068.9797877000092
9400,0.815209150314331,0.3593432605266571,0.35556265711784363,0.23714369535446167,0.23444196581840515,26.75769805908203,10.398656845092773,11.384483337402344,0.0002,0,15.60995164075978,1081.7921272000094
9500,0.7756354212760925,0.32670390605926514,0.333852618932724,0.24623560905456543,0.24188104271888733,25.881874084472656,11.91453742980957,9.542577743530273,0.0002,0,23.129230097671904,1090.4391941000067
9600,0.7595176696777344,0.3505067229270935,0.35206156969070435,0.24677257239818573,0.24712224304676056,27.294652938842773,10.061915397644043,10.557557106018066,0.0002,0,23.0300723806292,1099.1234916000103
9700,0.7731443643569946,0.3498760163784027,0.34287387132644653,0.2512935996055603,0.23155705630779266,25.93171501159668,11.609773635864258,11.117472648620605,0.0002,0,15.543900186529783,1111.9902752000053
9800,0.7629225850105286,0.33582445979118347,0.33433768153190613,0.25007832050323486,0.239383727312088,26.69344139099121,10.930778503417969,10.432906150817871,0.0002,0,23.066363739199517,1120.6609093000006
9900,0.7601587772369385,0.3468567132949829,0.3446222245693207,0.2224627137184143,0.2391461730003357,26.387191772460938,10.395097732543945,11.236136436462402,0.0002,0,22.752139781849305,1129.4512913000071
10000,0.8101799488067627,0.3477396070957184,0.34010928869247437,0.23018108308315277,0.22474461793899536,26.3475341796875,11.780718803405762,9.653531074523926,0.0002,0,13.004102235080152,1144.8310535000055
10100,0.8264510631561279,0.36323124170303345,0.3518166244029999,0.24304711818695068,0.24224357306957245,27.267911911010742,11.60167407989502,11.421348571777344,0.0002,0,6.098922039315314,1177.6237337000057
10200,0.7760406136512756,0.33730024099349976,0.3338020145893097,0.23995162546634674,0.24283845722675323,25.285400390625,10.349753379821777,10.145169258117676,0.0002,0,23.152390609332716,1186.2621505000134
10300,0.8408800959587097,0.33600595593452454,0.3450566530227661,0.23333710432052612,0.23889677226543427,25.764089584350586,12.879220962524414,10.653020858764648,0.0002,0,15.378284972767453,1199.2675019000017
10400,0.7819209694862366,0.3400222659111023,0.339205265045166,0.25076836347579956,0.24007754027843475,25.25177764892578,10.907008171081543,9.674985885620117,0.0002,0,22.81732675232349,1208.0327706000098
10500,0.7730836272239685,0.34314364194869995,0.3370680510997772,0.2400219738483429,0.24205507338047028,25.37101173400879,10.008591651916504,10.531526565551758,0.0002,0,22.793603927826926,1216.8071619000111
10600,0.8149501085281372,0.34753361344337463,0.3442913293838501,0.22761279344558716,0.2421453297138214,26.628414154052734,11.189675331115723,10.71528434753418,0.0002,0,15.365382181157596,1229.8234343000076
10700,0.7666670680046082,0.3241206407546997,0.3200688064098358,0.24066202342510223,0.242433562874794,25.885665893554688,10.816607475280762,10.177720069885254,0.0002,0,23.04072264554778,1238.5037176000042
10800,0.796588659286499,0.3387998640537262,0.34148067235946655,0.23234321177005768,0.23020923137664795,25.162748336791992,10.450251579284668,9.851972579956055,0.0002,0,22.73126154704805,1247.3021734000067
10900,0.8090438842773438,0.33834022283554077,0.3346206247806549,0.23139922320842743,0.23683640360832214,25.355451583862305,10.983964920043945,10.952336311340332,0.0002,0,15.550489344356933,1260.163505000004
11000,0.7949342727661133,0.3413059115409851,0.3352962136268616,0.2300378382205963,0.2526010572910309,25.88921546936035,9.836808204650879,10.872576713562012,0.0002,0,22.673107189503177,1268.9845280000009
11100,0.7631270289421082,0.3332903981208801,0.32363319396972656,0.23956021666526794,0.24327054619789124,25.495361328125,10.92521858215332,10.225725173950195,0.0002,0,22.919625423182218,1277.7106741000025
11200,0.8129053115844727,0.3375714421272278,0.33749035000801086,0.2528839409351349,0.23604905605316162,25.612455368041992,12.536890983581543,9.371158599853516,0.0002,0,15.567871142741398,1290.5576457999996
11300,0.834273636341095,0.3472944498062134,0.3455226719379425,0.2396722137928009,0.23832766711711884,25.007699966430664,10.83267879486084,10.09927749633789,0.0002,0,23.06906903489149,1299.2272631000087
11400,0.7463293075561523,0.3314226567745209,0.33608320355415344,0.23831160366535187,0.24135902523994446,24.658456802368164,9.93602180480957,9.885096549987793,0.0002,0,23.154831961913583,1307.8647691000078
11500,0.740466296672821,0.32230451703071594,0.3231778144836426,0.22937136888504028,0.23488566279411316,24.58751106262207,9.895416259765625,10.384878158569336,0.0002,0,15.438432692162356,1320.8194520000106
11600,0.8548789024353027,0.3382946252822876,0.34226709604263306,0.22892987728118896,0.21665731072425842,25.547643661499023,10.115704536437988,10.599014282226562,0.0002,0,23.039982364287525,1329.5000142000063
11700,0.7760433554649353,0.32416269183158875,0.32368651032447815,0.2450166791677475,0.24870634078979492,25.04811668395996,11.33703327178955,11.183612823486328,0.0002,0,22.98254851205898,1338.2022693000035
11800,0.7593774199485779,0.3307856619358063,0.33436957001686096,0.24699418246746063,0.24595707654953003,24.910186767578125,10.06418228149414,9.586076736450195,0.0002,0,15.424076817324059,1351.16900970001
11900,0.7749118804931641,0.3263825476169586,0.3228498697280884,0.23305395245552063,0.22445684671401978,23.81551742553711,9.56705379486084,9.240547180175781,0.0002,0,22.977230001642535,1359.8732791000075
12000,0.8295238018035889,0.3241654634475708,0.33049312233924866,0.23131749033927917,0.22265556454658508,24.36984634399414,10.455911636352539,10.243947982788086,0.0002,0,23.06258356077185,1368.5453344000125
12100,0.7586132884025574,0.314380019903183,0.3221875727176666,0.2409847229719162,0.23505157232284546,23.824430465698242,10.606276512145996,10.466054916381836,0.0002,0,15.550783037524958,1381.4064231000084
12200,0.7101799845695496,0.32141315937042236,0.31783413887023926,0.23417888581752777,0.23408222198486328,24.680885314941406,10.439034461975098,9.027265548706055,0.0002,0,23.20623518124148,1390.0247965000017
12300,0.8162238597869873,0.341513067483902,0.3387181758880615,0.2218482494354248,0.23538218438625336,25.609968185424805,9.926154136657715,8.666647911071777,0.0002,0,22.950555289238743,1398.7391826000094
12400,0.8741366267204285,0.33619436621665955,0.3283962607383728,0.2223934829235077,0.23223339021205902,25.42290496826172,11.372669219970703,9.413318634033203,0.0002,0,15.686334548490052,1411.4891338000016
12500,0.8323735594749451,0.3493640124797821,0.34030643105506897,0.2425680309534073,0.22913865745067596,25.7954044342041,11.377664566040039,9.122328758239746,0.0002,0,23.11196695236501,1420.1426595000084
12600,0.7820097208023071,0.33556145429611206,0.32566675543785095,0.22909623384475708,0.2350047081708908,25.30548858642578,9.408096313476562,10.279916763305664,0.0002,0,23.1704883606774,1428.774329100008
12700,0.8112825751304626,0.3024311363697052,0.3047572374343872,0.22118902206420898,0.227805957198143,22.469755172729492,10.555952072143555,8.797701835632324,0.0002,0,15.272441300429584,1441.8698124000075
12800,0.8436253666877747,0.33783984184265137,0.3363208770751953,0.26058098673820496,0.23583631217479706,24.09657096862793,11.437591552734375,9.631522178649902,0.0002,0,22.932239520564785,1450.5911586000002
12900,0.7977607846260071,0.3140573501586914,0.312246173620224,0.23976285755634308,0.2371935248374939,24.59044075012207,10.32377815246582,10.451664924621582,0.0002,0,23.11244717489788,1459.2445045000059
13000,0.7485368251800537,0.3143777847290039,0.3118748664855957,0.2405546009540558,0.23347944021224976,24.07242774963379,9.574833869934082,8.644614219665527,0.0002,0,15.582454785436848,1472.0794527000107
13100,0.8000521063804626,0.3225867450237274,0.3224889039993286,0.22381451725959778,0.2415602207183838,25.53730583190918,9.003931999206543,9.10782241821289,0.0002,0,23.16102744865717,1480.7146482000098
13200,0.8017472624778748,0.3300175368785858,0.3355676531791687,0.24647937715053558,0.22831843793392181,23.790739059448242,10.740336418151855,8.950593948364258,0.0002,0,22.98957066632227,1489.4142452000087
13300,0.7482019662857056,0.32463768124580383,0.32679030299186707,0.23317402601242065,0.24638845026493073,23.374258041381836,10.01002025604248,9.739618301391602,0.0002,0,15.280973008007992,1502.5024170000106
13400,0.7662226557731628,0.3205344080924988,0.3287642300128937,0.2425830215215683,0.23224817216396332,23.627174377441406,10.098787307739258,8.683959007263184,0.0002,0,23.159872565609444,1511.1380430999998
13500,0.7364656925201416,0.31938380002975464,0.32766008377075195,0.2364121377468109,0.21994102001190186,23.661598205566406,9.154252052307129,8.787459373474121,0.0002,0,23.054698967812215,1519.8130642000033
13600,0.8439999222755432,0.32882651686668396,0.3246956467628479,0.24915574491024017,0.23585805296897888,24.561092376708984,10.412288665771484,10.37738037109375,0.0002,0,15.285727077681958,1532.8971654000052
13700,0.7849324345588684,0.31114432215690613,0.31550800800323486,0.2303631603717804,0.22297781705856323,23.38234519958496,9.49303913116455,9.510007858276367,0.0002,0,22.724396025316977,1541.6982794000069
13800,0.7809447050094604,0.29942840337753296,0.3034818470478058,0.24205660820007324,0.24127814173698425,23.168020248413086,10.617588996887207,10.053621292114258,0.0002,0,23.120941703939398,1550.3484461000044
13900,0.8227933049201965,0.31323564052581787,0.32171499729156494,0.24170835316181183,0.24276196956634521,22.782958984375,10.612844467163086,9.345844268798828,0.0002,0,15.506279322076702,1563.24644670001
14000,0.7742247581481934,0.3319542706012726,0.3329300880432129,0.23269429802894592,0.2295815646648407,24.069190979003906,7.869587421417236,9.366013526916504,0.0002,0,23.012958999959455,1571.9372022000025
14100,0.7227077484130859,0.3037514090538025,0.3082211911678314,0.24069534242153168,0.2523230016231537,23.09313201904297,9.58122730255127,9.025087356567383,0.0002,0,12.31184355827957,1588.1817231000023
14200,0.7797093987464905,0.31495189666748047,0.3185695707798004,0.2219289094209671,0.2437467873096466,22.539758682250977,9.67757511138916,9.1533203125,0.0002,0,15.553430645858331,1601.0406225000042
14300,0.8007486462593079,0.2931396961212158,0.3001444637775421,0.2376265972852707,0.22692926228046417,23.51896095275879,9.951581954956055,8.754545211791992,0.0002,0,23.1292480188696,1609.6876827000087
14400,0.7554420828819275,0.32331064343452454,0.32408517599105835,0.2409542351961136,0.22998173534870148,24.22545623779297,9.956487655639648,8.635623931884766,0.0002,0,23.120808060219222,1618.3378994000086
14500,0.7567607760429382,0.31395119428634644,0.3170885443687439,0.24332121014595032,0.23738792538642883,24.49732780456543,8.690675735473633,10.032791137695312,0.0002,0,15.574758869832296,1631.1791897000076
14600,0.8030996322631836,0.31274285912513733,0.3112148642539978,0.23209097981452942,0.22834506630897522,24.531591415405273,9.202228546142578,9.061728477478027,0.0002,0,23.228157860499838,1639.789429100012
14700,0.7577629089355469,0.2937740385532379,0.2932068407535553,0.2459745556116104,0.22958490252494812,22.619667053222656,10.010034561157227,7.931160926818848,0.0002,0,23.19607784945189,1648.4115764000016
14800,0.7700111865997314,0.3070635199546814,0.30877816677093506,0.23749348521232605,0.22832144796848297,23.74295425415039,9.706141471862793,8.731529235839844,0.0002,0,15.276763899270259,1661.5033543000027
14900,0.7694640755653381,0.29740482568740845,0.3003307580947876,0.24352513253688812,0.22503696382045746,22.70931625366211,9.52737045288086,8.614204406738281,0.0002,0,22.921615729998674,1670.228742700012
15000,0.8275421857833862,0.3049697279930115,0.3083404302597046,0.2340339571237564,0.23266032338142395,23.379690170288086,9.239691734313965,9.052196502685547,0.0002,0,23.13249649754116,1678.8745886000106
15100,0.8130365610122681,0.297582745552063,0.29836195707321167,0.22619673609733582,0.217793270945549,22.710493087768555,8.515811920166016,8.268798828125,0.0002,0,5.423232082269708,1715.7529661000008
15200,0.7725351452827454,0.31558388471603394,0.317513644695282,0.23155097663402557,0.244343101978302,23.57615852355957,8.749205589294434,8.346283912658691,0.0002,0,23.11206630713126,1724.4064546000009
15300,0.7520960569381714,0.30039405822753906,0.3026394844055176,0.23286975920200348,0.2389940619468689,23.43161964416504,9.513813972473145,8.927488327026367,0.0002,0,23.12601489239501,1733.0547236999992
15400,0.7768648862838745,0.30663958191871643,0.3168627619743347,0.2577967643737793,0.2331986427307129,22.653528213500977,9.29147720336914,8.454010009765625,0.0002,0,15.42739757550448,1746.0186730000132
15500,0.8115226626396179,0.322132408618927,0.3261052966117859,0.2287306785583496,0.2199162244796753,24.660123825073242,10.056479454040527,8.73552417755127,0.0002,0,22.975141345084406,1754.7237337000115
15600,0.7981977462768555,0.3095425069332123,0.3136262595653534,0.2246057093143463,0.21652568876743317,24.01616096496582,9.6024169921875,8.143482208251953,0.0002,0,23.0274517852026,1763.4090195000026
15700,0.753673791885376,0.3059607744216919,0.3129381835460663,0.23379898071289062,0.23546084761619568,22.605026245117188,9.886472702026367,8.526023864746094,0.0002,0,15.582177255245183,1776.244196300002
15800,0.7757897973060608,0.30322858691215515,0.3097872734069824,0.24557283520698547,0.21580055356025696,23.329391479492188,10.071358680725098,8.307168006896973,0.0002,0,22.872174711762828,1784.9884457000007
15900,0.7595541477203369,0.30629733204841614,0.3036172091960907,0.2493930608034134,0.22644485533237457,23.367788314819336,8.60762882232666,8.380415916442871,0.0002,0,22.180492336835393,1794.0053781000024
16000,0.8039686679840088,0.300437867641449,0.3030880093574524,0.23038436472415924,0.2356427013874054,23.908214569091797,8.876409530639648,8.895735740661621,0.0002,0,13.67378365455277,1808.6319076000073
16100,0.7255924344062805,0.30057981610298157,0.31072095036506653,0.2380017638206482,0.22659045457839966,23.42156982421875,8.9653902053833,7.531307697296143,0.0002,0,21.04331913495467,1818.1361117000051
16200,0.7807464599609375,0.2958082854747772,0.2889494299888611,0.23091241717338562,0.21287952363491058,22.809661865234375,9.230106353759766,8.645750999450684,0.0002,0,17.453006797468024,1829.595455200004
16300,0.8092102408409119,0.29409801959991455,0.3039209246635437,0.2450772076845169,0.23121602833271027,22.053991317749023,9.262954711914062,9.293185234069824,0.0002,0,15.029595640981519,1842.9025331000012
16400,0.8215212225914001,0.3009299635887146,0.3034830391407013,0.2265324592590332,0.2333294004201889,23.228845596313477,9.899356842041016,8.833760261535645,0.0002,0,21.886694334339325,1852.0405051000125
16500,0.841141939163208,0.3171747326850891,0.3177814185619354,0.24345986545085907,0.2263748049736023,24.553911209106445,10.109244346618652,8.926100730895996,0.0002,0,20.709919257119367,1861.697713200003
16600,0.742733359336853,0.29805102944374084,0.29414913058280945,0.23651215434074402,0.24011807143688202,22.020832061767578,10.182390213012695,7.784351825714111,0.0002,0,13.303153621648585,1876.7317424000066
16700,0.7775465846061707,0.3129097521305084,0.30948206782341003,0.22454196214675903,0.22145839035511017,23.023588180541992,8.791586875915527,7.727641582489014,0.0002,0,22.00168224863394,1885.8219564000028
16800,0.7884307503700256,0.3033580780029297,0.30978503823280334,0.24214822053909302,0.21430358290672302,23.627269744873047,8.20111083984375,7.81637716293335,0.0002,0,21.195422013514865,1895.2579563000036
16900,0.772916853427887,0.3104148507118225,0.31524473428726196,0.20641925930976868,0.2104232758283615,24.772186279296875,8.60306453704834,7.628206729888916,0.0002,0,11.423786559246901,1912.7652862000105
17000,0.7967458963394165,0.2993413805961609,0.30611398816108704,0.2427091896533966,0.2223566770553589,23.379377365112305,10.042742729187012,7.875392913818359,0.0002,0,16.252439257508918,1925.0711313000065
17100,0.7367914319038391,0.30213260650634766,0.30834823846817017,0.25083422660827637,0.23498235642910004,22.516088485717773,9.386941909790039,8.674560546875,0.0002,0,17.04407954338477,1936.80541120001
17200,0.7489014267921448,0.28598809242248535,0.28795692324638367,0.24071592092514038,0.23247916996479034,23.24639892578125,8.032877922058105,8.661856651306152,0.0002,0,12.149011784501042,1953.267655500007
17300,0.7718067765235901,0.2838417887687683,0.29265040159225464,0.23347531259059906,0.246509850025177,21.181642532348633,8.71347713470459,8.529277801513672,0.0002,0,16.868751782720935,1965.1238973
17400,0.7582087516784668,0.30072274804115295,0.2940129339694977,0.21926170587539673,0.23065747320652008,23.623586654663086,8.931427001953125,7.339076995849609,0.0002,0,16.297051839679092,1977.3960556000093
17500,0.780328631401062,0.2844242751598358,0.29090404510498047,0.2522248923778534,0.21827155351638794,21.791738510131836,10.26645278930664,7.322505474090576,0.0002,0,12.203697951128706,1993.7845307000098
17600,0.8154915571212769,0.30043503642082214,0.3049214482307434,0.2220885008573532,0.22783637046813965,22.019433975219727,8.707798957824707,8.269993782043457,0.0002,0,17.296739164243025,2005.3474038000131
17700,0.696550190448761,0.29154887795448303,0.30116865038871765,0.240703284740448,0.23626255989074707,23.599695205688477,9.502503395080566,7.89202880859375,0.0002,0,15.792340575858304,2018.011771000005
17800,0.7925845980644226,0.28488969802856445,0.2946922481060028,0.2300984263420105,0.21813876926898956,22.16191291809082,8.979962348937988,7.30596399307251,0.0002,0,13.797596516633217,2032.5070492000086
17900,0.7241742610931396,0.30111393332481384,0.30545252561569214,0.23349931836128235,0.2217550277709961,23.866737365722656,8.358566284179688,7.268908500671387,0.0002,0,19.75394856987054,2042.6316073000053
18000,0.7110291123390198,0.29747456312179565,0.3058370053768158,0.23769311606884003,0.2544000446796417,22.42441749572754,8.514881134033203,8.727763175964355,0.0002,0,18.37053113293064,2053.5186088000046
18100,0.7749543786048889,0.28710806369781494,0.29181554913520813,0.23046672344207764,0.205441415309906,22.533842086791992,7.843806743621826,6.612396240234375,0.0002,0,12.587901156428124,2069.4068810000026
18200,0.7741085886955261,0.31187260150909424,0.3173832893371582,0.24037784337997437,0.22376926243305206,23.04400634765625,7.319355487823486,7.702162742614746,0.0002,0,17.13092061104083,2081.0816768000077
18300,0.7904701828956604,0.29986870288848877,0.30292728543281555,0.21612238883972168,0.22360028326511383,23.689176559448242,8.856466293334961,7.674551963806152,0.0002,0,17.225931510770668,2092.6920794000034
18400,0.8135733604431152,0.28618866205215454,0.296187162399292,0.23621486127376556,0.23143920302391052,21.814714431762695,10.45578384399414,8.306177139282227,0.0002,0,13.548250220108374,2107.454133300009
18500,0.8213735818862915,0.28543516993522644,0.28750133514404297,0.23776857554912567,0.21601448953151703,22.063459396362305,9.501876831054688,7.15451717376709,0.0002,0,17.38376553779178,2118.9591205000033
18600,0.7637097835540771,0.301733136177063,0.3130667507648468,0.22896569967269897,0.2258482724428177,22.078441619873047,8.262776374816895,8.442953109741211,0.0002,0,17.2462495917534,2130.5558447000076
18700,0.751733124256134,0.2762294113636017,0.28455305099487305,0.2318408489227295,0.22360427677631378,21.4427433013916,8.882927894592285,8.079608917236328,0.0002,0,13.859102309491881,2144.9867938000098
18800,0.7500428557395935,0.2836785316467285,0.29947689175605774,0.235683873295784,0.2272777110338211,21.97808074951172,8.791571617126465,7.777806282043457,0.0002,0,16.90462604389717,2156.8178748000064
18900,0.7696539759635925,0.288486123085022,0.2944020628929138,0.22961068153381348,0.22061488032341003,21.52769660949707,8.848883628845215,7.478633403778076,0.0002,0,19.159015035044185,2167.2568248000025
19000,0.7667000889778137,0.28275489807128906,0.2984537184238434,0.2407873272895813,0.24797576665878296,20.96840476989746,8.654326438903809,7.772435188293457,0.0002,0,9.3244265540573,2188.705865000011
19100,0.8330029845237732,0.2962134778499603,0.29860684275627136,0.22646352648735046,0.20497149229049683,22.40248680114746,8.891644477844238,6.330338478088379,0.0002,0,17.34757367902017,2200.234854800001
19200,0.7836241722106934,0.2800912857055664,0.2879604995250702,0.21378859877586365,0.2119809091091156,22.18488883972168,7.989284992218018,6.588406085968018,0.0002,0,17.203400578980304,2211.860463300007
19300,0.8086360692977905,0.28696489334106445,0.2971575856208801,0.21132716536521912,0.22188952565193176,22.372507095336914,8.166446685791016,7.4805216789245605,0.0002,0,13.670820691354034,2226.4901629000087
19400,0.7571621537208557,0.28512606024742126,0.293681263923645,0.23215268552303314,0.21614916622638702,21.759218215942383,8.95920467376709,7.696927547454834,0.0002,0,17.124869082513754,2238.1690843000106
19500,0.8091142773628235,0.301298588514328,0.3105631172657013,0.23767787218093872,0.21773061156272888,22.970767974853516,8.447552680969238,7.083407402038574,0.0002,0,17.24222209827609,2249.7685173000064
19600,0.8215615749359131,0.278056800365448,0.28831201791763306,0.231617271900177,0.2212912142276764,21.75743293762207,9.089961051940918,7.509677410125732,0.0002,0,12.735338225362376,2265.4728509000124
19700,0.7809141874313354,0.26476189494132996,0.28345367312431335,0.2351115494966507,0.217976376414299,20.64167594909668,8.691536903381348,7.55460262298584,0.0002,0,17.466878671493294,2276.9230936000095
19800,0.7919273376464844,0.28103911876678467,0.29073435068130493,0.23756344616413116,0.21266862750053406,21.680953979492188,8.463549613952637,7.035483360290527,0.0002,0,17.20567012859129,2288.547168600009
19900,0.7730541825294495,0.2757871150970459,0.2865149676799774,0.23061250150203705,0.2251468449831009,22.017004013061523,9.35034465789795,7.432082176208496,0.0002,0,12.806203119895887,2304.1646001000045
20000,0.7804552912712097,0.2788911461830139,0.29416710138320923,0.23376533389091492,0.22491858899593353,20.662944793701172,8.44736385345459,7.44851016998291,0.0002,0,17.093545195294713,2315.8649231000018
20100,0.755026638507843,0.28982847929000854,0.2937759757041931,0.2228090763092041,0.2288261353969574,21.893339157104492,8.335722923278809,7.054313659667969,0.0002,0,5.641970387518681,2351.3135317000124
20200,0.797451376914978,0.28402066230773926,0.29197171330451965,0.23829126358032227,0.21483702957630157,21.892990112304688,9.01434326171875,7.40557861328125,0.0002,0,12.679445937881862,2367.087091600013
20300,0.7467971444129944,0.282611221075058,0.2918904721736908,0.24294127523899078,0.23454512655735016,20.936866760253906,7.8661041259765625,6.860739707946777,0.0002,0,16.7726508107912,2379.01126520001
20400,0.7639272212982178,0.29718419909477234,0.3021031618118286,0.23880529403686523,0.2246519774198532,22.517005920410156,7.031189918518066,6.9074296951293945,0.0002,0,16.688649790608082,2390.9954582000064
20500,0.7259504795074463,0.2699243724346161,0.27739760279655457,0.2420760542154312,0.22337409853935242,20.457740783691406,7.630944728851318,6.800001621246338,0.0002,0,12.875044079322942,2406.529385600006
20600,0.789570152759552,0.26678887009620667,0.280091255903244,0.22538547217845917,0.218469500541687,22.32537078857422,7.800282955169678,7.337360858917236,0.0002,0,17.624323963972053,2417.8773386000103
20700,0.8062241673469543,0.2756694555282593,0.27878066897392273,0.22681975364685059,0.20494408905506134,21.37470817565918,9.050841331481934,7.237069129943848,0.0002,0,19.897179731958243,2427.9290144000115
20800,0.7572036385536194,0.2622416317462921,0.2757900059223175,0.24302922189235687,0.23217256367206573,21.095321655273438,7.8002777099609375,6.903004169464111,0.0002,0,12.874137896228422,2443.4640352000133
20900,0.8071783185005188,0.2844608724117279,0.29437825083732605,0.23302249610424042,0.2195601463317871,21.876047134399414,8.454302787780762,6.913278579711914,0.0002,0,22.120265983834205,2452.505517800004
21000,0.778854489326477,0.27245602011680603,0.28819289803504944,0.21548573672771454,0.23198175430297852,21.091936111450195,9.061630249023438,7.605109214782715,0.0002,0,19.27837012177309,2462.8798387999996
21100,0.7841916680335999,0.2763948142528534,0.2823828160762787,0.23701606690883636,0.2284732609987259,21.273048400878906,9.533388137817383,6.709837913513184,0.0002,0,14.488250926764225,2476.684127600005
21200,0.7651836276054382,0.271781861782074,0.27945107221603394,0.22600583732128143,0.21509934961795807,21.660192489624023,7.890415668487549,7.322688579559326,0.0002,0,11.649614339805106,2493.85207790001
21300,0.7969186305999756,0.281556099653244,0.2864364683628082,0.2466174066066742,0.21647804975509644,21.784318923950195,8.536832809448242,7.128089904785156,0.0002,0,23.33733887637946,2502.422035300013
21400,0.6890988945960999,0.26680487394332886,0.2775271534919739,0.2654063403606415,0.22758467495441437,19.51924705505371,8.812362670898438,6.739981651306152,0.0002,0,14.528904590990575,2516.187698000009
21500,0.752095103263855,0.2767510414123535,0.2825053632259369,0.2565825879573822,0.21616332232952118,21.857202529907227,8.172162055969238,7.284478187561035,0.0002,0,19.8817597946196,2526.2471697
21600,0.7502578496932983,0.2799665331840515,0.2903776466846466,0.2444242238998413,0.20614443719387054,22.23145866394043,8.014547348022461,7.199528217315674,0.0002,0,18.8377464584741,2536.864150900001
21700,0.7955965399742126,0.2794559597969055,0.2947734296321869,0.24482883512973785,0.22131533920764923,21.76754379272461,7.8537187576293945,7.213320255279541,0.0002,0,15.053005772904395,2550.1505338999996
21800,0.7277233600616455,0.27724218368530273,0.2817365825176239,0.22380736470222473,0.2249126434326172,21.854555130004883,7.663675308227539,6.785732269287109,0.0002,0,19.866316181134028,2560.2178256000043
21900,0.7993125915527344,0.2760513722896576,0.29018864035606384,0.2313692271709442,0.22376097738742828,21.640766143798828,8.399344444274902,6.948024749755859,0.0002,0,21.092113128436146,2569.7000429000036
22000,0.7186270952224731,0.2724725902080536,0.2836323380470276,0.22603324055671692,0.21090902388095856,21.71969985961914,7.683012962341309,6.3271636962890625,0.0002,0,14.235218103253697,2583.749704700007
22100,0.7788735628128052,0.25587043166160583,0.26829853653907776,0.21245957911014557,0.2268262356519699,20.9118595123291,7.89276123046875,7.210414886474609,0.0002,0,21.15572051000062,2593.2034125000064
22200,0.7876426577568054,0.27553698420524597,0.29069262742996216,0.2429485321044922,0.23907910287380219,22.71073341369629,8.224136352539062,6.823013782501221,0.0002,0,20.904493535871193,2602.7707335000014
22300,0.7280516624450684,0.27174806594848633,0.2810520529747009,0.2382168024778366,0.21516524255275726,21.853012084960938,7.750556945800781,5.874906063079834,0.0002,0,15.00837426009962,2616.096627200008
22400,0.8252428770065308,0.265979140996933,0.27948427200317383,0.22025437653064728,0.21024090051651,22.689970016479492,7.736208438873291,7.128845691680908,0.0002,0,21.00229570844019,2625.619395700007
22500,0.7903810739517212,0.2619493305683136,0.2774292230606079,0.22330144047737122,0.22270172834396362,20.70307731628418,8.197237014770508,6.324207782745361,0.0002,0,21.53379191913117,2634.907123600002
22600,0.7972041964530945,0.2581136226654053,0.27390679717063904,0.21871604025363922,0.2190455198287964,20.792776107788086,7.84310245513916,6.529872894287109,0.0002,0,14.962859787948751,2648.273552400002
22700,0.7647374272346497,0.265445351600647,0.2808462381362915,0.22803431749343872,0.2153773009777069,21.16651725769043,8.72473430633545,5.929483413696289,0.0002,0,22.36287801606403,2657.216945100008
22800,0.7739728093147278,0.2655204236507416,0.27499818801879883,0.23017245531082153,0.22984662652015686,20.66305923461914,8.15597152709961,6.034909725189209,0.0002,0,21.68621653787224,2666.439392900007
22900,0.7700733542442322,0.27418434619903564,0.2920118570327759,0.22503779828548431,0.22242267429828644,21.16441535949707,7.903187274932861,6.506206035614014,0.0002,0,15.419544091728048,2679.4099450000067
23000,0.7335999011993408,0.2623603045940399,0.2741914689540863,0.2298959344625473,0.21610935032367706,21.053997039794922,7.516586780548096,5.377457141876221,0.0002,0,19.47337812488943,2689.680376700009
23100,0.8715186715126038,0.266258180141449,0.2750239670276642,0.22631880640983582,0.2173168957233429,19.83808135986328,8.199645042419434,6.671421527862549,0.0002,0,21.8030657923054,2698.853398600011
23200,0.8357743620872498,0.2632562816143036,0.2820465862751007,0.22288508713245392,0.2175212949514389,20.460529327392578,8.840813636779785,8.008465766906738,0.0002,0,14.399080509281838,2712.743174400006
23300,0.7867250442504883,0.2569384276866913,0.27474161982536316,0.22537189722061157,0.2252291440963745,20.3192138671875,8.297453880310059,6.349865436553955,0.0002,0,21.72632017132098,2721.9485989000095
23400,0.7366560697555542,0.268078088760376,0.27783143520355225,0.24489937722682953,0.2299654483795166,21.210872650146484,7.173826217651367,7.229593753814697,0.0002,0,21.15044839532138,2731.40466320001
23500,0.7808140516281128,0.26945871114730835,0.2801707684993744,0.22015166282653809,0.21627946197986603,20.354171752929688,7.492679119110107,6.1949381828308105,0.0002,0,13.949132771601667,2745.7424721000134
23600,0.7520251870155334,0.25802847743034363,0.26916590332984924,0.2278062254190445,0.22650890052318573,20.836071014404297,6.972460746765137,6.455270290374756,0.0002,0,19.824574520795913,2755.8309609999997
23700,0.8038169741630554,0.25037074089050293,0.2639320492744446,0.22761672735214233,0.2306406944990158,20.676332473754883,7.892635345458984,6.511709213256836,0.0002,0,20.29691195574027,2765.6846767000097
23800,0.80877286195755,0.2847656011581421,0.2920101284980774,0.23796306550502777,0.21422381699085236,21.571630477905273,7.939759254455566,6.111176490783691,0.0002,0,14.843329290188036,2779.1587428000057
23900,0.8012765049934387,0.271700382232666,0.2762469947338104,0.22032439708709717,0.20493203401565552,21.97216796875,7.346217632293701,6.7615532875061035,0.0002,0,20.258030176809743,2789.0313710000046
24000,0.7947922945022583,0.26691460609436035,0.27987995743751526,0.2348375767469406,0.2125253677368164,19.62274169921875,8.02177619934082,6.77660608291626,0.0002,0,19.74331791352906,2799.1613806000096
24100,0.7714259028434753,0.25579553842544556,0.2739581763744354,0.223423033952713,0.23829208314418793,20.565887451171875,6.865715980529785,6.172008037567139,0.0002,0,14.546035646361553,2812.9108313000033
24200,0.7880404591560364,0.2685566842556,0.2794429659843445,0.22546496987342834,0.2034522145986557,21.26882553100586,8.813003540039062,5.989740371704102,0.0002,0,21.574923923301455,2822.180852400008
24300,0.7964712381362915,0.2591947615146637,0.2669490873813629,0.23332171142101288,0.21890589594841003,20.00444984436035,7.983314037322998,6.341821670532227,0.0002,0,20.056709543969536,2832.152577800007
24400,0.8045437932014465,0.26560869812965393,0.2821658253669739,0.22616128623485565,0.23338764905929565,21.15856170654297,8.020705223083496,6.751155853271484,0.0002,0,14.575666669318183,2845.874077100001
24500,0.7715271711349487,0.2619495093822479,0.2752707600593567,0.23629090189933777,0.21662788093090057,20.21770668029785,7.717933177947998,6.698809623718262,0.0002,0,21.48056167587856,2855.1848205999995
24600,0.7550727128982544,0.26013171672821045,0.27619436383247375,0.23490117490291595,0.21929004788398743,20.82724380493164,7.985469341278076,6.2010111808776855,0.0002,0,19.877978235460226,2865.2462060000107
24700,0.7913016080856323,0.26024529337882996,0.27542009949684143,0.2084231972694397,0.21356201171875,20.34015655517578,7.270670413970947,6.77163028717041,0.0002,0,14.821371020851297,2878.7402342999994
24800,0.7572104334831238,0.28440001606941223,0.29042670130729675,0.23225322365760803,0.23614877462387085,21.364904403686523,7.398260116577148,6.5289835929870605,0.0002,0,20.85636201577832,2888.329634400012
24900,0.7990859746932983,0.2729242146015167,0.2835755944252014,0.22741767764091492,0.207105815410614,21.470354080200195,7.287341594696045,6.656485557556152,0.0002,0,18.456331107103665,2899.166024300008
25000,0.8072512745857239,0.26649200916290283,0.2818687856197357,0.2280527800321579,0.21576865017414093,20.45143699645996,7.678870677947998,6.254209041595459,0.0002,0,15.168580263964047,2912.3511739000096
25100,0.8240139484405518,0.27092617750167847,0.2823297083377838,0.21990002691745758,0.220620796084404,21.347021102905273,7.995391845703125,7.410176753997803,0.0002,0,5.942159606664263,2946.0089706
25200,0.7832003831863403,0.2681240737438202,0.27944129705429077,0.2215486466884613,0.21742141246795654,21.288305282592773,8.127547264099121,6.639361381530762,0.0002,0,22.954726679470077,2954.721773100013
25300,0.7645019292831421,0.2651592791080475,0.2703874111175537,0.24548691511154175,0.21598751842975616,20.967512130737305,7.840541839599609,5.889056205749512,0.0002,0,14.47456360692764,2968.53911540001
25400,0.8140155673027039,0.2643228769302368,0.2698071002960205,0.21217375993728638,0.21450166404247284,21.645206451416016,7.855406284332275,6.203207969665527,0.0002,0,18.728377619837964,2979.2180970000045
25500,0.7854852080345154,0.27954310178756714,0.30140024423599243,0.22403091192245483,0.22178713977336884,22.191715240478516,8.73154354095459,6.388596534729004,0.0002,0,21.98911125597408,2988.313507800005
25600,0.7767460942268372,0.25291433930397034,0.26958805322647095,0.22317856550216675,0.21383394300937653,18.993362426757812,7.37497091293335,6.209747791290283,0.0002,0,14.488723658201039,3002.1173462000006
25700,0.7613708972930908,0.25319749116897583,0.2667107880115509,0.23589351773262024,0.20862996578216553,19.630727767944336,8.017694473266602,6.596734046936035,0.0002,0,22.126737972273673,3011.1561842000083
25800,0.7775222659111023,0.26906320452690125,0.29002687335014343,0.22250206768512726,0.23453859984874725,21.184757232666016,7.086100101470947,6.603342533111572,0.0002,0,21.744512201541212,3020.353907200013
25900,0.8101146221160889,0.25450465083122253,0.2619245946407318,0.23836588859558105,0.21185140311717987,20.77629852294922,8.248834609985352,6.082960605621338,0.0002,0,14.905308697860558,3033.7719453000027
26000,0.7610515356063843,0.25865450501441956,0.27245110273361206,0.21813365817070007,0.2220192551612854,20.99024772644043,6.950197219848633,6.352894306182861,0.0002,0,23.01830201306234,3042.4606835000013
26100,0.8145937323570251,0.2543048560619354,0.26968133449554443,0.21713989973068237,0.22123125195503235,20.515092849731445,7.595442295074463,6.365842342376709,0.0002,0,23.058274520020266,3051.1343594000064
26200,0.7811742424964905,0.27879631519317627,0.27818745374679565,0.22931769490242004,0.22377842664718628,21.18526268005371,8.010037422180176,6.032040119171143,0.0002,0,15.445073342094963,3064.0834724000015
26300,0.7938981652259827,0.2616305351257324,0.27034518122673035,0.22280056774616241,0.22593629360198975,21.17483139038086,8.14677906036377,6.735203266143799,0.0002,0,23.14948004705827,3072.7229752999992
26400,0.7885676622390747,0.2585153877735138,0.2721375524997711,0.21361249685287476,0.2194100171327591,21.30573844909668,6.823822021484375,5.763747215270996,0.0002,0,23.094082602057327,3081.3832024000003
26500,0.7744244337081909,0.2532939016819,0.26905572414398193,0.23197539150714874,0.2263393998146057,20.845495223999023,7.598447322845459,6.388757228851318,0.0002,0,15.434954231950066,3094.340804800013
26600,0.7865970730781555,0.25574997067451477,0.2669406235218048,0.22649002075195312,0.21489384770393372,20.502872467041016,8.767387390136719,5.834507942199707,0.0002,0,23.147575352829342,3102.9810186000104
26700,0.7186942100524902,0.2615725100040436,0.28020891547203064,0.22465382516384125,0.22845283150672913,19.74050521850586,6.855909824371338,6.23333215713501,0.0002,0,23.004704231995937,3111.6748926
26800,0.7929471135139465,0.25758665800094604,0.27667978405952454,0.220320925116539,0.2280503809452057,20.0302677154541,7.265574932098389,6.327861309051514,0.0002,0,15.55427943062415,3124.5330902999995
26900,0.7622206211090088,0.26425090432167053,0.27435919642448425,0.22394967079162598,0.21543651819229126,20.734487533569336,7.045817852020264,5.808499813079834,0.0002,0,22.747603915239498,3133.3252251000085
27000,0.7731726765632629,0.2439851313829422,0.2561723589897156,0.2235407829284668,0.21356195211410522,20.0883731842041,7.607248783111572,5.772184371948242,0.0002,0,22.635505814474133,3142.1609013000125
27100,0.8636216521263123,0.2575448155403137,0.2690625786781311,0.22259661555290222,0.214797243475914,20.83015251159668,7.508134365081787,6.349387168884277,0.0002,0,15.364258687350862,3155.1781255000096
27200,0.7326638102531433,0.2487165927886963,0.26205968856811523,0.23412640392780304,0.223753422498703,19.827831268310547,8.396907806396484,6.036513328552246,0.0002,0,23.069592713851865,3163.8475460000045
27300,0.7963753342628479,0.2510223090648651,0.2686595916748047,0.22499196231365204,0.21346931159496307,20.077743530273438,7.168227195739746,5.549696445465088,0.0002,0,22.984978477597416,3172.5488811000105
27400,0.7920735478401184,0.25231239199638367,0.265282541513443,0.2140430063009262,0.2043655961751938,20.488935470581055,6.57743501663208,5.646337032318115,0.0002,0,15.553519306093555,3185.4077072000073
27500,0.802010715007782,0.2572755515575409,0.2725875973701477,0.21938294172286987,0.2141980677843094,20.527099609375,6.666072845458984,5.815919876098633,0.0002,0,22.921736572784226,3194.133049600001
27600,0.7680569887161255,0.257323294878006,0.2697124481201172,0.23209550976753235,0.21253840625286102,19.838380813598633,7.224084854125977,6.487401485443115,0.0002,0,22.960581193828876,3202.843630500007
27700,0.8352321982383728,0.2570347785949707,0.2707584500312805,0.217887744307518,0.21349702775478363,20.873247146606445,8.120067596435547,6.161288261413574,0.0002,0,15.507285287744294,3215.7407944000006
27800,0.7987248301506042,0.2555599808692932,0.2621675133705139,0.22751137614250183,0.22497302293777466,20.691362380981445,7.786682605743408,6.369332790374756,0.0002,0,22.955291024107193,3224.4533827000123
27900,0.7753227353096008,0.2681540548801422,0.2816716432571411,0.22824157774448395,0.227629154920578,22.049345016479492,8.218067169189453,6.979795455932617,0.0002,0,23.073913439929825,3233.1211798000004
28000,0.8038734793663025,0.2542804181575775,0.27047741413116455,0.23065051436424255,0.22317259013652802,21.232404708862305,7.945740222930908,6.452341556549072,0.0002,0,15.458124354628547,3246.0593601
28100,0.7993007302284241,0.26651760935783386,0.28496453166007996,0.22017592191696167,0.21641424298286438,20.95892333984375,7.05768346786499,5.2167253494262695,0.0002,0,22.73889617915339,3254.854861800006
28200,0.7461246252059937,0.24475589394569397,0.2522512376308441,0.23469921946525574,0.2245718091726303,20.799055099487305,8.167698860168457,7.0140299797058105,0.0002,0,12.418832374430096,3270.9594354
28300,0.8145465850830078,0.2504916191101074,0.26224395632743835,0.21367360651493073,0.2067572921514511,20.3287410736084,7.1262640953063965,6.41080904006958,0.0002,0,15.589387141190455,3283.788676100012
28400,0.7306200861930847,0.24788597226142883,0.2632083594799042,0.23069000244140625,0.2228928953409195,18.957483291625977,7.012992858886719,5.800882339477539,0.0002,0,23.120438944336822,3292.439030900001
28500,0.7693037390708923,0.25493207573890686,0.26425865292549133,0.23527787625789642,0.2049361765384674,21.160541534423828,7.077010154724121,5.949648857116699,0.0002,0,23.20630007419452,3301.0573802
28600,0.7830349802970886,0.24885648488998413,0.25795894861221313,0.2277955412864685,0.21845000982284546,19.710010528564453,7.0220184326171875,6.66484260559082,0.0002,0,15.587921206672512,3313.8878274000017
28700,0.7279586791992188,0.24735383689403534,0.2640073001384735,0.21445567905902863,0.21792109310626984,19.195539474487305,6.847591876983643,6.011701583862305,0.0002,0,21.046122345598423,3323.3907656000083
28800,0.776912271976471,0.25893324613571167,0.2796790301799774,0.23847702145576477,0.20847730338573456,20.50048828125,7.100718975067139,6.143735408782959,0.0002,0,21.360293099125656,3332.753933
28900,0.8010448217391968,0.2532340884208679,0.2617131769657135,0.2254749983549118,0.21679489314556122,20.957040786743164,6.938071250915527,6.36236572265625,0.0002,0,14.22352375681656,3346.8151462000096
29000,0.7799478769302368,0.24393238127231598,0.2551809549331665,0.23042818903923035,0.21713240444660187,19.823184967041016,7.661661148071289,5.814276695251465,0.0002,0,21.257387659645282,3356.223640000011
29100,0.7751457095146179,0.23830363154411316,0.262706995010376,0.2152322679758072,0.21075884997844696,19.350709915161133,6.673556327819824,6.085929870605469,0.0002,0,21.218336287866595,3365.6494497000094
29200,0.7762601375579834,0.23759959638118744,0.24988026916980743,0.21916447579860687,0.23173420131206512,19.276296615600586,7.541736125946045,5.920074462890625,0.0002,0,14.146061537012471,3379.7876605000056
29300,0.7828303575515747,0.24766576290130615,0.268705278635025,0.21864573657512665,0.2145596146583557,19.547998428344727,6.979828357696533,5.992952346801758,0.0002,0,17.92762820866936,3390.9436259000067
29400,0.7569929957389832,0.2531057298183441,0.26600340008735657,0.23258869349956512,0.22971075773239136,20.180824279785156,7.108257293701172,6.627110958099365,0.0002,0,16.93944953954397,3402.7503850000066
29500,0.7125849723815918,0.2281208485364914,0.23814000189304352,0.23784099519252777,0.22230572998523712,19.261425018310547,7.0998969078063965,5.122057914733887,0.0002,0,13.895918390106688,3417.143100500005
29600,0.733434796333313,0.2539350092411041,0.271608829498291,0.22454576194286346,0.21787337958812714,21.40401840209961,7.01146936416626,5.726202964782715,0.0002,0,18.13914880248894,3428.1689762000024
29700,0.7419981956481934,0.24890589714050293,0.262924462556839,0.22132213413715363,0.23072819411754608,20.480886459350586,7.986127853393555,5.6303606033325195,0.0002,0,16.935343348591772,3439.9785980000015
29800,0.7404062747955322,0.2460603415966034,0.26021572947502136,0.22020463645458221,0.20720335841178894,19.591596603393555,6.435303211212158,5.580104827880859,0.0002,0,12.643678255383465,3455.796779700002
29900,0.7619640827178955,0.2546643316745758,0.26426172256469727,0.23665893077850342,0.2153899073600769,19.5184326171875,8.001710891723633,6.206454753875732,0.0002,0,16.51694742036168,3467.9055547000025
30000,0.7379372119903564,0.2401152402162552,0.25385451316833496,0.2221599519252777,0.21119645237922668,20.02518653869629,6.112287998199463,6.011117458343506,0.0002,0,16.78385898295517,3479.8217654000036
30100,0.7614601254463196,0.23806412518024445,0.25328442454338074,0.23501229286193848,0.2232590764760971,19.012557983398438,6.564399719238281,5.148202896118164,0.0002,0,4.999097213034571,3519.8289890000015
30200,0.8103185296058655,0.2514118254184723,0.2661915421485901,0.20686466991901398,0.21380633115768433,20.472820281982422,6.823031425476074,5.593155860900879,0.0002,0,17.072702627348416,3531.5435959000024
30300,0.8197483420372009,0.2540874183177948,0.2562504708766937,0.21662931144237518,0.2186654955148697,20.051210403442383,6.885578632354736,6.405003070831299,0.0002,0,18.558252424285044,3542.320472700012
30400,0.8028690814971924,0.24868455529212952,0.26497095823287964,0.2272917479276657,0.21457776427268982,20.492904663085938,8.087543487548828,5.678293704986572,0.0002,0,14.745693883213558,3555.8837544000125
30500,0.810378909111023,0.25058379769325256,0.2656005322933197,0.22797398269176483,0.21309171617031097,20.018354415893555,7.428436279296875,6.415214538574219,0.0002,0,19.818933038631357,3565.9751150000084
30600,0.7344388961791992,0.24966570734977722,0.25923821330070496,0.22475627064704895,0.24049387872219086,20.16408348083496,6.91990327835083,5.864564895629883,0.0002,0,20.791204505476188,3575.5945673000097
30700,0.8170943856239319,0.2463584691286087,0.25803282856941223,0.2341170459985733,0.19801320135593414,20.240154266357422,6.961796760559082,5.659807205200195,0.0002,0,13.796915964345466,3590.0905605000007
30800,0.7292944192886353,0.250891774892807,0.27047720551490784,0.22052115201950073,0.22854970395565033,20.525575637817383,7.134556770324707,6.29625129699707,0.0002,0,19.061327954670322,3600.5830089000083
30900,0.7964176535606384,0.2527454197406769,0.2674177587032318,0.21563832461833954,0.20946994423866272,20.723773956298828,6.972978591918945,5.681263446807861,0.0002,0,19.617741441802067,3610.7778624000057
31000,0.8091171979904175,0.23783761262893677,0.25517988204956055,0.22852864861488342,0.2236316204071045,19.778310775756836,7.208863258361816,6.011281490325928,0.0002,0,14.12908041042502,3624.933065300007
31100,0.797932505607605,0.2360084354877472,0.25266721844673157,0.21461787819862366,0.19857175648212433,20.27962303161621,7.563168048858643,5.942736625671387,0.0002,0,20.597814065216905,3634.642833500009
31200,0.7773264646530151,0.25623252987861633,0.2768632769584656,0.23406413197517395,0.2359950989484787,20.365957260131836,7.434515953063965,6.3959245681762695,0.0002,0,20.620400845131197,3644.3419660000072
31300,0.7865012884140015,0.22647245228290558,0.24126288294792175,0.19734317064285278,0.20621588826179504,19.063278198242188,6.104506015777588,5.635872840881348,0.0002,0,14.339443257778518,3658.2895089000085
31400,0.7254335880279541,0.25212839245796204,0.26759248971939087,0.23333749175071716,0.2258293479681015,20.23734474182129,7.6035966873168945,5.88585901260376,0.0002,0,21.631359942942627,3667.535344600008
31500,0.7538177967071533,0.2443111687898636,0.25596076250076294,0.21776477992534637,0.21044307947158813,19.089609146118164,6.9232659339904785,5.069644451141357,0.0002,0,20.01955850807949,3677.525574900006
31600,0.7360455393791199,0.24926945567131042,0.26733916997909546,0.22666732966899872,0.21649187803268433,20.43087387084961,7.001613616943359,5.68505859375,0.0002,0,14.566047865024437,3691.2561353000056
31700,0.826309859752655,0.24243773519992828,0.25543996691703796,0.22014020383358002,0.21570293605327606,19.83523941040039,7.104823589324951,5.870238304138184,0.0002,0,19.792198149025353,3701.361127100012
31800,0.7681233882904053,0.24816888570785522,0.25878986716270447,0.20926518738269806,0.21125762164592743,20.030385971069336,6.464280128479004,5.595363140106201,0.0002,0,19.87088653027167,3711.4261033000075
31900,0.7548635005950928,0.25498631596565247,0.2717118561267853,0.2139521688222885,0.20338232815265656,20.000452041625977,7.061970233917236,5.491372108459473,0.0002,0,14.017071503522224,3725.694418900006
32000,0.8304287791252136,0.24972660839557648,0.2678225338459015,0.22370582818984985,0.22157111763954163,20.736373901367188,7.282344818115234,5.99866247177124,0.0002,0,20.84870860441175,3735.2873392000038
32100,0.7246378660202026,0.23808996379375458,0.25330305099487305,0.23337769508361816,0.23021256923675537,19.578060150146484,7.157581806182861,5.641973972320557,0.0002,0,20.44682675419421,3745.0688081000117
32200,0.7707301378250122,0.23353880643844604,0.25223398208618164,0.22309541702270508,0.21298490464687347,19.10630226135254,6.929681777954102,5.368539333343506,0.0002,0,13.393089728209574,3760.001882100012
32300,0.8005719780921936,0.23921340703964233,0.245136097073555,0.21029475331306458,0.20282971858978271,19.52606201171875,6.8124518394470215,5.846497058868408,0.0002,0,20.74287516723677,3769.643747000009
32400,0.7319561839103699,0.2457520216703415,0.2627641260623932,0.22718903422355652,0.2301807701587677,20.202892303466797,7.942286014556885,5.9152092933654785,0.0002,0,20.31558679469736,3779.4884048000094
32500,0.8016731142997742,0.22470925748348236,0.2439737468957901,0.2108481377363205,0.20986469089984894,18.586172103881836,6.728019714355469,5.4380903244018555,0.0002,0,15.16175438964269,3792.6794904000126
32600,0.8507088422775269,0.24740923941135406,0.26422619819641113,0.2127760797739029,0.21237261593341827,19.85152244567871,6.811218738555908,5.624780654907227,0.0002,0,22.178306710711425,3801.6973113999993
32700,0.8407309055328369,0.2380361706018448,0.2534120976924896,0.2215185910463333,0.2323146015405655,18.774158477783203,7.296729564666748,6.959865570068359,0.0002,0,18.994898976857282,3812.2264540000033
32800,0.7921096682548523,0.24663253128528595,0.27286720275878906,0.22068245708942413,0.2210727483034134,20.05851173400879,7.3357367515563965,5.879402160644531,0.0002,0,13.994197166193565,3826.518092000013
32900,0.8034763336181641,0.2474568486213684,0.26010778546333313,0.21552883088588715,0.2037075012922287,19.798830032348633,6.769730567932129,5.556772708892822,0.0002,0,20.265445930259165,3836.387107500006
33000,0.8066914677619934,0.2424107939004898,0.2552005648612976,0.22193500399589539,0.20458075404167175,20.19124984741211,6.453295707702637,5.816959857940674,0.0002,0,21.327433994473367,3845.764700700005
33100,0.7474018931388855,0.24266266822814941,0.2623959183692932,0.2136203646659851,0.22528982162475586,19.70136833190918,6.601111888885498,5.484941482543945,0.0002,0,14.836766965508364,3859.2447264000075
33200,0.7072654366493225,0.23995156586170197,0.2568504810333252,0.21287065744400024,0.2131904810667038,19.309194564819336,6.812067031860352,5.804077625274658,0.0002,0,20.617837414830625,3868.9450648000056
33300,0.8234251141548157,0.25268545746803284,0.2695569694042206,0.2310541421175003,0.21953964233398438,20.801738739013672,7.416286945343018,6.463730812072754,0.0002,0,20.13879597772037,3878.8761451000028
33400,0.7783031463623047,0.2346688061952591,0.2520970106124878,0.21795494854450226,0.22284549474716187,19.256038665771484,6.05943489074707,4.939366817474365,0.0002,0,14.632244613611219,3892.5445880000043
33500,0.7034045457839966,0.2338324636220932,0.24547772109508514,0.23325279355049133,0.23599135875701904,20.089014053344727,7.122157573699951,5.456554889678955,0.0002,0,20.57141909681355,3902.2668147000077
33600,0.7938178181648254,0.23972804844379425,0.2529616951942444,0.2200389802455902,0.19989673793315887,19.79818344116211,5.964723587036133,5.475039482116699,0.0002,0,20.44137841939046,3912.050890700004
33700,0.7528024911880493,0.24505996704101562,0.2603902816772461,0.22321109473705292,0.20554834604263306,20.192684173583984,6.5853776931762695,5.319346904754639,0.0002,0,14.301382369471217,3926.0355528000073
33800,0.8386547565460205,0.24867919087409973,0.2626590430736542,0.21570277214050293,0.2174302637577057,20.092876434326172,7.317749977111816,5.786375045776367,0.0002,0,19.134546746796914,3936.4878516000026
33900,0.8483577370643616,0.24731577932834625,0.26138168573379517,0.22413168847560883,0.21960240602493286,20.26495361328125,7.364660263061523,6.644264221191406,0.0002,0,20.691202446249953,3946.1537954000087
34000,0.8001444935798645,0.22884543240070343,0.24989406764507294,0.20925511419773102,0.22062751650810242,18.725675582885742,6.779935836791992,5.63497257232666,0.0002,0,14.677835383883467,3959.779782800004
34100,0.7943052649497986,0.23968219757080078,0.25677332282066345,0.20885613560676575,0.2089957594871521,19.306415557861328,6.6799235343933105,6.266995906829834,0.0002,0,20.481588925603695,3969.5446502000123
34200,0.7752086520195007,0.228009432554245,0.25508400797843933,0.22418931126594543,0.21808181703090668,18.14080238342285,6.6576080322265625,5.848586082458496,0.0002,0,19.864381300072985,3979.612922500004
34300,0.7969523668289185,0.2265259176492691,0.23966531455516815,0.23063933849334717,0.20213517546653748,18.48447036743164,7.061439514160156,5.182577610015869,0.0002,0,14.995240435712425,3992.9504879000015
34400,0.7935497760772705,0.22545811533927917,0.2425878793001175,0.2105615735054016,0.21321535110473633,19.04658317565918,5.951267719268799,6.008827209472656,0.0002,0,19.761439702285738,4003.0712080000085
34500,0.7675084471702576,0.23884317278862,0.2605854570865631,0.226254403591156,0.22792914509773254,19.50584602355957,6.432377815246582,6.12253999710083,0.0002,0,20.17313939832044,4012.985381300008
34600,0.797881543636322,0.23507322371006012,0.2477554976940155,0.19810928404331207,0.22098027169704437,19.538082122802734,6.4967474937438965,6.150975704193115,0.0002,0,14.102404383795108,4027.1673601000075
34700,0.8514593839645386,0.2460528314113617,0.26393333077430725,0.2166088968515396,0.19710373878479004,19.867673873901367,6.7671799659729,5.923026084899902,0.0002,0,18.883627689905886,4037.7585454000073
34800,0.7491933107376099,0.23609812557697296,0.25911998748779297,0.22384557127952576,0.2114255428314209,18.847578048706055,6.8898515701293945,5.497398376464844,0.0002,0,20.069738326748812,4047.723797400002
34900,0.8223206400871277,0.2467770278453827,0.25830432772636414,0.2142285257577896,0.21725009381771088,19.700641632080078,6.142282962799072,5.235415935516357,0.0002,0,15.076231305198732,4060.989712200011
35000,0.851133406162262,0.2313527762889862,0.24761377274990082,0.20452292263507843,0.20543311536312103,19.495708465576172,6.370815277099609,6.38344144821167,0.0002,0,19.26661940758802,4071.3703605000046
35100,0.7943239212036133,0.23608946800231934,0.24530713260173798,0.2245074212551117,0.2135804295539856,19.059980392456055,6.526383399963379,5.494797706604004,0.0002,0,6.016546109472983,4104.6120238
35200,0.8052123785018921,0.2333471029996872,0.24562019109725952,0.21834728121757507,0.20738328993320465,19.421100616455078,6.6837005615234375,6.218414306640625,0.0002,0,9.06638361658432,4126.671536000009
35300,0.860438346862793,0.23923024535179138,0.26585954427719116,0.21244648098945618,0.20324458181858063,18.596473693847656,7.3232879638671875,5.601914405822754,0.0002,0,21.342282522327945,4136.042604900009
35400,0.745993435382843,0.2313348650932312,0.2540828585624695,0.2262589931488037,0.20883698761463165,18.110939025878906,6.899281978607178,5.479377269744873,0.0002,0,20.56328513451485,4145.768677300002
35500,0.7740296721458435,0.23184002935886383,0.24698583781719208,0.21828871965408325,0.2246880680322647,18.840261459350586,6.737690448760986,6.2978434562683105,0.0002,0,14.898112812091577,4159.1931964000105
35600,0.7900665402412415,0.23206795752048492,0.25038576126098633,0.22901003062725067,0.22792723774909973,19.14208221435547,6.327187538146973,5.512411594390869,0.0002,0,20.447313193404508,4168.974432600007
35700,0.8023788928985596,0.23335933685302734,0.2462746948003769,0.21256262063980103,0.19729384779930115,19.074615478515625,6.356957912445068,5.1686577796936035,0.0002,0,21.62445641254122,4178.22322
35800,0.7678462862968445,0.23667071759700775,0.2566028833389282,0.2175544649362564,0.21925294399261475,19.879932403564453,6.641293048858643,6.677916526794434,0.0002,0,14.788784472746395,4191.746981900011
35900,0.7918807864189148,0.23588597774505615,0.24956727027893066,0.22488494217395782,0.2175314873456955,19.34447479248047,6.447164535522461,5.5183610916137695,0.0002,0,21.802887528659802,4200.920078800002
36000,0.7595145106315613,0.22191596031188965,0.23971118032932281,0.2183435559272766,0.2408919632434845,18.268781661987305,6.675446033477783,6.141639232635498,0.0002,0,19.93888452745705,4210.950730200013
36100,0.7455065846443176,0.22324354946613312,0.24104133248329163,0.22593635320663452,0.2238113284111023,18.57254409790039,6.662561416625977,5.108243465423584,0.0002,0,14.780531645377458,4224.482043200012
36200,0.7646092176437378,0.2409881204366684,0.2608954906463623,0.21758034825325012,0.2083638310432434,19.903837203979492,6.709904193878174,5.273734092712402,0.0002,0,20.99606486504308,4234.007637700008
36300,0.7780306339263916,0.2487000823020935,0.2645827531814575,0.21781989932060242,0.2232690006494522,19.301910400390625,6.254645824432373,5.956838130950928,0.0002,0,21.629811486664877,4243.254135300012
36400,0.7749579548835754,0.24142521619796753,0.25245365500450134,0.22389759123325348,0.21906410157680511,19.56338119506836,6.6233696937561035,5.541632652282715,0.0002,0,14.880646021224507,4256.694412000012
36500,0.8701706528663635,0.22596123814582825,0.24424107372760773,0.20928584039211273,0.1889840066432953,18.52154541015625,6.37226676940918,5.996046543121338,0.0002,0,21.46438767242508,4266.012171400012
36600,0.7856302261352539,0.22608064115047455,0.24898529052734375,0.2140495628118515,0.21132823824882507,19.098976135253906,7.251435279846191,5.803022384643555,0.0002,0,20.75111783678692,4275.650206400009
36700,0.8299453258514404,0.23383653163909912,0.2541451156139374,0.21717719733715057,0.20543810725212097,18.63436508178711,6.446530818939209,5.745030403137207,0.0002,0,14.659242893793468,4289.293475800005
36800,0.8211961388587952,0.23306222259998322,0.2434849739074707,0.2097838670015335,0.21929116547107697,19.658763885498047,6.595386981964111,5.163575172424316,0.0002,0,17.304288604027644,4300.851304300013
36900,0.811657190322876,0.22849597036838531,0.2568599581718445,0.21643605828285217,0.21201352775096893,18.592254638671875,5.952589988708496,5.32609748840332,0.0002,0,16.323783419441572,4313.1033659000095
37000,0.8745471239089966,0.23424141108989716,0.2484489381313324,0.2095683068037033,0.21666257083415985,18.72185516357422,6.809700012207031,6.299277305603027,0.0002,0,13.517856581623645,4327.898610900011
37100,0.8034075498580933,0.22959432005882263,0.2479853332042694,0.23651404678821564,0.2045341581106186,19.53992462158203,7.375123500823975,5.643136501312256,0.0002,0,17.841173732296415,4339.108635700002
37200,0.7939949035644531,0.22017234563827515,0.23890063166618347,0.2238629162311554,0.2200067639350891,18.21431541442871,6.081435203552246,5.690005302429199,0.0002,0,16.9643199382716,4350.898085600013
37300,0.7973625063896179,0.2305266112089157,0.2433672696352005,0.22326171398162842,0.19322118163108826,19.269006729125977,6.475832462310791,5.258425235748291,0.0002,0,12.907290353821077,4366.393204600012
37400,0.8507456183433533,0.23416955769062042,0.2393190860748291,0.20724759995937347,0.22330553829669952,19.256912231445312,7.109311580657959,6.3971734046936035,0.0002,0,16.804285502833924,4378.2949305000075
37500,0.768531322479248,0.22202159464359283,0.24413594603538513,0.20503543317317963,0.22191303968429565,18.64684295654297,7.159879684448242,5.999606132507324,0.0002,0,17.08537160393356,4390.000850900004
37600,0.8059189915657043,0.23755253851413727,0.2517167329788208,0.21528401970863342,0.21371230483055115,19.932506561279297,6.583798885345459,5.517349720001221,0.0002,0,13.481397090927787,4404.836108600008
37700,0.8382444381713867,0.22939832508563995,0.24717700481414795,0.21217745542526245,0.21059054136276245,19.46653938293457,6.9561944007873535,5.290690898895264,0.0002,0,16.522370744744666,4416.940909000012
37800,0.8474620580673218,0.23435239493846893,0.2579907476902008,0.21138805150985718,0.20970024168491364,19.66469955444336,6.33330774307251,5.629865646362305,0.0002,0,16.794879758454922,4428.849300300004
37900,0.8060312271118164,0.23251637816429138,0.24971213936805725,0.21225884556770325,0.20707327127456665,19.642560958862305,6.238053321838379,5.4161810874938965,0.0002,0,12.59989019699505,4444.722454500006
38000,0.7912887930870056,0.23937757313251495,0.2597978711128235,0.20933297276496887,0.2249935418367386,20.178388595581055,6.788972854614258,5.906715393066406,0.0002,0,16.94907066974283,4456.522511500007
38100,0.7912498116493225,0.23718242347240448,0.24671834707260132,0.23003482818603516,0.22159340977668762,19.02208137512207,6.08984899520874,6.4747314453125,0.0002,0,16.95800447699472,4468.316352000009
38200,0.8561198115348816,0.22438092529773712,0.24234344065189362,0.2168659120798111,0.20171178877353668,18.63043975830078,6.134440898895264,6.19305419921875,0.0002,0,12.651374806560309,4484.124910600003
38300,0.8199394941329956,0.21937711536884308,0.23817388713359833,0.2058311551809311,0.22026406228542328,17.456287384033203,5.768711566925049,5.310469150543213,0.0002,0,16.693150349694434,4496.105872600005
38400,0.8760322332382202,0.22507306933403015,0.24011138081550598,0.21109172701835632,0.21503368020057678,18.685731887817383,6.8081841468811035,6.0910515785217285,0.0002,0,16.76281116700971,4508.037045600009
38500,0.7870007753372192,0.24018457531929016,0.24880175292491913,0.23506543040275574,0.21531455218791962,18.723556518554688,7.048309803009033,5.310765743255615,0.0002,0,13.45263742050914,4522.904018800007
38600,0.8076215982437134,0.2366088628768921,0.2576340138912201,0.23048333823680878,0.2101237028837204,18.660564422607422,5.801216125488281,5.171840190887451,0.0002,0,17.1086410339587,4534.594018000003
38700,0.7713217735290527,0.23540472984313965,0.25715866684913635,0.1897970587015152,0.2155643105506897,19.56818962097168,5.607787132263184,5.510138988494873,0.0002,0,17.03133943581505,4546.337075600008
38800,0.7702164053916931,0.22715748846530914,0.24061328172683716,0.21081571280956268,0.21601873636245728,19.314144134521484,5.960727214813232,5.243143081665039,0.0002,0,12.944728694504033,4561.78738010001
38900,0.7852738499641418,0.2325531393289566,0.2466130405664444,0.2129269540309906,0.21900776028633118,19.794218063354492,7.22346830368042,6.009807109832764,0.0002,0,16.866924996566045,4573.644906000001
39000,0.8340169191360474,0.22488731145858765,0.2488461583852768,0.1932905912399292,0.21734894812107086,19.12209129333496,6.961253643035889,5.345866680145264,0.0002,0,16.835801372010312,4585.524352400011
39100,0.8070183396339417,0.21522586047649384,0.22333604097366333,0.2158137410879135,0.22209906578063965,18.64251708984375,6.479466915130615,5.571105003356934,0.0002,0,12.52577475643103,4601.491428600013
39200,0.8408713340759277,0.2227410525083542,0.24377907812595367,0.20769058167934418,0.21694844961166382,20.16988182067871,6.393762588500977,6.078336715698242,0.0002,0,17.212202401566945,4613.111092100007
39300,0.8244155645370483,0.22858218848705292,0.25001123547554016,0.20502127707004547,0.20101581513881683,18.858983993530273,6.495683670043945,5.265328884124756,0.0002,0,17.07186073703968,4624.826276700012
39400,0.8405699729919434,0.22935938835144043,0.24750486016273499,0.20075950026512146,0.2308756560087204,19.49009132385254,6.240525245666504,5.450104713439941,0.0002,0,12.708950718280308,4640.563217100003
39500,0.7998483180999756,0.22813935577869415,0.25008705258369446,0.2126060426235199,0.22614823281764984,19.369150161743164,6.413667678833008,5.052571773529053,0.0002,0,16.893092243105734,4652.402375800011
39600,0.7742128372192383,0.23039354383945465,0.24346205592155457,0.22281894087791443,0.20213133096694946,19.204757690429688,6.284642219543457,5.73142147064209,0.0002,0,16.82630695499562,4664.288525300013
39700,0.817031741142273,0.22075298428535461,0.23969386518001556,0.18764983117580414,0.20103533565998077,18.55927848815918,5.957990646362305,5.164257526397705,0.0002,0,12.421095688336843,4680.3901644
39800,0.8598911166191101,0.23220233619213104,0.24443255364894867,0.19483520090579987,0.21642543375492096,18.847681045532227,6.83083438873291,5.210785865783691,0.0002,0,17.00167633978287,4692.153710300001
39900,0.877356767654419,0.23868809640407562,0.2586202025413513,0.20184776186943054,0.2210150808095932,19.293102264404297,6.606808185577393,5.761007785797119,0.0002,0,17.088279083575067,4703.857639000009
40000,0.7957778573036194,0.2195780724287033,0.2431437373161316,0.2189924418926239,0.19451086223125458,19.21514320373535,6.920340538024902,5.098845481872559,0.0002,0,12.77914982540047,4719.508132400006
40100,0.8393025994300842,0.22179937362670898,0.24332784116268158,0.202980175614357,0.21626801788806915,18.152708053588867,6.206892013549805,6.330686092376709,0.0002,0,5.42660018039478,4756.36362080001
40200,0.7552194595336914,0.2167452573776245,0.2313995659351349,0.21751779317855835,0.21711397171020508,17.97444725036621,6.762359619140625,5.040545463562012,0.0002,0,17.059466570950338,4768.087316800011
40300,0.8775850534439087,0.2284076064825058,0.25062745809555054,0.2095623016357422,0.20720171928405762,18.924842834472656,6.2461161613464355,5.755483150482178,0.0002,0,12.641262633586564,4783.908521200006
40400,0.7839002013206482,0.23203910887241364,0.2451888471841812,0.20786544680595398,0.22611762583255768,19.394203186035156,7.1299638748168945,5.643370151519775,0.0002,0,17.05361358526661,4795.636240899999
40500,0.7880982756614685,0.21817980706691742,0.2318434715270996,0.21602925658226013,0.21303769946098328,18.438138961791992,6.485690116882324,5.394773960113525,0.0002,0,16.972891720525055,4807.419736800002
40600,0.779033362865448,0.22615930438041687,0.24574397504329681,0.21606333553791046,0.20889493823051453,19.548383712768555,6.712756156921387,5.571680545806885,0.0002,0,12.349383827485749,4823.614876800013
40700,0.8042852878570557,0.2322872281074524,0.24933862686157227,0.21894334256649017,0.21680450439453125,18.383867263793945,6.3732147216796875,5.254757404327393,0.0002,0,16.755217291923298,4835.551457300011
40800,0.7676872611045837,0.22943228483200073,0.24867354333400726,0.21733912825584412,0.22389312088489532,18.938091278076172,5.551125526428223,5.666148662567139,0.0002,0,19.44353932069663,4845.837650400004
40900,0.8206686973571777,0.23123078048229218,0.24623894691467285,0.21091175079345703,0.20855887234210968,19.949386596679688,6.176196575164795,5.61326789855957,0.0002,0,14.930392643193533,4859.233145400009
41000,0.7791354060173035,0.2227572649717331,0.23693354427814484,0.20916993916034698,0.21307708323001862,18.967453002929688,5.91710901260376,5.357864856719971,0.0002,0,22.330967583194823,4868.189318000004
41100,0.7887279987335205,0.22273704409599304,0.24399182200431824,0.21315687894821167,0.21621081233024597,17.87761116027832,6.513707160949707,6.164434909820557,0.0002,0,22.381850825730528,4877.125129500011
41200,0.7712736129760742,0.2205614596605301,0.24219591915607452,0.20892329514026642,0.21502627432346344,18.18423843383789,6.47620153427124,5.266046524047852,0.0002,0,15.06784988766284,4890.398423400009
41300,0.775604248046875,0.21310889720916748,0.2295181006193161,0.21540850400924683,0.2293253093957901,18.49041748046875,6.465478420257568,5.192156791687012,0.0002,0,22.1754244384766,4899.4174165
41400,0.8245995044708252,0.2251712679862976,0.2399674504995346,0.19044263660907745,0.20574133098125458,18.763959884643555,5.690708637237549,5.451069355010986,0.0002,0,22.722598069123258,4908.219226900008
41500,0.8111555576324463,0.23221687972545624,0.2513335645198822,0.20602573454380035,0.21342775225639343,18.743886947631836,6.626162052154541,5.615130424499512,0.0002,0,15.510817119774515,4921.1134541000065
41600,0.7781773209571838,0.2243066430091858,0.23921073973178864,0.24101535975933075,0.21251502633094788,18.17508888244629,6.773012161254883,5.198439598083496,0.0002,0,22.91167867489422,4929.842626800004
41700,0.7931088209152222,0.2431301325559616,0.2588408887386322,0.21497668325901031,0.20193053781986237,20.71596336364746,5.319055557250977,4.659049987792969,0.0002,0,22.66633326000754,4938.666286000007
41800,0.8375269174575806,0.2233891785144806,0.23437680304050446,0.2152259796857834,0.19763430953025818,17.67840003967285,6.126344680786133,5.392826557159424,0.0002,0,12.508694402585624,4954.655164900003
41900,0.7846288681030273,0.21618185937404633,0.24153923988342285,0.2110896110534668,0.22531400620937347,17.79216766357422,6.349539279937744,6.047371864318848,0.0002,0,18.994886348657978,4965.184314500002
42000,0.7823965549468994,0.2204539030790329,0.23646771907806396,0.22022244334220886,0.2097906470298767,19.20222282409668,5.986361503601074,5.218299388885498,0.0002,0,19.371102437316775,4975.508972100011
42100,0.7731381058692932,0.22697150707244873,0.24479825794696808,0.23090621829032898,0.21318000555038452,18.47647476196289,6.053271293640137,5.241479396820068,0.0002,0,14.918128156524583,4988.915479800009
42200,0.77852463722229,0.21857012808322906,0.2343667894601822,0.21810826659202576,0.22100189328193665,17.90732192993164,5.701294422149658,6.793346405029297,0.0002,0,22.152409641670157,4997.943843000001
42300,0.794379472732544,0.2330649495124817,0.2521626651287079,0.21075497567653656,0.20580340921878815,18.85525894165039,6.086114883422852,5.216456413269043,0.0002,0,12.074512152572272,5014.507659200011
42400,0.846238374710083,0.22457443177700043,0.24016791582107544,0.20550645887851715,0.2078448235988617,18.46382713317871,5.748472213745117,5.4896955490112305,0.0002,0,15.496884951789369,5027.4134787000075
42500,0.814926028251648,0.218190535902977,0.24444139003753662,0.20986667275428772,0.21158838272094727,18.265661239624023,6.385197639465332,5.123330116271973,0.0002,0,22.58649418897635,5036.268327900005
42600,0.7265818119049072,0.2251240313053131,0.24440936744213104,0.2257142961025238,0.2201511114835739,18.99753189086914,6.706896781921387,5.091125965118408,0.0002,0,19.45286123819102,5046.549591800009
42700,0.8322051763534546,0.23817294836044312,0.2537200450897217,0.2163982093334198,0.2089037299156189,19.01580810546875,5.908638954162598,5.960018634796143,0.0002,0,13.114479941234737,5061.799910600006
42800,0.8220532536506653,0.20946820080280304,0.22958996891975403,0.20794916152954102,0.22710461914539337,17.21689224243164,6.261285305023193,6.673322677612305,0.0002,0,19.131812506009336,5072.253703200011
42900,0.7728006839752197,0.2151787281036377,0.23424023389816284,0.2259731888771057,0.20469491183757782,17.12447166442871,5.839958190917969,5.7482452392578125,0.0002,0,17.303957880640258,5083.811752600013
43000,0.7728832364082336,0.222272127866745,0.2414264678955078,0.21205367147922516,0.21799315512180328,18.510828018188477,5.749721527099609,5.020271301269531,0.0002,0,12.589369257122664,5099.698172000004
43100,0.82340008020401,0.22337859869003296,0.23538602888584137,0.20488016307353973,0.20198379456996918,19.14368438720703,5.520115375518799,5.4538750648498535,0.0002,0,18.93640428283309,5110.259839200007
43200,0.8105670213699341,0.22905024886131287,0.24883538484573364,0.21024617552757263,0.2185898870229721,18.688262939453125,6.348549842834473,5.4572296142578125,0.0002,0,19.024210209924437,5120.772759200001
43300,0.8224145174026489,0.22177055478096008,0.2425285428762436,0.21545229852199554,0.2051323652267456,17.869478225708008,5.973918914794922,5.844936847686768,0.0002,0,13.572261690162671,5135.50869670001
43400,0.8280226588249207,0.21048927307128906,0.23378238081932068,0.19508416950702667,0.2247689962387085,17.503252029418945,5.999889373779297,5.51741361618042,0.0002,0,19.257144482442534,5145.8944525000115
43500,0.8080676198005676,0.2086067795753479,0.22648794949054718,0.19755759835243225,0.21842879056930542,18.150264739990234,6.126906394958496,4.845012664794922,0.0002,0,20.48374640841108,5155.658291400003
43600,0.8325735330581665,0.2244853973388672,0.24264144897460938,0.21185895800590515,0.2054528146982193,18.74066925048828,5.780830383300781,4.8841657638549805,0.0002,0,13.980093953922909,5169.9643469
43700,0.7314223051071167,0.2261655181646347,0.24556247889995575,0.20862670242786407,0.22429585456848145,19.121095657348633,5.603257179260254,5.567376136779785,0.0002,0,18.49869870441385,5180.775918200001
43800,0.7767404913902283,0.2298096865415573,0.24483047425746918,0.21569308638572693,0.1932886838912964,19.83432388305664,6.527675151824951,5.478160858154297,0.0002,0,20.921941460323076,5190.335260500011
40100,0.7840937376022339,0.2084994912147522,0.2437029927968979,0.21309158205986023,0.21386843919754028,10.415891647338867,6.779610633850098,6.053131103515625,0.0002,0,8.262474421547171,4743.71562670001
40200,0.743877649307251,0.20710641145706177,0.2338676005601883,0.22888369858264923,0.22365102171897888,10.436620712280273,6.6729302406311035,5.251358509063721,0.0002,0,19.977973884230533,4753.726651900011
40300,0.8050164580345154,0.22250431776046753,0.24017633497714996,0.23110909759998322,0.22789908945560455,11.558703422546387,6.444279670715332,5.44202184677124,0.0002,0,19.833644119923132,4763.8105275000125
40400,0.8189971446990967,0.2165708839893341,0.2400093972682953,0.19109532237052917,0.22838357090950012,11.536529541015625,5.7548418045043945,5.406634330749512,0.0002,0,13.125591619631894,4779.0479359000165
40500,0.8370264172554016,0.21444524824619293,0.2368163764476776,0.2123510241508484,0.22426505386829376,11.81762409210205,6.285003662109375,5.4468607902526855,0.0002,0,19.94061843357219,4789.0777151000075
40600,0.7812378406524658,0.2144680619239807,0.23567230999469757,0.21173465251922607,0.21901997923851013,10.864782333374023,6.205982685089111,4.96612548828125,0.0002,0,21.067623521591127,4798.570954800016
40700,0.7866079807281494,0.20871183276176453,0.23701506853103638,0.20988276600837708,0.23257388174533844,10.96206283569336,6.134504318237305,5.816267490386963,0.0002,0,14.777316771462818,4812.105211600021
40800,0.7785225510597229,0.21590399742126465,0.23077993094921112,0.216623917222023,0.21020753681659698,11.107890129089355,6.564926624298096,5.1297736167907715,0.0002,0,20.079360862707425,4822.065688000017
40900,0.7845084071159363,0.21009980142116547,0.22755564749240875,0.21792568266391754,0.22671149671077728,10.449899673461914,5.985952854156494,5.105702877044678,0.0002,0,19.444934051694002,4832.351143300009
41000,0.7806757688522339,0.22089260816574097,0.23789843916893005,0.2036929428577423,0.21745936572551727,11.327057838439941,6.653243064880371,5.324080467224121,0.0002,0,13.685497496088631,4846.965153500016
41100,0.761135995388031,0.21548913419246674,0.23447301983833313,0.21484191715717316,0.22256501019001007,11.6218843460083,5.8645219802856445,4.969121932983398,0.0002,0,20.75409484775955,4856.601806000021
41200,0.7788023948669434,0.21776683628559113,0.23838584125041962,0.22232840955257416,0.2091975212097168,10.889791488647461,7.2846879959106445,4.731434345245361,0.0002,0,18.417826385798335,4867.460850700008
41300,0.7351758480072021,0.2219403237104416,0.23278497159481049,0.21136339008808136,0.22886157035827637,10.537959098815918,6.01581335067749,4.851816177368164,0.0002,0,14.359057582588019,4881.3893414000195
41400,0.8302097916603088,0.2277447134256363,0.24650470912456512,0.19881661236286163,0.22129906713962555,12.025107383728027,6.229255676269531,5.28019380569458,0.0002,0,20.17725557606479,4891.301492200015
41500,0.8246276378631592,0.2189885675907135,0.23535899817943573,0.21131978929042816,0.22037312388420105,11.171095848083496,6.48094367980957,5.560262203216553,0.0002,0,20.631931722983193,4900.995204000021
41600,0.7477412819862366,0.22206419706344604,0.23621484637260437,0.20911018550395966,0.23984725773334503,10.783591270446777,6.040778636932373,5.001716136932373,0.0002,0,14.645107954743775,4914.651641400007
41700,0.772730827331543,0.22391380369663239,0.23274554312229156,0.20767000317573547,0.21452264487743378,10.985174179077148,6.053224563598633,5.4238996505737305,0.0002,0,20.42346293985875,4924.444300000017
41800,0.7956367135047913,0.22479520738124847,0.23041985929012299,0.21931523084640503,0.22030779719352722,11.67229175567627,6.357490539550781,5.548944473266602,0.0002,0,17.55322475645726,4935.838217800017
41900,0.786259651184082,0.2328539788722992,0.23782792687416077,0.2105189859867096,0.23194019496440887,11.275374412536621,5.903571605682373,5.373387336730957,0.0002,0,13.83981540233678,4950.289277600008
42000,0.7255156636238098,0.22755052149295807,0.24393722414970398,0.21632371842861176,0.22007550299167633,11.568655967712402,6.19001579284668,4.487639427185059,0.0002,0,19.343790160712537,4960.628513000018
42100,0.7860408425331116,0.2270093709230423,0.24144071340560913,0.2205907255411148,0.22820642590522766,11.28482723236084,5.845489501953125,5.118544101715088,0.0002,0,20.818284099367496,4970.235452700013
42200,0.7318764328956604,0.2260695844888687,0.236648827791214,0.2021346241235733,0.21460819244384766,10.681693077087402,6.095829486846924,4.666052341461182,0.0002,0,13.83965623400639,4984.686678700018
42300,0.7634526491165161,0.22824031114578247,0.24679459631443024,0.21030883491039276,0.22672253847122192,11.157299995422363,6.5758233070373535,4.873847007751465,0.0002,0,21.106951763477948,4994.162229800015
42400,0.81894451379776,0.22551992535591125,0.2355310022830963,0.1921236217021942,0.21396183967590332,11.193634033203125,5.14728307723999,4.542272090911865,0.0002,0,19.316638001731587,5004.51599840002
42500,0.7793671488761902,0.22565236687660217,0.23954284191131592,0.22360068559646606,0.22054177522659302,11.750000953674316,6.583080768585205,5.279329776763916,0.0002,0,14.771808063408267,5018.055302400011
42600,0.7879062294960022,0.22823329269886017,0.23051311075687408,0.213636577129364,0.21533715724945068,11.61091136932373,6.03771448135376,5.234962463378906,0.0002,0,19.660330050545905,5028.22807160001
42700,0.8014504313468933,0.24735447764396667,0.25161659717559814,0.21609355509281158,0.21581195294857025,12.15581226348877,5.901097774505615,5.0673980712890625,0.0002,0,21.535081325812417,5037.515243400019
42800,0.7985192537307739,0.23722410202026367,0.24477556347846985,0.2092367261648178,0.22622206807136536,10.599889755249023,6.194830417633057,5.665934085845947,0.0002,0,14.169921633467574,5051.629647500013
42900,0.7861626148223877,0.2366059571504593,0.24771133065223694,0.20701192319393158,0.22260776162147522,10.83051586151123,5.958463191986084,5.541942596435547,0.0002,0,20.341702150291923,5061.4616664000205
43000,0.8152332901954651,0.22539889812469482,0.2336275279521942,0.2151135355234146,0.22137153148651123,11.622734069824219,7.078036785125732,5.39860725402832,0.0002,0,20.432991017413485,5071.24975860001
43100,0.8142451047897339,0.22916235029697418,0.24133968353271484,0.2203446328639984,0.21701297163963318,10.605717658996582,5.781813144683838,4.91036319732666,0.0002,0,15.088517618473299,5084.504871200013
43200,0.7508196234703064,0.2276967167854309,0.23469604551792145,0.1922367811203003,0.22203141450881958,10.802518844604492,5.95421028137207,5.205685138702393,0.0002,0,20.227072555091254,5094.392609500021
43300,0.7171122431755066,0.2242637276649475,0.2323240041732788,0.22867386043071747,0.22187034785747528,10.575776100158691,6.309142112731934,5.371076583862305,0.0002,0,21.60529409213335,5103.649599900018
43400,0.7640634179115295,0.22462300956249237,0.23187677562236786,0.20533788204193115,0.23346911370754242,10.656265258789062,5.53963565826416,4.8934831619262695,0.0002,0,14.720492550046563,5117.236101800008
43500,0.7761650085449219,0.23487238585948944,0.2354850322008133,0.21806955337524414,0.22240036725997925,10.91651439666748,6.260698318481445,5.050004482269287,0.0002,0,21.238513959441484,5126.652956500009
43600,0.748306393623352,0.2272031158208847,0.2348783016204834,0.206338033080101,0.22915399074554443,10.488762855529785,5.4822998046875,5.73709774017334,0.0002,0,20.793942890780617,5136.271142000012
43700,0.7369710206985474,0.24194343388080597,0.24926094710826874,0.2191721647977829,0.2297619730234146,11.723763465881348,5.860485553741455,4.885537147521973,0.0002,0,13.77322488524774,5150.792069500021
43800,0.7346547245979309,0.22397740185260773,0.2284706085920334,0.19701886177062988,0.21290013194084167,11.531700134277344,5.563488006591797,4.552545547485352,0.0002,0,19.982620515459555,5160.800766800021
43900,0.7607996463775635,0.23399516940116882,0.23946169018745422,0.19419635832309723,0.20443132519721985,11.68583869934082,5.505918502807617,5.035773277282715,0.0002,0,20.127313307611814,5170.737512800013
44000,0.7676810026168823,0.2326200306415558,0.23091420531272888,0.22172430157661438,0.2252362221479416,10.899073600769043,5.7737298011779785,5.06434965133667,0.0002,0,14.212239343183168,5184.809890500008
44100,0.74257892370224,0.22023522853851318,0.22480762004852295,0.20866715908050537,0.22383132576942444,11.006762504577637,6.072956562042236,4.984759330749512,0.0002,0,19.20103808492351,5195.225994000008
44200,0.7955211997032166,0.23235921561717987,0.23681294918060303,0.2235296070575714,0.22571885585784912,12.308061599731445,5.422891139984131,4.601673603057861,0.0002,0,19.238548448822964,5205.621788700009
44300,0.806189239025116,0.23471036553382874,0.24474473297595978,0.22548320889472961,0.22922281920909882,11.602203369140625,5.716591835021973,5.096096992492676,0.0002,0,14.56173011176789,5219.356420400014
44400,0.7267908453941345,0.22622600197792053,0.23278193175792694,0.1992933303117752,0.22856266796588898,11.06635570526123,6.095062255859375,4.901422500610352,0.0002,0,19.997708462598673,5229.357566300008
44500,0.7951887249946594,0.23133382201194763,0.23477010428905487,0.21825474500656128,0.2309311479330063,10.641327857971191,5.683411598205566,5.046952247619629,0.0002,0,20.381113991542144,5239.170572600007
44600,0.7398430705070496,0.2288263589143753,0.2364557534456253,0.22641190886497498,0.2259405255317688,10.327399253845215,6.151830196380615,4.527034282684326,0.0002,0,13.413449812328645,5254.080979900013
44700,0.747020959854126,0.22696222364902496,0.2328532487154007,0.21168091893196106,0.23425158858299255,10.506308555603027,5.698349475860596,4.828819751739502,0.0002,0,20.435745056763224,5263.867753000013
44800,0.7422676682472229,0.22292029857635498,0.2246602326631546,0.20576797425746918,0.21854640543460846,10.659588813781738,5.989892482757568,5.243439197540283,0.0002,0,19.96181345010808,5273.886882800012
44900,0.7194311618804932,0.2343551516532898,0.23561014235019684,0.20507650077342987,0.2218818962574005,11.162110328674316,6.247429847717285,4.458785533905029,0.0002,0,14.882351366272424,5287.325619400013
45000,0.7675244808197021,0.2195361703634262,0.22756703197956085,0.20706914365291595,0.21865029633045197,10.735539436340332,6.373469829559326,5.681312561035156,0.0002,0,19.193487173797735,5297.745820700016
45100,0.7690625786781311,0.24673737585544586,0.24595332145690918,0.2027253359556198,0.21884958446025848,11.867246627807617,6.054398536682129,5.213828086853027,0.0002,0,5.155236026695415,5336.541328600011
45200,0.7829629182815552,0.22703804075717926,0.23145823180675507,0.20384883880615234,0.22609937191009521,10.953404426574707,6.079390525817871,4.994406700134277,0.0002,0,14.711023206527699,5350.136576000019
45300,0.7722017765045166,0.23712016642093658,0.23489318788051605,0.21429294347763062,0.22083550691604614,11.265772819519043,5.720280170440674,4.765369892120361,0.0002,0,19.874661638873516,5360.199640400009
45400,0.7715656161308289,0.2305099070072174,0.230787456035614,0.20536015927791595,0.23559191823005676,11.890944480895996,5.712222099304199,5.387689113616943,0.0002,0,21.523777785435467,5369.491689500021
45500,0.819055438041687,0.2272072285413742,0.2335786372423172,0.20483291149139404,0.22484079003334045,12.529787063598633,7.0624542236328125,5.289412021636963,0.0002,0,14.376480606781657,5383.403300100021
45600,0.7696364521980286,0.23302291333675385,0.23635657131671906,0.2171381115913391,0.22009076178073883,10.930532455444336,5.871970176696777,5.685640811920166,0.0002,0,19.888641705114665,5393.459291000021
45700,0.8162866830825806,0.2333212047815323,0.24332454800605774,0.2109309881925583,0.22150258719921112,10.873852729797363,5.992100238800049,4.911500930786133,0.0002,0,18.55442115166977,5404.238393100008
45800,0.7731731534004211,0.21952205896377563,0.2230628877878189,0.19714894890785217,0.23188921809196472,10.735649108886719,5.273176193237305,4.827744007110596,0.0002,0,13.858294682373232,5418.670183200011
45900,0.8047725558280945,0.2373533397912979,0.2368479073047638,0.2053726762533188,0.21303628385066986,12.0098237991333,6.052549839019775,4.798952579498291,0.0002,0,19.26476041860419,5429.051833200021
46000,0.8186536431312561,0.23143747448921204,0.23418836295604706,0.19679641723632812,0.22394683957099915,11.998598098754883,6.217944622039795,5.094996452331543,0.0002,0,20.190650622323346,5438.957408000017
46100,0.7235198020935059,0.21855178475379944,0.22642695903778076,0.23055608570575714,0.23337724804878235,10.98913288116455,5.5411858558654785,5.288763999938965,0.0002,0,14.212147035384811,5453.029877100009
46200,0.7060076594352722,0.21961113810539246,0.22656655311584473,0.2038537561893463,0.22323821485042572,10.494071006774902,5.190140247344971,4.302839756011963,0.0002,0,19.976213922540445,5463.041784300018
46300,0.7161914706230164,0.2171972095966339,0.22256773710250854,0.22922196984291077,0.23658524453639984,10.741386413574219,5.439978122711182,5.0514235496521,0.0002,0,20.169185989608874,5472.957900900015
46400,0.73713618516922,0.22014231979846954,0.2175457924604416,0.22555777430534363,0.22103926539421082,10.29218578338623,4.716561317443848,4.450934886932373,0.0002,0,13.420398796819411,5487.860587700008
46500,0.7120380997657776,0.2198396474123001,0.21583619713783264,0.2141800969839096,0.21067948639392853,10.228663444519043,4.777453422546387,5.085330009460449,0.0002,0,20.015130037234762,5497.853028400015
46600,0.688060998916626,0.231449156999588,0.23881088197231293,0.2293621450662613,0.23049473762512207,11.155912399291992,5.081685543060303,4.732285499572754,0.0002,0,19.263390114901004,5508.235416900017
46700,0.7067405581474304,0.22301843762397766,0.22627520561218262,0.21702666580677032,0.22458907961845398,11.28905200958252,4.788366794586182,5.062407493591309,0.0002,0,13.700565013363311,5522.83335500001
46800,0.6860451102256775,0.2242930382490158,0.22495418787002563,0.23437659442424774,0.23758554458618164,10.680379867553711,5.001586437225342,4.953124046325684,0.0002,0,20.698539699379786,5532.495872400017
46900,0.7114327549934387,0.21858347952365875,0.220161572098732,0.20612996816635132,0.21716716885566711,10.4334716796875,5.618121147155762,4.7553486824035645,0.0002,0,20.135767425460447,5542.428446400008
47000,0.7004932761192322,0.22607791423797607,0.22167658805847168,0.2210015058517456,0.22918464243412018,11.026298522949219,5.0228986740112305,5.04672908782959,0.0002,0,13.757601814471137,5556.965863800011
47100,0.7552962303161621,0.22950465977191925,0.23140202462673187,0.22651407122612,0.2251926213502884,12.617585182189941,5.429697036743164,5.019303798675537,0.0002,0,11.850136092586686,5573.843307100018
47200,0.7665932774543762,0.22231803834438324,0.22651560604572296,0.22172117233276367,0.2212934046983719,10.56049633026123,5.2396955490112305,5.11467170715332,0.0002,0,21.08919936269274,5583.326834500011
47300,0.7484846115112305,0.2147679328918457,0.2181583195924759,0.22448080778121948,0.2159997522830963,10.057944297790527,5.2282938957214355,5.152008533477783,0.0002,0,13.838480302377866,5597.779288500009
47400,0.7542999386787415,0.23414190113544464,0.23227807879447937,0.2238440066576004,0.2403242290019989,11.644543647766113,5.202661514282227,5.233222007751465,0.0002,0,19.838539680333117,5607.860675700009
47500,0.7882070541381836,0.22323092818260193,0.22296635806560516,0.2162550538778305,0.2170880287885666,10.35785961151123,5.61940336227417,4.717014789581299,0.0002,0,19.35943032940584,5618.191558200007
47600,0.7259669303894043,0.2189117819070816,0.2200331836938858,0.2041633129119873,0.23035266995429993,10.089677810668945,4.8793416023254395,5.189023971557617,0.0002,0,13.660727139599926,5632.832067300013
47700,0.7576477527618408,0.22110316157341003,0.21987032890319824,0.21125438809394836,0.22577950358390808,10.807622909545898,5.26535701751709,4.807775020599365,0.0002,0,19.94264853249349,5642.8608255000145
47800,0.7356254458427429,0.23049969971179962,0.22900459170341492,0.20388977229595184,0.22706925868988037,10.690164566040039,5.689863204956055,4.993546962738037,0.0002,0,17.929680260191788,5654.015514100014
47900,0.7775854468345642,0.21603931486606598,0.227362722158432,0.21672362089157104,0.22363261878490448,10.268567085266113,5.629733085632324,5.310829162597656,0.0002,0,13.369291558161072,5668.975169900019
48000,0.6993374228477478,0.2256532460451126,0.21812023222446442,0.23234562575817108,0.2202451527118683,10.373170852661133,5.576981067657471,4.6165618896484375,0.0002,0,20.95185996941955,5678.520861800018
48100,0.6701253652572632,0.21987281739711761,0.2259017378091812,0.2024860978126526,0.24751046299934387,9.888787269592285,5.290098667144775,4.584147930145264,0.0002,0,19.888351369735823,5688.5769995000155
48200,0.7017844915390015,0.23749811947345734,0.2366606593132019,0.22233335673809052,0.2200646996498108,11.070050239562988,5.568399429321289,4.453341960906982,0.0002,0,13.134400319040065,5703.804188800015
48300,0.7412753701210022,0.23840083181858063,0.22957006096839905,0.21699866652488708,0.22237296402454376,11.185256958007812,5.040167808532715,4.645596027374268,0.0002,0,19.814678660467198,5713.8977161000075
48400,0.7408963441848755,0.21506163477897644,0.22305621206760406,0.2088848203420639,0.23773175477981567,9.919315338134766,5.589123249053955,4.5233635902404785,0.0002,0,21.373451358523322,5723.25511920001
48500,0.7527417540550232,0.23000575602054596,0.22600208222866058,0.21821942925453186,0.22399625182151794,11.112218856811523,5.396755695343018,4.438929080963135,0.0002,0,13.46709879354375,5738.1061278000125
48600,0.8012410402297974,0.22731661796569824,0.22251319885253906,0.2084527313709259,0.22033998370170593,10.426735877990723,4.823806285858154,5.523138999938965,0.0002,0,20.82626303398081,5747.709386900009
48700,0.7955436706542969,0.2280551791191101,0.21913236379623413,0.20552243292331696,0.21957524120807648,10.728157997131348,5.342324733734131,5.4043731689453125,0.0002,0,20.792723195600562,5757.328136600016
48800,0.7435731887817383,0.22584635019302368,0.2318641096353531,0.1884174644947052,0.22620010375976562,10.538201332092285,5.590493202209473,4.9715495109558105,0.0002,0,12.78272781456381,5772.9742493000085
48900,0.8129820227622986,0.2304406464099884,0.22790640592575073,0.2071285843849182,0.2079027146100998,10.812210083007812,6.343807220458984,5.4394707679748535,0.0002,0,19.530980876810894,5783.214390400011
49000,0.7775580286979675,0.217615008354187,0.2190680056810379,0.2295890897512436,0.21858742833137512,10.144957542419434,5.8568878173828125,5.111955642700195,0.0002,0,21.550837488183234,5792.494772200007
49100,0.7642757892608643,0.22777877748012543,0.2287665456533432,0.20356781780719757,0.22075648605823517,10.582534790039062,5.386241912841797,4.664118766784668,0.0002,0,13.215689992254372,5807.628299100019
49200,0.7016962766647339,0.2135753631591797,0.21954840421676636,0.21698947250843048,0.22788068652153015,9.544069290161133,6.050197601318359,4.8029680252075195,0.0002,0,21.627663572485414,5816.8757150000165
49300,0.7371521592140198,0.21437546610832214,0.2120354175567627,0.20788957178592682,0.22173486649990082,10.411564826965332,5.2402262687683105,4.620197296142578,0.0002,0,19.414546582018886,5827.177269000007
49400,0.7036640644073486,0.22326967120170593,0.22810426354408264,0.20565904676914215,0.2317785620689392,10.757551193237305,5.83262825012207,4.794384479522705,0.0002,0,14.787606495159011,5840.702108200014
49500,0.7605610489845276,0.22055792808532715,0.22035567462444305,0.2155897617340088,0.22268153727054596,10.24904727935791,5.230567455291748,4.781538486480713,0.0002,0,19.16930653576333,5851.135453800016
49600,0.7409383058547974,0.2415056973695755,0.23786650598049164,0.21829475462436676,0.23203934729099274,11.133580207824707,4.936219692230225,4.464249134063721,0.0002,0,18.01384042992128,5862.238028000007
49700,0.71923828125,0.2195260226726532,0.2249353677034378,0.21562832593917847,0.2227228730916977,10.436049461364746,5.363351821899414,5.27118444442749,0.0002,0,13.69628347580935,5876.840529500012
49800,0.7634016275405884,0.2253429889678955,0.22957465052604675,0.21348008513450623,0.23427295684814453,10.49422836303711,5.78940486907959,4.9347639083862305,0.0002,0,20.257890440713332,5886.71322580002
49900,0.7768061757087708,0.21797262132167816,0.21764123439788818,0.2223321795463562,0.2176864743232727,11.134356498718262,5.617619514465332,4.845352649688721,0.0002,0,19.20831231263901,5897.125384700019
50000,0.7511619925498962,0.20926478505134583,0.21541601419448853,0.20754094421863556,0.23771831393241882,9.648480415344238,5.643348217010498,5.251725196838379,0.0002,0,13.059553634511058,5912.439843800021
50100,0.7892342805862427,0.22121617197990417,0.2140522003173828,0.20621520280838013,0.21250571310520172,10.784661293029785,4.773366451263428,4.904499530792236,0.0001996,0,5.985837687606521,5945.852042800019
50200,0.750028669834137,0.2243918776512146,0.22611165046691895,0.21003156900405884,0.2084217369556427,11.475394248962402,5.444053649902344,5.202467918395996,0.00019920000000000002,0,20.71050300748378,5955.508978700018
50300,0.7648881077766418,0.23053306341171265,0.22780336439609528,0.20951154828071594,0.24455289542675018,10.442060470581055,5.227611541748047,4.669477462768555,0.0001988,0,14.660092094255859,5969.151457800021
50400,0.782950222492218,0.20953096449375153,0.2129237949848175,0.21536485850811005,0.2310880869626999,9.85921859741211,5.275257587432861,5.063009738922119,0.0001984,0,20.25585945805497,5979.025144000014
50500,0.7838802933692932,0.22067725658416748,0.21860969066619873,0.2092360258102417,0.20512771606445312,9.9451322555542,5.387913227081299,4.661355495452881,0.00019800000000000002,0,18.897639818966603,5989.60847620001
50600,0.737952709197998,0.21341262757778168,0.21288646757602692,0.20867057144641876,0.2337648719549179,9.865363121032715,5.089751243591309,5.503767013549805,0.0001976,0,15.050765101882412,6002.896837200009
50700,0.7134206295013428,0.20519369840621948,0.20709297060966492,0.21575145423412323,0.2309989482164383,9.743600845336914,5.654597759246826,4.3103132247924805,0.0001972,0,20.427961086315502,6012.687339500015
50800,0.8209412693977356,0.20890851318836212,0.2142544686794281,0.21535727381706238,0.2205161303281784,9.897968292236328,5.118575096130371,5.024321556091309,0.0001968,0,20.693927826275182,6022.352010300019
50900,0.7643781304359436,0.22896215319633484,0.22862374782562256,0.19850017130374908,0.20895515382289886,10.561812400817871,5.7379937171936035,4.651881694793701,0.0001964,0,14.027867157695917,6036.6093452000205
51000,0.8055862188339233,0.22944389283657074,0.23104174435138702,0.207864448428154,0.22066590189933777,11.043997764587402,5.48063325881958,4.585729598999023,0.000196,0,19.420468931511152,6046.9077577000135
51100,0.7412451505661011,0.22300271689891815,0.21916940808296204,0.20829670131206512,0.22201913595199585,10.113154411315918,5.180477619171143,4.568000793457031,0.0001956,0,16.176461643596035,6059.271400900019
51200,0.7454260587692261,0.22052030265331268,0.22270387411117554,0.2125009447336197,0.22583065927028656,10.151877403259277,5.627131938934326,4.281031131744385,0.0001952,0,14.21792979762802,6073.338146400012
51300,0.7112318277359009,0.214802086353302,0.21663671731948853,0.20606619119644165,0.23062168061733246,9.781295776367188,5.282869815826416,4.566154479980469,0.0001948,0,19.05032891153683,6083.836652800019
51400,0.7924892902374268,0.22029539942741394,0.21303285658359528,0.21477293968200684,0.2228151112794876,10.366519927978516,5.900609493255615,4.396544456481934,0.0001944,0,20.725001591165366,6093.486833000017
51500,0.7766174674034119,0.22586402297019958,0.2213846892118454,0.20746248960494995,0.22242999076843262,9.925853729248047,5.425498962402344,4.872325420379639,0.000194,0,13.924378842863572,6107.850130800012
51600,0.7682235836982727,0.2227456271648407,0.21529923379421234,0.19407476484775543,0.22204728424549103,10.4078369140625,5.387109756469727,4.894622802734375,0.00019360000000000002,0,20.767346603795573,6117.480634100008
51700,0.68117356300354,0.22258976101875305,0.21608953177928925,0.2019779086112976,0.22161981463432312,9.90860652923584,5.270484447479248,3.9338955879211426,0.0001932,0,19.23043399251791,6127.880815400014
51800,0.7640159726142883,0.23500055074691772,0.23502908647060394,0.21495941281318665,0.21658968925476074,11.213493347167969,5.728625297546387,5.051551342010498,0.0001928,0,14.340495593481098,6141.8273348000075
51900,0.8215112090110779,0.22821301221847534,0.22249551117420197,0.2169092744588852,0.2428789883852005,11.181663513183594,5.68996000289917,4.841367721557617,0.00019240000000000001,0,20.849455609246778,6151.419911400008
52000,0.7416325211524963,0.22588549554347992,0.22889134287834167,0.21200081706047058,0.22684915363788605,9.824318885803223,4.830145835876465,5.113093852996826,0.000192,0,21.297849639181244,6160.810530800009
52100,0.7636520862579346,0.22779615223407745,0.2210579514503479,0.2255786806344986,0.2157210111618042,10.670976638793945,5.250453472137451,4.348771095275879,0.0001916,0,13.711217974201926,6175.397127000018
52200,0.7347161173820496,0.22033658623695374,0.21179921925067902,0.2090166062116623,0.22195811569690704,10.428397178649902,4.902336120605469,4.603597164154053,0.0001912,0,19.840352421798844,6185.477593100019
52300,0.7053157687187195,0.21962527930736542,0.21727265417575836,0.2035190910100937,0.23916608095169067,10.27039623260498,5.412692070007324,4.677867889404297,0.0001908,0,20.963672785180197,6195.017906100009
52400,0.794143557548523,0.22500602900981903,0.2220207005739212,0.20447221398353577,0.21262815594673157,10.63039779663086,5.954573154449463,4.951938629150391,0.0001904,0,14.360581433225946,6208.944918800014
52500,0.7551096677780151,0.225286066532135,0.22541658580303192,0.2206423580646515,0.2342383861541748,10.794716835021973,5.2090301513671875,4.5496087074279785,0.00019,0,18.63984839837833,6219.674619800018
52600,0.7969785928726196,0.21234069764614105,0.20791888236999512,0.19489556550979614,0.2212887704372406,10.097084045410156,5.186403751373291,4.347542762756348,0.0001896,0,20.027693493469172,6229.660792200011
52700,0.7446883320808411,0.21777597069740295,0.21957433223724365,0.2008586823940277,0.2272288203239441,10.085092544555664,4.732581615447998,4.621568202972412,0.0001892,0,14.374285243161435,6243.574527500008
52800,0.7229557037353516,0.21285340189933777,0.2128571718931198,0.2258802056312561,0.23706293106079102,10.299933433532715,5.218733787536621,4.745284557342529,0.0001888,0,18.630430132277375,6254.309652700016
52900,0.7240549921989441,0.20813795924186707,0.20534253120422363,0.20754577219486237,0.21871045231819153,9.928690910339355,4.775300979614258,4.552601337432861,0.0001884,0,19.88445916274925,6264.367758800014
53000,0.7232553958892822,0.21039250493049622,0.21252982318401337,0.21242168545722961,0.23275811970233917,9.892863273620605,4.990274429321289,4.299050807952881,0.000188,0,13.875345780552001,6278.781814000016
53100,0.7479524612426758,0.2101457417011261,0.20925164222717285,0.21544314920902252,0.2251100093126297,9.812211990356445,5.242203235626221,4.299135684967041,0.0001876,0,17.63362532030316,6290.123781200018
53200,0.7572346329689026,0.22640188038349152,0.22048556804656982,0.21192023158073425,0.21502824127674103,9.935088157653809,5.071481227874756,4.959755897521973,0.0001872,0,21.028052441834646,6299.634885500011
53300,0.7802290320396423,0.22838936746120453,0.22744010388851166,0.19631986320018768,0.22600211203098297,10.18853759765625,5.154943943023682,4.775061130523682,0.0001868,0,14.059939871683316,6313.85969740001
53400,0.7018864750862122,0.2131907343864441,0.21319501101970673,0.20004239678382874,0.23262004554271698,10.4842529296875,6.142910003662109,4.261824131011963,0.0001864,0,17.78108632425191,6325.10760410002
53500,0.7719681262969971,0.22307609021663666,0.22136710584163666,0.19676817953586578,0.21580246090888977,9.863374710083008,4.921195983886719,4.416546821594238,0.000186,0,19.5557657496419,6335.334766900007
53600,0.7408692836761475,0.21305900812149048,0.21729382872581482,0.1977708786725998,0.23524263501167297,9.733648300170898,5.233200550079346,5.417384624481201,0.0001856,0,13.661532246159851,6349.97441320002
53700,0.7634231448173523,0.20835886895656586,0.2071770876646042,0.20819155871868134,0.22280263900756836,9.571331977844238,5.474679946899414,4.175753593444824,0.00018520000000000003,0,17.416780250924347,6361.45759190002
53800,0.7612547278404236,0.21223364770412445,0.21036653220653534,0.203542098402977,0.22625774145126343,9.647878646850586,4.9717278480529785,4.626877307891846,0.00018480000000000002,0,19.668427292506728,6371.626173100012
53900,0.7908115983009338,0.21319620311260223,0.20909999310970306,0.20671342313289642,0.21361836791038513,10.190520286560059,5.455480098724365,4.992379188537598,0.0001844,0,14.406394076321972,6385.508897600012
54000,0.765259861946106,0.2234242558479309,0.21946722269058228,0.20615655183792114,0.21465659141540527,9.822649955749512,5.86271333694458,4.025574684143066,0.00018400000000000003,0,18.709953566194272,6396.198395000014
54100,0.7805253267288208,0.21597334742546082,0.20857347548007965,0.19473810493946075,0.2253677099943161,10.85752010345459,5.709994792938232,4.024806976318359,0.00018360000000000002,0,11.71436800270195,6413.271445800012
54200,0.7427745461463928,0.2086765170097351,0.20545119047164917,0.1991981416940689,0.2311345785856247,10.056084632873535,5.618558883666992,4.599944591522217,0.0001832,0,14.349039981426376,6427.2096605000115
54300,0.7441036701202393,0.20678022503852844,0.2052220106124878,0.20126569271087646,0.22580021619796753,9.474992752075195,5.23958158493042,4.5445404052734375,0.00018280000000000003,0,17.795523948792873,6438.44844170002
54400,0.7768713235855103,0.20986931025981903,0.20614156126976013,0.21676005423069,0.2155127227306366,9.708333969116211,5.2770233154296875,5.017802715301514,0.00018240000000000002,0,20.86428136537269,6448.03420200001
54500,0.76874840259552,0.2064036875963211,0.20008182525634766,0.2041710615158081,0.22278445959091187,10.128396034240723,5.219393253326416,4.758598327636719,0.000182,0,14.355889153236571,6461.9657668000145
54600,0.7378600835800171,0.21782071888446808,0.21649695932865143,0.2030554711818695,0.22782282531261444,9.88595962524414,5.451392650604248,4.513256072998047,0.00018160000000000002,0,17.355263953949517,6473.489648000017
54700,0.773638129234314,0.2190278172492981,0.21547481417655945,0.2140602469444275,0.22430142760276794,10.24818229675293,4.908585071563721,4.673058986663818,0.0001812,0,20.189727513087256,6483.395675700012
54800,0.7306588292121887,0.2158096879720688,0.21294768154621124,0.20728492736816406,0.22206036746501923,10.307705879211426,5.129014015197754,4.508454322814941,0.0001808,0,14.103096910325004,6497.57695810002
54900,0.7561416625976562,0.22358140349388123,0.21715447306632996,0.20347152650356293,0.22259722650051117,10.291654586791992,4.673717498779297,4.764341831207275,0.00018040000000000002,0,20.546848411902612,6507.310811000018
55000,0.7741424441337585,0.21669486165046692,0.21588975191116333,0.1951298713684082,0.2197170853614807,10.319682121276855,5.066867351531982,4.330865859985352,0.00018,0,22.289992964513946,6516.283447300011
55100,0.8360095024108887,0.20687177777290344,0.20165935158729553,0.19053535163402557,0.22208775579929352,10.132277488708496,5.394616603851318,4.802252769470215,0.0001796,0,5.165180549956951,6555.004262200018
55200,0.8162384033203125,0.21378499269485474,0.20424024760723114,0.20015393197536469,0.22950506210327148,9.96440601348877,5.286956787109375,4.48025369644165,0.00017920000000000002,0,20.301820465254174,6564.855595500019
55300,0.8187008500099182,0.2107267528772354,0.20981867611408234,0.20879557728767395,0.21996372938156128,9.903759002685547,5.80313777923584,4.215892791748047,0.0001788,0,19.951000940243816,6574.880155200008
55400,0.7103168964385986,0.21726468205451965,0.21032309532165527,0.20679982006549835,0.23132286965847015,9.671547889709473,5.221658706665039,4.448597431182861,0.0001784,0,14.216041668580937,6588.94876900001
55500,0.804879903793335,0.2223023623228073,0.22634948790073395,0.20103015005588531,0.22627852857112885,10.507864952087402,5.1095404624938965,4.324697971343994,0.00017800000000000002,0,19.875303735627654,6599.011508300013
55600,0.7311621904373169,0.21177472174167633,0.20559188723564148,0.20711266994476318,0.2210686206817627,10.186351776123047,5.5723161697387695,3.9472367763519287,0.0001776,0,19.75881403645765,6609.133573300016
55700,0.7867107391357422,0.21252566576004028,0.20616915822029114,0.21514010429382324,0.21392641961574554,9.944018363952637,5.359623908996582,4.572268009185791,0.0001772,0,14.502645793814601,6622.924160400013
55800,0.7708408236503601,0.2099684625864029,0.20523715019226074,0.1976284384727478,0.2201613336801529,10.343475341796875,5.113485813140869,4.364112377166748,0.00017680000000000001,0,20.70277644935578,6632.58470040001
55900,0.7273140549659729,0.20907773077487946,0.20476515591144562,0.20891979336738586,0.221704363822937,10.305682182312012,5.124587059020996,4.134209632873535,0.0001764,0,19.658048443878606,6642.75865030002
56000,0.7749889492988586,0.20952460169792175,0.20661601424217224,0.2041512131690979,0.2238982766866684,9.574369430541992,5.113372802734375,4.688616752624512,0.00017600000000000002,0,13.983404760922612,6657.061318600012
56100,0.7702795267105103,0.21634122729301453,0.21672293543815613,0.20329052209854126,0.22428345680236816,10.396062850952148,5.125194549560547,4.6131696701049805,0.0001756,0,20.53926223236941,6666.7987667000125
56200,0.7677354216575623,0.2035812884569168,0.19945281744003296,0.20605647563934326,0.21874941885471344,9.708244323730469,4.911784648895264,4.324276447296143,0.0001752,0,19.705464394252804,6676.948235700009
56300,0.8141085505485535,0.20944203436374664,0.2071673572063446,0.19002684950828552,0.2283584028482437,9.785965919494629,5.4089837074279785,5.042413234710693,0.00017480000000000002,0,13.10987971613307,6692.203905800008
56400,0.7884292602539062,0.2167331427335739,0.2128177434206009,0.19352607429027557,0.21094028651714325,9.682964324951172,5.066701412200928,4.2119269371032715,0.0001744,0,20.383341555100422,6702.01583970002
56500,0.7777174115180969,0.21880444884300232,0.21062970161437988,0.21064426004886627,0.22462157905101776,10.309380531311035,5.278349876403809,4.793022155761719,0.000174,0,20.852516345112388,6711.607008300009
56600,0.7538744807243347,0.20101916790008545,0.1968008130788803,0.19619321823120117,0.23025625944137573,9.484830856323242,5.05831241607666,4.108922004699707,0.00017360000000000002,0,13.190265644624034,6726.769705200015
56700,0.8236672878265381,0.20893152058124542,0.2034197598695755,0.19618608057498932,0.2232438027858734,10.153644561767578,4.669877052307129,4.354364395141602,0.0001732,0,21.372253860416606,6736.127632600008
56800,0.7984330654144287,0.20155709981918335,0.2000122368335724,0.21283936500549316,0.23254996538162231,9.612995147705078,5.583382606506348,4.293978691101074,0.0001728,0,20.024815953406804,6746.115240000014
56900,0.7696990966796875,0.20574913918972015,0.1995791643857956,0.20395293831825256,0.22876659035682678,9.701714515686035,4.40324592590332,4.670591354370117,0.00017240000000000002,0,14.1407543823748,6760.258757000018
57000,0.8005914092063904,0.20782534778118134,0.20725467801094055,0.19461475312709808,0.220359206199646,9.900086402893066,5.659489631652832,3.975114345550537,0.000172,0,19.22924309450857,6770.659582400011
57100,0.8181383609771729,0.21273450553417206,0.20552372932434082,0.20802472531795502,0.22774866223335266,10.115653038024902,5.255724906921387,4.390406608581543,0.0001716,0,20.373858469247814,6780.476083300018
57200,0.693771243095398,0.20524562895298004,0.20352870225906372,0.19673070311546326,0.21555930376052856,9.63861083984375,5.367552757263184,4.111075401306152,0.00017120000000000001,0,12.907007143191217,6795.971542300016
57300,0.8060132265090942,0.213553324341774,0.20600852370262146,0.20272094011306763,0.2238195240497589,10.619061470031738,5.179788112640381,4.953586101531982,0.0001708,0,21.537423799109995,6805.257704000018
57400,0.7232165336608887,0.21369034051895142,0.21139389276504517,0.21103721857070923,0.23219694197177887,11.682564735412598,5.503543376922607,4.623302936553955,0.0001704,0,20.034904008370024,6815.240282400016
57500,0.754660427570343,0.21116314828395844,0.20612560212612152,0.19995518028736115,0.21537677943706512,9.797929763793945,4.778985977172852,4.272378444671631,0.00017,0,15.010537209494764,6828.564255900012
57600,0.7578652501106262,0.20906203985214233,0.20399315655231476,0.21370166540145874,0.22590945661067963,10.376648902893066,4.781978130340576,4.593627452850342,0.0001696,0,20.718218379899792,6838.217595600014
57700,0.8202584385871887,0.20323802530765533,0.20378489792346954,0.1918196827173233,0.2109786719083786,11.271830558776855,5.633867263793945,4.993276119232178,0.0001692,0,22.151603402818065,6847.246287400019
57800,0.8061540126800537,0.2056306004524231,0.1974242925643921,0.1934569925069809,0.2213040292263031,9.785563468933105,4.973723888397217,4.497140407562256,0.0001688,0,13.815058434427682,6861.723243900007
57900,0.8118788003921509,0.1963309645652771,0.19979169964790344,0.1894654780626297,0.2231019288301468,9.7964448928833,5.621379852294922,4.506595611572266,0.0001684,0,19.857878947565958,6871.794813000015
58000,0.8072328567504883,0.21193358302116394,0.21378423273563385,0.21085225045681,0.22670112550258636,10.036650657653809,5.3795599937438965,4.583745002746582,0.000168,0,19.078309324498544,6882.27792220001
58100,0.81702721118927,0.20928120613098145,0.20322078466415405,0.19643458724021912,0.22204230725765228,10.333559036254883,5.157399654388428,4.669342517852783,0.0001676,0,14.840737736042422,6895.754341200009
58200,0.7961338758468628,0.20999717712402344,0.20002661645412445,0.19259926676750183,0.22344033420085907,10.329665184020996,5.271289348602295,4.272334098815918,0.0001672,0,18.76821783982963,6906.410654000021
58300,0.8600633144378662,0.22034837305545807,0.21288853883743286,0.19563858211040497,0.21918885409832,10.691376686096191,5.597632884979248,4.299104690551758,0.0001668,0,20.057860509067655,6916.381807200014
58400,0.7448862195014954,0.22164367139339447,0.20912814140319824,0.18484218418598175,0.20434468984603882,10.538360595703125,5.4203996658325195,4.737261772155762,0.0001664,0,13.253416381189982,6931.472255900007
58500,0.753707230091095,0.2112186998128891,0.2009032517671585,0.205305278301239,0.22725264728069305,10.48643684387207,5.175113201141357,5.37860107421875,0.000166,0,20.2397980918083,6941.353777400014
58600,0.8173250555992126,0.21788625419139862,0.2103840410709381,0.20526446402072906,0.2181416153907776,10.811274528503418,5.779928684234619,4.49761962890625,0.00016560000000000001,0,19.42009121848986,6951.652390200019
58700,0.7455058693885803,0.21464599668979645,0.2115865796804428,0.1997428983449936,0.22049863636493683,10.480587005615234,5.117491722106934,4.2688422203063965,0.00016520000000000003,0,14.33598248670627,6965.603300100018
58800,0.85597825050354,0.2143905758857727,0.20404992997646332,0.18397970497608185,0.22370505332946777,10.12531852722168,5.146932125091553,5.392131805419922,0.00016480000000000002,0,18.70955887920682,6976.29302300002
58900,0.8019594550132751,0.2100224792957306,0.2066967934370041,0.19862483441829681,0.2194245308637619,10.164700508117676,4.536083221435547,4.5031962394714355,0.0001644,0,20.068441412605097,6986.258919000014
59000,0.822754442691803,0.207691952586174,0.204586923122406,0.2038133591413498,0.21030904352664948,11.209699630737305,5.63798189163208,4.631068706512451,0.00016400000000000003,0,12.657087027993253,7002.06034310002
59100,0.7605806589126587,0.20595839619636536,0.19938626885414124,0.2014099657535553,0.2288486361503601,9.73222541809082,5.014685153961182,4.366418838500977,0.00016360000000000002,0,20.379469180673063,7011.874141400011
59200,0.7525349259376526,0.20352527499198914,0.20082570612430573,0.18732789158821106,0.21089009940624237,9.846502304077148,4.705257892608643,4.265344619750977,0.0001632,0,18.722620215721744,7022.55640690001
59300,0.7413147687911987,0.217037633061409,0.20592670142650604,0.18814712762832642,0.22298942506313324,11.253155708312988,4.991209983825684,4.634847640991211,0.00016280000000000003,0,13.480597810313636,7037.392544200018
59400,0.8289964199066162,0.21154870092868805,0.20241548120975494,0.18537898361682892,0.22344091534614563,10.635172843933105,5.079907417297363,4.302030563354492,0.00016240000000000002,0,19.807332688447637,7047.489814900007
59500,0.7887388467788696,0.20527337491512299,0.20341986417770386,0.19961142539978027,0.2144022136926651,9.906875610351562,5.151425838470459,4.160134792327881,0.000162,0,19.074897058716875,7057.974799400021
59600,0.7566141486167908,0.2031332403421402,0.1934279352426529,0.1901470124721527,0.22211383283138275,9.384908676147461,5.2305707931518555,4.614587783813477,0.00016160000000000002,0,13.390686088209982,7072.910553900016
59700,0.8445693254470825,0.20964276790618896,0.2054033875465393,0.19392694532871246,0.2241320013999939,11.372730255126953,4.828799724578857,4.623452186584473,0.00016120000000000002,0,20.69941266140196,7082.57266380002
59800,0.7936167120933533,0.20427611470222473,0.19336070120334625,0.1806619018316269,0.21257570385932922,10.373270988464355,4.991674423217773,4.704239845275879,0.0001608,0,19.65762530246533,7092.74683270001
59900,0.8133007884025574,0.20046299695968628,0.19352155923843384,0.19829636812210083,0.2300853133201599,10.24450397491455,5.662700176239014,3.693434476852417,0.00016040000000000002,0,13.442941522090925,7107.624528900007
60000,0.8088403940200806,0.19977061450481415,0.1929289996623993,0.20190972089767456,0.21555288136005402,10.032052040100098,5.371988296508789,4.082971096038818,0.00016,0,19.20067033379269,7118.040831900013
60100,0.8345637321472168,0.20825877785682678,0.20385661721229553,0.17305703461170197,0.22430181503295898,10.575540542602539,5.970125675201416,4.812988758087158,0.0001596,0,5.989765772394968,7151.431119200017
60200,0.7680468559265137,0.20200635492801666,0.1937430202960968,0.19435414671897888,0.21694281697273254,10.021845817565918,4.6119704246521,4.260069370269775,0.00015920000000000002,0,14.58803910043597,7165.140981000019
60300,0.8195567727088928,0.20420309901237488,0.19606129825115204,0.18900997936725616,0.23033960163593292,10.04495620727539,5.5357232093811035,4.41765022277832,0.0001588,0,19.67495208411576,7175.3061900000175
60400,0.8429460525512695,0.21160413324832916,0.20557384192943573,0.18588100373744965,0.21682468056678772,10.410056114196777,4.806601524353027,4.149084091186523,0.00015840000000000003,0,17.451745661464706,7186.766361600021
60500,0.810289740562439,0.21106156706809998,0.20450906455516815,0.1994926631450653,0.23369666934013367,10.569873809814453,5.0521674156188965,4.035549163818359,0.00015800000000000002,0,14.972142868418379,7200.124502900013
60600,0.8359789848327637,0.20073431730270386,0.20317953824996948,0.18515998125076294,0.22308871150016785,10.106367111206055,5.0462541580200195,3.9727494716644287,0.0001576,0,19.774906784304616,7210.238330600012
60700,0.7742754220962524,0.20195072889328003,0.1984989494085312,0.19231551885604858,0.21445274353027344,10.785589218139648,5.172174453735352,3.886448383331299,0.00015720000000000003,0,17.392617717310824,7221.737462200021
60800,0.8565084934234619,0.20699095726013184,0.19992266595363617,0.18123261630535126,0.22832313179969788,10.914434432983398,5.180062294006348,3.960357189178467,0.00015680000000000002,0,14.111809318760102,7235.909989300009
60900,0.8429327011108398,0.2023356556892395,0.19080182909965515,0.18020589649677277,0.2237168848514557,10.91293716430664,5.820559024810791,4.422258377075195,0.0001564,0,19.757103990243767,7246.032930400019
61000,0.8516998291015625,0.20125214755535126,0.1917516142129898,0.1718706637620926,0.23181384801864624,10.082069396972656,4.970464706420898,4.038692474365234,0.00015600000000000002,0,19.217892688309526,7256.439898700017
61100,0.8703734278678894,0.20209477841854095,0.19024012982845306,0.19654817879199982,0.22892381250858307,10.07559585571289,5.944903373718262,4.233145236968994,0.00015560000000000001,0,14.203328689266828,7270.521104900021
61200,0.790627121925354,0.19793416559696198,0.19595679640769958,0.18380361795425415,0.22084498405456543,10.385564804077148,5.0264716148376465,4.169177055358887,0.0001552,0,11.264075758032027,7288.276667300015
61300,0.8140284419059753,0.21100489795207977,0.20225416123867035,0.20246519148349762,0.2110273689031601,11.773848533630371,4.843404769897461,4.199138164520264,0.00015480000000000002,0,17.863619216589864,7299.472606800016
61400,0.8711711764335632,0.21252095699310303,0.2039937525987625,0.1846875548362732,0.21411243081092834,10.76070785522461,5.23724365234375,4.395234107971191,0.0001544,0,14.633714254283854,7313.139677000014
61500,0.8684390187263489,0.2014797031879425,0.19243478775024414,0.18231657147407532,0.22049154341220856,10.648788452148438,4.82480001449585,4.1428961753845215,0.000154,0,19.438318890207103,7323.428632600015
61600,0.8693606853485107,0.20568427443504333,0.1949913054704666,0.17487704753875732,0.23032720386981964,11.008893013000488,5.197597026824951,4.102938652038574,0.00015360000000000002,0,17.75656207958035,7334.6920742000075
61700,0.7690806984901428,0.2120521068572998,0.19706770777702332,0.19135427474975586,0.21900874376296997,11.056414604187012,5.599191665649414,4.055505752563477,0.0001532,0,14.570719749620473,7348.418232100012
61800,0.8172447085380554,0.20173197984695435,0.19756612181663513,0.1914050132036209,0.22700153291225433,10.303290367126465,5.927457332611084,4.356085300445557,0.0001528,0,20.929873245755505,7357.973951700013
61900,0.8475010395050049,0.20064419507980347,0.19988124072551727,0.1947566419839859,0.21362332999706268,10.055573463439941,4.808607578277588,4.394291877746582,0.00015240000000000002,0,18.152854312610113,7368.9915028000105
62000,0.829331636428833,0.1996108591556549,0.19380544126033783,0.19514724612236023,0.21132127940654755,9.950446128845215,5.328461170196533,4.53360652923584,0.000152,0,14.218294585792934,7383.05788740002
62100,0.7496781945228577,0.2033722847700119,0.19184166193008423,0.17815831303596497,0.23015689849853516,9.95956802368164,5.20205020904541,4.027544021606445,0.0001516,0,20.920135333206954,7392.618055000014
62200,0.8962140679359436,0.19192902743816376,0.1862730234861374,0.18516400456428528,0.2184150218963623,10.38630199432373,4.871792316436768,3.828026056289673,0.00015120000000000002,0,18.25693367988597,7403.572797100016
62300,0.8502671122550964,0.2034267783164978,0.1934337168931961,0.17965741455554962,0.21887381374835968,10.620038032531738,5.4713897705078125,4.007387638092041,0.0001508,0,13.865251715878916,7417.9973459000175
62400,0.8964185118675232,0.20167522132396698,0.1929735541343689,0.1948142647743225,0.21911239624023438,10.357630729675293,4.641729354858398,4.073846817016602,0.0001504,0,18.810675833535342,7428.629606100018
62500,0.8232771158218384,0.19284135103225708,0.1929856836795807,0.18558993935585022,0.23350650072097778,10.808721542358398,4.882157325744629,4.627127170562744,0.00015000000000000001,0,18.319453065409945,7439.546962600012
62600,0.8551955223083496,0.21209822595119476,0.19743627309799194,0.19042934477329254,0.22424019873142242,10.710999488830566,5.471993446350098,4.551732540130615,0.0001496,0,15.107473547051516,7452.785443500019
62700,0.843261182308197,0.21031779050827026,0.19802358746528625,0.1760348528623581,0.20739483833312988,10.622889518737793,5.159718036651611,3.913255453109741,0.0001492,0,19.457331332269206,7463.064345400009
62800,0.7805889844894409,0.2034134864807129,0.20475946366786957,0.17682300508022308,0.20939984917640686,10.813108444213867,5.334061622619629,4.225756645202637,0.0001488,0,20.523953336597742,7472.809056700018
62900,0.8518241047859192,0.20264193415641785,0.1962604820728302,0.19203568994998932,0.22596833109855652,10.678892135620117,5.41267204284668,4.533528804779053,0.0001484,0,15.24419105618328,7485.928808300014
63000,0.8134074211120605,0.20267699658870697,0.19137771427631378,0.18802112340927124,0.2159273326396942,10.19845962524414,5.050494194030762,4.097390174865723,0.000148,0,22.381319583785842,7494.86483190002
63100,0.8048012852668762,0.19403323531150818,0.19031330943107605,0.19175253808498383,0.22971473634243011,9.699949264526367,5.329150676727295,4.388773441314697,0.0001476,0,22.842097354991708,7503.620595300017
63200,0.8611507415771484,0.18663884699344635,0.18178729712963104,0.17354823648929596,0.20539018511772156,10.763416290283203,4.786226272583008,4.224647521972656,0.0001472,0,13.88708183236416,7518.0224691000185
63300,0.8541901111602783,0.19239115715026855,0.17916905879974365,0.19096669554710388,0.20969581604003906,10.112586975097656,5.810179710388184,4.723866939544678,0.00014680000000000002,0,18.91016519902293,7528.5987913000135
63400,0.8068093657493591,0.2128967046737671,0.20882871747016907,0.18640510737895966,0.21859179437160492,10.19379711151123,4.914231777191162,4.223959922790527,0.0001464,0,19.1867710130303,7539.022640100011
63500,0.8589364290237427,0.20606520771980286,0.19901582598686218,0.18164631724357605,0.22282840311527252,10.036259651184082,5.476076602935791,4.452953815460205,0.000146,0,13.600559853444944,7553.727917100012
63600,0.8599031567573547,0.19219127297401428,0.1836177408695221,0.18292571604251862,0.2173033356666565,10.32131290435791,5.37919282913208,3.840529441833496,0.00014560000000000002,0,20.338251356387758,7563.561604200018
63700,0.8490294218063354,0.21157656610012054,0.20529863238334656,0.18511740863323212,0.22621512413024902,10.542925834655762,5.480234146118164,4.249588966369629,0.0001452,0,18.629372253134104,7574.297339000012
63800,0.8130624890327454,0.19916953146457672,0.1936195194721222,0.1784314066171646,0.22211198508739471,10.337455749511719,5.357041358947754,4.071120262145996,0.0001448,0,14.826713526989668,7587.786505000011
63900,0.8334894180297852,0.19009095430374146,0.1782049536705017,0.17647714912891388,0.22248753905296326,10.696264266967773,4.84743595123291,4.342179298400879,0.0001444,0,20.976335787985978,7597.321058700021
64000,0.7868347764015198,0.19935956597328186,0.18958629667758942,0.1811426281929016,0.23100070655345917,10.287168502807617,5.477743625640869,4.570612907409668,0.000144,0,21.202378173257177,7606.753962800009
64100,0.7642986178398132,0.1935029774904251,0.18152843415737152,0.18189284205436707,0.2188577950000763,10.441576957702637,5.166486740112305,3.9239120483398438,0.0001436,0,12.768681957523832,7622.417286600015
64200,0.7735978364944458,0.1968543380498886,0.18898345530033112,0.18451908230781555,0.22974838316440582,10.358439445495605,5.078194618225098,4.305602550506592,0.0001432,0,20.128892950558807,7632.353252800007
64300,0.7760105133056641,0.18871758878231049,0.1828489452600479,0.19019068777561188,0.2222190499305725,10.268278121948242,4.843428134918213,4.0060648918151855,0.0001428,0,21.144718832621763,7641.811879400018
64400,0.7822140455245972,0.19831858575344086,0.18692418932914734,0.18274113535881042,0.23101752996444702,9.470001220703125,5.014012813568115,3.969484567642212,0.0001424,0,13.684787786677026,7656.426647500019
64500,0.8374643325805664,0.20356719195842743,0.19628892838954926,0.179391548037529,0.20135439932346344,10.455141067504883,4.579751491546631,4.07314920425415,0.000142,0,18.880631906068714,7667.019513300009
64600,0.8059142231941223,0.19196294248104095,0.18397416174411774,0.17509619891643524,0.2250106930732727,9.990251541137695,5.607908725738525,4.168922424316406,0.0001416,0,19.61964204374974,7677.2133792000095
64700,0.8531200885772705,0.2006571888923645,0.1946728527545929,0.17862802743911743,0.21724627912044525,11.849074363708496,5.195956707000732,3.636305570602417,0.0001412,0,14.475092960850345,7691.030216200015
64800,0.7911628484725952,0.20477084815502167,0.1986900120973587,0.19208280742168427,0.22146043181419373,11.191970825195312,5.618546009063721,3.713005304336548,0.0001408,0,18.855898023077618,7701.6369770000165
64900,0.7864813804626465,0.19906312227249146,0.19238965213298798,0.17769405245780945,0.2201813906431198,11.338846206665039,4.740421295166016,4.047018527984619,0.0001404,0,20.03108443714224,7711.621458900016
65000,0.7941256761550903,0.21249635517597198,0.20366284251213074,0.17696481943130493,0.22181689739227295,11.259902000427246,5.142261028289795,3.919034242630005,0.00014,0,14.064801759748898,7725.841353600015
65100,0.8275814652442932,0.18711338937282562,0.17921021580696106,0.18707618117332458,0.2167646735906601,10.790432929992676,5.227474689483643,3.9904112815856934,0.0001396,0,6.041153947638577,7758.947611400014
65200,0.9173197746276855,0.19183562695980072,0.18426690995693207,0.1822310835123062,0.21972472965717316,11.510046005249023,4.536132335662842,4.603551387786865,0.0001392,0,18.57101947840191,7769.717079400012
65300,0.8151243329048157,0.20907147228717804,0.20272277295589447,0.19496095180511475,0.23272787034511566,11.009465217590332,5.094477653503418,4.0587687492370605,0.00013879999999999999,0,13.824395014059725,7784.184258600013
65400,0.8184931874275208,0.19701524078845978,0.19164925813674927,0.18168316781520844,0.22699092328548431,11.406716346740723,4.741377353668213,4.1444501876831055,0.0001384,0,19.095264460342353,7794.658059600013
65500,0.8552438020706177,0.19550283253192902,0.1910206824541092,0.17986199259757996,0.21831467747688293,10.650556564331055,5.374288082122803,4.0546488761901855,0.000138,0,20.777934382229418,7804.28365550001
65600,0.8512454032897949,0.19669118523597717,0.18891294300556183,0.19255802035331726,0.22756436467170715,10.992470741271973,4.5871405601501465,4.197133541107178,0.00013759999999999998,0,14.782064002301894,7817.81356580001
65700,0.7926937937736511,0.19226175546646118,0.18711301684379578,0.17315632104873657,0.22381266951560974,10.223102569580078,4.996541500091553,3.827392101287842,0.0001372,0,19.718756114049974,7827.9561934000085
65800,0.8478277921676636,0.1968846619129181,0.18746300041675568,0.18277160823345184,0.2298266738653183,11.298263549804688,4.966403961181641,3.989680767059326,0.0001368,0,19.21977976726548,7838.362139900011
65900,0.8172634840011597,0.19396202266216278,0.18895025551319122,0.18499544262886047,0.21639510989189148,10.900936126708984,5.379325866699219,3.6764416694641113,0.00013639999999999998,0,13.625830404938986,7853.040144400016
66000,0.8260458707809448,0.19369937479496002,0.18709251284599304,0.1959710270166397,0.22194842994213104,10.48915958404541,4.7506208419799805,3.901763916015625,0.000136,0,19.28969684341006,7863.408373700018
66100,0.773467481136322,0.1997506320476532,0.1907873898744583,0.18611155450344086,0.23747067153453827,10.591123580932617,5.250398635864258,3.847231388092041,0.0001356,0,18.330463409072017,7874.319172600008
66200,0.8570632934570312,0.18770019710063934,0.1771349459886551,0.18439723551273346,0.21695294976234436,10.781497955322266,5.592095851898193,4.318924903869629,0.0001352,0,14.004024336461418,7888.60078160002
66300,0.8541876673698425,0.1875898689031601,0.1819801926612854,0.17202302813529968,0.20908546447753906,11.078998565673828,4.97323751449585,4.281746864318848,0.0001348,0,20.497096611893845,7898.3582611000165
66400,0.8694891929626465,0.1859028935432434,0.17781083285808563,0.19180148839950562,0.2217702567577362,11.08467960357666,5.355402946472168,4.465758323669434,0.0001344,0,18.83075049504126,7908.979186700017
66500,0.7893751859664917,0.19024457037448883,0.17620457708835602,0.1755126267671585,0.22876237332820892,10.276406288146973,5.2686076164245605,3.9613332748413086,0.000134,0,13.428570816612638,7923.872804400016
66600,0.7984233498573303,0.19744819402694702,0.18014086782932281,0.18461380898952484,0.21838688850402832,10.95246410369873,5.567782878875732,3.831217050552368,0.0001336,0,18.755413984702102,7934.536392000009
66700,0.8043698072433472,0.18910449743270874,0.17674779891967773,0.17529745399951935,0.21746154129505157,10.96922492980957,5.186572074890137,3.523831605911255,0.00013319999999999999,0,20.340376263198927,7944.369051800008
66800,0.8664821982383728,0.19821222126483917,0.19091905653476715,0.19697482883930206,0.21585577726364136,11.794500350952148,5.323001384735107,4.565169811248779,0.0001328,0,13.83564232332524,7958.824470300009
66900,0.8513475656509399,0.1941555291414261,0.18483954668045044,0.1752331703901291,0.2205762416124344,11.06730842590332,5.7080979347229,3.746641159057617,0.0001324,0,19.74416030425374,7968.954047700012
67000,0.7887530326843262,0.19725555181503296,0.19110959768295288,0.18131135404109955,0.22091935575008392,11.24998950958252,5.762551784515381,4.233105659484863,0.00013199999999999998,0,17.187386026134405,7980.59048850002
67100,0.8165072202682495,0.20494095981121063,0.18881036341190338,0.16757039725780487,0.23010580241680145,11.23509407043457,4.91886043548584,4.39234733581543,0.0001316,0,14.083864242788671,7994.791136600019
67200,0.8068509697914124,0.20244084298610687,0.18510615825653076,0.1875772476196289,0.22761975228786469,11.07717514038086,5.855724334716797,4.139044284820557,0.00013120000000000002,0,18.91203900027293,8005.366410900009
67300,0.7777741551399231,0.19744881987571716,0.1833396553993225,0.21065761148929596,0.22100688517093658,10.773993492126465,4.914930820465088,3.6399474143981934,0.0001308,0,21.203748911861904,8014.79870520001
67400,0.8307436108589172,0.1968366950750351,0.19376015663146973,0.17936907708644867,0.21634067595005035,11.337752342224121,4.969338417053223,3.86600923538208,0.0001304,0,13.338011418536796,8029.793444200011
67500,0.8184965252876282,0.1995026022195816,0.18756933510303497,0.17646607756614685,0.21940095722675323,11.090164184570312,5.266563415527344,3.9464497566223145,0.00013000000000000002,0,20.761877008210607,8039.426484600015
67600,0.8058311939239502,0.19485366344451904,0.18533605337142944,0.1779683381319046,0.21332301199436188,11.262385368347168,5.179874897003174,3.734205484390259,0.0001296,0,19.0826320426287,8049.907219100016
67700,0.8273266553878784,0.19272609055042267,0.17681820690631866,0.1946444809436798,0.21812182664871216,10.15512752532959,5.277019500732422,4.08467435836792,0.00012920000000000002,0,14.494238547433547,8063.705805300007
67800,0.8010870218276978,0.1930890828371048,0.17850026488304138,0.18238681554794312,0.22227518260478973,10.391632080078125,4.576539039611816,4.414874076843262,0.00012880000000000001,0,19.0347397801034,8074.212909800015
67900,0.7543414831161499,0.20204848051071167,0.19807496666908264,0.18362952768802643,0.21527668833732605,13.083810806274414,4.788699626922607,3.9876415729522705,0.0001284,0,19.94867544935255,8084.238638100011
68000,0.7857885360717773,0.18906749784946442,0.18006408214569092,0.19108162820339203,0.20750203728675842,9.867070198059082,4.8715128898620605,4.7032084465026855,0.00012800000000000002,0,13.560962772483231,8098.986853500013
68100,0.7382357716560364,0.1999761015176773,0.19350796937942505,0.2043493092060089,0.23314496874809265,9.57935619354248,5.205324172973633,4.001898288726807,0.0001276,0,18.390207993997677,8109.8622063000075
68200,0.7234581112861633,0.19505487382411957,0.18750913441181183,0.20582593977451324,0.22201600670814514,10.628188133239746,5.065971851348877,3.6683778762817383,0.0001272,0,10.053957427914092,8129.754870600009
68300,0.7610450387001038,0.18512016534805298,0.17975670099258423,0.19046786427497864,0.2267564982175827,10.126974105834961,4.67961311340332,3.5750372409820557,0.00012680000000000002,0,12.497484959262847,8145.758090500007
68400,0.7492448091506958,0.1797618865966797,0.17111042141914368,0.20352372527122498,0.2214302271604538,9.78024959564209,4.27229642868042,3.9516148567199707,0.0001264,0,18.950359845058145,8156.311979800012
68500,0.7418355941772461,0.19178377091884613,0.18499848246574402,0.19230835139751434,0.21029046177864075,10.049721717834473,4.72705078125,3.7348711490631104,0.000126,0,15.965077478630445,8168.83932270002
68600,0.7888724207878113,0.19509710371494293,0.18196570873260498,0.19249852001667023,0.2273905873298645,10.275257110595703,4.704916000366211,3.93522047996521,0.00012560000000000002,0,12.717599882661204,8184.565560500021
68700,0.7905244827270508,0.19369864463806152,0.181170254945755,0.19476693868637085,0.21257011592388153,10.898183822631836,4.349575519561768,3.5944228172302246,0.0001252,0,18.325282822811822,8195.47944390001
68800,0.7865735292434692,0.19046840071678162,0.18679407238960266,0.20985303819179535,0.20964597165584564,10.563438415527344,4.915048599243164,4.557913303375244,0.0001248,0,19.858663114389586,8205.550615300017
68900,0.7966297268867493,0.18926092982292175,0.18002207577228546,0.17667317390441895,0.22517289221286774,10.642862319946289,5.029786109924316,3.9992740154266357,0.00012440000000000002,0,13.535089177297142,8220.327023300008
69000,0.7779955863952637,0.19374345242977142,0.18703927099704742,0.19520790874958038,0.21357469260692596,10.174041748046875,5.063347339630127,3.4687299728393555,0.000124,0,21.51462069077485,8229.623027300011
69100,0.7822122573852539,0.17963996529579163,0.17088159918785095,0.19535231590270996,0.22361956536769867,9.329288482666016,4.606367111206055,3.98808217048645,0.0001236,0,19.67398824300707,8239.788734300018
69200,0.7828463315963745,0.20079900324344635,0.19201213121414185,0.20404036343097687,0.2114000916481018,10.731542587280273,4.9990363121032715,4.039054870605469,0.0001232,0,13.340755329162095,8254.780389200008
69300,0.7542133927345276,0.2000684291124344,0.1862209290266037,0.18447232246398926,0.21111652255058289,11.442000389099121,4.832144260406494,3.9687740802764893,0.0001228,0,20.6052576004168,8264.48664980002
69400,0.7743914127349854,0.19747598469257355,0.18706896901130676,0.18295571208000183,0.21212919056415558,10.63270378112793,5.012297630310059,3.936563014984131,0.0001224,0,20.568350206378803,8274.210327100009
69500,0.764858067035675,0.19626352190971375,0.18331223726272583,0.20845916867256165,0.21657909452915192,10.676148414611816,4.9601149559021,4.144935131072998,0.000122,0,13.061074026219366,8289.523003500013
69600,0.7234111428260803,0.19249245524406433,0.1799449324607849,0.19763383269309998,0.2123861014842987,10.510428428649902,4.679366111755371,3.5567283630371094,0.0001216,0,19.874491196863314,8299.58615420002
69700,0.8146123290061951,0.18146203458309174,0.17257718741893768,0.17071335017681122,0.2260141372680664,10.855852127075195,5.004443168640137,4.025298595428467,0.0001212,0,18.386393892032885,8310.463763000007
69800,0.7509856820106506,0.18508318066596985,0.17650382220745087,0.1923241913318634,0.21434691548347473,10.228436470031738,5.042383193969727,4.2495245933532715,0.0001208,0,12.876732054856665,8325.995654100014
69900,0.7866709232330322,0.19632384181022644,0.18563543260097504,0.2045363336801529,0.204734668135643,10.425172805786133,5.244933128356934,3.7966365814208984,0.0001204,0,19.35457692340324,8336.32912720002
70000,0.779242753982544,0.18879175186157227,0.18107090890407562,0.2123427540063858,0.22931016981601715,10.325029373168945,5.292006492614746,3.734389305114746,0.00012,0,20.680398768558064,8346.000120600016
70100,0.7480959296226501,0.1826917827129364,0.1708528697490692,0.20999467372894287,0.20631422102451324,10.044075965881348,4.486612796783447,3.927206039428711,0.00011960000000000001,0,5.377830767098642,8383.189836800011
70200,0.7581390738487244,0.18292368948459625,0.17066676914691925,0.19298318028450012,0.22402074933052063,9.87402057647705,4.8756208419799805,4.118357181549072,0.0001192,0,20.318662459829067,8393.033004400015
70300,0.8059821724891663,0.19575367867946625,0.18683980405330658,0.19539351761341095,0.21167060732841492,10.504965782165527,4.7808637619018555,4.1933274269104,0.0001188,0,18.16430679928317,8404.043609000015
70400,0.8171659708023071,0.1881290227174759,0.17962661385536194,0.20175805687904358,0.21120592951774597,10.410300254821777,4.969761371612549,4.182865619659424,0.00011840000000000002,0,13.184177915946139,8419.213307200014
70500,0.7516724467277527,0.19662946462631226,0.18490812182426453,0.20512697100639343,0.22560575604438782,10.702048301696777,5.259557247161865,3.6925783157348633,0.00011800000000000002,0,18.762270994280957,8429.872997600018
70600,0.7558863162994385,0.18937650322914124,0.1723565012216568,0.1846722960472107,0.23303328454494476,10.215669631958008,5.090626239776611,4.0027642250061035,0.00011760000000000003,0,20.163959811342227,8439.791684300013
70700,0.7898494601249695,0.18315774202346802,0.17355550825595856,0.18649932742118835,0.2274302840232849,9.969616889953613,4.31492805480957,3.5830626487731934,0.00011720000000000002,0,15.12872693351607,8453.011567300011
70800,0.7223101854324341,0.1917998045682907,0.18415842950344086,0.19348379969596863,0.22561116516590118,10.449405670166016,5.176424503326416,3.6344964504241943,0.00011680000000000002,0,21.787766887870546,8462.191030300019
70900,0.7769261598587036,0.19074811041355133,0.18048548698425293,0.20532935857772827,0.22514207661151886,10.396856307983398,5.069039344787598,3.7930586338043213,0.00011640000000000002,0,18.908248508812424,8472.768424600014
71000,0.8336755037307739,0.1918472945690155,0.17788918316364288,0.18630965054035187,0.20522645115852356,10.640620231628418,4.78383207321167,3.7530181407928467,0.00011600000000000001,0,14.024534871922624,8487.02914710001
71100,0.8187034130096436,0.18791154026985168,0.18037232756614685,0.1841970533132553,0.22269149124622345,10.149102210998535,5.175662040710449,3.9381182193756104,0.00011560000000000002,0,19.27746165256021,8497.403957000017
71200,0.8507412672042847,0.18690595030784607,0.18176469206809998,0.19057951867580414,0.2188996821641922,10.47136116027832,5.055256366729736,3.878126859664917,0.00011520000000000002,0,17.909792690492452,8508.571032100008
71300,0.789009690284729,0.18856103718280792,0.17458993196487427,0.18222291767597198,0.20888519287109375,10.351385116577148,4.7384443283081055,3.6585655212402344,0.00011480000000000001,0,13.586702047974008,8523.291307800013
71400,0.7861201167106628,0.18848803639411926,0.17738065123558044,0.18805019557476044,0.2154238522052765,10.134333610534668,4.911256313323975,4.210605144500732,0.00011440000000000002,0,20.035416405216164,8533.273630900017
71500,0.8433501124382019,0.1894662082195282,0.1804908663034439,0.17711135745048523,0.20681697130203247,10.734365463256836,5.162683486938477,3.598907709121704,0.00011400000000000002,0,18.936899505006735,8543.835021900013
71600,0.7801827192306519,0.17970801889896393,0.16406524181365967,0.20396558940410614,0.2184123992919922,11.21002197265625,5.517726898193359,3.7372004985809326,0.00011360000000000002,0,13.678813003488342,8558.456173600018
71700,0.7541835904121399,0.19129689037799835,0.18045856058597565,0.18733051419258118,0.20880381762981415,11.34510326385498,5.4757208824157715,3.9376583099365234,0.00011320000000000001,0,18.993641470153502,8568.986013300018
71800,0.7436752915382385,0.19532376527786255,0.1896098256111145,0.20712780952453613,0.21462365984916687,10.65086555480957,4.786346912384033,4.290531635284424,0.00011280000000000002,0,20.062080100660015,8578.95506930002
71900,0.7119219899177551,0.19497725367546082,0.18085482716560364,0.21702247858047485,0.23351535201072693,10.210826873779297,4.697368144989014,4.172387599945068,0.00011240000000000002,0,14.378390406498072,8592.864832100007
72000,0.8397190570831299,0.18960052728652954,0.1806279718875885,0.20148175954818726,0.2205677628517151,10.932785034179688,4.306827068328857,4.140468120574951,0.00011200000000000001,0,19.77650062453968,8602.977844700014
72100,0.8330847024917603,0.18213212490081787,0.16898013651371002,0.1903993934392929,0.19887225329875946,10.375511169433594,5.032538890838623,3.7196829319000244,0.00011160000000000002,0,19.46095357679425,8613.254833400017
72200,0.8036227822303772,0.184126615524292,0.1693982034921646,0.19619986414909363,0.22441966831684113,9.943925857543945,5.107073783874512,3.70993709564209,0.00011120000000000002,0,14.372358562610792,8627.170433900013
72300,0.7245274186134338,0.18930597603321075,0.17570145428180695,0.21267805993556976,0.22837485373020172,9.876741409301758,4.7308478355407715,3.720197916030884,0.00011080000000000001,0,20.32560398039626,8637.010239900017
72400,0.7502073645591736,0.19498099386692047,0.1802344024181366,0.18915057182312012,0.22990472614765167,10.223883628845215,5.019463539123535,4.293118000030518,0.00011040000000000001,0,20.208331733516946,8646.907147900012
72500,0.7529003024101257,0.19502398371696472,0.18578504025936127,0.20181317627429962,0.22045376896858215,10.545553207397461,4.736644268035889,3.600641965866089,0.00011000000000000002,0,13.72499830290035,8661.479098700016
72600,0.7926591038703918,0.1813645362854004,0.17229753732681274,0.18701021373271942,0.21492916345596313,10.186372756958008,4.771441459655762,3.4908244609832764,0.00010960000000000001,0,19.9428599172081,8671.507750600009
72700,0.8070193529129028,0.1922755241394043,0.1798585057258606,0.20364423096179962,0.22029107809066772,10.809136390686035,5.534063816070557,4.056129455566406,0.00010920000000000001,0,20.158620524622357,8681.429064400014
72800,0.7863739728927612,0.19240263104438782,0.17594078183174133,0.19848212599754333,0.20872491598129272,10.749212265014648,5.394625663757324,3.829935312271118,0.00010880000000000002,0,13.89445429325166,8695.82329650002
72900,0.7730892300605774,0.19154570996761322,0.17252670228481293,0.18363189697265625,0.20736253261566162,10.929000854492188,4.869529724121094,3.922579526901245,0.00010840000000000002,0,19.018868676682306,8706.339169100014
73000,0.7857115268707275,0.18277797102928162,0.1847829520702362,0.19520245492458344,0.22930996119976044,10.404522895812988,5.300025463104248,4.026264667510986,0.00010800000000000001,0,19.92044868419381,8716.379103600018
73100,0.8147082924842834,0.19534198939800262,0.1911458671092987,0.18767207860946655,0.21303969621658325,10.518939018249512,4.837503433227539,4.026180744171143,0.00010760000000000001,0,15.163199200616218,8729.568932300012
73200,0.7609139680862427,0.19293726980686188,0.17849577963352203,0.20179475843906403,0.2067638337612152,10.71846866607666,5.508338451385498,3.6790454387664795,0.00010720000000000002,0,19.451564689702792,8739.85088150001
73300,0.7776854634284973,0.1778261661529541,0.17255929112434387,0.19580794870853424,0.21492689847946167,10.058931350708008,4.710746765136719,3.6976559162139893,0.00010680000000000001,0,21.34746729218287,8749.21967440001
73400,0.7828814387321472,0.18177194893360138,0.17140771448612213,0.19655174016952515,0.21998870372772217,10.455526351928711,5.235851287841797,3.7365846633911133,0.00010640000000000001,0,13.94473425707193,8763.56200580002
73500,0.780790388584137,0.18393823504447937,0.17637702822685242,0.20667709410190582,0.2174694985151291,9.917611122131348,5.0693135261535645,4.091274738311768,0.00010600000000000002,0,21.14796527072652,8773.01918040002
73600,0.7503915429115295,0.1725352704524994,0.16403882205486298,0.20110072195529938,0.2312489002943039,10.3491792678833,4.7723822593688965,3.806875228881836,0.0001056,0,21.332027471962746,8782.39475430001
73700,0.7825039625167847,0.19074641168117523,0.17631657421588898,0.18080700933933258,0.2069414108991623,11.435103416442871,4.417253494262695,3.5758354663848877,0.00010520000000000001,0,14.933342635799944,8795.78760310002
73800,0.7584342956542969,0.19501522183418274,0.18258415162563324,0.19083759188652039,0.20961347222328186,10.527314186096191,4.884975433349609,3.4327497482299805,0.00010480000000000001,0,18.69227708011861,8806.487209100014
73900,0.7428368926048279,0.18578973412513733,0.17501889169216156,0.1707874983549118,0.2127869874238968,9.952581405639648,4.7376708984375,3.6981818675994873,0.0001044,0,19.307470198270956,8816.845894000013
74000,0.815522313117981,0.188865065574646,0.17670804262161255,0.19724491238594055,0.21993231773376465,10.623466491699219,5.473581314086914,4.074938774108887,0.00010400000000000001,0,14.721418103600852,8830.431541700018
74100,0.8455737233161926,0.18496918678283691,0.1808575987815857,0.19293971359729767,0.21482078731060028,11.69749927520752,5.093811988830566,3.985142230987549,0.00010360000000000001,0,20.318158384879368,8840.274953500018
74200,0.8253286480903625,0.188803568482399,0.17391173541545868,0.18656110763549805,0.22092781960964203,11.24940299987793,5.202902317047119,3.688354969024658,0.0001032,0,20.29802864733764,8850.128127100019
74300,0.8104802370071411,0.1860208660364151,0.17212587594985962,0.20797240734100342,0.22148720920085907,10.625615119934082,5.1798858642578125,3.477813959121704,0.0001028,0,14.772526760861792,8863.666772400014
74400,0.8854091167449951,0.18107019364833832,0.17121028900146484,0.18047095835208893,0.21736077964305878,10.601249694824219,4.840383052825928,3.5591189861297607,0.00010240000000000001,0,20.94414421886263,8873.215980900015
74500,0.7933721542358398,0.1862538605928421,0.17937375605106354,0.1856699138879776,0.21622197329998016,10.326080322265625,5.1084771156311035,3.6005570888519287,0.00010200000000000001,0,21.4502533446592,8882.539880100012
74600,0.8028150200843811,0.1806696206331253,0.16854538023471832,0.16360557079315186,0.22200141847133636,10.578901290893555,4.721528053283691,3.611912727355957,0.0001016,0,14.221004246929041,8896.603584500015
74700,0.8297220468521118,0.1851300150156021,0.1722586452960968,0.20353543758392334,0.21761339902877808,10.602601051330566,5.399150848388672,3.5826644897460938,0.00010120000000000001,0,17.80266225997175,8907.837859300009
74800,0.7672148942947388,0.18020951747894287,0.16567641496658325,0.18646207451820374,0.2098875790834427,10.251705169677734,4.73804235458374,3.8222429752349854,0.00010080000000000001,0,19.460406518540537,8918.115136900014
74900,0.7193589806556702,0.17802663147449493,0.16265088319778442,0.18684831261634827,0.2197890430688858,9.915875434875488,4.999131679534912,3.6612749099731445,0.0001004,0,14.64787043143568,8931.76899880002
75000,0.794279158115387,0.18706311285495758,0.17348502576351166,0.17627772688865662,0.2164722979068756,10.160476684570312,4.993337154388428,3.484306573867798,0.0001,0,20.057339722225052,8941.74041090002
75100,0.8253330588340759,0.18714918196201324,0.17663651704788208,0.1891416311264038,0.2192118614912033,10.78077507019043,5.635627269744873,4.50472354888916,9.960000000000001e-05,0,5.90575864383421,8975.605662100017
75200,0.8083248734474182,0.1841547191143036,0.1705174446105957,0.18564949929714203,0.217951238155365,9.886356353759766,5.083845615386963,3.3604953289031982,9.92e-05,0,9.286042656764845,8997.143362000017
75300,0.8079373836517334,0.1808154284954071,0.17507818341255188,0.18597057461738586,0.21096938848495483,10.669342041015625,5.100985050201416,3.372575283050537,9.88e-05,0,20.64094148290024,9006.832842500007
75400,0.7814168334007263,0.18291310966014862,0.17257554829120636,0.2039068192243576,0.23325029015541077,10.276187896728516,5.119343280792236,3.984996795654297,9.84e-05,0,18.935456942285942,9017.395038100018
75500,0.8221731185913086,0.17969007790088654,0.1634482592344284,0.17109926044940948,0.21717917919158936,9.37704086303711,4.6613287925720215,3.940392017364502,9.8e-05,0,14.618650393768162,9031.07619160002
75600,0.7816263437271118,0.18023565411567688,0.1700427383184433,0.19955120980739594,0.20726703107357025,10.409263610839844,4.798150062561035,3.6035778522491455,9.76e-05,0,19.69926976580488,9041.228852200016
75700,0.7733387351036072,0.17643508315086365,0.1677025407552719,0.18080560863018036,0.2278016209602356,10.356513023376465,5.316738605499268,3.7229886054992676,9.72e-05,0,19.429305534358768,9051.522580900011
75800,0.786711573600769,0.18626877665519714,0.1729913353919983,0.19030049443244934,0.217149555683136,11.024410247802734,5.358680725097656,3.8444786071777344,9.680000000000001e-05,0,14.60894726143816,9065.21282130001
75900,0.8122703433036804,0.1766309142112732,0.16524620354175568,0.17051798105239868,0.22238187491893768,9.641084671020508,4.837526798248291,3.5261199474334717,9.64e-05,0,20.90599123478653,9074.77945690001
76000,0.7996065616607666,0.17575059831142426,0.15927590429782867,0.19970420002937317,0.21638764441013336,10.924581527709961,5.209619522094727,3.613680362701416,9.6e-05,0,21.152285562614935,9084.234699900015
76100,0.7541071772575378,0.17561042308807373,0.16327305138111115,0.1869591921567917,0.20691436529159546,9.58708381652832,4.83977746963501,3.6051957607269287,9.56e-05,0,14.75826714773816,9097.786426400009
76200,0.7580599784851074,0.18063940107822418,0.16684657335281372,0.20793509483337402,0.21739375591278076,9.798580169677734,5.688956260681152,3.4589784145355225,9.52e-05,0,20.482139528239887,9107.551031300012
76300,0.7635389566421509,0.1750996708869934,0.16631844639778137,0.1896427869796753,0.22015662491321564,9.600997924804688,4.604757308959961,3.6261141300201416,9.48e-05,0,21.052537396535527,9117.051073800016
76400,0.741308331489563,0.1661868691444397,0.15461471676826477,0.1758485585451126,0.21742352843284607,9.571033477783203,4.704169273376465,3.91483473777771,9.44e-05,0,14.855976433794028,9130.513669200009
76500,0.790435791015625,0.19062291085720062,0.1764807403087616,0.20453263819217682,0.20976218581199646,10.548959732055664,5.131026268005371,3.7864480018615723,9.4e-05,0,20.146285807554918,9140.441057400021
76600,0.8023074865341187,0.19490398466587067,0.17675603926181793,0.20065829157829285,0.2107221484184265,10.769317626953125,4.486987590789795,4.223258018493652,9.36e-05,0,20.73788484213545,9150.08524250002
76700,0.7593957185745239,0.18424712121486664,0.1696748435497284,0.17850229144096375,0.22282792627811432,10.11220645904541,4.87195348739624,3.484975576400757,9.32e-05,0,14.094855445425551,9164.274816900012
76800,0.8346695303916931,0.18150657415390015,0.1713365912437439,0.19378140568733215,0.21824321150779724,10.888023376464844,5.206583023071289,3.887760639190674,9.279999999999999e-05,0,20.444854059355038,9174.057229600017
76900,0.7483973503112793,0.20046430826187134,0.18805091083049774,0.1986476480960846,0.2048981487751007,10.18179988861084,4.926424980163574,3.9402852058410645,9.24e-05,0,20.4109756061703,9183.855879300012
77000,0.7937033176422119,0.17881686985492706,0.16202497482299805,0.17339017987251282,0.21678653359413147,9.91446590423584,4.6454176902771,3.4106979370117188,9.2e-05,0,13.516066497554878,9198.653083800018
77100,0.8169057369232178,0.1820703148841858,0.1670747697353363,0.18132013082504272,0.22487547993659973,10.493412971496582,4.785622596740723,3.669240713119507,9.159999999999999e-05,0,18.887114906135185,9209.242313600014
77200,0.8296605348587036,0.17984269559383392,0.16937163472175598,0.17530973255634308,0.2133445143699646,10.172544479370117,5.170990467071533,3.380770206451416,9.12e-05,0,19.737368456726838,9219.375376700016
77300,0.8263140916824341,0.1846773624420166,0.17238640785217285,0.1788179874420166,0.21804030239582062,10.813627243041992,5.161966323852539,3.437102794647217,9.08e-05,0,14.327973928414082,9233.33408440002
77400,0.8732761740684509,0.18792596459388733,0.17996004223823547,0.18617358803749084,0.19891394674777985,11.221298217773438,4.825772285461426,3.7868165969848633,9.04e-05,0,20.20899679682584,9243.230666700008
77500,0.8132040500640869,0.18656393885612488,0.17101044952869415,0.1724846363067627,0.2100953757762909,11.201969146728516,4.891129493713379,3.9372808933258057,8.999999999999999e-05,0,20.45692401363881,9253.007307600012
77600,0.7857935428619385,0.17662085592746735,0.16780444979667664,0.1765395551919937,0.21632759273052216,10.333498001098633,5.477745056152344,3.9071550369262695,8.96e-05,0,13.911741242501776,9267.383653200013
77700,0.7772283554077148,0.17375493049621582,0.15934984385967255,0.19779552519321442,0.22032755613327026,10.039432525634766,5.381303787231445,3.575085163116455,8.92e-05,0,19.71688738292894,9277.527242100012
77800,0.7970793843269348,0.17877137660980225,0.16389550268650055,0.17568901181221008,0.22133582830429077,10.703042984008789,4.840801239013672,4.054843425750732,8.879999999999999e-05,0,20.55179134654727,9287.258753900009
77900,0.7691866755485535,0.18603986501693726,0.17132386565208435,0.1845095157623291,0.22519461810588837,11.0964937210083,5.294550895690918,3.7583327293395996,8.84e-05,0,13.50992452902889,9302.062685600016
78000,0.8897833824157715,0.17969608306884766,0.1712460219860077,0.19141581654548645,0.20479129254817963,11.462847709655762,5.482090950012207,3.407945394515991,8.8e-05,0,21.147836243795954,9311.51991790002
78100,0.8402606248855591,0.1716843992471695,0.16162444651126862,0.1732839047908783,0.2229638695716858,10.515201568603516,5.029489994049072,3.7672111988067627,8.759999999999999e-05,0,19.247733516843272,9321.910751700008
78200,0.788354218006134,0.1795322149991989,0.16096492111682892,0.18963177502155304,0.21056701242923737,10.730189323425293,5.094943046569824,3.5571911334991455,8.720000000000002e-05,0,14.205917919749947,9335.989391400013
78300,0.848168134689331,0.17475154995918274,0.16227349638938904,0.18653376400470734,0.21388882398605347,11.462416648864746,4.739689350128174,4.0931243896484375,8.680000000000001e-05,0,18.484878265112712,9346.80904610001
78400,0.7844944000244141,0.18036821484565735,0.16702382266521454,0.176325723528862,0.21412664651870728,12.108064651489258,4.8940534591674805,3.738407850265503,8.640000000000001e-05,0,20.041398113175717,9356.788389800015
78500,0.8338515758514404,0.1882011741399765,0.17362044751644135,0.1900871992111206,0.2188301980495453,12.192253112792969,5.441493988037109,3.784756660461426,8.600000000000002e-05,0,14.648932044518357,9370.441262200009
78600,0.8245615363121033,0.18011754751205444,0.16737796366214752,0.17074376344680786,0.21427294611930847,10.821704864501953,5.761712074279785,3.588545799255371,8.560000000000001e-05,0,21.307193781634968,9379.827763400011
78700,0.8116758465766907,0.1673421412706375,0.1573229730129242,0.18773013353347778,0.22583270072937012,10.060707092285156,4.999636650085449,3.2467050552368164,8.520000000000001e-05,0,20.948295396358763,9389.37507960001
78800,0.7930906414985657,0.17804275453090668,0.17053323984146118,0.17911335825920105,0.2103905826807022,11.284310340881348,5.102171897888184,3.960118293762207,8.480000000000001e-05,0,14.839846337835214,9402.852308100017
78900,0.8042832016944885,0.17697280645370483,0.16867132484912872,0.19398732483386993,0.21562178432941437,10.888917922973633,5.182989597320557,4.391537666320801,8.440000000000002e-05,0,19.343528049639474,9413.191683600016
79000,0.7529333829879761,0.17743287980556488,0.1682654321193695,0.19424958527088165,0.22018754482269287,9.759612083435059,4.849756240844727,3.9572856426239014,8.400000000000001e-05,0,19.928006290955448,9423.227810500015
79100,0.7337597608566284,0.17264968156814575,0.15745952725410461,0.19820863008499146,0.22780537605285645,9.72792911529541,4.530509948730469,3.526339292526245,8.360000000000001e-05,0,14.237959964601147,9437.274766700008
79200,0.7541452050209045,0.17304955422878265,0.1580704301595688,0.18535283207893372,0.2190254181623459,10.26578426361084,4.854846477508545,3.507462978363037,8.320000000000002e-05,0,21.074841800113422,9446.76475490001
79300,0.7644336819648743,0.18124838173389435,0.17150047421455383,0.20001135766506195,0.21232420206069946,11.289441108703613,5.1697916984558105,3.5509417057037354,8.280000000000001e-05,0,19.048908930882014,9457.26404390001
79400,0.7594178318977356,0.17930462956428528,0.16388125717639923,0.18889205157756805,0.22605660557746887,9.840470314025879,4.30680513381958,3.774878978729248,8.240000000000001e-05,0,14.843285005094257,9470.73815020002
79500,0.7489596605300903,0.17620083689689636,0.16239917278289795,0.1965821534395218,0.21530787646770477,10.588895797729492,4.705404281616211,3.709627389907837,8.200000000000001e-05,0,19.126356428054986,9481.194924900017
79600,0.7697376608848572,0.1760566085577011,0.1603114902973175,0.1733105480670929,0.21376816928386688,9.882513999938965,5.120845317840576,3.437039375305176,8.16e-05,0,21.45694870304281,9490.515914700009
79700,0.774605929851532,0.1769891381263733,0.16878476738929749,0.19291839003562927,0.20929691195487976,10.234607696533203,4.9097900390625,3.4580559730529785,8.120000000000001e-05,0,14.59333330856453,9504.220802800017
79800,0.7347753643989563,0.17794610559940338,0.16346703469753265,0.19904664158821106,0.2135397344827652,10.204059600830078,5.145388126373291,3.3797829151153564,8.080000000000001e-05,0,20.48544271665865,9513.983833200007
79900,0.7718955278396606,0.17256085574626923,0.16215147078037262,0.18127496540546417,0.20235949754714966,9.691793441772461,4.574482440948486,3.7619237899780273,8.04e-05,0,18.131361733876997,9525.014444300017
80000,0.7660771012306213,0.180373415350914,0.16505181789398193,0.19759370386600494,0.21724539995193481,10.413006782531738,4.493519306182861,3.988434076309204,8e-05,0,14.776118022412149,9538.549799100016
80100,0.7381610870361328,0.16922728717327118,0.15835095942020416,0.18380914628505707,0.22524118423461914,9.861543655395508,4.8094305992126465,3.6498219966888428,7.960000000000001e-05,0,5.862930329046806,9572.66243370001
80200,0.7404552102088928,0.17750056087970734,0.15905101597309113,0.20265372097492218,0.2158491015434265,10.360757827758789,4.887373447418213,3.6197128295898438,7.920000000000001e-05,0,20.35728708125507,9582.486925500009
80300,0.7542542219161987,0.19074372947216034,0.1741112917661667,0.1934427171945572,0.20890672504901886,11.044142723083496,4.995791435241699,3.3150689601898193,7.88e-05,0,14.007830447254518,9596.764654000013
80400,0.7708054780960083,0.1786009818315506,0.16476885974407196,0.19127851724624634,0.20097509026527405,9.753616333007812,4.96122932434082,3.5242326259613037,7.840000000000001e-05,0,20.805436277412745,9606.377526200013
80500,0.7312702536582947,0.1751844882965088,0.1665363311767578,0.18890643119812012,0.2073725461959839,10.793783187866211,4.954298973083496,3.4085066318511963,7.800000000000001e-05,0,20.43080267945478,9616.16666680001
80600,0.84267657995224,0.18603959679603577,0.1716601848602295,0.19063077867031097,0.21650375425815582,10.965277671813965,4.860309600830078,3.785029888153076,7.76e-05,0,13.994128427553441,9630.458375000017
80700,0.8081700205802917,0.18301236629486084,0.17215292155742645,0.19322986900806427,0.21698975563049316,11.140003204345703,5.437620162963867,3.5840911865234375,7.72e-05,0,17.689341761195198,9641.764618200017
80800,0.7864084243774414,0.1864832490682602,0.17058658599853516,0.19195406138896942,0.20951735973358154,11.641688346862793,4.603682994842529,3.4083962440490723,7.680000000000001e-05,0,20.609715345612578,9651.46877940002
80900,0.7910864949226379,0.17569123208522797,0.1612318754196167,0.1868552714586258,0.20737263560295105,11.470949172973633,5.025685787200928,3.998631238937378,7.64e-05,0,14.469928987889674,9665.290547300014
81000,0.7710731625556946,0.18156486749649048,0.16731998324394226,0.18677283823490143,0.21469582617282867,11.904436111450195,4.75933313369751,3.645038604736328,7.6e-05,0,17.900349506114477,9676.463513500014
81100,0.7611158490180969,0.177482470870018,0.16367073357105255,0.18479648232460022,0.21256746351718903,10.732964515686035,5.066550254821777,3.70164155960083,7.560000000000001e-05,0,19.537401228658176,9686.700289500019
81200,0.7687535881996155,0.18246743083000183,0.1663317233324051,0.18098247051239014,0.21589207649230957,11.22871208190918,5.029284477233887,3.835838556289673,7.52e-05,0,14.418339008358714,9700.571512800016
81300,0.7611157298088074,0.1779906302690506,0.16092273592948914,0.18712598085403442,0.22546842694282532,10.562727928161621,5.0341477394104,3.5353286266326904,7.48e-05,0,21.076881973776302,9710.060582400009
81400,0.824458658695221,0.18078599870204926,0.1683027595281601,0.18505233526229858,0.203803151845932,11.273439407348633,4.85482931137085,3.662781238555908,7.44e-05,0,21.271411856343484,9719.462873200013
81500,0.8082884550094604,0.178585946559906,0.163913756608963,0.16792120039463043,0.21973523497581482,10.307974815368652,4.64014196395874,3.6460366249084473,7.4e-05,0,14.195752355501824,9733.551594600009
81600,0.791602611541748,0.18581992387771606,0.1702529489994049,0.18039071559906006,0.21494442224502563,11.318184852600098,4.6580729484558105,3.4874510765075684,7.36e-05,0,19.098704444135645,9744.023509100021
81700,0.7341201901435852,0.16768012940883636,0.15365874767303467,0.16461052000522614,0.22543175518512726,9.945889472961426,4.770428657531738,3.6370656490325928,7.32e-05,0,20.088634268581625,9753.979387500018
81800,0.8655493855476379,0.17735931277275085,0.16519944369792938,0.16822856664657593,0.21393471956253052,10.497825622558594,4.872138977050781,4.172416687011719,7.280000000000001e-05,0,14.269927770417008,9767.994875400007
81900,0.7200817465782166,0.1764792650938034,0.1611117124557495,0.1826128512620926,0.21474507451057434,9.97533893585205,4.844075679779053,3.4910888671875,7.24e-05,0,17.900123771284186,9779.167982500017
82000,0.8196389675140381,0.18086229264736176,0.16544146835803986,0.1818365752696991,0.21671231091022491,10.710907936096191,4.681632995605469,3.62604022026062,7.2e-05,0,20.373695753686132,9788.98456180001
82100,0.7918872833251953,0.18032993376255035,0.1663910448551178,0.1956281214952469,0.21182028949260712,11.355316162109375,4.833137512207031,3.509864330291748,7.16e-05,0,14.442700039087361,9802.83238800001
82200,0.7913224101066589,0.17012426257133484,0.15521670877933502,0.18650256097316742,0.21537604928016663,10.692136764526367,5.275559425354004,3.42012357711792,7.12e-05,0,18.092617793100835,9813.886620300007
82300,0.793300449848175,0.17830249667167664,0.1675708293914795,0.19657646119594574,0.2154645472764969,10.774557113647461,4.71134090423584,3.4189071655273438,7.08e-05,0,11.972695621104965,9830.591296200015
82400,0.7856374979019165,0.170348659157753,0.1575106978416443,0.18380723893642426,0.21711182594299316,10.912784576416016,4.72383975982666,3.580425977706909,7.04e-05,0,14.017969073839275,9844.858698200012
82500,0.7402375340461731,0.1741550713777542,0.16107946634292603,0.16648173332214355,0.2070504128932953,10.187606811523438,4.978269100189209,3.7982304096221924,7e-05,0,19.561230642400503,9855.083003800013
82600,0.8266893029212952,0.1768701821565628,0.16557757556438446,0.17826832830905914,0.2201143205165863,10.814162254333496,4.99971342086792,3.9015719890594482,6.96e-05,0,19.24393985721966,9865.475886000015
82700,0.7494346499443054,0.1651393622159958,0.15462078154087067,0.19959421455860138,0.22049249708652496,9.854959487915039,4.816946506500244,3.6057255268096924,6.92e-05,0,14.680382420738296,9879.09950930001
82800,0.7459316849708557,0.16709908843040466,0.15620404481887817,0.184498131275177,0.22266848385334015,9.727392196655273,4.882432460784912,3.469583749771118,6.879999999999999e-05,0,18.302306759589538,9890.027093600016
82900,0.716750979423523,0.1722378134727478,0.15860356390476227,0.17965461313724518,0.2214292734861374,10.02049446105957,4.471203327178955,3.4873745441436768,6.84e-05,0,20.73306198248104,9899.673522100013
83000,0.7307518720626831,0.1664028912782669,0.1567535102367401,0.19429755210876465,0.20599564909934998,10.528705596923828,4.870429039001465,3.2715907096862793,6.8e-05,0,14.19650053564181,9913.761501000015
83100,0.751790463924408,0.17935143411159515,0.15944892168045044,0.16772836446762085,0.21957312524318695,10.399497985839844,4.518733978271484,3.4963674545288086,6.76e-05,0,18.940283020685865,9924.321005300008
83200,0.8633831739425659,0.17643475532531738,0.16313213109970093,0.1700185239315033,0.21253326535224915,11.160245895385742,4.816395282745361,3.5981225967407227,6.72e-05,0,21.30476177294895,9933.70857800002
83300,0.7854531407356262,0.16857858002185822,0.15276533365249634,0.18183448910713196,0.2217560112476349,10.868252754211426,5.414090633392334,3.771151542663574,6.68e-05,0,13.637876665804619,9948.373617500009
83400,0.7680988311767578,0.17465215921401978,0.15566910803318024,0.17311866581439972,0.22320982813835144,10.152109146118164,4.637856960296631,3.5659282207489014,6.64e-05,0,18.619018983433087,9959.115322000012
83500,0.7879067659378052,0.17235374450683594,0.15952391922473907,0.18374568223953247,0.21232779324054718,9.87959098815918,4.971926689147949,3.1935946941375732,6.599999999999999e-05,0,21.629121197892033,9968.362114700009
83600,0.8258857727050781,0.16555842757225037,0.15088705718517303,0.18957433104515076,0.21315883100032806,10.126558303833008,4.847507476806641,3.6488466262817383,6.56e-05,0,14.206857398602505,9982.439823400011
83700,0.7623246312141418,0.1739060878753662,0.1601235568523407,0.18472406268119812,0.21545913815498352,11.069461822509766,4.327234268188477,3.7607181072235107,6.52e-05,0,17.97986474501813,9993.563377600018
83800,0.8437854051589966,0.17827793955802917,0.1606932431459427,0.19110660254955292,0.22009073197841644,10.751627922058105,4.460467338562012,3.5913259983062744,6.479999999999999e-05,0,18.04584699014435,10004.646260000009
83900,0.7276632785797119,0.1840476393699646,0.17633862793445587,0.19236713647842407,0.2169741988182068,10.869783401489258,5.16048526763916,3.776543140411377,6.44e-05,0,14.610367932013052,10018.335169200014
84000,0.752194881439209,0.1670738309621811,0.15194500982761383,0.1700979769229889,0.2240009307861328,10.618586540222168,5.18311071395874,3.547297954559326,6.4e-05,0,17.847094783422712,10029.54147490002
84100,0.7679890990257263,0.1673634648323059,0.15102319419384003,0.18066337704658508,0.21466277539730072,10.55480670928955,5.09276819229126,3.392918348312378,6.359999999999999e-05,0,21.31208558184073,10038.925821600016
84200,0.7986776828765869,0.1784747987985611,0.1646978110074997,0.16604559123516083,0.20300628244876862,10.574588775634766,4.699315071105957,3.732485771179199,6.319999999999999e-05,0,14.38150827966191,10052.832568800019
84300,0.8447667360305786,0.16557081043720245,0.14831730723381042,0.16050583124160767,0.2204538732767105,10.245156288146973,5.00869083404541,3.3753817081451416,6.28e-05,0,20.85510475927843,10062.42254700001
84400,0.8347011208534241,0.18396435678005219,0.17264334857463837,0.18898175656795502,0.2021806687116623,11.413421630859375,5.247321128845215,3.29435133934021,6.240000000000001e-05,0,18.289097037091633,10073.358024000016
84500,0.7742908596992493,0.16621288657188416,0.15251439809799194,0.18184399604797363,0.21193717420101166,10.978585243225098,5.214198589324951,3.366612672805786,6.200000000000002e-05,0,14.339259641805679,10087.305745500009
84600,0.7933121919631958,0.17289890348911285,0.15621159970760345,0.19774369895458221,0.2067214846611023,11.08792781829834,5.257001876831055,3.6599254608154297,6.16e-05,0,18.494188386223218,10098.11995350002
84700,0.8281614780426025,0.16978517174720764,0.15386341512203217,0.17836205661296844,0.20740462839603424,10.031011581420898,4.6566996574401855,3.5901782512664795,6.120000000000001e-05,0,21.675206011477147,10107.34708610001
84800,0.7237805724143982,0.1754140406847,0.15930138528347015,0.17377738654613495,0.21516388654708862,10.374051094055176,5.0037994384765625,3.574777841567993,6.0800000000000014e-05,0,13.628787733971862,10122.02190560002
84900,0.8290512561798096,0.17311351001262665,0.16090619564056396,0.18630056083202362,0.20693112909793854,10.989895820617676,4.825484275817871,3.5276284217834473,6.040000000000001e-05,0,20.86029765832557,10131.609496500008
85000,0.8346214294433594,0.17242448031902313,0.16039422154426575,0.16801244020462036,0.20369407534599304,10.754594802856445,4.668595314025879,3.8762731552124023,6.0000000000000015e-05,0,19.3595034132364,10141.940340000016
85100,0.8405351042747498,0.17356951534748077,0.1590261608362198,0.1791028529405594,0.21241244673728943,10.450613021850586,4.8750762939453125,3.3635809421539307,5.960000000000001e-05,0,5.246592180324662,10180.06032210002
85200,0.804911732673645,0.17905229330062866,0.16290469467639923,0.1923786699771881,0.2179725170135498,11.281673431396484,4.958794116973877,3.296400308609009,5.920000000000001e-05,0,18.102474214510877,10191.108535600011
85300,0.7518118023872375,0.16144853830337524,0.14888125658035278,0.19365157186985016,0.21149827539920807,10.500821113586426,5.031091213226318,3.4297499656677246,5.880000000000001e-05,0,20.53849510625111,10200.846347400016
85400,0.787902295589447,0.1677241027355194,0.1555240899324417,0.1733074188232422,0.21412496268749237,10.886659622192383,4.850234508514404,3.5910537242889404,5.840000000000001e-05,0,13.406399192071364,10215.76459630001
85500,0.8063474297523499,0.17882995307445526,0.1603585183620453,0.17817190289497375,0.20698139071464539,11.388486862182617,4.7293829917907715,3.413914680480957,5.800000000000001e-05,0,18.210966986685673,10226.74698950001
85600,0.7784008383750916,0.16579051315784454,0.15863777697086334,0.1784655898809433,0.22061483561992645,10.666690826416016,5.188091278076172,3.947758913040161,5.760000000000001e-05,0,18.59019698199105,10237.505347800019
85700,0.8335643410682678,0.16997353732585907,0.15284956991672516,0.16688172519207,0.220565065741539,9.764571189880371,4.624450206756592,3.4722506999969482,5.720000000000001e-05,0,14.59796400590654,10251.205888500015
85800,0.7778122425079346,0.1776343733072281,0.15990495681762695,0.18444064259529114,0.2121252566576004,11.16046142578125,4.852430820465088,3.4808032512664795,5.680000000000001e-05,0,19.70377676969731,10261.35622680001
85900,0.7033872604370117,0.16089779138565063,0.14501874148845673,0.1802547723054886,0.21466945111751556,10.032176971435547,4.9578070640563965,3.521562337875366,5.640000000000001e-05,0,20.162554343993037,10271.275604900016
86000,0.7988134026527405,0.1676141321659088,0.15365740656852722,0.17279569804668427,0.2163791060447693,11.361740112304688,5.2349748611450195,3.5803794860839844,5.6000000000000006e-05,0,13.78637332113528,10285.782683400015
86100,0.8122392296791077,0.1755414605140686,0.16261723637580872,0.1843821257352829,0.20748834311962128,11.05956745147705,4.920080661773682,3.3952226638793945,5.560000000000001e-05,0,20.17219978172583,10295.69731850001
86200,0.7796164751052856,0.17037418484687805,0.1544255167245865,0.1710440069437027,0.20875658094882965,10.400422096252441,5.034737586975098,3.61126446723938,5.520000000000001e-05,0,19.228534283435017,10306.098527300011
86300,0.8314419984817505,0.1695510298013687,0.15534938871860504,0.16396109759807587,0.2086886763572693,10.87320327758789,4.887695789337158,3.7755205631256104,5.4800000000000004e-05,0,13.986791769006592,10320.397732100013
86400,0.8203122019767761,0.1682318150997162,0.151945099234581,0.1953747570514679,0.20728537440299988,10.085538864135742,4.976691246032715,3.3205642700195312,5.440000000000001e-05,0,18.785045439479383,10331.04449900001
86500,0.8234058022499084,0.16361360251903534,0.147794708609581,0.17134463787078857,0.20145317912101746,11.094902038574219,4.698544979095459,3.6073460578918457,5.4000000000000005e-05,0,19.048740564883197,10341.543880800018
86600,0.8685109615325928,0.17302890121936798,0.1496734619140625,0.16937188804149628,0.2079918384552002,11.485034942626953,4.844963073730469,3.8426835536956787,5.360000000000001e-05,0,14.854998245300218,10355.00736270001
86700,0.8227323889732361,0.16229993104934692,0.14551503956317902,0.1696206033229828,0.2216368466615677,10.5177001953125,5.049934387207031,3.421072006225586,5.3200000000000006e-05,0,22.106766441268928,10364.054366500015
86800,0.8311336040496826,0.16662335395812988,0.1515999436378479,0.1852739453315735,0.2126011997461319,10.837757110595703,4.8898162841796875,3.388855218887329,5.28e-05,0,21.27711997668713,10373.454134900021
86900,0.8203780055046082,0.16184735298156738,0.14449946582317352,0.16696985065937042,0.2041449248790741,9.902679443359375,4.759150505065918,3.697617292404175,5.2400000000000007e-05,0,14.175629887919195,10387.562855400014
87000,0.812957227230072,0.17219959199428558,0.1542949229478836,0.18490906059741974,0.20928822457790375,10.025282859802246,4.780128479003906,3.7160236835479736,5.2000000000000004e-05,0,20.08457554509746,10397.520745700007
87100,0.7703555822372437,0.17303919792175293,0.16190041601657867,0.19087234139442444,0.21254605054855347,11.103960037231445,4.922103404998779,3.618821620941162,5.16e-05,0,16.549969658514577,10409.605360000016
87200,0.8176664710044861,0.17062772810459137,0.15907761454582214,0.18306046724319458,0.20140111446380615,10.271293640136719,5.432428359985352,3.7854490280151367,5.1200000000000004e-05,0,12.024076096142345,10426.23865460002
87300,0.8158888220787048,0.1684197187423706,0.15834903717041016,0.17244812846183777,0.21776412427425385,10.447042465209961,4.971873760223389,3.7174272537231445,5.08e-05,0,20.847877116439765,10435.83195750002
87400,0.7572033405303955,0.17670758068561554,0.16462260484695435,0.18130870163440704,0.21907126903533936,10.627986907958984,5.3926801681518555,3.5218913555145264,5.0400000000000005e-05,0,17.493062710531376,10447.265061200014
87500,0.8093177676200867,0.18283981084823608,0.16618335247039795,0.17720040678977966,0.22450873255729675,11.316512107849121,5.1394524574279785,3.8361926078796387,5e-05,0,12.474902678912896,10463.29725040002
87600,0.8303341269493103,0.16227160394191742,0.14200711250305176,0.17651186883449554,0.22396786510944366,9.595869064331055,4.871706962585449,3.583571434020996,4.96e-05,0,19.882129985327367,10473.356534800012
87700,0.8304628729820251,0.16978242993354797,0.15492765605449677,0.16486476361751556,0.21477457880973816,10.800110816955566,4.970279216766357,3.196129083633423,4.92e-05,0,18.947514636015708,10483.91200890002
87800,0.7675482630729675,0.1644127070903778,0.1491783708333969,0.18668457865715027,0.21309848129749298,10.17633056640625,5.220656394958496,3.318052053451538,4.88e-05,0,14.985136093661524,10497.258567700017
87900,0.8372629284858704,0.17060203850269318,0.15827079117298126,0.1470821648836136,0.2017984390258789,11.13856315612793,4.497920036315918,3.6158242225646973,4.8400000000000004e-05,0,18.006513802343,10508.36565940002
88000,0.7946084141731262,0.16524454951286316,0.14996346831321716,0.16381894052028656,0.21919719874858856,10.462997436523438,4.852413654327393,3.6560795307159424,4.8e-05,0,16.779880661333205,10520.284695300012
88100,0.7879698872566223,0.16638650000095367,0.14904043078422546,0.15500134229660034,0.2087668776512146,10.906347274780273,5.372107028961182,3.5110015869140625,4.76e-05,0,13.119955709125042,10535.528649200016
88200,0.8170665502548218,0.1665533483028412,0.1562635600566864,0.1711159348487854,0.21123962104320526,11.001766204833984,5.001490592956543,3.3346188068389893,4.72e-05,0,18.218652653760465,10546.506409400012
88300,0.8512871861457825,0.1655796468257904,0.15120390057563782,0.1843845397233963,0.21695683896541595,10.56997013092041,5.031208515167236,3.5407590866088867,4.68e-05,0,18.31465319597564,10557.426627100009
88400,0.8342846632003784,0.16544263064861298,0.1474980264902115,0.16556116938591003,0.2121277153491974,10.260249137878418,4.845625400543213,3.4805779457092285,4.6399999999999996e-05,0,15.072488836500964,10570.695835800012
88500,0.8156185746192932,0.17387880384922028,0.15662933886051178,0.17758604884147644,0.20798468589782715,10.77854061126709,5.156217575073242,3.4917562007904053,4.6e-05,0,19.211008307340457,10581.106533500017
88600,0.8182949423789978,0.16804125905036926,0.15274742245674133,0.1672704517841339,0.2222961187362671,10.989688873291016,5.036040782928467,3.3880574703216553,4.56e-05,0,20.920699919603944,10590.66644310001
88700,0.8937220573425293,0.16410933434963226,0.14669086039066315,0.1686551570892334,0.21077553927898407,11.432534217834473,5.0940680503845215,3.374424457550049,4.52e-05,0,14.684944429600222,10604.28583410001
88800,0.8117055892944336,0.1741044521331787,0.15994040668010712,0.1770995855331421,0.21133773028850555,10.949894905090332,5.02638053894043,3.2232460975646973,4.48e-05,0,22.232320636310515,10613.281746100009
88900,0.8328171372413635,0.17812474071979523,0.1555626392364502,0.16879579424858093,0.2115597277879715,11.188931465148926,4.900517463684082,3.667747974395752,4.4399999999999995e-05,0,17.99495642759764,10624.395971400008
89000,0.8156611919403076,0.17094911634922028,0.15355965495109558,0.17248374223709106,0.21099509298801422,11.230727195739746,5.103265285491943,3.254305362701416,4.4e-05,0,14.954779252463315,10637.76962250001
89100,0.9045695066452026,0.16449587047100067,0.14686699211597443,0.16272664070129395,0.21154917776584625,11.386162757873535,4.95748233795166,3.4553802013397217,4.3599999999999996e-05,0,20.629419259975172,10647.464514900013
89200,0.7989155650138855,0.16839013993740082,0.15646716952323914,0.16009046137332916,0.2175551801919937,11.424561500549316,5.213897705078125,3.4921035766601562,4.319999999999999e-05,0,20.616255969365277,10657.165597400017
89300,0.8238665461540222,0.16913945972919464,0.15806935727596283,0.17682382464408875,0.22538423538208008,11.221684455871582,5.268196105957031,3.8735885620117188,4.28e-05,0,9.042339643172605,10679.283766800014
89400,0.8779997229576111,0.16551531851291656,0.15459299087524414,0.16752709448337555,0.21355301141738892,11.651973724365234,5.112873554229736,3.6071465015411377,4.2399999999999994e-05,0,21.379228779383784,10688.638641200014
89500,0.847044825553894,0.1670059859752655,0.15205641090869904,0.17821237444877625,0.21869352459907532,11.05924129486084,5.498353958129883,3.1020333766937256,4.2e-05,0,20.797015678175388,10698.255405600008
89600,0.8231992721557617,0.16777871549129486,0.1539558619260788,0.17020294070243835,0.2155705839395523,11.709051132202148,5.072092056274414,3.648275375366211,4.1599999999999995e-05,0,13.717292795690275,10712.835542000015
89700,0.8529431223869324,0.17021134495735168,0.15869688987731934,0.17782416939735413,0.21716274321079254,10.230587005615234,5.31346321105957,3.719043254852295,4.119999999999999e-05,0,17.731048662887424,10724.115190700017
89800,0.7982315421104431,0.1615898460149765,0.15133130550384521,0.16721944510936737,0.2101328819990158,10.422808647155762,4.705381393432617,3.5884082317352295,4.0799999999999996e-05,0,21.712954759779333,10733.32628160002
89900,0.8459334373474121,0.16738417744636536,0.15190453827381134,0.17754006385803223,0.22482812404632568,10.503273963928223,5.4366302490234375,3.5499696731567383,4.039999999999999e-05,0,13.98280762066601,10747.629560700021
90000,0.8706679344177246,0.1617380827665329,0.15012863278388977,0.16126802563667297,0.21379505097866058,10.707706451416016,5.178522109985352,3.5248303413391113,3.999999999999999e-05,0,21.613069855632098,10756.883220700009
90100,0.8130958080291748,0.1668318510055542,0.153495192527771,0.15125040709972382,0.21044571697711945,12.275555610656738,4.726998329162598,3.130782127380371,3.9599999999999994e-05,0,5.832617032065232,10791.173145600013
90200,0.8036769032478333,0.16390199959278107,0.14483103156089783,0.1664692908525467,0.217281311750412,11.300336837768555,5.287861347198486,3.342118740081787,3.919999999999999e-05,0,15.139636730169123,10804.383502200013
90300,0.8114885687828064,0.16764943301677704,0.15064097940921783,0.18042267858982086,0.22349612414836884,10.478472709655762,5.566839694976807,3.4651479721069336,3.8799999999999994e-05,0,21.56729558590037,10813.656802100013
90400,0.7722206115722656,0.1593068242073059,0.14320509135723114,0.16748608648777008,0.2164788544178009,11.140525817871094,5.01352596282959,3.3233470916748047,3.839999999999999e-05,0,20.688271269742753,10823.324115400013
90500,0.7976403832435608,0.17123766243457794,0.15609657764434814,0.18302586674690247,0.21131816506385803,11.726633071899414,5.267011642456055,3.6628475189208984,3.799999999999999e-05,0,12.568913941136,10839.236389200014
90600,0.7810002565383911,0.16786056756973267,0.15262345969676971,0.18154920637607574,0.2089148312807083,11.526187896728516,4.834131240844727,3.445629835128784,3.759999999999999e-05,0,18.221840798609055,10850.21222870001
90700,0.8411514163017273,0.16222500801086426,0.15168696641921997,0.1619562804698944,0.21208935976028442,10.901212692260742,5.073847770690918,3.63923978805542,3.720000000000001e-05,0,16.698051210516628,10862.18967430001
90800,0.829443633556366,0.1585625857114792,0.14393094182014465,0.1715400665998459,0.21228790283203125,10.364686965942383,5.264105319976807,3.360457420349121,3.6800000000000014e-05,0,11.960570281666536,10878.91128500001
90900,0.8453487157821655,0.16182619333267212,0.1456623673439026,0.17332576215267181,0.21675071120262146,10.324349403381348,5.7347002029418945,3.575993776321411,3.640000000000001e-05,0,16.229858421089013,10891.23425140002
91000,0.78545743227005,0.1662975698709488,0.14732536673545837,0.18060465157032013,0.22212937474250793,10.843472480773926,5.2822794914245605,3.3899288177490234,3.6000000000000014e-05,0,16.055341735433608,10903.691164700009
91100,0.8101586699485779,0.1665898710489273,0.14986363053321838,0.18059884011745453,0.21084380149841309,10.959240913391113,5.326999187469482,3.520458221435547,3.560000000000001e-05,0,12.755551983149415,10919.37061160001
91200,0.8093349933624268,0.17000211775302887,0.16152280569076538,0.17471715807914734,0.2084975391626358,11.194598197937012,5.109935283660889,3.296337604522705,3.520000000000001e-05,0,16.240966571373008,10931.685149600016
91300,0.8306974768638611,0.1626093089580536,0.14923925697803497,0.16842488944530487,0.20437805354595184,11.112446784973145,4.866239070892334,3.40225887298584,3.480000000000001e-05,0,16.265651267132355,10943.980999100007
91400,0.8857141733169556,0.1658635288476944,0.15450140833854675,0.16598975658416748,0.21229195594787598,11.24635124206543,4.771071434020996,3.588243246078491,3.440000000000001e-05,0,12.556566626337906,10959.908920000016
91500,0.8292473554611206,0.16987647116184235,0.15124790370464325,0.17872130870819092,0.2160312384366989,10.636528968811035,5.110262870788574,3.449657917022705,3.4000000000000007e-05,0,16.693225309915366,10971.889828200015
91600,0.8050984740257263,0.16615073382854462,0.15059268474578857,0.15608710050582886,0.21675685048103333,12.169937133789062,5.203940391540527,3.3311359882354736,3.360000000000001e-05,0,16.32774473000729,10984.13891730002
91700,0.7712500095367432,0.16989648342132568,0.15683995187282562,0.16218352317810059,0.21347852051258087,10.528613090515137,4.83278226852417,3.617978096008301,3.320000000000001e-05,0,11.70027535662772,11001.23253210001
91800,0.836771547794342,0.1601521521806717,0.14337915182113647,0.15930001437664032,0.21098308265209198,10.86909294128418,5.073092937469482,3.541435480117798,3.280000000000001e-05,0,16.02301905371888,11013.714574300015
91900,0.8583728075027466,0.16189883649349213,0.14809143543243408,0.15415433049201965,0.21948494017124176,10.388786315917969,4.781094074249268,3.41188645362854,3.240000000000001e-05,0,16.448024042544887,11025.874089600009
92000,0.812124490737915,0.164230614900589,0.14734405279159546,0.16688519716262817,0.21617382764816284,10.255411148071289,4.9405083656311035,3.42574405670166,3.2000000000000005e-05,0,13.74265378711168,11040.427319500013
92100,0.7916070222854614,0.16765369474887848,0.15355537831783295,0.19479289650917053,0.2080506682395935,10.522489547729492,4.966839790344238,3.1733105182647705,3.160000000000001e-05,0,18.43932435216563,11051.27370390002
92200,0.8812274932861328,0.16656066477298737,0.15115682780742645,0.16257217526435852,0.20398801565170288,11.46869945526123,5.006914138793945,3.4175221920013428,3.1200000000000006e-05,0,16.620382916836512,11063.30712100002
92300,0.8355539441108704,0.15820151567459106,0.14433592557907104,0.16032594442367554,0.21662066876888275,10.759490966796875,4.888911247253418,3.5374789237976074,3.08e-05,0,12.86999009493448,11078.84714850002
92400,0.8216001987457275,0.16437384486198425,0.14473854005336761,0.14941827952861786,0.2217017263174057,10.745113372802734,4.67883825302124,3.4812381267547607,3.0400000000000007e-05,0,16.436818984064637,11091.01495300002
92500,0.7978790998458862,0.16907058656215668,0.15168628096580505,0.16646817326545715,0.20698653161525726,11.527680397033691,5.185380935668945,3.1833364963531494,3.0000000000000008e-05,0,16.47131277928608,11103.157276000013
92600,0.8386926054954529,0.16736778616905212,0.15601900219917297,0.15658040344715118,0.19791391491889954,10.746082305908203,4.9191765785217285,3.3230154514312744,2.9600000000000005e-05,0,13.642800526700785,11117.817022700008
92700,0.7559630274772644,0.15363717079162598,0.1406501829624176,0.18015220761299133,0.20972365140914917,10.015182495117188,5.442939281463623,3.3881824016571045,2.9200000000000005e-05,0,19.292540978891576,11128.183723500013
92800,0.8757079839706421,0.1590525358915329,0.1490897685289383,0.16232839226722717,0.20454028248786926,11.44693374633789,5.074179172515869,3.353762626647949,2.8800000000000005e-05,0,16.80485141944451,11140.085048600013
92900,0.794847846031189,0.1641688495874405,0.1484927535057068,0.17475581169128418,0.2215787023305893,10.781362533569336,5.088127136230469,3.2696871757507324,2.8400000000000006e-05,0,12.64471161175074,11155.901937600007
93000,0.8352956771850586,0.15880121290683746,0.14636029303073883,0.16082710027694702,0.21701008081436157,10.806419372558594,4.708937644958496,3.5400094985961914,2.8000000000000003e-05,0,16.278100936503854,11168.188383100016
93100,0.8870697021484375,0.15837426483631134,0.1442284882068634,0.16153772175312042,0.20142331719398499,10.44997501373291,4.615670680999756,3.067108154296875,2.7600000000000003e-05,0,16.358371079877365,11180.414539300007
93200,0.8148467540740967,0.15426979959011078,0.13773417472839355,0.17403338849544525,0.21388165652751923,10.147159576416016,5.167243957519531,3.210707664489746,2.7200000000000004e-05,0,12.753912705913473,11196.096001500016
93300,0.8664779663085938,0.16278882324695587,0.14165185391902924,0.1583234965801239,0.21238233149051666,11.713462829589844,5.219919204711914,3.4512438774108887,2.6800000000000004e-05,0,16.731902122133544,11208.049215100007
93400,0.7726615071296692,0.16215142607688904,0.14810676872730255,0.16248132288455963,0.21058472990989685,10.933892250061035,5.311105251312256,3.3768131732940674,2.64e-05,0,17.12365022933841,11219.728967800009
93500,0.8356414437294006,0.16134406626224518,0.14935478568077087,0.15657468140125275,0.2084484100341797,10.522825241088867,5.158642292022705,3.059516429901123,2.6000000000000002e-05,0,13.971925887957731,11234.04338670001
93600,0.8663529753684998,0.1570153385400772,0.13844914734363556,0.16202391684055328,0.21088454127311707,11.184680938720703,5.5315752029418945,3.5086793899536133,2.5600000000000002e-05,0,19.227489834453596,11244.445160500021
93700,0.8703683018684387,0.16229787468910217,0.1492936909198761,0.1597350686788559,0.21316230297088623,11.41556453704834,5.398227214813232,3.3573145866394043,2.5200000000000003e-05,0,18.323813745637235,11255.359918900009
93800,0.8667268753051758,0.16346998512744904,0.14974282681941986,0.178017720580101,0.20966285467147827,11.259771347045898,5.508959770202637,3.39233660697937,2.48e-05,0,14.503205284503707,11269.149974000014
93900,0.7968650460243225,0.16340218484401703,0.14670047163963318,0.1642649620771408,0.2137288749217987,10.96595287322998,5.19254732131958,3.2842750549316406,2.44e-05,0,20.421870716665435,11278.943396100018
94000,0.852402925491333,0.16346783936023712,0.1490631252527237,0.17070378363132477,0.21640700101852417,12.22266960144043,4.9304327964782715,3.402244806289673,2.4e-05,0,18.45509621333367,11289.78051110002
94100,0.8543254137039185,0.16250167787075043,0.14893312752246857,0.17309829592704773,0.19107688963413239,11.094464302062988,5.376626968383789,3.217907667160034,2.36e-05,0,14.800082374302008,11303.293949400017
94200,0.8545441031455994,0.15801773965358734,0.14255748689174652,0.18247699737548828,0.2151496708393097,10.19853687286377,5.378387928009033,3.414827823638916,2.3199999999999998e-05,0,20.80467251308985,11312.907174500011
94300,0.8282705545425415,0.16015905141830444,0.14629696309566498,0.1736457198858261,0.21551792323589325,10.914774894714355,5.3028669357299805,3.6110763549804688,2.28e-05,0,21.301685504378604,11322.296102900014
94400,0.8473149538040161,0.15768077969551086,0.13982485234737396,0.16098208725452423,0.207252636551857,10.848892211914062,5.222405433654785,3.4382591247558594,2.24e-05,0,14.56044926674631,11336.031942800008
94500,0.7686746120452881,0.16954942047595978,0.1537473201751709,0.17108319699764252,0.20484498143196106,11.216131210327148,5.149834632873535,3.2095184326171875,2.2e-05,0,19.417967210080565,11346.331682100019
94600,0.8149132132530212,0.16864067316055298,0.1525830179452896,0.1637382060289383,0.2171526998281479,10.833243370056152,4.998514175415039,3.088268995285034,2.1599999999999996e-05,0,18.10108208992762,11357.380745300019
94700,0.8378876447677612,0.15294428169727325,0.13385117053985596,0.17348140478134155,0.209677055478096,10.066468238830566,4.864124298095703,3.268224000930786,2.1199999999999997e-05,0,14.634167079156239,11371.047392600012
94800,0.8235134482383728,0.1638985425233841,0.14980249106884003,0.17418654263019562,0.20659998059272766,10.721731185913086,5.159660339355469,3.4638805389404297,2.0799999999999997e-05,0,19.333415165236605,11381.392176400012
94900,0.7950612306594849,0.15565533936023712,0.13944046199321747,0.15347541868686676,0.21712157130241394,10.169989585876465,5.216930866241455,3.389284610748291,2.0399999999999998e-05,0,17.785286330443483,11392.637426900008
95000,0.8281967043876648,0.1603594720363617,0.144809752702713,0.17085887491703033,0.21410401165485382,10.843679428100586,4.976253986358643,3.161250591278076,1.9999999999999995e-05,0,14.786132783954356,11406.16361410002
95100,0.8720766305923462,0.15974779427051544,0.14720425009727478,0.15372006595134735,0.21891699731349945,10.44906234741211,5.17680549621582,3.1693263053894043,1.9599999999999995e-05,0,5.861158389086991,11440.28656160002
95200,0.8181108832359314,0.15233437716960907,0.1378309726715088,0.1847575306892395,0.2159443497657776,11.56973648071289,5.760210990905762,3.414140224456787,1.9199999999999996e-05,0,19.191811698408745,11450.707672600009
95300,0.814433217048645,0.16605912148952484,0.15289254486560822,0.15129488706588745,0.21796996891498566,11.34093189239502,5.109156131744385,3.358776092529297,1.8799999999999996e-05,0,14.484986836223621,11464.51507210001
95400,0.8460190296173096,0.16020920872688293,0.1443386971950531,0.16760505735874176,0.20987260341644287,12.06969165802002,5.147659778594971,3.3612303733825684,1.8399999999999997e-05,0,18.594380837614594,11475.271009700009
95500,0.8489062786102295,0.16166850924491882,0.14744891226291656,0.17549069225788116,0.22035764157772064,11.274859428405762,5.25132417678833,3.3789656162261963,1.7999999999999994e-05,0,18.785445611570708,11485.917549800011
95600,0.8895148038864136,0.15990567207336426,0.1434946358203888,0.15689855813980103,0.20986098051071167,10.647234916687012,4.934338092803955,3.2868783473968506,1.7599999999999994e-05,0,13.576168632515067,11500.64924660002
95700,0.8312059044837952,0.15629255771636963,0.14380574226379395,0.15916648507118225,0.2126506119966507,11.62158203125,5.826200008392334,3.21175479888916,1.7199999999999995e-05,0,19.204986905194293,11511.06320840001
95800,0.812048614025116,0.1519221067428589,0.13719023764133453,0.15126930177211761,0.21316835284233093,10.781712532043457,4.874248027801514,3.1515464782714844,1.6799999999999995e-05,0,18.339277047164178,11521.968763700017
95900,0.8348331451416016,0.1649811714887619,0.1539633870124817,0.17017526924610138,0.22098127007484436,12.171513557434082,5.3283281326293945,3.3430094718933105,1.6399999999999992e-05,0,14.344560282751013,11535.911331200012
96000,0.8333631157875061,0.15896688401699066,0.14275892078876495,0.1564827859401703,0.21398641169071198,11.503536224365234,5.12937593460083,3.1743459701538086,1.5999999999999992e-05,0,19.36154604887643,11546.241084800015
96100,0.7811362147331238,0.15528205037117004,0.13933813571929932,0.163655087351799,0.22028762102127075,10.741040229797363,5.172147274017334,3.4444775581359863,1.5599999999999993e-05,0,22.057551570974585,11555.308274300012
96200,0.8552180528640747,0.164842888712883,0.14922313392162323,0.17440755665302277,0.21398819983005524,11.177865982055664,5.403745651245117,2.9530022144317627,1.5199999999999992e-05,0,14.518337037159668,11569.083956700008
96300,0.8172294497489929,0.15906687080860138,0.14702686667442322,0.15682004392147064,0.20807990431785583,10.846750259399414,5.020524501800537,3.2629568576812744,1.4799999999999992e-05,0,21.205474388289325,11578.515483500014
96400,0.8150515556335449,0.15300992131233215,0.14030374586582184,0.16287176311016083,0.20985086262226105,10.583549499511719,5.121772766113281,3.279529094696045,1.4399999999999991e-05,0,11.103782059763935,11596.527364400012
96500,0.8246115446090698,0.1563531458377838,0.13844358921051025,0.16655845940113068,0.21744409203529358,11.078622817993164,5.236934185028076,3.178518533706665,1.3999999999999991e-05,0,14.281429448840008,11610.53156480001
96600,0.83083575963974,0.15324243903160095,0.13754992187023163,0.15326544642448425,0.21567204594612122,10.448820114135742,4.832212924957275,3.150250196456909,1.359999999999999e-05,0,19.59761798398938,11620.736886700019
96700,0.8973180055618286,0.15297254920005798,0.13445433974266052,0.16056612133979797,0.20488595962524414,11.100739479064941,5.08336877822876,3.294243097305298,1.319999999999999e-05,0,20.386039835650212,11630.547521900007
96800,0.8363052010536194,0.1557551473379135,0.14134183526039124,0.1510855108499527,0.2152639925479889,10.911723136901855,4.920185565948486,3.134113311767578,1.279999999999999e-05,0,14.079029704802277,11644.753046300015
96900,0.90025395154953,0.15094389021396637,0.13781297206878662,0.16082438826560974,0.2216651886701584,11.184148788452148,5.452652454376221,3.367354393005371,1.2400000000000012e-05,0,19.925712162899195,11654.790328700008
97000,0.8537175059318542,0.15588116645812988,0.141999751329422,0.17233896255493164,0.2132120430469513,11.290056228637695,5.769594669342041,3.334672689437866,1.200000000000001e-05,0,21.55304495868119,11664.069760000013
97100,0.7409089207649231,0.15535689890384674,0.1385606974363327,0.17688268423080444,0.21098963916301727,10.620296478271484,5.513436794281006,3.199819564819336,1.1600000000000011e-05,0,13.774553968916463,11678.58928640002
97200,0.8534069061279297,0.1656121015548706,0.1532047688961029,0.15680670738220215,0.21518075466156006,11.5711669921875,5.214970111846924,3.2530550956726074,1.120000000000001e-05,0,19.788387339247908,11688.696224200015
97300,0.8406044840812683,0.15794290602207184,0.13799014687538147,0.151811420917511,0.21768416464328766,11.433323860168457,4.845897197723389,3.420666456222534,1.080000000000001e-05,0,19.519128125832307,11698.942583500015
97400,0.8071524500846863,0.15712861716747284,0.13991683721542358,0.1649216115474701,0.20903484523296356,11.57679271697998,5.222203254699707,3.139951467514038,1.040000000000001e-05,0,13.434443282106525,11713.82969090002
97500,0.8825087547302246,0.15593163669109344,0.13731111586093903,0.14944443106651306,0.21877990663051605,12.404168128967285,5.011076927185059,3.393892765045166,1.000000000000001e-05,0,20.806262002438324,11723.44218160001
97600,0.8242008090019226,0.15714040398597717,0.13792774081230164,0.16336770355701447,0.21539266407489777,10.830256462097168,5.636445045471191,3.1611320972442627,9.60000000000001e-06,0,21.583708495955158,11732.708429800012
97700,0.8379133939743042,0.1562434881925583,0.13994257152080536,0.16381263732910156,0.1957295686006546,11.460597038269043,5.051814556121826,3.0626473426818848,9.200000000000008e-06,0,13.60115771966651,11747.41306040001
97800,0.8474450707435608,0.15610376000404358,0.14195294678211212,0.1478566974401474,0.20343434810638428,11.96945858001709,5.227382659912109,3.2055883407592773,8.800000000000009e-06,0,20.008248000074563,11757.408938100009
97900,0.8159981369972229,0.1612720638513565,0.1460132598876953,0.1502971202135086,0.1998169869184494,12.558176040649414,5.209965229034424,3.3227498531341553,8.400000000000008e-06,0,18.697794181004,11768.105387000018
98000,0.8063061237335205,0.15384525060653687,0.13582800328731537,0.15814341604709625,0.22050921618938446,11.504817008972168,5.186630725860596,3.4524221420288086,8.000000000000008e-06,0,14.103835952138875,11782.285926300014
98100,0.8187931776046753,0.1636991649866104,0.15058284997940063,0.1563713103532791,0.1989852339029312,10.995807647705078,5.415446758270264,3.2545132637023926,7.600000000000007e-06,0,19.871445656598787,11792.350619300021
98200,0.8689987659454346,0.157627135515213,0.13953803479671478,0.1677742749452591,0.2077939808368683,11.156583786010742,5.4514336585998535,3.275743246078491,7.2000000000000065e-06,0,17.630142183578485,11803.694827300016
98300,0.8526526689529419,0.16019278764724731,0.1450124979019165,0.14872364699840546,0.19952400028705597,11.462321281433105,5.348942756652832,3.2815568447113037,6.800000000000006e-06,0,13.459972199643548,11818.553699000011
98400,0.8440382480621338,0.15132732689380646,0.13547883927822113,0.14720819890499115,0.20652970671653748,10.6812744140625,5.173871994018555,3.2751500606536865,6.400000000000006e-06,0,20.761209971200046,11828.187048900014
98500,0.8080382943153381,0.15911388397216797,0.14226186275482178,0.16316914558410645,0.21273936331272125,11.318729400634766,5.367050647735596,3.2441606521606445,6.000000000000005e-06,0,20.234793413625813,11838.071014400019
98600,0.8333222270011902,0.15905939042568207,0.14423103630542755,0.15130972862243652,0.21470123529434204,10.856375694274902,5.380226135253906,3.299548864364624,5.600000000000005e-06,0,13.463705807478735,11852.925765600012
98700,0.7896092534065247,0.15677618980407715,0.1428866684436798,0.16388890147209167,0.22398696839809418,11.075363159179688,5.468817234039307,3.2448947429656982,5.200000000000005e-06,0,19.962472747113598,11862.944564500009
98800,0.7875786423683167,0.15751783549785614,0.14359882473945618,0.1624671071767807,0.20752745866775513,11.323261260986328,5.466658592224121,3.1969096660614014,4.800000000000005e-06,0,19.245200540477928,11873.336765900007
98900,0.8281961679458618,0.1587207317352295,0.146698996424675,0.17680151760578156,0.21026524901390076,11.3853120803833,5.477604866027832,2.9355523586273193,4.4000000000000045e-06,0,13.525095198740583,11888.124092500017
99000,0.8374041318893433,0.15095899999141693,0.13645242154598236,0.17815713584423065,0.20836827158927917,11.559443473815918,5.519510269165039,3.0213265419006348,4.000000000000004e-06,0,20.6661608830423,11897.801748700018
99100,0.8770676255226135,0.15871883928775787,0.14346374571323395,0.1683112531900406,0.217283695936203,11.298288345336914,5.404962539672852,3.1625707149505615,3.6000000000000032e-06,0,18.71798709463355,11908.486658300011
99200,0.8205244541168213,0.1515582650899887,0.13746926188468933,0.16900841891765594,0.21327665448188782,10.36538028717041,5.00218391418457,3.214897632598877,3.200000000000003e-06,0,14.408241871669958,11922.367602400016
99300,0.8133572936058044,0.1553744524717331,0.14209532737731934,0.15219421684741974,0.21039876341819763,11.153438568115234,5.307100772857666,3.2487881183624268,2.8000000000000024e-06,0,19.62093183770386,11932.560798200007
99400,0.8239144682884216,0.1581457555294037,0.14250634610652924,0.1498459428548813,0.20028996467590332,11.201224327087402,5.1354660987854,3.0972325801849365,2.4000000000000024e-06,0,20.385768874130093,11942.371563800014
99500,0.8145787715911865,0.15752999484539032,0.1417217254638672,0.14283007383346558,0.22619500756263733,10.98426628112793,5.251072406768799,3.0760645866394043,2.000000000000002e-06,0,14.727065612512012,11955.952001700018
99600,0.8174761533737183,0.15584994852542877,0.1461506485939026,0.16459208726882935,0.200678750872612,11.083611488342285,5.5104241371154785,3.070768356323242,1.6000000000000014e-06,0,21.783784825887995,11965.133142700011
99700,0.8057791590690613,0.1566084772348404,0.14080595970153809,0.1614430546760559,0.21377842128276825,11.483585357666016,5.357870578765869,3.213646173477173,1.2000000000000012e-06,0,21.092458136381232,11974.615204900008
99800,0.8022170066833496,0.15706349909305573,0.14397788047790527,0.15749087929725647,0.21514110267162323,10.833707809448242,5.4227495193481445,3.200793743133545,8.000000000000007e-07,0,15.361192284122813,11987.635027600016
99900,0.8351752161979675,0.1519881933927536,0.139724999666214,0.1638776808977127,0.21145504713058472,11.06696605682373,5.211030960083008,3.257993698120117,4.0000000000000035e-07,0,19.64828971953833,11997.814030600013
100000,0.8314113616943359,0.14791440963745117,0.13425925374031067,0.14732304215431213,0.19364707171916962,10.499481201171875,4.937188625335693,3.132483720779419,0.0,0,20.447636175047943,12007.595112300012
100100,1.0235285758972168,0.21637938916683197,0.18522340059280396,0.18543197214603424,0.20737937092781067,26.94748878479004,7.162353515625,6.01286506652832,9.98e-05,0,8.929898355655704,12029.99377050002
100200,0.8871836066246033,0.20046833157539368,0.17608873546123505,0.19621966779232025,0.20796850323677063,22.684289932250977,6.396193504333496,5.082871437072754,9.960000000000001e-05,0,18.338613493906514,12040.899720400019
100300,0.8755573630332947,0.2027493417263031,0.18348397314548492,0.1752713918685913,0.20267009735107422,21.715482711791992,6.154247760772705,4.794399261474609,9.94e-05,0,15.203082047851156,12054.054947700017
100400,0.9096859693527222,0.18766412138938904,0.17114728689193726,0.18245914578437805,0.2036285698413849,21.77611541748047,6.144974231719971,4.643110752105713,9.92e-05,0,12.329700937678743,12070.275941300017
100500,0.9742350578308105,0.18578015267848969,0.16886314749717712,0.17737749218940735,0.18880970776081085,21.681556701660156,5.884393692016602,4.5074639320373535,9.900000000000001e-05,0,17.851344995302377,12081.47957890002
100600,0.9355689287185669,0.1919735223054886,0.17735262215137482,0.1909729540348053,0.2026865929365158,21.993160247802734,5.864491939544678,4.74503231048584,9.88e-05,0,16.268784131342006,12093.773060600026
100700,0.929895281791687,0.18101866543293,0.16530106961727142,0.18102039396762848,0.19279082119464874,19.792211532592773,6.065657138824463,4.77150821685791,9.86e-05,0,13.54995657950791,12108.53325550002
100800,0.9071073532104492,0.1770053654909134,0.16462811827659607,0.17929254472255707,0.1976090371608734,21.13549041748047,6.190417289733887,4.605626583099365,9.84e-05,0,16.81308213142012,12120.428754400025
100900,0.9496049880981445,0.18254299461841583,0.16351836919784546,0.17367792129516602,0.20842525362968445,21.832731246948242,6.1808648109436035,4.250740051269531,9.82e-05,0,18.431236204851636,12131.279898500026
101000,0.9171148538589478,0.1711539775133133,0.15617768466472626,0.1756981760263443,0.214055135846138,19.05191421508789,5.841300964355469,4.276490211486816,9.8e-05,0,14.641359067760934,12144.939832600023
101100,0.8126010894775391,0.16765375435352325,0.15368030965328217,0.16576816141605377,0.21055755019187927,19.4008846282959,5.690962791442871,4.321906566619873,9.78e-05,0,20.45362185730046,12154.718051900025
101200,0.8212335705757141,0.17808595299720764,0.16111180186271667,0.18836812674999237,0.20313714444637299,22.259857177734375,6.190040111541748,4.644311428070068,9.76e-05,0,16.82721583406951,12166.603559400028
101300,0.8343565464019775,0.1854047179222107,0.16650566458702087,0.17083831131458282,0.19001555442810059,21.787988662719727,5.704326629638672,4.250094413757324,9.74e-05,0,15.10142623759858,12179.84734160002
101400,0.8862266540527344,0.17933742702007294,0.16737686097621918,0.1908511072397232,0.20580318570137024,18.993221282958984,5.642602443695068,4.681899070739746,9.72e-05,0,17.302616701543844,12191.406286900019
101500,0.8388481140136719,0.18012195825576782,0.16059419512748718,0.1634235382080078,0.19847333431243896,21.290555953979492,5.435151100158691,4.703213691711426,9.7e-05,0,17.78828804706901,12202.649639800016
101600,0.9278613328933716,0.17088891565799713,0.16261038184165955,0.1653616726398468,0.19774262607097626,20.12792205810547,5.306209564208984,4.995461463928223,9.680000000000001e-05,0,12.818207761647946,12218.25244510002
101700,0.8493916988372803,0.16991712152957916,0.15541395545005798,0.16891881823539734,0.20753653347492218,18.821998596191406,5.9149322509765625,4.501707553863525,9.66e-05,0,21.684534198792587,12227.475608400026
101800,0.9236693978309631,0.15897236764431,0.1466260850429535,0.17382168769836426,0.21022851765155792,17.675195693969727,5.429728984832764,4.855264663696289,9.64e-05,0,17.13533712880916,12239.147395100023
101900,0.8505298495292664,0.16910913586616516,0.1525668203830719,0.17319345474243164,0.20621797442436218,19.62734603881836,5.8369059562683105,4.232700824737549,9.620000000000001e-05,0,15.189041519685311,12252.314782900023
102000,0.990813672542572,0.1742512434720993,0.16464269161224365,0.17056533694267273,0.20405109226703644,20.093477249145508,5.333527088165283,4.8441619873046875,9.6e-05,0,18.03487835459989,12263.404405800029
102100,0.8449345231056213,0.17874778807163239,0.1579727828502655,0.1667998731136322,0.20892716944217682,21.375335693359375,5.694009780883789,4.327866554260254,9.58e-05,0,17.881147179674535,12274.58937050002
102200,0.8622776865959167,0.16782662272453308,0.1537652164697647,0.1882036030292511,0.20181648433208466,19.010122299194336,6.160703182220459,4.050428867340088,9.56e-05,0,13.645812989696973,12289.245880900024
102300,0.8647095561027527,0.1743539720773697,0.1585582196712494,0.17692983150482178,0.19771058857440948,20.80136489868164,6.217586517333984,4.651515007019043,9.54e-05,0,19.7198981719809,12299.387921100017
102400,0.9269323348999023,0.17374539375305176,0.15344677865505219,0.16632461547851562,0.19240781664848328,20.185914993286133,5.47901725769043,4.406944274902344,9.52e-05,0,17.927496275001502,12310.543968600017
102500,0.853540301322937,0.16668745875358582,0.15471792221069336,0.17210233211517334,0.2202097326517105,18.34165382385254,5.695193290710449,4.742842197418213,9.5e-05,0,14.414191371029933,12324.419183300022
102600,0.919948935508728,0.16797666251659393,0.15285471081733704,0.17920911312103271,0.21208621561527252,20.01546859741211,5.482086658477783,4.320078372955322,9.48e-05,0,21.014055524206917,12333.936622700028
102700,0.9696943163871765,0.17832395434379578,0.16264262795448303,0.17104308307170868,0.19149181246757507,20.61629867553711,5.382196426391602,4.1862006187438965,9.46e-05,0,21.209063604277503,12343.366553400017
102800,0.9070954918861389,0.16748473048210144,0.1567336618900299,0.17484734952449799,0.20070499181747437,19.248064041137695,5.553482532501221,3.9589388370513916,9.44e-05,0,13.298299053132759,12358.406070800018
102900,0.8087543845176697,0.18009290099143982,0.16423404216766357,0.18063735961914062,0.20194046199321747,20.71630859375,5.260944843292236,3.9548604488372803,9.42e-05,0,19.24735008256723,12368.797111600026
103000,0.981400728225708,0.17254675924777985,0.1593802571296692,0.16154725849628448,0.19345101714134216,20.488744735717773,5.645997047424316,4.6251935958862305,9.4e-05,0,18.274816396576156,12379.741134000025
103100,0.9198510050773621,0.1693626195192337,0.15575182437896729,0.1661938577890396,0.20165853202342987,19.645612716674805,5.214391231536865,4.241209506988525,9.38e-05,0,14.475094322794899,12393.557969700021
103200,0.8994590640068054,0.17147499322891235,0.16016033291816711,0.17349596321582794,0.21107186377048492,18.65604019165039,4.989500045776367,4.260839939117432,9.36e-05,0,16.935355251029385,12405.36758320003
103300,0.9271027445793152,0.17105898261070251,0.15540266036987305,0.1628408432006836,0.203180193901062,19.151824951171875,5.5288591384887695,4.040079116821289,9.34e-05,0,19.781900980948684,12415.477835000027
103400,0.8522298336029053,0.1630447953939438,0.14940716326236725,0.1779622584581375,0.19286806881427765,18.528844833374023,5.795018196105957,4.256879806518555,9.32e-05,0,13.746428351446589,12430.027068800016
103500,0.8631369471549988,0.16823016107082367,0.1523251086473465,0.1646520346403122,0.20657266676425934,20.545080184936523,5.26685905456543,4.407055377960205,9.3e-05,0,18.79423569888869,12440.668629500025
103600,0.8762734532356262,0.1729850172996521,0.15393616259098053,0.15625309944152832,0.20262503623962402,20.441862106323242,5.238503932952881,4.706290245056152,9.279999999999999e-05,0,17.678465345154926,12451.981828700023
103700,0.8941182494163513,0.17542563378810883,0.16136856377124786,0.1766638159751892,0.20103497803211212,20.32069969177246,5.210690021514893,4.469722747802734,9.26e-05,0,15.050688763161531,12465.270257100026
103800,0.9290185570716858,0.160836324095726,0.1487533301115036,0.16571232676506042,0.2033243328332901,19.559518814086914,5.228383541107178,4.741753578186035,9.24e-05,0,20.1279679846346,12475.206679900017
103900,0.8912208080291748,0.1753002107143402,0.15809135138988495,0.1767893135547638,0.20159713923931122,21.58523941040039,5.395257949829102,4.306243419647217,9.219999999999999e-05,0,20.2215992037112,12485.09709450003
104000,0.835712194442749,0.17828351259231567,0.16106754541397095,0.190355122089386,0.19495558738708496,19.013025283813477,5.733936786651611,3.9793765544891357,9.2e-05,0,13.220035076862654,12500.225647400017
104100,0.8850101232528687,0.1699027270078659,0.15449152886867523,0.1703258901834488,0.2109442502260208,19.73065185546875,5.243910789489746,4.430885314941406,9.18e-05,0,18.324466826259588,12511.140016800025
104200,0.8493990898132324,0.16330686211585999,0.1465054154396057,0.17771503329277039,0.1982082724571228,19.200374603271484,5.0869550704956055,3.7908008098602295,9.159999999999999e-05,0,17.64382663017801,12522.475426300021
104300,0.8560739755630493,0.1732386350631714,0.15634390711784363,0.15696008503437042,0.20562516152858734,20.901269912719727,5.350790500640869,4.043972015380859,9.14e-05,0,14.641416197425995,12536.13530710002
104400,0.8860793113708496,0.16863219439983368,0.1532358080148697,0.17403720319271088,0.20610563457012177,18.299287796020508,5.439081192016602,4.3058881759643555,9.12e-05,0,20.21001520236905,12546.031390700024
104500,0.8472104668617249,0.16743989288806915,0.1528950035572052,0.1626039296388626,0.20052048563957214,21.271076202392578,5.738178730010986,4.1169538497924805,9.1e-05,0,18.769541497555984,12556.686952000018
104600,0.940250813961029,0.16262128949165344,0.14463423192501068,0.16871418058872223,0.2028813511133194,20.1595401763916,6.172574996948242,4.113002300262451,9.08e-05,0,14.60035709114297,12570.385247100028
104700,0.888039231300354,0.16969826817512512,0.1573142558336258,0.1763826459646225,0.20216798782348633,21.180421829223633,5.402321815490723,4.137091159820557,9.059999999999999e-05,0,19.974451677587357,12580.398037600025
104800,0.8734468817710876,0.17595095932483673,0.1636824905872345,0.17243923246860504,0.19993922114372253,19.31482696533203,5.556887149810791,4.070947647094727,9.04e-05,0,16.940448597316248,12592.20410040002
104900,0.859207034111023,0.1681193709373474,0.15521326661109924,0.16605624556541443,0.19791831076145172,19.476261138916016,6.16202974319458,4.027148246765137,9.02e-05,0,14.97347183684867,12605.561056100021
105000,0.8960480093955994,0.16685613989830017,0.15114063024520874,0.16381877660751343,0.20276078581809998,19.812297821044922,5.500511169433594,4.344811916351318,8.999999999999999e-05,0,21.15665909439996,12615.014344500029
105100,0.8931499123573303,0.17207379639148712,0.15495724976062775,0.173512265086174,0.19802822172641754,18.880844116210938,5.509275913238525,4.654810905456543,8.98e-05,0,5.151573590654052,12653.837433500026
105200,0.9107694029808044,0.1641627699136734,0.14889492094516754,0.16846376657485962,0.2063225954771042,19.698244094848633,5.309816360473633,4.15383243560791,8.96e-05,0,13.622565927584434,12668.518955400024
105300,0.891367495059967,0.17331716418266296,0.1597883254289627,0.1708308756351471,0.2066204994916916,21.105798721313477,5.574134349822998,3.8119163513183594,8.939999999999999e-05,0,19.129132105351456,12678.974212800022
105400,0.9301778674125671,0.16773496568202972,0.15459610521793365,0.1755450963973999,0.19107232987880707,19.82585906982422,5.744199275970459,4.379885196685791,8.92e-05,0,16.768226082902324,12690.901532900025
105500,0.8592617511749268,0.1694672703742981,0.15605035424232483,0.17254529893398285,0.19428545236587524,19.564666748046875,5.394749164581299,4.000697135925293,8.9e-05,0,14.925262754222338,12704.301632000017
105600,0.9128119349479675,0.16311435401439667,0.15425170958042145,0.17054885625839233,0.2156199961900711,19.364025115966797,5.954137325286865,4.5734100341796875,8.879999999999999e-05,0,19.78090315606182,12714.412393800027
105700,0.8492912650108337,0.1602957546710968,0.15107478201389313,0.15878841280937195,0.20211760699748993,17.792884826660156,5.484259128570557,4.084903240203857,8.86e-05,0,21.97574495276402,12723.513336700024
105800,0.9230213165283203,0.1688222885131836,0.157026469707489,0.16582688689231873,0.17850780487060547,18.7221622467041,5.525449752807617,3.954878568649292,8.84e-05,0,13.610038018207165,12738.208372800029
105900,0.913557767868042,0.17280009388923645,0.15162979066371918,0.17089463770389557,0.20471061766147614,19.31402587890625,5.514392375946045,4.225202560424805,8.819999999999999e-05,0,19.991936852045463,12748.21240600002
106000,0.8648554086685181,0.16157104074954987,0.14579187333583832,0.1642264723777771,0.20471586287021637,18.757143020629883,5.592422962188721,4.573392391204834,8.8e-05,0,16.901732868744244,12760.045512200028
106100,0.9691451191902161,0.16978226602077484,0.15260152518749237,0.159414604306221,0.19527974724769592,20.044816970825195,5.52475643157959,4.667842864990234,8.779999999999999e-05,0,15.17337366072845,12773.226496500021
106200,0.9803184270858765,0.16264671087265015,0.1468372642993927,0.17354856431484222,0.1857771873474121,20.410863876342773,5.617371559143066,4.370476722717285,8.759999999999999e-05,0,18.323426452165517,12784.14148560002
106300,0.8686358332633972,0.15709900856018066,0.13972850143909454,0.1683887392282486,0.21191027760505676,18.0218563079834,5.613373279571533,4.6823201179504395,8.740000000000001e-05,0,19.01041783252253,12794.662032900029
106400,0.9283028841018677,0.17111562192440033,0.15829439461231232,0.16976438462734222,0.1998082548379898,19.707191467285156,5.501163005828857,4.691256999969482,8.720000000000002e-05,0,13.041642734714145,12809.997524300023
106500,0.8552134037017822,0.16571082174777985,0.1509331911802292,0.1722729504108429,0.19330994784832,20.37109375,5.794973850250244,4.494906902313232,8.700000000000001e-05,0,20.37534419941687,12819.813309400022
106600,0.8753452301025391,0.1665123552083969,0.15023136138916016,0.16760507225990295,0.21532870829105377,19.743515014648438,5.613462924957275,4.040832042694092,8.680000000000001e-05,0,17.282378923614306,12831.385790300017
106700,0.9144137501716614,0.16860239207744598,0.1534736007452011,0.17267315089702606,0.20325417816638947,20.094013214111328,5.464285850524902,4.296775817871094,8.660000000000002e-05,0,14.874394256084031,12844.83171600003
106800,1.0122015476226807,0.16988468170166016,0.151511088013649,0.1720060259103775,0.19441315531730652,20.102197647094727,5.3356614112854,4.946949005126953,8.640000000000001e-05,0,18.854083674350317,12855.439497500018
106900,0.9252303242683411,0.1791321486234665,0.16833528876304626,0.16177162528038025,0.17833378911018372,20.93770980834961,5.348814010620117,4.260902404785156,8.620000000000001e-05,0,19.52758552653231,12865.681419100016
107000,0.9427634477615356,0.16552621126174927,0.15138301253318787,0.17651954293251038,0.20822297036647797,18.929275512695312,5.324910640716553,4.552083492279053,8.600000000000002e-05,0,14.347325287319965,12879.621299600025
107100,0.8924956321716309,0.16132593154907227,0.15042047202587128,0.17883151769638062,0.20646247267723083,18.48740005493164,5.597560405731201,4.37070369720459,8.580000000000001e-05,0,12.061809391307978,12896.202559800018
107200,0.9187950491905212,0.17454487085342407,0.1587153673171997,0.16675443947315216,0.19473354518413544,20.224023818969727,5.642214775085449,4.485763072967529,8.560000000000001e-05,0,20.376632090534223,12906.017724500023
107300,0.9044392704963684,0.15951946377754211,0.14601291716098785,0.1541198492050171,0.19212085008621216,18.40060806274414,5.225213050842285,4.011281967163086,8.540000000000002e-05,0,14.870437300004797,12919.467228100024
107400,0.8925057053565979,0.16726067662239075,0.15254537761211395,0.17534741759300232,0.19333426654338837,19.64263343811035,5.589918613433838,4.45591402053833,8.520000000000001e-05,0,18.146497179846687,12930.488638900017
107500,0.9758618474006653,0.1602747142314911,0.14402681589126587,0.15912842750549316,0.20365582406520844,18.01222801208496,5.468608379364014,4.630173683166504,8.500000000000002e-05,0,20.70934347381677,12940.146115500029
107600,0.913398265838623,0.16739292442798615,0.1546928435564041,0.15803131461143494,0.2080133706331253,19.9610652923584,5.512814998626709,3.9460256099700928,8.480000000000001e-05,0,14.29024745844058,12954.141674400016
107700,0.8516236543655396,0.16929949820041656,0.15353411436080933,0.17953471839427948,0.19495868682861328,20.69117546081543,5.736578464508057,4.199517726898193,8.460000000000001e-05,0,21.77200023880695,12963.32778490003
107800,0.9230313897132874,0.15724797546863556,0.1404065638780594,0.14728696644306183,0.19641706347465515,19.60875129699707,5.665464401245117,4.26943826675415,8.440000000000002e-05,0,21.127276247462454,12972.794220500029
107900,0.8997526168823242,0.15564528107643127,0.14146709442138672,0.1637776792049408,0.20077389478683472,18.08361053466797,5.971252918243408,4.2482218742370605,8.420000000000001e-05,0,14.73180513050922,12986.37028930003
108000,0.9744410514831543,0.15737856924533844,0.1479344666004181,0.13997255265712738,0.2092631310224533,18.810462951660156,5.500255584716797,4.40629243850708,8.400000000000001e-05,0,20.011098155037427,12996.36474330003
108100,0.8271458745002747,0.16107898950576782,0.1461661458015442,0.1584855169057846,0.21905021369457245,18.415287017822266,5.7728095054626465,4.367899417877197,8.380000000000002e-05,0,21.28815045451904,13005.759641200028
108200,0.9285335540771484,0.16659940779209137,0.1504768580198288,0.17151117324829102,0.19560885429382324,20.813302993774414,5.717891216278076,3.849713087081909,8.360000000000001e-05,0,14.132424919914222,13019.911494200016
108300,0.8720859885215759,0.16265159845352173,0.14680466055870056,0.1610925793647766,0.2093425691127777,17.588911056518555,5.311602592468262,4.373528480529785,8.340000000000001e-05,0,21.634648720678854,13029.155924400024
108400,0.9309718608856201,0.16920559108257294,0.15318946540355682,0.16391712427139282,0.20385728776454926,20.046886444091797,5.6074090003967285,4.423159599304199,8.320000000000002e-05,0,20.41920005130909,13038.950627400016
108500,0.9172686338424683,0.16170243918895721,0.14787602424621582,0.15086893737316132,0.20300833880901337,20.481098175048828,5.5110321044921875,4.583593368530273,8.300000000000001e-05,0,14.323791425085217,13052.913411000016
108600,0.8405810594558716,0.1661854386329651,0.15060856938362122,0.16788949072360992,0.20084364712238312,20.290578842163086,6.532956600189209,4.0912017822265625,8.280000000000001e-05,0,18.48236376346918,13063.734537700017
108700,1.0394648313522339,0.16898776590824127,0.15434473752975464,0.16378715634346008,0.19970159232616425,21.506603240966797,5.403079032897949,4.486964702606201,8.260000000000002e-05,0,18.98057351585616,13074.271627100024
108800,0.9843079447746277,0.16030524671077728,0.14381784200668335,0.14430411159992218,0.18446305394172668,20.59063148498535,5.54948091506958,4.441619873046875,8.240000000000001e-05,0,12.657560041649438,13090.072460700016
108900,0.8927247524261475,0.16197451949119568,0.1496693342924118,0.1605929136276245,0.19009824097156525,19.724193572998047,5.712532043457031,4.04219913482666,8.22e-05,0,19.83983873542525,13100.153187800024
109000,0.8911428451538086,0.17248977720737457,0.1622527688741684,0.1885596364736557,0.1976834237575531,19.057968139648438,6.024388790130615,4.457752704620361,8.200000000000001e-05,0,17.056341094342553,13111.879032100027
109100,0.8643262982368469,0.15927764773368835,0.14857828617095947,0.16895326972007751,0.20733189582824707,18.241655349731445,5.643356800079346,4.339297294616699,8.180000000000001e-05,0,14.936704631226235,13125.268866400016
109200,0.8616265654563904,0.15824268758296967,0.14372900128364563,0.16437236964702606,0.19087763130664825,17.69505500793457,5.89409875869751,4.035452365875244,8.16e-05,0,18.98595970242413,13135.802966500021
109300,0.9179980158805847,0.1667720526456833,0.15324272215366364,0.16864463686943054,0.20045897364616394,20.450878143310547,5.636326789855957,4.351502418518066,8.140000000000001e-05,0,19.809950270583254,13145.898903000023
109400,0.939602792263031,0.1658814400434494,0.1529223918914795,0.1631118357181549,0.19761106371879578,18.99496078491211,5.659769535064697,4.529123306274414,8.120000000000001e-05,0,14.339709334526958,13159.846187100018
109500,0.9337416887283325,0.1753210574388504,0.15985549986362457,0.15879999101161957,0.20115233957767487,20.735790252685547,5.712255954742432,4.306585788726807,8.1e-05,0,21.577415445734456,13169.115137800021
109600,0.9843326210975647,0.15517248213291168,0.13929709792137146,0.15827874839305878,0.19589465856552124,17.879676818847656,5.673366069793701,4.056859016418457,8.080000000000001e-05,0,18.561626348920694,13179.890055700016
109700,0.9402739405632019,0.162679061293602,0.15152767300605774,0.1587982475757599,0.20540662109851837,19.263057708740234,5.426179885864258,4.359817028045654,8.060000000000001e-05,0,14.835367623220447,13193.371352900023
109800,0.9797797799110413,0.16505829989910126,0.14756040275096893,0.17486819624900818,0.19638818502426147,20.85425567626953,6.033865451812744,4.46495246887207,8.04e-05,0,21.329023164321573,13202.748247400028
109900,0.8993909955024719,0.16486692428588867,0.15043415129184723,0.1654862016439438,0.19733089208602905,20.543121337890625,5.821412086486816,4.281851291656494,8.020000000000001e-05,0,21.862264889110143,13211.896430400026
110000,0.9856696724891663,0.16878089308738708,0.15177488327026367,0.15681150555610657,0.20217373967170715,19.05373191833496,5.468991756439209,4.497433662414551,8e-05,0,14.59723651686998,13225.597653900026
110100,0.9314391016960144,0.16923299431800842,0.1528214067220688,0.15128938853740692,0.19970610737800598,21.56574249267578,5.374948024749756,4.005329608917236,7.98e-05,0,5.780110988939572,13260.199065600027
110200,0.9435543417930603,0.1608489453792572,0.14559216797351837,0.1802712082862854,0.20459134876728058,19.37363624572754,5.995213985443115,4.392667293548584,7.960000000000001e-05,0,20.088952273571987,13270.154786400017
110300,0.8969624638557434,0.16456548869609833,0.14678286015987396,0.1549481600522995,0.19203747808933258,19.68588638305664,5.578681468963623,4.314731121063232,7.94e-05,0,13.87037800253844,13284.574004100024
110400,0.8926641941070557,0.16818641126155853,0.15680429339408875,0.1563282161951065,0.1982598602771759,21.261743545532227,6.032474040985107,4.570616245269775,7.920000000000001e-05,0,17.262169361162503,13296.160033400025
110500,0.9510366320610046,0.16174742579460144,0.1479896754026413,0.17777834832668304,0.201883465051651,19.642927169799805,5.944586753845215,4.301092624664307,7.900000000000001e-05,0,20.866808040684635,13305.744633000024
110600,0.954549252986908,0.15751585364341736,0.14048054814338684,0.15049706399440765,0.19870366156101227,19.073062896728516,5.497330188751221,4.522481441497803,7.88e-05,0,13.831479603864166,13320.204402000018
110700,0.8948462009429932,0.15547046065330505,0.14134293794631958,0.15789629518985748,0.19514364004135132,18.71310806274414,5.88226318359375,4.490434646606445,7.860000000000001e-05,0,20.507921328144388,13329.956731200029
110800,0.9285569787025452,0.16892604529857635,0.15182876586914062,0.15348167717456818,0.19307102262973785,19.631132125854492,5.8460588455200195,4.099123954772949,7.840000000000001e-05,0,20.55175227683957,13339.688261500021
110900,0.941024124622345,0.16622944176197052,0.15074187517166138,0.154831200838089,0.18952663242816925,20.67578887939453,6.0132269859313965,4.198964595794678,7.82e-05,0,14.808208050530494,13353.194284600017
111000,0.8890694975852966,0.15535132586956024,0.1420975774526596,0.16802313923835754,0.20122653245925903,18.44070053100586,5.64101505279541,3.941587448120117,7.800000000000001e-05,0,20.537637773018695,13362.932502900017
111100,0.9532825946807861,0.16528837382793427,0.15171527862548828,0.16056600213050842,0.1926901638507843,21.93522834777832,5.97680139541626,4.275729656219482,7.780000000000001e-05,0,21.82789832851335,13372.095089100025
111200,0.93480384349823,0.1501232534646988,0.13586778938770294,0.16167384386062622,0.19828763604164124,18.10019302368164,5.380383014678955,4.73505163192749,7.76e-05,0,13.54128779271866,13386.864733100025
111300,0.9190295934677124,0.17266549170017242,0.1566220372915268,0.1646808236837387,0.1949295997619629,21.614574432373047,5.725159168243408,4.622005462646484,7.740000000000001e-05,0,19.25797649256865,13397.25004020003
111400,0.9198238849639893,0.16436730325222015,0.14528433978557587,0.16507689654827118,0.17923861742019653,19.74402618408203,5.398261070251465,4.06515645980835,7.72e-05,0,16.66579837858843,13409.250665400017
111500,0.9632643461227417,0.17157882452011108,0.15444038808345795,0.16447360813617706,0.21129649877548218,20.88697624206543,5.675893306732178,4.900838375091553,7.7e-05,0,14.528206975103469,13423.016989100026
111600,0.910960853099823,0.15320035815238953,0.14247369766235352,0.17962409555912018,0.1972191035747528,18.496957778930664,6.018494129180908,4.417298316955566,7.680000000000001e-05,0,20.20564966735152,13432.915210800027
111700,0.9298028349876404,0.1545264720916748,0.13814625144004822,0.15731319785118103,0.19936420023441315,19.05158805847168,5.4314775466918945,4.390785217285156,7.66e-05,0,19.580233855748304,13443.129593400023
111800,0.9288401007652283,0.1639111042022705,0.14974327385425568,0.15974503755569458,0.18871328234672546,19.750904083251953,5.412962913513184,4.3001813888549805,7.64e-05,0,14.671461486115135,13456.761500500026
111900,0.8764844536781311,0.16662317514419556,0.15038996934890747,0.15978866815567017,0.20762167870998383,18.416513442993164,5.303974628448486,4.494613170623779,7.620000000000001e-05,0,21.198481595179317,13466.196138500018
112000,0.8863611221313477,0.15946660935878754,0.14514075219631195,0.16771861910820007,0.20923364162445068,20.068174362182617,5.652717113494873,4.800952434539795,7.6e-05,0,19.872930100184107,13476.26007970002
112100,0.9332568049430847,0.15775127708911896,0.14340615272521973,0.152932271361351,0.1898745745420456,18.95911407470703,5.60460901260376,4.0634284019470215,7.58e-05,0,14.413892709414545,13490.135581900016
112200,0.89737868309021,0.16231484711170197,0.1477912813425064,0.1672079861164093,0.1907063126564026,19.23042106628418,5.4909234046936035,4.093255043029785,7.560000000000001e-05,0,19.119410979117283,13500.596155200023
112300,0.9138904213905334,0.16682562232017517,0.15133605897426605,0.1605762094259262,0.19782808423042297,20.169092178344727,5.534847736358643,4.219484806060791,7.54e-05,0,19.1539818384408,13511.037848300024
112400,0.8533777594566345,0.16189469397068024,0.14451263844966888,0.15898630023002625,0.21302230656147003,19.123289108276367,6.03653621673584,4.514326572418213,7.52e-05,0,15.121360752509853,13524.264171200019
112500,0.9513295292854309,0.15670140087604523,0.1472303569316864,0.1680053174495697,0.19253389537334442,19.58855438232422,5.705542087554932,4.185967922210693,7.500000000000001e-05,0,19.244804244453267,13534.656586600016
112600,0.9306442737579346,0.16226381063461304,0.148811474442482,0.17037150263786316,0.18847189843654633,19.4398193359375,5.631479263305664,4.168002128601074,7.48e-05,0,20.12644114624798,13544.593763200028
112700,0.9077165722846985,0.16349110007286072,0.14721819758415222,0.14647439122200012,0.20049333572387695,21.025978088378906,5.4094743728637695,4.402865886688232,7.46e-05,0,13.99209555739488,13558.887547800026
112800,0.9334625601768494,0.156859889626503,0.14467181265354156,0.1622205674648285,0.1898358315229416,19.48781394958496,5.878278732299805,4.357455253601074,7.44e-05,0,20.739745232963408,13568.53086780003
112900,0.933640718460083,0.1603376418352127,0.14601948857307434,0.1640387326478958,0.19319379329681396,19.053987503051758,5.545886039733887,4.350737571716309,7.42e-05,0,21.029408028904104,13578.041359000024
113000,0.9103336334228516,0.15798774361610413,0.14414486289024353,0.15934348106384277,0.19509507715702057,18.863075256347656,5.511213302612305,4.3320112228393555,7.4e-05,0,14.66209551402555,13591.681974000021
113100,0.9112050533294678,0.16689510643482208,0.1488148719072342,0.17448922991752625,0.19125013053417206,19.07322883605957,5.362464427947998,4.215104579925537,7.38e-05,0,20.691723274476377,13601.347674500023
113200,0.8762592077255249,0.15876305103302002,0.14354854822158813,0.1519896537065506,0.19596204161643982,19.523235321044922,5.530576705932617,4.369569778442383,7.36e-05,0,20.660579467681963,13611.027945100024
113300,0.9271248579025269,0.16194963455200195,0.14665882289409637,0.15732185542583466,0.19143372774124146,19.217575073242188,5.392582416534424,4.272899627685547,7.340000000000001e-05,0,14.698596388406012,13624.634686500023
113400,0.9244935512542725,0.1684279590845108,0.1566876471042633,0.14830408990383148,0.19459867477416992,19.72461700439453,5.402030944824219,4.19169282913208,7.32e-05,0,20.9282792683014,13634.191133900022
113500,0.9086358547210693,0.16359063982963562,0.14989453554153442,0.1723221242427826,0.2075621336698532,19.946043014526367,5.975027561187744,4.492166519165039,7.3e-05,0,19.831100893429493,13644.276302700018
113600,0.9447806477546692,0.1637796014547348,0.14478246867656708,0.15248772501945496,0.1896163374185562,19.310924530029297,5.531383514404297,4.241949081420898,7.280000000000001e-05,0,14.295948142308129,13658.266280700016
113700,0.9483926892280579,0.15459315478801727,0.140321284532547,0.16264748573303223,0.1882769614458084,19.080230712890625,5.746589660644531,4.375006675720215,7.26e-05,0,20.648645609372,13667.952146000025
113800,0.9362107515335083,0.1548871248960495,0.13897056877613068,0.16001388430595398,0.20191453397274017,19.313549041748047,5.462437629699707,4.4405388832092285,7.24e-05,0,20.760945754523625,13677.585618500016
113900,0.9317590594291687,0.15869773924350739,0.14359556138515472,0.16007165610790253,0.19663499295711517,19.13449478149414,5.242839336395264,4.11909294128418,7.22e-05,0,14.36365981426166,13691.509646400023
114000,0.9674293398857117,0.16496218740940094,0.15222902595996857,0.15484687685966492,0.2009464055299759,20.724775314331055,5.607294082641602,4.363926410675049,7.2e-05,0,20.65806130334748,13701.191097000017
114100,0.8864940404891968,0.15810087323188782,0.1439940482378006,0.1498432755470276,0.18565919995307922,18.564111709594727,5.853175640106201,4.016755104064941,7.18e-05,0,11.287644923687871,13718.90958490003
114200,0.9183748364448547,0.16251808404922485,0.14896754920482635,0.1623038798570633,0.20508591830730438,20.162818908691406,5.827652454376221,4.417716979980469,7.16e-05,0,14.230818294263987,13732.963590500018
114300,0.9668132662773132,0.15249210596084595,0.14063595235347748,0.13755805790424347,0.18971218168735504,18.847673416137695,4.995600700378418,4.472781181335449,7.14e-05,0,20.487930094277555,13742.72543560002
114400,0.9014706015586853,0.1608293354511261,0.14767573773860931,0.16716268658638,0.19450132548809052,18.968669891357422,5.657325744628906,4.4314961433410645,7.12e-05,0,20.71539218995892,13752.380092300024
114500,0.90587317943573,0.15719690918922424,0.14372776448726654,0.14870116114616394,0.20006625354290009,18.696317672729492,5.008706569671631,4.042052268981934,7.1e-05,0,14.548722876375164,13766.127003400019
114600,0.9573516845703125,0.15763325989246368,0.143430694937706,0.15383438766002655,0.19790998101234436,18.756916046142578,5.634094715118408,4.248146057128906,7.08e-05,0,21.136410972310898,13775.589347800022
114700,0.8877081274986267,0.16086606681346893,0.1414024382829666,0.15665103495121002,0.19563685357570648,20.02166748046875,5.531433582305908,4.230918884277344,7.06e-05,0,21.025286754945927,13785.101703200024
114800,0.9195089340209961,0.15447640419006348,0.1395033299922943,0.1506068855524063,0.19675113260746002,19.47437286376953,5.628045558929443,4.265050411224365,7.04e-05,0,14.242365611355394,13799.14431420002
114900,0.9082791209220886,0.1552172303199768,0.1398223489522934,0.13502219319343567,0.20436665415763855,17.687063217163086,5.538738250732422,4.64663553237915,7.02e-05,0,21.05014212266945,13808.64543770002
115000,0.9652901887893677,0.1634591519832611,0.15004730224609375,0.1533699333667755,0.196324422955513,19.67259979248047,5.6948676109313965,4.389880180358887,7e-05,0,20.711840052793217,13818.30175020003
115100,0.934479296207428,0.16301271319389343,0.15357495844364166,0.15479150414466858,0.19262351095676422,21.08721351623535,5.355597019195557,4.068730354309082,6.98e-05,0,5.123128895644195,13857.340393200022
115200,0.9063699841499329,0.15377196669578552,0.1428741216659546,0.1558571308851242,0.18615636229515076,19.803707122802734,5.28879976272583,3.99806809425354,6.96e-05,0,21.09374662171369,13866.821876200018
115300,0.9497384428977966,0.1549735963344574,0.1412672996520996,0.17163273692131042,0.1964007467031479,18.791154861450195,5.887937545776367,4.114632606506348,6.939999999999999e-05,0,21.123218928452516,13876.290130100024
115400,0.9852222800254822,0.1586439162492752,0.14915026724338531,0.1577518880367279,0.20310576260089874,20.178024291992188,5.7153449058532715,4.524837017059326,6.92e-05,0,14.723298932979704,13889.874042300027
115500,0.9450209736824036,0.1576252281665802,0.14327284693717957,0.13852401077747345,0.18725021183490753,20.891334533691406,5.767484188079834,4.38360071182251,6.9e-05,0,21.197769583427917,13899.308997200016
115600,0.9539945721626282,0.15120890736579895,0.13586848974227905,0.16085170209407806,0.18628238141536713,18.561628341674805,5.930331707000732,4.235681056976318,6.879999999999999e-05,0,21.242456631039037,13908.724104100023
115700,0.9142532348632812,0.16385960578918457,0.15208514034748077,0.16724608838558197,0.19699706137180328,18.34302520751953,5.6754069328308105,4.390725135803223,6.86e-05,0,14.720160150634076,13922.310912800021
115800,0.9092494249343872,0.1612485647201538,0.14985758066177368,0.13708099722862244,0.1854788362979889,19.904621124267578,5.215376377105713,4.330456256866455,6.84e-05,0,21.179100683705663,13931.754184400022
115900,0.8910124897956848,0.15166370570659637,0.1387365758419037,0.1455441117286682,0.18545709550380707,20.177732467651367,5.672621250152588,4.29722785949707,6.819999999999999e-05,0,21.22515455041598,13941.17696620003
116000,0.9489375948905945,0.15149354934692383,0.13500764966011047,0.1615484207868576,0.19327081739902496,19.00844383239746,5.756844520568848,4.197351455688477,6.8e-05,0,14.75615004608202,13954.73063700003
116100,0.9571816325187683,0.15917420387268066,0.14818449318408966,0.14336685836315155,0.19122232496738434,20.91464614868164,5.491721153259277,4.143545150756836,6.78e-05,0,20.97936215039605,13964.26381530003
116200,0.924177348613739,0.15779946744441986,0.143731951713562,0.15110360085964203,0.19727464020252228,20.841848373413086,6.101040363311768,4.26481294631958,6.76e-05,0,21.054231035656255,13973.76309360002
116300,0.9594782590866089,0.16062824428081512,0.1444559544324875,0.15521679818630219,0.18052423000335693,19.326480865478516,5.626986026763916,4.512399673461914,6.74e-05,0,14.623281885024479,13987.439914000017
116400,0.9311903715133667,0.16805827617645264,0.15379022061824799,0.1666417270898819,0.1963580995798111,22.649377822875977,5.645365238189697,4.236457824707031,6.72e-05,0,21.06973554667011,13996.932202100026
116500,0.9700891375541687,0.15469175577163696,0.14410018920898438,0.1647205948829651,0.18551543354988098,19.015684127807617,6.459747314453125,4.297525405883789,6.7e-05,0,21.079655697546205,14006.420023100029
116600,0.9277472496032715,0.1508699506521225,0.1357070952653885,0.16238999366760254,0.1946951448917389,19.128000259399414,5.571719646453857,4.3963422775268555,6.68e-05,0,14.621324759139894,14020.098674200024
116700,0.8868177533149719,0.1554221361875534,0.14038141071796417,0.1611373871564865,0.19504554569721222,19.160205841064453,5.742796421051025,4.400582790374756,6.659999999999999e-05,0,21.053696674396736,14029.598193600017
116800,0.9161083102226257,0.1609804481267929,0.14508748054504395,0.15376311540603638,0.18383945524692535,21.57070541381836,5.6763224601745605,4.175370216369629,6.64e-05,0,21.217344729496066,14039.024443800023
116900,0.960511326789856,0.15520928800106049,0.14281395077705383,0.15291272103786469,0.18813259899616241,19.745141983032227,5.7751145362854,4.413156032562256,6.62e-05,0,14.673850093457066,14052.654131900024
117000,0.8905751705169678,0.1543540358543396,0.1444607973098755,0.1537928730249405,0.20882117748260498,19.24553108215332,5.725664138793945,4.512601375579834,6.599999999999999e-05,0,21.038133426123814,14062.16067870002
117100,0.9547857642173767,0.15327109396457672,0.13992591202259064,0.15226197242736816,0.20077243447303772,18.700454711914062,5.531665325164795,4.144246578216553,6.58e-05,0,21.103641301390965,14071.637716200028
117200,0.9038860201835632,0.16099350154399872,0.14603190124034882,0.1523386389017105,0.19475381076335907,19.37786865234375,5.861038684844971,4.2847089767456055,6.56e-05,0,14.721249822338892,14085.223519200023
117300,0.9726312160491943,0.15534783899784088,0.14244937896728516,0.16618779301643372,0.2024228870868683,20.075952529907227,5.552180767059326,4.214933395385742,6.539999999999999e-05,0,20.91972329188904,14094.783875100024
117400,0.887246310710907,0.16019414365291595,0.14149528741836548,0.16043634712696075,0.19761407375335693,19.77045440673828,5.934183597564697,4.1817779541015625,6.52e-05,0,21.029164138554506,14104.29447660003
117500,0.9084236025810242,0.15735450387001038,0.13909812271595,0.14978976547718048,0.2027384489774704,19.937026977539062,5.342256546020508,4.311768054962158,6.5e-05,0,14.596200811820049,14117.996672300025
117600,0.9105377197265625,0.1573106348514557,0.13995319604873657,0.15012744069099426,0.19469624757766724,18.645122528076172,5.929704666137695,3.9676830768585205,6.479999999999999e-05,0,21.17784839412818,14127.440502300029
117700,0.9320428967475891,0.15638910233974457,0.13826917111873627,0.14722463488578796,0.19288498163223267,18.98323631286621,5.72194766998291,4.27089262008667,6.46e-05,0,21.142697020181327,14136.900033400016
117800,0.9575977325439453,0.15351362526416779,0.14213250577449799,0.1546737402677536,0.19578759372234344,20.019466400146484,5.800421714782715,5.054836273193359,6.44e-05,0,14.793302503885558,14150.419665000023
117900,0.924477219581604,0.1539091318845749,0.14156360924243927,0.15474346280097961,0.1888992041349411,19.330036163330078,6.156782150268555,4.411352634429932,6.419999999999999e-05,0,21.18615475465451,14159.85979240002
118000,0.8754411935806274,0.16198667883872986,0.14884063601493835,0.16479924321174622,0.2097439467906952,19.994348526000977,5.837561130523682,4.503012180328369,6.4e-05,0,21.114458268876266,14169.331974800021
118100,0.9397327303886414,0.1569049060344696,0.14250947535037994,0.14663740992546082,0.19221211969852448,20.18893814086914,5.695811748504639,3.9637136459350586,6.379999999999999e-05,0,14.633317239125633,14182.999415800019
118200,0.9644936323165894,0.16976921260356903,0.15981139242649078,0.1420532912015915,0.19306926429271698,20.932668685913086,5.70300817489624,4.381983757019043,6.359999999999999e-05,0,21.178925973252557,14192.442765300017
118300,0.9462565183639526,0.15571586787700653,0.14293788373470306,0.1383345127105713,0.2056039720773697,20.436323165893555,5.842926979064941,4.405930995941162,6.34e-05,0,21.20945383406632,14201.872522500023
118400,0.9830396175384521,0.14841008186340332,0.1338651031255722,0.14747901260852814,0.19342871010303497,18.924013137817383,6.043699741363525,4.593580722808838,6.319999999999999e-05,0,14.759026786827599,14215.423551500018
118500,0.9761037230491638,0.15285222232341766,0.13702139258384705,0.13695399463176727,0.19050870835781097,20.218008041381836,5.648592948913574,4.175637722015381,6.299999999999999e-05,0,21.15202941823643,14224.878909000021
118600,0.9178180694580078,0.15603868663311005,0.14319784939289093,0.15242834389209747,0.20951253175735474,19.457834243774414,5.503686904907227,4.181651592254639,6.28e-05,0,21.19347471140934,14234.315775900017
118700,0.9511914849281311,0.1568240523338318,0.14161407947540283,0.15083692967891693,0.20390881597995758,19.0927734375,5.684938430786133,4.187685012817383,6.259999999999999e-05,0,14.669924103741922,14247.949111600028
118800,0.8997364640235901,0.15401244163513184,0.1403070092201233,0.15646566450595856,0.18663276731967926,19.867494583129883,5.841813087463379,4.097819805145264,6.240000000000001e-05,0,21.18874540294693,14257.388084800026
118900,0.9950230121612549,0.16140872240066528,0.14662078022956848,0.16951502859592438,0.18783237040042877,20.256370544433594,6.32334041595459,4.073976516723633,6.220000000000001e-05,0,21.165752500200323,14266.837311800016
119000,0.9477776288986206,0.1473398208618164,0.1323382407426834,0.16409610211849213,0.1884564310312271,19.008039474487305,6.282730579376221,4.27159309387207,6.200000000000002e-05,0,14.823885605312427,14280.329051100023
119100,0.9419757127761841,0.15547005832195282,0.13900184631347656,0.1505599021911621,0.19622544944286346,20.215539932250977,5.660646438598633,4.323939800262451,6.180000000000001e-05,0,20.980671849800103,14289.861634300018
119200,0.9504464268684387,0.1598784178495407,0.14631912112236023,0.16956563293933868,0.2045702338218689,22.17566680908203,5.754170894622803,4.34686803817749,6.16e-05,0,21.14372520150346,14299.320705400023
119300,0.9795409440994263,0.16068096458911896,0.14552690088748932,0.1578986942768097,0.19887086749076843,23.191152572631836,5.4365973472595215,4.304152011871338,6.140000000000002e-05,0,14.639195114210306,14312.982658700028
119400,0.9826374053955078,0.1531549096107483,0.13870950043201447,0.15491627156734467,0.19482162594795227,19.626447677612305,5.474349021911621,4.928099155426025,6.120000000000001e-05,0,21.055135366996247,14322.481529000026
119500,0.9234631061553955,0.15168598294258118,0.1336871087551117,0.1464393138885498,0.18143987655639648,18.924957275390625,5.495896339416504,4.2830963134765625,6.100000000000001e-05,0,21.16498713850974,14331.931097700028
119600,0.9684745669364929,0.15872177481651306,0.14314661920070648,0.1489218920469284,0.19712406396865845,18.955881118774414,5.154844284057617,4.301888942718506,6.0800000000000014e-05,0,14.75645336967142,14345.484489900016
119700,0.9205508232116699,0.15837378799915314,0.1465519517660141,0.15496233105659485,0.20535390079021454,18.379467010498047,6.093210697174072,4.423115253448486,6.060000000000001e-05,0,21.184276246324043,14354.925454400029
119800,0.9137037396430969,0.16586343944072723,0.14654409885406494,0.1572073996067047,0.1968037337064743,21.520816802978516,6.07440710067749,4.302265644073486,6.040000000000001e-05,0,21.190385142465132,14364.363697200024
119900,0.953364372253418,0.1562313586473465,0.1390577107667923,0.15488195419311523,0.2091822326183319,21.476137161254883,5.952354431152344,4.5479583740234375,6.020000000000001e-05,0,14.758612705761214,14377.915106400018
120000,0.9223162531852722,0.15274271368980408,0.13480524718761444,0.16441816091537476,0.19771882891654968,18.202070236206055,5.348570823669434,4.34737491607666,6.0000000000000015e-05,0,21.19345090575959,14387.351983900022
120100,0.9791938066482544,0.15087975561618805,0.13433551788330078,0.14620670676231384,0.19472186267375946,18.9105167388916,5.5644049644470215,4.295465469360352,5.980000000000001e-05,0,5.736124500539398,14422.218730600027
120200,0.8939821720123291,0.15600740909576416,0.1410728543996811,0.14930281043052673,0.20309202373027802,19.106048583984375,6.383608341217041,4.343236446380615,5.960000000000001e-05,0,14.774187986618143,14435.755853600029
120300,0.941753089427948,0.15412314236164093,0.144290030002594,0.1535356044769287,0.19482114911079407,20.22138214111328,6.070532321929932,4.399855136871338,5.9400000000000014e-05,0,21.200698147494123,14445.189505200018
120400,0.9168699979782104,0.1641579419374466,0.1504010260105133,0.1703094244003296,0.19130299985408783,19.812530517578125,5.792019367218018,4.220455169677734,5.920000000000001e-05,0,21.16218352509425,14454.640325800021
120500,0.8637919425964355,0.14745622873306274,0.12990978360176086,0.13621900975704193,0.1952328383922577,19.232892990112305,5.6223320960998535,4.328364372253418,5.900000000000001e-05,0,14.760496624575733,14468.190005400029
120600,0.9910422563552856,0.1544768214225769,0.13984647393226624,0.14025236666202545,0.18619422614574432,20.502017974853516,5.550007343292236,3.8745510578155518,5.880000000000001e-05,0,21.172353437301666,14477.636286400026
120700,0.9122782945632935,0.15294061601161957,0.14098376035690308,0.17233237624168396,0.18612225353717804,19.43868064880371,6.4633002281188965,4.280488014221191,5.860000000000001e-05,0,21.14840312427654,14487.09326520002
120800,0.915789008140564,0.15150460600852966,0.13917434215545654,0.15121258795261383,0.17822539806365967,19.342050552368164,5.85847282409668,4.016688823699951,5.840000000000001e-05,0,14.684835204906719,14500.71275750002
120900,0.8831188678741455,0.15372192859649658,0.1398504078388214,0.14949795603752136,0.20226189494132996,20.185291290283203,5.362614154815674,4.50298547744751,5.820000000000001e-05,0,21.08850601345129,14510.196596700029
121000,0.993770956993103,0.15601731836795807,0.13995268940925598,0.15293079614639282,0.19362017512321472,19.833011627197266,6.161678791046143,4.4670233726501465,5.800000000000001e-05,0,21.189296294799963,14519.635324500021
121100,0.9159538745880127,0.1557738184928894,0.13823476433753967,0.15020161867141724,0.1939074546098709,19.35475730895996,5.791197776794434,4.345076084136963,5.780000000000001e-05,0,14.759467358866349,14533.18594900002
121200,0.8824270963668823,0.15511608123779297,0.1443251222372055,0.16603660583496094,0.20525023341178894,20.27237892150879,5.8309760093688965,4.489545822143555,5.760000000000001e-05,0,11.890660996374221,14550.005871800022
121300,0.8588194251060486,0.15128397941589355,0.1359657496213913,0.1534348428249359,0.18637175858020782,18.91501235961914,5.825984954833984,3.9986135959625244,5.7400000000000006e-05,0,21.177944373846277,14559.44965900002
121400,0.9407825469970703,0.14626450836658478,0.1325126588344574,0.1619042307138443,0.19829969108104706,18.21327018737793,5.778395175933838,3.993356227874756,5.720000000000001e-05,0,14.884610628414409,14572.886355800016
121500,0.8842636942863464,0.14889821410179138,0.14094246923923492,0.15471233427524567,0.1908828318119049,19.701616287231445,5.707604885101318,4.051551342010498,5.700000000000001e-05,0,21.263161272211708,14582.29229490002
121600,0.8858325481414795,0.15037259459495544,0.13872861862182617,0.16460461914539337,0.19518719613552094,18.196741104125977,5.636952877044678,4.099140167236328,5.680000000000001e-05,0,21.160299862172703,14591.743956800026
121700,0.9747499823570251,0.14955583214759827,0.1356564313173294,0.1493525356054306,0.18516278266906738,20.172761917114258,5.411733150482178,4.509921550750732,5.660000000000001e-05,0,14.52596218321486,14605.512407900023
121800,0.9694980382919312,0.16033199429512024,0.1523868590593338,0.13620005548000336,0.19520774483680725,20.39072036743164,5.547217845916748,4.2894415855407715,5.640000000000001e-05,0,20.92130458602554,14615.072041200023
121900,0.938598096370697,0.15386031568050385,0.13783212006092072,0.15717077255249023,0.19551338255405426,21.125680923461914,5.747104167938232,4.225886344909668,5.620000000000001e-05,0,21.185403625529332,14624.512503300022
122000,0.8820474743843079,0.1553080826997757,0.13944779336452484,0.14892806112766266,0.20155668258666992,18.66014289855957,5.52601957321167,4.002074241638184,5.6000000000000006e-05,0,14.744087862200024,14638.077262400024
122100,0.9498635530471802,0.15155036747455597,0.13873761892318726,0.14573927223682404,0.19664046168327332,19.44147300720215,5.71342134475708,4.321236610412598,5.580000000000001e-05,0,21.22849716430904,14647.498560500026
122200,0.9638258218765259,0.15226411819458008,0.1341647058725357,0.15127012133598328,0.17826320230960846,20.025768280029297,5.80509090423584,4.257303237915039,5.560000000000001e-05,0,21.1926426689368,14656.93579790002
122300,0.9186742901802063,0.1562078595161438,0.14259333908557892,0.1645679771900177,0.197722390294075,20.000606536865234,5.895303249359131,4.82234001159668,5.5400000000000005e-05,0,14.831158751752827,14670.420920900026
122400,0.9679775238037109,0.1522342413663864,0.13899296522140503,0.14758075773715973,0.1909138411283493,19.937681198120117,6.1483001708984375,4.002045631408691,5.520000000000001e-05,0,21.26197903885722,14679.827383000025
122500,0.9914901256561279,0.14778628945350647,0.1322956085205078,0.14278283715248108,0.19109541177749634,20.276819229125977,5.36265230178833,4.661433696746826,5.500000000000001e-05,0,21.208417676132616,14689.257600900019
122600,0.9029524922370911,0.14482125639915466,0.13015882670879364,0.15442655980587006,0.18973994255065918,18.614643096923828,5.912491321563721,4.05678129196167,5.4800000000000004e-05,0,14.772393534131792,14702.796368300027
122700,0.8968386650085449,0.1538715362548828,0.14104321599006653,0.15533410012722015,0.197978213429451,20.16762924194336,6.062404632568359,4.394351959228516,5.4600000000000006e-05,0,21.121351340696066,14712.26545940002
122800,0.9561504125595093,0.14740507304668427,0.13137026131153107,0.15166044235229492,0.18622452020645142,19.748720169067383,5.5782470703125,4.534022808074951,5.440000000000001e-05,0,21.19791180218367,14721.700351000021
122900,0.9143269658088684,0.15330219268798828,0.1404847502708435,0.13881534337997437,0.18176911771297455,17.484033584594727,5.162402629852295,4.526429176330566,5.420000000000001e-05,0,14.756164308323159,14735.254008700023
123000,0.9104287028312683,0.14625129103660583,0.1340111643075943,0.1593194305896759,0.20192666351795197,18.81796646118164,6.086552619934082,4.61716890335083,5.4000000000000005e-05,0,21.22800101124798,14744.675527000029
123100,0.9518324732780457,0.1551152616739273,0.13849832117557526,0.15148299932479858,0.19578002393245697,20.581439971923828,5.7014946937561035,4.36979341506958,5.380000000000001e-05,0,21.213149246334364,14754.103641500027
123200,0.9103013277053833,0.15273748338222504,0.14173077046871185,0.14427272975444794,0.19293637573719025,19.987491607666016,5.753199100494385,4.23900032043457,5.360000000000001e-05,0,14.769945470989361,14767.644652900024
123300,0.970108151435852,0.15471409261226654,0.13710539042949677,0.1608494371175766,0.2117256075143814,20.1785945892334,6.348735332489014,4.269912242889404,5.3400000000000004e-05,0,21.174045337998745,14777.090179100021
123400,0.9142041802406311,0.15297743678092957,0.1392178237438202,0.15209373831748962,0.1952311098575592,17.872867584228516,5.935569763183594,4.2966437339782715,5.3200000000000006e-05,0,21.21814832357968,14786.51607230003
123500,0.9712944030761719,0.15860430896282196,0.14044015109539032,0.1466800719499588,0.19835418462753296,20.77347183227539,6.172737121582031,4.499635696411133,5.300000000000001e-05,0,14.773898994019119,14800.053460100025
123600,1.000024437904358,0.155559241771698,0.14286945760250092,0.13920126855373383,0.19896560907363892,20.198440551757812,5.738245487213135,4.228577613830566,5.28e-05,0,21.19337005684829,14809.490373600027
123700,0.9693166613578796,0.15347856283187866,0.14127801358699799,0.15388545393943787,0.1911206990480423,19.47972297668457,6.096495151519775,4.331649303436279,5.2600000000000005e-05,0,21.211221181462136,14818.919345100017
123800,0.9125316143035889,0.14505593478679657,0.1279749870300293,0.14008350670337677,0.19980685412883759,18.49271011352539,5.9417405128479,4.14531946182251,5.2400000000000007e-05,0,14.714800279281958,14832.511102800025
123900,0.9591767191886902,0.16009004414081573,0.14573903381824493,0.155202716588974,0.20467425882816315,20.939022064208984,5.654880046844482,4.273273468017578,5.22e-05,0,21.158913469498057,14841.963384000017
124000,0.9315388798713684,0.1479974091053009,0.13237884640693665,0.14365355670452118,0.19665901362895966,19.95308494567871,5.836437225341797,3.9848616123199463,5.2000000000000004e-05,0,21.17553213844983,14851.408247000028
124100,0.9656681418418884,0.14670901000499725,0.13333484530448914,0.14355076849460602,0.18565206229686737,18.703540802001953,5.712480545043945,4.0002946853637695,5.1800000000000005e-05,0,14.709842869983317,14865.00458530002
124200,0.9699024558067322,0.15061037242412567,0.13741788268089294,0.16326814889907837,0.19725902378559113,19.69760513305664,6.065853595733643,4.390614986419678,5.16e-05,0,21.18058056776783,14874.447197100017
124300,1.003523826599121,0.15628044307231903,0.14193424582481384,0.13283143937587738,0.1947847306728363,20.451229095458984,5.4420013427734375,3.897873640060425,5.14e-05,0,21.088364369484434,14883.931100000016
124400,0.9235224723815918,0.15100833773612976,0.1345282793045044,0.16482941806316376,0.20218433439731598,19.72484588623047,6.2548136711120605,4.458472728729248,5.1200000000000004e-05,0,14.723429866568404,14897.514891400016
124500,0.9978509545326233,0.15833206474781036,0.1433306783437729,0.1517258584499359,0.1724477857351303,20.994218826293945,6.223299503326416,4.230647087097168,5.1000000000000006e-05,0,21.111838507774987,14906.988249200018
124600,0.9372865557670593,0.15291854739189148,0.13499461114406586,0.14882822334766388,0.19827726483345032,18.56483268737793,5.969387531280518,4.418554782867432,5.08e-05,0,20.990650606778953,14916.516300700023
124700,0.9463109374046326,0.15012195706367493,0.13763479888439178,0.13869059085845947,0.20237411558628082,19.687763214111328,5.963508605957031,4.201620578765869,5.0600000000000003e-05,0,14.478117819782748,14930.330251000021
124800,0.9200307726860046,0.13894878327846527,0.12114063650369644,0.15175019204616547,0.20479325950145721,17.978940963745117,5.890456199645996,3.898163318634033,5.0400000000000005e-05,0,21.13771354599487,14939.792012300022
124900,0.9103792309761047,0.1550011932849884,0.13954171538352966,0.14805243909358978,0.19798673689365387,20.69768524169922,5.694960117340088,3.8272929191589355,5.02e-05,0,21.173327121345963,14949.23785890003
125000,0.9537991285324097,0.1512857973575592,0.13386523723602295,0.15293391048908234,0.17398972809314728,20.39198875427246,6.077858924865723,4.263745307922363,5e-05,0,14.77362441786869,14962.77549830002
125100,0.9077333807945251,0.15118275582790375,0.1361696571111679,0.14822663366794586,0.18786875903606415,20.119165420532227,6.123775005340576,3.983290910720825,4.9800000000000004e-05,0,5.6592501853437716,14998.115869100016
125200,1.012282133102417,0.15316516160964966,0.13966616988182068,0.15522412955760956,0.189406618475914,21.340129852294922,6.277503490447998,4.3740458488464355,4.96e-05,0,21.144882248626523,15007.574422600024
125300,0.9645704627037048,0.15111050009727478,0.13679896295070648,0.14161279797554016,0.20312006771564484,20.723390579223633,6.268394470214844,4.699487209320068,4.94e-05,0,14.762658451852896,15021.122118000028
125400,0.9157706499099731,0.14869609475135803,0.13793624937534332,0.1469452679157257,0.19253990054130554,18.752187728881836,6.034454822540283,3.856342077255249,4.92e-05,0,21.157322912330795,15030.575109800018
125500,0.9028832316398621,0.15243960916996002,0.1339014321565628,0.15050220489501953,0.18679086863994598,18.211463928222656,5.543479919433594,4.1929144859313965,4.9e-05,0,21.211556149106844,15040.003932400024
125600,0.9223685264587402,0.15391875803470612,0.13887181878089905,0.15509720146656036,0.1883615404367447,19.964595794677734,6.238093852996826,4.206753730773926,4.88e-05,0,14.711115291356158,15053.599094700025
125700,0.877884030342102,0.15958401560783386,0.14314371347427368,0.16410793364048004,0.20468999445438385,20.651004791259766,6.077400207519531,4.126644611358643,4.86e-05,0,21.18407452456095,15063.040149100023
125800,0.9576947093009949,0.14843671023845673,0.13150319457054138,0.15269409120082855,0.187393456697464,19.563644409179688,6.092398166656494,4.139105319976807,4.8400000000000004e-05,0,21.179175143994357,15072.483387500019
125900,0.9684041142463684,0.14812485873699188,0.13428540527820587,0.16431722044944763,0.20103631913661957,20.72726058959961,6.019873142242432,4.083920955657959,4.82e-05,0,14.6723876653761,15086.114434100018
126000,0.8891382217407227,0.16096431016921997,0.14590688049793243,0.14864255487918854,0.20104172825813293,21.08378791809082,5.869752883911133,4.445870876312256,4.8e-05,0,21.197474592231796,15095.549520300017
126100,0.9096604585647583,0.14722812175750732,0.12941807508468628,0.13905176520347595,0.18415720760822296,19.521751403808594,5.599398612976074,4.253352165222168,4.78e-05,0,21.197219149523704,15104.984720200024
126200,0.9905422925949097,0.14876753091812134,0.13545967638492584,0.1526949107646942,0.18206365406513214,19.87877082824707,6.0620622634887695,4.214278221130371,4.76e-05,0,14.807697248346061,15118.491209200016
126300,0.9166072010993958,0.14847947657108307,0.1322961300611496,0.16219645738601685,0.19437752664089203,20.094083786010742,6.414120197296143,4.172502040863037,4.74e-05,0,21.195309478003782,15127.92725920002
126400,0.9730998277664185,0.14861276745796204,0.13358564674854279,0.14427228271961212,0.193979874253273,20.207061767578125,5.6620774269104,4.422887802124023,4.72e-05,0,20.863359619709822,15137.513443000018
126500,1.0635812282562256,0.15565089881420135,0.14176149666309357,0.14778777956962585,0.18873392045497894,20.53641128540039,5.791938781738281,4.413707733154297,4.7e-05,0,13.128154716083356,15152.747876500027
126600,0.9208919405937195,0.15238863229751587,0.13847611844539642,0.15431931614875793,0.1832457184791565,20.516643524169922,5.915048599243164,4.343884468078613,4.68e-05,0,17.251648056420777,15164.340971800018
126700,0.9284372329711914,0.15734876692295074,0.13980752229690552,0.14650820195674896,0.19605115056037903,19.776453018188477,6.078516483306885,4.241536617279053,4.66e-05,0,18.46283989290169,15175.17354150003
126800,0.9431700706481934,0.1464875042438507,0.13139523565769196,0.15255305171012878,0.19864757359027863,19.122726440429688,6.124853610992432,4.4398369789123535,4.6399999999999996e-05,0,12.914771779063996,15190.65968430003
126900,0.945561945438385,0.15036936104297638,0.13301372528076172,0.15039555728435516,0.20255064964294434,19.14108657836914,5.976101398468018,4.138161659240723,4.62e-05,0,18.281989356522065,15201.599412800017
127000,0.9812297821044922,0.14484404027462006,0.13198640942573547,0.1547766923904419,0.19046197831630707,17.855302810668945,6.097931861877441,4.339860439300537,4.6e-05,0,15.875182457429865,15214.197693200025
127100,0.9755127429962158,0.15347334742546082,0.13461270928382874,0.1392391324043274,0.19198793172836304,20.336000442504883,6.100113868713379,4.204283237457275,4.5799999999999995e-05,0,13.357236107343718,15229.17085070003
127200,0.9956539869308472,0.14678095281124115,0.13139541447162628,0.13655877113342285,0.1960335522890091,20.872943878173828,5.625141620635986,4.2923102378845215,4.56e-05,0,19.61231243717299,15239.368526300022
127300,0.9899204969406128,0.1518476903438568,0.13684022426605225,0.15135745704174042,0.19374980032444,19.610008239746094,6.308028221130371,4.359645366668701,4.54e-05,0,19.85816504201524,15249.439950300017
127400,0.9219323396682739,0.15363287925720215,0.13562443852424622,0.1451350301504135,0.19840514659881592,18.593698501586914,6.274957656860352,4.315584182739258,4.52e-05,0,14.154106071139124,15263.570125600017
127500,0.9061127305030823,0.153911754488945,0.14014051854610443,0.1336696445941925,0.19693335890769958,19.016883850097656,5.659563064575195,4.35457706451416,4.4999999999999996e-05,0,21.025084292188907,15273.082572600018
127600,0.9993079304695129,0.14303052425384521,0.12787723541259766,0.1548360139131546,0.18056689202785492,19.877954483032227,6.188872337341309,4.265429973602295,4.48e-05,0,21.17848663065623,15282.526118000023
127700,0.9893755316734314,0.14294816553592682,0.12717683613300323,0.1457323580980301,0.19526495039463043,19.952392578125,6.229740619659424,4.582448959350586,4.46e-05,0,14.737608848762402,15296.096840500017
127800,0.9329482913017273,0.15335601568222046,0.13691915571689606,0.15140065550804138,0.19895794987678528,21.51366424560547,6.683694362640381,4.462236404418945,4.4399999999999995e-05,0,21.16866975910137,15305.544765300016
127900,0.9566861391067505,0.1553783416748047,0.13913150131702423,0.15612027049064636,0.18975795805454254,21.392704010009766,6.469751358032227,4.475960731506348,4.42e-05,0,21.22247819949156,15314.96873540002
128000,0.8518975377082825,0.14408700168132782,0.1305980086326599,0.13896377384662628,0.19327552616596222,19.18846893310547,6.205281734466553,4.117892742156982,4.4e-05,0,14.83608294414223,15328.449382600025
128100,0.9350614547729492,0.14898157119750977,0.13275349140167236,0.14292012155056,0.17799994349479675,20.647878646850586,6.019359588623047,4.139039039611816,4.3799999999999994e-05,0,21.168274979274937,15337.897483600027
128200,0.9900822043418884,0.1561017781496048,0.14297595620155334,0.14599069952964783,0.17946593463420868,21.593334197998047,6.157140254974365,4.249519348144531,4.3599999999999996e-05,0,11.971330124857868,15354.60406490002
128300,0.9778127074241638,0.14974451065063477,0.13543389737606049,0.1467658281326294,0.19024211168289185,19.953630447387695,5.868433475494385,4.2108612060546875,4.34e-05,0,14.827120116369256,15368.092861000026
128400,0.9524690508842468,0.15056830644607544,0.13727514445781708,0.1605563461780548,0.1822349727153778,18.980484008789062,6.009149074554443,3.93574857711792,4.319999999999999e-05,0,21.219312630076114,15377.518237000026
128500,0.9569082260131836,0.14731821417808533,0.13277530670166016,0.16200511157512665,0.19921992719173431,20.539386749267578,6.1699676513671875,4.165473461151123,4.2999999999999995e-05,0,21.159963153306133,15386.970049300027
128600,1.0078074932098389,0.14721879363059998,0.13643305003643036,0.14999620616436005,0.1870851069688797,20.020471572875977,6.030540466308594,4.193206787109375,4.28e-05,0,14.729289142861585,15400.54843710002
128700,0.9794049859046936,0.1434255689382553,0.12753483653068542,0.1562163084745407,0.17003610730171204,20.978055953979492,6.600998401641846,3.975247383117676,4.26e-05,0,21.165362308868353,15409.997838300027
128800,0.9685742855072021,0.15571893751621246,0.1432369202375412,0.14350217580795288,0.19688208401203156,20.14166831970215,5.952913761138916,4.44854736328125,4.2399999999999994e-05,0,21.22693983531259,15419.419827600024
128900,0.960610568523407,0.14804087579250336,0.13203375041484833,0.12760794162750244,0.19117406010627747,19.62922477722168,5.417914390563965,4.258945941925049,4.2199999999999996e-05,0,14.740592111906011,15432.987803600015
129000,0.8821426033973694,0.14580011367797852,0.12918300926685333,0.14370368421077728,0.18946968019008636,18.649721145629883,6.009725093841553,4.4429545402526855,4.2e-05,0,21.211341984540876,15442.416721400019
129100,0.9911662340164185,0.15472398698329926,0.1445687860250473,0.16292062401771545,0.19137661159038544,20.720773696899414,6.651487827301025,4.506204605102539,4.179999999999999e-05,0,21.155039786278923,15451.870733400021
129200,0.8767798542976379,0.14533086121082306,0.13151432573795319,0.1406303495168686,0.20593874156475067,18.141563415527344,6.237285614013672,4.133535385131836,4.1599999999999995e-05,0,14.78040176959845,15465.402165300024
129300,0.9817606806755066,0.14483442902565002,0.1299183964729309,0.15115608274936676,0.17684419453144073,20.10352897644043,5.911130905151367,3.8473212718963623,4.14e-05,0,21.16289941838214,15474.852666200022
129400,0.9376220703125,0.145490363240242,0.1282069981098175,0.14652079343795776,0.19838184118270874,19.58876609802246,6.36671257019043,4.234043121337891,4.119999999999999e-05,0,21.158463317100622,15484.305148500018
129500,1.000368595123291,0.15341918170452118,0.13860517740249634,0.14195184409618378,0.20270410180091858,19.847930908203125,6.068549633026123,4.187948226928711,4.0999999999999994e-05,0,14.714621539788551,15497.897071300016
129600,0.9472984671592712,0.14391663670539856,0.13049301505088806,0.1372545063495636,0.19500456750392914,18.707029342651367,5.761045455932617,4.267983913421631,4.0799999999999996e-05,0,21.127488048249493,15507.36341200002
129700,1.0334786176681519,0.14258037507534027,0.1280844807624817,0.13325132429599762,0.18973134458065033,18.15059471130371,5.526955604553223,4.400819301605225,4.059999999999999e-05,0,20.938920237894965,15516.915002900016
129800,1.011040210723877,0.1435716599225998,0.12902669608592987,0.13112005591392517,0.1963535100221634,19.313331604003906,6.223316669464111,4.487376689910889,4.039999999999999e-05,0,14.651194507119873,15530.565767000022
129900,0.9813786149024963,0.1412588506937027,0.1289384663105011,0.1506529152393341,0.1982448399066925,21.20352554321289,6.383372783660889,4.1747918128967285,4.0199999999999995e-05,0,21.184890859556166,15540.00645760003
130000,0.9596244096755981,0.15482580661773682,0.1424483209848404,0.15892717242240906,0.19562731683254242,18.700969696044922,6.04430627822876,4.359346866607666,3.999999999999999e-05,0,21.12639784396092,15549.473286800028
130100,0.9661223888397217,0.1354832947254181,0.12426244467496872,0.13711518049240112,0.17929480969905853,18.752471923828125,5.954804420471191,4.023074150085449,3.979999999999999e-05,0,5.232227718270625,15587.697922800027
130200,0.9514161348342896,0.1479227989912033,0.1335335522890091,0.14710131287574768,0.19683940708637238,19.459453582763672,5.935853958129883,4.103801727294922,3.9599999999999994e-05,0,21.09733349749588,15597.177793800016
130300,1.0060986280441284,0.14534150063991547,0.1308620274066925,0.15164820849895477,0.19487115740776062,18.450815200805664,6.013035774230957,4.150525093078613,3.9399999999999995e-05,0,21.12680021330724,15606.644442700024
130400,0.9364531636238098,0.15150687098503113,0.14106304943561554,0.15467286109924316,0.17840684950351715,19.289928436279297,6.438525676727295,4.206055641174316,3.919999999999999e-05,0,14.617624895704452,15620.326556000029
130500,0.9702077507972717,0.14393459260463715,0.12616685032844543,0.14220280945301056,0.19419151544570923,19.66469955444336,6.0666093826293945,4.174490928649902,3.899999999999999e-05,0,21.180921073553733,15629.76901600002
130600,0.9376620054244995,0.15008242428302765,0.13552618026733398,0.1356971561908722,0.18307965993881226,19.745256423950195,5.896583557128906,3.8868513107299805,3.8799999999999994e-05,0,21.164401899298475,15639.218846000018
130700,1.0013238191604614,0.14921846985816956,0.1333412230014801,0.15505968034267426,0.18881827592849731,20.719568252563477,6.104841709136963,4.453442573547363,3.859999999999999e-05,0,14.778432175788392,15652.752081300016
130800,0.9617571830749512,0.15070264041423798,0.1389767974615097,0.16054005920886993,0.19961963593959808,20.2880802154541,6.003688335418701,4.630894184112549,3.839999999999999e-05,0,21.133645294816052,15662.215664000018
130900,0.9279305934906006,0.14396479725837708,0.1281212568283081,0.14090949296951294,0.1985936164855957,18.83222770690918,5.646404266357422,4.246270656585693,3.8199999999999993e-05,0,21.125438958869715,15671.682922900029
131000,1.0011452436447144,0.1555192470550537,0.1404755711555481,0.13712891936302185,0.1860191375017166,20.666542053222656,5.706828594207764,4.218585968017578,3.799999999999999e-05,0,14.670089061530852,15685.316105300022
131100,0.8909268975257874,0.1489841639995575,0.13808883726596832,0.1711607128381729,0.20975488424301147,20.19278335571289,6.495163917541504,4.190224647521973,3.779999999999999e-05,0,21.182903312627932,15694.757681700023
131200,0.9747694134712219,0.14043453335762024,0.12761078774929047,0.15268881618976593,0.18611487746238708,20.59541893005371,6.056149005889893,4.08872652053833,3.759999999999999e-05,0,21.20554296351173,15704.18917800003
131300,0.93231201171875,0.14920803904533386,0.13650096952915192,0.14142011106014252,0.196906179189682,18.92964744567871,6.636645793914795,4.1867852210998535,3.7400000000000015e-05,0,14.678343621730088,15717.814693600027
131400,0.928446352481842,0.1454896181821823,0.1305343061685562,0.1565045267343521,0.18782059848308563,20.196563720703125,6.499725341796875,3.9300968647003174,3.720000000000001e-05,0,21.130869624681388,15727.279519400021
131500,1.0500385761260986,0.14729002118110657,0.13154207170009613,0.15317203104496002,0.1919403076171875,19.265018463134766,6.324853420257568,4.265771865844727,3.700000000000001e-05,0,21.22472725297688,15736.702490900017
131600,0.8781494498252869,0.14183330535888672,0.12722696363925934,0.15534459054470062,0.1969565898180008,20.351247787475586,5.877012729644775,4.295687675476074,3.6800000000000014e-05,0,14.734948447230973,15750.275663600027
131700,0.9555855989456177,0.14263156056404114,0.13025373220443726,0.14345447719097137,0.18489970266819,20.753570556640625,6.201404094696045,4.07805061340332,3.660000000000001e-05,0,21.21902266711515,15759.701168400017
131800,0.9178435206413269,0.14999859035015106,0.13248077034950256,0.15341901779174805,0.19492782652378082,19.4527587890625,6.254014015197754,4.290247440338135,3.640000000000001e-05,0,21.153005037144215,15769.156089800017
131900,0.9434161186218262,0.14159764349460602,0.12569741904735565,0.13589262962341309,0.18667025864124298,20.499597549438477,6.151122093200684,4.23325252532959,3.620000000000001e-05,0,14.762250268852718,15782.704159800021
132000,0.9323028326034546,0.15328483283519745,0.13812600076198578,0.1485569179058075,0.18558181822299957,21.696632385253906,6.204622745513916,4.18820333480835,3.6000000000000014e-05,0,21.229228142297217,15792.125133500027
132100,0.9598868489265442,0.14060603082180023,0.12620118260383606,0.1462661474943161,0.18969722092151642,20.498563766479492,6.067540168762207,4.297350883483887,3.580000000000001e-05,0,21.18329818953752,15801.566533900026
132200,0.9706467390060425,0.15425564348697662,0.13811951875686646,0.14266470074653625,0.18957403302192688,20.531417846679688,5.9541144371032715,3.8755650520324707,3.560000000000001e-05,0,14.64379492364234,15815.224195800023
132300,0.9588831067085266,0.1434362530708313,0.13330544531345367,0.1468503624200821,0.19205531477928162,19.725244522094727,6.463754653930664,4.276983737945557,3.5400000000000013e-05,0,21.16139715077575,15824.675367600023
132400,0.944675624370575,0.14532290399074554,0.13517561554908752,0.14421047270298004,0.19681571424007416,19.66154670715332,5.952045917510986,4.085084915161133,3.520000000000001e-05,0,21.083634508651343,15834.161398100026
132500,0.967498242855072,0.1485528200864792,0.13973796367645264,0.14697541296482086,0.1861850470304489,20.98827362060547,6.075174808502197,4.326282024383545,3.500000000000001e-05,0,14.806257017611799,15847.669200900025
132600,0.9595912098884583,0.14903737604618073,0.1309652179479599,0.144175723195076,0.20734402537345886,21.002023696899414,6.482933044433594,4.180315971374512,3.480000000000001e-05,0,21.229673423615765,15857.089977000025
132700,0.9622671008110046,0.14234742522239685,0.12467910349369049,0.15862305462360382,0.18087513744831085,20.626956939697266,6.730591297149658,4.388216018676758,3.460000000000001e-05,0,21.068987100962886,15866.582602300026
132800,0.9247295260429382,0.14773300290107727,0.13543523848056793,0.14950749278068542,0.1809493601322174,19.52237319946289,6.363571643829346,4.234861850738525,3.440000000000001e-05,0,14.528988182749483,15880.348185800016
132900,0.9412356615066528,0.14329203963279724,0.12599484622478485,0.15139232575893402,0.19934166967868805,19.62948226928711,6.181985378265381,4.259979248046875,3.420000000000001e-05,0,21.198470585463856,15889.782828700016
133000,1.0247159004211426,0.14392678439617157,0.12667182087898254,0.15539100766181946,0.19217059016227722,21.358863830566406,6.436061859130859,4.36191987991333,3.4000000000000007e-05,0,21.2413432498447,15899.198429100026
133100,0.956490159034729,0.15015646815299988,0.1322648525238037,0.14707832038402557,0.18926194310188293,21.37287712097168,5.851532936096191,4.280125141143799,3.380000000000001e-05,0,14.82974353315817,15912.684839000023
133200,0.9222232699394226,0.1484924554824829,0.13396064937114716,0.15429246425628662,0.19240477681159973,20.926273345947266,5.891336917877197,4.208934783935547,3.360000000000001e-05,0,20.611848500573288,15922.387995900019
133300,0.9573565721511841,0.15526938438415527,0.1435173749923706,0.1415637880563736,0.1972266137599945,20.459815979003906,5.566254615783691,4.304358005523682,3.340000000000001e-05,0,21.12989961829265,15931.853256200018
133400,0.9162393808364868,0.14368890225887299,0.12691763043403625,0.1605125367641449,0.1910485178232193,20.764413833618164,6.432032108306885,4.043731212615967,3.320000000000001e-05,0,14.853150797011482,15945.318412700028
133500,0.9755476117134094,0.14866158366203308,0.13994215428829193,0.12900516390800476,0.1758304238319397,20.52668571472168,5.7622857093811035,4.070981979370117,3.300000000000001e-05,0,21.144170479775195,15954.77728460003
133600,0.997003436088562,0.14307084679603577,0.1246398314833641,0.1585308164358139,0.17945605516433716,20.41419792175293,6.32484245300293,4.303695201873779,3.280000000000001e-05,0,21.254741122436872,15964.186949900017
133700,0.9789778590202332,0.14777377247810364,0.13095641136169434,0.1563989222049713,0.19101282954216003,19.632043838500977,6.41162109375,4.473466873168945,3.2600000000000006e-05,0,14.729233386405134,15977.765389100023
133800,0.94353848695755,0.14302010834217072,0.13086587190628052,0.13861629366874695,0.18906256556510925,20.649301528930664,5.692324161529541,4.185516357421875,3.240000000000001e-05,0,21.09306454131327,15987.247178700025
133900,1.0113826990127563,0.14259456098079681,0.12865866720676422,0.14307302236557007,0.18217334151268005,20.701839447021484,6.146207809448242,4.086925983428955,3.220000000000001e-05,0,21.21590584041837,15996.674068200024
134000,0.9930962324142456,0.1428648829460144,0.1278909593820572,0.1338036209344864,0.1797732710838318,19.592281341552734,6.056148052215576,4.202569007873535,3.2000000000000005e-05,0,14.71497631649654,16010.26566330003
134100,0.973995566368103,0.14091698825359344,0.12532584369182587,0.14267413318157196,0.17108380794525146,20.2000675201416,5.757568359375,3.9685869216918945,3.180000000000001e-05,0,21.18599429088673,16019.705862200019
134200,0.9597052335739136,0.14275965094566345,0.12953780591487885,0.1472950130701065,0.2029021829366684,20.628673553466797,6.488314151763916,4.486156940460205,3.160000000000001e-05,0,21.156298107772194,16029.159311900017
134300,0.9982761740684509,0.14419874548912048,0.1289399266242981,0.14854243397712708,0.18855232000350952,20.98583984375,6.375800609588623,4.392796993255615,3.1400000000000004e-05,0,14.737641428381034,16042.73000440003
134400,1.003675937652588,0.1436992734670639,0.12670683860778809,0.13579128682613373,0.19282928109169006,19.41470718383789,6.037956237792969,4.390561103820801,3.1200000000000006e-05,0,21.13998198451402,16052.190750400026
134500,0.9328736662864685,0.1366870254278183,0.12250369787216187,0.1420900672674179,0.1939283311367035,18.517847061157227,6.020331859588623,4.337958812713623,3.100000000000001e-05,0,21.063372568635884,16061.685906000028
134600,0.9883849620819092,0.14615994691848755,0.1318703442811966,0.1326838731765747,0.19128461182117462,20.2556209564209,5.7241387367248535,4.0021071434021,3.08e-05,0,14.778322320375763,16075.21924190002
134700,0.9973867535591125,0.1425953209400177,0.125507190823555,0.13776586949825287,0.1748686581850052,19.694597244262695,6.11478853225708,3.965298891067505,3.0600000000000005e-05,0,21.177094266110885,16084.663408200024
134800,1.0087823867797852,0.13973064720630646,0.12474009394645691,0.12623478472232819,0.18551070988178253,19.984333038330078,5.866980075836182,4.213569641113281,3.0400000000000007e-05,0,21.166466394867836,16094.112316500017
134900,0.9151635766029358,0.14052839577198029,0.12882480025291443,0.14060655236244202,0.19338437914848328,20.60866355895996,5.812160968780518,4.281173229217529,3.0200000000000006e-05,0,14.77098994412687,16107.652370400028
135000,0.9596409201622009,0.1478131115436554,0.1337936818599701,0.15935252606868744,0.19702742993831635,20.365297317504883,6.383848667144775,4.174819469451904,3.0000000000000008e-05,0,20.968284997178674,16117.190584900018
135100,1.0833672285079956,0.14141333103179932,0.12560074031352997,0.15424886345863342,0.19865569472312927,21.363187789916992,6.411144733428955,4.387603759765625,2.9800000000000006e-05,0,5.835925101712592,16151.461072700025
135200,0.9195622801780701,0.14550146460533142,0.13168632984161377,0.13646484911441803,0.20143502950668335,19.203916549682617,6.17973518371582,4.335824012756348,2.9600000000000005e-05,0,9.55721042689485,16172.387681100023
135300,0.9330113530158997,0.1485251635313034,0.13275736570358276,0.14694516360759735,0.19539375603199005,20.73855209350586,6.48917293548584,3.914292573928833,2.9400000000000007e-05,0,21.098309641417707,16181.867113500019
135400,0.9753816723823547,0.14075590670108795,0.12416033446788788,0.15658962726593018,0.18898752331733704,18.424196243286133,6.435431957244873,4.116595268249512,2.9200000000000005e-05,0,21.02595473288546,16191.379166700019
135500,1.0275722742080688,0.15109075605869293,0.13951139152050018,0.13526953756809235,0.1824909895658493,23.211566925048828,6.206131935119629,4.313122749328613,2.9000000000000004e-05,0,14.65134552023771,16205.029790100016
135600,0.9662609696388245,0.13724364340305328,0.1224747896194458,0.1342540830373764,0.18644490838050842,19.633495330810547,5.762868404388428,4.108309268951416,2.8800000000000005e-05,0,21.205185927528543,16214.461445200024
135700,0.9533249735832214,0.14744499325752258,0.13437698781490326,0.1507994383573532,0.1821490079164505,20.507869720458984,6.765805721282959,4.293003559112549,2.8600000000000004e-05,0,21.18233996545449,16223.903272700016
135800,0.9484084844589233,0.14233867824077606,0.12599025666713715,0.1422913521528244,0.18722987174987793,19.75269889831543,6.407565116882324,4.009030342102051,2.8400000000000006e-05,0,14.682150384153736,16237.525255500019
135900,0.9662520885467529,0.1400456577539444,0.12294527143239975,0.14379805326461792,0.1875191628932953,19.6171875,6.027494430541992,4.053462028503418,2.8200000000000004e-05,0,21.23990561537513,16246.941493200022
136000,0.9379322528839111,0.1393297165632248,0.12474848330020905,0.14181171357631683,0.18487010896205902,18.981687545776367,6.40977144241333,4.27875280380249,2.8000000000000003e-05,0,21.20849436678995,16256.371677000017
136100,0.9890731573104858,0.14454922080039978,0.13162900507450104,0.14416131377220154,0.1904577761888504,21.28657341003418,6.182610988616943,4.426888465881348,2.7800000000000005e-05,0,14.821582459147235,16269.865512800025
136200,0.9905622005462646,0.13167618215084076,0.1175241693854332,0.14769412577152252,0.18551787734031677,20.53121566772461,6.339746475219727,4.704981803894043,2.7600000000000003e-05,0,21.225240372412557,16279.288256500018
136300,0.9882622957229614,0.14726324379444122,0.1370519995689392,0.13375923037528992,0.18576154112815857,19.79622459411621,6.108444690704346,4.270949363708496,2.7400000000000002e-05,0,21.176494006936114,16288.732690500023
136400,0.9655860662460327,0.14526470005512238,0.12727858126163483,0.14419500529766083,0.17952845990657806,20.903717041015625,6.328132629394531,4.076167583465576,2.7200000000000004e-05,0,14.790355510893354,16302.255015900024
136500,0.9786648154258728,0.13961146771907806,0.1222257986664772,0.15118689835071564,0.19865041971206665,20.324670791625977,6.617067813873291,4.428015232086182,2.7000000000000002e-05,0,21.192711834894247,16311.692222500016
136600,1.00274658203125,0.14209212362766266,0.12849722802639008,0.14419090747833252,0.18577711284160614,20.17119598388672,6.093108177185059,3.904710531234741,2.6800000000000004e-05,0,21.21031239022893,16321.121598000027
136700,0.9457650780677795,0.14211630821228027,0.12713240087032318,0.1511482149362564,0.20247884094715118,19.94951820373535,6.577730655670166,4.086233615875244,2.6600000000000003e-05,0,14.78085115605428,16334.652618500026
136800,0.9651206135749817,0.13729654252529144,0.12262395769357681,0.1537456214427948,0.18734312057495117,21.4898681640625,6.841728210449219,4.03106689453125,2.64e-05,0,21.23880874071523,16344.06934250002
136900,0.9091483950614929,0.14158952236175537,0.13118848204612732,0.15071649849414825,0.19096554815769196,20.40987777709961,6.724977970123291,4.050943851470947,2.6200000000000003e-05,0,21.178204958641704,16353.513013500022
137000,0.9633778929710388,0.14136914908885956,0.12667277455329895,0.14190459251403809,0.19075089693069458,19.34992218017578,6.219831943511963,4.099240779876709,2.6000000000000002e-05,0,14.696579742154938,16367.12162200002
137100,1.0045135021209717,0.14198045432567596,0.12744386494159698,0.13010476529598236,0.18884696066379547,18.47332191467285,5.7378740310668945,4.03961706161499,2.58e-05,0,21.172411264086264,16376.567877200025
137200,1.0071080923080444,0.1381085216999054,0.1228875145316124,0.15295325219631195,0.1979672759771347,21.009260177612305,6.7675604820251465,4.477630138397217,2.5600000000000002e-05,0,21.191045689746748,16386.00582580002
137300,0.9271870851516724,0.1438952386379242,0.13059312105178833,0.15099427103996277,0.1882820725440979,18.719999313354492,6.533561706542969,4.166445255279541,2.54e-05,0,14.759288839611395,16399.556614200017
137400,0.9147067070007324,0.138152077794075,0.12277618050575256,0.13945557177066803,0.1837025284767151,20.51865005493164,6.540011882781982,4.346033096313477,2.5200000000000003e-05,0,21.13528098400024,16409.019464500016
137500,0.9161960482597351,0.14002923667430878,0.1271066963672638,0.15073227882385254,0.19381831586360931,20.463375091552734,6.304949760437012,4.2332634925842285,2.5e-05,0,21.004706577114217,16418.541140000016
137600,0.9586664438247681,0.14246544241905212,0.12835678458213806,0.14528092741966248,0.20429366827011108,18.58222770690918,6.537209510803223,4.16217565536499,2.48e-05,0,14.747872800002654,16432.102417800023
137700,0.9788631200790405,0.1402207612991333,0.12398489564657211,0.15755505859851837,0.19219930469989777,19.519548416137695,6.335395812988281,4.161349296569824,2.46e-05,0,21.20616870483161,16441.53363580002
137800,0.9682860970497131,0.14664238691329956,0.1316622495651245,0.15892237424850464,0.19513219594955444,20.83022689819336,6.742323398590088,4.354948043823242,2.44e-05,0,21.209084071265966,16450.963557400028
137900,0.995583713054657,0.14114701747894287,0.12433063238859177,0.14044469594955444,0.17741581797599792,20.0919132232666,6.386751651763916,4.492669105529785,2.4200000000000002e-05,0,14.776961165964883,16464.498139900024
138000,0.9517658948898315,0.1416810303926468,0.13148048520088196,0.14812640845775604,0.1915763020515442,19.993473052978516,5.8217363357543945,4.267529010772705,2.4e-05,0,21.18394483225807,16473.939252100026
138100,0.9352210164070129,0.1458713710308075,0.13512159883975983,0.15072812139987946,0.1806367039680481,20.891864776611328,6.935170650482178,3.9622139930725098,2.38e-05,0,21.16701747294455,16483.387914400024
138200,0.9243815541267395,0.1429278552532196,0.1303018480539322,0.14739057421684265,0.19593578577041626,18.55611228942871,6.4258036613464355,4.119829177856445,2.36e-05,0,14.615604878174219,16497.07191870002
138300,0.9829021096229553,0.1403319388628006,0.1237248033285141,0.14514462649822235,0.19074326753616333,21.147258758544922,6.3570170402526855,4.325671672821045,2.34e-05,0,21.122000229756424,16506.540718900025
138400,0.9701449275016785,0.14553403854370117,0.1341327726840973,0.12254279106855392,0.1753004789352417,21.154499053955078,6.132120609283447,4.0231523513793945,2.3199999999999998e-05,0,21.02106789231786,16516.054983400027
138500,1.01750648021698,0.13692714273929596,0.12142440676689148,0.1397411823272705,0.1950603872537613,20.029415130615234,6.188296794891357,4.401655197143555,2.3e-05,0,14.25523445617017,16530.08491750002
138600,0.9881271719932556,0.1434791088104248,0.13410741090774536,0.13073894381523132,0.18684713542461395,21.291162490844727,6.351719379425049,4.1399126052856445,2.28e-05,0,21.194535239163294,16539.521312200028
138700,0.9846183061599731,0.1380808800458908,0.12238194793462753,0.1305716186761856,0.1987428069114685,21.038349151611328,5.805636405944824,4.340873718261719,2.26e-05,0,21.07452246187667,16549.01144420002
138800,1.0018928050994873,0.14252892136573792,0.13031220436096191,0.1445004940032959,0.1765625774860382,20.116031646728516,6.078906536102295,4.257837772369385,2.24e-05,0,14.753655013316713,16562.567407100025
138900,0.8749649524688721,0.14366064965724945,0.12899374961853027,0.13973474502563477,0.21116331219673157,20.70051383972168,6.57399320602417,4.1245880126953125,2.2199999999999998e-05,0,21.110179929360775,16572.04150920002
139000,0.8850409388542175,0.13814307749271393,0.1235695406794548,0.1385834813117981,0.1889725774526596,21.58633804321289,6.701625347137451,4.2390642166137695,2.2e-05,0,21.18041413214424,16581.484195200028
139100,0.9857037663459778,0.13703078031539917,0.12338881939649582,0.13609029352664948,0.18001523613929749,19.90685272216797,6.3634209632873535,4.040923595428467,2.1799999999999998e-05,0,14.720253324963238,16595.070917900026
139200,1.0744633674621582,0.14512330293655396,0.13122139871120453,0.1551171988248825,0.18554949760437012,21.349016189575195,6.759364604949951,4.118501663208008,2.1599999999999996e-05,0,21.114125023450818,16604.543249800015
139300,0.9350444674491882,0.14453016221523285,0.13210220634937286,0.14453314244747162,0.19209565222263336,19.731243133544922,6.629926681518555,4.186987400054932,2.14e-05,0,21.06313787210309,16614.038511200022
139400,1.0026015043258667,0.14368511736392975,0.1275237798690796,0.13752375543117523,0.19536714255809784,19.52281951904297,6.142852783203125,4.322461128234863,2.1199999999999997e-05,0,14.689773827793994,16627.653424700024
139500,0.9766596555709839,0.1464255452156067,0.13454106450080872,0.13928106427192688,0.19033631682395935,21.756994247436523,6.966580867767334,4.623753070831299,2.1e-05,0,21.209112410313814,16637.083333700022
139600,0.9029151797294617,0.1369169056415558,0.1246301457285881,0.15685442090034485,0.19380755722522736,20.66990852355957,7.05486536026001,3.8555305004119873,2.0799999999999997e-05,0,21.164162706366803,16646.53327050002
139700,0.9396572709083557,0.13742868602275848,0.12377619743347168,0.14766061305999756,0.20670168101787567,20.565942764282227,6.618367671966553,4.158358573913574,2.0599999999999996e-05,0,14.730946733861192,16660.11013040002
139800,0.9322533011436462,0.14042329788208008,0.12825259566307068,0.13644683361053467,0.18354874849319458,19.272449493408203,6.529316425323486,3.9412519931793213,2.0399999999999998e-05,0,21.145576627133995,16669.56837330002
139900,1.0302674770355225,0.1396496295928955,0.12705358862876892,0.1313726305961609,0.18430723249912262,22.964235305786133,6.4134979248046875,4.402847766876221,2.0199999999999996e-05,0,21.12611286946642,16679.03533020003
140000,1.0162707567214966,0.13623546063899994,0.12009726464748383,0.13680700957775116,0.17671743035316467,21.185041427612305,6.74108362197876,4.066745281219482,1.9999999999999995e-05,0,14.71436247807777,16692.627492300016
140100,0.9432442784309387,0.1370745748281479,0.12601622939109802,0.1422041356563568,0.1882656365633011,20.953676223754883,6.798227310180664,4.088370323181152,1.9799999999999997e-05,0,5.927209856171007,16726.370181500024
140200,0.989891767501831,0.14865228533744812,0.1356174498796463,0.1321522444486618,0.1755439192056656,22.828065872192383,6.520501136779785,4.311445713043213,1.9599999999999995e-05,0,21.100875064905644,16735.84846140002
140300,1.0871959924697876,0.14351999759674072,0.13280151784420013,0.13856318593025208,0.1818249672651291,22.92837905883789,6.633302688598633,4.24655818939209,1.9399999999999997e-05,0,14.761768454535712,16749.39697360003
140400,0.9877611994743347,0.13791806995868683,0.12459956854581833,0.1442549079656601,0.18714463710784912,21.055465698242188,6.920474052429199,4.170469284057617,1.9199999999999996e-05,0,21.197830469882494,16758.83190140003
140500,0.9848482012748718,0.14247138798236847,0.1306408792734146,0.14151838421821594,0.19046439230442047,20.903444290161133,7.023808002471924,4.160444259643555,1.8999999999999994e-05,0,21.143953873708316,16768.290870200028
140600,0.9761122465133667,0.14121998846530914,0.1272774040699005,0.1545688360929489,0.18714451789855957,19.929889678955078,6.864323616027832,4.318965435028076,1.8799999999999996e-05,0,14.761338313131553,16781.839777200017
140700,0.95461505651474,0.14214645326137543,0.1307118982076645,0.13514678180217743,0.18719890713691711,22.273571014404297,6.383674621582031,4.118808269500732,1.8599999999999995e-05,0,21.045393735726357,16791.343044400026
140800,0.8750362992286682,0.13412556052207947,0.12225287407636642,0.1343975067138672,0.1811240315437317,21.325380325317383,6.312756061553955,4.252291202545166,1.8399999999999997e-05,0,21.112824017991837,16800.81596000002
140900,1.0424898862838745,0.1399906575679779,0.12698812782764435,0.13484549522399902,0.20363113284111023,22.14148712158203,6.299500465393066,4.58746337890625,1.8199999999999995e-05,0,14.463154149383126,16814.644202300027
141000,0.9255475997924805,0.1461646854877472,0.1326437145471573,0.1458941102027893,0.1919555813074112,19.148662567138672,6.5226287841796875,4.21925687789917,1.7999999999999994e-05,0,21.023384289335723,16824.15741850002
141100,0.9750596284866333,0.1476336121559143,0.1349950134754181,0.1363963931798935,0.19304494559764862,20.510282516479492,6.17293119430542,4.075496196746826,1.7799999999999996e-05,0,20.93901910620386,16833.70896430002
141200,1.0115731954574585,0.13747401535511017,0.1236562430858612,0.14643770456314087,0.17937035858631134,22.08319854736328,6.42606258392334,4.0496110916137695,1.7599999999999994e-05,0,14.69367363881036,16847.320264300026
141300,0.9756555557250977,0.1380910724401474,0.12538336217403412,0.14161370694637299,0.1893976777791977,21.196819305419922,6.317698955535889,4.285649299621582,1.7399999999999993e-05,0,21.174955956082748,16856.76538430003
141400,0.9787060618400574,0.1384914219379425,0.12367255985736847,0.13733389973640442,0.18354076147079468,20.929189682006836,6.449620246887207,3.904764413833618,1.7199999999999995e-05,0,21.143950967785013,16866.224354400023
141500,0.9581323862075806,0.1426522582769394,0.13127607107162476,0.14918720722198486,0.19209721684455872,21.559110641479492,7.079414367675781,4.316039562225342,1.6999999999999993e-05,0,14.747552103602835,16879.78592710002
141600,0.9548912644386292,0.142838254570961,0.13011987507343292,0.14764653146266937,0.184453547000885,21.013118743896484,6.462568283081055,3.9139370918273926,1.6799999999999995e-05,0,21.091264336806063,16889.26852600003
141700,0.9666155576705933,0.13785751163959503,0.12556558847427368,0.15046806633472443,0.19351188838481903,21.16042709350586,6.687659740447998,4.228880405426025,1.6599999999999994e-05,0,21.200988508820767,16898.702048400024
141800,0.9349736571311951,0.13536667823791504,0.11889199912548065,0.13975530862808228,0.19299425184726715,19.428144454956055,6.62287712097168,4.188085079193115,1.6399999999999992e-05,0,14.685086866218816,16912.321307300022
141900,1.000977635383606,0.13908061385154724,0.12313339859247208,0.14617320895195007,0.17855075001716614,20.925628662109375,6.220381736755371,3.753258228302002,1.6199999999999994e-05,0,21.19832611234768,16921.756014500017
142000,0.9313592910766602,0.1407289057970047,0.12672653794288635,0.13208140432834625,0.19950957596302032,21.498598098754883,5.816373348236084,4.456552028656006,1.5999999999999992e-05,0,20.558678384539245,16931.484266300016
142100,0.9880532026290894,0.14689335227012634,0.13340413570404053,0.13999518752098083,0.17137037217617035,20.80999755859375,6.53377628326416,4.124959468841553,1.579999999999999e-05,0,14.796489855335617,16945.000985600025
142200,0.9672824144363403,0.13344386219978333,0.11848467588424683,0.14868493378162384,0.18049903213977814,22.528499603271484,6.606544017791748,4.197709560394287,1.5599999999999993e-05,0,21.011886655428913,16954.519407400017
142300,0.9262292981147766,0.1326999068260193,0.11920823901891708,0.1373518854379654,0.1798497885465622,19.939313888549805,6.568394660949707,3.9718360900878906,1.539999999999999e-05,0,11.857051036985453,16971.38700790002
142400,0.9914278984069824,0.13655664026737213,0.12338297814130783,0.13134540617465973,0.17236526310443878,20.751476287841797,6.369211196899414,4.331061840057373,1.5199999999999992e-05,0,14.709607236491976,16984.983564000024
142500,0.9697877764701843,0.1349828541278839,0.12082615494728088,0.14640870690345764,0.1852140575647354,21.29627227783203,6.448153972625732,4.279906749725342,1.4999999999999992e-05,0,21.188882337523424,16994.422476200023
142600,0.958408534526825,0.13799816370010376,0.12452133744955063,0.14306102693080902,0.17902350425720215,20.514328002929688,6.475468635559082,4.053971290588379,1.4799999999999992e-05,0,21.191809569052026,17003.86008460002
142700,0.9599530100822449,0.13504746556282043,0.12304528802633286,0.13150238990783691,0.2024117410182953,20.480010986328125,6.350152015686035,4.465350151062012,1.459999999999999e-05,0,14.747513172931553,17017.421693100026
142800,0.9680372476577759,0.1486314833164215,0.1367538422346115,0.12886470556259155,0.18744106590747833,24.262086868286133,6.98546838760376,4.090064525604248,1.4399999999999991e-05,0,21.196408378844858,17026.857253900016
142900,1.0029414892196655,0.13889460265636444,0.12690570950508118,0.146467924118042,0.18438564240932465,21.040557861328125,6.79327392578125,4.167856216430664,1.4199999999999991e-05,0,21.21411070998439,17036.28494110002
143000,0.9678912162780762,0.14463475346565247,0.13135862350463867,0.14774738252162933,0.1839422732591629,23.276092529296875,6.583659648895264,4.244137763977051,1.3999999999999991e-05,0,14.751591134282247,17049.842800600018
143100,0.9688522219657898,0.1397792249917984,0.12415841966867447,0.14684374630451202,0.2021377831697464,20.83521842956543,6.923076629638672,4.239988803863525,1.3799999999999992e-05,0,21.176951429584555,17059.287030600026
143200,0.9731366038322449,0.13500769436359406,0.12149512022733688,0.14737434685230255,0.19583247601985931,20.222219467163086,6.470338821411133,4.354049205780029,1.359999999999999e-05,0,21.18597701028258,17068.72723720003
143300,0.9886767268180847,0.13708780705928802,0.12640425562858582,0.1428210586309433,0.1952541321516037,20.634706497192383,6.970462322235107,4.459129810333252,1.339999999999999e-05,0,14.744579501852728,17082.29154400002
143400,0.9404879808425903,0.13694001734256744,0.12360294163227081,0.14626386761665344,0.20063762366771698,19.4749755859375,7.116924285888672,4.123209476470947,1.319999999999999e-05,0,21.184732658881888,17091.732305100028
143500,0.9838317632675171,0.13194343447685242,0.11556857824325562,0.13378585875034332,0.1876484900712967,19.37826156616211,6.406925678253174,4.250957012176514,1.299999999999999e-05,0,21.225456845082938,17101.154952700017
143600,1.0283498764038086,0.1370745748281479,0.12528134882450104,0.13802646100521088,0.18479660153388977,21.424041748046875,6.37101411819458,4.3012285232543945,1.279999999999999e-05,0,14.812105845235651,17114.657421700016
143700,0.9855930805206299,0.14807185530662537,0.13475798070430756,0.14244651794433594,0.1859080046415329,20.855327606201172,6.220015048980713,4.2974772453308105,1.259999999999999e-05,0,21.111491974139902,17124.130935000023
143800,0.9571316838264465,0.1317894160747528,0.11587177217006683,0.13214755058288574,0.2007966786623001,21.899974822998047,6.632267951965332,4.201778411865234,1.2400000000000012e-05,0,21.15909389395621,17133.583135600027
143900,0.9633184671401978,0.13844828307628632,0.12398364394903183,0.1509520262479782,0.18340791761875153,20.850122451782227,6.454025745391846,4.0552287101745605,1.2200000000000012e-05,0,14.45223468872033,17147.42182590002
144000,0.9797580242156982,0.14052985608577728,0.12795422971248627,0.13748091459274292,0.18743164837360382,21.16065216064453,6.11694860458374,4.211496353149414,1.200000000000001e-05,0,20.704234023106366,17157.081685800018
144100,0.9434579014778137,0.1366959661245346,0.12445403635501862,0.14471809566020966,0.1899348944425583,21.302875518798828,6.864192962646484,3.9631869792938232,1.180000000000001e-05,0,21.06165039933827,17166.577617800023
144200,1.0440798997879028,0.13602691888809204,0.12417813390493393,0.13377128541469574,0.18081134557724,21.732913970947266,6.238467693328857,4.005146503448486,1.1600000000000011e-05,0,14.815795181476199,17180.076724500017
144300,1.0051559209823608,0.13707254827022552,0.12290789186954498,0.14186425507068634,0.18526208400726318,22.113733291625977,6.99444055557251,4.038204669952393,1.1400000000000011e-05,0,21.165035293938026,17189.52627170003
144400,0.9563091993331909,0.1357760727405548,0.12486991286277771,0.1421336531639099,0.18960511684417725,21.13681411743164,6.455496788024902,4.23861026763916,1.120000000000001e-05,0,21.199688462118665,17198.96037260002
144500,0.9463640451431274,0.135543093085289,0.12207392603158951,0.13689807057380676,0.18072789907455444,21.591156005859375,6.85525369644165,4.23292875289917,1.100000000000001e-05,0,14.786029263512535,17212.486654500026
144600,0.9789804816246033,0.13691012561321259,0.12350613623857498,0.13929645717144012,0.18969710171222687,20.031330108642578,6.72129487991333,4.480310916900635,1.080000000000001e-05,0,21.25194371604756,17221.89755840003
144700,0.9564868211746216,0.13335613906383514,0.12261780351400375,0.12125600874423981,0.17712144553661346,20.935726165771484,6.105513095855713,4.090520858764648,1.060000000000001e-05,0,21.22145855745072,17231.321981300018
144800,0.9216147661209106,0.14183904230594635,0.13024656474590302,0.13986782729625702,0.19305212795734406,21.697092056274414,6.711204528808594,4.131355285644531,1.040000000000001e-05,0,14.760284420045792,17244.871855700025
144900,0.9630005955696106,0.13453684747219086,0.11736829578876495,0.13502365350723267,0.17834724485874176,21.65841293334961,6.423887729644775,4.164583206176758,1.0200000000000009e-05,0,21.18281671090472,17254.313470700028
145000,1.0134268999099731,0.13759715855121613,0.12800444662570953,0.13500428199768066,0.1877782791852951,20.77259635925293,6.553589344024658,4.289719104766846,1.000000000000001e-05,0,21.066368181522453,17263.807276100022
145100,1.0272011756896973,0.1345190554857254,0.12625522911548615,0.13199375569820404,0.17728984355926514,22.902143478393555,6.2904253005981445,4.088751792907715,9.80000000000001e-06,0,5.272043132629517,17301.74323280003
145200,1.045897364616394,0.13726316392421722,0.12786005437374115,0.12804818153381348,0.18343260884284973,21.387964248657227,5.961545467376709,4.3592352867126465,9.60000000000001e-06,0,21.07409432395925,17311.23355760002
145300,0.9724366664886475,0.13547208905220032,0.12534356117248535,0.14095215499401093,0.17709247767925262,21.816923141479492,7.176333427429199,4.199262619018555,9.400000000000008e-06,0,20.997274144349397,17320.758603500028
145400,1.002656102180481,0.1365644931793213,0.12037767469882965,0.14250986278057098,0.18451963365077972,20.82356834411621,6.829118728637695,3.992637872695923,9.200000000000008e-06,0,14.673743617565622,17334.388390500026
145500,0.9805712699890137,0.13605158030986786,0.12112190574407578,0.13286544382572174,0.1755344420671463,21.558029174804688,6.73390531539917,3.9359514713287354,9.000000000000009e-06,0,21.20469513512139,17343.820263900023
145600,0.9291669130325317,0.13340765237808228,0.12030361592769623,0.143134206533432,0.1849852353334427,23.504255294799805,7.103704452514648,4.206054210662842,8.800000000000009e-06,0,21.1683574292437,17353.26832810002
145700,0.9562035799026489,0.13736242055892944,0.12734030187129974,0.14133283495903015,0.19040197134017944,22.34525489807129,7.044203281402588,4.098305702209473,8.600000000000007e-06,0,14.682183473539693,17366.890280200023
145800,0.9644408226013184,0.14267858862876892,0.13334539532661438,0.13688980042934418,0.18524859845638275,20.750322341918945,6.466588020324707,4.156947135925293,8.400000000000008e-06,0,21.172469987773113,17376.336509200017
145900,1.007041335105896,0.13250775635242462,0.12262869626283646,0.1294287145137787,0.17878159880638123,21.22996711730957,6.524257183074951,4.0769147872924805,8.200000000000008e-06,0,21.14660374704153,17385.794292700026
146000,1.0078247785568237,0.139272540807724,0.12575925886631012,0.14939264953136444,0.17551589012145996,21.57974624633789,6.912321090698242,4.10420560836792,8.000000000000008e-06,0,14.668178877685584,17399.42925050002
146100,1.0090484619140625,0.1447823941707611,0.13449957966804504,0.12806884944438934,0.18375757336616516,22.54894256591797,6.794336318969727,4.157364845275879,7.800000000000007e-06,0,21.116589728203852,17408.900476800016
146200,0.9834393858909607,0.13568833470344543,0.12038521468639374,0.14770708978176117,0.19268091022968292,21.675119400024414,7.444197177886963,4.255882740020752,7.600000000000007e-06,0,21.208395860966306,17418.330704400025
146300,0.9868495464324951,0.13404232263565063,0.12371497601270676,0.1379167139530182,0.18819491565227509,21.382389068603516,6.902228832244873,4.419534683227539,7.400000000000007e-06,0,14.776191819565003,17431.865991600018
146400,0.9855265617370605,0.13303841650485992,0.1173151358962059,0.14166364073753357,0.18721134960651398,20.15934944152832,6.925201416015625,4.1817307472229,7.2000000000000065e-06,0,21.165411585981545,17441.315370800017
146500,0.8892054557800293,0.13436666131019592,0.11877969652414322,0.13641922175884247,0.17774651944637299,19.613813400268555,6.4004340171813965,3.9381256103515625,7.000000000000007e-06,0,21.262595230501578,17450.721560300022
146600,0.9687795042991638,0.13732528686523438,0.12535707652568817,0.1419317126274109,0.1899060159921646,22.59841537475586,6.977554798126221,4.121258735656738,6.800000000000006e-06,0,14.717371967164757,17464.31094300002
146700,0.9754593372344971,0.13673068583011627,0.12063419073820114,0.14543187618255615,0.17617042362689972,21.721158981323242,7.151434898376465,3.9991748332977295,6.600000000000006e-06,0,20.883615205210965,17473.887828900028
146800,1.0132912397384644,0.13766497373580933,0.12488912045955658,0.12547893822193146,0.18894171714782715,23.1075382232666,6.779475688934326,3.995764970779419,6.400000000000006e-06,0,21.17778470714496,17483.33168730003
146900,0.9711785912513733,0.1371455043554306,0.12184607982635498,0.13972210884094238,0.1779218316078186,22.16352653503418,6.726796627044678,3.9490699768066406,6.200000000000006e-06,0,14.821309073305049,17496.825772000026
147000,0.9720359444618225,0.1341237723827362,0.12063712626695633,0.13403542339801788,0.17462119460105896,20.85338020324707,7.0055413246154785,4.137784004211426,6.000000000000005e-06,0,21.200154078481347,17506.259665700025
147100,0.9254838228225708,0.1354811042547226,0.12246111780405045,0.14219623804092407,0.19056394696235657,22.003400802612305,6.827301025390625,4.28105354309082,5.8000000000000055e-06,0,21.074000837617145,17515.75003260003
147200,0.9539052844047546,0.14019379019737244,0.1272498220205307,0.13410237431526184,0.1760416030883789,20.924846649169922,6.344974040985107,4.03033971786499,5.600000000000005e-06,0,14.822922843826788,17529.242648200016
147300,0.8871901035308838,0.1363588273525238,0.11719067394733429,0.13587352633476257,0.19027642905712128,20.866132736206055,6.798084735870361,4.1555609703063965,5.400000000000005e-06,0,21.19717421739377,17538.67786810003
147400,0.9122966527938843,0.13397878408432007,0.11983296275138855,0.1452166587114334,0.19634075462818146,20.89898681640625,6.895142078399658,4.0753912925720215,5.200000000000005e-06,0,21.13573841481027,17548.140513600025
147500,1.002285122871399,0.13635168969631195,0.1221512109041214,0.147556871175766,0.18319037556648254,22.776256561279297,6.925076961517334,3.934852123260498,5.000000000000005e-06,0,14.70270375811997,17561.743453800023
147600,0.9642236232757568,0.1325014978647232,0.12035759538412094,0.13039465248584747,0.18857628107070923,19.931621551513672,6.630140781402588,4.079860687255859,4.800000000000005e-06,0,21.19936532917337,17571.177698500018
147700,0.998738706111908,0.13525359332561493,0.11904948204755783,0.1325472742319107,0.18962857127189636,21.441436767578125,6.800240993499756,4.026722431182861,4.600000000000004e-06,0,21.13381903567973,17580.641203400024
147800,0.9252402782440186,0.13946381211280823,0.1263130158185959,0.13743017613887787,0.19242984056472778,21.73436737060547,7.193994045257568,4.1009955406188965,4.4000000000000045e-06,0,14.769504600385881,17594.18261900003
147900,1.0508205890655518,0.14088821411132812,0.1269821673631668,0.13841675221920013,0.18973734974861145,24.49130630493164,6.42977237701416,4.162107944488525,4.200000000000004e-06,0,21.17989644896372,17603.62553580002
148000,0.976790726184845,0.1366514265537262,0.1225733831524849,0.14467930793762207,0.18089516460895538,21.64055061340332,7.13413667678833,4.337134838104248,4.000000000000004e-06,0,21.10685353043016,17613.101131000018
148100,0.9976916909217834,0.12994202971458435,0.11704878509044647,0.14081327617168427,0.1805180311203003,21.769067764282227,6.9362335205078125,4.068508625030518,3.8000000000000034e-06,0,14.652799247687835,17626.75040010002
148200,0.951492965221405,0.1434829980134964,0.13185152411460876,0.1476561576128006,0.17333713173866272,20.19326400756836,6.879499435424805,3.7944045066833496,3.6000000000000032e-06,0,21.176002299627047,17636.19505340002
148300,0.9791111350059509,0.13352124392986298,0.12583690881729126,0.14231319725513458,0.17464619874954224,22.88372802734375,6.813775539398193,4.208854675292969,3.400000000000003e-06,0,21.188793217611817,17645.634005300017
148400,0.9882184267044067,0.13881716132164001,0.12470649182796478,0.13530394434928894,0.1767052263021469,22.08732795715332,6.220804691314697,4.186397075653076,3.200000000000003e-06,0,14.624394474200153,17659.30978520002
148500,0.9456529021263123,0.12737269699573517,0.11314177513122559,0.13626626133918762,0.16874051094055176,23.521503448486328,6.647703170776367,4.01242208480835,3.0000000000000026e-06,0,21.07621430978199,17668.79915540002
148600,0.9376246929168701,0.13685284554958344,0.12744976580142975,0.14289981126785278,0.19365425407886505,21.149085998535156,6.872913837432861,4.41216516494751,2.8000000000000024e-06,0,21.16562146418607,17678.248440900017
148700,0.9658528566360474,0.12881499528884888,0.11573567241430283,0.14094869792461395,0.19381076097488403,22.06847381591797,6.445932865142822,4.017859935760498,2.6000000000000026e-06,0,14.777496600600475,17691.78253300002
148800,0.9481555819511414,0.13818880915641785,0.12636913359165192,0.1273392140865326,0.18707653880119324,22.18201446533203,6.34010124206543,4.001062393188477,2.4000000000000024e-06,0,21.18052583661103,17701.225169200028
148900,0.8999760746955872,0.13685603439807892,0.1260661631822586,0.12896500527858734,0.1863686889410019,22.189422607421875,6.650168418884277,4.260351181030273,2.2000000000000022e-06,0,21.21502635284808,17710.65244950002
149000,0.9664996862411499,0.13450178503990173,0.1234205886721611,0.1294741928577423,0.18996043503284454,23.681669235229492,6.361883640289307,3.979098320007324,2.000000000000002e-06,0,14.713405555201906,17724.24549560003
149100,0.9789411425590515,0.13035571575164795,0.11630226671695709,0.1298794001340866,0.18725410103797913,23.01923942565918,6.540287494659424,4.272431373596191,1.8000000000000016e-06,0,21.151697893861108,17733.701001300025
149200,1.0054614543914795,0.1369457244873047,0.12511225044727325,0.1388387382030487,0.19273032248020172,22.540040969848633,6.253583908081055,4.161310195922852,1.6000000000000014e-06,0,21.196720413755088,17743.13642320002
149300,0.92988121509552,0.13331761956214905,0.1216747984290123,0.12791363894939423,0.18998059630393982,20.095083236694336,6.385588645935059,4.136604309082031,1.4000000000000012e-06,0,9.52497728602608,17764.133848600017
149400,0.9510478973388672,0.13421259820461273,0.12426921725273132,0.1376282423734665,0.17952485382556915,21.010822296142578,6.99453592300415,3.753347635269165,1.2000000000000012e-06,0,21.086036966519615,17773.618798300027
149500,0.9870491027832031,0.13502788543701172,0.12136811763048172,0.12854422628879547,0.17915529012680054,21.47882843017578,6.752993583679199,4.145748138427734,1.000000000000001e-06,0,21.081049054978326,17783.105992200028
149600,0.9585809111595154,0.13656096160411835,0.12607549130916595,0.1330176144838333,0.18760469555854797,21.183692932128906,6.58951473236084,4.033176898956299,8.000000000000007e-07,0,14.643286502322619,17796.764128300027
149700,0.9941004514694214,0.1367410123348236,0.13051143288612366,0.13438153266906738,0.18317992985248566,23.10678482055664,6.531649589538574,3.999828338623047,6.000000000000006e-07,0,21.204301933039222,17806.196176600017
149800,1.0050911903381348,0.14255094528198242,0.13013391196727753,0.13718242943286896,0.1868904083967209,22.394073486328125,6.76987361907959,4.014398574829102,4.0000000000000035e-07,0,21.20433565473673,17815.628209900024
149900,0.9700276255607605,0.1330476999282837,0.12090007215738297,0.13934190571308136,0.1790604591369629,21.0538272857666,6.998828411102295,4.1483283042907715,2.0000000000000018e-07,0,14.65630105637479,17829.27421780002
150000,0.9435656666755676,0.1348540335893631,0.1222241148352623,0.14317293465137482,0.1790231317281723,20.26099395751953,6.679601192474365,3.966054916381836,0.0,0,21.191681802897502,17838.711883100026
