step,g_adv,cycle,identity,d_a,d_b,grad_g,grad_d_a,grad_d_b,lr,nan_count,images_per_sec,seconds
100,1.910815715789795,0.7303623557090759,0.7278710603713989,1.060712218284607,0.9917872548103333,77.50148010253906,34.827720642089844,31.88100814819336,0.0002,0,8.934304021039658,22.38562680000905
200,0.6989266276359558,0.5872739553451538,0.5555596947669983,0.33359912037849426,0.3275103271007538,55.13070297241211,12.017827987670898,10.895142555236816,0.0002,0,20.396715920714353,32.19112689999747
300,0.6892231106758118,0.5795338153839111,0.542864978313446,0.29931774735450745,0.2958206534385681,52.520286560058594,13.746788024902344,12.733823776245117,0.0002,0,15.07684786201215,45.45649919999414
400,0.6903318166732788,0.5715147256851196,0.5285177826881409,0.2854192852973938,0.29538241028785706,49.06755447387695,13.084084510803223,14.885916709899902,0.0002,0,21.323005720312583,54.83603989999392
500,0.7350151538848877,0.5452988147735596,0.5018898844718933,0.28086379170417786,0.2965115010738373,46.75151824951172,15.964679718017578,15.291780471801758,0.0002,0,19.94304803939324,64.86459720000857
600,0.7373608350753784,0.5528207421302795,0.5080365538597107,0.281273752450943,0.26813820004463196,47.87614822387695,17.245874404907227,13.650543212890625,0.0002,0,14.125405762006862,79.0234824999934
700,0.7291844487190247,0.5045151114463806,0.46742045879364014,0.24691085517406464,0.2870376408100128,43.72403335571289,13.960246086120605,13.415257453918457,0.0002,0,21.474074993463603,88.33703850000165
800,0.7180841565132141,0.5514464974403381,0.5045846700668335,0.3119449019432068,0.28653988242149353,49.86941146850586,14.659954071044922,15.40910816192627,0.0002,0,18.845002427403497,98.9499317999871
900,0.6217064261436462,0.553814172744751,0.49522119760513306,0.2615576982498169,0.28225430846214294,44.18523025512695,8.909695625305176,12.300013542175293,0.0002,0,14.773262551664182,112.48790279999957
1000,0.6372750401496887,0.5195406079292297,0.47375643253326416,0.26559019088745117,0.25873470306396484,43.68750762939453,12.80487060546875,10.946663856506348,0.0002,0,19.962626967913685,122.50662430000375
1100,0.7297518253326416,0.46980082988739014,0.4280455708503723,0.2601436674594879,0.27358660101890564,41.85462188720703,16.6042423248291,13.5250244140625,0.0002,0,14.688408870542506,136.12280300000566
1200,0.7833560705184937,0.4950196444988251,0.4498658776283264,0.24702797830104828,0.27188345789909363,41.25897216796875,16.296546936035156,12.539731979370117,0.0002,0,19.719237302146137,146.2651830999821
1300,0.7390230298042297,0.49034106731414795,0.4454566538333893,0.25175759196281433,0.27209874987602234,40.27969741821289,16.00534439086914,13.33323860168457,0.0002,0,20.3388654301217,156.09857329999795
1400,0.7648414373397827,0.47785434126853943,0.4330880343914032,0.23851603269577026,0.25679323077201843,42.129150390625,15.346139907836914,11.231504440307617,0.0002,0,14.377915441357288,170.00879560000612
1500,0.8356789350509644,0.48378467559814453,0.43854108452796936,0.24508976936340332,0.2803769111633301,42.3624153137207,16.76613426208496,15.641603469848633,0.0002,0,18.901923918160303,180.5897291000001
1600,0.8042810559272766,0.4568770229816437,0.40757519006729126,0.2541675567626953,0.2686963975429535,39.19379425048828,18.06859588623047,12.112812995910645,0.0002,0,21.224015954634755,190.01301639998564
1700,0.8279515504837036,0.456496924161911,0.41103294491767883,0.2460263967514038,0.2835899591445923,40.51925277709961,15.766810417175293,16.489166259765625,0.0002,0,14.777950942500077,203.54669240000658
1800,0.7259331941604614,0.462112158536911,0.42899245023727417,0.2574324309825897,0.250935435295105,37.29182434082031,15.279147148132324,12.016119003295898,0.0002,0,19.806186365259418,213.64454750000732
1900,0.747820258140564,0.4565863609313965,0.41441404819488525,0.2474762350320816,0.27820706367492676,37.496036529541016,14.656088829040527,13.710524559020996,0.0002,0,14.722610811245321,227.22909459998482
2000,0.8413780927658081,0.4484699070453644,0.4028578996658325,0.22449950873851776,0.2593972086906433,37.926544189453125,13.985421180725098,13.07278060913086,0.0002,0,20.059637100462037,237.1993647000054
2100,0.8613143563270569,0.44369009137153625,0.40643519163131714,0.23411887884140015,0.2654586136341095,37.23272705078125,15.625327110290527,15.612629890441895,0.0002,0,19.091517902098225,247.6752210999839
2200,0.8255766034126282,0.4456647038459778,0.410674124956131,0.25090929865837097,0.2442443072795868,36.26362991333008,16.403289794921875,12.44091796875,0.0002,0,14.585837159409204,261.3871525999857
2300,0.8814210891723633,0.43691694736480713,0.4026836156845093,0.2533089816570282,0.26959162950515747,36.60100173950195,17.75739860534668,14.01954460144043,0.0002,0,20.78493453068284,271.0095067000075
2400,0.8206623792648315,0.4392562508583069,0.39748141169548035,0.22434911131858826,0.24382394552230835,37.270992279052734,14.60993766784668,14.52938175201416,0.0002,0,21.788892001120775,280.18849569998565
2500,0.8604695200920105,0.4178551137447357,0.3781755268573761,0.22665715217590332,0.2772670388221741,34.5804443359375,15.605194091796875,15.952548027038574,0.0002,0,14.401212628162968,294.076215100009
2600,0.8162224888801575,0.457021027803421,0.4209112524986267,0.2486686259508133,0.2525475025177002,38.68395233154297,17.58981704711914,13.051005363464355,0.0002,0,21.15905091421072,303.52843489998486
2700,0.8280395269393921,0.41591766476631165,0.38364315032958984,0.24216005206108093,0.25683820247650146,35.30350112915039,16.070947647094727,15.486076354980469,0.0002,0,21.257266783360997,312.93698219998623
2800,0.7912623286247253,0.40754684805870056,0.38329872488975525,0.24097378551959991,0.2560586929321289,34.856910705566406,15.858416557312012,14.553693771362305,0.0002,0,14.814133584125141,326.4376029999985
2900,0.8273534178733826,0.41370487213134766,0.38401249051094055,0.24400025606155396,0.24730397760868073,34.33362579345703,14.5128173828125,16.18113136291504,0.0002,0,20.715133429352548,336.0923802999896
3000,0.7796284556388855,0.3955337107181549,0.36618539690971375,0.24037037789821625,0.24891261756420135,33.433658599853516,14.303566932678223,15.384121894836426,0.0002,0,14.484296473395034,349.9004378999816
3100,0.8336310386657715,0.42560622096061707,0.389478474855423,0.2371167689561844,0.2463441789150238,36.83802032470703,15.662240028381348,13.582311630249023,0.0002,0,22.945623541617653,358.6166969999904
3200,0.8350512385368347,0.4131469130516052,0.37660250067710876,0.21719278395175934,0.23891732096672058,35.281402587890625,15.220982551574707,14.103960990905762,0.0002,0,22.066327054088852,367.68028060000506
3300,0.8462890386581421,0.39927801489830017,0.36924129724502563,0.23043139278888702,0.24724173545837402,32.41769027709961,13.945846557617188,15.1016263961792,0.0002,0,14.595209242264971,381.38340719998814
3400,0.7743907570838928,0.4170168340206146,0.37863242626190186,0.2534656822681427,0.25055113434791565,34.76399612426758,12.553217887878418,14.505231857299805,0.0002,0,20.725734817417163,391.03324600000633
3500,0.7961792349815369,0.4115065634250641,0.37032434344291687,0.2534328103065491,0.24510711431503296,34.45603561401367,13.633729934692383,13.596038818359375,0.0002,0,21.32285613479538,400.4128524999833
3600,0.7355517148971558,0.4262503981590271,0.39479368925094604,0.26327458024024963,0.24696364998817444,34.90605545043945,12.555129051208496,15.436586380004883,0.0002,0,13.972106561494677,414.72708630000125
3700,0.7585864067077637,0.39165636897087097,0.3586132824420929,0.2518737316131592,0.23156705498695374,32.626792907714844,12.100428581237793,14.035200119018555,0.0002,0,20.53213988766007,424.4679121999943
3800,0.8667598366737366,0.416226327419281,0.3848395049571991,0.24303193390369415,0.23369921743869781,34.545654296875,13.99638557434082,15.868658065795898,0.0002,0,14.390221004434299,438.36623939999845
3900,0.8667819499969482,0.39901408553123474,0.36813196539878845,0.24021640419960022,0.2485816776752472,32.80585479736328,14.101637840270996,16.971689224243164,0.0002,0,20.595177352930804,448.0772507000074
4000,0.7618263959884644,0.38401976227760315,0.3522239327430725,0.24294835329055786,0.24069738388061523,31.819610595703125,13.51602554321289,12.951788902282715,0.0002,0,21.10828278884268,457.5522043000092
4100,0.8058540225028992,0.4042375385761261,0.3712322413921356,0.27182647585868835,0.252157598733902,33.8993034362793,14.723554611206055,15.74160385131836,0.0002,0,13.72798819197279,472.1209813999885
4200,0.8033309578895569,0.3850153684616089,0.35666918754577637,0.24061377346515656,0.23968571424484253,34.053123474121094,12.138107299804688,13.064512252807617,0.0002,0,22.286292341155168,481.0951076000056
4300,0.8105039596557617,0.4219129979610443,0.38583675026893616,0.24794726073741913,0.22329272329807281,34.62587356567383,14.463160514831543,14.236214637756348,0.0002,0,21.229453710110167,490.5159812000056
4400,0.7854031324386597,0.37122878432273865,0.3441653251647949,0.2648610472679138,0.24686004221439362,31.75897216796875,14.19074821472168,14.142157554626465,0.0002,0,14.28174253312657,504.5198745999951
4500,0.7664714455604553,0.3891153633594513,0.3575681149959564,0.23968085646629333,0.2556180953979492,30.738590240478516,12.517003059387207,14.653488159179688,0.0002,0,20.370635980826393,514.3379283999966
4600,0.8180177807807922,0.3856852352619171,0.35690736770629883,0.2413986474275589,0.22372767329216003,31.7283878326416,12.082978248596191,13.085219383239746,0.0002,0,15.0889641933831,527.5926486999961
4700,0.8378099799156189,0.38406118750572205,0.3539062440395355,0.2438921481370926,0.24275241792201996,32.40283203125,14.217704772949219,13.196548461914062,0.0002,0,21.826711538304494,536.7557330999989
4800,0.7742133736610413,0.3885747492313385,0.35896316170692444,0.24670451879501343,0.2699759900569916,33.04335403442383,13.495903015136719,14.516387939453125,0.0002,0,20.600161394048907,546.4643948999874
4900,0.8071115612983704,0.37431177496910095,0.3498084545135498,0.23551955819129944,0.23374409973621368,31.731170654296875,13.604915618896484,13.064021110534668,0.0002,0,14.235124787482007,560.5141487999936
5000,0.8345708250999451,0.3783201277256012,0.34910646080970764,0.24896520376205444,0.21901434659957886,31.61527442932129,15.365108489990234,12.798930168151855,0.0002,0,21.84118240999535,569.6711621999857
5100,0.8882908225059509,0.3761894106864929,0.342949777841568,0.22780868411064148,0.24077367782592773,31.548357009887695,12.895978927612305,13.90662956237793,0.0002,0,17.295872341785177,581.2346147999924
5200,0.8209479451179504,0.3817727565765381,0.3528575897216797,0.25104036927223206,0.2402832955121994,31.22189712524414,13.510310173034668,15.868194580078125,0.0002,0,15.113473508224128,594.4678400999983
5300,0.7909572720527649,0.38848522305488586,0.3544165790081024,0.23441357910633087,0.251536101102829,30.965049743652344,13.328514099121094,13.69623851776123,0.0002,0,20.66363281830069,604.1466803000076
5400,0.8069512844085693,0.3701939582824707,0.33970126509666443,0.2399236559867859,0.24170920252799988,32.028648376464844,13.96835994720459,14.405739784240723,0.0002,0,19.894669067254707,614.1996246000053
5500,0.814172625541687,0.37269681692123413,0.3497982323169708,0.23425458371639252,0.24324992299079895,30.664730072021484,12.129494667053223,16.12848663330078,0.0002,0,14.23095013352653,628.2534999999916
5600,0.8832498788833618,0.3726387619972229,0.3396243453025818,0.2577054798603058,0.23803195357322693,31.0621280670166,14.755401611328125,12.232245445251465,0.0002,0,21.353133325112683,637.6198069000093
5700,0.7973851561546326,0.40445566177368164,0.3686541020870209,0.2338157445192337,0.2445833683013916,32.76136016845703,12.715471267700195,15.193678855895996,0.0002,0,13.906307214681322,652.0017702000041
5800,0.7634677886962891,0.3869730532169342,0.3577365279197693,0.23502421379089355,0.2567008435726166,31.90777587890625,12.30385684967041,11.80640983581543,0.0002,0,22.735359022771814,660.7986402999959
5900,0.7961145639419556,0.38962623476982117,0.3588750660419464,0.23334498703479767,0.22933538258075714,33.5948600769043,12.613914489746094,11.230395317077637,0.0002,0,19.02166733397935,671.3129656999954
6000,0.7722370624542236,0.36443033814430237,0.3315306007862091,0.2497844099998474,0.2354237139225006,30.506038665771484,12.56192684173584,11.214407920837402,0.0002,0,14.69950492949577,684.9188660999935
6100,0.8085057735443115,0.35905659198760986,0.3312976658344269,0.24653254449367523,0.2426847368478775,30.853158950805664,13.208427429199219,11.945353507995605,0.0002,0,20.044116097347178,694.8968565999821
6200,0.792344331741333,0.38304996490478516,0.35104790329933167,0.23323553800582886,0.24958907067775726,31.530920028686523,11.752965927124023,12.716304779052734,0.0002,0,22.480942146589747,703.7932808999904
6300,0.8349913358688354,0.38803306221961975,0.35735490918159485,0.2539966106414795,0.23511594533920288,33.393653869628906,12.938015937805176,12.091997146606445,0.0002,0,13.751909272108291,718.3367159999907
6400,0.8098515868186951,0.37274202704429626,0.3458215296268463,0.22813346982002258,0.24821321666240692,31.195070266723633,12.805939674377441,12.529617309570312,0.0002,0,19.34461882275158,728.6755084999895
6500,0.8355658650398254,0.3643045723438263,0.32955244183540344,0.2415882647037506,0.25060418248176575,32.87628936767578,14.540950775146484,13.318265914916992,0.0002,0,14.446990164615912,742.5192225000064
6600,0.7837393283843994,0.3704654276371002,0.34955650568008423,0.21790090203285217,0.23798401653766632,30.328041076660156,12.357441902160645,12.923885345458984,0.0002,0,12.051648545008028,759.1144625000015
6700,0.8034234642982483,0.3593844473361969,0.33811327815055847,0.23883387446403503,0.24817463755607605,30.707157135009766,12.742326736450195,11.826930046081543,0.0002,0,20.580731861962132,768.8322898999904
6800,0.8126352429389954,0.3583449423313141,0.3303922712802887,0.2500724792480469,0.24740798771381378,30.66908836364746,13.252185821533203,14.121596336364746,0.0002,0,15.15812202569749,782.0265364999941
6900,0.787146270275116,0.35156407952308655,0.3230375349521637,0.2256973534822464,0.24561674892902374,29.84705924987793,11.238082885742188,12.549325942993164,0.0002,0,20.298070260416722,791.8796899000008
7000,0.8634766340255737,0.3653312921524048,0.3387281596660614,0.2480897605419159,0.2279129922389984,30.807025909423828,13.79510498046875,12.70845890045166,0.0002,0,21.269321636688048,801.2829046999977
7100,0.8306514024734497,0.36625275015830994,0.3298305869102478,0.24759946763515472,0.24485182762145996,31.55525016784668,12.573344230651855,11.9501314163208,0.0002,0,14.005505340066538,815.5630034999922
7200,0.8260886669158936,0.3519356846809387,0.32267215847969055,0.24085097014904022,0.22837607562541962,29.985107421875,12.383195877075195,11.977625846862793,0.0002,0,21.1180582130943,825.0335712000087
7300,0.7970771789550781,0.35687002539634705,0.32414188981056213,0.2435825914144516,0.2625962495803833,30.290807723999023,12.625895500183105,12.54533576965332,0.0002,0,14.552859993188797,838.7765742999909
7400,0.7782460451126099,0.3685268759727478,0.331047922372818,0.23274534940719604,0.23640258610248566,32.06492614746094,12.242185592651367,11.695940017700195,0.0002,0,23.568154205654977,847.2626015999995
7500,0.8082761168479919,0.35496383905410767,0.3322589099407196,0.23755857348442078,0.236011803150177,28.475341796875,11.642318725585938,13.4554443359375,0.0002,0,22.149102620290485,856.292312799982
7600,0.770587682723999,0.35967984795570374,0.3294784128665924,0.24547532200813293,0.24700337648391724,29.916259765625,12.597887992858887,13.174060821533203,0.0002,0,15.027344996684452,869.6013837000064
7700,0.8342620134353638,0.3380275368690491,0.3077501356601715,0.23672577738761902,0.25332093238830566,29.134666442871094,12.080352783203125,13.94530200958252,0.0002,0,19.63387785178945,879.7878583999991
7800,0.7857663631439209,0.32464855909347534,0.30064380168914795,0.24921543896198273,0.24811917543411255,27.548532485961914,12.840912818908691,12.242948532104492,0.0002,0,23.149270244726868,888.4274395999964
7900,0.8286692500114441,0.33900541067123413,0.3148186206817627,0.22539369761943817,0.2436930239200592,28.520429611206055,11.453761100769043,12.605234146118164,0.0002,0,14.285112780422818,902.4280291000032
8000,0.8430659174919128,0.35673049092292786,0.3245430588722229,0.25461241602897644,0.22533254325389862,30.948625564575195,12.92534065246582,12.19478988647461,0.0002,0,20.370330780283176,912.2462299999897
8100,0.7786270976066589,0.33309486508369446,0.3066297769546509,0.23262235522270203,0.2521115243434906,28.750123977661133,12.34457015991211,11.999143600463867,0.0002,0,20.067121914091405,922.2127812999825
8200,0.8598102331161499,0.3599072992801666,0.32697343826293945,0.2371928095817566,0.22791746258735657,29.573671340942383,12.318113327026367,12.449602127075195,0.0002,0,15.693304371628358,934.9570699000033
8300,0.8283906579017639,0.3692139983177185,0.3375531733036041,0.22321033477783203,0.22914889454841614,30.495790481567383,12.060956001281738,13.103473663330078,0.0002,0,22.240895183572185,943.9495137000049
8400,0.8079234957695007,0.3296745717525482,0.30440300703048706,0.2483620047569275,0.24812108278274536,28.528221130371094,12.25639820098877,12.754660606384277,0.0002,0,15.47184325663114,956.8762216999894
8500,0.8077521324157715,0.33487802743911743,0.3052923083305359,0.24652543663978577,0.23700810968875885,29.10676383972168,10.886686325073242,11.622906684875488,0.0002,0,22.709157529072996,965.6832414999953
8600,0.8299111723899841,0.3634042739868164,0.3266552984714508,0.2201911360025406,0.24203111231327057,30.884357452392578,11.605222702026367,12.858539581298828,0.0002,0,22.156138093831007,974.7100854000018
8700,0.8685174584388733,0.35316339135169983,0.32144081592559814,0.24393197894096375,0.22981402277946472,30.096088409423828,13.06513786315918,12.02051830291748,0.0002,0,15.218969081356601,987.8515799999877
8800,0.8282601833343506,0.3396812379360199,0.30504071712493896,0.22940342128276825,0.2343112826347351,29.42669677734375,12.353687286376953,12.271252632141113,0.0002,0,21.512368326439514,997.1485572999809
8900,0.8416557908058167,0.334796667098999,0.3055025339126587,0.22712360322475433,0.2393760085105896,30.0262451171875,11.60686206817627,11.49532699584961,0.0002,0,20.034348289087994,1007.1314125999925
9000,0.8589619398117065,0.3462958335876465,0.31263425946235657,0.23382814228534698,0.2468288540840149,30.096229553222656,11.770841598510742,12.900195121765137,0.0002,0,14.416954811724558,1021.0039677000022
9100,0.8815286159515381,0.3358825147151947,0.3072440028190613,0.23846061527729034,0.2457445114850998,29.092153549194336,12.76034164428711,11.87887191772461,0.0002,0,20.834557146560172,1030.6034037999925
9200,0.818448543548584,0.3224796950817108,0.3028603196144104,0.23281173408031464,0.2237723469734192,27.457111358642578,11.433693885803223,11.299026489257812,0.0002,0,14.97435032302345,1043.959575899993
9300,0.8274041414260864,0.3320891559123993,0.3072340786457062,0.2511237859725952,0.2399744987487793,29.903026580810547,11.752930641174316,12.468533515930176,0.0002,0,21.151520279820765,1053.4151609999826
9400,0.757504403591156,0.3320819139480591,0.3101101219654083,0.23162364959716797,0.23549893498420715,28.85149574279785,11.323657035827637,11.429203987121582,0.0002,0,20.79692052505762,1063.0319694000063
9500,0.8447932004928589,0.3261417746543884,0.29837799072265625,0.2169564813375473,0.23348115384578705,29.38752555847168,10.822654724121094,11.402325630187988,0.0002,0,14.126045474813855,1077.1902134999982
9600,0.8693044781684875,0.3310869634151459,0.30495837330818176,0.2547319829463959,0.254074364900589,28.70023536682129,13.617205619812012,13.091536521911621,0.0002,0,19.88152401027543,1087.2498044999957
9700,0.7972615361213684,0.32645708322525024,0.3017946481704712,0.24192450940608978,0.2191859632730484,29.27227783203125,12.610194206237793,11.345359802246094,0.0002,0,19.4470144213995,1097.5341595000064
9800,0.7987273335456848,0.31634199619293213,0.2867679297924042,0.22650323808193207,0.2530161142349243,28.306888580322266,10.439352989196777,12.204952239990234,0.0002,0,15.155643916341837,1110.7305634999939
9900,0.8131128549575806,0.3261789381504059,0.29986709356307983,0.24094176292419434,0.2244638353586197,29.03271484375,11.844584465026855,11.151495933532715,0.0002,0,20.355116792388678,1120.5561028000084
10000,0.8888156414031982,0.3520467281341553,0.322916179895401,0.20955890417099,0.22033163905143738,30.23048973083496,10.859371185302734,11.770883560180664,0.0002,0,14.51306476250141,1134.3367895999982
10100,0.8591086864471436,0.33397287130355835,0.3045637011528015,0.23360365629196167,0.2542491555213928,29.037269592285156,12.065447807312012,12.513654708862305,0.0002,0,20.890809608498774,1143.910377399996
10200,0.8480911254882812,0.32141250371932983,0.29580244421958923,0.21954196691513062,0.23854824900627136,29.244972229003906,10.631226539611816,11.421525955200195,0.0002,0,22.346719271463954,1152.8602369999862
10300,0.8244420289993286,0.3251613676548004,0.3045996129512787,0.23381677269935608,0.2214527428150177,27.52223777770996,12.173667907714844,11.679195404052734,0.0002,0,15.018111767680233,1166.177490400005
10400,0.8434034585952759,0.3220527470111847,0.297716349363327,0.23287658393383026,0.24129781126976013,28.33830451965332,12.426370620727539,11.943079948425293,0.0002,0,22.277963667628075,1175.1549715999863
10500,0.8356719017028809,0.3222046494483948,0.29858049750328064,0.2280021607875824,0.22851644456386566,28.653791427612305,10.67270565032959,11.534395217895508,0.0002,0,20.893754371044853,1184.7272100999835
10600,0.8502113819122314,0.31821903586387634,0.29067739844322205,0.22185015678405762,0.24186784029006958,29.26127052307129,10.587979316711426,11.355616569519043,0.0002,0,14.676570974455354,1198.354371399997
10700,0.8339648246765137,0.31826210021972656,0.29343193769454956,0.2386852353811264,0.23055624961853027,28.770002365112305,11.696365356445312,11.71318244934082,0.0002,0,20.047645434614743,1208.3306052999978
10800,0.809262216091156,0.34292468428611755,0.30919259786605835,0.23866285383701324,0.21554845571517944,30.517187118530273,11.809418678283691,10.768507957458496,0.0002,0,20.890189029241323,1217.9044775000075
10900,0.8486107587814331,0.31214413046836853,0.28843286633491516,0.21185098588466644,0.23151318728923798,28.36110496520996,10.875921249389648,12.195281982421875,0.0002,0,14.675919305462596,1231.532243900001
11000,0.8816150426864624,0.312112957239151,0.2911536693572998,0.21797257661819458,0.22985146939754486,29.1545467376709,11.7445650100708,12.531412124633789,0.0002,0,19.37339335846788,1241.8556805999833
11100,0.8184869885444641,0.32694828510284424,0.2994374930858612,0.22674241662025452,0.25359785556793213,29.625450134277344,12.227553367614746,11.834961891174316,0.0002,0,15.1253004848926,1255.0785583999823
11200,0.796567440032959,0.3241643011569977,0.2947846055030823,0.2141231745481491,0.23520724475383759,29.007614135742188,10.32091999053955,11.692314147949219,0.0002,0,22.532383231327934,1263.9546722999949
11300,0.8555498123168945,0.34689730405807495,0.31758826971054077,0.22261643409729004,0.2418561726808548,30.216869354248047,11.373993873596191,12.059224128723145,0.0002,0,21.113882953424174,1273.4271127999818
11400,0.8969945311546326,0.3287787437438965,0.3010184168815613,0.21159209311008453,0.21307361125946045,31.2036075592041,10.73775863647461,10.754918098449707,0.0002,0,14.425168676542928,1287.2917687000008
11500,0.8200454711914062,0.3168782889842987,0.29622215032577515,0.20860052108764648,0.2187342643737793,30.803213119506836,11.48374080657959,10.7511568069458,0.0002,0,22.761977759551982,1296.0783514000068
11600,0.8978888392448425,0.3202763795852661,0.2907104194164276,0.2118663340806961,0.2361149787902832,30.799245834350586,12.106388092041016,10.77036190032959,0.0002,0,23.865615677499857,1304.4586086999916
11700,0.8755333423614502,0.3148644268512726,0.28731775283813477,0.2227497398853302,0.22935862839221954,29.544219970703125,11.918927192687988,11.713994026184082,0.0002,0,15.270588723948155,1317.5556806999957
11800,0.83791184425354,0.3294699490070343,0.2976812422275543,0.2018669694662094,0.22051841020584106,29.950979232788086,11.729344367980957,10.435748100280762,0.0002,0,20.22470864789655,1327.444574699999
11900,0.8956934809684753,0.3222825527191162,0.30199703574180603,0.22468659281730652,0.2464071661233902,29.349639892578125,11.510491371154785,10.94833755493164,0.0002,0,14.547668330283642,1341.1924822999863
12000,0.8573293685913086,0.31680452823638916,0.29019278287887573,0.2206326276063919,0.22932462394237518,29.63092613220215,11.560452461242676,10.668976783752441,0.0002,0,21.16263428363218,1350.6431015999988
12100,0.8404309153556824,0.2887536585330963,0.2685260474681854,0.22623595595359802,0.22194750607013702,27.10145378112793,11.953862190246582,10.807501792907715,0.0002,0,21.278155388228736,1360.0424125999853
12200,0.8369898796081543,0.3122997283935547,0.2826843857765198,0.2252383530139923,0.2453131377696991,29.038742065429688,11.557138442993164,12.426727294921875,0.0002,0,14.248929554512637,1374.0785546999832
12300,0.8862035274505615,0.3226543068885803,0.29303601384162903,0.1997392177581787,0.22691519558429718,30.72637939453125,11.2863130569458,11.298149108886719,0.0002,0,20.71959162429688,1383.7312545999885
12400,0.8432651162147522,0.28264495730400085,0.2691681385040283,0.22317375242710114,0.22751256823539734,26.90097427368164,11.698165893554688,11.205471992492676,0.0002,0,19.231838446990054,1394.1306764000037
12500,0.882700502872467,0.30523374676704407,0.2850281596183777,0.21100234985351562,0.23024041950702667,29.496788024902344,11.852351188659668,10.354190826416016,0.0002,0,15.516838423091212,1407.0198999999848
12600,0.8533219695091248,0.30526188015937805,0.2846769690513611,0.22306595742702484,0.24863015115261078,28.05650520324707,11.537951469421387,11.84219741821289,0.0002,0,22.02153386700475,1416.1019194999826
12700,0.8669569492340088,0.3003762662410736,0.27081504464149475,0.23701657354831696,0.24506647884845734,28.057430267333984,11.123170852661133,11.26517105102539,0.0002,0,15.333391830213404,1429.145347999991
12800,0.7605279088020325,0.30796653032302856,0.278215229511261,0.2253434658050537,0.2329714149236679,28.03070831298828,9.850667953491211,9.912460327148438,0.0002,0,21.30026350981293,1438.534903199994
12900,0.8592734336853027,0.2962871789932251,0.27826541662216187,0.22322069108486176,0.2514941692352295,28.000022888183594,10.76712703704834,11.279600143432617,0.0002,0,21.476359011908634,1447.847468699998
13000,0.8640048503875732,0.29696500301361084,0.27564093470573425,0.21147839725017548,0.23929427564144135,28.969152450561523,9.94105339050293,10.373669624328613,0.0002,0,14.282885662217593,1461.8502413000097
13100,0.8088269829750061,0.30380138754844666,0.27958643436431885,0.2181500792503357,0.24268200993537903,29.17415428161621,11.285602569580078,10.949341773986816,0.0002,0,12.276525043658875,1478.1414962999988
13200,0.8168259859085083,0.3138522207736969,0.29008179903030396,0.21758420765399933,0.2339070588350296,29.462080001831055,10.668813705444336,10.42962646484375,0.0002,0,22.70598560773614,1486.9497464000015
13300,0.7963087558746338,0.3071806728839874,0.2848662734031677,0.22029492259025574,0.24929772317409515,28.13100242614746,11.309123039245605,12.134662628173828,0.0002,0,15.558569285021205,1499.8043987999845
13400,0.8361852169036865,0.3042256534099579,0.28501808643341064,0.2172483652830124,0.22514332830905914,29.930421829223633,10.691071510314941,9.145221710205078,0.0002,0,19.392431814496078,1510.1177005000063
13500,0.8376307487487793,0.30835989117622375,0.28448474407196045,0.22222276031970978,0.24217207729816437,29.109760284423828,11.787327766418457,11.306364059448242,0.0002,0,22.195007443982544,1519.1287359999842
13600,0.8374975323677063,0.3085092008113861,0.2797178030014038,0.2007594108581543,0.23572400212287903,29.79104995727539,11.699286460876465,11.05749225616455,0.0002,0,15.0215108034627,1532.4429759999912
13700,0.9026644229888916,0.30280977487564087,0.2800116539001465,0.2052823156118393,0.229985311627388,29.275869369506836,11.717167854309082,10.696097373962402,0.0002,0,19.686026384048134,1542.6024665999867
13800,0.7808576226234436,0.2963620722293854,0.27643030881881714,0.22850537300109863,0.233964741230011,28.492155075073242,11.1815767288208,9.669333457946777,0.0002,0,14.949321501108404,1555.9810002000013
13900,0.8365005254745483,0.284419447183609,0.2669846713542938,0.22050954401493073,0.22828024625778198,29.088775634765625,10.769920349121094,9.703895568847656,0.0002,0,22.768317535509986,1564.765136300004
14000,0.8786054849624634,0.31671959161758423,0.28706762194633484,0.20673291385173798,0.22706763446331024,30.18800163269043,10.866265296936035,10.49929428100586,0.0002,0,18.175951810759447,1575.7686866000004
14100,0.8396871089935303,0.2937676012516022,0.2771303355693817,0.22731204330921173,0.23962894082069397,27.083881378173828,10.653554916381836,11.821159362792969,0.0002,0,15.591392023636322,1588.5962776000088
14200,0.7743430733680725,0.3239664137363434,0.29928094148635864,0.22374489903450012,0.2377956211566925,28.989574432373047,10.978555679321289,10.955044746398926,0.0002,0,18.908448365658558,1599.1735600999964
14300,0.8494870066642761,0.2903570234775543,0.2723000943660736,0.19406385719776154,0.22824084758758545,29.316741943359375,10.136575698852539,10.01046371459961,0.0002,0,22.13831873215777,1608.207669800002
14400,0.8648627996444702,0.3113858699798584,0.2857527732849121,0.20959317684173584,0.25135713815689087,30.31810760498047,11.770853996276855,11.039190292358398,0.0002,0,14.16169666644178,1622.3302713999874
14500,0.8812984228134155,0.29379624128341675,0.2712883949279785,0.21112048625946045,0.22197549045085907,29.820941925048828,11.170968055725098,10.518119812011719,0.0002,0,22.57188606807124,1631.1908512999944
14600,0.8375733494758606,0.2964499890804291,0.27390947937965393,0.20793753862380981,0.22778739035129547,29.50299072265625,11.001667022705078,10.947685241699219,0.0002,0,14.523107760314485,1644.962008500006
14700,0.9038276672363281,0.2976492941379547,0.27638182044029236,0.20994313061237335,0.23671232163906097,29.07424545288086,10.972000122070312,11.453266143798828,0.0002,0,23.157963211328862,1653.5983465999889
14800,0.8320753574371338,0.29875966906547546,0.27411916851997375,0.19669686257839203,0.2530222535133362,30.266874313354492,11.051297187805176,10.308554649353027,0.0002,0,20.581924270765814,1663.3156109999982
14900,0.8799585700035095,0.2901743948459625,0.2746596932411194,0.2252797782421112,0.2351662516593933,29.102951049804688,11.571534156799316,10.92593765258789,0.0002,0,14.256503727900064,1677.3442959999957
15000,0.8142905831336975,0.29271525144577026,0.26501980423927307,0.20766738057136536,0.21675258874893188,29.265825271606445,10.502153396606445,9.664403915405273,0.0002,0,19.018691798504538,1687.8602664000064
15100,0.8828808665275574,0.2870253026485443,0.26749712228775024,0.18512685596942902,0.21790485084056854,28.628042221069336,10.632951736450195,10.19099235534668,0.0002,0,20.173004696972043,1697.7745058999863
15200,0.8863239884376526,0.27353841066360474,0.2596769630908966,0.2182161509990692,0.2466261386871338,27.69502830505371,12.103985786437988,11.226628303527832,0.0002,0,14.588760884261168,1711.483689399989
15300,0.9301985502243042,0.3043217360973358,0.28172919154167175,0.21310538053512573,0.21787633001804352,30.351247787475586,11.398005485534668,10.726109504699707,0.0002,0,21.695611867201197,1720.7021434000053
15400,0.9083290696144104,0.31743770837783813,0.29188355803489685,0.20305445790290833,0.22664466500282288,30.55159568786621,10.63974380493164,10.420059204101562,0.0002,0,14.098711991040236,1734.887836399983
15500,0.8891773223876953,0.2950119078159332,0.2731168568134308,0.22100694477558136,0.2282181680202484,30.395099639892578,11.797097206115723,10.02316665649414,0.0002,0,23.398187297959083,1743.4355070999882
15600,0.9197602868080139,0.29747509956359863,0.2766295373439789,0.190041646361351,0.2398151308298111,29.706525802612305,10.041359901428223,11.378479957580566,0.0002,0,22.031986787464703,1752.513217700005
15700,0.9287638664245605,0.29057011008262634,0.2675667107105255,0.19748806953430176,0.22832486033439636,29.84269905090332,10.834245681762695,10.181831359863281,0.0002,0,15.477854935233271,1765.4349049000011
15800,0.8356768488883972,0.29182669520378113,0.2698354125022888,0.21246978640556335,0.22393201291561127,29.57750701904297,11.291143417358398,10.024301528930664,0.0002,0,20.380623427969372,1775.2481474000087
15900,0.8656434416770935,0.27395492792129517,0.2556855082511902,0.20513597130775452,0.2397240847349167,28.083879470825195,10.035287857055664,11.287432670593262,0.0002,0,21.195532977864392,1784.6840978999971
16000,0.8156534433364868,0.29316624999046326,0.27657178044319153,0.20680858194828033,0.22304555773735046,29.093690872192383,10.29642105102539,9.608940124511719,0.0002,0,15.04539055158216,1797.977205800009
16100,0.9024266004562378,0.2827340364456177,0.26883429288864136,0.19910873472690582,0.23530973494052887,30.862417221069336,11.234536170959473,10.638484954833984,0.0002,0,22.503439960273635,1806.8647358999879
16200,0.8909567594528198,0.30042898654937744,0.2831754684448242,0.2047504186630249,0.21734854578971863,29.77191734313965,10.623477935791016,10.232272148132324,0.0002,0,20.53042909335112,1816.6063734999916
16300,0.9268761873245239,0.29749777913093567,0.27470844984054565,0.2136247456073761,0.21797052025794983,30.658246994018555,10.676076889038086,10.000202178955078,0.0002,0,14.635905291681777,1830.2713977000094
16400,0.9308087229728699,0.28061699867248535,0.26480671763420105,0.17673349380493164,0.22746841609477997,30.024242401123047,10.15087890625,10.639788627624512,0.0002,0,19.713349175321824,1840.416807200003
16500,0.9221220016479492,0.2772519588470459,0.2574322521686554,0.2016759216785431,0.21914131939411163,28.215944290161133,11.325947761535645,10.603419303894043,0.0002,0,14.904244032674946,1853.8358038000006
16600,0.9022659063339233,0.27795711159706116,0.26048433780670166,0.20232783257961273,0.2276744842529297,28.813661575317383,10.74344539642334,10.561924934387207,0.0002,0,20.708955990795268,1863.4934611000062
16700,0.970666229724884,0.29549944400787354,0.27746811509132385,0.1750483214855194,0.21951621770858765,31.001056671142578,10.76850700378418,10.669193267822266,0.0002,0,18.441688905759943,1874.3384547999885
16800,0.8849196434020996,0.2872560918331146,0.2697887420654297,0.22732257843017578,0.23738890886306763,29.447650909423828,11.688321113586426,11.203628540039062,0.0002,0,15.102029005925898,1887.5817083999864
16900,0.9356585741043091,0.28525277972221375,0.2591809630393982,0.20267640054225922,0.20897233486175537,29.317955017089844,11.255925178527832,9.676734924316406,0.0002,0,22.71939839028724,1896.3847584000032
17000,0.890367865562439,0.2926451861858368,0.2729685604572296,0.195533886551857,0.22592902183532715,29.61292839050293,10.646772384643555,9.118653297424316,0.0002,0,20.8960936623392,1905.9559252999898
17100,0.9021115899085999,0.27814266085624695,0.2622896432876587,0.2001282125711441,0.2562665045261383,29.26891326904297,11.610251426696777,9.593282699584961,0.0002,0,15.312097995222159,1919.0174926999898
17200,0.9329484105110168,0.3065413534641266,0.2824256718158722,0.18912364542484283,0.22669380903244019,30.95417594909668,11.424553871154785,8.961874961853027,0.0002,0,22.24887018848517,1928.0067131999822
17300,0.8610824346542358,0.2825392782688141,0.2610399127006531,0.19066649675369263,0.22116892039775848,29.706493377685547,11.004372596740723,9.51069164276123,0.0002,0,14.37102820257681,1941.9236018999945
17400,1.009360432624817,0.27530989050865173,0.2572180926799774,0.18251563608646393,0.21768178045749664,31.04155921936035,10.478156089782715,10.299572944641113,0.0002,0,20.030082178939104,1951.9085833999852
17500,0.8958838582038879,0.2755109965801239,0.25819361209869385,0.2011391818523407,0.25094401836395264,29.479928970336914,11.502516746520996,11.064009666442871,0.0002,0,20.947753453987755,1961.4561465999868
17600,0.8859597444534302,0.2783089280128479,0.26374998688697815,0.19314202666282654,0.21930404007434845,29.476512908935547,11.293741226196289,9.347638130187988,0.0002,0,15.238461889988406,1974.5808307999978
17700,0.9270559549331665,0.2783038020133972,0.2606045603752136,0.1969740092754364,0.21451574563980103,29.195980072021484,11.322125434875488,9.36233139038086,0.0002,0,22.885666505692985,1983.3199251999904
17800,0.9365288615226746,0.286323606967926,0.2704860270023346,0.1877477616071701,0.23111501336097717,31.44833755493164,10.697092056274414,10.083284378051758,0.0002,0,20.228856334058396,1993.2067916000087
17900,0.9042189717292786,0.30825963616371155,0.2829251289367676,0.19975677132606506,0.2244931310415268,31.144287109375,11.127148628234863,11.081130981445312,0.0002,0,14.568231525168347,2006.9352938999946
18000,0.8973652720451355,0.28502216935157776,0.2671978175640106,0.1844281107187271,0.23682808876037598,29.97905158996582,9.761972427368164,10.240894317626953,0.0002,0,19.099545071737356,2017.4067475000047
18100,0.8911399841308594,0.2997911870479584,0.27356451749801636,0.19387081265449524,0.23276925086975098,32.583065032958984,11.17724609375,10.295771598815918,0.0002,0,15.09007431348987,2030.6604927000008
18200,0.9409204721450806,0.2757079601287842,0.2576219439506531,0.1858537495136261,0.22366206347942352,31.203603744506836,10.553876876831055,9.528676986694336,0.0002,0,20.516206002441162,2040.4088838000025
18300,0.8676459193229675,0.2691758871078491,0.2571624517440796,0.19543275237083435,0.22879505157470703,30.280338287353516,11.005132675170898,9.517338752746582,0.0002,0,19.539011223480514,2050.6448162999877
18400,0.8865841627120972,0.28812170028686523,0.2671402394771576,0.18929558992385864,0.22400201857089996,30.58460807800293,11.004773139953613,10.643014907836914,0.0002,0,14.81498952193939,2064.144657099998
18500,0.9303960800170898,0.28112971782684326,0.26503631472587585,0.17628465592861176,0.21884246170520782,30.48020362854004,10.369013786315918,9.555144309997559,0.0002,0,21.40087518023783,2073.4900692999945
18600,0.9633568525314331,0.27636653184890747,0.2592513859272003,0.19594891369342804,0.21423588693141937,30.500873565673828,11.24005126953125,10.375744819641113,0.0002,0,20.538619124979224,2083.2278222999885
18700,0.8767333626747131,0.28737226128578186,0.2665735185146332,0.20448918640613556,0.24722939729690552,30.623456954956055,11.081578254699707,10.486417770385742,0.0002,0,14.72418971752952,2096.8109126999916
18800,0.901874840259552,0.27229779958724976,0.256572961807251,0.19008317589759827,0.22449210286140442,30.5301456451416,10.34765625,9.58237075805664,0.0002,0,21.727945974563976,2106.0156484000036
18900,0.8779837489128113,0.2810915410518646,0.26432934403419495,0.19688680768013,0.21747562289237976,31.28889274597168,10.46396255493164,10.023428916931152,0.0002,0,22.424949747930654,2114.9342860000033
19000,0.9492079019546509,0.26559382677078247,0.2494548112154007,0.1592973917722702,0.24066495895385742,30.63307762145996,9.573394775390625,10.005786895751953,0.0002,0,15.053083268100027,2128.220600600005
19100,0.9035890102386475,0.2659156620502472,0.2530783712863922,0.19195564091205597,0.22701293230056763,29.696664810180664,10.238611221313477,9.343667030334473,0.0002,0,20.591902288001283,2137.9331563999876
19200,0.9770820140838623,0.26272886991500854,0.24849574267864227,0.18149982392787933,0.2155374139547348,30.307226181030273,9.72911262512207,9.89285659790039,0.0002,0,14.474570101821774,2151.7504924999957
19300,0.8786249160766602,0.2677587568759918,0.25671008229255676,0.20907674729824066,0.2329268753528595,29.217084884643555,11.001734733581543,9.778505325317383,0.0002,0,20.17563861849945,2161.6634376999864
19400,1.0234731435775757,0.26567763090133667,0.2504713237285614,0.17517562210559845,0.223153218626976,29.43362808227539,10.750109672546387,10.098505973815918,0.0002,0,22.68005928700114,2170.4817568
19500,0.9506062269210815,0.2857972979545593,0.27162301540374756,0.16628679633140564,0.22930172085762024,30.5499267578125,10.16380500793457,10.524295806884766,0.0002,0,15.100632426587344,2183.7262351999816
19600,1.0231016874313354,0.2880324721336365,0.26692041754722595,0.19107061624526978,0.22656747698783875,31.331085205078125,11.150888442993164,10.37978458404541,0.0002,0,22.252576962458864,2192.7139582999807
19700,0.9464260935783386,0.28261610865592957,0.2648513615131378,0.18179799616336823,0.22476224601268768,31.15386962890625,9.928865432739258,9.621797561645508,0.0002,0,12.293353944845498,2208.982911500003
19800,0.8921008706092834,0.28637462854385376,0.26740762591362,0.25248268246650696,0.20659726858139038,27.55085563659668,12.207990646362305,8.942732810974121,0.0002,0,14.157343884664307,2223.1098551999894
19900,0.8848801851272583,0.2631409466266632,0.25166040658950806,0.1943565011024475,0.24410173296928406,27.160295486450195,9.22318172454834,10.543461799621582,0.0002,0,20.703346295329283,2232.7701292999845
20000,0.8975650668144226,0.26868295669555664,0.25695714354515076,0.19306689500808716,0.22213104367256165,28.791046142578125,10.07539176940918,9.857378005981445,0.0002,0,14.112670565903457,2246.941791499994
20100,0.9026475548744202,0.2662613093852997,0.2589249610900879,0.1782289296388626,0.2353295236825943,28.50663948059082,8.769551277160645,9.934123992919922,0.0002,0,19.335093774259,2257.2856772000086
20200,0.9031209945678711,0.26896175742149353,0.25592660903930664,0.20585782825946808,0.23690618574619293,28.80877685546875,10.568256378173828,9.578412055969238,0.0002,0,20.909128488531728,2266.850877399993
20300,0.797166109085083,0.2645297646522522,0.24348242580890656,0.17876563966274261,0.2253865748643875,29.041339874267578,9.95236587524414,9.44882869720459,0.0002,0,13.418669001004307,2281.755485300004
20400,0.9026018977165222,0.26305606961250305,0.25190305709838867,0.2078009396791458,0.20918893814086914,27.850608825683594,11.390097618103027,8.350637435913086,0.0002,0,21.733050141560643,2290.9580591999984
20500,0.912862241268158,0.2677110731601715,0.2600100040435791,0.18019717931747437,0.23957102000713348,28.789398193359375,9.537897109985352,9.999753952026367,0.0002,0,19.992995254202878,2300.9615627999883
20600,0.9623516798019409,0.2762600779533386,0.2564711570739746,0.1678185611963272,0.23364253342151642,29.4764404296875,10.172568321228027,10.473716735839844,0.0002,0,14.414739278478821,2314.836250099994
20700,0.9224960207939148,0.25892773270606995,0.24305522441864014,0.20595116913318634,0.21793657541275024,28.0537052154541,10.2154541015625,8.856974601745605,0.0002,0,21.90783793208914,2323.9654029000085
20800,0.8649657964706421,0.26588261127471924,0.25379207730293274,0.1826622039079666,0.22606760263442993,29.67193031311035,9.57553482055664,9.695780754089355,0.0002,0,13.972531177403319,2338.279201700003
20900,0.9364060759544373,0.26263630390167236,0.24595187604427338,0.17803193628787994,0.2191179096698761,30.8981876373291,10.310577392578125,9.360902786254883,0.0002,0,20.298551295430478,2348.132121600007
21000,0.9204619526863098,0.2944895625114441,0.2743851840496063,0.19888141751289368,0.23203471302986145,30.27210807800293,10.532519340515137,9.707355499267578,0.0002,0,19.763510231845558,2358.251781400002
21100,0.9105512499809265,0.28680431842803955,0.26909512281417847,0.19944387674331665,0.21188582479953766,31.05199432373047,11.124526977539062,9.683676719665527,0.0002,0,14.75332394419344,2371.808048499981
21200,0.8848330974578857,0.2692054808139801,0.26090526580810547,0.1834460347890854,0.2341361939907074,29.140661239624023,8.65031623840332,9.460654258728027,0.0002,0,22.11973191900358,2380.8497493999894
21300,0.9261037707328796,0.2699957489967346,0.25892969965934753,0.17695565521717072,0.23376522958278656,30.486845016479492,9.84520149230957,9.2911958694458,0.0002,0,19.640480223891476,2391.032799799985
21400,0.9040839076042175,0.2820938527584076,0.26575911045074463,0.17592157423496246,0.23747718334197998,31.44310760498047,9.86496353149414,10.325169563293457,0.0002,0,15.196954852418814,2404.1933310999884
21500,0.9807066321372986,0.26912423968315125,0.24712088704109192,0.1918625384569168,0.21825703978538513,30.279584884643555,11.051491737365723,9.330984115600586,0.0002,0,19.18707638353019,2414.6170139999886
21600,0.9361881017684937,0.2708597779273987,0.2554207444190979,0.17773404717445374,0.21174569427967072,31.1143741607666,10.388311386108398,9.15720272064209,0.0002,0,22.162896089455348,2423.641105399991
21700,0.982792854309082,0.2730560004711151,0.2577577829360962,0.16422532498836517,0.22178959846496582,30.266429901123047,9.510870933532715,10.11984634399414,0.0002,0,14.343249464738257,2437.5849470999965
21800,0.9611703157424927,0.26701074838638306,0.2575399875640869,0.18951694667339325,0.21715432405471802,32.58067321777344,11.72096061706543,8.401396751403809,0.0002,0,23.18005399005083,2446.213054699998
21900,1.000420093536377,0.25912877917289734,0.24873730540275574,0.207988440990448,0.22134894132614136,29.137088775634766,10.881906509399414,10.015750885009766,0.0002,0,14.09090371715463,2460.406608499994
22000,0.8679631352424622,0.26600050926208496,0.2487272471189499,0.19357220828533173,0.22811324894428253,28.706493377685547,9.942652702331543,9.545750617980957,0.0002,0,20.659535422030796,2470.087368299981
22100,0.9184867739677429,0.26707202196121216,0.251073956489563,0.16728831827640533,0.2135646790266037,29.645307540893555,9.16077709197998,9.529452323913574,0.0002,0,20.08802310576989,2480.043549599999
22200,0.969492495059967,0.2813692092895508,0.2614131271839142,0.17415784299373627,0.22372300922870636,31.32330322265625,10.02546215057373,10.315309524536133,0.0002,0,14.689052047531975,2493.6591321000014
22300,0.8887875080108643,0.2758314311504364,0.2584015130996704,0.18242157995700836,0.23033089935779572,29.38472557067871,10.541377067565918,8.703109741210938,0.0002,0,18.92715545430491,2504.225960299984
22400,0.8641255497932434,0.26456379890441895,0.24626217782497406,0.18985261023044586,0.22154682874679565,30.35332679748535,10.175436973571777,8.816658020019531,0.0002,0,22.92680707403182,2512.9493729999813
22500,0.911291241645813,0.2712533175945282,0.2602823078632355,0.1958618313074112,0.23040828108787537,29.478769302368164,10.56293773651123,9.331572532653809,0.0002,0,14.069846262430428,2527.164169399999
22600,0.9568042755126953,0.2669183015823364,0.2596261203289032,0.18870648741722107,0.21027357876300812,29.78765296936035,9.34947681427002,9.346576690673828,0.0002,0,20.733693465870154,2536.810304099985
22700,0.8711407780647278,0.2599616050720215,0.24032428860664368,0.188120499253273,0.2511886954307556,26.770856857299805,8.833456993103027,10.231527328491211,0.0002,0,13.841692753762334,2551.2594038999814
22800,0.8878334760665894,0.2748968005180359,0.2554807960987091,0.19217610359191895,0.22120767831802368,29.96860694885254,9.836249351501465,9.19000244140625,0.0002,0,23.420226942180186,2559.7990308000008
22900,0.9581210613250732,0.27260419726371765,0.25783103704452515,0.18769145011901855,0.22127017378807068,30.858488082885742,10.229337692260742,9.443493843078613,0.0002,0,20.164922651242613,2569.7172438999987
23000,0.8711537718772888,0.2651127874851227,0.2508356273174286,0.1729639619588852,0.22049137949943542,29.932973861694336,9.563121795654297,9.803631782531738,0.0002,0,15.156728951470551,2582.9127031999815
23100,0.9295533299446106,0.2509418725967407,0.2399175465106964,0.2031291127204895,0.23979340493679047,27.666654586791992,9.905965805053711,9.437577247619629,0.0002,0,20.722472423045748,2592.5640611999843
23200,0.9275164008140564,0.26428699493408203,0.2518341839313507,0.1702227145433426,0.21044550836086273,29.805965423583984,9.409322738647461,8.297883033752441,0.0002,0,22.86004072647349,2601.3129520000075
23300,1.0000882148742676,0.260526180267334,0.24998028576374054,0.18258772790431976,0.21148207783699036,28.450580596923828,10.695269584655762,9.019087791442871,0.0002,0,14.122777481740409,2615.474472300004
23400,0.9032936692237854,0.26457613706588745,0.2540408968925476,0.19565796852111816,0.21734009683132172,27.95977210998535,9.583715438842773,9.416864395141602,0.0002,0,21.788767378381397,2624.6535138000036
23500,0.9215825200080872,0.2806489169597626,0.26692819595336914,0.19531577825546265,0.2198275774717331,29.533100128173828,10.005194664001465,9.498944282531738,0.0002,0,14.020230800485841,2638.9186141999962
23600,0.9045892357826233,0.25800538063049316,0.2462359219789505,0.19062216579914093,0.24020932614803314,27.765254974365234,9.121892929077148,9.219687461853027,0.0002,0,21.160436877097474,2648.370214900002
23700,0.9642369151115417,0.2601547837257385,0.24495169520378113,0.18540345132350922,0.2115631252527237,28.01602554321289,9.139664649963379,9.234319686889648,0.0002,0,18.934495176693126,2658.932946999994
23800,0.9165059924125671,0.2517459988594055,0.24174201488494873,0.17588773369789124,0.2253587245941162,28.349699020385742,9.835904121398926,8.815753936767578,0.0002,0,14.672358172212606,2672.5640209999983
23900,0.9095485210418701,0.26417800784111023,0.24851520359516144,0.19396376609802246,0.21547850966453552,29.400333404541016,9.398748397827148,8.800313949584961,0.0002,0,20.69437641597219,2682.228482300008
24000,0.9044796824455261,0.26169878244400024,0.2448769360780716,0.1880866438150406,0.23841632902622223,27.231515884399414,9.344860076904297,9.827496528625488,0.0002,0,19.644994904210638,2692.4091924999957
24100,0.9615389704704285,0.2500038146972656,0.2386135458946228,0.18245051801204681,0.2180357128381729,27.69597816467285,8.993890762329102,9.353510856628418,0.0002,0,13.659826312841991,2707.050667100004
24200,0.9268856048583984,0.2619585692882538,0.2543310225009918,0.1954958736896515,0.2235691398382187,27.16693878173828,10.078693389892578,9.295863151550293,0.0002,0,20.651770709678118,2716.735066699999
24300,0.9398447871208191,0.2609596848487854,0.24783410131931305,0.18162424862384796,0.2302221953868866,27.17885971069336,8.92516803741455,8.96511173248291,0.0002,0,18.93564500445422,2727.2971573999966
24400,0.9152501225471497,0.25659090280532837,0.24061967432498932,0.179364874958992,0.21470195055007935,26.585811614990234,9.457275390625,8.669938087463379,0.0002,0,15.253411057393416,2740.4089786999975
24500,0.844763994216919,0.2607347369194031,0.24863210320472717,0.19714820384979248,0.24051666259765625,27.024023056030273,8.864638328552246,8.816535949707031,0.0002,0,20.81672397283858,2750.016638400004
24600,0.9494919180870056,0.26696351170539856,0.2533549964427948,0.17397336661815643,0.21913780272006989,30.120336532592773,8.291217803955078,10.462404251098633,0.0002,0,15.60200861196474,2762.835500699992
24700,0.9197031259536743,0.26642876863479614,0.2461058348417282,0.16655534505844116,0.21191106736660004,27.178871154785156,9.080692291259766,9.11816120147705,0.0002,0,20.17473194109677,2772.7488913999987
24800,0.9761059880256653,0.255498468875885,0.23992198705673218,0.18018819391727448,0.23642855882644653,31.585004806518555,9.398421287536621,8.490382194519043,0.0002,0,22.726653167689012,2781.5491313000093
24900,0.9410223960876465,0.24774391949176788,0.23575374484062195,0.18902304768562317,0.21546901762485504,27.41039276123047,9.809530258178711,8.613215446472168,0.0002,0,14.836581178433661,2795.0293257999874
25000,0.9260654449462891,0.2535236179828644,0.2450781911611557,0.1964392364025116,0.22725766897201538,27.06654167175293,9.54791259765625,9.480064392089844,0.0002,0,23.378025845660364,2803.5843680999824
25100,0.9228758811950684,0.25224757194519043,0.23878616094589233,0.18437053263187408,0.23106186091899872,27.90892791748047,9.629633903503418,9.104381561279297,0.0002,0,20.003281138155895,2813.582727800007
25200,0.9279083013534546,0.2677459418773651,0.2522760331630707,0.17613431811332703,0.2179354578256607,28.350135803222656,8.62697696685791,10.589766502380371,0.0002,0,14.604329750039344,2827.277296699991
25300,0.9262616634368896,0.2576984763145447,0.2442103773355484,0.17841190099716187,0.22992566227912903,28.51082420349121,9.130666732788086,9.22567081451416,0.0002,0,17.562844313537433,2838.6649737999833
25400,0.950831949710846,0.2699936330318451,0.2514341473579407,0.17514343559741974,0.21721330285072327,28.63585090637207,9.900677680969238,8.358993530273438,0.0002,0,14.832538489716521,2852.148842399998
25500,0.8868591785430908,0.2545691728591919,0.2348049283027649,0.1942974478006363,0.22137434780597687,26.39898109436035,10.407401084899902,7.692083358764648,0.0002,0,19.861634519000468,2862.218507099984
25600,0.8795436024665833,0.2583172619342804,0.24539043009281158,0.17279522120952606,0.2297016829252243,27.25112533569336,8.937915802001953,9.620892524719238,0.0002,0,20.976249987024595,2871.7530998
25700,0.852627694606781,0.26620012521743774,0.24820248782634735,0.19538457691669464,0.21690480411052704,27.775033950805664,9.650274276733398,9.780452728271484,0.0002,0,14.451677243961285,2885.5923238999967
25800,0.9532741904258728,0.26000961661338806,0.250060498714447,0.192202627658844,0.2149869054555893,28.249427795410156,9.696128845214844,9.077967643737793,0.0002,0,22.440777190071746,2894.504671200004
25900,0.9170033931732178,0.24577994644641876,0.23364143073558807,0.17902663350105286,0.2202831655740738,26.7200870513916,8.819904327392578,9.298287391662598,0.0002,0,20.200553927480822,2904.4053897999984
26000,0.8966158628463745,0.2560572326183319,0.24226495623588562,0.18981771171092987,0.21272236108779907,28.271949768066406,8.978842735290527,9.063777923583984,0.0002,0,15.12664797361595,2917.627089699992
26100,0.8894066214561462,0.25188547372817993,0.23562929034233093,0.17959317564964294,0.23676881194114685,27.69251251220703,9.486950874328613,9.35695743560791,0.0002,0,21.05047401616873,2927.128063399985
26200,0.8697229027748108,0.25375622510910034,0.24309144914150238,0.18876828253269196,0.22590631246566772,27.09563446044922,8.93455982208252,9.704629898071289,0.0002,0,9.674843458977666,2947.8002324999834
26300,0.9410051703453064,0.23957233130931854,0.23341374099254608,0.18358315527439117,0.22110095620155334,26.62591552734375,9.674772262573242,8.952996253967285,0.0002,0,20.081041662253647,2957.7598751999903
26400,0.943078339099884,0.26406973600387573,0.2512966990470886,0.17201852798461914,0.21525952219963074,27.791717529296875,8.6021089553833,9.766303062438965,0.0002,0,21.689308913411327,2966.9810081000032
26500,0.94794100522995,0.24637490510940552,0.24068127572536469,0.17753145098686218,0.2178691178560257,27.406084060668945,8.916090965270996,8.714905738830566,0.0002,0,14.348058650290293,2980.920176099986
26600,0.9853688478469849,0.26215246319770813,0.24497860670089722,0.18313464522361755,0.22569935023784637,29.719100952148438,9.919306755065918,9.709693908691406,0.0002,0,20.13999512003798,2990.850665100006
26700,0.9145947694778442,0.2474336177110672,0.23485609889030457,0.1763339638710022,0.21722114086151123,26.230472564697266,9.022736549377441,8.914480209350586,0.0002,0,21.327973471452864,3000.228021099989
26800,0.9814623594284058,0.24716956913471222,0.2389649748802185,0.16918930411338806,0.2289191037416458,27.82090950012207,9.69980525970459,8.383174896240234,0.0002,0,15.028778758711733,3013.5358223000076
26900,0.9544310569763184,0.256212055683136,0.24002835154533386,0.19586047530174255,0.2125997096300125,27.646793365478516,9.772395133972168,8.263063430786133,0.0002,0,20.729487454431627,3023.1839141999953
27000,0.9141147136688232,0.24017660319805145,0.23033666610717773,0.19033530354499817,0.22200144827365875,25.36153793334961,8.641522407531738,8.867288589477539,0.0002,0,19.75476162351816,3033.308055600006
27100,0.9026133418083191,0.25686076283454895,0.24099624156951904,0.1939975470304489,0.24223601818084717,27.54081916809082,9.432967185974121,8.619873046875,0.0002,0,13.991435031114174,3047.602515000006
27200,0.8924406170845032,0.28043240308761597,0.26021575927734375,0.1849881261587143,0.21447686851024628,29.860595703125,9.514720916748047,9.303719520568848,0.0002,0,22.108831430224843,3056.648673799995
27300,1.007385015487671,0.24837061762809753,0.23451758921146393,0.18385253846645355,0.19792845845222473,26.342443466186523,9.388448715209961,7.608362197875977,0.0002,0,14.865535802751362,3070.102611999988
27400,0.9507507085800171,0.2516961097717285,0.23843340575695038,0.17344726622104645,0.21684888005256653,26.358983993530273,8.464272499084473,9.471352577209473,0.0002,0,20.871504706460673,3079.6850548000075
27500,0.9039168357849121,0.24321696162223816,0.23576928675174713,0.18098773062229156,0.22913609445095062,26.195045471191406,8.36293888092041,10.110220909118652,0.0002,0,20.232355042019893,3089.5702114999876
27600,0.9687070250511169,0.2313205599784851,0.22022035717964172,0.16789662837982178,0.2230456918478012,25.765153884887695,8.723407745361328,9.900715827941895,0.0002,0,14.415992329172873,3103.443692800007
27700,0.9466487169265747,0.259184867143631,0.2519821226596832,0.19348444044589996,0.2225816547870636,27.70052719116211,8.933874130249023,8.933475494384766,0.0002,0,21.40145456272077,3112.788851999998
27800,0.942737877368927,0.25077322125434875,0.2374468594789505,0.17059850692749023,0.21736645698547363,26.525848388671875,8.740415573120117,8.66702651977539,0.0002,0,20.19166514109441,3122.6939291000017
27900,0.904969334602356,0.24838675558567047,0.23597030341625214,0.19528384506702423,0.2346617430448532,26.31127166748047,9.551267623901367,9.508025169372559,0.0002,0,15.41149148462856,3135.6712583999906
28000,0.9339900612831116,0.26611262559890747,0.2496705800294876,0.17112930119037628,0.22747252881526947,28.83401870727539,8.147849082946777,8.964614868164062,0.0002,0,22.579149656769445,3144.5289879000047
28100,0.910426676273346,0.24630782008171082,0.23310112953186035,0.17281529307365417,0.21484524011611938,26.80154800415039,7.930342674255371,8.173250198364258,0.0002,0,14.891627594903504,3157.959353299986
28200,0.988767147064209,0.25293081998825073,0.24163766205310822,0.16506211459636688,0.20385755598545074,26.802724838256836,8.893802642822266,9.271124839782715,0.0002,0,22.00692166096919,3167.047403100005
28300,0.9371834993362427,0.25896331667900085,0.24592816829681396,0.17951135337352753,0.22262553870677948,28.636085510253906,8.936474800109863,8.95469856262207,0.0002,0,22.976214792681752,3175.752057100006
28400,1.0324410200119019,0.25342991948127747,0.24379566311836243,0.16138452291488647,0.21655799448490143,32.32462692260742,8.672536849975586,8.59007453918457,0.0002,0,14.326617597638478,3189.7120862999873
28500,0.9730320572853088,0.24823588132858276,0.23732267320156097,0.19733309745788574,0.19989682734012604,27.758424758911133,9.337933540344238,9.02342414855957,0.0002,0,20.541829790156772,3199.4483173000044
28600,0.9644303917884827,0.2474108785390854,0.2357652187347412,0.18587923049926758,0.21322789788246155,28.27418327331543,9.880159378051758,8.170554161071777,0.0002,0,18.891690988496503,3210.0349820999836
28700,0.9799692034721375,0.24290400743484497,0.23000308871269226,0.1688191443681717,0.19581007957458496,26.30827522277832,9.66018295288086,9.668569564819336,0.0002,0,14.333527555002613,3223.988281400001
28800,0.9544968008995056,0.24576595425605774,0.23903249204158783,0.21150222420692444,0.23195423185825348,25.884328842163086,9.527115821838379,9.81579303741455,0.0002,0,20.826101469637372,3233.591614999983
28900,0.9882470965385437,0.27516719698905945,0.2521788775920868,0.16701072454452515,0.21466496586799622,28.82501220703125,7.773806571960449,9.619903564453125,0.0002,0,14.460510770834228,3247.4223850999842
29000,0.9722687602043152,0.2472328096628189,0.23756565153598785,0.17040088772773743,0.20952527225017548,26.48888397216797,9.366168975830078,8.650717735290527,0.0002,0,20.722912159314806,3257.073538299999
29100,0.948004961013794,0.2520023286342621,0.2373981475830078,0.18092022836208344,0.207282155752182,27.10609245300293,8.500566482543945,9.183698654174805,0.0002,0,21.170303703693573,3266.52073389999
29200,0.9028315544128418,0.2356286346912384,0.22390596568584442,0.17300990223884583,0.23232711851596832,26.019968032836914,7.572762489318848,9.326030731201172,0.0002,0,14.548075844217156,3280.2682563999842
29300,0.974829375743866,0.254269540309906,0.23849116265773773,0.17161059379577637,0.21188987791538239,26.78544044494629,8.825368881225586,8.505742073059082,0.0002,0,20.096429703468754,3290.2202728999837
29400,0.9259610772132874,0.2529297471046448,0.24338845908641815,0.16709953546524048,0.20280644297599792,27.109846115112305,9.079244613647461,7.979730606079102,0.0002,0,20.602748021271367,3299.927715800004
29500,0.947062611579895,0.2373059093952179,0.2247287482023239,0.1887149065732956,0.19894319772720337,26.642066955566406,9.289868354797363,8.480711936950684,0.0002,0,14.629255067876906,3313.5989518999995
29600,0.9321181178092957,0.2647581398487091,0.2600615322589874,0.20196941494941711,0.22891688346862793,27.25062370300293,9.766292572021484,10.375167846679688,0.0002,0,19.77292965318131,3323.7137908999866
29700,0.896565854549408,0.24903011322021484,0.23491637408733368,0.17391268908977509,0.22415068745613098,26.80589485168457,8.590396881103516,9.38713264465332,0.0002,0,21.075902925364957,3333.2033013000037
29800,0.8856191039085388,0.2351701557636261,0.22604840993881226,0.19365443289279938,0.22056274116039276,25.121540069580078,9.132539749145508,7.63947868347168,0.0002,0,14.690407412980003,3346.8176275999867
29900,0.8627377152442932,0.23023854196071625,0.22305436432361603,0.19214649498462677,0.21747013926506042,25.131677627563477,9.073036193847656,8.654324531555176,0.0002,0,21.61197403638928,3356.0717567999964
30000,0.9744309186935425,0.2504648268222809,0.24229101836681366,0.17444869875907898,0.2285941243171692,27.491071701049805,8.154769897460938,9.026041984558105,0.0002,0,14.895030179352519,3369.499054199987
30100,0.9535701274871826,0.23988185822963715,0.22638504207134247,0.18541820347309113,0.2071259617805481,27.5406494140625,8.452762603759766,9.106528282165527,0.00019933333333333334,0,19.75154394610125,3379.624844899983
30200,0.918635368347168,0.26185551285743713,0.2482227087020874,0.16321803629398346,0.2167571634054184,27.294384002685547,7.317095756530762,8.92265510559082,0.00019866666666666668,0,21.54985153014695,3388.9056512999814
30300,0.9162222146987915,0.2506828308105469,0.2317594736814499,0.1827356517314911,0.2099817991256714,26.030338287353516,8.884725570678711,8.277405738830566,0.00019800000000000002,0,15.528721321188074,3401.785011800006
30400,0.9209463000297546,0.24641098082065582,0.24122217297554016,0.17306220531463623,0.21682067215442657,25.531217575073242,8.833221435546875,8.96825885772705,0.00019733333333333335,0,21.36161154988051,3411.1476013000065
30500,1.0122746229171753,0.24042090773582458,0.23562322556972504,0.1690385788679123,0.22912299633026123,27.464155197143555,8.668144226074219,9.171822547912598,0.00019666666666666666,0,21.179307693550825,3420.590780600003
30600,0.9265215992927551,0.24394044280052185,0.23673006892204285,0.15725676715373993,0.2043333351612091,24.88914680480957,8.14156436920166,7.317559719085693,0.000196,0,15.253274134365476,3433.702719599998
30700,0.9593823552131653,0.24515686929225922,0.22872591018676758,0.20041760802268982,0.2127290666103363,27.475605010986328,9.373392105102539,8.351080894470215,0.00019533333333333336,0,23.093556744086122,3442.363143900002
30800,1.007873773574829,0.250686377286911,0.23688343167304993,0.16156479716300964,0.23335933685302734,28.25445556640625,8.157242774963379,9.63716983795166,0.0001946666666666667,0,14.968238035041074,3455.7247700000007
30900,0.867481529712677,0.2425805926322937,0.22659076750278473,0.17042899131774902,0.20795904099941254,26.13469123840332,7.6036505699157715,7.873331069946289,0.000194,0,20.028807233156947,3465.7103871
31000,0.9893655776977539,0.2563035786151886,0.23924429714679718,0.16713663935661316,0.19835264980793,27.971940994262695,8.543883323669434,8.369922637939453,0.00019333333333333333,0,20.733100240088927,3475.356797799992
31100,0.928716778755188,0.2470550686120987,0.23749320209026337,0.18209998309612274,0.2216719388961792,27.28728675842285,8.729256629943848,9.297367095947266,0.0001926666666666667,0,14.640007807816946,3489.0179926999845
31200,0.9194121360778809,0.24476739764213562,0.23093463480472565,0.19601061940193176,0.21426984667778015,25.956600189208984,8.484373092651367,9.019218444824219,0.000192,0,19.76879133329972,3499.1349491
31300,0.929229736328125,0.25151941180229187,0.238765686750412,0.17941299080848694,0.22796539962291718,27.389455795288086,8.6448974609375,8.578739166259766,0.00019133333333333334,0,20.499019101470175,3508.8915134999843
31400,0.9734841585159302,0.24332287907600403,0.23778118193149567,0.1792701929807663,0.2221190333366394,25.449121475219727,9.304534912109375,8.537378311157227,0.00019066666666666668,0,15.392813360179042,3521.8845899000007
31500,0.8630987405776978,0.2467256635427475,0.2436426281929016,0.18014498054981232,0.22002823650836945,25.121295928955078,8.954564094543457,7.818259239196777,0.00019,0,21.621096170561877,3531.1348146999953
31600,0.8907162547111511,0.2424105554819107,0.23509402573108673,0.18648184835910797,0.2159191071987152,26.02266502380371,8.87923812866211,8.403949737548828,0.00018933333333333335,0,14.656322214899848,3544.7808029000007
31700,0.9444199204444885,0.22843500971794128,0.22049124538898468,0.1734471470117569,0.20817528665065765,25.123111724853516,8.44012451171875,9.099052429199219,0.00018866666666666668,0,20.350706782616616,3554.608471399988
31800,0.971735417842865,0.23429282009601593,0.2298337072134018,0.17705348134040833,0.21048566699028015,25.275680541992188,8.9132661819458,8.052206039428711,0.000188,0,20.554345772410358,3564.338773800002
31900,0.9404725432395935,0.24808181822299957,0.23765990138053894,0.17015458643436432,0.21491125226020813,26.283681869506836,8.306880950927734,8.390275955200195,0.00018733333333333335,0,14.326672502751267,3578.2987494999834
32000,0.9081446528434753,0.2396860271692276,0.22511570155620575,0.18825401365756989,0.22416096925735474,24.9088077545166,8.053313255310059,8.151077270507812,0.0001866666666666667,0,19.99854230621035,3588.299478400004
32100,0.9098067879676819,0.2467793971300125,0.23404555022716522,0.19411081075668335,0.20375581085681915,25.98111915588379,9.557963371276855,8.213587760925293,0.000186,0,20.385867159195556,3598.1101966999995
32200,0.8471127152442932,0.2376173734664917,0.22699883580207825,0.1638745665550232,0.2103949934244156,25.40776252746582,7.164553165435791,8.150476455688477,0.00018533333333333333,0,15.089834766010446,3611.364152299997
32300,0.9286859035491943,0.23795168101787567,0.23145559430122375,0.19376850128173828,0.21866418421268463,25.856218338012695,8.967693328857422,8.836581230163574,0.00018466666666666666,0,22.96045915041838,3620.0747794999916
32400,0.8967911601066589,0.24050873517990112,0.23339614272117615,0.16875572502613068,0.21488717198371887,27.286212921142578,7.5406951904296875,8.018270492553711,0.00018400000000000003,0,21.27321918690183,3629.476271499996
32500,0.8704729080200195,0.23444509506225586,0.21759897470474243,0.18289874494075775,0.2279333621263504,26.429697036743164,8.60959243774414,8.091606140136719,0.00018333333333333334,0,14.856779273537319,3642.9381394000084
32600,0.8846572637557983,0.24067597091197968,0.23400914669036865,0.19548678398132324,0.218426913022995,26.79653549194336,8.737703323364258,7.344661235809326,0.00018266666666666667,0,20.689540595205994,3652.604859599989
32700,0.9258238673210144,0.23676137626171112,0.22986672818660736,0.17074674367904663,0.2151620090007782,26.191015243530273,7.4608964920043945,8.664169311523438,0.000182,0,9.585695963747952,3673.469280999998
32800,0.9475855827331543,0.23362800478935242,0.22265975177288055,0.17436423897743225,0.2151174694299698,26.70586585998535,8.557013511657715,7.95311975479126,0.00018133333333333334,0,20.89100381985947,3683.0427797999873
32900,0.8890559673309326,0.23981817066669464,0.23320794105529785,0.1749960482120514,0.21436405181884766,25.18264389038086,8.582263946533203,7.595067977905273,0.00018066666666666668,0,20.750026515940487,3692.681321699987
33000,0.9179505109786987,0.24262265861034393,0.24149884283542633,0.2061389684677124,0.20571190118789673,26.13842010498047,9.110116958618164,8.666388511657715,0.00018,0,14.495155092239541,3706.4790353999997
33100,0.9837930798530579,0.2318248450756073,0.2227652370929718,0.1640106737613678,0.23248115181922913,25.080835342407227,7.689755916595459,9.644737243652344,0.00017933333333333335,0,21.89611630664313,3715.6130753000034
33200,0.9225379228591919,0.23994316160678864,0.2342047244310379,0.18062305450439453,0.20223931968212128,26.430837631225586,8.320456504821777,8.396489143371582,0.00017866666666666668,0,21.995812239334388,3724.7057151999907
33300,0.8876218199729919,0.2452305108308792,0.2389535903930664,0.1809060275554657,0.23219449818134308,28.27146339416504,8.20741081237793,8.764532089233398,0.00017800000000000002,0,15.410273608716215,3737.684070099989
33400,0.8986443877220154,0.2389220893383026,0.23187340795993805,0.19014966487884521,0.21766045689582825,25.076637268066406,8.438284873962402,7.879262447357178,0.00017733333333333335,0,22.383179416671876,3746.6193512000027
33500,0.949162483215332,0.22252580523490906,0.20931832492351532,0.15780745446681976,0.18854974210262299,24.655996322631836,7.734818458557129,7.832535266876221,0.00017666666666666666,0,15.669453873390305,3759.383037899999
33600,0.9498620629310608,0.23228013515472412,0.22593443095684052,0.18513795733451843,0.2018882930278778,26.797224044799805,8.06044864654541,8.339620590209961,0.00017600000000000002,0,22.343425124861074,3768.334216999996
33700,0.9888303875923157,0.23356439173221588,0.23235192894935608,0.17218129336833954,0.21219873428344727,25.702213287353516,8.296392440795898,8.142830848693848,0.00017533333333333336,0,22.77846603544332,3777.114439500001
33800,0.9583837389945984,0.2278970330953598,0.22183595597743988,0.18138796091079712,0.22429458796977997,26.315441131591797,8.62038516998291,8.961647987365723,0.00017466666666666667,0,14.38885503752856,3791.014086099982
33900,0.9223929643630981,0.2368433177471161,0.22240640223026276,0.16457363963127136,0.21042677760124207,28.444061279296875,7.812253475189209,7.82824182510376,0.000174,0,21.813453137455507,3800.1827398999885
34000,0.924731433391571,0.21754197776317596,0.2172030806541443,0.19433161616325378,0.21720363199710846,24.162015914916992,8.767251014709473,7.70989990234375,0.00017333333333333334,0,19.957827314649506,3810.2038708000036
34100,0.90193110704422,0.22946956753730774,0.22358828783035278,0.1806846261024475,0.21527858078479767,25.121967315673828,7.748888969421387,8.744471549987793,0.00017266666666666667,0,15.022959589162934,3823.5168267999834
34200,0.9623302817344666,0.22804753482341766,0.21980321407318115,0.17650069296360016,0.2037607878446579,25.688316345214844,8.284605979919434,7.530070781707764,0.000172,0,21.359112586074122,3832.880511700001
34300,0.9564238786697388,0.23221755027770996,0.22545523941516876,0.16997277736663818,0.19714167714118958,26.59286117553711,7.695615291595459,7.796844482421875,0.00017133333333333334,0,15.40590278708279,3845.862548699981
34400,0.9015063047409058,0.23147828876972198,0.2268356829881668,0.16857217252254486,0.2223883718252182,25.33380126953125,8.478653907775879,7.5436859130859375,0.00017066666666666668,0,20.204912361745812,3855.761131599982
34500,0.9346740245819092,0.23586717247962952,0.23077550530433655,0.18698589503765106,0.1881028562784195,25.16893196105957,8.04844856262207,7.235220909118652,0.00017,0,19.899330876996103,3865.811720800004
34600,0.9469653367996216,0.21796342730522156,0.21203568577766418,0.17960861325263977,0.21262536942958832,25.42829704284668,8.243658065795898,7.75378942489624,0.00016933333333333335,0,14.903971476179256,3879.2309628000075
34700,0.9797578454017639,0.23338164389133453,0.2303134649991989,0.17227917909622192,0.20793473720550537,25.39506721496582,8.368206977844238,8.01848030090332,0.00016866666666666666,0,21.685421538414996,3888.4537487000052
34800,0.877543032169342,0.24071216583251953,0.2294357568025589,0.19169241189956665,0.22403275966644287,25.77548599243164,8.570561408996582,8.452778816223145,0.000168,0,20.425049988025442,3898.245646399999
34900,0.9711236953735352,0.22286640107631683,0.21810279786586761,0.1759173572063446,0.20154723525047302,24.97804832458496,8.10851001739502,8.89156436920166,0.00016733333333333335,0,14.805424666137844,3911.754208600003
35000,0.8665344715118408,0.22961769998073578,0.22057856619358063,0.17601948976516724,0.23177824914455414,26.06104850769043,7.828367233276367,7.905447006225586,0.0001666666666666667,0,21.066672183361355,3921.247876999987
35100,0.9286822080612183,0.23279602825641632,0.2218448370695114,0.1744586080312729,0.22335675358772278,27.01445960998535,8.397408485412598,7.960072994232178,0.000166,0,20.74605920046269,3930.888262099994
35200,0.9260760545730591,0.22046078741550446,0.2205197662115097,0.1602952778339386,0.22339527308940887,25.603500366210938,7.431548118591309,9.268568992614746,0.00016533333333333333,0,13.709247949530214,3945.4769543999864
35300,0.9066089391708374,0.2281627655029297,0.2119990438222885,0.1761738359928131,0.21699434518814087,25.887441635131836,7.992366790771484,7.390268325805664,0.00016466666666666667,0,21.457007404230477,3954.797918700002
35400,0.9064738154411316,0.22193078696727753,0.22027280926704407,0.18767108023166656,0.20877008140087128,24.53900146484375,8.707283973693848,8.062862396240234,0.00016400000000000003,0,14.552510660996665,3968.541251699993
35500,0.8839588165283203,0.22790946066379547,0.2246694564819336,0.1668355017900467,0.2202177196741104,25.501300811767578,7.666848182678223,7.906428813934326,0.00016333333333333334,0,20.39840075723905,3978.3459418999846
35600,0.927897036075592,0.22775794565677643,0.2229030728340149,0.1746872067451477,0.2078912854194641,25.426761627197266,8.08533000946045,7.6891632080078125,0.00016266666666666667,0,19.86152544460122,3988.415661899984
35700,0.9131399393081665,0.22322654724121094,0.21964403986930847,0.17042361199855804,0.22803731262683868,25.757137298583984,7.6394219398498535,7.439796447753906,0.000162,0,14.758722921776265,4001.966969900008
35800,0.9399191737174988,0.22969849407672882,0.22228719294071198,0.17475517094135284,0.20239213109016418,25.398332595825195,8.047164916992188,8.594715118408203,0.00016133333333333334,0,19.037955381496623,4012.4722996999917
35900,0.9110803008079529,0.21326188743114471,0.20898883044719696,0.19876350462436676,0.22513702511787415,24.58523178100586,8.17300796508789,7.0566534996032715,0.00016066666666666668,0,23.172774048217896,4021.1031178999983
36000,0.8942704796791077,0.24174386262893677,0.23137851059436798,0.18163993954658508,0.22617892920970917,26.19999885559082,7.500582218170166,7.312777996063232,0.00016,0,14.498345782241737,4034.897795099998
36100,0.9525641202926636,0.2156956046819687,0.20727743208408356,0.16769228875637054,0.19083911180496216,25.72189712524414,7.657871723175049,6.776360511779785,0.00015933333333333332,0,22.74756484760993,4043.689944999991
36200,0.9175148010253906,0.23610901832580566,0.22837360203266144,0.1766321212053299,0.2186742126941681,25.835758209228516,8.533672332763672,8.330753326416016,0.00015866666666666668,0,15.960680034786357,4056.220739399985
36300,0.8923242092132568,0.21674352884292603,0.21147166192531586,0.1886487603187561,0.2108970433473587,24.958513259887695,7.279075622558594,7.454102993011475,0.00015800000000000002,0,22.329467927468578,4065.177513500006
36400,0.8945330381393433,0.2246200442314148,0.22155389189720154,0.1929032802581787,0.22735822200775146,25.690570831298828,7.6675944328308105,7.765836715698242,0.00015733333333333333,0,19.963822359719646,4075.1956350999826
36500,0.8444086909294128,0.22395269572734833,0.2205745130777359,0.18549533188343048,0.2064645141363144,23.470705032348633,7.560177326202393,7.454250812530518,0.00015666666666666666,0,13.979639270488152,4089.5021559000015
36600,0.9679161906242371,0.21664197742938995,0.21069957315921783,0.1508319228887558,0.21529558300971985,24.93349838256836,6.9370880126953125,8.039128303527832,0.00015600000000000002,0,22.38882568337531,4098.435183599999
36700,0.9237115979194641,0.23610295355319977,0.22556880116462708,0.18393777310848236,0.20849481225013733,26.73902130126953,8.775862693786621,7.536830902099609,0.00015533333333333333,0,22.09531996156106,4107.486874199996
36800,0.9253358840942383,0.21925562620162964,0.21312686800956726,0.16867539286613464,0.20644618570804596,25.006105422973633,7.1617350578308105,6.658607006072998,0.00015466666666666667,0,13.826371031936494,4121.9519857999985
36900,0.9056159853935242,0.21943385899066925,0.2100113183259964,0.1585058718919754,0.20022203028202057,25.074724197387695,7.408613681793213,7.497949123382568,0.000154,0,21.528271776870685,4131.242095199996
37000,0.8836038708686829,0.2152138650417328,0.21316289901733398,0.16124176979064941,0.20850399136543274,24.88852310180664,7.646173477172852,7.274756908416748,0.00015333333333333334,0,14.426267763812078,4145.105694800004
37100,0.9611970782279968,0.2184617966413498,0.21951526403427124,0.18480184674263,0.21231883764266968,24.04484748840332,8.691590309143066,7.932632923126221,0.00015266666666666667,0,19.852967335693233,4155.179755599995
37200,0.8929301500320435,0.21010862290859222,0.20519815385341644,0.17261716723442078,0.2098412811756134,23.506410598754883,8.133634567260742,7.538539886474609,0.000152,0,20.237492437894705,4165.062402899988
37300,0.9408494830131531,0.21020804345607758,0.20590826869010925,0.1671321839094162,0.2098156362771988,24.173255920410156,8.312713623046875,7.063815593719482,0.00015133333333333332,0,15.067861693731563,4178.335686400009
37400,0.9611383080482483,0.23118789494037628,0.2246921807527542,0.15906262397766113,0.20106229186058044,25.320810317993164,7.415596961975098,7.359709739685059,0.00015066666666666668,0,21.985685076520664,4187.43251459999
37500,0.9162452220916748,0.21653273701667786,0.21459971368312836,0.18141654133796692,0.21767163276672363,24.49530029296875,8.25210952758789,7.848782062530518,0.00015000000000000001,0,21.12213139543062,4196.901255999983
37600,0.9165027141571045,0.21495187282562256,0.21278640627861023,0.16539716720581055,0.19047731161117554,25.01308822631836,7.835419178009033,6.927669525146484,0.00014933333333333332,0,14.518225323493654,4210.677044399985
37700,0.946864664554596,0.21796509623527527,0.2143225073814392,0.18684561550617218,0.21929851174354553,24.201881408691406,7.910172462463379,7.6698222160339355,0.00014866666666666668,0,21.10537903086083,4220.1533015999885
37800,0.8745110630989075,0.22507275640964508,0.21996146440505981,0.1813608855009079,0.20770438015460968,25.348310470581055,7.7483978271484375,7.623335838317871,0.000148,0,19.09512243836085,4230.627180499985
37900,0.899480402469635,0.22633473575115204,0.2244102954864502,0.18999604880809784,0.20380368828773499,24.252174377441406,8.041483879089355,7.197607040405273,0.00014733333333333335,0,15.788142203672452,4243.294915400009
38000,0.906259298324585,0.2156120091676712,0.21147391200065613,0.16004763543605804,0.22782230377197266,23.015214920043945,7.1520538330078125,7.873847007751465,0.0001466666666666667,0,20.482724982460525,4253.059241199982
38100,0.8282484412193298,0.2272181510925293,0.2242380678653717,0.1882098913192749,0.20741695165634155,24.63933563232422,8.13563060760498,7.182726860046387,0.000146,0,13.973190212834313,4267.372364899988
38200,0.9064993262290955,0.21722838282585144,0.2131178379058838,0.16822299361228943,0.22215598821640015,25.146047592163086,7.4000115394592285,8.220677375793457,0.00014533333333333333,0,20.50229011604483,4277.127372699993
38300,0.9224243760108948,0.22464489936828613,0.21605220437049866,0.18090540170669556,0.21625526249408722,25.78137969970703,8.667272567749023,7.458418846130371,0.0001446666666666667,0,21.879156561101045,4286.26849290001
38400,0.9139687418937683,0.21346916258335114,0.21097907423973083,0.18175140023231506,0.20514506101608276,23.68070411682129,8.06692123413086,7.175655841827393,0.000144,0,14.960774121949893,4299.636785099981
38500,0.9065619707107544,0.21188126504421234,0.20931614935398102,0.18751521408557892,0.22279590368270874,24.253402709960938,8.133759498596191,7.697174072265625,0.00014333333333333334,0,21.30715700796563,4309.023302499991
38600,0.9350842237472534,0.21056470274925232,0.2043001502752304,0.1736830323934555,0.1893455684185028,25.01155662536621,8.173052787780762,7.231250286102295,0.00014266666666666667,0,18.990415935878563,4319.554930699989
38700,0.8971304893493652,0.22132521867752075,0.22074516117572784,0.15814736485481262,0.20459233224391937,25.028871536254883,7.421346187591553,7.635063171386719,0.000142,0,15.265024019811191,4332.656777099997
38800,0.8601157069206238,0.2077997773885727,0.2035393863916397,0.17251504957675934,0.21716107428073883,23.980045318603516,7.350527763366699,7.824230194091797,0.00014133333333333334,0,19.22303048229465,4343.060963900003
38900,0.8875131607055664,0.21196348965168,0.20855869352817535,0.16477073729038239,0.21121647953987122,25.10311508178711,7.284202575683594,5.6504058837890625,0.00014066666666666668,0,15.415206149767739,4356.035165999987
39000,0.8778775334358215,0.22141841053962708,0.21764527261257172,0.17572002112865448,0.20980337262153625,26.068450927734375,8.244767189025879,7.496852874755859,0.00014,0,19.543566836762277,4366.268712499994
39100,0.902552604675293,0.2090960443019867,0.1959715038537979,0.20768623054027557,0.2173071950674057,23.606775283813477,9.110712051391602,7.7328691482543945,0.00013933333333333335,0,22.830008283417936,4375.0291122999915
39200,0.9532477855682373,0.20820891857147217,0.20541846752166748,0.1721487194299698,0.2020092010498047,22.90047264099121,7.1801958084106445,6.80748987197876,0.00013866666666666669,0,14.836756399276107,4388.509147600009
39300,0.9269259572029114,0.2080831229686737,0.2050779163837433,0.1731555163860321,0.2118390053510666,24.488916397094727,7.345022201538086,6.543727397918701,0.000138,0,11.28263887611146,4406.235497099988
39400,0.9199406504631042,0.2111050933599472,0.21099206805229187,0.15240134298801422,0.21269641816616058,25.42932891845703,8.016959190368652,7.276422023773193,0.00013733333333333333,0,18.767204130615262,4416.892385499988
39500,0.8991724848747253,0.21638447046279907,0.20993532240390778,0.17585648596286774,0.20575307309627533,24.860118865966797,7.410023212432861,6.65641450881958,0.00013666666666666666,0,15.230784113576352,4430.023685799999
39600,0.9712271690368652,0.22261527180671692,0.21976688504219055,0.16488954424858093,0.20382758975028992,27.179000854492188,8.074718475341797,6.858226299285889,0.000136,0,19.18885486746267,4440.446402600006
39700,0.948279857635498,0.20294009149074554,0.1981770545244217,0.17704139649868011,0.21185141801834106,25.276514053344727,7.899223327636719,7.205255031585693,0.00013533333333333336,0,14.984555867801006,4453.793478200008
39800,0.9058176279067993,0.21365751326084137,0.2077130824327469,0.1732158362865448,0.21018245816230774,25.528827667236328,7.7100138664245605,7.604532718658447,0.00013466666666666667,0,20.65011859778914,4463.478652599995
39900,0.9721620082855225,0.20871727168560028,0.2071109116077423,0.15966291725635529,0.20534121990203857,24.973636627197266,8.334633827209473,7.457587242126465,0.000134,0,21.883776009680933,4472.617843199987
40000,0.9675586223602295,0.21890276670455933,0.21571263670921326,0.160008043050766,0.20180274546146393,28.504135131835938,7.584721565246582,7.358771324157715,0.00013333333333333337,0,13.93111535720206,4486.974195499992
40100,0.9448501467704773,0.20472045242786407,0.20937374234199524,0.15944616496562958,0.21212054789066315,26.23161506652832,7.4448089599609375,8.1014986038208,0.00013266666666666667,0,17.525523800431685,4498.386122600001
40200,0.89344722032547,0.20306779444217682,0.20151489973068237,0.19554175436496735,0.20494431257247925,24.923858642578125,8.667902946472168,7.242331504821777,0.00013199999999999998,0,21.230286617341605,4507.80662660001
40300,0.9322144389152527,0.19513770937919617,0.19330140948295593,0.16777271032333374,0.2127276062965393,23.310245513916016,7.643925666809082,7.26646089553833,0.00013133333333333335,0,15.10608862534471,4521.046321200003
40400,0.8582469820976257,0.2013656198978424,0.20339204370975494,0.17588618397712708,0.20601588487625122,23.144447326660156,8.17099380493164,7.073594093322754,0.00013066666666666668,0,19.250426692964613,4531.435701299983
40500,0.8611107468605042,0.21659930050373077,0.21651819348335266,0.16967198252677917,0.21040299534797668,25.10291862487793,7.5330939292907715,6.502414226531982,0.00013000000000000002,0,20.59317889864717,4541.147655000008
40600,0.9302632808685303,0.19337214529514313,0.19989171624183655,0.17756707966327667,0.1992935687303543,23.393390655517578,8.139800071716309,6.677658557891846,0.00012933333333333335,0,14.329376202083221,4555.104996699985
40700,0.9150576591491699,0.21219079196453094,0.20343388617038727,0.16455794870853424,0.18201619386672974,24.72014617919922,7.86701774597168,7.4405741691589355,0.00012866666666666666,0,21.199854526575212,4564.539023699996
40800,0.9641400575637817,0.2054707407951355,0.20561595261096954,0.16030488908290863,0.19566944241523743,25.115787506103516,7.470165252685547,7.431570053100586,0.00012800000000000002,0,14.499993217630333,4578.3321335999935
40900,0.8472421169281006,0.19657574594020844,0.1853674054145813,0.18887118995189667,0.21269607543945312,23.11937141418457,7.748062610626221,7.094912052154541,0.00012733333333333336,0,22.950824187005107,4587.04641760001
41000,0.9413976073265076,0.20197440683841705,0.20277242362499237,0.17913050949573517,0.19879218935966492,23.66102409362793,8.063894271850586,7.55856990814209,0.00012666666666666666,0,22.06795520062627,4596.1093324999965
41100,0.9495022296905518,0.19890011847019196,0.1949845403432846,0.15732736885547638,0.21178752183914185,22.96419906616211,7.212876319885254,7.156490802764893,0.000126,0,15.412414638332784,4609.085884500004
41200,0.849210262298584,0.2075677067041397,0.20420990884304047,0.18718889355659485,0.19226281344890594,23.615575790405273,7.994117259979248,6.928961753845215,0.00012533333333333334,0,21.854434669650246,4618.237345200003
41300,0.958389401435852,0.20149214565753937,0.20042286813259125,0.16344380378723145,0.20895320177078247,24.29990577697754,7.144663333892822,6.683304309844971,0.00012466666666666667,0,21.457949430536576,4627.5579002999875
41400,0.9627509713172913,0.2073824405670166,0.20902635157108307,0.15572099387645721,0.2191247195005417,24.581804275512695,7.343079090118408,7.336609840393066,0.000124,0,15.265520836648337,4640.659320300008
41500,0.8732876181602478,0.20780803263187408,0.20917432010173798,0.17072463035583496,0.1988731324672699,24.281391143798828,8.118036270141602,7.083202838897705,0.00012333333333333334,0,21.3166942608005,4650.041638099996
41600,0.8905215859413147,0.2071971297264099,0.19986115396022797,0.15724921226501465,0.21464112401008606,24.034679412841797,7.597098350524902,7.19655704498291,0.00012266666666666668,0,14.332898391980786,4663.995549899992
41700,0.907247006893158,0.19691699743270874,0.19890493154525757,0.17881415784358978,0.1886529177427292,23.86096954345703,8.404614448547363,6.622088432312012,0.000122,0,20.084166314098514,4673.953643099987
41800,0.955503523349762,0.21201832592487335,0.2078249454498291,0.17060314118862152,0.2094247043132782,24.585241317749023,7.528923034667969,7.50535249710083,0.00012133333333333335,0,21.38401173040947,4683.306425099989
41900,0.9026501178741455,0.2212567925453186,0.21628931164741516,0.17199410498142242,0.22022777795791626,25.19532585144043,7.769327163696289,7.434706687927246,0.00012066666666666667,0,14.749114284326984,4696.866561400006
42000,0.9127258062362671,0.2054973691701889,0.2028156965970993,0.15845857560634613,0.20728212594985962,24.58488655090332,7.780892848968506,7.018395900726318,0.00012,0,20.754000517783638,4706.503257700009
42100,0.9592787027359009,0.2070014327764511,0.20442815124988556,0.1680760532617569,0.20727872848510742,25.2974853515625,7.565713405609131,7.00100040435791,0.00011933333333333334,0,20.35510001205904,4716.328805099998
42200,0.9221189022064209,0.2074478268623352,0.20304615795612335,0.16695663332939148,0.20367495715618134,25.41455841064453,7.402491092681885,7.423388957977295,0.00011866666666666666,0,14.159948856542615,4730.453149899986
42300,0.9255973100662231,0.1996575891971588,0.20065705478191376,0.16869382560253143,0.19764138758182526,23.934049606323242,7.628873348236084,6.75174617767334,0.00011800000000000002,0,19.57909756686708,4740.668125299999
42400,0.9530348777770996,0.20033565163612366,0.19990621507167816,0.16703477501869202,0.20987926423549652,25.33935546875,7.47785758972168,7.243443012237549,0.00011733333333333334,0,14.100901226669464,4754.851615899999
42500,0.9642975330352783,0.19174787402153015,0.18916398286819458,0.16695691645145416,0.21948115527629852,23.657386779785156,8.242630004882812,7.3933305740356445,0.00011666666666666665,0,20.24618162328656,4764.730021800002
42600,0.9192584156990051,0.2034739851951599,0.202694833278656,0.15657663345336914,0.20498108863830566,24.498796463012695,7.674448490142822,6.9650139808654785,0.00011600000000000001,0,23.010460106485755,4773.421721099992
42700,0.9198037385940552,0.21096788346767426,0.20822709798812866,0.17136555910110474,0.18341168761253357,26.70219612121582,8.175948143005371,7.1190104484558105,0.00011533333333333334,0,15.692626762048839,4786.166559999983
42800,0.8882544636726379,0.2104576975107193,0.2107492834329605,0.16584479808807373,0.21116702258586884,25.144105911254883,7.391721725463867,7.283344745635986,0.00011466666666666666,0,23.000437951296682,4794.862046599999
42900,0.8771982192993164,0.2083217203617096,0.20821191370487213,0.1564164161682129,0.2032570093870163,23.849103927612305,7.225220203399658,6.437989234924316,0.00011400000000000002,0,22.973246230398907,4803.567825400009
43000,0.9751653075218201,0.20210984349250793,0.1974622756242752,0.15764108300209045,0.20123235881328583,24.344039916992188,7.257457733154297,7.0621771812438965,0.00011333333333333334,0,15.693566294628445,4816.311901299981
43100,0.8767268061637878,0.2028631716966629,0.2088046669960022,0.1595453917980194,0.212393119931221,24.62541961669922,6.977994918823242,6.899133205413818,0.00011266666666666668,0,23.01888697372885,4825.000418699987
43200,0.9358307719230652,0.20027965307235718,0.1989392638206482,0.16684217751026154,0.1970917284488678,23.854049682617188,7.2987236976623535,7.003548622131348,0.00011200000000000001,0,23.034134248956843,4833.6831848
43300,0.9492164254188538,0.2032267153263092,0.20330259203910828,0.15155042707920074,0.2018791288137436,23.713619232177734,7.56204080581665,7.014120101928711,0.00011133333333333333,0,15.125459027440472,4846.9059239999915
43400,0.9616814255714417,0.19758422672748566,0.19775740802288055,0.1595367193222046,0.18390212953090668,24.03774642944336,7.47926139831543,6.367680549621582,0.00011066666666666667,0,22.958260218441694,4855.617385499994
43500,0.861067533493042,0.19908735156059265,0.19768811762332916,0.16141505539417267,0.2136182337999344,24.06809425354004,7.851696014404297,6.290506839752197,0.00011000000000000002,0,15.676213208790257,4868.375568699994
43600,0.975579559803009,0.19942133128643036,0.19685859978199005,0.15445208549499512,0.20171718299388885,25.03793716430664,7.5468339920043945,6.8757004737854,0.00010933333333333333,0,22.966299447383353,4877.083980800002
43700,0.8736874461174011,0.19766423106193542,0.19471946358680725,0.1714325249195099,0.2014705240726471,22.709863662719727,7.9496612548828125,6.421590328216553,0.00010866666666666667,0,22.982894222527168,4885.7861050000065
43800,0.9217864274978638,0.1982724666595459,0.20140239596366882,0.15689100325107574,0.2076588273048401,22.66286849975586,6.996122360229492,7.065127849578857,0.00010800000000000001,0,15.665895575642823,4898.552690799988
43900,0.9486520886421204,0.1949901282787323,0.20079608261585236,0.1626691073179245,0.19609861075878143,24.714235305786133,7.280121803283691,6.989418983459473,0.00010733333333333333,0,22.915922328865765,4907.280246999988
44000,0.9871973395347595,0.18865616619586945,0.19686156511306763,0.17144738137722015,0.20139281451702118,23.135683059692383,8.615984916687012,7.46796178817749,0.00010666666666666667,0,22.792402015988056,4916.055101000005
44100,0.9441344738006592,0.19498145580291748,0.19562163949012756,0.1617937684059143,0.19662244617938995,23.891828536987305,7.535599708557129,7.255422115325928,0.00010600000000000002,0,15.427766253453097,4929.018740500003
44200,0.9125093817710876,0.20140792429447174,0.2041616588830948,0.16692344844341278,0.20632003247737885,24.353759765625,8.014094352722168,6.106533050537109,0.00010533333333333332,0,23.015417118826925,4937.7085678
44300,0.923152506351471,0.20631176233291626,0.1997869461774826,0.1593548059463501,0.20884816348552704,24.822269439697266,7.804812908172607,6.952489852905273,0.00010466666666666667,0,15.733118110570667,4950.4206061
44400,0.9285280108451843,0.20041067898273468,0.20325525104999542,0.15934504568576813,0.20434167981147766,24.39629554748535,7.766881465911865,7.33435583114624,0.00010400000000000001,0,23.154202811439024,4959.058346799982
44500,0.9305272698402405,0.19502849876880646,0.19696055352687836,0.17998051643371582,0.20056794583797455,24.691505432128906,7.865113735198975,7.360784530639648,0.00010333333333333333,0,22.97870942140524,4967.762055800005
44600,0.8499909043312073,0.20507687330245972,0.20432092249393463,0.17799349129199982,0.2149171233177185,23.785919189453125,7.631565570831299,6.641360282897949,0.00010266666666666666,0,15.772387539823747,4980.442444199987
44700,0.9559288024902344,0.2055654078722,0.19907106459140778,0.1681266576051712,0.18555299937725067,24.965063095092773,7.937928199768066,5.776091575622559,0.00010200000000000001,0,23.109653456889347,4989.096836199984
44800,0.9105328321456909,0.196546271443367,0.1996343582868576,0.1665605902671814,0.20373934507369995,23.440128326416016,7.464015483856201,6.789412498474121,0.00010133333333333332,0,22.957301496830407,4997.808661499992
44900,0.9471845626831055,0.19553180038928986,0.19558289647102356,0.15838198363780975,0.21552319824695587,23.42530059814453,7.486978054046631,7.901019096374512,0.00010066666666666668,0,15.277855376540298,5010.899504100002
45000,0.9760236144065857,0.19514703750610352,0.19499124586582184,0.159677192568779,0.19097347557544708,24.445621490478516,7.802330017089844,6.924709320068359,0.0001,0,22.81098801642709,5019.667208500003
45100,0.9442062973976135,0.18961381912231445,0.18857747316360474,0.15655726194381714,0.19486753642559052,24.529916763305664,7.309015274047852,7.008650302886963,9.933333333333334e-05,0,14.163811018107141,5033.787701900001
45200,0.9230940937995911,0.19165794551372528,0.19181334972381592,0.16763485968112946,0.20139414072036743,24.459543228149414,8.062744140625,6.914791107177734,9.866666666666666e-05,0,23.221528446786383,5042.400399400009
45300,0.9254856109619141,0.18863466382026672,0.18846003711223602,0.1610395908355713,0.21147626638412476,23.225494384765625,7.160844802856445,6.606642723083496,9.8e-05,0,23.126704821224944,5051.048410499992
45400,0.9276682734489441,0.20440679788589478,0.20891231298446655,0.16223126649856567,0.2176852971315384,25.460195541381836,7.334194183349609,6.269339084625244,9.733333333333335e-05,0,15.728895004074243,5063.763861899992
45500,0.9888672232627869,0.18850906193256378,0.19111348688602448,0.17720304429531097,0.17307573556900024,22.99531364440918,8.101715087890625,6.364347457885742,9.666666666666667e-05,0,23.106840124895832,5072.419307600008
45600,0.9866734147071838,0.19766201078891754,0.19704702496528625,0.1451730579137802,0.1847105324268341,23.597091674804688,6.875469207763672,7.333006381988525,9.6e-05,0,23.08517798145,5081.082875199994
45700,1.0294654369354248,0.20124435424804688,0.20214737951755524,0.16520944237709045,0.19405624270439148,24.08973503112793,7.554322242736816,7.693728923797607,9.533333333333334e-05,0,15.59258739621848,5093.909482799994
45800,0.8946372270584106,0.19160223007202148,0.19415071606636047,0.15908609330654144,0.20287077128887177,23.54881477355957,7.705721378326416,6.365834712982178,9.466666666666669e-05,0,12.527303178973927,5109.874610900006
45900,0.9217212200164795,0.19786332547664642,0.20152795314788818,0.17078019678592682,0.21034649014472961,24.301265716552734,7.962849140167236,6.5333075523376465,9.4e-05,0,22.917196650710245,5118.601681800006
46000,0.8658045530319214,0.18210120499134064,0.18423856794834137,0.17615042626857758,0.21184976398944855,22.064029693603516,8.298895835876465,6.9775896072387695,9.333333333333334e-05,0,15.811555228476056,5131.250658899982
46100,0.9201788902282715,0.18965335190296173,0.1976737231016159,0.16971008479595184,0.21094229817390442,23.06943130493164,7.485088348388672,6.755486965179443,9.266666666666668e-05,0,23.051728424313882,5139.9267979
46200,0.8999975323677063,0.18800973892211914,0.1886463165283203,0.17142833769321442,0.20067033171653748,23.26751708984375,7.839996814727783,6.802303314208984,9.2e-05,0,15.719807757122366,5152.649599800003
46300,0.8843823671340942,0.19718234241008759,0.19552946090698242,0.14026066660881042,0.20783336460590363,24.07619285583496,6.811029434204102,6.3836870193481445,9.133333333333334e-05,0,23.127090183067768,5161.297466799995
46400,0.9334561228752136,0.19148394465446472,0.19224517047405243,0.16745679080486298,0.2029944509267807,23.365055084228516,8.004342079162598,6.505924701690674,9.066666666666668e-05,0,23.14268202876384,5169.939507500007
46500,0.9522579908370972,0.19460460543632507,0.1953086405992508,0.15545691549777985,0.2026727944612503,22.59032440185547,7.646848201751709,7.032410621643066,8.999999999999999e-05,0,15.711354514206356,5182.669154700008
46600,0.8605766296386719,0.1886872798204422,0.1889307051897049,0.15643930435180664,0.21368879079818726,22.635299682617188,7.4637651443481445,6.143640518188477,8.933333333333334e-05,0,23.095558172197066,5191.328828500002
46700,0.9806188941001892,0.190477192401886,0.1903056651353836,0.16868285834789276,0.18991801142692566,24.224933624267578,7.573084354400635,6.135995388031006,8.866666666666668e-05,0,23.05809534392486,5200.002571799996
46800,0.884102463722229,0.18821412324905396,0.1862376183271408,0.16894282400608063,0.20613040030002594,21.82166290283203,7.606253623962402,6.086663722991943,8.8e-05,0,15.6998073743673,5212.741581599985
46900,0.9253721237182617,0.17383281886577606,0.18103864789009094,0.16226191818714142,0.1996641308069229,23.07292366027832,7.63513708114624,6.583404541015625,8.733333333333333e-05,0,23.00930271860802,5221.433718099986
47000,0.883992612361908,0.18879760801792145,0.19097252190113068,0.16428855061531067,0.19807270169258118,23.65164566040039,7.160022258758545,6.417943954467773,8.666666666666667e-05,0,15.68594332108714,5234.183987299999
47100,0.8726343512535095,0.19133611023426056,0.19223523139953613,0.16085097193717957,0.2075245976448059,24.477766036987305,7.74994421005249,6.5580034255981445,8.600000000000002e-05,0,22.951608266841628,5242.897973599989
47200,0.9498025178909302,0.19363252818584442,0.19813384115695953,0.16068890690803528,0.19530172646045685,24.17074966430664,7.479856014251709,6.48344087600708,8.533333333333334e-05,0,22.98031630194946,5251.601074000006
47300,0.8986380696296692,0.18575188517570496,0.19229915738105774,0.15436503291130066,0.20680435001850128,23.1683349609375,7.195188522338867,6.67158317565918,8.466666666666667e-05,0,15.729384620249904,5264.316129599989
47400,0.9333306550979614,0.18923354148864746,0.18945588171482086,0.1498546153306961,0.18756277859210968,24.70948600769043,6.5931220054626465,6.311217308044434,8.400000000000001e-05,0,22.877141923907175,5273.058480399981
47500,0.8968891501426697,0.18052983283996582,0.18178348243236542,0.1526937186717987,0.21804755926132202,23.567350387573242,7.352682113647461,6.7047119140625,8.333333333333333e-05,0,23.101888754908398,5281.715781200008
47600,0.9234293699264526,0.1833283007144928,0.18854019045829773,0.1564532220363617,0.20385044813156128,23.277706146240234,7.324075222015381,6.514211177825928,8.266666666666667e-05,0,15.717016995076444,5294.440842199983
47700,0.9211448431015015,0.18899567425251007,0.18863411247730255,0.16768036782741547,0.1931270956993103,23.628530502319336,7.72519063949585,6.427657127380371,8.200000000000001e-05,0,23.021757367862143,5303.128276300005
47800,0.8947002291679382,0.18738698959350586,0.19199807941913605,0.1617729514837265,0.20270505547523499,23.751867294311523,7.548549175262451,6.422810077667236,8.133333333333332e-05,0,15.664970641196463,5315.895615899994
47900,0.9572884440422058,0.18034036457538605,0.18607476353645325,0.1426185816526413,0.18971948325634003,23.347232818603516,7.059057235717773,5.6678032875061035,8.066666666666667e-05,0,22.99387204111152,5324.593585499999
48000,0.8991410732269287,0.18850336968898773,0.18936589360237122,0.16428138315677643,0.19638343155384064,24.350830078125,7.816925048828125,6.3505754470825195,8e-05,0,22.814273143153,5333.360027399991
48100,0.9434766173362732,0.19055433571338654,0.19329833984375,0.14663861691951752,0.1934686303138733,23.89516258239746,7.7912445068359375,6.802595615386963,7.933333333333333e-05,0,15.465370194372072,5346.292145899992
48200,1.0041677951812744,0.1794193536043167,0.17846381664276123,0.165618434548378,0.19041498005390167,23.433744430541992,8.38464069366455,5.92882776260376,7.866666666666666e-05,0,22.96179010025941,5355.0022681999835
48300,0.9310262799263,0.18498821556568146,0.18827588856220245,0.16506727039813995,0.2214694768190384,22.80816650390625,7.37075138092041,7.504062175750732,7.800000000000001e-05,0,23.024181319075513,5363.688787699997
48400,0.8944920301437378,0.1803514063358307,0.18148642778396606,0.17532211542129517,0.20403403043746948,22.915889739990234,7.60789155960083,6.6927080154418945,7.733333333333335e-05,0,15.825627162895957,5376.326517499983
48500,0.9293415546417236,0.19219890236854553,0.19142253696918488,0.13675335049629211,0.19857047498226166,23.998369216918945,7.0548601150512695,6.551536560058594,7.666666666666667e-05,0,23.059328100027155,5384.9997970999975
48600,0.9349047541618347,0.17811183631420135,0.18177978694438934,0.1624307930469513,0.20096972584724426,22.557912826538086,7.874240398406982,6.694677352905273,7.6e-05,0,22.998106795836822,5393.696165100002
48700,0.9670953750610352,0.1808595210313797,0.1797938495874405,0.15518143773078918,0.19085222482681274,23.687702178955078,7.414473056793213,6.4753851890563965,7.533333333333334e-05,0,15.631884013053217,5406.490528199996
48800,0.9715896248817444,0.18913377821445465,0.19440105557441711,0.14719165861606598,0.1993151754140854,23.9720458984375,7.162343978881836,6.662386894226074,7.466666666666666e-05,0,22.91392145950394,5415.218846500007
48900,0.9488283395767212,0.18215025961399078,0.19022679328918457,0.14179323613643646,0.20050929486751556,23.79106903076172,7.055801868438721,6.7824625968933105,7.4e-05,0,15.672181592451752,5427.980311699997
49000,0.9626239538192749,0.18184199929237366,0.189210906624794,0.16425929963588715,0.20217658579349518,23.44951629638672,7.558722972869873,6.701882839202881,7.333333333333334e-05,0,23.053618440083994,5436.655739399983
49100,0.9958679676055908,0.18659308552742004,0.18465977907180786,0.14017321169376373,0.18777678906917572,23.357553482055664,6.924267292022705,6.283787250518799,7.266666666666667e-05,0,22.93769137840778,5445.375012700009
49200,0.8451802134513855,0.1876848340034485,0.19354721903800964,0.17285333573818207,0.20896945893764496,24.452754974365234,7.620023727416992,6.367336273193359,7.2e-05,0,15.646350300650106,5458.157546400005
49300,0.9854958653450012,0.18167851865291595,0.18543998897075653,0.15596184134483337,0.19600707292556763,24.749950408935547,7.355345726013184,6.272108554840088,7.133333333333334e-05,0,22.94139730182537,5466.875411199988
49400,1.0054296255111694,0.18507568538188934,0.18903915584087372,0.1531475931406021,0.2012932151556015,23.711471557617188,7.173431396484375,6.42800235748291,7.066666666666669e-05,0,22.990514113833566,5475.574651200004
49500,0.9569876790046692,0.19328515231609344,0.20290055871009827,0.1446419656276703,0.20303256809711456,24.251684188842773,7.171884536743164,6.629151344299316,7e-05,0,15.630583048903446,5488.370079199987
49600,1.0010451078414917,0.18070490658283234,0.18652673065662384,0.1477438509464264,0.19678138196468353,23.675161361694336,7.314371585845947,6.122082233428955,6.933333333333334e-05,0,22.945371350099126,5497.086434099998
49700,0.9077556133270264,0.18230213224887848,0.18648812174797058,0.14574922621250153,0.20566333830356598,23.14128875732422,7.424857139587402,6.200921535491943,6.866666666666668e-05,0,15.637635209259848,5509.876091699989
49800,0.9667394161224365,0.1783078908920288,0.17908141016960144,0.13194195926189423,0.18814204633235931,23.691356658935547,6.66365385055542,6.169162273406982,6.8e-05,0,22.68064672997001,5518.69418240001
49900,1.0298022031784058,0.18450164794921875,0.1879778653383255,0.1648927479982376,0.18765777349472046,25.576284408569336,8.415728569030762,6.290170192718506,6.733333333333333e-05,0,22.96994101843146,5527.401213899982
50000,0.9778043627738953,0.18727311491966248,0.18724313378334045,0.14273658394813538,0.19300375878810883,24.499853134155273,7.325150489807129,6.58977746963501,6.666666666666668e-05,0,15.549434607002732,5540.263417899987
50100,0.9453750252723694,0.1773356795310974,0.17718246579170227,0.14740106463432312,0.18758927285671234,23.589290618896484,7.145090579986572,6.0156683921813965,6.599999999999999e-05,0,19.98515602534637,5550.270845399995
50200,0.9485337734222412,0.18421128392219543,0.19083629548549652,0.15932540595531464,0.18997426331043243,24.18919563293457,7.459171772003174,6.2719340324401855,6.533333333333334e-05,0,22.99166194734582,5558.969651099993
50300,0.981388509273529,0.1738649308681488,0.1758493185043335,0.14105820655822754,0.18773379921913147,23.53997230529785,7.280313491821289,6.019911289215088,6.466666666666668e-05,0,15.623455841109497,5571.770916199981
50400,1.0080945491790771,0.18127311766147614,0.17924396693706512,0.13835345208644867,0.214655339717865,24.081510543823242,7.27498722076416,6.989878177642822,6.4e-05,0,22.85717760001325,5580.520902899996
50500,0.9537683725357056,0.18274132907390594,0.18564695119857788,0.1456138640642166,0.18128149211406708,23.085256576538086,7.450078010559082,6.252005577087402,6.333333333333333e-05,0,15.49355389914238,5593.429497100005
50600,0.991887092590332,0.17155896127223969,0.1729380041360855,0.14066407084465027,0.1923387050628662,22.702165603637695,7.86427640914917,6.4601593017578125,6.266666666666667e-05,0,22.884773016691156,5602.168932700006
50700,0.9534744024276733,0.17706561088562012,0.18079520761966705,0.14888714253902435,0.1884695142507553,23.23943328857422,7.164130210876465,6.039320468902588,6.200000000000002e-05,0,22.90813374483792,5610.899456199986
50800,0.9594207406044006,0.16847072541713715,0.1726391613483429,0.14190787076950073,0.18150107562541962,23.672306060791016,7.186384677886963,6.13352108001709,6.133333333333334e-05,0,15.340343742560837,5623.936973700009
50900,0.9937076568603516,0.1771484911441803,0.17886683344841003,0.1638294756412506,0.18033607304096222,23.676904678344727,7.562166690826416,6.526086807250977,6.066666666666667e-05,0,22.60686982308764,5632.783842000004
51000,0.9512869119644165,0.17471198737621307,0.17791788280010223,0.1366758793592453,0.18983693420886993,23.42999267578125,6.938294410705566,6.1502861976623535,6.0000000000000015e-05,0,22.637922391099927,5641.618575
51100,0.9819655418395996,0.1791108101606369,0.1813497692346573,0.14814922213554382,0.19981543719768524,22.922216415405273,7.578646183013916,7.084477424621582,5.933333333333333e-05,0,15.431332675966976,5654.579218400002
51200,1.0271093845367432,0.17488308250904083,0.17841969430446625,0.13412657380104065,0.1829426884651184,23.748620986938477,7.130212783813477,7.104304790496826,5.866666666666667e-05,0,22.99265446772308,5663.277648599993
51300,0.9531800150871277,0.18047136068344116,0.18609268963336945,0.14652521908283234,0.18521860241889954,24.896724700927734,7.152320861816406,6.1180596351623535,5.800000000000001e-05,0,22.990406551642913,5671.976929299999
51400,0.9868701696395874,0.16653096675872803,0.17232131958007812,0.14923235774040222,0.1869044303894043,22.612531661987305,7.807427883148193,6.901912212371826,5.733333333333333e-05,0,15.312178650005691,5685.038427899999
51500,0.9758710861206055,0.17892377078533173,0.18093964457511902,0.15802565217018127,0.19580337405204773,23.99226188659668,7.761209011077881,6.110054016113281,5.666666666666667e-05,0,22.974724081619904,5693.743646699993
51600,0.9439787864685059,0.1765841692686081,0.17648324370384216,0.13346098363399506,0.18723605573177338,24.52596092224121,6.920154094696045,6.171573162078857,5.6000000000000006e-05,0,15.706003097465405,5706.4776311999885
51700,0.9965333342552185,0.17727786302566528,0.18602292239665985,0.14286711812019348,0.1953432261943817,22.685306549072266,6.825514793395996,6.75540828704834,5.533333333333333e-05,0,23.013913901626392,5715.1680261
51800,0.9488686323165894,0.1761559695005417,0.1839589625597,0.142405703663826,0.2008453756570816,23.14963722229004,6.808409214019775,6.136100769042969,5.466666666666666e-05,0,22.95113681173076,5723.8821913999855
51900,0.9774250388145447,0.18496190011501312,0.1892920285463333,0.14219677448272705,0.19738197326660156,23.441850662231445,7.104465007781982,5.941763401031494,5.4000000000000005e-05,0,15.632570316440054,5736.675992799981
52000,1.0046412944793701,0.1813826709985733,0.18469300866127014,0.14129450917243958,0.18549185991287231,24.413110733032227,7.152538776397705,5.950106620788574,5.333333333333335e-05,0,23.05227177544231,5745.351927299984
52100,0.9723219871520996,0.17866604030132294,0.18037588894367218,0.14438918232917786,0.18922044336795807,23.122358322143555,7.2584381103515625,6.168120384216309,5.266666666666666e-05,0,22.978447261928203,5754.055735600006
52200,0.9884928464889526,0.1803467869758606,0.1807025820016861,0.13224045932292938,0.17311500012874603,23.30876350402832,7.016861438751221,6.361189842224121,5.2000000000000004e-05,0,15.443394488390378,5767.006256299996
52300,0.9471567869186401,0.16678377985954285,0.17645074427127838,0.14861692488193512,0.1930897831916809,21.932435989379883,7.72622013092041,7.002785682678223,5.1333333333333346e-05,0,22.72941471634886,5775.805426999985
52400,0.9711434841156006,0.17816707491874695,0.18438096344470978,0.14520896971225739,0.1846214234828949,23.69931411743164,7.788928031921387,6.303299427032471,5.066666666666666e-05,0,9.901633116943946,5796.00411519999
52500,1.0318982601165771,0.17624647915363312,0.1811470240354538,0.1335252970457077,0.18240758776664734,22.25825309753418,6.9068450927734375,6.22926664352417,5e-05,0,22.890625694735895,5804.741316300002
52600,1.0200676918029785,0.17038686573505402,0.1739591509103775,0.14983323216438293,0.19699151813983917,23.363183975219727,7.446635723114014,6.949635982513428,4.9333333333333344e-05,0,22.923269547301715,5813.466075200005
52700,0.9610798358917236,0.16331838071346283,0.1679689586162567,0.14010263979434967,0.1894160360097885,21.926151275634766,6.769186973571777,6.06716775894165,4.866666666666666e-05,0,15.678675086736906,5826.222255100001
52800,0.9767359495162964,0.16562168300151825,0.16816768050193787,0.15167061984539032,0.1993914246559143,23.002592086791992,7.625724792480469,6.516584396362305,4.8e-05,0,22.92789624874047,5834.9452533999865
52900,0.965752363204956,0.1696126013994217,0.17246213555335999,0.12946949899196625,0.1893186718225479,23.378742218017578,6.683326244354248,6.4959611892700195,4.733333333333334e-05,0,23.091506073489096,5843.606446799997
53000,0.9810788035392761,0.1717945635318756,0.17909976840019226,0.14433608949184418,0.17582231760025024,23.110326766967773,7.2382636070251465,6.37567663192749,4.666666666666666e-05,0,15.621392800729824,5856.409402499994
53100,0.9461221694946289,0.17540805041790009,0.17942580580711365,0.13700644671916962,0.20213763415813446,22.58690643310547,6.575498580932617,6.2273173332214355,4.6e-05,0,23.019714129180915,5865.097607700009
53200,0.9462384581565857,0.1697988510131836,0.17596220970153809,0.13277645409107208,0.18965883553028107,22.929908752441406,6.795175552368164,7.0170111656188965,4.533333333333334e-05,0,15.644509926131082,5877.8816450999875
53300,1.053521752357483,0.17471732199192047,0.17785508930683136,0.1280931979417801,0.18243880569934845,23.997814178466797,6.841817378997803,5.980806827545166,4.466666666666668e-05,0,23.071475812693528,5886.550358000008
53400,1.0033119916915894,0.1691054105758667,0.1716427206993103,0.14113639295101166,0.1798320710659027,23.650970458984375,7.040337562561035,6.110634803771973,4.4e-05,0,22.955875684946275,5895.262724400003
53500,1.0245585441589355,0.15913961827754974,0.16819758713245392,0.14765481650829315,0.18671827018260956,20.419185638427734,6.952175617218018,5.900009632110596,4.3333333333333334e-05,0,15.63495225785597,5908.0545767
53600,0.9509940147399902,0.1764438897371292,0.18173575401306152,0.1460098922252655,0.189121812582016,22.655317306518555,7.362815856933594,6.226068496704102,4.2666666666666676e-05,0,22.916321441816134,5916.781980900007
53700,0.9603149890899658,0.1693093627691269,0.18022149801254272,0.16281192004680634,0.19862625002861023,22.58237075805664,7.359838485717773,5.849175453186035,4.2e-05,0,22.969697525206364,5925.489104699984
53800,0.9756137728691101,0.1728620082139969,0.179610013961792,0.14259099960327148,0.17650599777698517,23.220792770385742,7.162323474884033,6.268105506896973,4.133333333333333e-05,0,15.764090138825441,5938.176167400001
53900,1.0236639976501465,0.16848735511302948,0.1751600205898285,0.12814368307590485,0.17970243096351624,24.036535263061523,6.529851913452148,6.186936378479004,4.0666666666666675e-05,0,22.91350825440199,5946.904643099988
54000,0.986947774887085,0.16466477513313293,0.1696990728378296,0.14437830448150635,0.19404694437980652,21.75594711303711,7.466772079467773,6.351387023925781,3.999999999999999e-05,0,22.958298959001105,5955.616089899995
54100,0.953443706035614,0.1653546243906021,0.17637206614017487,0.1363678276538849,0.17565947771072388,25.053348541259766,7.110058307647705,5.63899564743042,3.933333333333333e-05,0,15.582443373258144,5968.451047499984
54200,0.9643609523773193,0.17718356847763062,0.18227505683898926,0.1420336365699768,0.19681403040885925,24.28875160217285,7.009795188903809,6.335041522979736,3.8666666666666674e-05,0,22.944802491721134,5977.1676184999815
54300,1.0191296339035034,0.17806638777256012,0.18132618069648743,0.125497967004776,0.18863405287265778,25.036550521850586,6.44781494140625,6.370891094207764,3.799999999999999e-05,0,15.25674973864071,5990.276570499991
54400,0.9562426805496216,0.16346462070941925,0.17529374361038208,0.14911705255508423,0.21177272498607635,22.37788200378418,7.385812759399414,6.096126556396484,3.733333333333333e-05,0,23.04108205341693,5998.956718400004
54500,0.9986562132835388,0.17465566098690033,0.18027088046073914,0.13752040266990662,0.18271005153656006,23.678186416625977,7.091713905334473,6.489755153656006,3.666666666666667e-05,0,23.003137328923152,6007.651184599992
54600,0.9645942449569702,0.1735078990459442,0.18340463936328888,0.14225167036056519,0.18677222728729248,25.11408233642578,6.644114017486572,6.230666160583496,3.6000000000000014e-05,0,11.562583422235937,6024.948357099987
54700,1.0195480585098267,0.16904382407665253,0.1740870475769043,0.12288766354322433,0.18628782033920288,23.137454986572266,6.698795795440674,5.933085918426514,3.533333333333333e-05,0,22.979865053708586,6033.651628399995
54800,0.9512524008750916,0.16441610455513,0.1715942919254303,0.1435961127281189,0.1925046145915985,21.68657112121582,7.10785436630249,6.193472862243652,3.466666666666667e-05,0,23.00532501955666,6042.345267800003
54900,0.966174840927124,0.15957729518413544,0.16915065050125122,0.14055082201957703,0.1947682946920395,22.2161808013916,7.201449871063232,6.149343967437744,3.4000000000000007e-05,0,15.74425498238722,6055.048314099986
55000,0.9878957271575928,0.15995784103870392,0.1656079888343811,0.1383177489042282,0.1801997721195221,21.89940071105957,7.145819664001465,6.503146648406982,3.333333333333333e-05,0,23.085758085290202,6063.711664000002
55100,1.0068273544311523,0.1638374626636505,0.1718018651008606,0.13969944417476654,0.1877949833869934,22.65712547302246,7.2939372062683105,6.292180061340332,3.266666666666667e-05,0,14.468868561758002,6077.534444899997
55200,1.0417444705963135,0.17446361482143402,0.18261218070983887,0.1279764473438263,0.17715774476528168,23.701040267944336,6.42724609375,6.367416858673096,3.2000000000000005e-05,0,22.729086146755044,6086.333742799994
55300,0.9610670208930969,0.1575586348772049,0.16371867060661316,0.14795616269111633,0.1955157071352005,22.143798828125,7.679461479187012,5.956907272338867,3.133333333333333e-05,0,22.660450406595892,6095.159692699992
55400,0.9337946176528931,0.15568579733371735,0.1630552113056183,0.14113987982273102,0.20443366467952728,21.48834991455078,6.663991451263428,6.509496212005615,3.066666666666667e-05,0,15.623969184201146,6107.960537200008
55500,1.0277526378631592,0.16275276243686676,0.16963908076286316,0.1298368275165558,0.1776389479637146,22.00975227355957,6.836053371429443,5.833452224731445,3.0000000000000008e-05,0,22.156612798982604,6116.987187699997
55600,1.032769799232483,0.16757306456565857,0.17266851663589478,0.1364750862121582,0.16685955226421356,23.152517318725586,6.780038833618164,5.678802967071533,2.9333333333333322e-05,0,23.07455420767981,6125.6547441
55700,0.9157958626747131,0.16976158320903778,0.18086408078670502,0.1259016990661621,0.19427943229675293,22.597684860229492,6.654806137084961,6.185173034667969,2.8666666666666664e-05,0,15.777596724595101,6138.330945900001
55800,1.0471746921539307,0.15927502512931824,0.16724151372909546,0.13154679536819458,0.170004740357399,22.206974029541016,7.001955509185791,6.133636951446533,2.8000000000000003e-05,0,23.103744836330744,6146.9875512
55900,0.9587310552597046,0.15847113728523254,0.16773033142089844,0.14029166102409363,0.1873420625925064,23.642486572265625,6.766584396362305,6.198787212371826,2.7333333333333345e-05,0,15.678766655556828,6159.7436565999815
56000,0.9849219918251038,0.16586235165596008,0.16984187066555023,0.13677406311035156,0.18124130368232727,24.139421463012695,6.865123271942139,6.159029006958008,2.6666666666666663e-05,0,23.10928309490907,6168.398187299987
56100,0.9802775979042053,0.16790597140789032,0.17707471549510956,0.12254125624895096,0.18823125958442688,22.699979782104492,6.437719345092773,6.100658893585205,2.6000000000000002e-05,0,23.15655740904322,6177.035049700004
56200,0.9848565459251404,0.16542470455169678,0.17141690850257874,0.12280460447072983,0.1892157346010208,22.76726722717285,6.542525291442871,6.24171781539917,2.5333333333333344e-05,0,15.804488114282368,6189.689682900003
56300,0.9997559189796448,0.16395564377307892,0.1725335717201233,0.13786372542381287,0.19481229782104492,23.183786392211914,7.063701629638672,6.495537757873535,2.466666666666666e-05,0,23.17435797151204,6198.3199112
56400,1.0229663848876953,0.1734568327665329,0.1881859302520752,0.13597504794597626,0.1679697036743164,23.935277938842773,6.74904727935791,6.082537651062012,2.4e-05,0,23.087012989611306,6206.9827901999815
56500,0.9927226305007935,0.15900519490242004,0.1659596860408783,0.12269742786884308,0.19341598451137543,22.016427993774414,6.977477073669434,6.0487189292907715,2.333333333333334e-05,0,15.799391835555538,6219.641505300009
56600,0.9725873470306396,0.17249687016010284,0.1782226711511612,0.13828378915786743,0.19149994850158691,23.205087661743164,7.132343769073486,6.457469940185547,2.2666666666666657e-05,0,23.015566233052454,6228.331276299985
56700,1.059122920036316,0.16163934767246246,0.16967688500881195,0.12231430411338806,0.191542387008667,23.891788482666016,7.02188777923584,6.318902015686035,2.2e-05,0,23.1131929215224,6236.984342999989
56800,1.0174199342727661,0.1553877592086792,0.16661256551742554,0.14090387523174286,0.19884388148784637,22.339576721191406,6.838356018066406,6.1963629722595215,2.1333333333333338e-05,0,15.640202888140305,6249.771900899999
56900,0.9190022945404053,0.1672680377960205,0.18390099704265594,0.15814881026744843,0.20428906381130219,22.378578186035156,7.806002616882324,5.529618263244629,2.066666666666668e-05,0,22.940841008041666,6258.489977099991
57000,0.9276776909828186,0.15812964737415314,0.16851012408733368,0.14479660987854004,0.18568652868270874,22.718177795410156,6.861801624298096,5.690006732940674,1.9999999999999995e-05,0,15.777282702422442,6271.166431199992
57100,1.0146256685256958,0.1566963791847229,0.1653643399477005,0.13839340209960938,0.17137058079242706,21.58741569519043,6.5494208335876465,5.511716365814209,1.9333333333333337e-05,0,23.061944521352746,6279.838726799993
57200,0.9987398386001587,0.16834603250026703,0.17426253855228424,0.1276841163635254,0.18337972462177277,22.15972900390625,6.379558086395264,6.075043201446533,1.8666666666666675e-05,0,23.043987192324565,6288.517780399998
57300,0.9521653056144714,0.1617950201034546,0.17378023266792297,0.12942981719970703,0.19042754173278809,22.25788688659668,6.785912990570068,5.940569877624512,1.7999999999999994e-05,0,15.652030322670337,6301.295675400004
57400,0.9357358813285828,0.1686639040708542,0.17635948956012726,0.13963449001312256,0.1883794516324997,23.818201065063477,7.314435958862305,5.892935752868652,1.7333333333333336e-05,0,23.07796176278103,6309.961951999983
57500,1.0331594944000244,0.15686987340450287,0.16679206490516663,0.13628634810447693,0.1834445595741272,21.87748908996582,6.898264408111572,6.449251174926758,1.6666666666666674e-05,0,23.034650241135466,6318.6445236
57600,0.9902635216712952,0.16225168108940125,0.16828490793704987,0.1295880675315857,0.18307055532932281,22.297794342041016,6.663502216339111,6.432642459869385,1.5999999999999992e-05,0,15.714599613402061,6331.371542100009
57700,0.8865171670913696,0.16576248407363892,0.1763506680727005,0.1429114192724228,0.1955651491880417,25.024024963378906,6.824034214019775,5.899135589599609,1.5333333333333334e-05,0,23.085910510708203,6340.034834799997
57800,1.0405447483062744,0.16079698503017426,0.1680324673652649,0.13986529409885406,0.18953850865364075,23.72480583190918,6.922642230987549,5.990937232971191,1.4666666666666673e-05,0,15.638895280632674,6352.8234618999995
57900,0.9384839534759521,0.1661599725484848,0.1738741248846054,0.13588547706604004,0.19990253448486328,23.758541107177734,6.6144609451293945,6.008491516113281,1.3999999999999991e-05,0,22.99238643909198,6361.521993500006
58000,0.9325246810913086,0.1619434952735901,0.17461000382900238,0.1383533775806427,0.17350347340106964,23.476016998291016,6.893631458282471,5.630269527435303,1.3333333333333332e-05,0,22.95854563676285,6370.233346699999
58100,0.9724857211112976,0.1556878238916397,0.1617318093776703,0.13578607141971588,0.17645061016082764,21.19293975830078,6.6847357749938965,5.580803871154785,1.2666666666666672e-05,0,15.612270388968048,6383.043783300003
58200,1.055277705192566,0.15708371996879578,0.1704886555671692,0.1315496563911438,0.17862871289253235,22.633527755737305,6.596867084503174,5.881400108337402,1.200000000000001e-05,0,22.97484469322055,6391.748956399999
58300,0.9612050652503967,0.15202763676643372,0.15660321712493896,0.12843500077724457,0.19206659495830536,20.748050689697266,6.410953044891357,6.097055435180664,1.1333333333333329e-05,0,22.82790539768583,6400.5101632000005
58400,1.065562129020691,0.15306773781776428,0.16286244988441467,0.12210679054260254,0.17198607325553894,22.66278076171875,6.624338626861572,6.105897903442383,1.0666666666666669e-05,0,15.393659159378908,6413.502525699994
58500,1.0263614654541016,0.15288065373897552,0.16192251443862915,0.1380424052476883,0.18431507050991058,22.497114181518555,6.532627582550049,6.50192928314209,1.000000000000001e-05,0,22.837038433452985,6422.2602287000045
58600,0.9913278818130493,0.15764197707176208,0.16921070218086243,0.12892480194568634,0.17315803468227386,22.277753829956055,6.455028057098389,5.761691093444824,9.333333333333328e-06,0,15.719242878589643,6434.9834877999965
58700,0.937444806098938,0.16700534522533417,0.17656336724758148,0.11835724860429764,0.19214023649692535,23.048315048217773,6.328634738922119,5.901090621948242,8.666666666666668e-06,0,22.979099899687572,6443.687048899999
58800,1.0249087810516357,0.15511228144168854,0.16593536734580994,0.12918154895305634,0.17638930678367615,22.229469299316406,7.036323547363281,5.773678302764893,8.000000000000008e-06,0,22.955815083298642,6452.399438299995
58900,0.9474667310714722,0.1619589775800705,0.17522211372852325,0.13691090047359467,0.18780313432216644,22.15376091003418,7.015195369720459,5.87547492980957,7.3333333333333255e-06,0,10.012527574376175,6472.374414499995
59000,1.051186203956604,0.1530209481716156,0.16524064540863037,0.13537567853927612,0.17943710088729858,22.922061920166016,7.271882057189941,6.050314426422119,6.666666666666666e-06,0,23.029336496049993,6481.058989499987
59100,0.9424883723258972,0.1598885953426361,0.1729019284248352,0.14281442761421204,0.19078390300273895,22.135173797607422,6.725691795349121,5.72935152053833,6.000000000000005e-06,0,23.08892585498341,6489.721150800004
59200,1.0329042673110962,0.14721296727657318,0.15844102203845978,0.13567185401916504,0.16531749069690704,20.6837100982666,7.02647590637207,5.887969017028809,5.3333333333333235e-06,0,15.699035178131561,6502.460787199991
59300,1.0073083639144897,0.15768086910247803,0.16936159133911133,0.13116945326328278,0.16651397943496704,22.388696670532227,6.505177021026611,5.785877704620361,4.666666666666664e-06,0,23.089136164306016,6511.122869599989
59400,0.95750492811203,0.1504650115966797,0.16041956841945648,0.12203214317560196,0.17071780562400818,21.305763244628906,6.644402980804443,5.538374423980713,4.000000000000004e-06,0,22.993003918689784,6519.821167599992
59500,0.9798843264579773,0.1530052125453949,0.16586463153362274,0.14138785004615784,0.1843927651643753,22.948898315429688,6.789004802703857,5.67264461517334,3.333333333333344e-06,0,15.589568442945488,6532.650259099988
59600,1.0523995161056519,0.15065878629684448,0.16410762071609497,0.13549908995628357,0.17673413455486298,21.72821044921875,6.77852201461792,5.7452921867370605,2.6666666666666617e-06,0,23.096451926511538,6541.309597799991
59700,0.9727679491043091,0.1536894589662552,0.1652722954750061,0.126766175031662,0.18655262887477875,22.19375991821289,6.391646385192871,5.906886577606201,2.000000000000002e-06,0,15.69502433198476,6554.0524898
59800,1.0020463466644287,0.1552010327577591,0.16519403457641602,0.13537324965000153,0.18082408607006073,21.55255126953125,6.448244094848633,6.023974895477295,1.3333333333333419e-06,0,23.134621088839587,6562.697541700007
59900,1.0118505954742432,0.1616738736629486,0.1721739023923874,0.12885820865631104,0.17859938740730286,22.28346824645996,6.839180946350098,5.553517818450928,6.666666666666599e-07,0,23.121019218008126,6571.347679400002
60000,1.0073449611663818,0.1524648368358612,0.16088351607322693,0.13419973850250244,0.1641884595155716,22.860361099243164,6.689908981323242,5.732722759246826,0.0,0,15.719190618253782,6584.070980799996
