true_label,predicted_label,positive_probability
1,0,0.3481203615665436
0,0,0.37471646070480347
1,1,0.9965554475784302
0,0,0.04717457666993141
1,1,0.6620782017707825
1,1,0.9787153005599976
0,0,8.558464514862862e-08
0,0,0.08890557289123535
0,0,0.3840310275554657
1,1,0.9361577033996582
0,0,0.022243347018957138
1,1,0.8974096179008484
0,0,0.05273151025176048
0,0,0.06098618730902672
1,1,0.9769377708435059
0,0,0.005511829629540443
0,0,0.09652995318174362
0,0,0.036919061094522476
0,0,0.0054337698966264725
1,1,0.9847868084907532
1,1,0.874539315700531
1,0,0.15750251710414886
1,1,0.9996426105499268
0,0,0.010096804238855839
0,0,9.666676987762912e-07
1,1,0.7071753144264221
1,1,0.8358984589576721
0,0,0.0008181055309250951
1,1,0.995776355266571
0,0,0.0007714758976362646
0,1,0.8801750540733337
0,0,0.00044770195381715894
1,0,0.3494194746017456
1,1,0.9578968286514282
1,1,0.9989036321640015
0,0,0.18917430937290192
1,1,0.9392221570014954
1,1,0.9923047423362732
0,0,7.195861202909104e-13
1,1,0.9999229907989502
1,1,0.9971952438354492
1,1,0.9892249703407288
1,1,0.9999876022338867
0,0,0.09240662306547165
0,0,0.00019137874187435955
0,0,0.025981221348047256
1,1,0.9958770275115967
0,0,0.10425495356321335
1,1,0.8204153776168823
0,0,0.007550960406661034
0,0,0.011518324725329876
0,0,0.06692873686552048
1,1,0.9369179010391235
0,0,0.18915970623493195
1,1,0.9934996366500854
1,1,0.8485686182975769
1,1,0.9995081424713135
1,1,0.9977359771728516
0,0,0.1374625861644745
0,0,0.008686186745762825
1,1,0.9971601963043213
0,0,0.01482382696121931
1,1,0.9872589707374573
0,0,0.018866702914237976
0,0,0.0008885797578841448
1,1,0.9562082290649414
1,1,0.9725058674812317
1,1,0.999990701675415
1,1,0.9944781064987183
0,0,0.2695481777191162
1,1,0.9939536452293396
1,0,0.30681493878364563
0,0,0.13946330547332764
1,1,0.6995899081230164
1,0,0.17364870011806488
0,0,0.1590123027563095
1,1,0.9998942613601685
1,1,0.9991158843040466
1,1,0.9914371371269226
0,0,1.705182306466213e-08
0,0,0.00015073016402311623
0,0,0.3955771327018738
1,1,0.9979745745658875
1,1,0.99305659532547
0,0,0.04036807641386986
0,0,8.129320328009726e-09
0,0,0.13381728529930115
0,0,0.00011941898264922202
0,1,0.6842262744903564
1,1,0.8712842464447021
1,1,0.5769181251525879
1,0,0.41325992345809937
1,1,0.8276723027229309
1,1,1.0
0,0,0.019742298871278763
1,0,0.0032840881031006575
0,0,0.00390843627974391
1,1,0.8899928331375122
0,0,0.00033001802512444556
0,0,0.10873010009527206
1,1,0.9827026128768921
1,1,0.7467920780181885
1,1,0.7952073216438293
1,1,0.9999984502792358
1,1,0.9764997959136963
0,0,0.09826537221670151
1,0,0.20605605840682983
0,0,0.002424148377031088
0,0,0.04341809079051018
0,0,0.00014741461200173944
0,1,0.8727651238441467
0,0,0.0917956754565239
0,0,0.0012363801943138242
0,0,0.0003682508831843734
1,1,0.9308055639266968
0,0,0.0019703966099768877
1,1,0.9935503005981445
0,0,0.01245155930519104
0,0,0.05364492908120155
0,0,0.0022613832261413336
1,1,0.9971545934677124
1,1,0.7708101868629456
0,0,0.005418636370450258
0,0,6.901290180394426e-05
1,1,0.9999841451644897
1,1,0.6739381551742554
0,0,0.08028432726860046
1,1,0.9889088273048401
1,0,0.4612741470336914
1,1,0.9965992569923401
0,0,0.0004140168603044003
1,1,0.803089439868927
1,1,0.7957289218902588
1,1,0.784700334072113
1,1,0.9643757343292236
0,0,0.008796283975243568
0,0,0.048013217747211456
1,1,0.9999959468841553
0,0,4.342467218521051e-05
0,0,8.861671813065186e-05
1,1,0.8836292624473572
1,1,0.8519773483276367
1,0,0.44943782687187195
1,1,0.9885398745536804
1,1,0.9957857728004456
1,1,0.9999613761901855
0,1,0.8021764755249023
1,1,0.9902492165565491
1,1,0.9869590401649475
1,1,0.9359535574913025
0,0,0.00037472325493581593
0,0,0.06354085355997086
1,1,0.9997957348823547
1,1,0.5968096256256104
1,1,0.9981094598770142
1,1,0.9992631077766418
1,0,0.2475641369819641
0,0,0.19628582894802094
0,0,0.3438636064529419
0,0,1.3242725799500477e-05
0,0,0.05138658732175827
1,1,0.9384831190109253
1,1,0.9999420642852783
0,1,0.8780788779258728
0,0,0.005163881462067366
1,1,0.5142044425010681
1,1,0.9541886448860168
1,1,0.9999959468841553
0,1,0.8714005351066589
1,1,0.9254881739616394
1,1,0.9524407982826233
1,1,0.9932482242584229
1,1,0.8663890957832336
1,1,0.9985226988792419
1,1,0.8571587204933167
1,1,0.999279797077179
0,0,0.00033618509769439697
1,1,0.8556568026542664
1,1,0.9300524592399597
0,0,0.03279738128185272
1,1,0.9996009469032288
0,0,0.07305021584033966
1,1,0.9136215448379517
1,1,0.6547553539276123
0,0,0.00517492089420557
1,1,0.9799571633338928
1,1,0.9999561309814453
1,1,0.8939383029937744
0,0,0.0010466548847034574
0,0,1.8967108417200507e-06
1,1,0.9808306694030762
0,0,0.4577338397502899
0,0,0.0182034894824028
1,1,0.9987516403198242
1,1,0.9999854564666748
1,1,0.862845242023468
0,0,0.0010406391229480505
0,0,0.03177199885249138
0,0,0.1301637589931488
1,1,0.9154425859451294
1,1,0.9970619082450867
0,1,0.9055085182189941
0,0,0.14253823459148407
1,1,0.9926215410232544
0,0,0.00850232969969511
0,0,0.07712611556053162
1,1,0.7078649997711182
1,1,0.9994789958000183
0,0,0.012570273131132126
0,0,0.009728825651109219
0,0,0.07305966317653656
0,0,0.03603822737932205
0,0,0.08016451448202133
0,0,0.007586523424834013
0,0,0.2445881962776184
1,1,0.9996970891952515
0,0,1.0030116737169692e-09
0,0,0.0021716197952628136
0,0,0.007298941724002361
1,1,1.0
0,0,0.32449543476104736
1,1,0.9995715022087097
1,1,0.9995586276054382
1,1,0.9868355989456177
1,1,0.973150372505188
0,0,0.002341857645660639
0,0,0.10264918208122253
1,0,0.4749479591846466
0,0,4.170910415268736e-06
1,1,0.9941555261611938
1,1,0.9132338166236877
0,0,0.0014004416298121214
1,1,0.9998268485069275
1,1,0.9795050024986267
0,0,0.40795478224754333
0,0,0.11512543261051178
0,0,0.0030929837375879288
1,1,0.9195212721824646
0,0,0.11805401742458344
0,0,0.03904108330607414
1,1,0.7431595921516418
1,0,0.4142492115497589
0,0,0.0009693459724076092
1,1,0.9973823428153992
0,0,0.03538782149553299
0,0,0.0006207795813679695
1,1,0.9989998936653137
0,0,0.2921258509159088
0,0,0.014981287531554699
0,1,0.5661321878433228
1,1,0.7803337574005127
0,0,0.19519846141338348
1,1,0.9702487587928772
0,0,0.14790737628936768
1,1,0.9810532927513123
1,0,0.268194317817688
0,0,8.28084084787406e-05
0,0,0.00019248189346399158
0,0,0.015392770990729332
0,0,0.0458076186478138
0,0,0.0002862238325178623
1,1,0.9999951124191284
1,1,1.0
0,0,4.153129395945143e-08
1,0,0.04127797484397888
0,0,0.008237756788730621
0,0,0.0026094771455973387
0,0,0.002359208418056369
1,1,0.893941342830658
0,0,0.00038238047272898257
0,1,0.9562194347381592
0,0,0.0016149169532582164
1,1,0.9710450768470764
1,1,0.8403639793395996
0,0,0.007906030863523483
1,1,0.9699673056602478
1,1,0.9986445307731628
0,0,0.11648108065128326
1,1,0.9992456436157227
0,0,0.21072706580162048
1,1,0.5652703642845154
0,0,0.01918586529791355
0,0,0.006551987025886774
0,0,0.0006969465757720172
0,0,0.0012333837803453207
1,1,0.9963819980621338
1,1,0.9700285196304321
0,0,0.0013745006872341037
1,1,0.7769379019737244
0,0,0.05172431096434593
0,0,0.2840768098831177
0,0,0.05803125351667404
1,1,0.9997832179069519
1,1,0.9560779929161072
1,1,0.9305278658866882
1,1,0.9976539015769958
1,1,0.8842108249664307
1,1,0.9985577464103699
0,0,0.17331933975219727
1,1,0.9607659578323364
1,1,0.9444580078125
1,1,0.9988351464271545
1,1,0.999796450138092
0,0,0.019348230212926865
1,1,0.995855987071991
1,1,0.9962902069091797
0,0,0.0004491263534873724
1,1,0.7705773711204529
0,0,0.12255383282899857
1,1,0.999643087387085
1,1,0.999784529209137
1,1,0.9999990463256836
1,1,0.9809201955795288
1,1,0.9920674562454224
1,1,0.998494029045105
0,0,0.02011469565331936
0,0,0.033688485622406006
0,0,0.015198817476630211
0,0,0.0009325147257186472
1,1,0.9747316837310791
1,1,0.9999936819076538
1,1,0.9853615760803223
1,1,0.9988620281219482
0,0,0.0006997461896389723
0,0,0.4227133095264435
1,1,0.9925585985183716
1,1,0.9995249509811401
0,0,0.41621315479278564
0,0,0.08642151206731796
0,0,9.117453009821475e-05
0,0,0.006622607354074717
0,0,2.8427113647921942e-05
0,0,0.0010326402261853218
0,0,5.095434516988462e-06
0,0,0.016365477815270424
1,1,0.982042133808136
1,0,0.3397747278213501
0,0,0.0028317836113274097
1,1,0.996234118938446
1,1,0.9625207781791687
0,1,0.8989247679710388
1,1,0.9750966429710388
0,0,0.4430011212825775
1,1,0.999531626701355
1,1,0.9998694658279419
1,1,0.998263418674469
1,1,0.9730422496795654
0,1,0.9029042720794678
1,1,0.9995618462562561
1,1,0.9972184896469116
1,1,0.9920060038566589
0,0,0.0009030875517055392
0,0,0.13500657677650452
1,1,0.9466069936752319
1,1,0.9999681711196899
1,1,0.9996287822723389
0,0,0.00013961877266410738
0,0,6.811675848439336e-05
1,1,0.9953498840332031
1,1,0.9500101804733276
1,1,0.9824862480163574
0,0,0.0004743751778732985
0,0,0.002892695600166917
1,1,0.702777087688446
1,1,0.9922512173652649
1,1,0.9999102354049683
1,1,0.9969972372055054
1,1,0.9932006001472473
0,0,0.4327176809310913
0,0,0.007897780276834965
0,0,4.289962816983461e-06
1,1,0.975531816482544
0,0,0.009053907357156277
1,1,0.9849767684936523
1,1,0.9962222576141357
0,0,0.04104228317737579
0,0,0.025593597441911697
0,0,0.0010739301797002554
0,0,0.43359267711639404
0,0,0.3988039493560791
0,0,0.09486280381679535
0,0,0.0004668752371799201
0,0,0.014377232640981674
0,0,0.05801207199692726
0,0,0.010835442692041397
0,0,2.8106844183639623e-05
1,1,0.9998911619186401
0,0,0.009984923526644707
0,0,0.004491387400776148
1,1,0.9686084985733032
0,0,0.004770031198859215
0,0,0.0006538604502566159
0,1,0.8600270748138428
1,1,0.9839857220649719
0,0,0.36310717463493347
1,1,0.8918023705482483
1,1,0.999980092048645
1,1,0.9999998807907104
1,1,0.9999514818191528
1,1,0.9998860359191895
1,1,0.9989435076713562
0,0,0.0016896999441087246
0,0,0.19521498680114746
0,0,0.0005943921278230846
1,1,0.9891262054443359
1,1,0.9970415234565735
0,0,0.0819227322936058
0,0,0.011010142974555492
0,1,0.9905593395233154
1,1,0.9805176854133606
0,0,0.00014251229004003108
0,0,0.00634014094248414
0,0,0.03171272948384285
0,0,0.0003383909643162042
0,0,1.6178439636860276e-06
0,1,0.8594546914100647
0,0,0.1011829525232315
1,1,0.9980823993682861
1,0,0.030553387477993965
0,0,0.00840760488063097
1,1,0.9998152852058411
0,0,0.10869482159614563
1,0,0.15051306784152985
1,1,0.9905999302864075
1,1,0.8786130547523499
1,1,0.9999566078186035
1,0,0.16851867735385895
0,1,0.5781279802322388
0,0,0.025986555963754654
0,0,0.008930439129471779
1,1,0.9704375863075256
1,0,0.46183112263679504
1,1,0.9327142238616943
0,0,0.2534615099430084
0,0,0.0001508726563770324
1,1,0.9885974526405334
1,1,0.9996309280395508
0,0,0.1836106926202774
1,1,0.9563307166099548
1,0,0.39836448431015015
1,1,0.8481422662734985
1,1,0.996095597743988
0,0,2.3092674439340044e-07
1,1,0.9084603190422058
0,0,0.0008054126519709826
1,1,0.9490131139755249
1,1,0.5697482824325562
0,0,0.10492793470621109
1,1,0.981351912021637
0,0,0.0036726573016494513
0,0,0.1166815459728241
0,1,0.5092142820358276
0,0,0.00011018471559509635
1,1,0.5120363235473633
0,0,0.31285443902015686
0,0,0.11151433736085892
0,0,0.008856864646077156
0,0,0.06905899941921234
0,0,0.008883165195584297
0,0,0.00026706515927799046
0,0,5.441457687993534e-06
1,1,0.976610004901886
0,0,4.079125517364446e-07
0,1,0.6627436876296997
0,0,0.0033141972962766886
1,1,0.9566213488578796
0,0,0.0032370262779295444
1,1,0.9999490976333618
1,1,0.9372960925102234
0,0,0.023908846080303192
1,1,0.99993896484375
0,0,0.23601536452770233
0,0,0.007019798271358013
0,0,0.0034084224607795477
0,0,0.0005898175877518952
0,0,0.007909996435046196
0,0,0.0014151657233014703
1,1,0.9938732385635376
1,0,0.48967885971069336
0,0,0.16496509313583374
1,1,0.9981521964073181
0,0,0.006074288859963417
0,0,0.005319852381944656
0,0,0.017286375164985657
0,0,0.00017458677757531404
1,1,0.9722229838371277
1,0,0.46977853775024414
1,1,0.9403497576713562
1,1,0.9999983310699463
1,1,0.9848174452781677
0,0,0.025726839900016785
1,1,0.9999984502792358
0,0,1.5633242583135143e-05
0,0,0.0024632259737700224
1,1,0.8644209504127502
1,1,0.8613327741622925
0,0,3.967247175751254e-05
1,1,0.8484904170036316
0,0,0.010151812806725502
0,0,0.042022787034511566
0,0,1.0858838095373358e-06
0,1,0.9386401176452637
1,1,0.8442155718803406
1,1,0.9518250226974487
1,1,0.9942816495895386
0,0,0.019095273688435555
0,0,0.0020934389904141426
0,0,0.04101216420531273
0,0,0.03761214762926102
0,0,0.004436980467289686
1,1,0.9999345541000366
1,1,0.9325329661369324
0,0,0.0036759269423782825
0,0,0.0032676372211426497
1,1,0.9996188879013062
1,1,0.8403617143630981
1,1,0.9948071837425232
1,1,0.9871851801872253
1,1,0.9657653570175171
1,1,0.9536945819854736
0,0,0.0152905797585845
0,0,1.2769560271408409e-05
0,0,2.093349030474201e-05
0,0,0.023542452603578568
0,0,0.015325043350458145
0,0,0.001789532252587378
0,0,3.418495452933712e-06
1,1,0.93077552318573
1,1,0.9790531992912292
1,1,0.5130922794342041
0,0,0.16321413218975067
1,1,0.9874228239059448
0,0,0.0010735205141827464
1,1,0.95374596118927
0,0,0.48547810316085815
1,1,0.5632172226905823
1,1,0.9879145622253418
0,0,0.0007269608322530985
1,1,0.9950513243675232
0,0,0.19194883108139038
0,0,0.006687783636152744
0,0,0.0016229747561737895
0,0,0.00026652743690647185
0,0,0.08235448598861694
0,0,0.07940223813056946
1,1,0.9915375709533691
0,0,0.4849574565887451
1,1,0.9855664968490601
0,0,0.010012133046984673
1,1,0.9976517558097839
0,0,0.4054264426231384
0,1,0.8289587497711182
0,0,0.06101275980472565
0,0,0.058652788400650024
0,0,0.039047468453645706
1,1,0.9985334873199463
1,1,0.9991538524627686
1,1,0.8265306949615479
0,0,0.2303609848022461
0,0,0.005258985795080662
1,1,0.5005667209625244
1,1,0.8130597472190857
0,0,0.043133802711963654
0,0,0.023313995450735092
1,1,0.8316206336021423
1,1,0.9899537563323975
0,0,0.08578751236200333
0,0,0.005248036701232195
1,1,0.9622065424919128
0,0,0.0002675215946510434
0,0,0.010323353111743927
0,0,1.659921144891996e-05
1,1,0.9956867098808289
0,0,0.0005218227743171155
0,0,0.022561954334378242
0,0,0.007283141370862722
0,0,0.20730534195899963
1,1,0.9886172413825989
0,0,0.00025955066666938365
1,1,0.9404969215393066
0,0,0.04969920217990875
1,1,0.9959002137184143
1,1,0.9013673067092896
0,0,0.054102689027786255
0,0,0.07861404120922089
1,1,0.9964054822921753
1,1,0.9149855971336365
0,0,0.04647126793861389
0,0,0.05484814569354057
0,0,5.581531695497688e-06
1,1,0.8444063663482666
1,1,0.8232733011245728
0,0,0.24427367746829987
0,0,0.2659745514392853
1,1,0.9526278972625732
1,1,0.9999997615814209
0,0,0.3416267931461334
0,0,0.048583462834358215
0,0,0.12142513692378998
1,1,0.9549140930175781
0,0,0.31762373447418213
0,0,0.0005839390214532614
0,1,0.911677360534668
0,0,0.005717310588806868
0,0,0.0003028396749868989
0,0,0.11457187682390213
1,1,0.9834014177322388
0,0,0.10520748049020767
1,1,0.8669098615646362
0,0,0.004837281536310911
1,1,0.9859494566917419
0,0,0.0770627036690712
1,1,0.9749559760093689
0,0,0.036921679973602295
1,1,0.9998389482498169
1,1,0.9998278617858887
0,0,0.40491968393325806
1,1,0.9766605496406555
0,0,0.0004461556382011622
1,1,0.9999569654464722
1,1,0.991908073425293
1,1,0.9361395835876465
1,1,0.9892926216125488
1,1,0.9994601607322693
0,0,0.07667061686515808
0,0,0.1958869844675064
1,1,0.9875697493553162
0,0,0.021449804306030273
1,1,0.9999771118164062
1,1,0.9381648898124695
0,0,0.0553678460419178
1,1,0.9993417859077454
1,1,0.999866247177124
0,0,0.21666955947875977
0,0,0.02347523719072342
1,0,0.4797108769416809
0,1,0.7160937190055847
0,0,0.07608186453580856
1,1,0.9998860359191895
1,1,0.9988921284675598
1,1,0.9753456115722656
0,0,0.05217666178941727
0,0,0.013599090278148651
0,0,0.013168827630579472
0,0,0.08028816431760788
1,1,0.7350091934204102
0,0,0.00019472047279123217
0,0,0.29448843002319336
1,1,0.9187782406806946
1,0,0.057026587426662445
1,1,0.9992952346801758
0,0,0.0027106250636279583
0,0,0.00011011130118276924
1,1,0.9985068440437317
0,0,0.001719920663163066
0,0,0.042548924684524536
0,0,0.010023625567555428
0,0,0.003305566031485796
0,0,0.002311165677383542
0,0,0.08925417810678482
1,1,0.9858493804931641
1,1,0.9976392984390259
0,0,0.0055238003842532635
0,0,0.13150525093078613
1,1,0.7786975502967834
1,1,0.9986410737037659
1,1,0.974277675151825
1,1,0.9943994879722595
1,0,0.4246373474597931
0,0,2.944473089883104e-05
0,0,0.025436852127313614
1,1,0.9218617081642151
1,1,0.9460926651954651
0,0,4.589847958413884e-05
1,1,0.9857677817344666
0,0,0.0021904734894633293
1,1,0.9597449898719788
0,0,0.0026814076118171215
1,1,0.8332992792129517
1,1,0.996469259262085
1,1,0.9601710438728333
0,0,0.01654173992574215
0,0,0.0009928481886163354
0,0,0.025703441351652145
0,0,0.16369904577732086
1,1,0.9991046786308289
1,1,0.640727698802948
0,0,0.08073082566261292
0,0,0.0021229591220617294
1,0,0.37910589575767517
1,0,0.4781208336353302
0,0,0.0008267865050584078
0,0,0.26586708426475525
0,1,0.984548807144165
1,1,0.9762867093086243
1,1,0.9925811290740967
0,0,0.018225155770778656
1,1,0.9754417538642883
0,0,0.09947630017995834
0,0,0.18900899589061737
1,1,0.7601133584976196
1,1,0.9999569654464722
0,0,0.0486515611410141
0,0,0.018186597153544426
0,0,0.048093728721141815
1,0,0.009911999106407166
1,1,0.9977699518203735
1,1,0.7461338043212891
0,0,0.018345527350902557
0,0,0.09729001671075821
1,1,0.9995529055595398
0,0,0.04122999310493469
0,0,0.2083861082792282
0,0,0.0005730182747356594
1,1,0.9174730777740479
1,1,0.9700192213058472
0,0,0.07433812320232391
0,0,0.038889139890670776
0,0,0.12587732076644897
0,0,0.10969303548336029
1,1,0.9974594712257385
0,0,0.013826818205416203
1,1,0.9986811280250549
0,0,2.0403631424414925e-06
0,0,0.34834548830986023
0,0,0.0045174648985266685
1,1,0.9992378950119019
1,1,0.8367115259170532
1,1,0.9997773766517639
0,0,0.04510164633393288
0,0,0.3685232698917389
0,0,0.013634975999593735
0,0,0.14579230546951294
0,0,0.0001456649333704263
1,0,0.00440281443297863
1,1,0.9516363739967346
1,1,0.999702513217926
0,0,0.20424184203147888
0,0,0.02245854213833809
0,0,0.00306369224563241
1,0,0.18557646870613098
1,1,0.9472959637641907
1,1,0.9998742341995239
1,1,0.9864658713340759
0,0,0.08750394731760025
0,0,0.012318950146436691
0,0,0.02697221376001835
1,0,0.3363582491874695
1,1,0.9991633892059326
0,0,0.024483053013682365
1,1,0.9979326725006104
1,1,0.9894630312919617
0,0,0.0001492002629674971
1,1,0.9721603393554688
1,0,0.33626630902290344
0,0,0.005832639988511801
0,0,0.0001366602664347738
0,1,0.705632746219635
1,1,0.9109863042831421
0,1,0.7924606204032898
1,1,0.9032429456710815
1,1,0.9992715716362
1,1,0.9103188514709473
1,1,0.9998082518577576
0,0,0.12254559993743896
0,0,0.09952089935541153
1,1,0.9882469773292542
0,0,9.898769349092618e-05
0,0,0.1976136416196823
0,0,0.0017085382714867592
1,0,0.28117606043815613
0,0,0.2125697284936905
1,1,0.7372471690177917
1,1,0.8841903209686279
1,1,0.9988466501235962
0,0,0.09467574208974838
1,1,0.9910492897033691
1,1,0.9981842637062073
1,1,0.983974277973175
0,0,6.546152144437656e-05
1,1,0.9945465326309204
0,1,0.5747400522232056
0,0,0.003400045447051525
1,1,0.9974777102470398
0,0,0.083378866314888
0,0,0.12083681672811508
0,0,0.012957689352333546
0,0,0.013482354581356049
0,0,0.031463440507650375
1,1,0.5456050634384155
0,1,0.5569572448730469
0,0,1.076191256288439e-05
0,0,0.1602790206670761
0,0,0.048618417233228683
0,0,0.000168896876857616
0,0,0.012686952017247677
0,0,0.04099437594413757
0,0,1.319390094067785e-06
0,0,0.12994688749313354
0,0,0.001172335585579276
0,0,0.10285985469818115
0,0,0.11576477438211441
0,0,0.05130048096179962
0,0,0.000605961075052619
0,0,0.04947398602962494
1,1,0.9916451573371887
0,0,0.0023684133775532246
0,0,0.0016335268737748265
0,0,0.003212065901607275
0,0,0.00016625407442916185
0,0,0.24776753783226013
1,1,0.9968400001525879
1,1,0.6993251442909241
0,0,0.012023386545479298
0,0,0.0016596753848716617
1,1,0.9993857145309448
0,0,0.0011076772352680564
0,0,0.0849420353770256
0,0,0.00962128583341837
0,0,0.0007524624234065413
1,1,0.7846080660820007
1,1,0.9588770270347595
0,0,5.1651080866577104e-05
1,1,0.627497673034668
1,1,0.9866747260093689
0,0,0.004114946350455284
1,1,0.7521528601646423
1,1,0.9991063475608826
0,0,0.11123321950435638
0,0,0.03009241633117199
0,0,0.09628769010305405
0,0,0.0027236132882535458
0,0,0.005145050585269928
0,0,0.04989708214998245
0,1,0.8741201162338257
1,1,0.997179388999939
0,0,0.028399420902132988
1,1,0.5576293468475342
1,1,0.999546229839325
1,1,0.9999899864196777
1,1,0.9694226384162903
0,0,0.0905139148235321
1,1,0.9772937893867493
1,1,0.9999879598617554
0,0,0.0115511454641819
1,1,0.9990556836128235
1,1,0.9838346242904663
1,1,0.8040242195129395
1,1,0.9378923773765564
1,1,0.8699316382408142
1,1,0.9997114539146423
0,0,0.0037596586626023054
1,1,0.9940297603607178
0,0,0.0214371420443058
0,0,0.11091400682926178
1,1,0.9691060185432434
1,1,0.9894682765007019
0,0,0.02241496555507183
1,1,0.9999269247055054
1,1,0.9989116191864014
1,1,0.9983616471290588
1,1,0.6744089722633362
1,1,0.999964714050293
1,1,0.5589744448661804
1,1,0.8882890343666077
1,1,0.9978055357933044
1,1,0.9992265701293945
1,1,0.9998804330825806
0,0,0.42892253398895264
1,1,0.999629020690918
1,1,0.999792754650116
1,1,0.749656617641449
1,1,0.9418354630470276
1,1,0.989328920841217
1,1,0.9567590355873108
1,1,0.8899468779563904
1,1,0.7944813966751099
0,0,0.034636493772268295
0,1,0.9319564700126648
0,0,0.021181201562285423
1,1,0.9999614953994751
1,1,0.9954570531845093
1,1,0.6534997224807739
0,0,0.004963702522218227
1,1,0.9986202716827393
0,1,0.5785463452339172
0,0,0.00023130522458814085
0,0,0.040313124656677246
0,0,0.2243671417236328
1,1,0.8132648468017578
1,1,0.9946204423904419
1,1,0.6879151463508606
0,0,0.0003198826452717185
1,1,0.9940500855445862
0,0,0.008126484230160713
0,0,0.023932432755827904
0,0,0.002653074450790882
1,0,0.4539862871170044
0,0,0.0073033967055380344
1,1,0.9966669678688049
1,1,0.9999914169311523
0,0,0.016822533681988716
1,1,0.9749515652656555
0,1,0.5785619616508484
0,0,0.0016876220470294356
0,0,0.11561010032892227
1,1,0.9697413444519043
0,0,0.0007995321648195386
1,1,0.999977707862854
1,1,0.9988759160041809
1,1,0.8685612678527832
1,1,0.8439555764198303
1,0,0.3827351927757263
1,1,0.998890221118927
1,1,0.9875655770301819
1,1,0.9993798732757568
1,1,0.9999815225601196
1,1,0.9999346733093262
0,0,0.0012206173269078135
1,1,0.9744688868522644
0,0,0.02541053481400013
1,1,0.8058183789253235
0,0,0.0005199018632993102
0,0,0.07190747559070587
1,1,0.9801974296569824
1,1,0.999790370464325
1,1,0.9946078062057495
0,0,0.05739391967654228
0,0,0.01003302726894617
0,0,0.08501298725605011
1,0,0.2705079913139343
0,0,0.0017692736582830548
0,0,0.002869865857064724
0,0,0.13546812534332275
0,0,2.289959999401958e-09
0,0,0.00016301845607813448
0,0,0.035363439470529556
0,0,0.0004325280024204403
1,1,0.877238392829895
1,1,0.9711648225784302
0,1,0.7997956871986389
1,1,0.6461878418922424
0,0,0.0038411642890423536
1,1,0.99998939037323
1,1,0.9490877389907837
1,1,0.9682027101516724
0,0,0.07313534617424011
1,1,0.8018421530723572
0,1,0.5339661240577698
0,0,0.0005449674790725112
1,1,0.9478865265846252
0,0,0.009543885476887226
1,1,0.9970980882644653
1,1,0.7366137504577637
1,1,0.7011305093765259
1,1,0.9206217527389526
0,0,0.20362205803394318
0,0,0.08869975060224533
0,0,0.018498225137591362
0,0,0.0003797027748078108
0,0,0.0794370248913765
0,0,0.08351337909698486
0,0,2.3177091357240442e-09
1,1,0.9106168746948242
0,0,1.2428252871288237e-13
1,1,0.9785969257354736
0,0,3.87983163818717e-05
0,0,0.08225727081298828
0,0,0.06275912374258041
0,1,0.665441632270813
0,1,0.5217137932777405
1,1,0.9684532880783081
0,0,0.026242533698678017
0,0,0.00023028110445011407
0,0,0.0008628918440081179
1,1,0.8258584141731262
1,1,0.7321311831474304
1,1,0.9991845488548279
0,0,0.10210949927568436
0,0,0.0017765428638085723
1,1,0.8992778062820435
1,1,0.9996315240859985
1,1,0.9996168613433838
1,1,0.8985787034034729
1,1,0.863373339176178
1,1,0.9999767541885376
0,0,0.0007107109995558858
1,1,0.7544631958007812
0,0,0.25277987122535706
0,0,0.007658445741981268
1,1,0.8702790141105652
0,0,0.028414595872163773
0,0,0.1529267579317093
1,1,0.9961791038513184
0,0,0.007370617240667343
0,0,0.3547220230102539
1,1,0.7403544783592224
0,0,0.13311459124088287
0,0,0.025375569239258766
0,0,0.2166750133037567
0,0,0.0026963611599057913
1,1,0.9999721050262451
0,0,0.00028995148022659123
0,0,0.013250019401311874
0,0,0.0016905905213207006
1,1,0.9790986776351929
0,1,0.5253063440322876
0,0,0.18290500342845917
1,0,0.11588916182518005
0,0,7.987643039086834e-05
0,0,0.42065340280532837
1,1,0.9339616298675537
1,1,0.9999996423721313
1,1,0.9924446940422058
1,1,0.9575590491294861
0,0,0.11984073370695114
1,1,0.9907110333442688
0,0,0.0029075779020786285
1,1,0.946851372718811
1,1,0.9907792806625366
1,1,0.9902370572090149
1,1,0.9998329877853394
1,1,0.9703740477561951
0,1,0.5527616739273071
1,1,0.9552305340766907
1,1,0.9999977350234985
0,0,0.12251970916986465
1,1,0.9842318296432495
1,1,0.6628961563110352
0,0,9.225123903888743e-06
1,1,0.8071095943450928
0,0,0.043139535933732986
1,1,0.9992800354957581
0,0,0.002234369982033968
0,0,0.0008343231165781617
0,0,0.22256043553352356
0,0,0.007711335085332394
1,1,0.9753488898277283
0,0,0.4622005820274353
1,1,0.9765251874923706
0,0,0.023025693371891975
1,1,1.0
1,1,0.9994183778762817
1,1,0.9995360374450684
1,1,0.999997615814209
1,1,0.9396507740020752
1,1,0.9811474680900574
0,0,0.028358731418848038
0,0,1.2241107469890267e-05
1,1,0.9991657733917236
0,0,0.01146558579057455
1,1,0.99962317943573
0,0,0.020970819517970085
0,0,0.0006498784641735256
0,0,0.021222684532403946
0,0,0.001181963481940329
0,0,0.0007232590578496456
0,0,0.02619277499616146
1,1,0.8280947208404541
1,1,0.9969719648361206
1,1,0.9022002220153809
1,1,0.9945986270904541
0,0,0.34588855504989624
1,1,0.9940869808197021
1,1,0.8792640566825867
0,0,0.0008898925152607262
1,1,0.999932050704956
1,1,0.7030421495437622
0,1,0.5273458361625671
0,0,0.0011391958687454462
0,0,3.8606538055319106e-07
0,0,0.23879335820674896
0,0,0.02896319143474102
1,1,0.9560126066207886
1,1,0.8692648410797119
0,0,0.00034634684561751783
0,0,0.005684438161551952
1,1,0.9981288313865662
0,0,0.03356754034757614
0,0,0.4313935339450836
0,1,0.6110063791275024
1,1,0.9888858795166016
1,1,0.9999251365661621
0,0,1.3895975143896067e-06
1,1,0.9986703395843506
0,0,0.00041389750549569726
1,1,0.9999773502349854
0,0,0.04303327947854996
0,0,0.00033636559965088964
1,1,0.952095627784729
1,1,0.9867987036705017
0,0,0.004022369161248207
1,1,0.9999244213104248
0,1,0.6410776376724243
0,0,0.2946919798851013
1,1,0.988914430141449
1,1,0.7050179839134216
1,1,0.9156737327575684
1,1,0.9984970092773438
0,0,0.0001806776854209602
0,0,0.2059871405363083
1,1,0.9458403587341309
1,1,0.9999314546585083
0,0,0.1951989233493805
1,1,0.9992934465408325
0,0,0.0019313901429995894
1,1,0.9531118273735046
1,1,0.7647950649261475
0,0,0.003575593465939164
0,0,0.4037072956562042
0,0,2.0666526268087182e-07
0,0,0.00027147665969096124
0,0,0.014637470245361328
0,0,0.003088443772867322
1,1,0.9611184000968933
1,1,0.9531838893890381
0,0,0.016982484608888626
0,0,0.00086539814947173
0,0,0.17003723978996277
0,1,0.5942962765693665
0,0,0.02234700694680214
0,0,0.003100613597780466
1,1,0.997204065322876
1,0,0.025291532278060913
0,0,0.0018752829637378454
1,1,0.9945863485336304
0,0,0.0010716639226302505
1,1,0.946966290473938
0,0,0.04386796057224274
1,1,0.9989438652992249
1,1,0.9492017030715942
1,0,1.8222685582713893e-08
1,1,0.9985144734382629
1,1,0.991806149482727
1,1,0.9679205417633057
1,1,0.9457841515541077
1,1,0.9976884126663208
0,0,4.577320214593783e-05
0,0,0.013731254264712334
0,0,0.11788755655288696
1,1,0.9999966621398926
1,1,0.9999579191207886
1,1,0.8661144971847534
1,1,0.9999970197677612
0,0,0.0006029969081282616
0,0,0.015017774887382984
1,1,0.6911550164222717
1,1,0.9193648099899292
0,0,0.0028168472927063704
1,0,0.4892960488796234
0,0,0.0108523890376091
0,0,0.4825618863105774
1,1,0.9966813921928406
1,1,0.9999816417694092
0,0,0.06655821204185486
0,0,0.21252353489398956
0,0,0.01038737315684557
0,1,0.7455462217330933
1,1,0.998258650302887
0,0,0.02256111428141594
0,0,0.0002638785808812827
0,1,0.9668591022491455
0,0,0.002966854488477111
0,0,0.03326538950204849
0,0,0.00728077394887805
0,0,0.0008355295867659152
1,0,0.08093330264091492
0,0,0.00044528060243465006
0,0,3.9188216760521755e-06
0,0,0.00019693268404807895
0,0,0.07841592282056808
0,0,0.0032569249160587788
0,0,2.6831505905988706e-08
1,1,0.994269609451294
1,1,0.9535460472106934
0,0,0.005243883468210697
0,0,0.01317800022661686
0,0,1.3082629266136792e-05
1,1,0.9979217648506165
0,0,0.054560016840696335
0,0,0.016657454892992973
1,1,0.9694800972938538
0,0,0.0715111643075943
0,0,3.8664238672936335e-05
0,0,0.0027034878730773926
0,0,0.2038545459508896
1,1,0.971699059009552
0,0,0.0005991157377138734
1,1,0.9973451495170593
1,1,0.9999932050704956
1,1,0.9991027116775513
0,0,0.003466943744570017
1,1,0.9079774022102356
1,1,0.9942619800567627
0,1,0.7789632081985474
1,1,0.982205331325531
0,0,0.15790940821170807
1,1,0.7647119164466858
1,1,0.502992570400238
1,1,0.9916913509368896
0,0,0.11476145684719086
1,1,0.9554555416107178
1,1,0.9401469826698303
1,1,0.7678612470626831
0,0,0.027120549231767654
0,1,0.5256752967834473
1,1,0.9995719790458679
0,0,0.015675775706768036
0,0,0.0029492834582924843
1,1,0.8736159801483154
1,1,0.9993477463722229
0,0,0.03202550858259201
1,1,0.9910706281661987
0,0,1.767811227182392e-06
0,1,0.9523833990097046
0,0,0.007899783551692963
0,0,0.103858083486557
0,0,9.710412030017324e-08
0,0,0.007819357328116894
0,0,0.09835106879472733
1,1,0.9966816306114197
1,1,0.9997918009757996
1,1,0.9374271631240845
0,0,0.04312952980399132
0,0,0.006271147634834051
0,0,0.3138898015022278
0,0,0.42016956210136414
0,0,0.030234837904572487
0,1,0.9666286110877991
0,0,4.837954747927142e-07
1,1,0.9999985694885254
0,0,0.3020251989364624
0,0,0.0006754764472134411
1,1,0.9117164015769958
0,0,0.010824053548276424
0,0,0.0039723035879433155
0,0,0.0008670882671140134
0,0,0.0015288309659808874
1,0,0.06742777675390244
0,0,0.0005475857178680599
0,0,0.023592475801706314
0,0,6.381280400091782e-06
0,0,0.010074524208903313
0,0,0.0037804204039275646
1,1,0.8151355385780334
1,1,0.9984533786773682
0,0,0.007613492663949728
0,1,0.6462134718894958
1,1,0.974449872970581
0,0,0.023486165329813957
1,1,0.9727148413658142
0,0,4.9826263420982286e-05
1,1,0.9971898198127747
0,1,0.5603461265563965
1,1,0.7202924489974976
1,1,0.9984183311462402
0,1,0.9097025990486145
1,1,0.979518473148346
0,0,0.003251035464927554
1,1,0.9890390634536743
0,1,0.918336808681488
1,1,0.9144048094749451
1,1,0.9425402283668518
0,0,6.53306278763921e-06
0,0,0.0018175937002524734
1,1,0.7808013558387756
1,1,0.9718828797340393
1,1,0.970710039138794
0,0,0.003074194537475705
1,1,0.9917150139808655
1,1,0.9936256408691406
1,1,0.9258740544319153
0,0,0.36990752816200256
0,0,0.02400665171444416
0,0,0.0001547952415421605
1,1,0.9863907098770142
0,0,0.010001222603023052
0,1,0.805057168006897
1,1,0.9913698434829712
0,0,0.1038079634308815
0,0,0.10671856999397278
1,1,0.9999372959136963
0,0,0.19016285240650177
0,0,0.013945367187261581
1,1,0.927597165107727
0,0,0.0004448149702511728
0,0,0.00017185676551889628
0,0,0.0007585959974676371
1,1,0.9996519088745117
1,1,0.9976412057876587
0,0,0.04685061052441597
1,1,0.9999489784240723
1,1,0.8554635643959045
1,1,0.9998524188995361
0,0,0.49937939643859863
1,1,0.999113142490387
1,1,0.9445998668670654
1,1,0.999777615070343
0,0,0.02969476208090782
0,0,0.07247774302959442
0,0,0.12888461351394653
1,1,0.8927015066146851
0,0,0.01223951205611229
0,0,0.12394911050796509
0,0,0.14800144731998444
0,0,0.16871939599514008
0,0,8.322831313023471e-09
0,0,0.005711477715522051
1,1,0.9960105419158936
0,0,0.06130719929933548
1,1,0.930029571056366
1,1,0.9994810223579407
1,1,0.9990144968032837
1,1,0.9999263286590576
0,0,0.004904748871922493
1,1,0.9995504021644592
1,1,0.9976847171783447
0,0,0.09386400878429413
1,1,0.9995964169502258
0,0,0.0017984340665861964
0,0,0.0044564600102603436
1,1,0.9961320161819458
1,1,0.9998996257781982
1,1,0.9993447661399841
0,0,0.028637563809752464
0,0,0.1676734983921051
0,0,0.4519394338130951
1,1,0.9998646974563599
0,0,0.1787845343351364
1,1,0.9999896287918091
1,1,0.9985519051551819
0,0,0.2231985330581665
1,1,0.8885252475738525
1,1,0.9057506918907166
0,0,0.3440045118331909
1,1,0.8553851246833801
0,0,0.08869065344333649
1,1,0.8840247392654419
0,0,0.014438723213970661
0,0,0.36472728848457336
1,1,0.7581130862236023
1,1,0.9787347316741943
1,1,0.9990348815917969
1,1,0.9811967015266418
1,1,0.9969207048416138
1,0,0.3594319224357605
1,1,0.9998772144317627
1,1,0.9991231560707092
1,1,0.9998189806938171
1,1,0.9909096360206604
1,1,0.9992712140083313
1,1,0.8978146314620972
1,1,0.9988787770271301
1,1,0.9942574501037598
1,1,0.9958950281143188
1,1,0.9895319938659668
1,1,0.9997718930244446
1,1,0.9999974966049194
1,1,0.9999285936355591
1,1,0.9982748031616211
1,1,0.9999728202819824
0,0,0.03420569375157356
1,1,0.9997743964195251
1,1,0.9842294454574585
0,0,0.00034498010063543916
1,0,0.3735508918762207
1,1,1.0
1,1,0.9999010562896729
1,1,0.998805046081543
0,0,0.001220880774781108
0,0,0.003977831918746233
0,0,0.18213242292404175
0,0,0.3433989882469177
1,1,0.9908657670021057
1,1,0.9877175092697144
0,0,0.0026454483158886433
0,0,1.776299882294552e-06
0,0,0.15663860738277435
1,0,0.483196496963501
1,1,0.9995597004890442
0,0,0.013787893578410149
0,0,2.754631509560568e-07
0,0,0.10609103739261627
0,0,0.00023035707999952137
1,1,0.981365442276001
1,1,0.9794021844863892
1,1,0.8498075008392334
1,1,0.9999915361404419
1,1,0.9367873072624207
1,1,0.9216442704200745
1,1,0.5663397312164307
0,0,0.0004695850657299161
0,0,5.9227069868939e-05
1,1,0.9731508493423462
0,0,0.0016735538374632597
0,0,0.172438383102417
1,1,0.9888545274734497
0,0,0.130518838763237
1,0,0.26078981161117554
1,0,0.3385312855243683
1,0,0.17354531586170197
0,0,8.859517947712447e-06
0,0,0.13744866847991943
1,1,0.9242686033248901
0,0,0.028104886412620544
1,0,0.14957216382026672
1,1,0.9514471888542175
1,1,0.9999939203262329
1,1,0.9962691068649292
0,0,0.1633216291666031
1,1,0.9907984733581543
0,0,0.031650494784116745
1,1,0.9944475889205933
0,0,8.014559682578692e-09
0,0,0.25038281083106995
0,0,0.0010852188570424914
1,1,1.0
0,0,0.0018402131972834468
0,0,0.02464948780834675
1,1,0.9987457990646362
1,1,0.9999130964279175
1,1,0.9387721419334412
0,0,0.03240690007805824
0,0,0.019472815096378326
0,0,0.08188493549823761
0,1,0.6399437785148621
0,0,2.996795592480339e-05
1,1,0.9982894062995911
1,1,0.9954570531845093
1,1,0.9998390674591064
0,0,0.015594829805195332
0,0,0.14192891120910645
1,1,0.988045871257782
0,0,0.16814996302127838
1,1,0.6661455035209656
0,0,2.5474381004642055e-07
0,0,6.204637088558229e-07
0,0,0.0003338196547701955
0,0,0.01731744408607483
0,0,1.6679439795552753e-05
0,0,9.692491585155949e-05
0,0,0.0015562026528641582
1,1,0.9997863173484802
0,1,0.5111173391342163
0,0,3.765942165045999e-05
1,1,0.8267090320587158
1,1,0.5775913000106812
0,0,0.0564374215900898
0,0,0.015362981706857681
0,0,0.05011367052793503
0,0,0.00032287390786223114
1,1,0.9709378480911255
1,1,0.8822639584541321
0,0,0.006457995623350143
1,1,0.9996352195739746
0,0,0.01138689462095499
0,0,9.889117080774668e-08
0,0,0.0021648791152983904
0,0,0.0013091441942378879
1,1,0.974881649017334
1,1,0.9662350416183472
0,0,0.3069920539855957
1,1,0.8972721099853516
0,0,0.012481515295803547
0,0,0.01222678367048502
1,1,0.8749539852142334
0,0,0.1007787212729454
1,1,0.9965468049049377
0,0,0.0010059657506644726
1,1,0.9999270439147949
1,1,1.0
0,0,0.0013140873052179813
1,1,0.9128472805023193
0,0,0.018010731786489487
0,0,0.0070801652036607265
0,0,0.06264781206846237
0,0,0.003944561816751957
1,1,0.9911439418792725
0,0,0.014590118080377579
0,0,0.000493974715936929
0,0,0.03644919395446777
0,0,0.014096273109316826
1,1,0.9999408721923828
1,1,0.8556408882141113
1,1,0.9980021119117737
1,1,0.9999862909317017
0,0,0.0016641848487779498
1,1,0.9546627402305603
0,0,0.00018870728672482073
1,1,0.987382709980011
0,0,0.04140932857990265
0,0,0.025754893198609352
0,0,0.11628875881433487
0,0,0.1706838458776474
0,0,0.006608452182263136
0,0,0.007168657146394253
1,1,0.998616099357605
1,1,0.9963758587837219
0,0,0.030761471018195152
1,1,0.9997994303703308
0,0,0.07153922319412231
1,0,0.03817719593644142
1,1,0.8202142715454102
0,0,0.000977369025349617
0,0,0.032977841794490814
0,0,0.007043009623885155
0,0,0.011741263791918755
0,0,3.017535709659569e-05
1,1,0.9999911785125732
0,0,0.004192270804196596
1,0,0.4143202602863312
0,0,0.013116979971528053
1,1,0.9999890327453613
1,1,0.9991574287414551
1,1,0.9998711347579956
0,0,0.15556463599205017
1,1,0.999200165271759
1,1,0.999998927116394
1,1,0.9998546838760376
1,1,0.9997944235801697
1,1,0.56871497631073
1,1,0.959038257598877
0,0,0.007679016795009375
1,1,0.9899965524673462
0,0,0.005685499869287014
1,1,0.9857203364372253
0,0,0.0001655785454204306
0,0,0.0024581204634159803
1,1,0.9992444515228271
1,1,0.93467777967453
0,0,0.09790249913930893
0,0,0.00473635783419013
1,1,0.9890161156654358
1,1,0.6441710591316223
0,0,0.003645966062322259
0,0,0.0008301439811475575
1,1,0.999570906162262
0,0,0.009619618766009808
0,0,5.3114821639610454e-05
0,0,7.408333658531774e-06
1,1,0.9998834133148193
0,0,0.0037085774820297956
1,1,0.9734370112419128
1,1,0.7678515911102295
0,0,5.808422187669748e-09
1,1,0.9409050345420837
0,0,0.0024159406311810017
1,1,0.6544209122657776
0,0,0.0006650969735346735
1,1,0.9173229932785034
1,1,0.9612424373626709
0,0,0.012793758884072304
1,1,0.9997921586036682
1,1,0.9997978806495667
1,1,0.998405396938324
1,1,0.9923048615455627
1,1,0.8556386828422546
1,1,0.995519757270813
0,0,9.530237548460718e-06
0,0,0.381034255027771
0,1,0.999887228012085
0,0,0.002153417095541954
0,0,0.0004710322536993772
1,1,0.9629449248313904
1,1,0.9761906266212463
0,0,0.09569026529788971
0,0,0.012444981373846531
0,0,0.005769005510956049
0,0,0.040763791650533676
0,0,8.645965863252059e-06
1,1,0.7309897541999817
0,0,0.18620221316814423
1,1,0.8925287127494812
0,0,0.017151642590761185
1,1,0.9999988079071045
0,0,0.030465027317404747
0,0,0.3997567296028137
0,0,0.0066063362173736095
1,1,0.7964864373207092
1,1,0.9998095631599426
0,0,0.004029871895909309
0,0,0.0025627303402870893
1,1,0.9167660474777222
1,1,0.9999985694885254
1,1,0.9392120242118835
0,0,0.005942062940448523
1,1,0.6807856559753418
1,1,0.998630166053772
1,1,0.9676769971847534
0,0,0.0030315567273646593
0,0,0.0007218578248284757
0,0,0.0010046360548585653
1,1,0.9922713041305542
1,1,0.9997832179069519
0,0,0.00021606577502097934
0,0,0.027587085962295532
0,0,0.06963441520929337
1,1,0.6505028009414673
0,0,0.002367203589528799
1,0,0.034429509192705154
0,0,0.0034600230865180492
1,1,0.9983561635017395
1,1,0.996993899345398
0,0,0.062262266874313354
1,0,0.4705576002597809
0,0,0.058725520968437195
1,1,0.9996585845947266
0,0,0.004270042292773724
0,0,0.005250068381428719
1,1,0.9998400211334229
0,0,0.020076051354408264
1,1,0.7712522745132446
1,1,0.9955878257751465
0,0,0.03021133877336979
1,1,0.9853920340538025
0,0,0.0042450930923223495
1,1,0.9975730776786804
1,1,0.9513500332832336
1,1,0.838642418384552
1,1,0.9999998807907104
0,0,0.003188944887369871
1,1,0.997421383857727
0,0,0.020460816100239754
0,0,0.0002730351116042584
0,0,0.000579957093577832
0,0,0.006853017956018448
1,1,0.9874824285507202
1,1,0.9975742697715759
1,1,0.9899214506149292
0,0,0.0005737598985433578
1,1,0.9836196303367615
1,1,0.9918292164802551
0,0,0.0017342012142762542
0,0,0.002231273101642728
1,1,0.9989181756973267
0,0,0.18668928742408752
1,1,0.9732498526573181
1,1,0.8053631782531738
0,0,0.15073159337043762
1,1,0.8157381415367126
0,0,0.003346384735777974
1,1,0.9815804362297058
0,0,0.0006397609831765294
0,0,0.04816780239343643
0,0,9.077464824258641e-08
0,0,5.6765475164866075e-06
1,1,0.8659945726394653
1,1,0.9053208827972412
0,0,0.0007910685962997377
0,1,0.5020012855529785
1,1,0.9976364374160767
0,0,0.3777748942375183
0,0,0.28754928708076477
1,1,0.9999961853027344
0,0,0.030769797042012215
0,0,0.22943344712257385
0,0,0.08974293619394302
0,0,6.453524292737711e-07
0,0,0.004996821749955416
0,0,0.011482644826173782
0,0,0.042666856199502945
1,1,0.9690835475921631
0,0,0.005494548473507166
1,1,0.8138055205345154
1,1,0.9935789108276367
0,0,0.019257916137576103
0,0,0.0025000397581607103
0,0,0.09672397375106812
1,1,0.9997661709785461
1,1,0.8680918216705322
1,1,0.9965481162071228
0,0,0.0946490541100502
0,0,0.00013578169455286115
1,1,0.9283180832862854
0,0,0.09187492728233337
0,0,0.0005863343831151724
0,0,0.008584089577198029
0,0,3.1579875212628394e-05
1,1,0.9968260526657104
0,0,9.376592061016709e-05
0,0,2.22004691750044e-05
1,1,0.9997534155845642
0,0,0.08698605000972748
1,1,0.9499639272689819
1,1,0.9926835894584656
1,1,0.9999061822891235
1,1,0.9944964051246643
0,0,6.999758284109703e-07
1,1,0.9988948702812195
0,0,0.21145302057266235
1,1,0.7761932611465454
0,0,0.00115090177860111
0,0,0.066393181681633
0,0,5.4689891840098426e-05
0,0,2.3164933736552484e-05
0,0,0.05594659224152565
0,0,0.03314368054270744
1,1,0.9990836381912231
0,0,0.00500895082950592
0,0,0.3847459852695465
0,0,0.1567474603652954
0,0,0.008935737423598766
0,0,0.002562583889812231
0,0,0.0008725679363124073
0,0,0.36487939953804016
0,0,0.0004014531150460243
0,0,0.011763799004256725
0,0,0.3689611554145813
1,1,0.9966918230056763
0,0,0.002235320396721363
0,0,1.1298713786800363e-07
0,0,0.06251338124275208
0,1,0.7264971733093262
1,1,0.7932822108268738
1,1,0.5910345911979675
1,1,0.8080109357833862
1,1,0.9869363903999329
1,1,0.8043702840805054
0,0,0.48150452971458435
0,0,0.28166767954826355
0,0,0.034818682819604874
0,0,0.3881135880947113
1,1,0.9229077696800232
0,0,0.09277460724115372
0,0,4.321088908909587e-07
0,0,0.3149825930595398
0,0,0.1749880015850067
0,0,0.006466761231422424
0,0,0.03478502109646797
0,0,0.2249382585287094
1,1,0.9994315505027771
1,0,0.40671950578689575
0,0,0.003174862824380398
0,0,0.12876994907855988
1,1,0.7752581834793091
0,0,0.0040298206731677055
1,0,0.1494433581829071
0,0,0.15374113619327545
0,0,0.022236965596675873
0,0,0.016582662239670753
1,0,0.33834779262542725
1,1,0.9149256348609924
0,0,0.0007302889134734869
1,1,0.9999486207962036
1,0,0.001940812566317618
1,1,0.9407210350036621
1,0,0.4743623733520508
0,0,0.017300361767411232
1,0,0.42342960834503174
1,1,0.9999512434005737
0,0,0.37164318561553955
1,1,0.9999997615814209
1,1,0.9954304695129395
0,0,0.17468677461147308
0,0,0.11156010627746582
0,0,0.010963774286210537
1,1,0.8812339901924133
0,0,0.12186523526906967
0,0,0.0003152075223624706
1,1,0.5603875517845154
1,0,0.42508721351623535
1,1,0.9991918206214905
0,0,0.06998490542173386
1,1,0.9686750769615173
0,0,0.018186291679739952
0,0,0.0010515868198126554
1,1,0.8804646730422974
1,1,0.8312214016914368
0,0,0.09741943329572678
0,0,0.14257243275642395
1,0,0.2862105965614319
0,1,0.7394856810569763
0,1,0.7011733055114746
1,1,0.9984706044197083
0,0,0.01284843124449253
1,1,0.9245729446411133
1,1,0.79386305809021
0,0,3.21019905102915e-10
0,0,0.05929558351635933
1,1,0.9860345125198364
0,0,0.03728216513991356
0,0,0.005316280759871006
0,0,1.1127495781693142e-05
1,1,0.9990870952606201
1,1,0.9950628876686096
0,0,0.09976596385240555
1,1,0.998612642288208
1,1,0.9992879033088684
1,1,0.7114316821098328
1,1,0.9986876845359802
1,1,0.999998927116394
0,0,0.003946124576032162
1,1,0.8640098571777344
0,0,0.0711807832121849
0,0,0.0008027320145629346
0,0,0.0004937713383696973
0,0,0.09820986539125443
0,0,9.670813597040251e-05
1,1,0.9931535720825195
1,1,0.843889594078064
0,0,0.4118248522281647
1,1,0.99931800365448
0,0,7.248077622534765e-07
0,0,0.03567422181367874
0,0,0.022852031514048576
1,1,0.996917724609375
0,0,7.374216511379927e-05
1,1,0.9575519561767578
1,1,0.9939369559288025
1,1,0.9999840259552002
1,1,0.9988958835601807
1,1,0.9991727471351624
0,0,0.00016278328257612884
0,0,0.19549767673015594
0,0,0.07835699617862701
1,1,0.9120376706123352
1,1,0.9896133542060852
0,0,9.851722279563546e-05
1,1,0.9947683811187744
1,1,0.9987408518791199
0,0,0.011327422223985195
1,1,0.9932087063789368
0,0,0.025028755888342857
1,1,0.99665367603302
0,0,0.0372537225484848
1,0,0.47095176577568054
1,1,0.9919636249542236
1,1,0.9935973882675171
0,1,0.7094454765319824
1,1,1.0
1,1,0.9642485976219177
1,1,0.9349529147148132
1,1,0.9997519850730896
0,0,0.0022580609656870365
0,0,0.35790643095970154
0,0,2.42110058934486e-06
0,0,0.08169819414615631
1,1,0.9968569278717041
0,0,0.013774439692497253
0,0,1.7110489807237172e-06
0,0,0.02665257453918457
0,0,2.22626949835103e-05
0,1,0.5285763740539551
0,0,0.018827514722943306
0,0,0.023896221071481705
0,0,0.008110372349619865
0,0,0.0055385855957865715
0,0,2.6658866225659494e-09
1,1,0.9886658191680908
1,1,0.9964120984077454
0,1,0.7322378754615784
0,0,4.248512141202809e-06
1,1,0.9995595812797546
0,0,0.0378640852868557
1,0,0.47461920976638794
0,0,0.12584270536899567
1,1,0.973707377910614
0,0,0.0989656150341034
0,0,0.034743938595056534
0,0,0.01648646779358387
0,0,0.008230011910200119
1,1,0.9999998807907104
1,1,0.9882517457008362
0,0,0.0219135545194149
0,0,0.08268092572689056
1,1,0.9970752000808716
1,0,0.09930047392845154
0,0,0.023261476308107376
1,1,0.9994454979896545
1,1,0.9550630450248718
0,1,0.5179341435432434
0,0,0.001894771703518927
0,0,0.00014807844127062708
0,0,0.001666572759859264
0,1,0.621817946434021
1,1,0.9981077909469604
0,0,7.538790669059381e-05
1,1,0.8457647562026978
1,0,0.03877813741564751
1,1,0.9399558901786804
0,0,0.05320785194635391
1,1,0.7959412336349487
0,0,0.020981287583708763
1,1,0.9962781071662903
0,0,6.9987611261979055e-09
1,1,0.8240299224853516
1,1,0.998833954334259
0,0,0.0013174657942727208
0,0,0.037192732095718384
0,0,0.0009739339584484696
0,0,0.012125138193368912
0,0,0.005002452991902828
1,1,0.8619152307510376
0,0,3.387622200534679e-06
0,0,0.0006380191771313548
1,1,0.9507263898849487
1,1,0.9804015755653381
0,0,0.0018969752127304673
1,1,0.999821126461029
0,0,2.7571375539992005e-05
0,0,0.00013268213660921901
1,1,0.9999681711196899
1,1,0.9995811581611633
0,0,0.016996562480926514
0,0,0.0006649461574852467
0,0,0.04007095843553543
1,1,0.972021758556366
0,1,0.874792218208313
0,0,0.10065539181232452
1,1,0.9736417531967163
0,0,0.010341346263885498
0,1,0.9785370826721191
0,1,0.9290969371795654
0,0,0.0023172032088041306
1,1,0.9923924207687378
0,0,0.015396754257380962
0,0,0.0008345509995706379
1,1,0.9464866518974304
0,0,0.13284869492053986
0,0,0.05448904260993004
1,1,0.799429714679718
1,1,0.9953488707542419
0,0,0.4595802128314972
1,1,0.9993489384651184
1,0,0.11224697530269623
0,0,0.025613073259592056
0,0,2.6590010747895576e-05
1,1,0.9889793395996094
0,0,0.010311040095984936
1,1,0.9977877140045166
0,0,0.15659593045711517
0,0,0.017944172024726868
1,1,0.9979872703552246
0,0,0.3631216287612915
0,0,3.7049612728878856e-05
1,1,0.9941598176956177
0,0,1.7432073562417827e-08
0,0,0.03799138590693474
1,1,0.8536356687545776
0,0,0.12436749041080475
0,0,0.03391921520233154
0,0,0.0006163427024148405
1,1,0.9997230172157288
1,1,0.9992620348930359
1,1,0.9424647092819214
0,0,1.621094952497515e-06
0,0,0.00032231604564003646
0,0,0.005938377697020769
1,1,0.5750725269317627
0,0,0.002947834087535739
0,0,0.0001275248796446249
0,0,0.08163897693157196
1,1,0.5022483468055725
0,0,0.350981742143631
1,1,0.9443530440330505
0,0,0.05873756855726242
0,0,0.28499627113342285
1,1,0.9999967813491821
1,1,0.9986201524734497
0,0,0.004507932811975479
0,0,0.04914470389485359
1,1,0.8750281929969788
1,1,0.9544329047203064
1,1,0.6118078827857971
1,1,0.9595767259597778
1,1,0.841840386390686
0,0,0.0017412116285413504
1,1,0.9999947547912598
0,0,0.03626558929681778
0,0,0.0006710120360367
0,0,0.17102618515491486
0,0,0.0024326073471456766
0,0,0.00501211266964674
0,0,0.19078950583934784
0,0,0.00022729484771844
1,1,0.9987046718597412
0,0,0.289978563785553
0,0,0.030959874391555786
1,1,0.9977091550827026
0,0,0.10273747891187668
1,1,0.994847297668457
0,0,0.31463831663131714
0,0,0.3005238473415375
0,0,0.038158632814884186
1,1,0.9957088232040405
0,0,0.23631702363491058
0,0,0.000369536952348426
1,1,0.9978329539299011
0,0,0.11527297645807266
1,1,0.9998564720153809
0,0,0.0009019720600917935
0,0,6.349729665089399e-05
1,0,0.4965420961380005
1,1,0.9722999334335327
1,1,0.9920107126235962
1,1,0.745820164680481
0,0,0.11625991016626358
0,0,3.236607153667137e-05
0,0,0.03561351075768471
1,1,0.9976205229759216
1,1,0.9997088313102722
1,1,0.9984717965126038
0,0,0.14195002615451813
0,1,0.7974820137023926
0,0,0.053971067070961
0,0,0.1780434101819992
0,0,0.008534407243132591
0,0,0.00010008948447648436
0,0,0.0018043931340798736
1,1,0.8912453651428223
0,0,0.026692163199186325
1,1,0.9886021018028259
0,0,0.05616019666194916
0,0,0.023479945957660675
0,0,0.3231712877750397
0,0,0.36717313528060913
0,0,0.3775736391544342
0,0,0.0018140249885618687
0,1,0.6242350339889526
0,0,0.04395805299282074
0,0,0.21583089232444763
0,0,0.0021681333892047405
1,1,0.9899583458900452
1,1,1.0
1,1,0.9980744123458862
0,0,0.1821722835302353
1,1,0.9680832624435425
0,0,0.0012076273560523987
0,0,0.12764675915241241
0,0,2.2402177890512576e-09
0,0,0.006479199510067701
0,0,0.0018039338756352663
1,1,0.9920896291732788
0,0,0.018656471744179726
0,0,0.15478186309337616
1,0,0.42969024181365967
0,0,0.11584867537021637
0,0,0.005743272136896849
0,0,0.00017772885621525347
1,1,0.9965859651565552
1,1,0.999496340751648
1,1,0.8634922504425049
0,1,0.5834344625473022
0,0,0.4925985336303711
1,1,0.8268465399742126
1,1,0.8850947618484497
1,1,0.9998886585235596
1,0,0.05322739854454994
0,0,0.2545988857746124
0,1,0.8278898000717163
0,0,0.037557970732450485
1,1,0.9999982118606567
0,0,0.011497505940496922
0,1,0.780763566493988
0,0,9.876334843283985e-06
1,1,0.9948390126228333
0,0,0.03048793412744999
0,0,0.061006709933280945
1,1,0.9925940632820129
0,0,0.0023236731067299843
0,0,1.0025962183135562e-05
0,0,0.01372240949422121
1,1,0.920698344707489
0,0,0.04602372273802757
1,1,0.9825310111045837
0,0,0.06314635276794434
1,1,0.5228872299194336
0,0,0.0022321767173707485
1,1,0.8446153402328491
0,1,0.6341604590415955
0,0,0.00024265862884931266
1,1,0.999996542930603
0,0,0.0011809791903942823
0,0,0.0019414121052250266
0,0,0.011396199464797974
0,0,0.02123783901333809
0,0,0.004225026350468397
1,0,0.023022567853331566
1,1,0.9992677569389343
0,0,4.5066369125379424e-07
1,1,0.6251673698425293
0,0,0.0007549583096988499
0,0,0.03449729457497597
0,0,0.006458953954279423
1,1,0.9324090480804443
0,0,0.0008380700019188225
1,1,0.9999386072158813
1,1,0.8048930168151855
0,0,0.103592149913311
0,0,0.0034868440125137568
1,1,0.998488187789917
1,1,0.9756515622138977
1,1,0.9953142404556274
0,0,0.02974371425807476
0,0,0.11830248683691025
0,0,0.0430661179125309
0,0,0.0016638230299577117
0,0,0.00017631304217502475
0,0,9.393328582518734e-06
0,1,0.8712531924247742
0,0,0.0002545385796111077
0,0,1.8898221242125146e-05
0,0,0.058257997035980225
0,0,0.00027102435706183314
1,1,0.577948272228241
0,0,0.02933170646429062
0,0,0.07378896325826645
0,0,0.0116239283233881
1,1,0.9999949932098389
0,0,0.03638121113181114
0,0,0.056826844811439514
0,0,1.6140545540110907e-06
1,1,0.9934396147727966
0,0,9.519616287434474e-05
1,1,0.985857367515564
1,1,0.9991508722305298
0,0,0.2933265268802643
1,1,0.9973747730255127
0,0,0.2829910218715668
1,1,0.9998557567596436
1,1,0.9999117851257324
1,1,0.9922217726707458
0,0,0.0026286430656909943
1,1,0.9909207820892334
0,0,0.004609399009495974
0,0,0.0026872337330132723
0,0,0.14254717528820038
0,0,5.372423765948042e-05
0,0,0.036238495260477066
1,1,0.9772120118141174
0,0,0.0002889100869651884
1,1,0.9929868578910828
0,0,0.0007473945152014494
0,0,0.017589634284377098
0,0,0.055590249598026276
1,1,0.9988623857498169
1,1,0.9834558367729187
1,1,0.9988309741020203
0,0,0.12471374869346619
1,1,0.9988545179367065
1,1,0.8124545812606812
0,0,0.004777552559971809
1,1,0.9847359657287598
1,1,0.9947774410247803
0,1,0.7593675255775452
1,1,0.9989493489265442
1,1,0.9994354844093323
1,1,0.9998120665550232
0,0,0.012937469407916069
1,1,0.9999867677688599
0,0,0.05546341836452484
1,1,0.9999337196350098
0,1,0.7182965874671936
0,0,0.025281324982643127
0,0,0.001729187206365168
1,1,0.9990059733390808
1,1,0.9956629872322083
0,0,0.26354268193244934
0,0,0.0007587712025269866
1,1,0.7164829969406128
0,0,0.0006070249364711344
0,0,0.00031867570942267776
0,0,0.003176923142746091
1,1,0.9803162217140198
1,0,0.33254939317703247
0,0,0.046784933656454086
0,0,0.00204967032186687
1,1,0.9999986886978149
0,0,0.016246840357780457
1,1,0.9922312498092651
1,0,0.34422191977500916
0,0,0.12003496289253235
1,1,0.9320977926254272
1,1,0.9986360669136047
0,0,0.1366673707962036
0,0,0.14051954448223114
0,0,0.0003572690475266427
0,0,0.005644808989018202
1,1,0.9790486097335815
0,0,0.0035437610931694508
1,1,0.9999493360519409
0,0,0.004964480176568031
1,1,0.9999116659164429
1,1,0.9198284149169922
0,0,2.828185461112298e-05
0,0,0.026701945811510086
1,1,0.9780141115188599
0,0,0.0004539979563560337
0,0,1.2777959454979282e-06
0,0,0.002387242391705513
0,0,0.0032574760261923075
0,0,0.03700387105345726
0,0,0.017846381291747093
1,1,0.9685834646224976
0,0,0.21351845562458038
1,1,1.0
1,1,0.9510937929153442
0,1,0.6134493947029114
0,0,0.006076925899833441
0,0,0.0019253641366958618
1,1,0.88224196434021
1,0,0.452790766954422
0,0,0.00499454140663147
0,0,0.0003530816175043583
0,0,0.025705154985189438
1,1,0.9952605366706848
1,1,0.7858877182006836
0,0,0.07955620437860489
0,0,0.00106326665263623
0,0,0.14178937673568726
1,1,0.996868908405304
0,0,0.0019025699002668262
1,1,0.7453742623329163
1,1,0.9925234913825989
0,0,0.005185763351619244
0,0,0.015164204873144627
1,1,0.8144559264183044
1,1,0.9991328120231628
1,1,0.9617028832435608
1,1,0.8395689725875854
0,0,0.001997623359784484
1,1,0.996536135673523
1,1,0.9950780868530273
1,1,0.9999995231628418
0,0,0.0007462362409569323
1,1,0.9989894032478333
1,1,0.999427080154419
1,1,0.9219239354133606
0,0,0.0014029259327799082
0,0,0.06147933378815651
1,1,0.9896822571754456
1,1,0.9960777163505554
1,1,0.9990575909614563
1,1,0.9996739625930786
0,0,0.0005794487660750747
0,0,0.40810707211494446
0,0,0.35116228461265564
0,0,0.021901212632656097
1,1,0.9993122816085815
0,1,0.7909957766532898
1,1,0.9795381426811218
0,0,0.0003631163854151964
1,1,0.9980939030647278
1,1,0.999975323677063
0,0,0.3982946574687958
1,1,0.9551491737365723
1,1,0.5520773530006409
0,0,0.024248197674751282
1,1,0.9816889762878418
0,0,0.00056687300093472
0,0,0.09924282878637314
0,0,0.012226857244968414
1,1,0.9638712406158447
0,0,0.04420001804828644
1,0,0.21629765629768372
0,0,0.2174631953239441
1,1,0.9754258990287781
0,1,0.7909547090530396
0,0,0.0044524758122861385
0,1,0.5299683213233948
0,0,0.45471620559692383
1,1,0.9350716471672058
0,0,0.15565556287765503
0,0,0.025022605434060097
1,1,0.9994056224822998
1,1,0.9238652586936951
1,1,0.9735066890716553
0,0,0.0014439270598813891
1,1,0.9705998301506042
0,0,0.004172324202954769
0,0,0.05379574000835419
1,1,0.8976382613182068
1,1,0.9983396530151367
1,1,0.9869577884674072
0,0,0.06141183525323868
1,1,0.9646391272544861
1,1,0.9952746629714966
1,1,0.9984343647956848
1,1,0.9122710824012756
0,0,0.003572628600522876
1,1,0.9956725835800171
0,0,0.3730745315551758
1,1,0.9886729121208191
1,1,0.9970501661300659
1,1,0.9775192737579346
1,0,0.17872582376003265
0,0,0.011955834925174713
0,0,0.005060151685029268
0,0,0.046539973467588425
1,1,0.9994888305664062
1,1,0.9992641806602478
0,1,0.7420346140861511
1,1,0.9465789198875427
1,0,0.24600115418434143
0,0,0.017713360488414764
1,1,0.7596011757850647
1,1,1.0
1,1,0.9999830722808838
1,1,0.9168232083320618
0,0,0.0014749980764463544
1,1,0.9994593262672424
1,1,0.9918057918548584
1,1,0.9976546764373779
0,0,0.00023218951537273824
0,0,0.008909299038350582
0,0,0.28685861825942993
1,1,0.9951438903808594
1,1,0.9999966621398926
0,0,0.12897373735904694
0,0,0.00017482264956925064
0,0,0.037738870829343796
0,0,0.10811913013458252
0,0,0.0010839180322363973
0,0,0.005951923783868551
0,0,0.0014780956553295255
1,1,0.9535988569259644
0,0,0.07586824148893356
0,0,0.32167351245880127
0,0,0.04406014457345009
0,0,0.4267544448375702
0,0,0.0490715317428112
1,1,0.9854611754417419
1,1,0.9862582683563232
1,1,0.9183106422424316
0,0,0.007639277260750532
1,1,0.951330840587616
0,0,0.0770915225148201
0,0,0.00842893123626709
1,1,0.6569930911064148
1,1,0.862522542476654
0,0,0.41502097249031067
1,1,1.0
1,1,1.0
1,1,0.9633510112762451
1,0,0.42638957500457764
0,0,0.0002782826195470989
0,0,0.052719369530677795
0,0,0.015448098070919514
0,1,0.7280640602111816
0,0,0.016931405290961266
0,0,0.05795178934931755
0,0,0.0906052514910698
1,1,0.8798848986625671
1,1,0.9988859295845032
0,0,0.07505016773939133
0,1,0.5045923590660095
0,0,0.15679875016212463
0,0,4.9688376748235896e-05
0,0,0.06178053095936775
0,0,0.001772346906363964
1,1,0.9979442954063416
1,1,0.9971195459365845
0,0,0.017742488533258438
0,0,0.24652352929115295
1,1,1.0
1,1,0.9999955892562866
0,0,0.26780086755752563
0,0,0.00013070485147181898
0,0,1.3575056811987452e-07
0,0,0.0604233480989933
0,1,0.759786069393158
1,0,0.3859405517578125
0,0,0.14195333421230316
1,1,0.9999804496765137
1,1,0.8299250602722168
1,1,0.9733366966247559
0,0,0.05511993542313576
0,0,0.0009740694658830762
1,1,0.9956425428390503
1,1,0.7957654595375061
0,0,0.00012707561836577952
1,1,0.9508046507835388
0,0,0.27141135931015015
0,0,0.11950654536485672
1,1,0.9999580383300781
1,1,0.991426944732666
1,1,0.9836286306381226
1,1,0.9589375257492065
0,0,0.20615217089653015
1,1,0.7271240949630737
0,1,0.9438593983650208
1,1,0.7193381190299988
0,0,0.044412799179553986
0,0,3.56563541572541e-05
0,0,0.44157207012176514
1,1,0.678642213344574
0,0,0.21864396333694458
0,0,0.0056540826335549355
0,0,0.013930097222328186
1,1,0.9997884631156921
0,0,0.0005632287939079106
1,1,0.9978762865066528
0,0,0.0057444702833890915
0,0,0.0046911039389669895
0,0,0.013530622236430645
0,0,0.00894441083073616
1,1,0.9999232292175293
0,0,0.015527253039181232
0,0,0.02361542358994484
0,0,0.0019089853158220649
1,1,0.9627613425254822
0,0,0.002415629103779793
1,1,0.9999531507492065
0,1,0.9998874664306641
0,0,0.03994935378432274
1,1,0.9943718910217285
1,1,0.9895037412643433
0,0,0.009010707028210163
1,0,0.00478820875287056
0,0,0.07187909632921219
0,0,0.2707553803920746
1,1,0.9999231100082397
0,0,0.01847422868013382
1,1,0.9742711186408997
1,1,0.9981355667114258
0,0,0.10264429450035095
0,0,0.0018668584525585175
0,0,0.00017620295693632215
0,0,0.009497776627540588
1,1,0.860438346862793
1,1,0.9999758005142212
1,1,0.9957945346832275
0,0,0.0004898489569313824
1,1,0.9826294183731079
1,1,0.9835070371627808
1,1,0.8722929358482361
1,1,0.9801774024963379
1,1,0.9904499650001526
0,0,0.17638354003429413
1,1,0.9846644997596741
1,1,0.9999980926513672
0,0,9.148780372925103e-05
0,0,0.12242718786001205
0,0,0.01438018586486578
1,1,0.9911295175552368
0,0,0.008142057806253433
1,1,0.945206344127655
1,1,0.999836802482605
1,1,0.8702487349510193
0,0,0.2611450254917145
0,0,0.028575781732797623
1,1,0.9984080195426941
1,1,0.9807655215263367
1,1,0.995333731174469
1,1,0.9986873269081116
0,0,0.004000339191406965
0,0,0.0012162129860371351
0,0,0.05171467363834381
0,0,0.07382430136203766
1,1,0.9894369840621948
1,1,0.9949306845664978
0,0,0.09959592670202255
0,0,0.021737435832619667
0,0,0.0014585597673431039
0,0,0.0001579636154929176
0,0,0.07678025960922241
0,0,0.04980581998825073
0,0,0.00010340300650568679
1,1,0.9995408058166504
1,1,0.999768078327179
0,0,0.004624950233846903
1,1,0.9999985694885254
0,0,0.013849514536559582
1,1,0.9977791905403137
1,1,0.9634916186332703
0,0,9.910960940828772e-09
1,1,0.9923749566078186
1,1,0.9998483657836914
1,1,0.9999349117279053
0,0,1.184536017717619e-06
0,0,0.01857377029955387
0,0,0.009273277595639229
0,0,0.029363451525568962
0,0,0.013621021993458271
0,0,2.743342975009e-06
0,0,0.0028996015898883343
1,1,0.5442734360694885
1,1,0.9999830722808838
0,1,0.5617256760597229
0,0,0.039076149463653564
0,0,0.02857479453086853
1,1,0.9999589920043945
1,1,0.9966821074485779
0,1,0.5121846795082092
0,0,0.0027680525090545416
0,0,0.05863362178206444
1,1,0.9869452118873596
0,0,0.006512064021080732
1,1,0.5936075448989868
1,1,0.6807964444160461
0,0,0.18304021656513214
0,0,0.030853766947984695
1,1,0.9933985471725464
0,0,0.21229346096515656
0,0,0.040785051882267
1,1,0.9798699617385864
1,1,0.9990166425704956
1,1,0.7930356860160828
1,1,0.9990062117576599
0,0,0.22013545036315918
0,0,0.08641792088747025
0,0,0.0984710082411766
1,1,0.5373198986053467
1,1,0.999972939491272
0,0,0.006770837586373091
0,0,0.3107319176197052
0,0,8.30827048048377e-06
1,1,0.6987380981445312
0,0,0.35487574338912964
0,0,0.05961865559220314
1,1,0.7766301035881042
0,0,0.02948685735464096
0,0,0.053648486733436584
0,0,0.35721078515052795
0,0,0.01794007234275341
1,1,0.9999721050262451
1,1,0.9998031258583069
1,1,0.9943217039108276
1,1,0.653814971446991
0,0,0.0027944259345531464
1,1,0.9932774901390076
0,0,0.04862028732895851
0,0,0.033994365483522415
0,0,0.0015935389092192054
0,0,0.054178982973098755
0,0,0.0771561935544014
0,0,0.29295849800109863
0,0,0.03299451991915703
0,0,0.01627352088689804
1,1,0.7310988306999207
1,1,0.9999511241912842
1,1,0.9941593408584595
1,1,0.8794705271720886
1,1,0.7872236371040344
1,1,0.9999140501022339
1,1,0.9981864094734192
0,0,0.0013356462586671114
1,1,0.9873983860015869
1,0,0.34384459257125854
1,1,1.0
1,1,0.9518598914146423
1,1,0.9988586902618408
0,0,0.0018112281104549766
0,0,0.29079797863960266
0,0,2.7100013539893553e-06
1,1,1.0
1,1,0.999868631362915
0,1,0.6096205711364746
0,0,0.0015935534611344337
1,1,0.9707280993461609
0,1,0.8927180171012878
1,1,0.9999333620071411
0,0,0.3757448196411133
0,0,0.08731779456138611
0,0,0.4974755048751831
1,1,0.9999617338180542
1,0,0.3247031271457672
1,1,0.9889692068099976
1,1,0.9353726506233215
1,1,0.9855372309684753
0,0,0.009203293360769749
1,1,0.9706412553787231
1,1,0.9913785457611084
1,1,0.7385303378105164
0,0,0.4147214889526367
0,0,0.4044497311115265
1,1,0.999976396560669
0,0,0.00036034107324667275
1,1,0.9979588985443115
1,1,0.9998867511749268
1,0,0.42440271377563477
0,0,0.02873602882027626
0,0,0.007736057974398136
0,1,0.9057753086090088
0,0,0.03135116398334503
0,0,0.019724369049072266
1,1,0.9960280656814575
0,0,0.002128681167960167
0,0,1.5196314052445814e-05
0,0,0.0006151179550215602
1,1,0.7270079255104065
0,0,0.01876913569867611
1,1,0.9977635145187378
1,1,0.9899353384971619
1,1,0.5947570204734802
1,1,0.9999468326568604
1,1,0.9914911389350891
0,0,0.0016823866171762347
0,0,0.00046016639680601656
0,0,0.003049608785659075
1,1,0.966390073299408
0,0,0.011766553856432438
1,1,0.9937618374824524
1,1,0.969848096370697
0,0,0.021920399740338326
0,0,0.07449466735124588
1,1,0.9999781847000122
1,1,0.9999887943267822
1,1,0.9997075200080872
0,0,3.278729855082929e-05
0,0,0.007680912967771292
1,1,0.8706701397895813
1,1,0.9260780215263367
0,1,0.9455090165138245
0,0,0.0012286788551136851
0,0,0.09468384087085724
0,0,0.011911940760910511
1,0,0.003126350697129965
1,0,0.1469697654247284
1,1,0.9999858140945435
0,0,0.21170194447040558
1,1,0.9900498390197754
0,0,1.805640079324935e-31
1,1,0.9999994039535522
0,0,0.004199100658297539
0,0,0.05069272965192795
0,0,0.006230763625353575
0,0,1.9154289475409314e-05
0,0,0.36677679419517517
0,0,0.00799618661403656
1,1,0.9542216062545776
1,1,0.8865566849708557
0,0,1.2997455996810459e-05
0,0,0.007727764081209898
1,1,0.6535350680351257
0,0,0.00047666102182120085
0,0,0.3293929994106293
0,0,0.004084274172782898
1,1,0.9999967813491821
0,0,0.0003072370891459286
1,1,0.9995911717414856
0,0,0.0013359637232497334
1,1,0.9787949919700623
1,1,0.9977446794509888
1,1,0.9760560989379883
0,0,0.003364114323630929
0,0,0.01795768178999424
0,0,0.010041470639407635
0,0,0.0647280141711235
1,1,0.9961246848106384
1,1,0.9979557991027832
0,0,0.00035852292785421014
0,0,0.07369904220104218
0,0,0.0004875142185483128
0,0,7.110160368029028e-05
1,1,0.9999479055404663
0,0,0.04856822267174721
0,0,1.159771937410471e-16
1,1,0.9780629277229309
1,1,0.8776355385780334
0,0,0.002872840967029333
1,1,0.9856395721435547
1,1,0.9827806949615479
1,1,0.6722071766853333
0,0,0.21114303171634674
0,0,0.07324307411909103
1,1,0.8090734481811523
1,1,0.9999371767044067
0,0,0.023315351456403732
0,0,0.044086605310440063
1,1,0.993530809879303
1,1,0.9640821814537048
0,1,0.6596827507019043
0,0,0.3408105969429016
1,1,0.9999072551727295
1,1,0.9979584217071533
0,0,0.033935967832803726
0,0,0.03739311546087265
1,1,0.9935698509216309
1,1,0.9999693632125854
1,1,0.9937856197357178
1,1,0.9998569488525391
0,0,0.007837995886802673
0,0,0.09608461707830429
0,0,0.0027099584694951773
1,1,0.9843006730079651
1,0,0.4390655755996704
0,1,0.5231866836547852
0,0,0.020831186324357986
1,1,1.0
1,1,0.9857394099235535
0,0,0.11125795543193817
1,1,0.9934664368629456
0,0,0.015389470383524895
0,0,0.3944486379623413
1,1,0.998281717300415
0,0,0.049024295061826706
0,0,0.005074646323919296
1,1,0.8443887829780579
0,0,0.039906617254018784
1,1,0.9999896287918091
0,0,0.02270125225186348
0,0,0.0004303918976802379
0,0,0.0076391007751226425
1,1,0.7317038178443909
0,0,0.09579607844352722
1,1,0.9971850514411926
0,0,0.00040391876245848835
1,1,0.9755030274391174
0,0,0.0021123948972672224
1,1,0.9186900854110718
0,0,0.00983904954046011
0,0,0.02720099687576294
1,1,0.9983686804771423
1,1,0.9999998807907104
1,1,0.9901178479194641
0,0,0.010975192300975323
0,0,0.00359179824590683
1,1,0.9640291929244995
0,0,1.1488274139992427e-05
0,0,0.08973360806703568
0,0,0.15844027698040009
1,1,0.9871914386749268
0,0,0.06413161009550095
0,0,0.01667919009923935
0,0,0.009669787250459194
0,0,1.9531193460676315e-19
0,0,0.38020962476730347
1,1,0.9993246793746948
0,0,0.1201874315738678
0,0,0.02679375372827053
1,1,0.9999994039535522
1,1,0.9979149699211121
0,0,0.030827943235635757
0,0,0.04300286993384361
1,0,0.13187657296657562
1,1,0.80376797914505
0,0,0.016133008524775505
0,0,0.14960110187530518
1,1,0.9474925398826599
0,0,1.2255019100848585e-05
1,1,0.9644267559051514
0,0,0.003062353702262044
0,0,0.0036189041566103697
0,0,0.01585369184613228
0,0,0.01248885877430439
1,1,0.9996629953384399
1,1,0.9998712539672852
1,1,0.9993188381195068
0,0,0.1571151465177536
1,1,0.9827516674995422
1,0,0.12192900478839874
0,0,0.003524675965309143
0,0,0.005392712540924549
1,1,0.9998230338096619
1,1,0.9670210480690002
0,0,0.006972023751586676
0,0,0.11487168818712234
0,0,0.006372360046952963
1,1,0.8346812129020691
1,1,0.9905577898025513
1,1,0.9793025851249695
0,0,0.008135136216878891
1,1,0.973298966884613
1,1,0.9972598552703857
1,1,0.99965500831604
1,1,0.7813576459884644
0,0,0.03352915868163109
0,0,0.03461671993136406
1,1,0.8920032978057861
0,0,0.019879180938005447
0,0,0.04902080446481705
1,1,0.9487859010696411
0,0,0.06647569686174393
0,0,0.12092255055904388
0,0,0.0010188785381615162
0,0,3.0406031026330993e-09
0,0,0.1876446157693863
0,0,0.04121825471520424
0,0,0.004504892975091934
0,0,0.0030717942863702774
1,0,0.20814797282218933
0,0,0.006823443807661533
0,0,0.011820068582892418
1,1,0.9938222169876099
0,0,0.006260924972593784
0,0,0.008111615665256977
0,0,0.16861091554164886
1,1,0.9974377155303955
1,1,0.5546184778213501
0,0,0.032416194677352905
0,0,0.002947614062577486
0,0,2.2249450921663083e-05
1,1,0.9731172323226929
0,0,0.08221344649791718
0,0,0.01620487868785858
1,1,0.9574267268180847
0,0,0.30317479372024536
1,1,0.9975804090499878
0,0,0.061187196522951126
0,0,0.0005781055078841746
0,0,0.4107336103916168
1,1,0.9696623086929321
0,0,0.07301011681556702
0,0,0.00012712349416688085
0,0,0.004130614455789328
0,0,0.00015655168681405485
0,0,0.007384715136140585
0,1,0.7553977966308594
0,0,0.14141185581684113
0,0,0.018692459911108017
0,0,2.321039755770471e-05
1,1,0.9935703277587891
0,0,0.015465120784938335
1,1,0.8201612234115601
1,1,0.9951449036598206
1,1,0.9915388226509094
0,0,0.009739162400364876
0,0,4.736048504128121e-05
0,0,0.1615929752588272
1,1,0.9929420948028564
0,0,0.11011546850204468
1,1,0.996563732624054
1,1,0.93394935131073
1,1,0.9998688697814941
1,1,0.9982896447181702
0,0,0.005667887162417173
1,1,0.9987301230430603
0,1,0.9996157884597778
0,0,0.001666788593865931
0,0,0.02603798173367977
1,1,0.9999041557312012
1,1,0.9999748468399048
1,1,0.9969471096992493
1,1,0.9616363644599915
0,0,0.04634888097643852
0,0,0.0002188000362366438
0,0,0.06321153044700623
0,0,0.4527372717857361
1,1,0.9972361922264099
0,0,0.07474453002214432
0,1,0.657501220703125
1,1,0.9859501719474792
0,0,0.021486621350049973
1,1,0.998458981513977
0,0,0.02053951658308506
1,1,0.9977506995201111
1,1,0.9991776347160339
1,1,0.9999485015869141
1,1,0.9607560634613037
1,1,0.999821126461029
1,1,0.9768052101135254
0,0,0.07021506130695343
0,0,0.004158393479883671
1,0,0.49617087841033936
1,1,0.9988235831260681
1,1,0.7380102276802063
0,0,0.004661930724978447
1,1,0.9992307424545288
0,0,4.652914498137761e-09
1,1,0.926880955696106
0,0,0.0016390036325901747
1,1,0.9885231852531433
0,0,0.050638534128665924
1,1,0.9999247789382935
0,0,0.025473231449723244
0,0,0.3833702504634857
0,0,0.002929727779701352
0,0,0.0022642510011792183
0,0,0.29771190881729126
0,0,0.040345825254917145
1,1,0.9798395037651062
1,1,0.9785264730453491
0,0,0.08587333559989929
0,0,0.015888405963778496
1,1,0.9990449547767639
0,0,0.0005400893278419971
0,0,0.0003517899021971971
1,1,0.998089611530304
0,0,0.012397030368447304
0,0,0.04725497215986252
1,1,0.9979255199432373
0,0,0.011077048256993294
0,0,0.012873178347945213
1,1,0.9989643096923828
1,1,0.7812147736549377
1,1,0.9896715879440308
1,1,0.9956648945808411
1,1,0.9998339414596558
0,0,0.003754011821001768
1,1,0.9838422536849976
0,0,1.2211844868659227e-08
0,0,0.017977530136704445
0,0,0.05267249420285225
0,0,0.22841939330101013
0,1,0.8435182571411133
1,1,0.9979610443115234
1,1,0.9990448355674744
0,0,0.016456307843327522
0,0,0.0006291113095358014
0,0,0.0002807698620017618
0,0,0.008737186901271343
0,0,0.4378792941570282
1,1,0.9648428559303284
0,0,0.4736078679561615
0,0,0.00170856190379709
0,0,0.0028847160283476114
0,0,0.16166578233242035
0,0,0.0006225499673746526
0,0,3.8327590345943463e-07
0,0,0.003235065145418048
0,0,0.00024386490986216813
0,0,0.19795812666416168
0,0,0.0006991889094933867
0,0,0.03240243345499039
0,0,0.003792109899222851
0,0,0.39693501591682434
0,0,2.2495854864246212e-05
1,1,0.9533841609954834
0,0,0.022228334099054337
0,0,0.0008334379526786506
1,0,0.2144109308719635
1,1,0.9999977350234985
0,0,0.04208654165267944
1,1,0.9998451471328735
1,1,0.5357705950737
0,0,0.21171343326568604
1,1,0.9310166239738464
0,0,0.0019485329976305366
1,1,0.9870794415473938
1,1,0.9999282360076904
1,1,0.9734227657318115
1,1,0.6380146145820618
1,1,0.880044162273407
1,1,0.9650573134422302
0,0,0.07334550470113754
1,0,0.07810955494642258
1,1,0.8612725138664246
0,0,0.04969067871570587
0,0,0.0529043935239315
1,1,0.8755171298980713
1,1,0.9917868971824646
0,0,0.027368787676095963
0,0,0.01461213268339634
1,1,0.9972399473190308
0,0,0.0014002209063619375
0,0,0.11625217646360397
1,1,0.8697307705879211
0,0,0.0015251196455210447
1,1,0.6777650117874146
0,0,0.0005347608821466565
1,1,0.8368011713027954
1,1,0.9992761015892029
1,1,0.9997082352638245
0,0,0.00013790346565656364
1,1,0.8626041412353516
0,1,0.5260129570960999
1,1,0.999980092048645
1,1,0.9999847412109375
1,1,0.9940919280052185
0,0,0.0042056613601744175
0,0,0.00910987053066492
0,0,0.055109359323978424
0,0,0.03017972595989704
0,0,0.45565515756607056
0,0,0.0006054905825294554
0,0,0.008672266267240047
0,1,0.6081559062004089
1,1,0.9499540328979492
0,0,0.033767905086278915
1,1,0.9955820441246033
0,0,0.0003389223711565137
0,0,0.14268098771572113
0,0,0.0043867831118404865
1,1,0.8575677871704102
0,0,0.005922537297010422
0,0,0.05677856132388115
1,1,0.9808709025382996
0,0,0.11799761652946472
1,1,0.8836023807525635
1,1,0.8927280902862549
0,1,0.7692603468894958
0,0,0.06944620609283447
0,0,0.01973515935242176
0,0,0.0065208496525883675
0,0,0.3257957696914673
0,0,0.00838867574930191
0,0,0.0016282969154417515
1,1,0.9999783039093018
1,1,0.993221640586853
0,0,9.284193947678432e-05
0,0,0.010095636360347271
0,0,0.10235381126403809
1,0,0.45256903767585754
1,1,0.9726707339286804
0,0,0.09094618260860443
1,1,0.9991416931152344
1,1,0.9979779124259949
1,1,0.9025610089302063
1,1,0.8316081166267395
0,0,0.0037452694959938526
1,1,0.9873176217079163
1,1,0.8983204364776611
1,1,0.9915769100189209
1,1,0.990667998790741
0,0,0.03127189353108406
0,0,0.002727676648646593
1,1,0.999858021736145
0,0,0.0003728063020389527
0,0,0.00040634218021295965
1,1,0.9522256255149841
1,1,0.9443425536155701
1,1,0.826827883720398
1,1,0.979761004447937
0,0,0.4019261300563812
0,0,0.09256329387426376
1,1,0.9658377766609192
1,1,0.711801290512085
1,1,0.9736407399177551
1,1,0.744322657585144
1,1,0.6440238356590271
0,0,0.010169618763029575
0,0,0.015724964439868927
0,0,0.005591011606156826
1,1,0.9999995231628418
0,0,0.001191315008327365
0,0,0.011482372879981995
1,1,0.9991412162780762
1,0,0.46582266688346863
0,0,0.07819875329732895
0,0,0.00046769369510002434
1,0,0.10995505005121231
0,0,0.2844659388065338
0,0,0.002954203635454178
0,0,0.0317857451736927
1,1,0.9382089376449585
1,1,0.9737312197685242
0,0,0.016424380242824554
1,1,0.9999997615814209
0,0,0.00010745555482571945
1,1,0.9978035092353821
0,0,0.009683303534984589
0,1,0.7689703106880188
1,1,0.975996196269989
1,1,0.9887153506278992
1,1,0.9999969005584717
1,1,0.999997615814209
1,1,0.9736419320106506
1,1,0.9905149936676025
1,1,1.0
1,1,0.9999964237213135
1,0,0.09998263418674469
0,0,0.04147502779960632
1,1,0.9999982118606567
0,0,0.00011983339936705306
1,1,0.997183620929718
0,0,0.003878943622112274
0,0,0.08278202265501022
1,1,0.6147206425666809
0,0,0.02411174401640892
0,0,0.00599589804187417
1,1,0.9575487971305847
1,1,0.9974191188812256
1,1,0.9996300935745239
1,1,0.9132152199745178
1,1,0.9917693138122559
0,0,0.17651262879371643
0,0,0.06621239334344864
0,1,0.9415878653526306
1,1,0.9965733289718628
1,1,0.8645026683807373
0,0,0.00040158480987884104
0,0,1.2129850802011788e-05
0,0,0.01624239794909954
1,1,0.9760943055152893
1,1,0.9999171495437622
1,1,0.9708027839660645
0,0,0.0004021032655145973
1,1,0.9367377161979675
0,0,0.007766913156956434
1,1,0.9971299767494202
0,0,0.11766432970762253
0,0,0.14110590517520905
1,1,0.9992715716362
0,0,0.016796942800283432
0,0,0.01910722255706787
1,1,0.9654973745346069
0,0,0.01957411877810955
1,1,0.9964724779129028
0,0,0.0019063460640609264
1,1,0.5906563401222229
1,1,0.9858044981956482
0,0,0.0004268048796802759
0,1,0.6614353656768799
0,0,0.09781786054372787
1,1,0.9600598216056824
0,0,0.01840917579829693
0,0,0.007463963236659765
0,0,0.0031861874740570784
0,0,0.0009636020404286683
0,0,0.004162619821727276
0,0,0.06705817580223083
1,1,0.99592125415802
1,0,0.21499700844287872
0,0,0.016937272623181343
0,0,0.005110571626573801
0,0,0.014370180666446686
1,1,0.9924168586730957
1,1,0.9998700618743896
0,0,0.016881287097930908
0,0,0.06704212725162506
1,1,0.9968120455741882
0,0,0.1177193820476532
1,1,0.9971587657928467
1,0,0.4555562734603882
1,1,0.5417876243591309
0,0,0.0007677415269427001
0,0,0.008630238473415375
0,0,0.014667727053165436
1,1,0.9835765957832336
0,0,0.2743155062198639
0,0,0.015796566382050514
1,1,0.9998904466629028
1,1,0.9999985694885254
0,0,0.1217942014336586
0,0,0.05247059836983681
0,0,0.009252320975065231
1,1,0.9031991958618164
1,1,0.9985007047653198
0,0,0.264389306306839
1,1,0.9969238638877869
0,0,5.636865350574019e-15
1,0,0.40422919392585754
0,0,0.019169775769114494
0,0,0.00030928695923648775
0,0,0.14293208718299866
1,1,0.9948284029960632
0,0,0.0836208239197731
1,1,0.890472948551178
0,0,0.012322217226028442
0,0,0.0021467111073434353
1,1,0.5906783938407898
0,1,0.562245786190033
0,0,0.0004670730559155345
0,0,0.0003946452052332461
0,0,0.03253205865621567
0,0,0.10918069630861282
0,0,2.3994773073354736e-05
1,1,0.999546229839325
0,0,0.27176129817962646
1,1,0.9998884201049805
0,0,0.003042403608560562
1,1,0.9886066317558289
1,1,0.9625139236450195
1,1,0.9699451923370361
0,0,4.606035020060517e-07
1,1,0.9998533725738525
1,1,0.9999982118606567
0,0,2.6610547365635284e-07
0,0,0.0033644596114754677
0,0,9.338087636479031e-09
0,0,0.05187252536416054
1,1,0.6600419878959656
0,0,7.040798664093018e-05
0,0,0.0039978777058422565
0,0,0.0201050266623497
0,0,0.01625130884349346
0,0,0.01895562931895256
1,1,0.9999586343765259
0,1,0.9039332270622253
0,0,0.005746052600443363
0,0,0.0946984589099884
0,0,0.02543681114912033
0,1,1.0
1,1,0.9988502264022827
0,0,0.015691544860601425
1,1,0.9954179525375366
1,1,0.9997431635856628
0,0,0.009284635074436665
1,1,0.9754132032394409
1,1,0.9999754428863525
1,1,0.9999994039535522
1,1,0.9920309782028198
1,1,0.9851442575454712
0,0,0.06786730885505676
0,0,0.006336549296975136
0,0,0.002650665817782283
0,0,0.2701055705547333
1,1,0.9503522515296936
1,1,0.9997569918632507
1,1,0.9051194190979004
1,1,0.9976462721824646
0,0,2.966415735272676e-08
0,0,2.4407879664067877e-06
0,0,0.008027327246963978
0,0,0.008338045328855515
0,0,0.00253101484850049
0,0,0.0009340009419247508
0,0,0.0002934338408522308
0,0,0.00015075760893523693
0,0,0.09453918039798737
1,1,0.9537286162376404
0,0,0.013472983613610268
0,0,0.0034165047109127045
0,0,0.00017343975196126848
1,1,0.9978799819946289
0,0,0.03803453966975212
0,0,0.020261453464627266
0,0,0.05677412077784538
1,1,0.9341998100280762
0,0,2.0291219371415536e-08
1,1,0.9824214577674866
1,1,0.8364388346672058
0,0,1.057716616514881e-07
0,0,0.010027648881077766
0,0,0.12045112997293472
0,0,0.0025644968263804913
1,1,0.964052677154541
1,1,0.9903720617294312
1,1,0.9389577507972717
1,1,0.8433828353881836
0,0,0.08127887547016144
1,1,0.992490828037262
0,1,0.5016915202140808
1,1,0.9976752400398254
0,1,0.7454806566238403
1,1,0.9999819993972778
1,1,0.9987834095954895
1,1,0.9998593330383301
0,0,0.00012116625293856487
0,0,0.02247348427772522
1,1,0.9487719535827637
0,0,0.0002373047173023224
1,0,0.0002884221321437508
1,1,0.9903011322021484
0,0,0.05523080751299858
0,0,0.16562102735042572
1,1,0.9853675961494446
0,0,0.0003611122374422848
0,1,0.8772515058517456
1,0,0.22569003701210022
0,0,0.0011861941311508417
0,0,0.49893856048583984
0,0,6.754252353857737e-06
0,0,0.010428927838802338
0,0,0.027889179065823555
0,0,0.00015336046635638922
0,0,0.4932956397533417
0,0,0.022005798295140266
0,0,0.025435343384742737
0,0,0.0005675030988641083
0,0,2.2874042770126835e-05
1,1,0.9564700722694397
1,1,0.9225568175315857
1,1,0.8483083844184875
1,1,0.9994109869003296
0,0,0.00019455380970612168
0,1,0.9846042990684509
0,0,0.0010065233800560236
0,0,0.07859519869089127
0,0,0.1573473960161209
0,0,1.6539607941012946e-06
1,1,0.9999810457229614
0,0,0.026372360065579414
0,0,0.00016454858996439725
1,1,0.9553865194320679
0,0,0.21351434290409088
1,1,0.9979554414749146
1,1,0.9071567058563232
0,0,0.4310837686061859
1,1,0.7227360606193542
1,1,0.9913530945777893
1,1,0.9901494979858398
0,0,0.002748896135017276
1,1,0.8424674868583679
0,0,0.0011428605066612363
0,0,0.004339090548455715
0,0,0.21758756041526794
1,1,0.9866567254066467
0,0,0.0011973308864980936
0,0,0.013093828223645687
0,0,0.0002083088766084984
0,0,1.6644497009110637e-05
1,1,0.9999476671218872
0,0,6.170141568873078e-05
1,1,0.9999858140945435
1,1,0.99539715051651
0,0,0.0067510297521948814
0,0,0.06473405659198761
1,1,0.9970376491546631
1,1,0.9977431297302246
0,0,0.00014899340749252588
1,1,0.789840817451477
1,1,0.9740608334541321
1,1,0.9999725818634033
0,0,0.054417334496974945
1,1,0.8939392566680908
1,1,0.999017596244812
0,0,0.018848609179258347
1,1,0.9938949942588806
1,0,0.3006916642189026
0,0,0.31981387734413147
0,0,0.03961893171072006
1,1,0.9156148433685303
0,0,0.00167533615604043
1,1,0.98438960313797
1,1,0.9174078702926636
0,0,0.011771700344979763
1,1,0.986122190952301
1,1,1.0
0,1,0.5979295969009399
0,0,2.101425707223825e-05
1,1,0.9833842515945435
1,0,0.1082855612039566
0,0,0.0006358702084980905
0,0,0.10653331875801086
0,0,0.332626074552536
0,0,0.0006875749095343053
0,0,0.007912972010672092
1,1,0.7411317825317383
0,0,0.0035768747329711914
0,0,0.029128411784768105
0,0,1.7413102568752947e-06
0,0,0.33041146397590637
0,1,0.702767014503479
1,1,0.8046807050704956
0,0,5.779281053719387e-09
0,0,0.010045571252703667
0,0,0.12716272473335266
1,1,0.9935885667800903
0,0,0.027840040624141693
1,1,0.9930872321128845
0,0,0.24811768531799316
0,0,0.006570940837264061
1,1,0.9998996257781982
1,1,0.9999994039535522
1,1,0.9988592863082886
1,1,1.0
1,1,0.9992489218711853
0,0,0.001990741118788719
1,1,0.9845693707466125
1,1,0.9999722242355347
1,1,0.9881446361541748
0,0,0.09921517968177795
1,1,0.9997050166130066
0,0,0.07813230901956558
1,1,0.944075345993042
1,1,0.8308483362197876
1,1,0.9965088963508606
1,1,0.9425692558288574
0,0,0.0008224716875702143
1,1,0.9998624324798584
1,1,0.9979057312011719
0,0,0.0019929686095565557
1,1,0.9999830722808838
0,0,0.005202354397624731
0,0,0.09004547446966171
0,0,0.23037849366664886
0,0,0.053241074085235596
0,0,0.17183344066143036
0,0,1.8855632788472576e-06
0,0,0.2880265414714813
1,1,0.9999923706054688
0,0,0.005448631010949612
1,1,0.9994989633560181
1,1,0.9999994039535522
0,0,0.011227232404053211
1,1,0.9884726405143738
0,0,0.11162014305591583
1,1,0.924948513507843
0,0,0.01659204065799713
1,1,0.9179431796073914
0,0,0.0392892025411129
0,0,0.03828657045960426
0,0,0.0017139576375484467
1,0,0.05855303257703781
1,1,0.9417484998703003
1,1,0.9959617257118225
0,0,0.1217581257224083
0,0,0.0032518994994461536
0,0,0.00027252305881120265
0,0,0.0070572528056800365
0,0,0.014154794625937939
0,0,0.003106726100668311
1,1,0.9999990463256836
0,0,0.06945957243442535
0,0,0.014732331037521362
1,1,0.9974058270454407
0,0,0.0043451907113194466
1,1,0.9640636444091797
1,1,0.7296068668365479
0,1,0.9205517768859863
0,0,0.00037488460657186806
1,1,0.881743311882019
1,1,0.6634303331375122
0,0,0.0022000703029334545
0,0,3.821022609429292e-09
0,0,0.026599211618304253
0,0,0.004822264891117811
1,1,0.9992456436157227
0,0,0.03615943342447281
0,0,0.03655159845948219
1,1,0.9999581575393677
1,0,0.20467567443847656
0,0,0.00746248010545969
0,0,0.010956610552966595
1,1,0.9999454021453857
0,0,0.010503760538995266
0,0,0.0188234094530344
0,0,0.015028335154056549
1,1,0.9999680519104004
0,0,0.026803914457559586
1,1,0.9998007416725159
1,1,0.8304230570793152
0,0,0.0010878925677388906
1,1,0.9960575103759766
1,1,0.6329782009124756
0,0,0.04270981624722481
1,1,0.9607711434364319
0,0,0.0036946129985153675
0,0,0.0005721061024814844
0,0,0.03176642581820488
0,1,0.8957054018974304
1,1,0.9933119416236877
0,0,0.010563996620476246
0,0,0.017109395936131477
0,0,0.0015928394859656692
0,0,0.1199239194393158
0,0,0.00039164716145023704
1,1,0.9727708697319031
1,1,0.9998345375061035
0,0,0.06638739258050919
0,1,0.6753343939781189
1,1,0.9248735904693604
0,0,0.02190343663096428
1,1,0.8331586718559265
0,0,0.01076518278568983
0,0,0.08815979212522507
0,0,5.653889456880279e-05
0,0,0.47180303931236267
0,0,0.002768851350992918
1,1,0.9177634119987488
1,1,0.9863438606262207
1,1,0.9764106869697571
1,1,0.879946768283844
1,1,0.999992847442627
1,1,0.9343471527099609
0,0,0.04966555908322334
1,0,0.42532333731651306
1,1,0.9997816681861877
0,0,0.002937929704785347
0,0,0.00223391386680305
0,0,0.001132231904193759
0,0,0.00015377954696305096
1,1,0.9984923601150513
0,0,0.02713165618479252
1,1,0.9981504082679749
1,1,0.999647855758667
0,0,0.0067095584236085415
0,0,0.0014307908713817596
0,0,0.0775151178240776
0,0,5.236126980889821e-07
0,1,0.5717446804046631
0,1,0.6527459621429443
0,0,0.00015296773926820606
1,1,0.9999690055847168
0,0,0.013919196091592312
0,0,0.0017813787562772632
0,0,0.02243482880294323
1,1,0.9970064759254456
0,0,0.0025242308620363474
1,1,0.9825732111930847
0,0,0.06587553024291992
0,0,0.0005311827408149838
0,0,0.11361108720302582
0,1,0.953285813331604
1,1,0.8638575673103333
0,0,0.15511249005794525
0,1,0.818545401096344
1,1,0.7893205881118774
0,0,0.0007115547778084874
0,0,0.0037684522103518248
1,1,0.9745006561279297
0,0,0.00011442247341619805
0,0,0.0006516124703921378
0,0,0.04439203813672066
0,0,0.0020363174844533205
1,1,0.9986074566841125
1,1,0.7885410189628601
0,0,3.052801184821874e-05
1,1,0.9924744963645935
0,0,0.008060084655880928
0,0,0.010994842275977135
0,0,0.014937441796064377
0,0,0.1060207337141037
1,0,0.03132545202970505
0,0,0.4134098291397095
0,0,0.000213193052331917
1,1,0.947270929813385
0,0,0.021067963913083076
1,1,1.0
0,0,0.0007995347841642797
1,1,0.9999284744262695
1,1,0.9977974891662598
0,0,0.0008255599532276392
0,0,0.000150307037984021
1,1,0.7185245752334595
0,1,0.5802116394042969
0,0,0.07615704834461212
1,1,0.9722043871879578
0,0,0.10670461505651474
0,0,0.030119342729449272
0,0,0.02666880376636982
0,0,2.0772902644239366e-05
0,0,0.00046329773613251746
0,0,0.01956060342490673
1,1,0.7911425828933716
0,0,0.03890933468937874
0,1,0.6097758412361145
0,0,0.0021681932266801596
0,0,0.10977516323328018
0,0,0.004482774063944817
0,0,0.021615510806441307
0,0,0.0007737800478935242
1,1,0.9990548491477966
1,1,0.9976513981819153
1,1,0.9999971389770508
1,1,0.9999992847442627
1,1,0.8904041647911072
1,1,0.9692167639732361
0,1,0.9989950060844421
0,1,0.6709989905357361
0,0,0.013743852265179157
1,0,0.4627384543418884
0,0,3.0210396289476193e-05
0,0,0.011447385884821415
1,1,0.9990994930267334
0,0,0.00705774175003171
1,1,0.9997562766075134
0,0,0.037231095135211945
0,0,0.0036706896498799324
0,0,0.13605958223342896
0,0,0.00149070646148175
0,0,0.001718722633086145
1,1,0.9859715104103088
1,1,0.9999837875366211
1,1,0.9995701909065247
0,0,0.01148320734500885
0,0,0.0011726577067747712
0,0,0.13870829343795776
1,1,0.9778980612754822
1,1,0.9999995231628418
0,0,0.09856946021318436
1,1,0.9714983105659485
0,1,0.8870890736579895
0,0,0.00011035917123081163
0,0,0.004000671673566103
0,0,0.00017127585306297988
0,0,0.010023161768913269
0,0,0.04226600006222725
0,0,0.4407431483268738
1,1,0.9581064581871033
0,0,0.002876806305721402
0,0,0.0026389530394226313
0,0,0.010864603333175182
0,1,0.5138185024261475
0,0,0.0051532164216041565
1,1,0.9342042803764343
1,1,0.999869704246521
0,0,0.0010663109133020043
1,1,0.9999995231628418
0,0,2.512938181098434e-06
0,0,0.006601021625101566
0,0,0.0003608466067817062
1,1,0.9806885719299316
0,0,0.17747166752815247
1,1,0.9994674324989319
0,0,0.011140593327581882
1,1,0.9448997974395752
0,0,0.00032078567892313004
0,0,0.046970680356025696
0,0,0.0026834590826183558
1,1,0.9980656504631042
1,1,0.9996457099914551
0,0,0.0058850981295108795
1,1,0.9753839373588562
0,0,0.025042995810508728
0,0,0.020984480157494545
0,0,0.0030302368104457855
0,0,0.0019587900023907423
0,0,0.01032932661473751
0,0,0.00027187683735974133
0,0,0.011727653443813324
0,0,0.11498058587312698
1,1,0.9999572038650513
1,1,0.9939897060394287
1,1,0.9968587160110474
1,1,0.6001670360565186
0,0,0.3112500011920929
1,1,0.9999998807907104
1,1,0.9897662997245789
0,0,0.0022767260670661926
0,0,0.30617594718933105
1,1,0.9989732503890991
1,1,0.971704363822937
1,1,0.9996986389160156
0,0,0.0023790050763636827
0,0,0.00708155008032918
0,0,0.0008691060938872397
0,0,0.0030418194364756346
0,0,0.07412835955619812
0,0,0.3874131739139557
0,0,1.8670476276128056e-09
0,0,0.015266954898834229
0,0,0.021128322929143906
0,0,0.001282445271499455
0,0,0.00019861588953062892
0,0,0.028513794764876366
1,1,0.9867653846740723
0,0,0.1149388998746872
0,0,0.06169401854276657
1,1,0.7390027642250061
1,1,0.9974806904792786
1,1,0.9991844296455383
0,0,0.1491623818874359
1,1,0.9740117192268372
1,1,0.9298750162124634
0,0,0.00021830137120559812
0,1,0.7070172429084778
1,1,0.9457800984382629
0,1,0.7847625613212585
1,1,0.9994284510612488
0,1,0.9674630761146545
0,0,0.0001739229919621721
0,0,0.001258192234672606
1,1,0.9822600483894348
1,1,0.9982230067253113
0,0,0.00033640890615060925
0,0,0.01576158218085766
0,0,0.043040111660957336
1,1,0.8959986567497253
0,0,0.010823134332895279
0,0,0.0001034642627928406
1,1,0.9973453879356384
0,0,0.018909510225057602
1,1,0.9995740056037903
1,1,0.9999663829803467
1,1,0.9865341186523438
0,0,0.0008676460711285472
1,1,0.9735442399978638
1,1,0.5766662955284119
0,0,0.0018996655708178878
0,0,0.009672454558312893
0,0,0.015472535975277424
0,0,0.004510991740971804
1,1,0.999489426612854
0,0,0.009073985740542412
1,1,0.9708163142204285
1,1,0.9999880790710449
0,0,0.13580982387065887
0,0,0.004034602083265781
1,1,0.9772700071334839
1,0,0.21544663608074188
1,1,0.9999663829803467
1,0,0.11431396007537842
1,1,0.9982174038887024
1,1,0.9977001547813416
1,1,0.998843789100647
1,1,0.9972969889640808
0,0,1.0956173355225474e-05
1,1,0.9958022236824036
0,0,0.011501478962600231
0,0,0.0011933482019230723
1,0,0.477578341960907
1,1,0.951453447341919
1,1,0.9997401833534241
1,0,0.4690834581851959
1,1,0.9743182063102722
1,1,0.9999922513961792
0,0,0.002946483204141259
0,0,0.38975927233695984
1,1,0.8327857851982117
0,0,4.08605865231948e-06
1,1,0.9995686411857605
0,0,0.0616287887096405
1,1,0.9829104542732239
0,0,1.6714012929242017e-07
0,0,0.008755674585700035
0,0,0.006327033508569002
0,0,0.0008681202889420092
0,0,0.0011053039925172925
1,1,0.9975627660751343
1,1,0.984303891658783
1,1,0.9154809713363647
0,0,0.006431734189391136
0,0,0.18432432413101196
0,0,0.006788658443838358
0,0,6.246922907848784e-07
0,0,0.17137449979782104
0,0,0.023247847333550453
0,0,0.0014080529799684882
0,0,0.019939208403229713
0,0,0.0004879680636804551
0,0,1.1283826097496785e-05
0,0,5.979832621960668e-06
0,0,0.007720061112195253
1,1,0.9988695979118347
1,1,0.9841650724411011
0,1,0.8261341452598572
1,1,0.999971866607666
0,0,1.4782126527279615e-05
1,1,0.9898979663848877
0,0,0.07084108889102936
1,0,0.29935067892074585
0,0,7.222850399557501e-05
1,1,0.9999829530715942
1,1,0.815178394317627
0,0,0.004230190999805927
1,1,0.9899360537528992
0,1,0.6360209584236145
0,0,0.017151257023215294
0,0,0.0005477992817759514
0,0,0.0005028486484661698
1,1,0.9925521612167358
1,1,0.9998279809951782
1,1,0.9992029070854187
0,0,1.2984431805307395e-06
0,0,0.005381730850785971
1,1,0.999022364616394
1,0,0.4962543547153473
1,1,0.9966795444488525
0,0,0.0021273011807352304
0,0,0.16080228984355927
0,0,0.04143218696117401
0,0,0.014553328976035118
1,1,0.989612877368927
0,0,0.08982767909765244
1,1,0.9999997615814209
0,0,0.1565764844417572
0,0,0.006637803744524717
0,0,0.09316650032997131
0,0,0.016717804595828056
0,0,0.05739207938313484
1,1,0.9990025162696838
1,1,0.764496386051178
0,0,0.0015469483332708478
0,0,1.4523810932587367e-05
1,0,0.09105127304792404
1,1,0.9566066265106201
1,1,1.0
1,1,0.9991217255592346
0,1,0.841738760471344
1,1,0.9877031445503235
0,0,0.06084611266851425
1,1,0.9681719541549683
0,0,0.00784403458237648
1,1,0.9999860525131226
1,0,0.44105347990989685
0,0,0.00023607254843227565
0,0,0.007432297337800264
1,0,0.25033822655677795
0,0,0.01972433179616928
1,0,0.3650081753730774
0,0,0.1512119323015213
0,0,0.02515537478029728
1,0,0.38353225588798523
0,0,0.007226969115436077
1,1,0.9989814162254333
1,1,0.9962213039398193
0,0,0.001743387896567583
1,1,0.9913653135299683
0,0,0.00026986352168023586
1,1,0.9617230296134949
1,1,0.6631754040718079
0,0,0.00838147196918726
0,0,0.001670057768933475
0,0,0.16880400478839874
1,1,0.7168585658073425
0,0,0.4981740415096283
0,0,0.0047177462838590145
1,1,0.9545519351959229
0,0,0.06385345011949539
0,0,0.10671313852071762
0,0,0.22983399033546448
1,1,0.5106530785560608
0,1,0.5937730073928833
0,0,0.000824411865323782
1,0,0.19297634065151215
1,1,0.9660797715187073
0,0,0.00042744720121845603
0,0,0.4112015664577484
1,1,0.9545033574104309
1,1,0.9965596795082092
1,1,0.9716352224349976
1,0,0.2055578976869583
1,1,0.9999939203262329
0,0,0.006927406881004572
1,1,0.9991641044616699
1,1,0.99843829870224
1,0,0.3387037515640259
0,0,0.008545825257897377
0,0,0.0047185844741761684
0,0,0.009377561509609222
0,0,0.0981215313076973
1,1,0.98680579662323
1,1,0.8314441442489624
0,0,0.14554403722286224
0,0,0.4446251690387726
0,0,0.0011935067595914006
0,0,0.060002777725458145
0,1,0.866191029548645
0,0,0.04385719075798988
1,1,0.987231969833374
0,0,0.08568064123392105
0,0,0.010972682386636734
0,0,0.000352442788425833
0,0,0.006236798129975796
0,0,0.3707265555858612
0,1,0.5241895318031311
0,0,0.011688364669680595
0,0,0.19101572036743164
0,0,6.843455139460275e-06
0,0,0.004747983533889055
0,1,0.6288142204284668
0,0,0.03393467143177986
0,0,6.541395123349503e-07
0,0,0.00900919921696186
0,0,0.03774134814739227
0,0,0.3143647313117981
0,0,0.0009283295948989689
0,0,0.1591251641511917
1,1,0.9999998807907104
0,0,0.15292607247829437
0,0,0.12874352931976318
1,1,0.5813061594963074
1,1,0.9999833106994629
0,1,0.6282491683959961
0,0,0.0015426500467583537
1,1,0.997297465801239
1,1,0.674449622631073
0,0,0.427388459444046
0,0,0.1516176164150238
0,0,0.055171120911836624
0,0,0.005770720541477203
0,0,0.004564061760902405
0,0,0.0031382590532302856
0,0,0.01012524962425232
1,1,0.9989325404167175
1,1,0.9999150037765503
0,0,0.004339232575148344
0,0,0.06740312278270721
1,1,0.9897819757461548
1,1,0.945713996887207
1,1,0.6348724961280823
0,0,0.004335635341703892
0,0,0.04885292798280716
1,1,0.8687738180160522
1,1,0.9999336004257202
1,1,0.9219778180122375
1,1,0.9998247027397156
0,1,0.8098103404045105
1,1,0.9999990463256836
0,0,0.004648155532777309
1,0,0.4116479158401489
0,0,0.18032073974609375
0,0,0.000270816934062168
1,1,0.5123846530914307
1,1,0.9657101035118103
1,1,0.9844743013381958
0,0,0.31881964206695557
1,1,0.9978229999542236
1,1,0.9985741376876831
1,1,0.9966220855712891
0,0,0.02258368395268917
1,1,0.9999704360961914
1,1,0.9579053521156311
1,1,0.9992960691452026
1,1,0.9953793287277222
1,1,0.927277147769928
1,1,0.9991376399993896
0,0,0.0001664172887103632
1,0,0.24732278287410736
0,0,0.004609101451933384
1,1,0.9963020086288452
0,0,0.013679931871592999
1,1,0.9949467778205872
0,0,0.025042176246643066
0,0,0.189497172832489
1,1,0.9818691611289978
1,1,0.998200535774231
1,1,0.9999991655349731
0,0,0.09547421336174011
0,0,0.0074547952972352505
1,1,0.9998278617858887
0,0,0.009723814204335213
0,0,0.00024028179177548736
1,1,0.9972954392433167
1,1,0.9821200966835022
1,1,0.995606005191803
1,1,0.9999513626098633
0,0,0.14193475246429443
0,0,0.15257471799850464
0,0,0.02692517079412937
0,1,0.5713881254196167
0,0,0.015930159017443657
1,1,0.9903814196586609
1,1,0.7904614806175232
1,1,0.9802724719047546
0,0,0.11583312600851059
1,1,0.5775628089904785
0,0,0.00046128584654070437
1,1,0.9999582767486572
1,1,0.5849422812461853
1,1,0.9978377223014832
1,1,0.9999942779541016
0,0,0.10157940536737442
1,1,0.9789830446243286
1,1,0.9888572096824646
0,0,0.003396060084924102
1,1,0.999957799911499
0,0,0.01572760008275509
0,0,0.003367045894265175
1,1,0.9894738793373108
0,0,0.025369998067617416
1,1,0.9990668892860413
1,1,0.9999113082885742
0,0,0.00028982298681512475
0,0,0.07079632580280304
0,0,0.023843100294470787
0,0,0.014747066423296928
0,0,0.0064733293838799
0,0,0.0005132121150381863
1,1,0.9703747034072876
1,1,0.9951937794685364
1,0,0.33579152822494507
0,0,0.004206985700875521
1,1,0.635505735874176
0,0,0.002749623265117407
0,0,0.018065020442008972
0,0,0.0005443629343062639
0,0,0.07358796149492264
0,0,0.4826588034629822
1,1,0.6701746582984924
0,0,0.035167451947927475
1,1,0.986003577709198
0,0,0.09345833957195282
0,0,2.8792564989998937e-06
1,1,0.9976915121078491
0,0,0.45318159461021423
0,0,0.09086943417787552
0,0,0.00021315200137905777
1,1,0.9983267188072205
0,0,0.01536876056343317
0,0,0.15565739572048187
0,0,0.0028213674668222666
0,0,0.08867154270410538
0,0,0.36987191438674927
0,0,0.0014899217057973146
0,0,0.22216619551181793
1,1,0.9307814240455627
1,1,0.9998825788497925
0,0,0.00010629610187606886
0,1,0.9064759016036987
1,0,0.45389020442962646
1,1,0.9548352956771851
0,0,0.003998268395662308
1,1,0.9765219688415527
0,0,0.0026383192744106054
0,1,0.6038426756858826
1,1,0.9983977675437927
0,0,2.7130679882247932e-05
0,0,0.0022987450938671827
1,1,0.8318633437156677
0,0,5.121406866237521e-05
0,0,2.9202675477790763e-07
0,0,0.33025771379470825
1,1,0.9854341745376587
1,1,0.9835721850395203
1,1,0.9111425876617432
1,0,0.37471675872802734
1,1,0.9862560629844666
1,1,0.9999998807907104
1,1,0.9866612553596497
1,1,0.9913068413734436
0,0,0.0001225584710482508
0,0,0.0001867845276137814
0,0,0.09700586646795273
1,1,0.9995135068893433
0,0,0.0006649509305134416
0,1,0.5553343892097473
1,0,0.41386544704437256
0,0,0.00012702643289230764
0,0,0.11924197524785995
0,1,0.8463624715805054
0,0,0.03067384660243988
1,1,0.9998539686203003
1,1,0.998555600643158
1,1,0.7866204977035522
1,0,0.12993767857551575
1,1,0.9992775321006775
1,1,0.9189475178718567
1,1,0.9927453398704529
0,0,0.024572007358074188
1,1,0.9944888353347778
0,0,0.01980850100517273
0,0,6.219587521627545e-05
1,1,0.999932050704956
1,0,0.040230054408311844
1,1,0.6900668144226074
0,0,0.010675013065338135
1,1,0.8179696202278137
0,0,0.00023975498334039003
0,0,2.0348347788967658e-06
1,1,0.9147417545318604
1,1,0.9959806203842163
1,0,0.4975855052471161
0,0,0.0836968943476677
0,0,0.06113330274820328
0,0,0.00032431617728434503
1,0,0.3587090075016022
1,1,0.9999912977218628
1,1,0.9726602435112
0,0,0.07428822666406631
0,0,0.2122536301612854
0,0,0.03234690800309181
0,1,0.6276591420173645
0,0,0.020468445494771004
1,1,0.9528317451477051
1,1,0.9649659395217896
0,0,0.01607944816350937
0,0,0.04322989284992218
0,0,0.001774205476976931
1,1,0.9908883571624756
0,0,0.00021826621377840638
1,1,0.799969494342804
0,0,0.0012364420108497143
0,0,0.01261073350906372
0,0,0.02022668719291687
1,1,0.8834052681922913
0,0,0.0003980593755841255
1,1,0.9999662637710571
1,1,0.92671138048172
1,1,0.9998784065246582
0,0,0.010300753638148308
0,0,0.0020579295232892036
0,0,0.00015611568232998252
0,0,0.009813588112592697
0,0,0.07507043331861496
0,0,0.002012040000408888
0,0,0.0008943795110099018
0,1,0.5416807532310486
0,0,0.0018477399135008454
0,0,0.0022138182539492846
0,0,0.07711867988109589
0,0,0.004856347572058439
0,0,0.03853755071759224
0,0,0.22460758686065674
1,1,0.9973912239074707
0,0,0.00425576651468873
0,0,0.2861284613609314
0,0,0.13467231392860413
0,0,0.012091992422938347
0,0,0.003990278113633394
0,0,4.884029292107073e-10
0,0,0.007504357025027275
0,0,0.0020696879364550114
1,1,0.5424484014511108
0,0,1.7458363799960352e-05
1,1,0.999602735042572
1,1,0.6963499188423157
0,0,0.005414582323282957
0,1,0.9466826319694519
0,0,0.00012820804840885103
0,0,3.7229660847515333e-06
1,0,0.39796093106269836
1,1,0.9836011528968811
0,0,1.9771105144172907e-05
0,0,0.013502124696969986
1,1,0.9169206619262695
1,1,0.9969528913497925
0,0,0.03230389207601547
0,0,5.814775067847222e-05
0,0,2.456375841575209e-05
0,0,2.4512416985089658e-08
0,0,0.2763623893260956
0,1,0.5550251007080078
1,1,0.9884448051452637
0,0,0.03006759285926819
0,0,0.0020688874647021294
0,0,0.031057868152856827
0,0,0.003411184996366501
0,0,0.2296280562877655
0,0,0.10898212343454361
0,0,0.008735700510442257
0,0,0.009634226560592651
0,0,0.00036243608337827027
0,0,0.025843173265457153
1,1,0.9972080588340759
1,1,0.9069439768791199
0,0,1.0964316970785148e-05
1,1,0.9991113543510437
1,1,0.9133334755897522
1,1,1.0
0,0,0.012769684195518494
0,0,0.0003028991923201829
1,1,0.9999997615814209
0,0,0.00020541917183436453
0,0,0.01074134185910225
0,0,0.4576316475868225
1,1,0.9850148558616638
1,1,0.9979040622711182
0,1,0.516266942024231
0,0,1.6240819604718126e-05
0,0,0.14418038725852966
1,1,0.6755719780921936
1,1,0.9998664855957031
1,1,0.9972807168960571
1,1,0.9533214569091797
1,0,0.06856328248977661
0,0,0.035180337727069855
0,0,0.028255650773644447
0,0,0.08871675282716751
0,0,2.340909466269636e-09
0,0,0.00013314536772668362
1,1,0.9620276689529419
0,0,0.27132415771484375
0,0,0.005449589807540178
0,0,7.834843927412294e-06
1,1,0.8605939149856567
0,0,0.02897239290177822
1,1,0.993683934211731
0,0,1.4326499695016537e-05
1,1,0.9955382943153381
0,0,0.012714019976556301
0,0,0.017455721274018288
0,0,0.4090801477432251
0,0,0.08082146942615509
0,0,0.002432259265333414
1,1,0.9991412162780762
1,1,0.999943733215332
1,1,0.999715268611908
0,0,0.0263897143304348
1,1,0.9621642827987671
1,1,0.9802678823471069
0,0,1.6968641602943535e-06
1,1,0.9694157838821411
1,1,0.9780001044273376
1,1,0.9986875653266907
0,0,0.0018053166568279266
1,1,0.9871408939361572
0,0,0.0005648001097142696
0,0,6.906359340064228e-05
1,1,0.9993329644203186
0,1,0.8898065090179443
1,0,0.2645220458507538
0,0,0.0002584103785920888
1,1,0.965440571308136
1,1,0.9867536425590515
0,0,0.05312325432896614
1,1,0.9654094576835632
1,1,0.9778257608413696
1,1,0.9905181527137756
0,0,0.06467791646718979
0,0,0.0003959732421208173
0,0,0.00023115619842428714
1,1,0.9980732202529907
1,0,0.48001864552497864
0,0,0.013078611344099045
0,0,0.0002750322746578604
0,0,0.007318252697587013
0,0,0.1810608059167862
0,0,0.010400370694696903
0,0,0.014974723570048809
0,0,0.08010952174663544
0,0,2.685608535557549e-07
0,0,0.018549267202615738
0,0,0.04041368514299393
0,0,1.554396835819934e-19
1,1,0.9906476140022278
0,1,0.9832664728164673
0,0,0.06328953057527542
0,0,0.026436973363161087
1,1,0.9901331663131714
0,0,0.00600137934088707
1,1,0.9721282124519348
0,1,0.5909709930419922
0,1,0.9849966764450073
1,1,0.9944755434989929
1,1,0.8980634808540344
0,0,0.0008672529947943985
1,1,0.9999822378158569
1,1,0.9999948740005493
0,0,0.00020465280977077782
0,0,0.02428564801812172
0,0,0.07391838729381561
1,1,0.9971248507499695
1,1,0.9996979236602783
0,0,0.00044152303598821163
0,0,0.34855398535728455
1,1,0.7507521510124207
0,0,0.02991688996553421
1,1,0.9936901330947876
1,1,0.9999895095825195
0,0,0.004032795317471027
1,1,0.9945112466812134
0,0,0.00031824124744161963
1,1,0.9976955056190491
0,0,0.07607880979776382
0,0,0.01189712155610323
1,1,0.6830088496208191
0,0,0.050713226199150085
0,0,0.1891278177499771
0,0,0.006145648192614317
1,1,0.9996844530105591
0,0,0.00743244169279933
0,0,0.007986758835613728
1,1,0.9498956203460693
0,0,0.0023648140486329794
0,0,8.890936442185193e-06
0,0,0.0010832393309101462
1,1,0.987941563129425
1,1,0.9331572651863098
0,0,0.0924367904663086
0,0,0.009858841076493263
0,0,0.0017145518213510513
1,1,0.9765385985374451
0,0,0.037737809121608734
0,0,0.08097365498542786
1,1,0.9993465542793274
0,0,0.40492165088653564
1,1,0.9897370934486389
0,0,0.00873043667525053
1,0,0.14777140319347382
0,0,0.026478160172700882
0,0,0.00551941990852356
0,0,0.010402820073068142
1,1,0.9867047071456909
0,0,0.03978326544165611
0,0,0.0049584489315748215
0,0,0.03851751983165741
0,0,0.023124760016798973
1,1,0.9829845428466797
0,0,0.005960184149444103
1,1,0.9960506558418274
1,1,0.9999516010284424
0,0,0.007366488222032785
0,0,0.09889686107635498
0,0,0.012081345543265343
1,1,0.9986832737922668
0,0,1.2806074778382026e-07
0,0,0.03284751996397972
1,1,0.9999703168869019
0,0,0.049135301262140274
1,1,0.9736616015434265
0,0,0.0020813648588955402
0,0,3.845515311695635e-05
0,0,0.23834793269634247
1,1,0.9998082518577576
1,1,0.9975296854972839
0,1,0.7016890645027161
1,1,0.9984691739082336
1,1,0.999996542930603
0,0,0.010375767946243286
1,1,0.7344545125961304
1,1,0.9401741623878479
0,0,0.09653814882040024
1,1,0.9495664834976196
0,0,0.09229492396116257
0,0,0.07681582868099213
1,1,0.9988446235656738
0,0,0.0002461917756590992
0,0,0.0659392774105072
0,1,0.8248270153999329
0,0,0.01583065278828144
0,0,0.02541656419634819
0,0,2.267237323394511e-05
0,0,0.017985191196203232
0,0,0.015305562876164913
0,0,0.02367028221487999
0,0,0.00010298567940481007
1,1,0.9993093013763428
0,0,0.030616838485002518
0,0,0.04231525585055351
0,0,0.32896289229393005
0,0,0.0545373260974884
1,1,0.9710718393325806
1,1,0.9346442818641663
1,1,0.999215841293335
1,1,0.9910665154457092
0,0,0.12594783306121826
1,1,0.9448509812355042
1,1,0.9975559711456299
0,0,0.31546688079833984
1,1,0.9838134050369263
0,0,0.004231487400829792
1,1,0.9664440751075745
0,0,0.00015972767141647637
0,0,0.00010950273281196132
0,0,0.4046008884906769
1,1,0.9994707703590393
1,1,0.9999966621398926
0,0,0.000289656687527895
0,0,0.00019813468679785728
1,1,0.9979405999183655
0,0,0.00010884800576604903
1,1,0.9942803382873535
1,1,0.8564432263374329
1,1,0.8664959669113159
0,1,0.6947506666183472
1,1,0.752933144569397
0,0,0.0298622976988554
0,0,0.023174865171313286
1,1,0.995705783367157
0,0,0.0655752569437027
0,0,0.07979438453912735
0,0,0.0296875461935997
1,1,0.9542165994644165
1,1,0.9162822365760803
0,1,0.6700629591941833
1,1,0.9980441331863403
0,0,7.2316565820074175e-06
0,0,0.03075619786977768
1,1,0.9903567433357239
0,0,0.1241421103477478
0,0,0.09842853993177414
0,0,0.03840429335832596
0,0,0.0911722257733345
0,0,0.061520595103502274
1,1,0.9998737573623657
0,0,1.1185459698026534e-05
0,0,0.020328518003225327
0,0,0.019435226917266846
0,0,0.008830327540636063
0,0,0.3637758791446686
0,1,0.9280216693878174
0,0,0.15780314803123474
1,1,0.6587662100791931
1,1,0.9869532585144043
0,0,0.06690850853919983
0,0,0.0073678093031048775
1,1,0.9498262405395508
0,0,0.007822921499609947
1,1,0.9557979106903076
1,1,0.992856502532959
1,1,0.9419757723808289
0,0,4.018753315904178e-06
0,0,0.001194059383124113
0,0,0.005160095635801554
1,1,0.9999805688858032
1,1,0.9999656677246094
1,1,0.999782145023346
1,1,1.0
0,0,0.01519316527992487
1,1,0.9435266852378845
0,0,0.026010777801275253
0,0,0.08591227978467941
0,1,0.8551089763641357
1,1,0.7414341568946838
1,1,0.5636212229728699
1,1,0.8580674529075623
0,0,0.0008311348501592875
0,0,0.14191053807735443
0,0,0.0014152290532365441
0,0,0.00021109105728100985
1,0,0.35429102182388306
0,0,0.0030190041288733482
0,0,0.15341973304748535
0,0,0.0010026313830167055
0,0,0.12131846696138382
0,0,0.2300810068845749
0,1,0.9195777773857117
0,0,0.09121474623680115
0,0,0.028964724391698837
1,1,0.9896010756492615
0,0,0.06674351543188095
0,0,0.011211875826120377
0,0,0.00221566972322762
0,0,0.011551140807569027
0,0,0.04443451762199402
0,0,0.003842370817437768
0,0,0.07447072118520737
0,0,0.0015170895494520664
0,0,0.00044126491411589086
0,0,0.02857091836631298
0,0,0.0006443036836571991
0,0,0.019143374636769295
1,1,0.9907407760620117
0,0,0.10909585654735565
1,1,0.9992952346801758
1,1,0.9862759113311768
0,0,0.000498458684887737
0,0,0.013324808329343796
0,0,2.2465759992335715e-13
0,0,0.002290407195687294
0,0,0.02604963630437851
0,0,0.33719897270202637
0,0,0.16053426265716553
0,0,1.2167201930424199e-05
0,0,0.06219666078686714
1,1,0.974780797958374
0,0,0.0012607654789462686
1,1,0.9353065490722656
0,0,0.1436242014169693
0,0,0.0002491869090590626
1,1,0.9647250175476074
0,0,0.13734950125217438
1,1,0.9999998807907104
0,0,0.02894948050379753
1,1,0.980404794216156
0,1,0.8952628970146179
0,0,0.004067046567797661
1,1,0.7202118039131165
0,0,0.26235783100128174
1,1,0.9983851909637451
0,0,0.0007138106157071888
0,0,0.13135512173175812
0,0,0.00044542920659296215
0,0,0.01359742134809494
0,0,0.02690150961279869
1,1,0.8240035176277161
1,1,0.9545623660087585
0,0,0.1042848750948906
0,1,0.5378414988517761
1,1,0.9961438179016113
1,1,0.9959320425987244
1,1,0.9452133774757385
1,1,0.9999022483825684
0,0,0.10875103622674942
1,1,0.9936087131500244
1,0,0.3283529579639435
1,1,0.7021861672401428
1,1,0.9549659490585327
1,1,0.9837085604667664
0,0,0.11715720593929291
1,0,0.2065557986497879
0,0,0.010345259681344032
1,1,0.7167279124259949
0,0,0.25334104895591736
0,0,0.3032154142856598
0,0,0.017828812822699547
1,1,0.8339407444000244
1,1,0.9832445383071899
0,0,0.12319636344909668
0,1,0.6932397484779358
1,1,0.5436629056930542
0,0,0.0567900687456131
0,1,0.6966313123703003
0,0,0.02885403297841549
0,0,0.003572520101442933
1,0,0.2766706347465515
0,0,0.0010081375949084759
0,0,0.005891138222068548
0,0,0.0573744997382164
0,1,0.6827847957611084
1,1,0.9733524918556213
1,1,0.9946042895317078
0,0,0.014314742758870125
1,1,0.8426598310470581
0,0,7.862627171562053e-07
1,1,0.9999566078186035
1,1,0.8480755686759949
0,0,0.02125329151749611
0,1,0.6147207021713257
0,0,0.010917600244283676
1,1,0.8974973559379578
1,1,0.9752764105796814
1,1,0.9999279975891113
0,0,0.010046334937214851
0,0,0.0319475382566452
0,0,0.2906905710697174
0,0,0.07924804836511612
1,1,0.9950664043426514
1,1,0.9999886751174927
1,1,0.5275178551673889
1,1,0.9454987049102783
1,1,0.9075747132301331
0,0,0.3433839678764343
1,1,0.9950311183929443
1,1,0.9955483675003052
1,1,0.6556882262229919
0,0,0.0005437686922959983
1,1,0.8703948855400085
1,1,0.9999594688415527
1,1,0.9879046678543091
1,1,0.9921730756759644
0,0,0.00012533679546322674
1,1,0.9958391189575195
1,1,0.9656060338020325
1,1,0.9999868869781494
0,0,0.000287956150714308
0,0,0.011569655500352383
0,0,0.00726034352555871
0,1,0.5009452104568481
1,1,0.9990471005439758
0,0,0.016335230320692062
0,0,0.0012702164240181446
0,0,0.35511013865470886
0,1,0.5995375514030457
0,1,0.9559098482131958
0,0,0.06226550415158272
0,0,8.339816122315824e-05
0,0,0.05849282816052437
1,1,0.972486674785614
0,0,0.37593069672584534
1,1,0.9876876473426819
0,0,0.0088123120367527
0,0,0.43702033162117004
1,1,0.9981837868690491
0,0,0.054074354469776154
0,0,0.05567704886198044
1,1,0.9990185499191284
1,1,0.9999645948410034
0,0,0.00025685798027552664
0,0,0.0027457440737634897
0,0,0.2582204341888428
0,0,1.4934031469238107e-06
0,0,0.06111777201294899
0,1,0.5052534937858582
1,1,0.9986453652381897
1,0,0.17318181693553925
1,1,0.9999980926513672
1,1,0.998306155204773
1,1,0.9974072575569153
0,0,0.00882694311439991
0,0,0.0003068021032959223
0,0,0.001313468674197793
0,0,0.000358421093551442
0,0,0.026990065351128578
0,0,2.8894899514853023e-05
0,0,0.07043098658323288
0,0,0.0012841393472626805
0,0,0.04464077204465866
0,0,2.9865108444937505e-05
1,1,0.9998525381088257
0,0,0.0013607011642307043
1,1,0.8289507627487183
1,1,0.991428792476654
0,0,0.005123218521475792
0,0,0.012562571093440056
0,0,0.15866893529891968
0,0,0.03662668913602829
0,0,0.00018263615493196994
1,1,0.929052472114563
1,1,0.9926170706748962
0,0,1.5116581835172838e-06
0,0,0.0010544523829594254
1,1,0.9960963129997253
0,0,0.03163102641701698
1,1,0.8454491496086121
1,1,0.9848029017448425
0,0,1.0083907682201243e-06
1,1,0.8144795298576355
0,0,0.020836619660258293
1,1,0.9961540102958679
1,1,0.9980227947235107
0,0,0.0013097890187054873
0,0,0.0049888077192008495
0,0,0.13827095925807953
0,0,0.0663432627916336
1,1,0.9980465173721313
1,1,0.9966447353363037
1,1,0.5809198021888733
1,1,0.9971513152122498
1,1,0.8698810338973999
0,0,7.676962923142128e-06
0,0,0.005583061836659908
0,0,0.0003985317307524383
0,0,4.530736230634602e-09
0,1,0.7691391110420227
0,0,0.4082518219947815
0,0,0.01129294466227293
1,1,0.9999936819076538
1,1,0.9921494722366333
1,1,0.9396412968635559
1,1,0.9986693859100342
1,1,0.6437903046607971
0,0,9.345224680146202e-05
1,1,0.9964620471000671
0,0,0.0014286143705248833
1,1,0.9994358420372009
0,0,0.002465496538206935
0,0,0.004468901548534632
0,0,0.0001899782510008663
1,1,0.9225313663482666
1,1,0.9752011299133301
0,0,0.0005269984831102192
1,1,0.9980303645133972
1,1,0.9976544976234436
0,1,0.7994310259819031
0,1,0.6879104971885681
0,0,0.059171780943870544
0,0,0.12257692962884903
0,0,0.0026543543208390474
0,0,0.0017646579071879387
1,1,0.6563609838485718
0,0,0.06453786790370941
0,0,0.03767621889710426
0,0,0.0008923897985368967
1,1,0.9999001026153564
0,0,0.07438642531633377
0,0,0.24176134169101715
0,0,0.026526620611548424
0,0,0.013289385475218296
1,1,0.9997419714927673
0,0,0.037629153579473495
1,1,0.872986912727356
0,0,0.022609518840909004
0,0,0.03333141654729843
0,0,0.24198096990585327
0,0,1.1376816928532207e-06
1,1,0.9998729228973389
0,0,0.00032085939892567694
1,1,0.9994158744812012
1,1,0.7063214182853699
1,1,0.9995922446250916
0,0,0.011449184268712997
1,1,0.9956845045089722
1,1,0.9948640465736389
0,0,0.01480206660926342
1,1,0.9964178800582886
0,0,0.22575689852237701
0,1,0.5084604620933533
1,1,0.9905428290367126
0,0,0.0003018265124410391
0,0,9.807631269620476e-12
0,0,0.013517103157937527
1,0,0.4956306219100952
1,1,0.9998264908790588
1,0,0.17918449640274048
1,1,0.9995480179786682
1,1,0.983544647693634
1,1,0.9996317625045776
1,1,0.9995200634002686
1,1,0.9875485897064209
0,0,0.0004024601075798273
1,1,0.9893920421600342
0,1,0.5741815567016602
0,0,9.60081597440876e-05
0,0,0.00016995354963000864
1,1,0.996733546257019
0,1,0.5760047435760498
0,0,0.19666555523872375
1,1,0.9999439716339111
1,1,0.9987564086914062
0,0,4.4308017095318064e-05
1,1,0.9876555800437927
1,1,0.9994484782218933
0,0,0.221542090177536
1,1,0.9998538494110107
1,1,0.9999141693115234
0,0,0.0034415265545248985
0,0,0.0076408833265304565
0,1,0.7425422072410583
1,1,0.8028596043586731
0,0,0.015718258917331696
1,1,0.9985179305076599
0,0,0.0004939022473990917
1,1,0.9948351383209229
0,0,0.004339488223195076
1,1,0.8828292489051819
1,1,0.8453593254089355
0,0,0.0007705218158662319
0,0,0.12990805506706238
0,0,0.4276514947414398
1,1,0.6810948848724365
0,1,0.9984198808670044
0,0,0.3712688088417053
0,0,0.01603768579661846
0,0,0.0001736888225423172
0,1,0.974459707736969
0,0,0.015050233341753483
1,1,0.9992706179618835
0,0,0.00013688525359611958
1,1,0.9993082284927368
0,0,0.3748588263988495
1,1,0.9951713681221008
0,0,8.293175778817385e-05
1,1,0.9928969740867615
1,0,0.4255619943141937
0,0,0.0007305255858227611
0,0,0.001623231335543096
1,1,0.9999992847442627
1,1,0.9987567663192749
0,0,0.006387119647115469
1,1,0.9990724325180054
1,1,0.9028584957122803
1,1,0.8677397966384888
1,1,0.9566376209259033
1,1,0.9931539297103882
1,1,0.9380912184715271
0,0,0.0008110973285511136
0,0,0.0968666523694992
0,0,0.011763154529035091
1,1,0.9081615209579468
1,1,0.9979661703109741
1,1,0.8685344457626343
0,0,4.7905570681905374e-05
0,0,0.008554249070584774
0,0,0.0034066184889525175
0,0,0.08201711624860764
0,0,0.010447300039231777
1,1,0.952978789806366
1,1,0.9987302422523499
0,0,0.17782653868198395
0,0,0.10500724613666534
0,0,0.0025096412282437086
1,1,0.9987126588821411
1,1,0.8791437149047852
1,1,0.9997393488883972
1,1,0.9886492490768433
0,0,0.22795824706554413
1,1,0.9820952415466309
1,1,0.9961752891540527
1,1,0.9994332194328308
0,0,0.010423732921481133
0,0,0.00021018569532316178
0,0,0.0004279636195860803
0,0,0.002500157570466399
1,1,0.9992214441299438
0,0,0.007351207546889782
0,1,0.6085888147354126
1,1,0.7727702260017395
1,1,0.9582462310791016
1,1,0.9990900754928589
1,1,0.9910725951194763
1,0,0.3656148910522461
1,1,0.9293550848960876
1,1,0.7837152481079102
0,0,0.0008195899426937103
0,0,0.0067330836318433285
0,1,0.5291435122489929
0,0,8.9104332801071e-07
1,1,0.9797524213790894
1,0,0.3047380745410919
1,1,0.7815484404563904
0,0,0.1103394404053688
1,1,0.9915412068367004
1,1,0.9847701787948608
1,1,0.8981155157089233
0,0,0.0059742191806435585
0,0,0.008116507902741432
1,1,0.9894709587097168
1,1,0.8356437683105469
0,0,4.31459454830474e-08
0,0,0.010961825959384441
0,0,0.025098180398344994
0,0,0.06787160784006119
1,1,0.9935810565948486
0,0,0.49848824739456177
0,0,0.00461582699790597
0,0,0.03584812209010124
1,1,0.9948720335960388
0,1,0.9999998807907104
1,1,0.8729279637336731
1,1,0.6800077557563782
1,1,0.9971097111701965
1,1,0.9999980926513672
1,1,0.997619092464447
0,0,0.00033704613451845944
1,0,0.3418372869491577
1,1,0.6467651128768921
0,0,0.06579425930976868
0,0,0.004317886661738157
0,0,0.07659395784139633
0,1,0.5359448790550232
1,1,0.7421450018882751
1,1,0.9755659699440002
0,1,0.5615115761756897
0,0,0.000701218144968152
1,1,0.971362829208374
1,1,0.7303159832954407
1,1,0.9999887943267822
0,0,0.0005743751535192132
0,0,0.02462029457092285
1,1,0.982934296131134
1,1,0.8844207525253296
0,0,0.0001412294222973287
1,1,0.9352264404296875
1,0,0.3781832456588745
0,1,0.7757297158241272
1,1,0.9841909408569336
0,0,0.00032203132286667824
0,0,4.7159344831015915e-05
0,0,0.03282039240002632
0,0,0.0005370073486119509
1,0,0.33403825759887695
0,0,0.33491113781929016
0,0,0.003603363409638405
0,0,0.09495749324560165
0,0,0.000552208861336112
1,1,0.9742839336395264
0,0,0.010082530789077282
1,1,0.9999988079071045
1,1,0.9961524605751038
0,0,0.07667361944913864
1,1,0.911609411239624
0,0,0.0001742323802318424
0,0,0.002323666587471962
1,1,0.990114688873291
1,1,0.8610750436782837
0,0,0.12970441579818726
1,1,0.9996997117996216
0,0,0.07570113241672516
1,1,0.9353833794593811
0,0,0.07615415751934052
1,1,0.7247418165206909
1,1,0.9934705495834351
0,0,0.009697305969893932
1,1,0.9649617075920105
0,0,0.08008788526058197
1,1,0.9929400682449341
0,0,0.0005047072190791368
0,0,0.010766005143523216
1,1,0.9989092350006104
1,1,0.9699029326438904
1,1,0.9886468052864075
1,1,0.6289794445037842
1,1,0.9946957230567932
1,1,0.9900957345962524
0,0,0.22743557393550873
1,1,0.9898910522460938
0,0,0.018106235191226006
1,1,0.9761894941329956
1,1,0.7083455920219421
1,1,0.6610258221626282
1,1,0.9884371161460876
0,0,0.00013817145372740924
0,0,1.969558525161119e-06
1,1,0.8151096701622009
1,1,0.9957503080368042
0,0,0.02124289609491825
0,0,0.025680316612124443
1,1,0.6467587947845459
0,0,0.00665250001475215
1,1,0.7633110284805298
1,1,0.9999953508377075
1,1,0.89607173204422
0,0,0.03731873258948326
0,0,4.97521432407666e-05
1,1,0.9731810092926025
1,1,0.9984766840934753
0,0,0.14784462749958038
1,1,0.6693699359893799
0,0,4.063307278556749e-05
1,1,0.984997034072876
1,1,0.9999970197677612
1,1,0.5888205170631409
1,1,0.9947288632392883
1,1,0.9844965934753418
0,0,0.20762918889522552
1,1,0.9992640614509583
1,1,0.7649624943733215
0,0,0.02303430810570717
0,0,0.0032373089343309402
0,0,0.003666945733129978
0,0,0.000701631885021925
0,0,0.007004186976701021
0,0,0.06837806105613708
0,0,0.0407678484916687
0,0,0.002410388085991144
1,1,0.9985962510108948
1,1,0.9667457938194275
0,0,0.00729881739243865
0,0,2.223551564384252e-05
0,0,0.0004557346983347088
0,0,0.009784282185137272
1,1,0.9910105466842651
1,0,0.15403348207473755
1,0,0.2502017021179199
1,1,0.9998446702957153
1,1,0.970241367816925
0,0,0.011457962915301323
1,1,0.7160413861274719
0,0,0.08797863125801086
0,0,0.2089482694864273
1,1,0.9999632835388184
1,1,0.9860721826553345
1,1,0.9923369288444519
0,0,0.08389568328857422
0,0,0.00032796457526274025
1,1,0.9996242523193359
1,1,0.9998999834060669
0,1,0.5683209300041199
1,1,0.949567437171936
0,0,0.03624510020017624
0,0,0.0014294023858383298
1,1,0.9858548045158386
1,1,0.9960045218467712
1,1,0.9685723781585693
0,0,0.2720962166786194
1,1,0.9999998807907104
0,0,0.0014505465514957905
0,0,0.0912468433380127
0,0,0.14328952133655548
1,1,0.9802457690238953
0,0,0.00039887172169983387
0,0,4.435638402355835e-05
1,1,0.9105889797210693
1,1,0.8158692121505737
0,0,0.4172792434692383
1,1,0.7797899842262268
0,1,0.602837860584259
0,0,0.2997891902923584
0,0,1.0182323428864493e-08
0,0,0.014258296228945255
0,0,0.16966275870800018
1,1,0.9652060866355896
0,0,0.09957613050937653
0,0,0.014267884194850922
1,1,0.9034354090690613
0,0,0.003574192523956299
0,0,0.00014123778964858502
0,0,0.03530171886086464
1,1,0.7863160371780396
0,0,0.025329716503620148
0,0,0.0004498082853388041
0,0,6.630754278980078e-10
1,1,0.998819887638092
1,1,0.9918001294136047
1,1,0.9180658459663391
1,1,0.9912729859352112
1,1,0.9879064559936523
1,1,0.9970197081565857
1,1,0.9011447429656982
1,1,0.9999860525131226
0,0,0.006780461873859167
1,1,0.9953433871269226
1,1,0.8262780904769897
1,1,0.802577555179596
1,1,0.9866886734962463
1,1,0.9967101812362671
0,0,0.03651363402605057
0,0,0.002015055390074849
1,1,0.9116906523704529
1,1,0.9995088577270508
0,0,0.30649325251579285
0,0,0.0020177296828478575
0,0,0.010856919921934605
0,0,2.2430358512792736e-06
0,0,0.0030706715770065784
0,0,0.006630460266023874
0,0,0.06504029780626297
0,0,0.0009346811566501856
0,0,0.01235093642026186
0,0,0.14842286705970764
0,0,0.034162864089012146
1,0,0.4686416685581207
0,0,0.0018287269631400704
1,1,0.8214188814163208
0,0,7.271843060152605e-05
0,0,6.775087240384892e-05
1,1,0.7970006465911865
0,0,0.0019902558997273445
1,1,0.9999995231628418
1,1,0.9999997615814209
1,1,0.9999344348907471
0,1,0.5862346291542053
0,0,0.02021227963268757
1,1,0.9693067073822021
1,0,0.314141184091568
0,0,0.025634944438934326
1,1,0.9941306710243225
1,1,0.9836477637290955
1,1,0.9480864405632019
1,1,0.9999990463256836
0,0,0.013394127599895
0,0,0.0002968361950479448
0,0,0.003940443973988295
0,0,0.026010343804955482
0,0,0.022816762328147888
1,1,0.9912719130516052
0,0,0.0006722068064846098
1,1,0.7073394060134888
1,1,0.9517671465873718
1,1,0.9999945163726807
1,1,0.9875555634498596
0,0,0.0018026325851678848
1,1,0.9999951124191284
0,0,0.007524388376623392
0,0,0.13976268470287323
0,0,1.7668064174358733e-05
1,0,0.3422940969467163
0,0,0.21887581050395966
0,0,4.342848853866599e-07
1,1,0.9718016982078552
1,1,0.865062415599823
0,0,8.434969640802592e-05
0,0,0.08007488399744034
1,1,0.9979704022407532
1,1,0.9922155737876892
0,0,7.486628601327538e-05
0,0,0.06853996962308884
0,0,0.0005139379063621163
0,0,2.4055373160081217e-07
1,1,0.9755964875221252
0,0,0.06422027200460434
0,0,0.30214256048202515
0,0,0.00456166872754693
1,1,0.9999922513961792
1,1,0.9451520442962646
1,1,0.8974683284759521
1,1,0.7578011751174927
1,1,0.9999454021453857
0,0,0.3928852677345276
0,0,0.23329518735408783
1,1,0.957737386226654
1,1,0.982396125793457
1,1,0.9087907075881958
0,0,0.03982844203710556
1,1,0.994327962398529
0,0,0.07149391621351242
1,1,0.8326036334037781
0,0,0.01552706491202116
0,0,0.0009065406629815698
0,0,0.05936676263809204
1,1,0.8004077076911926
0,0,0.0014276154106482863
0,0,0.002484041266143322
0,1,0.6114253401756287
0,0,0.001771786599420011
0,0,0.005275057628750801
1,1,0.9550374746322632
0,0,0.3546661138534546
1,1,0.9972800016403198
1,1,0.9991769194602966
0,0,0.43954774737358093
1,1,0.9997149109840393
1,1,0.9957664012908936
1,1,0.9800764918327332
0,0,0.02936730347573757
0,0,0.004277733154594898
1,1,0.9998352527618408
1,1,0.9998779296875
1,1,0.5150200724601746
0,0,0.1800381988286972
1,1,0.9963171482086182
1,1,0.9820353984832764
0,0,0.17130693793296814
1,1,0.9987753033638
1,1,0.9943047165870667
1,1,0.9681812524795532
0,0,0.025023695081472397
0,0,7.191112672444433e-05
1,1,0.9995162487030029
0,0,1.0770753760880325e-05
0,1,0.6845453381538391
0,0,0.023920033127069473
0,0,0.42946404218673706
0,0,0.0002078275865642354
0,0,0.11872400343418121
0,0,0.00155314349103719
1,1,1.0
0,0,0.0007429587421938777
1,1,1.0
1,1,0.9985478520393372
0,0,0.29255980253219604
1,1,0.9976582527160645
0,0,0.07886981964111328
0,0,0.43362027406692505
0,0,0.002882889471948147
0,0,0.04063054546713829
0,0,0.18313103914260864
0,0,0.05810756981372833
0,0,0.007643671706318855
1,1,0.9999996423721313
0,1,0.8554835319519043
0,0,0.0001136950813815929
0,0,0.05968427658081055
1,1,0.994179368019104
0,0,0.0008921686676330864
1,1,0.9351522922515869
1,1,0.9935705661773682
1,1,0.9999949932098389
1,1,0.9695017337799072
1,0,0.45783695578575134
0,0,0.023149674758315086
1,1,0.9978237152099609
1,1,0.9845199584960938
1,1,0.9800401926040649
1,1,0.9923822283744812
1,1,0.9999997615814209
1,1,0.8031004071235657
1,1,0.5752763748168945
1,1,0.9860734939575195
0,0,0.02712045982480049
1,1,0.931792676448822
1,1,0.989015519618988
1,1,0.9887358546257019
1,1,0.9999994039535522
1,1,0.9990383386611938
1,1,0.9712546467781067
0,1,0.7848278880119324
1,1,0.9907008409500122
1,0,0.2521792948246002
0,0,0.008125361986458302
1,1,0.9900736808776855
1,1,0.7645244002342224
1,1,0.9716049432754517
1,1,0.953176736831665
0,0,0.00036698731128126383
0,0,3.0041295758564956e-05
0,0,0.22296246886253357
0,0,0.11404489725828171
1,1,0.9942173957824707
1,1,0.9296390414237976
0,1,0.701037585735321
0,1,0.6846781373023987
0,0,0.007703548762947321
0,0,5.134257207828341e-06
1,0,0.27796226739883423
1,1,0.9767493009567261
1,1,0.9520668983459473
0,0,0.018142493441700935
1,1,0.9878938794136047
1,1,0.9306957125663757
0,0,0.062300316989421844
1,1,0.9953339695930481
1,1,0.999717652797699
1,1,0.9854143857955933
0,0,0.0006163864745758474
1,1,0.7031089663505554
1,1,0.9982459545135498
1,1,0.9982593655586243
1,1,0.9465089440345764
0,0,0.0035292257089167833
0,0,4.5902929741714615e-06
0,0,4.842643829761073e-05
1,1,0.999997615814209
0,0,0.00047954925685189664
0,0,0.022935232147574425
1,1,0.9914124011993408
1,1,0.9522315859794617
1,1,0.961024820804596
1,1,0.992207944393158
0,0,0.1318843960762024
0,0,0.10007644444704056
1,1,0.9873052835464478
0,0,0.002370064612478018
1,1,0.9325551986694336
0,0,0.026367688551545143
0,0,0.0006406331667676568
1,1,0.9998934268951416
1,1,0.9993211030960083
0,0,4.017494939034805e-05
1,1,0.9979965090751648
1,1,0.7940993309020996
0,0,0.0424349345266819
1,1,0.9997137188911438
1,1,0.9998927116394043
1,1,0.9997983574867249
0,0,0.2510400712490082
1,1,0.8546654582023621
0,0,0.13412059843540192
0,0,0.010956275276839733
1,1,0.870496392250061
0,0,0.0052969628013670444
1,1,0.9885489344596863
0,0,0.0009867101907730103
0,0,0.44632411003112793
1,1,0.9998337030410767
1,1,0.999870777130127
1,0,0.40213721990585327
0,0,0.011922630481421947
1,1,0.9382726550102234
0,0,0.1139162927865982
1,1,0.8988685607910156
0,0,0.040356360375881195
0,1,0.5442720651626587
0,1,0.9862633943557739
1,0,0.2680008113384247
1,1,0.8219870328903198
1,1,0.9999681711196899
1,1,0.9844947457313538
0,0,0.2702302932739258
1,1,0.50733882188797
1,1,0.9962568283081055
1,1,0.9999122619628906
0,0,0.04175504297018051
1,1,0.9550332427024841
1,1,0.9998313188552856
0,0,0.009075546637177467
1,0,0.11724928021430969
1,1,0.989693820476532
1,1,0.9999936819076538
0,0,3.0382767363335006e-05
0,0,3.3009213140644533e-09
1,1,0.9953509569168091
1,1,0.9997357726097107
1,1,0.9999891519546509
1,1,0.9998736381530762
1,1,1.0
1,1,0.9996291399002075
0,0,0.00012519751908257604
0,0,0.32766708731651306
1,1,0.8298401236534119
0,1,0.9980977177619934
1,1,0.999818742275238
0,0,0.0035788824316114187
0,0,5.73256220377516e-05
0,1,0.6181651949882507
0,1,0.8990028500556946
0,0,0.07208698242902756
1,1,0.9993353486061096
1,1,0.9404629468917847
0,0,0.06136208772659302
0,0,0.03275268152356148
0,0,0.0008321503992192447
1,1,0.9997910857200623
1,1,0.9624131917953491
0,0,5.406406125985086e-05
0,0,0.015609592199325562
0,0,9.29601228563115e-05
0,0,4.1212122596334666e-05
1,1,0.9128066301345825
1,1,0.8589370846748352
1,1,0.7245848178863525
0,0,0.005202833563089371
0,0,0.003263245103880763
0,0,0.008665951900184155
0,0,0.09649055451154709
0,0,0.030958717688918114
1,1,0.9718329310417175
0,0,0.20422732830047607
1,1,0.9606473445892334
0,0,0.04063107818365097
1,1,0.9944550395011902
1,1,0.9883997440338135
1,1,0.9826725721359253
0,0,0.0004423073842190206
1,1,0.9895662069320679
0,0,0.09979373961687088
0,0,0.007361431140452623
1,1,0.8192536234855652
0,0,8.937080565374345e-05
1,1,0.9977940320968628
0,0,0.0009011543006636202
0,0,0.004349648952484131
1,0,0.30800652503967285
0,0,0.027678770944476128
1,1,0.998805046081543
0,0,0.14686456322669983
0,0,0.0003985073999501765
1,1,0.9918448328971863
0,0,0.007699358277022839
0,0,1.0475167073309422e-05
1,1,0.9852256178855896
0,0,3.187384209013544e-05
0,0,0.01916794292628765
0,0,0.06930427998304367
0,0,0.004453820642083883
0,0,0.0004231882921885699
0,0,0.03570856899023056
0,1,0.934240996837616
0,0,0.005167779978364706
1,1,0.9977676868438721
1,1,0.9970017075538635
0,0,0.08380201458930969
0,0,7.079390343278646e-05
0,0,0.29630300402641296
0,0,0.0595766119658947
1,1,0.9828847646713257
1,1,0.9303871989250183
1,1,0.8068557381629944
1,1,0.9747921824455261
0,0,0.0241998340934515
0,0,0.001925921649672091
0,0,0.00015855819219723344
1,1,0.9947561025619507
1,1,0.9998645782470703
1,1,0.9991341233253479
0,0,0.13822466135025024
1,1,0.7846862077713013
1,1,0.9998699426651001
1,1,0.9015381932258606
0,0,0.0020574252121150494
0,0,0.4965254068374634
1,1,0.5475139021873474
1,0,0.3443543314933777
0,0,0.025553671643137932
1,1,0.9998711347579956
0,0,0.0011421589879319072
1,1,0.9699582457542419
0,0,1.8347527941386943e-07
0,0,0.10471556335687637
1,1,0.994141161441803
0,0,0.0033607936929911375
0,0,0.004875514656305313
0,0,0.3565269708633423
0,0,7.929819548735395e-05
0,0,0.08016987890005112
0,0,0.005948195233941078
0,0,0.31266891956329346
0,0,0.10037750750780106
0,0,0.00015515211271122098
0,1,0.5481203198432922
0,0,0.24837754666805267
1,1,0.9957565665245056
0,1,0.717592716217041
1,1,0.9976758360862732
1,1,0.9667278528213501
1,1,0.9728419780731201
0,0,0.10832291841506958
0,1,0.6221744418144226
1,1,0.8791754841804504
1,1,0.8903344869613647
0,0,0.006411650683730841
0,0,0.13163764774799347
0,0,0.17142365872859955
0,0,0.01249175239354372
1,1,0.9994327425956726
1,1,0.9823579788208008
1,1,0.7570527195930481
1,1,0.9931520223617554
0,0,8.422863902524114e-05
0,0,0.0017333496361970901
0,0,0.0008840548107400537
1,0,0.33591246604919434
1,1,0.731217086315155
0,0,0.13588601350784302
1,1,0.9988810420036316
1,1,0.9990556836128235
1,1,0.9990662932395935
0,0,0.42813488841056824
1,1,0.9999750852584839
1,1,0.9992682337760925
1,1,0.9981299042701721
1,1,0.837651789188385
0,0,0.08255051076412201
1,1,0.7638867497444153
1,1,0.9999191761016846
0,0,0.0008966287132352591
0,0,0.00019049504771828651
0,0,0.07585874199867249
0,0,0.05375788360834122
0,0,0.0014499016106128693
0,0,0.010604269802570343
0,0,0.0006643779342994094
0,0,0.006725724786520004
0,0,0.013786952942609787
0,1,0.9816099405288696
1,1,0.9999809265136719
1,1,0.9984672665596008
1,1,0.923922061920166
1,1,0.9969336986541748
0,0,0.006625198293477297
1,1,0.9244492650032043
1,1,0.99760901927948
0,0,0.07065146416425705
1,1,0.9696121215820312
0,0,0.0538516528904438
1,1,0.9969696402549744
0,0,0.039495304226875305
0,0,8.851021266309544e-05
1,1,0.9951127171516418
1,1,0.9986795783042908
0,0,0.0007785172783769667
0,0,0.0077750347554683685
0,0,2.2316622562357225e-05
1,1,0.9999812841415405
0,0,0.0913890153169632
0,0,1.1581700164242648e-05
0,0,0.0007438261527568102
0,0,0.025639768689870834
0,0,0.0008576546679250896
0,0,8.667931979289278e-05
0,0,0.0001934203610289842
0,0,0.3388071656227112
0,0,0.15357625484466553
0,0,0.0018899801652878523
0,0,0.00047755721607245505
0,0,4.4019732740707695e-05
1,1,0.9856486320495605
1,1,0.970461368560791
0,0,0.011146104894578457
1,1,0.9993568062782288
0,1,0.6401057243347168
0,0,0.23397228121757507
0,1,0.6960394978523254
1,1,0.9586172103881836
0,0,0.0008628634968772531
1,1,0.9860237836837769
1,1,0.9970288872718811
0,0,0.27587756514549255
0,0,0.054108742624521255
1,1,0.9589864015579224
0,0,0.002839729655534029
0,0,0.10307344049215317
1,1,0.968363881111145
0,0,0.01891307719051838
1,0,0.2781401574611664
0,0,3.191099722243962e-06
0,0,0.001017979928292334
0,0,3.5328162084624637e-07
1,1,0.9945541620254517
0,0,0.006377869285643101
0,0,0.001382526126690209
0,0,0.030722467228770256
1,0,0.06164534017443657
1,1,0.9973288774490356
1,1,0.9268602728843689
1,1,0.9683486819267273
1,1,0.8999391198158264
0,0,0.0028299179393798113
1,1,0.9663705825805664
0,0,0.0010857612360268831
1,1,0.9604489207267761
0,0,0.07471548020839691
0,0,0.00223689922131598
0,0,0.20350772142410278
1,0,0.38437125086784363
1,1,0.9972612857818604
0,1,0.8663408756256104
1,1,0.9999998807907104
0,0,0.07487309724092484
1,1,0.996235191822052
1,1,0.9509174823760986
1,1,0.9999983310699463
0,0,0.00030385219724848866
1,1,0.9847003221511841
1,0,0.010605445131659508
1,0,0.49939846992492676
0,0,0.05946849659085274
0,0,0.0015085211489349604
0,0,0.00301085296086967
1,1,0.5793138146400452
1,1,0.9905340671539307
1,1,0.9999513626098633
1,1,0.740525484085083
1,1,0.9974672794342041
0,0,0.054346781224012375
0,0,0.019956393167376518
0,0,0.0002575099642854184
1,1,0.895539402961731
1,1,0.9874976873397827
0,0,0.02513989247381687
1,1,0.9836201667785645
0,0,0.01968533731997013
1,1,0.9998776912689209
0,0,0.0308989305049181
0,0,0.009364950470626354
1,1,0.9867318272590637
1,0,0.07872558385133743
0,0,0.02892998792231083
1,1,0.976129949092865
1,1,0.7198423743247986
0,0,0.052674658596515656
1,1,1.0
0,0,0.00011795563477789983
0,0,0.001646575634367764
1,1,0.9631807804107666
1,1,0.95476233959198
1,1,0.997933030128479
0,0,0.059469785541296005
0,1,0.9813547730445862
1,1,0.6291225552558899
1,1,0.963089108467102
1,1,0.9085344672203064
0,0,0.007286303211003542
0,0,0.055259477347135544
1,1,0.9988094568252563
1,1,0.8890423774719238
0,0,0.23364347219467163
1,1,0.8983100652694702
1,1,0.9980474710464478
1,1,0.9486753940582275
0,0,0.0023957607336342335
1,1,0.9900716543197632
1,1,0.897659957408905
1,1,0.9985564351081848
0,0,0.0001818377204472199
1,1,0.9927542805671692
0,0,0.09437122195959091
1,1,0.9755388498306274
1,1,0.9999082088470459
1,1,0.9852414727210999
0,1,0.5123556852340698
1,1,0.5907652378082275
1,1,0.9999998807907104
1,1,0.6377795934677124
0,0,0.3471215069293976
0,0,0.0008486870210617781
0,0,6.481857326434692e-06
0,0,0.0013389316154643893
0,0,0.03727763146162033
1,1,0.999839186668396
1,1,0.9334704875946045
1,1,0.7429287433624268
1,1,0.998038113117218
0,0,0.004631245508790016
0,0,0.0987788736820221
1,1,0.9686606526374817
0,0,1.0558561314155668e-07
0,0,0.11239557713270187
0,0,1.9878225430147722e-05
1,1,0.9999977350234985
1,1,0.9945940375328064
0,0,0.0025414929259568453
0,0,3.6442688724491745e-05
0,0,0.055521637201309204
1,1,0.8557231426239014
1,0,0.1644563525915146
0,0,0.12321149557828903
1,1,0.9930705428123474
0,0,0.029550008475780487
1,1,0.9957019686698914
1,1,0.999988317489624
1,1,0.9516223669052124
1,1,0.993320107460022
1,1,0.9999456405639648
0,0,0.37346965074539185
0,0,0.025182437151670456
0,0,0.11151307076215744
0,0,0.00010687063331715763
0,0,0.002290463773533702
0,0,0.03205990791320801
1,0,0.10921601951122284
0,0,0.035796742886304855
0,0,0.03361591696739197
1,1,0.9826706051826477
0,0,0.006855436135083437
1,1,0.999323844909668
0,0,0.451542466878891
1,1,0.9999932050704956
1,1,0.959212064743042
1,1,0.9961926937103271
1,1,0.8904314041137695
1,1,0.9392077326774597
1,1,0.9999980926513672
1,1,0.8969136476516724
0,0,0.06867777556180954
1,1,0.9789707064628601
0,1,0.8067361116409302
1,1,0.744964063167572
1,1,0.9931994080543518
0,0,0.3317975699901581
0,0,0.3841216266155243
1,1,0.9986891150474548
1,0,0.3841288685798645
0,0,0.13342030346393585
0,0,0.03557982295751572
1,1,0.9048384428024292
0,0,0.03527560830116272
0,0,0.22229477763175964
0,0,0.0036216373555362225
1,1,0.999890923500061
0,1,0.5412275195121765
1,1,0.9947903156280518
1,1,0.9993693232536316
1,1,0.7238318920135498
0,1,0.8614574074745178
1,1,0.9016483426094055
1,1,0.9544801115989685
0,0,0.32811540365219116
0,0,0.06679463386535645
0,0,0.0007207033922895789
0,0,0.011469985358417034
1,1,0.9988299012184143
0,0,1.906501165649388e-05
1,1,0.9877952337265015
1,0,0.017394978553056717
0,0,0.007976356893777847
0,0,0.009256426244974136
1,1,0.7173423171043396
0,0,0.0005685848300345242
0,0,8.336810424225405e-05
0,0,0.016099687665700912
0,0,0.00010949835268547758
1,1,0.9652900695800781
1,0,0.0005814686883240938
1,1,0.9881496429443359
1,1,0.6648343205451965
1,1,0.9975606203079224
0,0,0.017430011183023453
0,0,0.0037664601113647223
0,0,0.0009912664536386728
0,0,0.03591823950409889
1,1,0.9999737739562988
1,1,0.7828844785690308
1,0,0.11890091747045517
1,1,0.9710069894790649
0,0,0.0026924144476652145
0,0,0.0020083189010620117
0,0,0.07596278935670853
0,0,0.3335975110530853
0,0,0.019340883940458298
0,0,0.18952882289886475
0,0,1.4432420414323133e-07
0,0,0.01003006286919117
1,1,0.9312300682067871
1,1,0.9602289199829102
0,0,5.775009049102664e-05
1,0,0.06525445729494095
0,1,0.8458712100982666
1,1,0.9980897307395935
1,1,0.9958823919296265
0,0,0.00013113929890096188
0,1,0.7226127982139587
1,1,0.9999887943267822
0,0,2.886275041191766e-08
1,1,0.9998748302459717
1,1,0.9997884631156921
0,0,0.0038794996216893196
1,1,0.99960857629776
0,0,8.930502190196421e-06
0,0,0.0015310862800106406
1,1,0.999982476234436
1,1,0.9993987083435059
1,1,0.9768211841583252
1,1,1.0
0,0,0.4705365002155304
0,0,0.009785281494259834
1,1,0.9762189984321594
0,0,0.11295319348573685
1,1,0.9996511936187744
0,0,0.007422556634992361
1,1,0.9976927042007446
1,1,0.9999998807907104
0,0,0.10275553166866302
1,1,0.9824278950691223
1,1,0.9832626581192017
0,0,0.008242172189056873
0,0,0.004016426391899586
0,0,0.01580384187400341
0,0,6.681986269541085e-05
0,0,0.00016497088654432446
0,0,0.004136132076382637
1,1,0.9997404217720032
0,0,0.44682854413986206
0,0,0.03561311587691307
1,1,0.8423733115196228
1,1,0.8819387555122375
0,0,0.0010185970459133387
0,1,0.7387086153030396
0,0,0.09782494604587555
0,0,0.0002742558717727661
1,1,0.9898322820663452
0,0,0.0038356962613761425
0,0,0.014979682862758636
0,0,0.005696954671293497
0,0,0.04354843497276306
1,1,0.5973851084709167
0,0,0.043112825602293015
0,0,0.272500604391098
0,0,0.030503304675221443
0,0,0.058708615601062775
0,0,7.586553692817688e-05
1,1,0.5949012041091919
0,0,4.5813453652954195e-06
0,0,0.0011859115911647677
0,0,0.060230351984500885
1,1,0.9053935408592224
1,0,0.42461755871772766
1,1,0.9917880892753601
0,1,0.8512595891952515
1,0,0.4713180959224701
0,0,0.14240340888500214
0,0,0.12598375976085663
1,1,0.9999605417251587
0,0,0.008255364373326302
0,0,0.002307828748598695
0,0,7.348817598540336e-05
0,0,0.0009607921238057315
0,0,0.0035265639889985323
1,0,0.05100477114319801
0,0,0.00037791088107042015
1,1,0.9609354734420776
0,0,1.4033236084287637e-07
1,1,0.9992362260818481
0,0,0.011621398851275444
1,1,0.9997780919075012
1,1,0.8283889889717102
1,1,0.7434555888175964
0,0,0.2067757546901703
1,1,0.5594514012336731
1,1,0.9999997615814209
1,1,0.9930019974708557
1,1,0.9935517311096191
0,0,0.011384397745132446
0,0,0.0003856926050502807
1,1,0.9999827146530151
0,0,0.028621649369597435
1,1,0.9898539185523987
0,0,0.000328447378706187
0,1,0.9513676166534424
0,0,0.000577600731048733
1,1,0.6270977854728699
0,0,0.025279605761170387
0,0,0.0006809663609601557
1,1,0.6676639914512634
1,1,0.7809022068977356
1,1,0.9995554089546204
0,0,1.5769397577969357e-05
1,1,0.98853999376297
0,0,0.050817832350730896
1,1,0.9788858294487
0,0,0.24255117774009705
1,1,0.8234328031539917
0,0,0.01700214110314846
0,0,0.1344090700149536
1,1,0.9981142282485962
0,0,0.0035350800026208162
0,1,0.5913686752319336
0,0,0.04079471901059151
0,0,0.0001623009447939694
1,1,0.9999995231628418
1,1,0.9999998807907104
1,1,0.9796141982078552
0,1,0.7827482223510742
0,0,0.01677859015762806
1,1,0.9996517896652222
0,0,0.013960245065391064
1,1,0.9544170498847961
1,1,1.0
0,1,0.8501177430152893
0,0,0.29702848196029663
1,1,0.9755185842514038
0,0,0.0031308908946812153
0,0,0.0008462036494165659
0,0,0.1856595128774643
0,0,9.662858792580664e-05
0,0,0.000982022495009005
1,1,0.9989854693412781
1,1,0.9832315444946289
1,1,0.9999935626983643
1,1,0.9590216279029846
0,0,0.011352591216564178
0,0,0.19982047379016876
0,0,0.004147186875343323
1,1,0.9990076422691345
1,1,0.9990580677986145
1,1,0.9997100234031677
1,1,0.9993454813957214
1,1,0.9954187870025635
1,1,0.9977744221687317
1,1,0.7462919354438782
0,0,0.02782163955271244
1,1,0.9637850522994995
0,0,0.11698958277702332
0,0,0.16047723591327667
1,1,0.9803920388221741
1,1,0.9941803216934204
1,1,0.8235172033309937
0,0,0.2425190508365631
0,0,0.005209130700677633
0,0,0.0018919629510492086
1,1,0.8508666753768921
0,0,0.001940691377967596
0,0,6.805929297115654e-05
1,1,0.9960561990737915
0,0,0.09537248313426971
0,0,0.0004028650582768023
0,0,0.41900089383125305
0,0,0.04355935752391815
0,0,0.01448830682784319
0,0,7.139491208363324e-05
1,1,0.6363849639892578
0,0,0.0008908185991458595
0,0,0.008667848072946072
0,0,0.0017975817900151014
1,1,0.9988238215446472
0,0,0.05021018907427788
1,1,0.8134720325469971
0,1,0.9471157789230347
1,1,0.9999954700469971
1,1,0.9999202489852905
0,0,8.421750976594922e-07
0,0,0.19129453599452972
1,1,0.982555627822876
1,1,0.9992164373397827
1,1,0.9877477884292603
1,1,0.9958152174949646
0,0,0.04736271873116493
1,1,0.994263231754303
1,1,0.9911966323852539
0,0,0.11369112879037857
1,1,0.9998486042022705
0,0,0.0036937163677066565
1,1,0.9575514197349548
1,1,0.7492631673812866
1,1,0.9999091625213623
0,0,4.658137549995445e-05
0,0,0.03337494656443596
0,0,0.07716397941112518
1,1,0.8005260825157166
0,0,0.0059820739552378654
1,1,0.999964714050293
1,1,0.9964396357536316
1,1,0.9990766048431396
1,1,0.9999997615814209
1,1,0.985206663608551
1,1,0.9999995231628418
1,1,0.8618738651275635
0,0,0.015019015409052372
1,0,0.44099941849708557
0,0,1.649877678921996e-09
0,0,2.302521352248732e-06
1,1,0.9921934604644775
1,1,0.7563722133636475
0,0,0.3140648305416107
1,1,0.8001390099525452
1,1,0.9926373958587646
1,1,0.9731879830360413
0,0,0.0027154916897416115
0,0,1.1756227422665688e-06
0,0,0.004266031552106142
1,1,0.9756056666374207
1,1,0.9879717230796814
0,0,0.019552156329154968
0,0,0.06844428926706314
0,0,0.0005180980078876019
1,1,0.9998981952667236
1,1,0.9999957084655762
0,0,0.05687246099114418
0,0,0.008751802146434784
1,1,0.9998632669448853
1,1,0.9151119589805603
0,0,0.0025050020776689053
0,0,0.027070173993706703
0,0,0.08617574721574783
0,0,0.001921186805702746
0,0,0.48114216327667236
0,0,0.14491243660449982
0,0,0.0033704207744449377
0,0,0.37864693999290466
1,1,0.9994899034500122
1,1,0.9355282783508301
0,0,0.028591949492692947
0,0,0.0018465116154402494
0,0,7.409462796204025e-06
1,1,0.9925734996795654
1,1,0.9401095509529114
1,1,0.9997674822807312
0,0,0.11180432885885239
0,0,0.07616620510816574
0,0,2.1789839593111537e-05
0,0,0.1244276836514473
1,1,0.9951061010360718
1,1,0.986603856086731
1,1,0.9932910203933716
0,0,0.011858411133289337
0,0,0.015018698759377003
0,0,0.0015561559703201056
1,1,0.947413980960846
1,1,0.9961053729057312
1,1,0.9833362102508545
0,0,0.10393528640270233
1,1,0.9793705940246582
1,1,0.7679900527000427
1,1,0.9346741437911987
1,1,0.9954063892364502
1,1,0.997260332107544
1,1,0.9999954700469971
1,0,0.49512290954589844
1,1,0.978687584400177
0,0,0.0022714692167937756
0,0,0.02938581444323063
0,0,0.0043702800758183
0,0,0.00020095627405680716
0,0,0.08876743912696838
1,1,0.8896987438201904
0,0,1.4306103366834577e-05
1,1,0.9973733425140381
0,0,0.011229031719267368
0,1,0.5337092876434326
1,1,1.0
1,1,0.9816993474960327
1,1,0.9965877532958984
1,1,0.6099167466163635
0,0,0.012704070657491684
0,0,0.033007849007844925
1,1,0.991950273513794
0,0,0.13749092817306519
0,0,0.10524117201566696
1,1,0.9738268852233887
0,0,0.45737695693969727
0,0,0.013759625144302845
1,1,0.9997524619102478
1,1,0.9783216118812561
0,0,0.02619069442152977
0,0,0.016861798241734505
1,1,0.7260527014732361
0,0,0.015382468700408936
1,1,0.9970313310623169
0,0,0.0901423916220665
0,0,9.732325270306319e-05
1,1,0.9768791794776917
1,1,0.9755513668060303
1,0,0.06173599511384964
1,1,0.9262366890907288
0,0,0.0067436606623232365
1,1,0.9734232425689697
0,0,0.06925871223211288
1,1,0.7599044442176819
1,1,0.9958295226097107
1,1,1.0
0,0,0.011057795956730843
0,0,0.019840043038129807
1,1,0.9840222001075745
1,1,0.9990842342376709
1,1,0.9942578077316284
1,1,0.9760187864303589
1,1,0.8606860041618347
0,0,0.10775710642337799
0,1,0.5944377779960632
1,1,0.9210606813430786
0,0,0.0013533293968066573
0,0,0.007659425027668476
0,0,0.0019390287343412638
0,0,0.007124311290681362
1,1,0.9986156225204468
1,1,0.8640033006668091
0,0,0.0023100762628018856
0,0,0.0005269349785521626
0,0,0.024045925587415695
0,0,0.025932565331459045
0,0,0.012253579683601856
0,0,0.0002536983520258218
1,1,0.9999641180038452
1,1,0.965064287185669
1,1,0.8524635434150696
0,0,0.004706672392785549
0,0,0.000726620783098042
0,0,0.0005313633009791374
0,1,0.6356261968612671
1,1,0.9820870161056519
1,1,0.8141113519668579
0,0,0.0015792406629770994
0,0,0.10766690224409103
1,1,0.9973217844963074
1,1,0.9835320711135864
0,0,0.01355827134102583
0,0,0.019385337829589844
1,1,0.9921151995658875
0,0,0.031423650681972504
0,0,8.031139441300184e-05
0,0,0.045980293303728104
0,0,0.03504475578665733
0,0,0.015006083063781261
0,0,0.001649176818318665
0,0,2.0929079595690542e-14
0,0,0.014046368189156055
0,0,0.01242296677082777
0,0,0.01331369299441576
0,0,0.005058306269347668
0,0,0.0019424075726419687
1,1,0.8885093927383423
0,1,0.7561792731285095
1,1,0.9991808533668518
1,1,0.9030691981315613
0,1,0.8018405437469482
0,0,0.3017578125
0,1,0.6129013299942017
1,1,0.9999997615814209
0,0,0.0007100201328285038
1,1,0.9989515542984009
1,1,0.9973849654197693
1,1,0.8060636520385742
0,1,0.6401079297065735
0,0,0.019102245569229126
0,0,0.0015308195725083351
0,0,0.00010143629333470017
1,1,0.9513502717018127
1,1,0.7042089700698853
0,0,0.023756561800837517
0,0,0.00017821080109570175
0,0,0.01235719583928585
1,1,0.9688770174980164
0,0,0.09478580206632614
0,0,0.01419378723949194
0,0,0.021511899307370186
0,0,0.42435571551322937
1,1,0.9999821186065674
0,0,0.000436048285337165
0,0,0.020563388243317604
1,1,0.9588074088096619
0,0,0.002481113886460662
0,0,0.0032234815880656242
0,0,0.04503778740763664
0,0,0.024149969220161438
0,0,0.0005103201838210225
0,0,0.09052558988332748
0,0,0.006199870258569717
1,1,0.9795175790786743
1,1,0.9976824522018433
0,0,0.16532865166664124
0,0,0.014729340560734272
1,1,0.9998515844345093
0,0,0.0009698498761281371
1,1,0.9999943971633911
1,1,0.9994356036186218
1,1,0.9765039086341858
1,1,0.9256129264831543
0,0,0.04859715327620506
1,1,0.6936836242675781
0,0,0.022687265649437904
0,0,3.53081377397757e-05
0,0,0.16244657337665558
0,0,0.01131274551153183
1,1,0.9617730975151062
0,0,0.002075064228847623
1,1,0.9823631048202515
0,0,0.02913874015212059
1,1,0.9918367266654968
0,0,0.007389407139271498
0,0,0.18337683379650116
0,0,0.07851051539182663
0,0,0.4039556682109833
0,0,0.00017353982548229396
1,1,0.9997172951698303
0,0,0.03614933788776398
0,1,0.8370175361633301
0,0,0.08768725395202637
0,1,0.53286212682724
1,0,0.11377101391553879
0,0,0.0018115331185981631
1,1,0.9995392560958862
0,0,0.006280113011598587
1,0,0.015733972191810608
0,0,0.00012726285785902292
1,1,0.8725532293319702
1,1,0.9952477812767029
0,0,0.006536619737744331
0,0,1.3751981953191716e-07
0,0,0.1555360108613968
1,1,0.9871805310249329
0,0,0.09930070489645004
1,1,0.977653443813324
1,1,0.998337984085083
0,0,0.023089423775672913
0,0,0.01756620593369007
1,1,0.9999878406524658
0,0,0.0003363178111612797
0,0,0.0020307910162955523
0,0,6.549117824761197e-05
0,0,0.00026290875393897295
0,0,0.04555455222725868
0,0,0.11258268356323242
0,0,0.04310127720236778
1,1,0.9241945743560791
1,1,0.956156849861145
0,0,0.21744506061077118
0,0,0.00015353222261182964
1,1,0.9992585778236389
0,0,0.014854812063276768
1,1,0.9081090092658997
1,1,0.9332733154296875
1,1,0.9290237426757812
1,1,0.9997133612632751
0,0,0.010991844348609447
1,1,0.9768059253692627
0,0,0.39511966705322266
1,1,0.9994882345199585
0,0,0.2454260140657425
0,0,0.008932937867939472
0,0,5.496800076798536e-05
0,1,0.926684558391571
0,0,0.056694574654102325
0,0,0.0019437001319602132
1,1,0.8424356579780579
0,0,2.5264274881919846e-05
0,0,0.0050186156295239925
0,0,0.046238433569669724
1,1,0.8805330991744995
0,0,0.004265985451638699
0,0,0.0014272722182795405
1,1,0.9728118181228638
1,0,0.49518802762031555
1,1,0.998580813407898
0,0,0.06467261165380478
1,1,0.9698529243469238
1,1,0.9340208172798157
1,1,0.9995416402816772
1,1,0.8733047246932983
1,1,0.9021379947662354
0,0,0.00784063246101141
0,0,0.01971418224275112
1,1,1.0
1,1,0.9997820258140564
1,1,0.9999536275863647
0,0,0.01193760521709919
0,0,0.008554249070584774
0,0,8.462199912173674e-05
1,1,0.9517998695373535
1,1,0.9969326257705688
1,1,0.991787850856781
0,0,0.00038807091186754405
0,0,0.00046118651516735554
0,0,0.005165581591427326
0,0,0.2476322501897812
1,1,0.9981374740600586
0,0,0.2998885214328766
0,1,0.7751845121383667
1,1,0.9893397688865662
1,1,0.7363088726997375
0,0,0.0027155897114425898
0,0,7.617832688440462e-13
0,0,0.022349320352077484
0,0,0.1609959900379181
1,1,0.9841327667236328
0,0,0.07235087454319
0,0,0.0003652198938652873
1,1,0.9981990456581116
0,0,1.2044097275065724e-07
0,0,0.000706175749655813
0,0,1.0921318107648403e-06
0,0,0.02741285227239132
0,0,0.006732536014169455
0,0,0.0006091206450946629
0,0,8.74562028911896e-05
0,0,0.0008850341546349227
1,1,0.8287873864173889
0,0,0.03423916921019554
1,1,0.9604999423027039
1,1,0.7151416540145874
0,0,0.037555743008852005
1,1,0.9778987169265747
1,1,0.9994150400161743
1,1,0.9958190321922302
1,1,0.8153449296951294
1,1,0.9988709092140198
0,0,0.02768317237496376
1,1,0.9835505485534668
0,0,0.008034372702240944
0,0,0.00889128353446722
0,0,0.023253509774804115
0,0,0.16219855844974518
1,1,0.7238115072250366
1,1,0.9293548464775085
1,1,0.9953560829162598
1,1,0.9528455138206482
1,1,0.9953631162643433
0,0,0.1564847230911255
0,0,0.44418755173683167
1,1,0.9894848465919495
1,1,0.8300130367279053
1,1,0.9966643452644348
1,1,0.9938035011291504
1,1,0.9985499978065491
1,0,0.36125698685646057
0,0,0.04962422698736191
0,0,0.022942563518881798
1,1,0.9998342990875244
1,1,0.8223428726196289
0,0,0.02947203628718853
1,1,0.9987627267837524
1,1,0.9992610812187195
1,1,0.9997135996818542
0,0,5.754612175223883e-06
1,1,0.9999890327453613
1,1,0.7530612945556641
0,0,0.06123904138803482
1,1,0.9993984699249268
1,1,0.8323188424110413
1,1,0.9243560433387756
1,0,0.1423591524362564
1,1,0.8676809072494507
0,0,0.0378868505358696
1,1,0.9991818070411682
1,1,0.9884375929832458
0,0,0.007669862825423479
0,0,0.004156344570219517
1,1,0.9995753169059753
1,1,0.9905049204826355
1,1,0.9756760597229004
0,1,0.6574403047561646
1,1,0.9978693723678589
1,1,0.9999103546142578
1,1,0.9974125027656555
0,0,0.00025972790899686515
1,1,0.9614332318305969
0,0,0.4110404849052429
1,1,1.0
0,0,0.005212885327637196
0,0,0.030864911153912544
1,1,0.9999998807907104
0,0,8.648851689940784e-06
0,1,0.5164926052093506
1,1,0.9739147424697876
1,1,0.9978433847427368
0,0,1.029184932122007e-05
1,1,0.9965597987174988
0,0,0.01801970787346363
1,1,0.664100706577301
0,0,0.0020751701667904854
0,0,0.06033710017800331
0,0,0.00013150055019650608
0,0,2.630485687404871e-05
0,0,0.003695534775033593
0,0,0.0007395701250061393
0,0,0.0033432485070079565
1,1,0.9952138662338257
1,1,0.9983711838722229
1,0,0.25421521067619324
0,0,0.027963630855083466
0,0,0.008209153078496456
0,0,0.3236739933490753
0,1,0.9772437810897827
0,0,0.008828041143715382
1,1,0.9924615025520325
0,0,0.16014760732650757
0,0,0.3171367943286896
0,0,0.032731469720602036
1,1,0.6882420778274536
1,1,0.947091281414032
0,0,0.03187081590294838
1,1,0.7370085716247559
1,1,0.9726079106330872
1,1,0.9973852038383484
1,1,0.776963472366333
1,1,0.9919529557228088
0,0,0.0016069990815594792
1,1,0.997880220413208
1,1,0.997865617275238
0,0,0.003282116958871484
0,1,0.5617574453353882
0,0,0.21933506429195404
1,1,0.999768078327179
0,0,0.008953901007771492
0,0,0.04311856999993324
1,1,0.8591565489768982
1,1,0.9999997615814209
0,0,0.3822063207626343
1,1,0.9991970658302307
1,1,0.9584037661552429
1,1,0.8803694248199463
1,1,0.9866741895675659
1,1,0.9999634027481079
1,1,0.9726338386535645
0,0,0.1020514965057373
0,0,0.0005679048481397331
0,0,1.7311407646047883e-05
0,0,0.05065741762518883
0,0,0.18099863827228546
0,0,0.19850340485572815
0,0,0.00015127529331948608
1,1,0.9986047148704529
1,1,0.5020098090171814
1,1,0.8732184767723083
1,1,0.9999957084655762
1,1,0.9997153878211975
0,0,0.0029368321411311626
1,1,0.9998683929443359
0,0,0.0070173186250030994
1,1,0.9720056653022766
0,0,0.09092026948928833
1,1,0.9992176294326782
1,1,0.9845349788665771
0,0,0.017822066321969032
1,1,0.9996236562728882
0,0,1.6640879039186984e-05
0,0,0.10214417427778244
0,0,0.005770734045654535
1,1,0.9999998807907104
1,1,0.999744713306427
0,0,0.07356835156679153
0,0,0.020250843837857246
0,0,0.001895015244372189
1,0,0.42396000027656555
0,0,0.18419572710990906
0,0,0.002107039326801896
0,0,0.002994371810927987
0,1,0.8097216486930847
1,1,0.9964663982391357
0,0,0.0035933430772274733
0,0,2.8461619876907207e-05
0,0,0.00033744575921446085
1,1,0.9999510049819946
0,0,0.09054093807935715
0,0,0.05881637707352638
0,0,0.2948506772518158
0,0,0.014044452458620071
0,0,0.0021340977400541306
0,0,0.10445167124271393
0,0,0.04480976611375809
0,0,2.585429825785468e-08
0,0,0.0008921883418224752
1,1,0.9966875910758972
0,0,0.0010499381460249424
1,1,0.9941786527633667
1,1,0.9997792840003967
0,0,0.20920200645923615
1,0,0.4302441477775574
1,1,0.999993085861206
0,0,1.0933242265309673e-05
1,1,0.9988522529602051
1,1,0.6422386765480042
1,1,0.9895675778388977
1,1,0.9909306168556213
1,1,0.9998776912689209
1,1,0.8280813097953796
1,0,0.2531583607196808
0,1,0.531149685382843
0,0,0.0010776602430269122
1,1,0.9582465291023254
1,1,0.99959796667099
1,1,0.9995356798171997
1,1,0.9047552347183228
0,0,0.000297343241982162
0,0,0.009394790977239609
0,0,0.06640802323818207
1,1,0.9702054858207703
0,0,2.269452488690149e-05
0,0,0.0031811329536139965
0,0,0.09328515827655792
0,0,0.0005039524985477328
0,0,0.012296569533646107
0,0,0.010124847292900085
0,0,0.17639584839344025
0,0,0.24143366515636444
0,0,0.06509970128536224
0,0,0.00024868512991815805
1,1,1.0
0,0,0.006381042767316103
0,0,0.0005698231398127973
0,0,0.2643880546092987
0,0,0.2514914274215698
1,1,0.996691107749939
1,1,0.9787253737449646
1,1,0.926118791103363
0,0,0.4633968472480774
0,0,0.0023256561253219843
0,0,0.0020424684043973684
0,0,0.04071761667728424
0,0,0.013072636909782887
0,0,0.00043044096673838794
0,0,0.000853806035593152
0,0,0.00193202740047127
1,1,0.9999908208847046
1,1,0.9999929666519165
1,1,0.9494786858558655
1,1,0.9629684686660767
0,0,0.010906534269452095
1,1,0.9548804759979248
0,0,0.0007503014639951289
1,1,0.9928035140037537
1,1,0.7794379591941833
1,1,0.6120458245277405
1,1,0.9723695516586304
0,0,0.0019066373351961374
0,0,0.022507265210151672
0,0,0.01613883674144745
0,1,0.5782192945480347
1,1,0.9948036074638367
0,0,0.0243569053709507
1,1,0.8916268348693848
0,0,0.00034324353327974677
0,0,0.04209145903587341
0,0,0.36497923731803894
0,0,0.18249116837978363
0,0,0.062166977673769
0,0,0.49884551763534546
0,0,0.056238025426864624
0,0,0.0119315879419446
0,0,0.045893389731645584
0,0,0.08660752326250076
1,1,0.996399998664856
1,1,0.9999940395355225
1,1,0.9992057681083679
1,1,0.9571574330329895
1,1,0.9949272871017456
1,1,0.9415739178657532
1,1,0.9712311625480652
1,1,0.9997028708457947
0,0,0.0011939462274312973
1,1,0.9871842265129089
1,1,0.9988321661949158
0,0,0.23811477422714233
0,0,0.1901954561471939
0,0,0.01887449435889721
1,1,0.9999966621398926
1,1,0.9990787506103516
1,1,0.9498308897018433
0,0,0.005151393357664347
0,0,0.2596416175365448
1,1,0.9281556606292725
1,1,0.8148533701896667
0,0,0.05841192230582237
1,1,0.9227066040039062
0,0,0.04123072326183319
0,0,2.7126725399284624e-05
0,0,0.018510209396481514
1,1,0.9997722506523132
1,1,0.9763178825378418
1,1,0.9994890689849854
1,1,0.9995135068893433
1,0,0.37064510583877563
0,0,0.0006645277026109397
1,1,0.9835014939308167
1,1,0.9601150751113892
0,0,0.0013355470728129148
1,1,0.9814629554748535
0,0,0.017216891050338745
1,1,0.9897096753120422
1,1,0.9975934624671936
0,0,0.003970962483435869
1,1,0.5305449962615967
0,0,0.0014196464326232672
0,0,0.00016066925309132785
0,0,9.62121902148283e-08
0,0,0.05891723930835724
0,0,0.07774879783391953
1,1,0.9895681738853455
1,1,0.9822887182235718
0,0,0.06034832075238228
1,1,0.9914025664329529
1,1,0.9999254941940308
0,0,0.07689408212900162
0,0,0.0009638852206990123
1,1,0.998812198638916
1,1,0.9996770620346069
1,1,0.9999953508377075
1,1,0.7933729887008667
0,0,0.0027816721703857183
0,0,0.006819974631071091
0,0,0.004704021383076906
0,0,0.03480096906423569
0,0,0.010058872401714325
0,0,0.00016273531946353614
1,1,0.9999332427978516
1,1,0.997071385383606
1,0,0.4565953314304352
1,1,0.9960342049598694
1,1,0.999875545501709
1,1,0.9890110492706299
0,0,0.010410103015601635
1,1,0.9820095300674438
1,1,0.9879035353660583
1,1,0.9975996613502502
0,0,0.2950092554092407
0,0,0.4285498559474945
0,0,0.012332266196608543
0,0,0.007978425361216068
0,1,0.6834779381752014
0,0,0.001133803860284388
0,0,0.00011235402780584991
0,0,0.02682412788271904
0,0,0.04279453679919243
1,1,0.972052812576294
0,0,2.339433012821246e-05
1,1,0.9128178358078003
0,0,0.13178092241287231
1,1,0.5431167483329773
0,0,0.19211280345916748
0,0,0.02939710021018982
0,0,0.22953841090202332
0,0,0.003206539200618863
0,1,0.8836666941642761
0,0,0.00227163452655077
1,1,0.8746572732925415
1,1,0.9617424607276917
0,0,7.799179729772732e-05
0,0,2.9449951398419216e-05
0,0,0.030086353421211243
0,0,0.05554701015353203
1,1,0.9958881735801697
1,1,0.5203503966331482
0,0,0.004553512670099735
0,0,0.08139827847480774
0,0,0.000519661873113364
1,1,0.8963677287101746
1,1,0.9993956089019775
0,0,0.0002562279114499688
1,1,0.9527032375335693
0,1,0.6236928701400757
1,0,0.20287266373634338
0,0,0.020421670749783516
0,0,0.004391070920974016
0,1,0.8782137036323547
1,1,0.9695965647697449
1,1,0.999765932559967
0,0,0.036989178508520126
1,0,0.06937737762928009
1,1,0.9577606320381165
0,0,1.2076191435728134e-10
1,1,0.9854132533073425
1,1,0.8164515495300293
0,0,0.007197801023721695
0,0,0.07228700816631317
1,1,0.6745935678482056
0,0,0.00037594468449242413
1,1,0.9513345956802368
1,1,0.83436119556427
0,0,5.972497092443518e-06
0,0,0.005499073304235935
0,0,0.00083995918976143
1,1,0.9950568675994873
1,1,0.9998482465744019
1,1,0.9998212456703186
0,0,0.07235977053642273
1,1,0.9631593823432922
1,0,0.010847880505025387
1,1,1.0
1,1,0.9999983310699463
1,1,1.0
1,1,0.9995658993721008
1,1,0.9998880624771118
0,0,1.2047486341870695e-09
1,1,0.9980767965316772
1,1,0.9874087572097778
1,1,0.9927893280982971
1,1,0.99025958776474
1,1,0.7059357166290283
0,0,0.13154800236225128
0,0,0.014265497215092182
0,0,0.47628068923950195
0,0,0.00034108100226148963
1,1,0.9683488011360168
0,0,0.0001807995286071673
1,1,0.9982859492301941
1,0,0.34835323691368103
0,0,0.01860186643898487
0,0,0.029078388586640358
0,0,0.18887394666671753
0,0,0.02059686928987503
0,0,1.074215369434306e-11
0,0,0.006951085291802883
0,0,0.20932497084140778
0,0,0.26902690529823303
1,1,0.9385668039321899
0,0,0.2440163642168045
1,1,0.9954198598861694
0,0,0.3559347093105316
1,1,0.7666420340538025
1,1,0.9976494908332825
1,1,0.9999074935913086
1,1,0.9990761280059814
0,0,0.0070702736265957355
1,1,0.9999957084655762
1,1,0.9963651895523071
0,0,0.02689219079911709
1,0,3.027161983482074e-05
1,1,0.9998705387115479
1,1,0.9997970461845398
1,1,0.999288022518158
1,1,0.8684099912643433
0,0,5.7040484534809366e-05
1,1,0.9850602746009827
1,1,0.9893157482147217
0,0,0.007865725085139275
1,1,0.978219747543335
1,1,0.9875317215919495
1,1,0.9957881569862366
1,1,0.9959518909454346
0,0,0.002074857009574771
1,1,0.9999792575836182
0,0,0.0026724771596491337
1,1,0.9978418350219727
0,0,0.006769940257072449
1,1,0.9999997615814209
0,0,0.003687134478241205
0,0,0.07276327908039093
1,1,0.8635790348052979
0,0,0.00574633851647377
1,1,0.9999837875366211
0,0,0.2544090151786804
1,1,0.9927910566329956
1,1,0.9977853298187256
1,1,0.9999467134475708
0,0,0.004606663249433041
0,0,0.007399030961096287
1,1,0.9548044204711914
0,0,0.11817111074924469
1,1,0.999594509601593
1,1,0.999534010887146
1,1,0.9326853156089783
0,0,1.2515746631355101e-13
0,0,0.47696810960769653
1,1,0.9640688300132751
1,1,0.9728823304176331
1,1,0.9778711199760437
1,1,0.9471765756607056
0,0,0.2744152545928955
0,0,0.3026507496833801
0,0,0.03054009936749935
0,0,0.024530919268727303
0,0,0.02824496664106846
1,0,0.23705410957336426
0,0,0.06339172273874283
0,0,4.976498644282401e-07
0,0,0.010197521187365055
1,1,0.9876531362533569
1,1,0.9993465542793274
1,0,0.4953612685203552
1,1,0.9981805086135864
1,1,0.9951484799385071
1,1,0.9306409955024719
1,1,0.9815002679824829
0,0,0.005168437026441097
1,1,0.9992054104804993
1,1,0.8052564263343811
1,1,0.9995638728141785
1,1,0.9988190531730652
0,0,0.22102314233779907
0,0,0.015267226845026016
0,0,0.15925389528274536
1,1,0.9238576292991638
0,0,0.004315958358347416
0,0,0.06725195795297623
1,1,0.9857875108718872
1,1,0.6438904404640198
0,0,0.019162781536579132
1,1,0.9997292160987854
1,1,0.9987993240356445
1,1,0.9999998807907104
0,0,0.001621029688976705
0,0,0.14428499341011047
0,1,0.8812889456748962
0,0,0.008495626971125603
0,0,6.053276990769518e-08
0,0,0.0010382614564150572
1,1,0.9999252557754517
1,1,0.8346862196922302
1,1,0.9941055774688721
1,1,0.7075251340866089
1,1,0.9999871253967285
0,0,2.1628973627230152e-05
1,1,0.999836802482605
1,1,0.9999483823776245
1,1,0.9726641774177551
1,0,0.09460416436195374
1,1,0.9862959980964661
1,0,0.03761599585413933
1,1,0.9993788003921509
0,0,0.038104619830846786
1,1,0.9999992847442627
1,1,0.9999492168426514
1,1,0.9985328912734985
0,0,0.0001275144168175757
1,1,0.9988835453987122
1,1,0.9938416481018066
1,1,0.9997665286064148
1,1,0.967133104801178
1,1,0.9307590126991272
1,1,0.9814677834510803
0,1,0.8775497674942017
1,1,0.9999240636825562
1,1,0.866145670413971
1,1,0.7046912908554077
0,0,0.054414160549640656
0,0,0.057374730706214905
0,0,0.008603602647781372
0,1,0.7957540154457092
0,0,0.12608428299427032
0,1,0.7266541123390198
1,1,0.9132059216499329
0,0,0.3262012302875519
0,0,0.45651066303253174
1,1,0.9992910623550415
0,0,0.02621704712510109
1,1,0.9923987984657288
1,1,0.8086732029914856
0,0,0.034791480749845505
1,1,0.9983029365539551
0,0,0.0034899702295660973
0,0,0.012749970890581608
1,1,0.9991286396980286
1,1,0.882647693157196
1,1,0.9961676001548767
1,1,0.999907374382019
1,1,0.9044734835624695
1,1,0.9897885918617249
1,1,0.9964117407798767
1,1,0.9992876648902893
1,1,0.9940853118896484
1,1,0.9419089555740356
1,1,0.751846194267273
1,1,0.925057053565979
1,0,0.16560548543930054
1,0,0.1492903083562851
1,1,0.9938017725944519
0,0,0.11345504224300385
1,1,0.9999858140945435
1,1,0.999259889125824
1,1,0.7790805697441101
1,1,0.999245285987854
1,1,0.9803158640861511
0,0,0.018709681928157806
1,1,0.9999994039535522
1,1,0.9912993311882019
0,0,0.382633239030838
0,0,0.0008492026827298105
0,0,0.006941407918930054
0,0,0.04692932218313217
1,1,0.7024710178375244
0,0,0.18452557921409607
0,0,0.014817740768194199
1,1,0.9986659288406372
0,0,0.06538762152194977
0,0,0.007279509212821722
0,0,0.0050014774315059185
1,1,0.8095935583114624
1,1,0.9960719347000122
0,0,0.01232105027884245
1,1,0.9157602787017822
0,1,0.9283397793769836
0,0,0.00015276920748874545
0,0,0.16981813311576843
0,0,0.017102142795920372
1,1,0.9998985528945923
1,1,0.9922020435333252
1,1,0.989174485206604
1,1,0.9854252934455872
0,0,0.0754554346203804
1,1,0.9989031553268433
1,1,0.994884192943573
0,0,0.04915180057287216
0,0,1.7610672387036175e-07
0,0,0.0014010586310178041
0,0,4.600232932716608e-05
1,1,0.9990918636322021
1,1,0.9646861553192139
0,0,0.014474722556769848
1,1,0.9998125433921814
1,0,0.16357754170894623
0,0,9.307086088483629e-07
1,1,0.7119764685630798
1,0,0.3648846745491028
1,1,0.9999998807907104
0,0,0.004046120680868626
1,1,0.6999284625053406
0,0,0.032624393701553345
1,1,0.9999927282333374
1,1,0.9993921518325806
1,1,0.9397791624069214
1,1,0.9057984948158264
1,1,0.9878398776054382
0,0,0.02953946217894554
0,1,0.9063365459442139
1,0,0.43581685423851013
0,0,5.280766058810005e-13
0,0,0.27233728766441345
0,0,0.008169297128915787
1,1,0.9994537234306335
0,0,0.0034454865381121635
1,1,0.9996145963668823
0,0,0.3508606255054474
1,1,0.9996743202209473
0,0,0.006880837492644787
0,0,0.012958762235939503
1,1,0.9988613128662109
1,1,0.9939897060394287
0,0,0.00010343288886360824
1,1,0.9948344230651855
0,0,0.17327143251895905
1,1,0.6680155396461487
0,0,0.021120168268680573
0,0,0.002081444952636957
1,1,0.9995416402816772
1,1,0.5044566988945007
0,0,0.15503402054309845
1,1,0.9868213534355164
0,1,0.6443182229995728
1,1,0.9996179342269897
1,1,0.999779999256134
1,1,0.6971370577812195
0,0,0.01298791728913784
0,0,0.004648210480809212
0,0,0.031083395704627037
1,1,0.9999704360961914
0,0,0.00018340765382163227
1,1,0.791110634803772
1,1,0.9908396601676941
0,0,0.03745008260011673
0,0,0.005644873715937138
0,0,0.0016890582628548145
0,1,0.504547655582428
1,0,0.31113848090171814
0,0,0.01581381820142269
0,0,0.09698601812124252
0,0,0.0037209289148449898
1,1,0.9997846484184265
0,0,0.0019632987678050995
1,1,0.9999828338623047
1,1,0.9543964266777039
0,0,0.11431977897882462
0,0,2.406030432666739e-07
1,0,0.4033319652080536
1,1,0.9898757338523865
1,1,0.9999392032623291
0,0,0.005807496607303619
0,0,0.01734473742544651
1,1,0.9987214207649231
0,0,0.00764516182243824
1,1,0.7839564681053162
1,1,0.5738179683685303
0,0,0.011149237863719463
1,1,0.8676384687423706
0,0,0.011308996938169003
1,1,0.8438403606414795
1,1,0.995712399482727
1,1,0.9937426447868347
0,0,0.07770926505327225
0,0,0.01515616662800312
0,0,0.03637513518333435
1,1,0.9401262998580933
0,0,0.002668513683602214
1,1,0.9974995255470276
1,1,0.7286802530288696
0,0,0.0017012398457154632
0,1,0.5031715631484985
0,0,0.01046673022210598
0,0,0.030730905011296272
0,0,0.0929999053478241
0,0,0.43596869707107544
0,0,0.02341855876147747
0,0,0.1233866736292839
0,0,0.02046390436589718
0,0,0.0005783138331025839
1,1,0.9909622073173523
0,0,0.049402445554733276
1,1,0.8261255621910095
1,0,0.35664910078048706
0,0,0.018905069679021835
1,1,0.9892276525497437
0,0,0.47832122445106506
1,1,0.8469783067703247
1,1,0.9251721501350403
1,1,0.9320439696311951
0,0,0.4179325997829437
1,1,0.9939835667610168
1,1,0.9479068517684937
0,0,0.03707055002450943
1,0,0.08571425080299377
1,1,0.9924537539482117
0,0,0.03908476606011391
0,0,0.00025956574245356023
0,0,5.1744747906923294e-05
0,0,0.3948270380496979
0,0,0.00042929951450787485
0,0,0.01191351655870676
0,0,2.458595008647535e-05
0,0,7.530373750341823e-06
1,1,0.9794731736183167
1,1,0.9986681938171387
1,1,0.995172917842865
0,1,0.7519715428352356
1,1,0.9989311099052429
1,1,0.9989026784896851
0,0,0.001715115737169981
1,1,0.9993873834609985
0,0,0.001133434590883553
0,0,0.48733893036842346
0,0,0.08137097954750061
0,0,0.06701941043138504
1,1,0.9992393255233765
1,1,0.6003640294075012
0,0,8.89056027517654e-05
0,0,0.4690731167793274
1,1,0.9931546449661255
0,0,0.003485888009890914
0,1,0.8958798050880432
0,0,0.04682539775967598
1,1,0.8132121562957764
1,1,0.9299887418746948
1,1,0.9998455047607422
0,0,0.190068781375885
1,1,0.8882467746734619
0,0,0.006202235352247953
0,0,0.0006683589308522642
1,1,0.9997193217277527
1,1,0.9992731213569641
1,1,0.9433810114860535
1,1,0.9953886270523071
1,1,0.9999438524246216
0,0,0.37021753191947937
0,0,0.0003730014432221651
0,0,0.00964348390698433
0,0,0.0010976556222885847
1,0,0.02680041268467903
0,0,0.0008217874565161765
1,1,0.9521296620368958
1,1,0.9941385984420776
1,0,0.44490116834640503
0,1,0.7822694778442383
0,0,0.10925815999507904
0,0,0.004434602800756693
0,0,9.352208962809527e-08
0,0,0.0019868360832333565
0,0,0.006827481556683779
0,0,0.0585150420665741
1,1,0.9598680138587952
1,0,0.1185891181230545
1,1,0.9998226761817932
1,1,0.9963374137878418
1,1,0.9803704023361206
1,1,0.9579268097877502
1,1,0.9982936978340149
1,1,0.999998927116394
1,1,0.9957554340362549
1,1,0.982468843460083
1,1,0.9997543692588806
1,1,0.9792469143867493
0,0,0.012411090545356274
0,0,0.006079991348087788
1,1,0.551355242729187
0,0,0.07216116040945053
0,1,0.5503588914871216
0,0,0.0330546535551548
0,0,0.0019067099783569574
0,0,0.015526831150054932
1,1,0.9944130778312683
0,0,0.00227173394523561
0,0,0.043604061007499695
0,0,0.005744279362261295
0,0,8.127404726110399e-05
1,1,0.9968710541725159
1,1,0.9989604949951172
0,0,0.01652037352323532
0,0,0.06321614980697632
0,0,0.0005010183667764068
0,0,0.19065535068511963
1,1,0.9999160766601562
1,1,0.7414008975028992
0,0,0.016911407932639122
0,0,0.08321156352758408
1,1,0.7735053300857544
0,0,0.23012664914131165
1,1,0.8647043108940125
1,1,0.8253304958343506
0,1,0.5065070986747742
1,1,0.9636814594268799
0,0,0.18273590505123138
1,1,0.8472135066986084
0,0,0.020589439198374748
1,1,0.9641931056976318
0,0,0.011104033328592777
0,1,0.5906376242637634
0,0,0.2209835946559906
0,0,0.05636466667056084
0,0,0.0016410959651693702
0,0,1.0613957490690495e-09
0,0,0.0058727082796394825
1,1,0.6125472784042358
0,0,0.026127660647034645
1,1,0.9061551690101624
1,1,0.8804572820663452
0,0,0.0016271531349048018
0,0,0.014661856926977634
1,1,0.9410977959632874
1,1,0.9995593428611755
1,1,0.693710446357727
0,0,0.0032968176528811455
0,0,0.00011749874101951718
0,0,0.2854842245578766
1,1,0.8536160588264465
1,1,0.9999963045120239
0,0,0.16821053624153137
0,0,0.01000185962766409
1,1,0.9277971982955933
0,0,0.00164786318782717
1,1,0.8863543272018433
1,1,0.8964188694953918
0,0,0.0013831766555085778
1,1,0.999895453453064
0,0,0.012456209398806095
0,0,0.0713798999786377
1,1,0.9407106041908264
1,1,0.9994778037071228
0,0,0.24305807054042816
0,0,0.010015825740993023
1,1,0.9953438639640808
0,0,0.004339865408837795
1,1,0.9996602535247803
0,0,0.08581345528364182
1,1,0.9999982118606567
0,0,0.051157884299755096
1,1,0.7060097455978394
1,1,0.9999842643737793
0,0,0.0020411438308656216
1,1,0.9993001222610474
1,1,0.9860506653785706
0,0,0.0048545002937316895
1,1,0.9999483823776245
1,1,0.9986913800239563
0,0,0.009270294569432735
0,0,0.0015707248821854591
0,0,0.004874202888458967
1,0,0.4440758526325226
0,0,0.0015834957594051957
0,0,8.040280954446644e-05
0,0,8.056667866185308e-05
0,0,0.17814570665359497
0,1,0.7956324815750122
1,1,0.9996090531349182
1,0,0.0960681363940239
0,1,0.9544559121131897
0,0,0.012234710156917572
0,1,0.6112489700317383
0,0,0.1006133183836937
0,0,0.006432593800127506
0,0,0.11408611387014389
1,1,0.9999991655349731
1,1,0.9999749660491943
1,1,0.8869034051895142
1,1,0.9999877214431763
1,0,0.23565539717674255
0,0,0.00213609728962183
0,0,9.208792107529007e-06
0,0,0.02450021170079708
1,1,0.9115900993347168
0,0,0.0362284891307354
0,0,0.2749941647052765
0,0,0.005599761847406626
0,0,2.988103062762093e-07
0,0,0.2208251804113388
1,1,0.7614532113075256
1,1,0.985405683517456
1,1,0.9902820587158203
1,1,0.9982293248176575
0,0,0.0001450534036848694
0,0,0.0006865684990771115
0,0,7.611075125169009e-05
0,0,0.00011594354873523116
0,0,0.0016444275388494134
1,1,0.9999948740005493
0,0,0.001897653448395431
0,0,0.002035080222412944
0,0,0.00974157266318798
0,0,0.00011178571730852127
0,0,0.013607650995254517
0,0,0.09867500513792038
0,0,2.101921154462616e-06
0,0,0.0037355516105890274
0,0,0.009165222756564617
1,1,0.995936393737793
1,1,0.9998601675033569
0,0,0.0025448084343224764
0,0,2.1696382646041457e-06
0,0,0.02007446065545082
1,1,0.9998736381530762
0,0,0.22154027223587036
0,0,0.09206331521272659
0,0,0.014617503620684147
0,0,0.0003614912857301533
1,1,0.9993475079536438
0,0,0.021612485870718956
1,0,0.01789095811545849
0,0,2.173105855263202e-07
0,0,0.00024492142256349325
1,0,0.26479461789131165
1,1,0.9999210834503174
1,1,0.9999995231628418
1,1,0.982030987739563
0,0,0.055978868156671524
0,0,0.3038511872291565
0,0,0.3380008637905121
1,1,0.9865279793739319
1,1,0.9999997615814209
0,0,0.04735429957509041
1,1,0.9999063014984131
0,0,2.5294104943895945e-06
0,0,0.0010020374320447445
0,0,0.04109610244631767
0,0,9.829904593061656e-05
0,0,0.06742134690284729
1,1,0.5982639193534851
1,1,0.8649923205375671
1,1,0.9827733039855957
1,1,0.8516242504119873
1,1,0.9879764914512634
0,0,0.00024344351550098509
1,1,0.9766075015068054
0,0,0.03582804650068283
0,0,0.020037123933434486
0,0,0.0684465765953064
1,1,0.9921219348907471
0,0,4.40923759015277e-05
1,1,0.9033717513084412
0,0,0.0027245627716183662
0,0,0.010183587670326233
0,0,0.03242442384362221
0,0,0.10609158128499985
0,0,0.0001248317857971415
0,0,0.0776391327381134
1,1,0.9999310970306396
0,0,7.4284192130846805e-09
1,1,0.9484948515892029
1,1,0.9933428168296814
0,0,0.001824706792831421
0,0,0.007581799756735563
1,1,0.9973434805870056
1,1,1.0
1,1,0.9999402761459351
0,1,0.5797674059867859
1,1,0.9378937482833862
0,0,0.04849597066640854
0,0,0.12823767960071564
0,0,0.0038682403974235058
0,0,0.08514750003814697
0,0,0.011900821700692177
0,0,0.03594887629151344
1,1,0.9999074935913086
1,1,0.9529258608818054
0,0,0.0016290344065055251
1,1,0.9426940083503723
1,1,0.7333606481552124
1,1,0.7311416864395142
1,1,0.9968830347061157
0,0,0.0040902565233409405
1,1,0.9991254210472107
1,1,0.9778403639793396
1,1,0.9994978904724121
1,1,0.9766274690628052
1,1,0.8417366147041321
1,1,0.9377177357673645
1,1,0.9636180400848389
1,1,0.99835604429245
1,1,0.9960702657699585
0,0,0.05630362778902054
0,0,0.3281247615814209
0,0,0.047141171991825104
0,0,4.94540436193347e-05
1,1,0.7367883324623108
0,0,0.05020660161972046
0,0,0.39350488781929016
1,1,0.9745525121688843
0,0,1.8874240007276527e-13
1,1,0.7730359435081482
1,1,0.8906785249710083
0,0,0.49347546696662903
0,0,9.066110528976878e-09
0,1,0.6898120045661926
1,1,0.6805149912834167
0,0,0.08591160923242569
0,0,0.14132735133171082
0,0,0.36016175150871277
0,0,0.4872961938381195
0,1,0.6745907068252563
1,0,0.12372972071170807
1,1,0.774092972278595
1,1,0.8397698402404785
0,0,0.28466740250587463
1,1,0.9285191893577576
1,1,0.9997338652610779
1,1,0.7878500819206238
1,0,0.03912020102143288
1,0,0.01480044610798359
0,0,0.17487972974777222
0,0,0.3876814544200897
1,1,0.9846200346946716
0,0,0.11902524530887604
0,0,0.29821768403053284
0,0,0.3701820373535156
0,0,0.008506459183990955
0,0,0.044890716671943665
0,0,0.044749803841114044
0,0,0.002645665779709816
0,0,0.2109358012676239
1,1,0.606652557849884
1,1,0.6241909265518188
0,0,0.12729591131210327
0,0,0.035540997982025146
1,1,0.9930701851844788
0,0,2.988276264659362e-06
0,0,0.007148255594074726
0,0,7.035490057205607e-07
0,0,0.027701731771230698
1,1,0.7171781063079834
0,1,0.5108830332756042
1,1,0.8927226662635803
0,0,0.006512977182865143
0,0,0.018062323331832886
0,0,0.0036420118995010853
0,0,0.005621571559458971
0,1,0.6615473031997681
0,0,7.504075620090589e-05
1,0,0.1200709193944931
1,1,0.9502911567687988
0,0,0.06535925716161728
0,0,0.0018906990299001336
0,0,0.4013930857181549
0,0,0.08922915905714035
0,0,0.005458723288029432
0,0,0.02990664169192314
1,1,0.9848361611366272
0,0,0.008376035839319229
0,0,0.17238274216651917
1,1,0.8391234278678894
0,1,0.732316792011261
0,0,0.002523617586120963
0,0,0.09492573142051697
0,0,5.756357950303936e-06
1,1,0.9872642755508423
1,1,0.8226381540298462
0,0,9.223022061632946e-06
1,1,0.9228476881980896
0,0,0.24582485854625702
1,1,0.9665858149528503
0,0,3.89059914596146e-06
1,1,0.9980219602584839
1,1,0.6871404647827148
1,1,0.9583239555358887
1,1,0.9999219179153442
1,1,0.9988724589347839
0,0,0.004119055811315775
0,0,0.15958009660243988
1,1,0.9318782687187195
1,1,0.9626032710075378
0,0,7.411807018797845e-05
0,0,0.014876396395266056
0,1,0.9575357437133789
0,0,0.0005105627351440489
1,1,0.9994586110115051
0,0,0.02205047197639942
0,0,0.023520199581980705
0,0,0.03762190043926239
0,0,0.06507284194231033
1,1,0.6964110136032104
1,1,0.9745760560035706
1,1,0.9963915944099426
0,0,0.1635475754737854
1,0,0.3218972384929657
1,1,0.5478307008743286
1,1,0.992868959903717
0,1,0.5277039408683777
0,0,0.3179865777492523
0,0,0.02421420067548752
0,0,0.10631082952022552
1,1,0.7073881030082703
1,1,0.9137787818908691
1,1,0.608517050743103
0,0,0.0001768408837961033
1,1,0.7626925706863403
1,1,0.9999786615371704
1,1,0.9831711649894714
0,0,0.0126905906945467
1,1,0.5950800776481628
0,0,0.11114664375782013
0,0,0.06754019856452942
1,1,0.9881057739257812
1,1,0.9774697422981262
1,1,0.9988322854042053
1,1,0.9999703168869019
0,0,0.06298159807920456
1,1,0.9846889972686768
1,1,0.9999240636825562
0,0,0.0009439627174288034
0,0,0.03318231552839279
0,1,0.6614745855331421
0,0,0.005883466452360153
0,0,0.0486953966319561
1,1,0.9967097043991089
0,0,0.0086596654728055
0,0,0.005016875918954611
1,1,0.5050979256629944
0,0,0.00014142402505967766
1,1,0.9899901151657104
0,0,0.0012482699239626527
0,0,0.4788733422756195
0,0,0.013008074834942818
0,0,0.04025835171341896
0,0,0.006209331564605236
0,1,0.8998420834541321
0,0,0.0032525919377803802
0,0,3.488602715151501e-06
0,0,0.001119336113333702
0,0,6.93682741257362e-05
0,0,0.13020236790180206
0,0,0.03529997542500496
1,1,0.9918979406356812
0,0,0.00029225056641735137
1,1,0.848939061164856
0,0,0.010082896798849106
0,0,0.010240159928798676
1,1,0.9954162836074829
1,1,0.8463231921195984
1,1,0.9870955944061279
0,0,0.010694735683500767
1,0,0.18076811730861664
0,0,0.1915908008813858
0,0,2.700678260838835e-16
1,1,0.8623326420783997
0,0,0.021474894136190414
1,1,0.8390886187553406
0,0,0.0034676389768719673
1,1,0.9784843325614929
0,0,0.3617641031742096
0,0,0.002277941908687353
1,1,0.9629771113395691
0,0,4.91283462906722e-05
1,1,0.9539387226104736
0,0,0.24014200270175934
1,1,0.9995974898338318
0,0,0.00015310988237615675
0,0,0.006907043047249317
1,1,0.9991886019706726
1,1,0.6320264339447021
0,0,0.0032763176131993532
0,0,0.18125876784324646
0,0,0.022243399173021317
0,1,0.8588007688522339
0,0,0.02577664889395237
0,0,0.18231794238090515
0,0,0.0010855011641979218
1,1,0.9999980926513672
1,1,0.9976046085357666
1,1,0.9904881119728088
1,1,0.7833324074745178
0,0,0.0758146122097969
0,0,0.0032760032918304205
0,0,0.013291648589074612
1,1,0.7545816898345947
0,0,8.558666877434007e-07
1,1,0.9780550599098206
1,1,0.6504436731338501
0,0,0.21973586082458496
1,1,0.9938809871673584
1,1,0.9999572038650513
1,1,0.8236086368560791
0,0,0.004194317851215601
1,1,0.725059986114502
1,1,0.6641513705253601
0,1,0.9273092150688171
0,0,0.05000661313533783
0,0,0.4611605405807495
1,1,0.9996334314346313
0,1,0.8754907846450806
1,1,0.6276483535766602
1,0,0.23885375261306763
0,0,0.014112511649727821
0,0,0.0006188387051224709
0,0,0.00199869298376143
0,0,0.05133030563592911
0,0,5.018615775043145e-05
0,0,0.00022415291459765285
1,1,0.5068616271018982
1,1,0.9978013634681702
0,0,0.018613217398524284
0,0,0.03604414314031601
1,1,0.9985687732696533
0,0,0.0014228433137759566
0,0,0.32537925243377686
1,1,0.8193157911300659
1,1,0.9964700937271118
0,0,0.004463450983166695
0,0,0.0008593123639002442
0,0,0.20831751823425293
0,0,0.014392687007784843
0,0,0.024743640795350075
1,0,0.30505314469337463
1,1,0.9999716281890869
1,1,0.9997828602790833
0,0,0.43786224722862244
1,0,0.02639894187450409
1,1,0.9988228678703308
0,0,0.0007786856731399894
1,1,0.9714965224266052
0,0,0.02542850188910961
1,1,0.9951270818710327
1,1,0.999936580657959
0,0,0.30811405181884766
0,0,1.3387443686951883e-05
1,1,0.9999972581863403
1,0,0.037939511239528656
1,1,0.6388869285583496
1,1,0.9182586669921875
0,0,0.00867447629570961
0,0,0.022612066939473152
1,1,0.9918234944343567
1,1,0.9999399185180664
0,1,0.5194089412689209
0,0,0.00857996754348278
0,0,0.0015861894935369492
0,0,2.9354819019999923e-08
0,0,0.01135399378836155
0,0,0.05032955855131149
1,1,0.6383249759674072
1,1,0.9999145269393921
0,1,0.6804245114326477
1,1,0.9998666048049927
1,1,0.6458512544631958
1,1,0.6681249737739563
0,0,0.0004516934568528086
0,1,0.6332831382751465
0,0,0.4751461446285248
1,1,0.9863545298576355
1,0,0.2112274169921875
1,1,0.9871952533721924
1,1,0.9567536115646362
1,1,0.9146568775177002
1,1,0.7618257403373718
0,0,0.08560483902692795
1,1,0.9907124638557434
1,1,0.9817460775375366
1,1,0.9999537467956543
0,0,0.00054018764058128
1,1,0.7435745596885681
1,1,0.9562191963195801
0,0,0.11358532309532166
1,1,0.6279351115226746
1,0,0.250951886177063
0,0,4.916110265185125e-05
0,0,0.000253525678999722
1,1,0.9468299150466919
0,0,0.006304953247308731
1,1,0.9998180270195007
1,1,0.9330917000770569
0,1,0.5887313485145569
1,1,0.9843520522117615
1,1,0.9890602827072144
0,0,0.0008630743832327425
0,0,0.005837281700223684
1,1,0.9999997615814209
1,1,0.9937467575073242
1,1,0.9975341558456421
1,1,0.9999257326126099
1,1,0.9986618757247925
0,0,0.0076113175600767136
1,1,0.999823272228241
0,0,0.00028683411073870957
0,0,0.014972585253417492
0,0,0.3116826117038727
1,1,0.9999988079071045
1,1,0.998908281326294
1,1,0.871284544467926
1,1,0.665610671043396
1,1,0.9674050211906433
0,0,0.07119017839431763
1,1,0.9837573170661926
0,0,0.014170287176966667
1,1,0.9914715886116028
0,0,0.001528006512671709
1,1,0.9968022108078003
1,1,0.9999991655349731
1,1,0.9449848532676697
0,0,0.027178365737199783
1,1,0.7729778289794922
1,1,0.7672166228294373
0,0,0.0047846268862485886
1,1,0.6704187989234924
0,0,0.002791218925267458
0,0,0.0027883199509233236
0,1,0.6292819380760193
1,1,0.8637216687202454
1,1,0.9999942779541016
0,0,2.0936761866884783e-16
0,0,0.15074989199638367
1,1,0.9996775388717651
0,1,0.7811381816864014
0,0,0.033056676387786865
0,0,0.013122055679559708
0,0,0.008940332569181919
0,0,0.058386195451021194
0,0,0.03112231381237507
0,0,0.0001334637781837955
1,1,0.8525208234786987
1,1,0.9630534648895264
0,0,0.04399596154689789
0,0,0.0016346905613318086
0,0,0.00031426353962160647
0,0,0.24906916916370392
0,0,1.5323783372878097e-05
0,0,0.127076655626297
1,1,0.993493378162384
1,1,0.9997420907020569
0,0,0.06798702478408813
0,1,0.8636054396629333
1,0,0.4963904917240143
0,0,0.22302158176898956
0,0,0.06044522672891617
1,0,0.3837246000766754
0,0,0.13969868421554565
0,0,5.02238362969365e-05
0,0,0.008245080709457397
1,1,0.8441743850708008
0,0,5.1999355491716415e-05
0,0,0.018353983759880066
1,1,0.9260796308517456
0,0,0.004969462286680937
0,0,0.13740050792694092
0,0,0.010061231441795826
0,0,0.005095221102237701
1,1,0.9811486601829529
0,0,0.027398357167840004
0,0,2.8774238547413233e-09
0,0,0.00023753990535624325
0,0,0.003780309110879898
0,0,0.004343394190073013
0,0,0.005839237943291664
1,0,0.3954174816608429
0,0,0.132503479719162
1,1,0.6905125975608826
0,0,0.0010098956990987062
0,0,0.0027742721140384674
0,0,5.441033499664627e-05
1,1,0.9998797178268433
0,0,0.01660894975066185
0,0,0.08061080425977707
0,0,7.736043576567209e-12
1,1,0.9926878213882446
1,1,0.9797802567481995
0,0,0.0026440874207764864
1,1,0.9990637898445129
0,1,0.7451781034469604
0,0,0.20315508544445038
0,0,0.019492344930768013
1,1,0.9937977194786072
0,0,0.43243399262428284
0,0,0.09011326730251312
1,1,0.9768486618995667
0,0,0.017897697165608406
1,1,0.9998076558113098
0,0,0.15234798192977905
0,0,0.12020085752010345
1,1,0.9999768733978271
1,1,0.9999995231628418
1,1,0.9978839755058289
0,0,0.0022457274608314037
0,0,0.06996911019086838
1,1,0.9945181012153625
1,1,0.9961655139923096
0,0,0.05703651160001755
0,0,0.26468175649642944
0,0,0.051265086978673935
1,1,0.9983586668968201
0,0,0.03629034012556076
1,1,0.9433028101921082
0,0,0.05103205889463425
0,0,0.0015221787616610527
0,0,0.001008093822747469
1,1,0.9888989329338074
0,0,0.01725953444838524
1,1,0.9905990958213806
1,1,0.9999988079071045
1,1,0.9179244041442871
1,0,0.11762470006942749
1,1,0.8122099041938782
1,1,0.7658763527870178
1,1,0.9651088118553162
0,0,0.02964811399579048
0,0,0.025347648188471794
0,0,3.6793953768210486e-05
1,1,0.9999383687973022
0,0,0.21032921969890594
0,0,0.002126256702467799
0,0,0.3779841959476471
0,0,0.20886138081550598
1,1,0.9928767085075378
1,0,0.37645646929740906
1,1,0.863290548324585
0,0,0.017454158514738083
1,1,0.9210062623023987
1,1,0.9792525172233582
1,1,0.9956886172294617
0,0,3.4169343052781187e-06
1,0,0.43451106548309326
0,0,0.07478907704353333
0,0,0.0017380929784849286
0,0,0.1086203083395958
1,1,0.9983671307563782
0,0,0.1373722404241562
1,1,0.876697301864624
0,0,6.196364665811416e-07
1,1,0.9903793334960938
1,1,0.9212390780448914
1,1,0.8276395797729492
1,1,0.9954890608787537
1,1,0.9995567202568054
0,0,0.008691986091434956
1,1,0.9992470741271973
0,0,0.01294615026563406
0,0,0.0246414877474308
1,1,0.6808739304542542
1,1,0.7096165418624878
0,1,0.8418576717376709
1,1,0.6239475607872009
1,1,0.9964099526405334
1,1,0.5959457159042358
0,1,0.7160641551017761
0,0,0.03283778205513954
0,0,0.4445033073425293
0,0,0.00039011507760733366
0,0,0.017385046929121017
1,0,0.4250428378582001
0,0,0.021269064396619797
0,0,0.0374169647693634
0,0,0.002953508635982871
0,0,0.014719117432832718
0,0,0.020925957709550858
0,0,0.0004194655339233577
0,1,0.8421351313591003
0,0,0.0006839666748419404
0,0,0.0992707908153534
0,0,0.35615891218185425
0,0,0.014922518283128738
1,1,0.9879213571548462
0,0,0.02406744286417961
0,0,0.006320803426206112
0,0,0.0030699814669787884
0,0,0.02645501308143139
0,0,0.4259640872478485
0,0,2.108864464389626e-06
0,0,0.023719090968370438
0,0,0.00015108328079804778
0,0,0.018564827740192413
0,0,0.4609776735305786
0,0,0.0011968601029366255
0,0,0.012457792647182941
0,0,0.16700370609760284
0,0,0.0036217730958014727
0,0,0.21940459311008453
0,0,0.18429148197174072
0,0,0.25987765192985535
0,0,0.06861177831888199
0,0,0.004282854031771421
0,0,0.015968604013323784
0,0,0.4519025385379791
0,0,0.03143047168850899
0,0,0.0030869552865624428
0,0,0.0021733844187110662
0,1,0.8259698748588562
0,0,0.46993592381477356
0,0,0.12820173799991608
0,0,0.011739597655832767
0,0,0.042799293994903564
0,0,0.0005897959927096963
0,0,0.43987712264060974
0,0,0.263256698846817
0,0,8.177711424650624e-05
1,0,0.0460803396999836
1,1,0.9983141422271729
1,1,0.9822608828544617
1,1,0.9986782670021057
0,0,0.0007679050322622061
1,1,0.9370483756065369
1,1,0.6378292441368103
0,0,0.20107504725456238
1,1,0.8455536961555481
1,1,0.9650393128395081
0,0,0.0017726935911923647
1,1,0.9562061429023743
0,0,3.9669416196375096e-07
0,0,0.0412028469145298
1,1,0.9991037249565125
1,1,0.9163758158683777
0,0,0.08403362333774567
1,1,0.9991043210029602
1,1,0.9999856948852539
1,1,0.9738556742668152
1,1,0.9997900128364563
1,1,0.9792394638061523
1,1,0.9636885523796082
1,1,0.9747331142425537
1,1,0.8947194814682007
1,1,0.8869214653968811
1,1,0.999981164932251
1,1,0.996877908706665
0,0,0.00015803036512807012
1,1,0.9999722242355347
1,1,0.9255833029747009
1,1,0.9723947048187256
1,1,0.9872447848320007
1,1,0.9632626175880432
1,1,0.9998065829277039
1,1,0.9966229200363159
1,1,0.9856451153755188
0,0,0.10891269147396088
1,1,0.9999997615814209
1,1,0.9999054670333862
1,1,0.868241548538208
1,1,0.9962860345840454
1,1,0.7529866099357605
1,1,0.9982197880744934
1,1,0.9934456944465637
1,1,0.9999977350234985
1,1,0.9999924898147583
0,0,0.0016206855652853847
1,1,0.9579889178276062
1,1,0.975688636302948
1,1,0.9948893785476685
0,0,0.03191566839814186
0,1,0.9314795732498169
0,0,0.0002565085014794022
1,1,0.986336350440979
0,0,0.14636333286762238
1,1,0.9763022661209106
0,0,0.042988378554582596
0,0,0.04193030297756195
0,0,0.016563892364501953
1,0,0.45599716901779175
1,1,0.814628541469574
0,0,0.019073093309998512
0,0,0.001123828231357038
0,0,0.0013434943975880742
1,1,0.7892493605613708
0,0,0.2520882785320282
0,0,0.0031862419564276934
0,0,0.015879737213253975
0,0,0.0028342476580291986
0,0,0.0009808690520003438
0,0,0.07339764386415482
0,0,0.3283851742744446
0,0,0.0212045069783926
0,1,0.7802906036376953
1,1,0.9436997175216675
1,1,0.9937437176704407
1,1,0.9751697182655334
1,1,0.8690634369850159
0,0,0.00025226655998267233
1,1,0.7356622219085693
1,1,0.9999232292175293
1,1,0.9907427430152893
0,0,0.060401640832424164
1,1,0.9992295503616333
1,1,0.8265923261642456
1,1,0.9423149228096008
0,0,0.010074986144900322
0,0,0.16516220569610596
1,0,0.24058227241039276
1,1,0.9001782536506653
1,1,0.9995878338813782
0,0,0.056535303592681885
1,1,0.9676626920700073
1,1,0.9669607877731323
0,0,0.047590482980012894
1,1,0.9989354014396667
0,0,0.0016005428042262793
1,1,0.9998794794082642
0,0,0.05472390353679657
0,0,0.018265672028064728
0,0,6.395361560862511e-05
0,0,0.33878466486930847
1,1,0.9999876022338867
0,0,0.018755028024315834
0,0,0.01599711738526821
1,1,0.9913485646247864
1,1,0.9966172575950623
1,1,0.9459338784217834
1,1,0.577056884765625
0,0,0.3155578374862671
1,1,0.9534839987754822
0,0,0.009770640172064304
0,0,0.03453855961561203
0,0,0.0001629991747904569
0,0,0.04501926526427269
0,0,0.0031924908980727196
0,0,0.10360735654830933
0,0,0.03387261927127838
0,0,0.010382948443293571
0,0,0.0200347900390625
1,1,0.9981246590614319
0,0,0.13212950527668
1,1,0.9947182536125183
0,0,0.036669742316007614
0,0,0.08192111551761627
1,1,0.999097466468811
1,1,0.945972204208374
1,1,0.7343241572380066
0,0,0.06904812157154083
0,0,0.003463266883045435
1,1,0.7994653582572937
0,0,0.00596211152151227
1,1,0.6720458269119263
0,0,0.11064522713422775
0,0,0.3981834053993225
0,0,0.1057540699839592
0,0,0.010427383705973625
0,0,0.014235441572964191
0,0,0.0499788373708725
0,0,0.0008418686338700354
0,0,0.0003378668334335089
0,0,0.1879870891571045
0,0,0.05485434830188751
0,0,0.23927141726016998
0,0,0.10543528199195862
0,0,0.001793172094039619
0,0,0.0003880999574903399
0,0,4.609186726156622e-05
0,1,0.8840182423591614
0,0,3.0115701520117e-05
0,0,0.021868612617254257
0,0,0.0007962824893184006
0,0,0.010451387614011765
0,0,0.030385887250304222
0,0,2.710401895456016e-05
0,0,0.2734329104423523
1,1,0.999869704246521
0,0,0.015236804261803627
0,0,0.016754819080233574
1,1,0.9996123909950256
1,1,0.9999997615814209
1,1,1.0
1,1,0.9996734857559204
0,0,0.17520023882389069
1,1,0.9658293128013611
0,0,0.17779012024402618
1,1,0.9499093890190125
0,0,0.11710409820079803
0,0,0.00889663863927126
1,1,0.9545284509658813
0,0,0.23636995255947113
0,1,0.5422635078430176
1,1,0.6870396137237549
1,1,0.9998365640640259
0,0,0.0001695864339126274
0,0,4.72385330851921e-09
1,1,0.9519110918045044
0,0,0.06720777601003647
1,1,0.9870813488960266
1,1,0.9970169067382812
1,1,0.9621511101722717
0,0,0.000722206721547991
0,0,0.005133877042680979
0,0,0.01917528174817562
0,0,0.035115331411361694
0,0,0.0010323505848646164
1,1,0.9951661825180054
1,1,0.995185911655426
1,1,0.999739944934845
1,1,0.8353301882743835
1,1,0.7896900177001953
1,1,0.9568032622337341
0,0,0.015040332451462746
1,1,0.9909858703613281
1,1,0.9865245819091797
0,0,0.005887955892831087
1,1,0.9793683290481567
1,1,0.98969966173172
0,0,6.186421330767189e-08
0,0,0.00027226333622820675
0,0,0.004870226606726646
1,0,0.2364044040441513
0,0,0.0011363340308889747
0,0,2.1157659375603544e-06
1,1,0.589243471622467
1,1,0.94035404920578
0,1,0.6511144042015076
0,0,0.06028204411268234
1,1,0.9913028478622437
0,0,2.9610866477014497e-05
0,0,0.15030547976493835
0,0,0.008950495161116123
0,0,0.024672415107488632
0,0,0.10977847874164581
1,1,0.9999814033508301
0,0,0.4431552588939667
0,0,0.0003000022261403501
1,1,0.9993300437927246
0,0,0.006270948331803083
1,0,0.1490003913640976
1,1,0.9732743501663208
1,1,0.6894469857215881
1,1,0.9913811087608337
0,0,0.005003271624445915
0,0,0.01120445691049099
0,1,0.569512128829956
0,0,0.05936364457011223
0,1,0.5454990863800049
1,1,0.9886918067932129
1,1,0.8893947005271912
1,0,0.3305065929889679
1,1,0.9568124413490295
1,1,0.7119624018669128
0,0,0.0007803519256412983
1,1,0.8060265779495239
1,1,0.9802055358886719
0,0,0.032620884478092194
0,0,0.0008256881847046316
0,0,6.686853794235503e-06
1,1,0.9797596335411072
0,0,0.0007636942318640649
1,1,0.9675934910774231
1,1,0.9451538324356079
0,0,0.00010779753210954368
0,0,0.4053258001804352
0,0,0.21226176619529724
0,0,0.10149252414703369
1,1,0.9389519691467285
0,0,0.2197769433259964
1,0,0.4266768991947174
1,1,0.7461206316947937
1,1,0.908295750617981
1,1,0.8913819789886475
1,1,0.993569016456604
1,1,0.9990160465240479
1,1,0.9970460534095764
1,1,0.6342450976371765
0,0,0.00016662511916365474
0,0,0.24216681718826294
0,0,0.018503358587622643
0,1,0.6682654619216919
1,1,0.8609927296638489
1,1,0.9908323884010315
0,0,0.0015998055459931493
1,1,0.5865698456764221
1,1,0.9924027919769287
1,1,0.9317452907562256
1,1,0.9998544454574585
1,1,1.0
1,1,0.9999842643737793
0,1,0.7065950036048889
0,0,0.1414581835269928
1,1,0.9999849796295166
0,0,0.010250634513795376
1,1,0.9719997048377991
1,1,0.9334667325019836
0,0,0.007414550986140966
1,1,0.9968294501304626
1,1,1.0
1,1,0.9861432909965515
1,1,0.9827755093574524
0,0,0.09892543405294418
0,0,0.007015913724899292
0,1,0.6198416948318481
0,0,0.009875252842903137
0,0,0.4139082133769989
1,1,0.9956743121147156
1,1,0.9988076686859131
1,1,0.9826264381408691
0,0,5.361553576221922e-06
0,0,0.10305653512477875
1,1,0.9849514365196228
1,1,0.5946385860443115
1,1,0.7633353471755981
1,1,0.9812867045402527
0,0,0.009076893329620361
0,0,0.00021056579134892672
1,1,0.9243844747543335
0,0,0.0037209640722721815
1,1,0.9953758716583252
0,0,0.23902665078639984
1,1,0.932414710521698
1,1,0.985518217086792
1,1,0.9912790656089783
1,1,0.9986369013786316
0,0,0.0161288995295763
0,0,0.027729874476790428
1,1,0.9979738593101501
1,1,0.668387770652771
1,1,0.9983885288238525
1,1,0.9781879186630249
0,0,2.0270067579986062e-07
1,1,0.9999552965164185
1,1,0.9838712215423584
1,1,0.976129949092865
1,1,0.9798693656921387
1,1,0.8268258571624756
0,0,0.0029450561851263046
0,0,0.21116015315055847
0,0,0.00031806714832782745
0,0,0.020675387233495712
0,0,0.12500786781311035
1,1,0.9994338154792786
1,1,0.9989132881164551
0,0,0.045393865555524826
0,0,0.0006897772545926273
0,0,0.002309618052095175
0,0,0.0032081217505037785
0,0,0.03877585753798485
0,0,0.38889989256858826
0,0,0.00027819667593576014
0,0,4.068850117944223e-11
0,0,0.015429919585585594
0,0,0.034217339009046555
0,0,0.10711416602134705
0,0,0.0003119159082416445
0,0,0.11348780244588852
0,0,0.022484201937913895
0,0,0.014718424528837204
0,0,0.30652618408203125
0,0,0.04295780509710312
0,0,0.00020758321625180542
0,0,7.396815937532608e-10
0,0,0.3915996253490448
0,0,0.015618066303431988
0,0,0.002222682349383831
0,0,0.1060994490981102
0,0,0.000677685544360429
0,0,5.392682851379504e-07
0,1,0.9107551574707031
0,0,0.03609265759587288
1,1,0.986493706703186
0,0,0.12830792367458344
1,1,0.9999994039535522
1,1,0.8887394070625305
1,1,0.9978436231613159
1,1,0.9535054564476013
1,1,0.6060451865196228
1,1,0.961113452911377
0,0,0.05371464416384697
0,0,0.042762964963912964
0,0,0.0013778592692688107
0,0,0.013070231303572655
0,0,0.15607164800167084
0,0,0.013905974105000496
0,0,4.995830416021363e-09
1,1,0.9999922513961792
0,0,0.03252051770687103
1,1,0.9073394536972046
1,1,0.8905383944511414
1,1,0.6636390089988708
1,1,0.9992583394050598
0,0,0.0003595924354158342
0,0,0.019307950511574745
0,0,0.2669616639614105
0,0,0.000536374282091856
1,1,0.9121256470680237
0,1,0.6422990560531616
0,0,0.06754960119724274
1,1,0.9999407529830933
1,1,0.8055051565170288
1,1,0.6155254244804382
1,1,0.9660468697547913
0,0,3.7811967446010897e-10
0,0,0.31043851375579834
0,0,0.11622978746891022
0,0,1.6689722315277322e-07
1,1,0.9045717716217041
0,0,0.09823986887931824
1,1,0.9350690245628357
1,1,0.9994460940361023
1,1,0.8170179724693298
0,0,0.0999700054526329
0,0,0.0031003805343061686
1,0,0.1794232279062271
0,0,0.007356258109211922
1,1,0.9997081160545349
0,0,0.005184680689126253
1,1,0.986785352230072
1,1,0.9623711109161377
1,1,0.9994692206382751
1,1,0.9787427186965942
1,1,0.8756164908409119
1,1,0.964784562587738
1,1,0.8155557513237
1,1,0.9954994320869446
1,1,0.9385161995887756
0,0,2.4172519260901026e-05
1,1,0.9993128776550293
0,0,0.18790464103221893
0,0,0.00023081286053638905
1,1,0.9999918937683105
0,0,2.3951636194396997e-06
0,0,0.05804984271526337
1,1,0.9949951171875
0,1,0.9099146723747253
0,0,0.005603116471320391
0,0,0.05847425386309624
0,0,0.0007805623463355005
0,0,0.003053321037441492
0,0,1.0086447446155944e-06
1,1,0.9999991655349731
0,0,0.051830362528562546
1,1,0.9970154762268066
0,0,0.00988323800265789
0,0,0.0005177504499442875
0,0,0.02015260048210621
0,0,0.0009625179809518158
0,0,0.0018128901720046997
1,1,0.9218778610229492
1,1,0.872312068939209
0,0,0.022801993414759636
1,1,0.9994346499443054
1,0,0.33367255330085754
0,0,0.001352821127511561
1,1,0.5495469570159912
0,0,0.012887148186564445
1,1,0.9968134760856628
0,0,0.043791674077510834
0,0,0.2151796817779541
1,1,0.9919288158416748
0,0,0.04582302272319794
0,0,3.495548298815265e-05
1,1,0.9851073622703552
1,0,0.10317835211753845
1,1,0.9994170665740967
0,0,0.0010470079723745584
0,0,0.016377586871385574
1,1,0.9589995741844177
1,1,0.9994018077850342
1,1,0.9973207116127014
0,0,0.05133999139070511
1,1,0.9908187985420227
0,0,0.0002992303925566375
0,0,0.057399455457925797
0,0,0.1258009374141693
0,0,0.09182126075029373
1,1,0.9519830346107483
0,0,2.1420742086775135e-06
0,0,3.830837886198424e-05
0,0,0.46333056688308716
1,1,0.9997952580451965
0,0,0.0008613959071226418
0,0,0.006310138385742903
0,0,0.04468925669789314
0,0,0.0010460857301950455
0,0,0.1840946227312088
1,1,0.7130532264709473
1,1,0.999293327331543
0,0,0.0033596758730709553
0,0,0.012814642861485481
0,0,0.01345157902687788
0,0,0.05066971108317375
1,1,0.8456118106842041
0,0,1.3097169357934035e-06
0,0,0.001127394731156528
1,1,0.9980702996253967
1,1,0.8886394500732422
1,1,0.6850650906562805
1,1,0.9566125273704529
1,1,0.9872603416442871
1,1,0.998568058013916
0,1,0.7136204242706299
1,1,0.9923690557479858
1,1,0.9826258420944214
1,1,0.916907787322998
1,1,0.7156612277030945
0,0,0.00023664947366341949
1,1,0.9573289155960083
1,1,0.9968580007553101
1,1,0.9102324843406677
0,0,0.001598815550096333
0,0,0.05586067959666252
1,1,0.9972835779190063
1,1,0.9957660436630249
1,1,0.9479694366455078
1,1,0.9905311465263367
1,1,0.9999797344207764
1,1,0.9999840259552002
0,0,2.818280563587905e-06
1,1,0.9857004880905151
1,1,0.9995835423469543
0,0,0.009448393248021603
0,0,0.005027099512517452
1,1,0.9990240335464478
0,1,0.9999278783798218
1,1,0.9770426750183105
1,1,0.6746127009391785
0,0,0.09654292464256287
0,0,0.00013095085159875453
0,0,0.23643100261688232
1,1,0.992482602596283
1,1,0.6515396237373352
1,1,0.9999817609786987
0,0,0.048885706812143326
1,0,0.1885353922843933
1,1,0.999992847442627
0,0,0.02629648707807064
0,0,0.42312052845954895
0,0,0.02411154843866825
1,1,0.8808040022850037
0,0,0.0024698476772755384
0,0,0.006627270951867104
0,1,0.7999169230461121
1,1,0.9329379796981812
1,1,0.9966360330581665
0,0,0.0013398138107731938
1,1,0.7207509279251099
1,0,0.10621404647827148
1,0,0.4826768636703491
1,1,0.9146749377250671
0,0,0.283919095993042
0,0,0.030644403770565987
0,0,6.053970355424099e-05
1,1,0.9901056885719299
0,0,0.001122816582210362
0,0,0.00228541879914701
1,1,0.9994294047355652
0,0,0.001823715167120099
0,0,0.0016136596677824855
0,0,0.2413841187953949
0,0,0.15220004320144653
0,0,0.0010711351642385125
0,0,0.12088886648416519
0,0,0.25606369972229004
0,1,0.7931947708129883
1,1,0.9994589686393738
1,1,0.9869580864906311
0,0,0.13721536099910736
1,0,0.31837528944015503
1,1,0.992060661315918
0,0,0.008436678908765316
0,0,0.0013465688098222017
0,0,0.03548538312315941
0,0,0.09388995170593262
0,0,0.0033795051276683807
0,0,0.03836589679121971
0,0,0.023325113579630852
0,0,1.4779475350223947e-05
0,0,0.03599192202091217
0,0,0.27317652106285095
0,0,0.0014475382631644607
0,0,0.001471258932724595
0,0,0.0018441615393385291
0,0,0.02312549576163292
0,0,0.01215415820479393
0,0,0.0020260997116565704
0,0,0.02130955643951893
0,0,0.01881624199450016
0,0,0.01738560013473034
0,0,0.3582638204097748
0,0,2.104910273859062e-10
0,0,0.013181355781853199
0,0,0.031582310795784
0,0,0.024748818948864937
1,1,0.917052149772644
1,1,0.9862223267555237
0,1,0.915131151676178
1,1,0.8809220194816589
1,1,0.9999929666519165
1,1,0.9898144006729126
1,1,0.9105923771858215
1,1,0.9587461352348328
1,1,0.9965111613273621
1,1,0.9909018874168396
1,0,0.4446282982826233
1,1,0.9969350099563599
0,0,0.020207559689879417
0,1,0.7147015333175659
0,0,0.13070453703403473
1,1,0.9620732069015503
1,1,0.9703173637390137
0,0,0.0508769229054451
0,0,0.014807728119194508
0,0,0.003962725400924683
0,0,3.1227482395479456e-05
0,0,0.0017385579412803054
0,0,0.013684540055692196
0,0,1.327931270846499e-16
0,0,0.013213703408837318
0,0,0.005795022007077932
1,1,0.9999841451644897
1,1,0.9523715972900391
0,0,0.00023996882373467088
1,1,1.0
0,0,0.44308632612228394
1,1,0.9986339211463928
1,1,1.0
1,1,0.9979631900787354
1,1,0.9999898672103882
1,1,0.9954301118850708
1,1,0.9950873255729675
1,1,0.9866774082183838
0,0,0.10742253065109253
1,0,0.05033322796225548
1,1,0.8835816979408264
0,0,0.040469639003276825
0,0,0.0020305095240473747
1,1,0.8250939249992371
0,0,0.3085995018482208
1,1,0.9998719692230225
1,1,0.9964888095855713
1,1,0.9742639064788818
1,1,0.9492363929748535
0,0,0.0012318651424720883
0,1,0.62468022108078
0,0,0.01917549967765808
1,1,0.9998747110366821
0,0,0.0003747393493540585
1,1,0.9996210336685181
1,1,0.9957444071769714
0,0,0.0005144348833709955
0,0,0.0015064404578879476
0,0,0.09949896484613419
0,0,0.0031816877890378237
0,0,0.00017333062714897096
0,0,6.843552546342835e-05
0,0,0.04362767934799194
0,0,0.03775396570563316
0,0,7.908721499916282e-08
0,0,0.0010897783795371652
1,1,0.9969293475151062
1,1,0.9960286617279053
1,1,0.5275489687919617
0,0,0.0011882110266014934
0,0,0.04875978082418442
1,1,0.9807251691818237
1,1,0.9165086150169373
1,1,0.9883989095687866
1,1,0.9310736060142517
1,1,0.9993742108345032
0,0,0.0008762788493186235
1,1,0.9981898665428162
1,1,0.7027664184570312
0,0,0.2675923705101013
1,1,0.8544382452964783
0,0,2.503477480786387e-05
1,0,0.2604154944419861
0,0,0.005831412971019745
0,0,0.004811206832528114
0,0,0.0014563612639904022
0,0,0.0030840353574603796
1,1,0.9883864521980286
0,1,0.7785770297050476
0,0,0.0004892952856607735
0,0,0.0028067093808203936
0,0,0.008315731771290302
0,0,0.38078024983406067
1,1,0.9999638795852661
1,1,0.9999979734420776
1,1,0.999855637550354
1,1,0.9973239898681641
1,1,0.9959147572517395
1,1,0.9989857077598572
1,1,0.9940477609634399
0,0,0.012020532973110676
1,1,0.834336519241333
1,1,0.554578423500061
1,1,0.9539305567741394
1,1,0.9937999844551086
0,0,0.03688877448439598
0,0,0.042021602392196655
1,1,0.8438863754272461
0,0,0.45900508761405945
1,1,0.9999949932098389
1,1,0.9161194562911987
1,1,0.8546943664550781
0,0,0.01990479603409767
0,0,0.0012434058589860797
1,0,0.11851492524147034
0,0,0.00016079585475381464
0,0,4.358321803010767e-06
1,1,0.99378901720047
1,1,0.9964615702629089
1,1,0.9999449253082275
0,0,0.004236189182847738
0,0,0.0010267411125823855
0,0,0.017803171649575233
0,0,0.012166083790361881
0,0,0.08588703721761703
0,0,0.005563771817833185
0,0,0.00014077928790356964
0,0,0.04201462119817734
0,0,4.687864020525012e-06
0,0,0.001959184417501092
0,0,0.05187046155333519
1,1,0.855932354927063
1,1,0.9987587928771973
1,1,0.9990377426147461
1,1,0.9923680424690247
0,0,0.10969488322734833
1,1,0.8998467326164246
1,1,0.9183704853057861
1,1,0.9889189600944519
0,0,3.6737756090587936e-06
1,0,0.2963596284389496
0,0,0.007276594638824463
0,0,0.009284727275371552
1,1,0.999811589717865
1,1,0.996764063835144
0,1,0.6186954975128174
1,1,0.9993864297866821
0,0,0.06019080802798271
0,0,0.07644735276699066
0,0,0.0003149870317429304
0,0,0.00015146912483032793
0,0,0.0633554756641388
1,1,0.9948524832725525
0,0,0.001552082016132772
1,0,0.44871899485588074
0,0,0.03619189187884331
1,1,0.9915397763252258
0,1,0.8011894226074219
1,1,0.9999918937683105
0,0,0.013166242279112339
0,0,0.17133456468582153
1,1,0.9258760213851929
1,1,0.9594683647155762
0,0,0.0007760311709716916
1,1,0.9941353797912598
1,1,0.9987461566925049
0,0,0.2045203596353531
1,1,0.9844726920127869
0,1,0.7960282564163208
1,1,0.9994246959686279
0,0,0.1477624475955963
1,1,0.9782677888870239
1,1,0.9676195383071899
1,1,0.9834789037704468
1,1,0.8130991458892822
1,1,0.9999299049377441
1,0,0.3909372389316559
1,1,0.9232174754142761
1,1,0.9898819327354431
0,0,0.0007631377666257322
0,0,4.2878324165940285e-05
0,0,0.03869957476854324
0,0,0.01582511141896248
0,0,0.0031854102853685617
0,0,0.022881625220179558
0,0,0.08311422169208527
1,1,0.9998772144317627
1,1,0.9999958276748657
0,0,0.00039776749326847494
0,0,0.11199987679719925
0,0,0.0002311350399395451
1,0,0.3118356168270111
0,0,0.0032861458603292704
0,1,0.5166016817092896
0,0,0.010515661910176277
0,0,0.02949652634561062
0,0,0.002532797399908304
1,1,0.8290961980819702
1,1,0.9747387170791626
1,1,0.9999264478683472
1,1,0.7118542790412903
1,1,0.9909422993659973
1,1,0.9999716281890869
0,0,0.015676558017730713
0,0,0.011393268592655659
1,1,0.982912540435791
1,1,1.0
0,0,0.03737344592809677
0,0,0.14257214963436127
1,1,0.9711971879005432
0,0,0.0019321576692163944
0,0,0.0004745560872834176
0,0,0.05522264540195465
0,0,0.1976156085729599
1,1,0.9953101277351379
0,0,0.010337725281715393
1,1,0.9750093221664429
0,0,0.28338244557380676
0,0,0.01485865842550993
0,0,0.00790494680404663
0,0,0.018066154792904854
0,0,0.12102222442626953
0,0,0.27352479100227356
1,0,0.08738245815038681
0,0,0.3495098352432251
0,0,0.005815152544528246
0,0,7.661763445909742e-10
0,0,0.03777337074279785
0,0,0.007904838770627975
0,1,0.9297910928726196
1,1,0.9980193376541138
1,0,0.058990728110075
1,1,0.9550171494483948
1,1,0.5513309836387634
1,1,0.8226361274719238
0,0,0.021271133795380592
0,1,0.6202310919761658
0,0,0.001579000847414136
0,0,0.3066560924053192
0,0,0.07564859837293625
1,1,0.950020432472229
0,1,0.8822091221809387
1,1,0.9975342750549316
0,0,0.07470473647117615
0,0,0.005139481741935015
0,0,0.3037041425704956
1,1,0.9931911826133728
0,0,0.007905364967882633
1,1,0.9409262537956238
0,0,0.000875793513841927
1,1,0.8864726424217224
1,1,0.9975970387458801
1,1,0.9969779253005981
1,1,0.996661901473999
0,0,0.0030389663297683
1,1,0.9998005032539368
0,0,0.003960779868066311
0,0,0.1459600180387497
0,1,0.7476317286491394
1,1,0.9991734623908997
0,0,0.04401779919862747
1,1,0.914993941783905
1,1,0.9873315691947937
1,1,0.999110996723175
1,0,0.12710919976234436
1,1,0.9693571925163269
1,1,0.9998148083686829
1,1,0.9999998807907104
1,1,0.852111279964447
0,0,0.023621955886483192
1,1,0.9981282353401184
0,0,0.0037083167117089033
1,1,0.9166347980499268
0,0,0.0002424225240247324
1,1,0.9999659061431885
0,0,0.0050201709382236
0,0,0.0032758647575974464
0,0,0.03095577098429203
1,1,0.9929695725440979
0,0,0.0014286763034760952
1,1,0.9990724325180054
0,0,0.0007946587866172194
1,1,0.9662737250328064
1,1,0.9999974966049194
0,0,0.04245533421635628
0,0,0.05314144864678383
0,0,0.008287188597023487
1,1,0.7759499549865723
0,0,0.007570621557533741
0,0,0.034549128264188766
0,0,0.0001422977220499888
1,1,0.9999042749404907
1,1,0.9540308117866516
0,0,0.006582723930478096
1,1,0.9988085031509399
0,0,7.598377123940736e-05
0,0,0.014559225179255009
1,0,0.49334391951560974
1,1,0.983428418636322
1,1,0.9776234030723572
1,1,0.9962583780288696
0,0,6.957543519092724e-06
0,0,0.008173026144504547
0,0,0.0036491721402853727
1,1,0.9999945163726807
1,1,0.9966306090354919
1,1,0.995836615562439
0,0,0.06964713335037231
0,0,0.03485294058918953
1,1,0.9991820454597473
0,0,0.000801701913587749
0,0,0.13618701696395874
0,0,1.1357663254329964e-08
1,1,0.9999837875366211
0,0,0.001556955510750413
1,1,0.9416891932487488
0,0,0.0004079138452652842
1,1,0.8208605051040649
1,1,0.9492740035057068
0,0,0.10695940256118774
1,1,0.9999988079071045
1,1,0.9999998807907104
1,1,0.9979411959648132
0,0,0.08847376704216003
0,0,0.001635263441130519
0,0,6.644702149616322e-11
0,0,0.004585435148328543
0,0,0.04959576576948166
1,1,0.7248146533966064
1,1,0.915376603603363
1,1,0.8819242715835571
1,1,0.999396562576294
0,0,0.01118848193436861
1,1,0.9974817633628845
0,0,0.0033657706808298826
0,0,0.014200013130903244
0,0,0.010313565842807293
0,1,0.6325289607048035
0,1,0.701747477054596
0,0,4.642297426471487e-05
0,0,0.021809997037053108
1,1,0.9699058532714844
1,1,0.98103928565979
0,0,0.023314904421567917
0,0,0.00037267376319505274
1,1,0.9999984502792358
0,0,0.0215910691767931
0,0,0.08448947966098785
1,0,0.4489493668079376
0,0,0.2567101716995239
0,0,0.16950884461402893
0,0,7.577877113362774e-06
0,0,0.04772055149078369
0,0,0.42205244302749634
0,0,0.33788877725601196
0,0,0.33476221561431885
0,0,0.0012664702953770757
0,0,0.013511902652680874
1,1,0.9708045125007629
1,1,0.9822722673416138
1,1,0.999995231628418
0,0,0.02210172265768051
1,1,0.9999879598617554
1,1,0.7717470526695251
0,0,0.15053613483905792
0,0,0.005953019019216299
1,1,0.9925212264060974
0,0,0.13015659153461456
1,1,0.7728357911109924
1,1,0.9999979734420776
0,0,0.04994579404592514
0,0,0.2208711802959442
0,0,0.09948429465293884
1,1,0.9999978542327881
1,1,0.9977585077285767
1,1,0.9886334538459778
0,0,0.0007914750021882355
1,1,0.9999951124191284
1,1,1.0
1,1,0.9976170063018799
1,1,0.9998621940612793
0,0,0.07611099630594254
0,0,0.016515709459781647
1,1,0.9953183531761169
1,1,0.9552827477455139
1,1,0.9951262474060059
0,1,0.8858190178871155
0,0,0.26652196049690247
0,0,0.01762918010354042
1,1,0.8697113990783691
0,0,0.00046377230319194496
1,1,0.9578229784965515
1,0,0.31044191122055054
0,0,0.0070198350585997105
1,1,0.930741548538208
1,1,0.9999998807907104
1,1,0.8912452459335327
0,0,0.004032829776406288
1,1,0.9745246767997742
1,1,0.8250094652175903
1,1,0.8290469646453857
1,1,0.9939676523208618
0,0,0.0049146246165037155
0,0,0.054889097809791565
1,1,0.996155321598053
1,1,0.999992847442627
0,0,0.006954855751246214
1,0,0.17842070758342743
1,1,0.9793627262115479
0,0,0.08818590641021729
1,1,0.97970050573349
1,1,0.9818113446235657
0,0,0.014234610833227634
1,1,0.9974073767662048
1,1,0.9995177984237671
1,1,0.9989210367202759
0,0,0.023004282265901566
1,1,0.9999958276748657
0,0,7.037033356027678e-05
0,0,0.01984657719731331
0,0,0.0037753183860331774
1,1,0.976931631565094
1,1,0.9999527931213379
0,0,0.012568043544888496
1,1,0.9606903791427612
1,1,0.9979707598686218
1,1,0.9185556769371033
0,0,1.4995625008396019e-07
0,0,0.19264857470989227
1,1,0.9410145282745361
1,1,0.9129736423492432
0,0,0.2075815498828888
0,0,0.06608181446790695
0,0,0.003403579583391547
0,0,1.2197562000437756e-06
1,1,0.9909608960151672
0,0,0.003777837147936225
1,1,0.7259920835494995
1,1,0.9990818500518799
1,1,0.9967795014381409
1,1,0.9989351630210876
0,0,0.09242776036262512
1,1,0.9993002414703369
1,1,0.9998965263366699
1,1,0.9987934827804565
1,1,0.9383548498153687
0,0,0.0004854898143094033
0,0,0.00048069891636259854
0,0,0.0031730267219245434
0,0,0.004457871429622173
1,1,0.9963562488555908
1,1,0.9610124230384827
1,1,0.9777159094810486
1,1,0.8066839575767517
0,0,0.05685165524482727
1,1,0.6440548300743103
1,1,0.9999995231628418
0,0,2.8782928893633652e-06
0,0,0.008679352700710297
0,0,0.02557472512125969
0,0,0.00036272575380280614
1,1,0.8699766397476196
0,0,0.035395339131355286
1,1,0.9973184466362
1,1,0.9999624490737915
0,0,0.0005238173762336373
1,1,0.987866997718811
1,1,0.8530046343803406
1,1,0.9857920408248901
0,0,0.024338658899068832
0,0,0.00010308304626960307
1,0,0.14070966839790344
0,0,0.040452126413583755
0,0,0.007166814059019089
1,1,0.9649922251701355
0,0,0.0022088491823524237
0,1,0.9466951489448547
1,1,0.9986684322357178
0,1,0.6663292646408081
0,0,0.0011700423201546073
0,0,0.01898094452917576
0,0,0.034512992948293686
1,1,0.998465895652771
0,0,0.007947608828544617
1,1,0.8986315727233887
0,0,0.0009549294481985271
1,1,0.9886954426765442
0,0,0.02781134657561779
1,1,0.9998949766159058
1,1,0.9999955892562866
0,0,0.006454068701714277
0,0,0.0005075199296697974
0,0,1.0680801665330364e-07
1,1,0.9998251795768738
0,0,0.006525027099996805
0,0,0.0018377744127064943
1,1,0.9874770641326904
1,1,0.9923194050788879
1,1,0.9998258948326111
0,0,0.1314450204372406
0,0,3.9224731153808534e-05
0,0,0.013646756298840046
1,1,0.9802155494689941
0,1,0.6105548143386841
1,1,0.9099321365356445
0,0,0.00031585220131091774
1,1,0.9995239973068237
0,0,0.00030391360633075237
1,1,0.9925652742385864
0,0,0.05861606076359749
1,1,0.8044826984405518
1,1,0.991614580154419
1,0,0.35095280408859253
0,0,0.04964660853147507
1,1,0.9798344969749451
0,0,0.0007079876959323883
0,0,0.0004333599645178765
0,0,0.006116505246609449
1,1,0.9995928406715393
0,0,0.2551094889640808
0,0,0.00034368474734947085
0,0,0.28294336795806885
1,1,0.9995757937431335
1,1,0.9988314509391785
1,1,0.972387969493866
0,0,0.025885967537760735
0,0,0.0060120015405118465
1,1,0.9997014403343201
1,1,0.8764029145240784
0,0,0.0017288019880652428
1,1,0.9999998807907104
1,1,0.9999631643295288
0,0,0.00097877555526793
0,0,0.028104353696107864
0,0,0.050517890602350235
0,0,0.3078215420246124
1,1,0.9962344765663147
1,1,0.999528169631958
1,1,0.8877479434013367
1,1,0.990021288394928
0,0,0.2874000072479248
1,1,0.5540853142738342
1,1,0.9138866662979126
1,1,0.7297117114067078
1,1,0.9751442074775696
1,0,0.1893390715122223
1,1,0.9989128112792969
0,0,0.1304466724395752
0,0,0.002353555290028453
0,0,0.00035319742164574564
0,0,0.03417057543992996
1,1,0.9974439144134521
0,0,0.00979078933596611
1,1,0.9999885559082031
0,1,0.9009557366371155
0,0,0.0026353385765105486
0,0,0.002046986948698759
0,0,0.0014563598670065403
1,1,0.8232152462005615
1,1,0.8404945731163025
1,1,0.9983377456665039
1,1,0.9571632146835327
1,1,0.6210358738899231
1,1,0.9856669306755066
0,0,0.22760356962680817
1,1,0.5930062532424927
1,1,0.9939724802970886
1,1,0.9999961853027344
1,0,0.016428040340542793
0,0,0.24204230308532715
1,1,0.8296833634376526
1,1,0.9170406460762024
0,1,0.9904152154922485
1,1,0.9999874830245972
0,0,0.019917750731110573
1,1,0.9903415441513062
0,0,0.0006399371777661145
0,0,0.008355430327355862
1,1,0.9679241180419922
1,1,0.9895155429840088
0,0,0.031207581982016563
0,0,0.012420328333973885
0,0,0.11017884314060211
0,0,0.0017248957883566618
1,1,0.9999655485153198
0,0,0.02734525129199028
0,0,0.0030215729493647814
0,0,0.001907540368847549
0,0,8.54545669426443e-06
0,0,0.01281722541898489
0,0,0.24111968278884888
0,0,0.036516886204481125
0,0,0.02188826911151409
0,0,0.0004256901447661221
0,0,0.0064435554668307304
0,0,0.0007282637525349855
1,1,0.9630340337753296
0,0,6.779746036045253e-05
0,0,3.839952114503831e-05
0,0,1.4463030773015362e-08
1,1,0.966948926448822
1,1,0.8728295564651489
0,0,0.0032907358836382627
0,0,0.019643113017082214
1,0,0.04769130423665047
1,1,0.9819349050521851
1,1,0.5866385698318481
0,0,0.0018011489883065224
0,0,0.016827335581183434
1,1,0.999695897102356
0,0,6.954485911592201e-07
1,1,0.9999909400939941
0,0,0.3998415768146515
1,1,0.9918621778488159
0,0,0.005635478533804417
0,0,0.01718326285481453
0,1,0.5249491333961487
0,0,0.19390851259231567
1,1,0.9996004700660706
1,1,0.9641348719596863
1,1,0.9998329877853394
1,1,0.9998167157173157
1,1,0.7776350975036621
0,0,0.0009536248398944736
1,1,0.9992710947990417
1,1,0.9999992847442627
1,1,0.9772598743438721
1,1,0.9009935855865479
1,1,0.9999580383300781
1,1,0.9359264969825745
1,1,0.9838964939117432
0,0,0.0028862375766038895
0,0,0.018746737390756607
0,0,0.027340643107891083
0,0,0.024725737050175667
0,0,0.009143941104412079
0,0,0.1469009667634964
0,0,0.0022325708996504545
0,0,0.0011092245113104582
0,0,0.06364418566226959
1,1,0.7782526612281799
1,1,0.9991569519042969
0,0,0.002459453884512186
0,1,0.8073051571846008
0,0,7.493813609471545e-05
0,0,0.010258061811327934
0,0,0.01545017957687378
0,0,0.2559562623500824
1,1,0.9999793767929077
0,0,0.014826195314526558
0,0,0.010082087479531765
1,1,0.9497716426849365
1,1,0.9999971389770508
0,0,0.005708919372409582
1,1,0.9993458390235901
0,0,0.07270194590091705
0,0,0.03986746817827225
0,0,0.004335221368819475
0,0,0.0009369922918267548
0,0,0.13692086935043335
1,1,0.9999383687973022
1,1,0.9901870489120483
1,1,0.9751660823822021
0,0,0.0063286819495260715
1,1,0.9986445307731628
0,0,0.006208701524883509
0,0,0.0026358175091445446
0,0,7.718775304965675e-05
1,1,0.997783362865448
0,0,0.0610535554587841
1,1,0.999958872795105
1,1,0.9934672713279724
0,0,0.025301054120063782
0,0,0.014681019820272923
0,0,0.00020390859572216868
0,0,0.00592628913000226
0,0,2.5465469661867246e-06
1,1,0.6534973382949829
1,1,0.9955356121063232
0,0,0.0004371839459054172
1,1,0.5366594791412354
1,1,0.9974857568740845
0,0,0.021063685417175293
0,0,0.0029500604141503572
0,0,0.0009366669110022485
0,0,0.0010698335245251656
0,0,8.797634109214414e-06
0,0,0.3480657637119293
0,0,8.777270522841718e-06
0,0,1.6588639461625478e-32
0,0,0.005602165590971708
0,0,0.054711781442165375
1,1,0.8638375401496887
0,0,0.00030063383746892214
0,0,0.025068501010537148
0,0,0.05999715253710747
0,0,0.4720573425292969
1,1,0.9481737613677979
1,1,0.8750402331352234
0,0,0.11506456136703491
0,0,4.9026224587578326e-05
1,0,0.4955436885356903
1,1,0.9457500576972961
0,0,0.09018003195524216
0,0,0.0006914581754244864
1,1,0.9967671632766724
1,1,0.999235987663269
0,0,0.38059645891189575
1,1,0.6881053447723389
1,1,0.9990355968475342
1,1,0.9625596404075623
1,1,0.9977779984474182
0,0,0.00909123383462429
0,0,0.2677224278450012
0,0,0.09855655580759048
0,0,0.005231913179159164
1,1,0.9991975426673889
1,1,0.9892981052398682
1,1,0.9995273351669312
1,1,0.9786707758903503
0,0,0.08929671347141266
0,0,0.09323793649673462
1,1,0.9996474981307983
0,1,0.7152103185653687
1,1,0.9961685538291931
1,1,0.984504222869873
1,1,0.999546229839325
0,0,0.08852243423461914
1,1,0.9568857550621033
0,0,0.0019246902083978057
0,0,0.00021987642685417086
0,0,0.007107689045369625
0,0,0.0126850176602602
0,0,0.06385208666324615
1,0,0.1779624968767166
1,0,0.4031146466732025
1,1,0.6832634210586548
0,0,0.0003400898422114551
1,1,0.9999959468841553
1,1,0.9999992847442627
0,0,0.040314868092536926
0,1,0.973683774471283
0,0,0.012847633101046085
0,0,0.007876475341618061
0,0,0.15159109234809875
1,1,0.9803963899612427
1,1,0.9937036633491516
0,0,0.030305657535791397
0,0,0.004636900033801794
0,0,0.014772452414035797
0,0,0.03146180510520935
0,0,0.010773259215056896
1,1,0.9964976906776428
0,1,0.7996260523796082
1,1,0.9766388535499573
1,1,0.836432695388794
0,1,0.8275237083435059
1,1,0.997778594493866
1,1,0.9997779726982117
0,0,0.016333140432834625
0,1,0.5892473459243774
1,1,0.9953561425209045
0,0,0.010957127436995506
0,0,0.18542742729187012
1,1,0.908802330493927
0,0,0.08036204427480698
1,1,0.9621257781982422
0,0,0.007045387756079435
1,1,0.9334064722061157
0,0,0.009751848876476288
0,0,0.02403743751347065
0,0,0.015116601251065731
1,1,0.9704218506813049
1,1,0.980934202671051
1,1,0.9344928860664368
1,1,0.8251961469650269
1,1,0.9969680905342102
0,0,0.06794748455286026
0,0,0.027945900335907936
1,1,0.9802999496459961
1,1,0.9997346997261047
0,0,0.1067199781537056
0,0,0.0003699719381984323
1,1,0.9947668313980103
1,1,0.9957973957061768
1,1,0.9988706707954407
1,1,0.9996066689491272
0,0,0.0004538759239949286
1,1,0.9945076107978821
0,0,0.12020355463027954
1,1,0.8266772031784058
0,0,0.40748053789138794
0,0,0.31436142325401306
1,1,0.6444148421287537
1,1,0.9922502636909485
1,1,0.9369918704032898
1,1,0.9880707263946533
0,0,0.05578647181391716
0,0,1.1445408745203167e-06
1,0,0.19677038490772247
1,1,0.9966241121292114
1,1,0.6345856189727783
0,0,0.009937981143593788
0,0,2.1997582734911703e-05
0,0,0.06600233167409897
1,1,0.9674953818321228
0,1,0.9223653078079224
1,0,0.02194327488541603
1,1,0.9999998807907104
0,0,0.0004559215740300715
0,0,0.03783469647169113
1,1,0.8705296516418457
1,1,0.9133722186088562
1,1,0.999580442905426
1,1,0.9900145530700684
1,0,0.22098661959171295
1,1,0.9679506421089172
1,1,0.9998607635498047
1,1,0.9982438087463379
1,1,0.9499159455299377
1,1,0.9973976612091064
1,1,0.8959488868713379
1,1,0.9995237588882446
0,1,0.9398311972618103
0,0,0.3988322615623474
1,1,0.9984517097473145
1,1,0.9995218515396118
1,1,0.9935024380683899
0,0,0.041456542909145355
1,0,0.05464582517743111
0,0,0.014308984391391277
1,1,0.9999873638153076
1,1,0.9998688697814941
0,0,0.16822919249534607
1,1,0.9999998807907104
1,1,0.9985625147819519
0,0,0.0011180829023942351
0,0,0.0065380968153476715
1,1,0.9979859590530396
1,1,0.999991774559021
1,1,0.9999216794967651
1,1,0.8744825720787048
1,1,0.997622549533844
0,0,0.011606914922595024
1,1,0.9700627326965332
1,1,0.8990575671195984
0,0,0.0020656746346503496
1,1,0.952239453792572
0,1,0.5973647236824036
1,1,0.9995738863945007
0,0,0.0904402807354927
0,0,0.06272387504577637
1,1,0.9956727027893066
1,0,0.20018193125724792
0,0,0.0027120148297399282
1,1,0.7046505212783813
0,0,0.20641426742076874
0,0,0.005727231968194246
1,1,0.9999597072601318
1,1,0.8405857086181641
0,0,0.009038626216351986
0,0,0.009680917486548424
0,0,0.007278254255652428
0,0,0.016393419355154037
1,1,0.9998583793640137
0,0,0.05315972492098808
0,0,0.007262158673256636
0,0,0.010971258394420147
0,0,0.008238127455115318
1,1,0.9977995753288269
0,0,0.17316877841949463
0,0,0.016030456870794296
1,1,0.5248277187347412
1,1,0.9208977818489075
0,0,0.020698528736829758
0,0,0.00021589445532299578
1,1,0.9958714842796326
1,1,0.9978839755058289
0,0,0.04138869047164917
0,0,0.006298026069998741
1,1,0.91983962059021
0,1,0.8048950433731079
0,0,0.10999606549739838
0,1,0.9499274492263794
0,0,0.0031098241452127695
1,1,0.9993377327919006
1,1,0.8914858102798462
0,0,0.01096391398459673
0,0,8.587673801230267e-05
0,0,0.003435330931097269
0,0,0.08460771292448044
0,1,0.7295833826065063
0,0,0.0002457951777614653
1,1,0.968432605266571
0,0,0.1425919234752655
0,0,0.010962906293570995
0,0,9.985049837268889e-05
0,0,0.05317053943872452
1,0,0.369357168674469
0,0,0.4009481966495514
0,0,0.17159520089626312
0,0,0.029885202646255493
0,0,0.0021179828327149153
0,0,0.04379742220044136
0,1,0.582517683506012
0,0,0.014157649129629135
0,0,0.32680654525756836
1,1,0.9997023940086365
0,0,0.0034199627116322517
0,0,6.288404256338254e-05
0,0,0.07095367461442947
0,0,0.2858455777168274
0,0,4.038501444370013e-08
0,0,0.06027949973940849
0,1,0.5504280924797058
1,0,0.13928882777690887
0,0,0.0003979578905273229
1,1,0.900201141834259
0,0,0.038528479635715485
1,0,0.40857261419296265
0,1,0.9593428373336792
0,0,0.014145071618258953
1,1,0.8693859577178955
1,1,0.9909419417381287
1,1,0.9990801811218262
1,1,0.9567070007324219
1,1,0.9752943515777588
0,0,0.11331339925527573
1,1,0.9989219903945923
1,1,0.9853677153587341
0,0,0.0322767049074173
1,1,0.9876918196678162
1,1,0.9955165982246399
1,1,0.9968365430831909
1,1,0.9999943971633911
1,1,0.9768809080123901
1,1,0.9999672174453735
0,0,3.390283745829947e-05
1,1,0.9905430674552917
0,0,0.010138840414583683
1,1,0.9983408451080322
0,1,0.8158124089241028
1,1,0.9995362758636475
1,1,0.9984663724899292
1,1,0.9936949610710144
0,0,0.49917393922805786
1,1,0.9999421834945679
1,1,0.9999772310256958
1,1,0.9615549445152283
0,0,9.380897267874388e-07
1,1,0.989500105381012
0,0,0.16484442353248596
0,0,0.00013255214435048401
1,1,0.9518823623657227
1,1,0.9999998807907104
0,0,0.0012402961729094386
0,0,0.007329978048801422
1,1,0.8443729281425476
1,1,0.9961375594139099
0,0,7.207947055576369e-05
1,0,0.2783620357513428
0,0,0.06408105790615082
0,0,0.1293899565935135
1,1,0.9525721073150635
0,0,0.05224728584289551
1,1,0.9325817227363586
0,0,0.040638577193021774
1,1,0.9655073881149292
1,1,0.983746349811554
1,1,0.9684339761734009
1,1,0.905456006526947
1,0,0.4070400595664978
1,1,0.9892365336418152
1,1,0.989876925945282
0,0,0.0003059646696783602
1,1,0.991510272026062
1,1,0.9991359114646912
0,1,0.8513559699058533
1,1,0.999976634979248
1,1,0.947272002696991
0,0,4.191038169665262e-05
1,1,0.999783456325531
0,0,0.32458043098449707
1,1,0.8961257338523865
0,1,0.5407689809799194
1,1,0.8242531418800354
1,1,0.998785674571991
0,0,5.806669491903449e-07
0,0,5.778848935733549e-05
1,1,0.9911569356918335
1,1,0.9988625049591064
0,0,0.020772414281964302
1,0,0.3900386393070221
1,1,0.8355320692062378
0,0,0.005260205827653408
1,1,0.997018575668335
0,0,0.0015260253567248583
0,0,0.020508646965026855
1,1,0.9921888113021851
1,1,0.7384408116340637
1,1,0.9999426603317261
1,1,0.9662566184997559
0,0,0.009148905985057354
1,1,0.9986652135848999
1,1,0.9545584321022034
1,1,0.9805011749267578
0,0,0.03982510790228844
0,0,0.008302203379571438
1,1,0.9999991655349731
1,1,0.999990701675415
1,1,0.9751074910163879
1,1,0.9417037963867188
1,1,0.9999953508377075
1,1,0.9999756813049316
1,1,0.9999998807907104
0,0,0.3030494451522827
1,1,0.9999186992645264
1,1,0.999987006187439
0,0,0.2074391394853592
0,0,0.00048781876103021204
0,0,0.0029377606697380543
0,0,0.013164644129574299
0,0,0.02811664342880249
1,1,0.992194414138794
0,1,0.9194799661636353
0,0,0.047437604516744614
0,0,0.0036028053145855665
1,1,0.9166938662528992
1,1,0.9996311664581299
0,0,0.25385576486587524
1,1,0.9999847412109375
0,0,0.18035340309143066
1,0,0.33630943298339844
0,1,0.8313422799110413
1,0,0.2742004096508026
1,1,0.9570549726486206
1,1,0.7949057221412659
0,0,0.2132708579301834
1,1,0.9905486702919006
1,1,0.6693567037582397
0,1,0.5488962531089783
0,1,0.8960565328598022
1,1,0.9999964237213135
1,1,0.9965134263038635
1,1,0.98795086145401
1,0,0.3723611831665039
1,1,0.9868116974830627
1,1,0.9631721377372742
1,1,0.9874356985092163
0,0,0.3081313371658325
1,1,0.9948182702064514
1,1,0.9999057054519653
1,1,0.7187992334365845
1,1,0.9838882684707642
0,1,0.6085368394851685
0,0,0.14185181260108948
1,1,0.9746357202529907
0,0,0.12517409026622772
1,1,0.9617065787315369
1,1,0.9994112253189087
1,1,0.981801450252533
0,0,0.005524895619601011
1,1,0.9634378552436829
0,0,0.13234218955039978
1,1,0.999579131603241
0,0,5.338725713954773e-06
0,0,0.47967761754989624
0,0,0.08251138776540756
0,0,0.0005824415711686015
0,0,0.36819374561309814
0,0,0.011442865245044231
1,1,0.9999070167541504
1,1,0.9999037981033325
1,1,0.9835271239280701
0,0,0.3660230338573456
0,0,0.035989705473184586
1,1,0.9978925585746765
0,0,0.12653414905071259
0,0,0.03960498794913292
1,1,0.9869378805160522
1,1,0.952241837978363
1,1,0.9999988079071045
0,0,0.3904699385166168
1,1,0.9975935816764832
1,1,1.0
0,0,0.002247777534648776
0,0,0.003190212184563279
0,0,0.09039508551359177
1,1,0.9538610577583313
1,1,0.9900146722793579
0,0,0.018990017473697662
1,1,0.9995373487472534
0,0,0.005005180835723877
1,1,0.9957956075668335
1,1,0.9999945163726807
1,0,0.2023402452468872
1,1,0.9999812841415405
0,0,0.00037235699710436165
1,1,0.9907662868499756
1,1,0.9913895726203918
1,1,0.7604509592056274
1,1,0.9999203681945801
1,1,0.9999945163726807
1,1,0.998356282711029
1,1,0.9985212683677673
1,1,0.9997246861457825
1,1,0.9999980926513672
0,0,0.04339106008410454
0,0,0.007526044733822346
0,0,2.7095698897028342e-05
0,0,0.1391051709651947
1,1,0.8689330220222473
1,0,0.2812599539756775
0,1,0.7591100335121155
1,1,0.9987874627113342
1,1,0.9999655485153198
1,1,0.9999877214431763
1,1,0.9999979734420776
0,0,0.0007824479253031313
0,0,0.024660829454660416
1,1,0.9999988079071045
0,1,0.6160829663276672
0,0,0.07699764519929886
0,0,0.055140651762485504
1,1,0.9932931661605835
0,0,0.041256941854953766
1,1,0.5504968166351318
0,0,2.3156891984399408e-05
0,1,0.6937074065208435
0,1,0.504302442073822
0,0,0.004049208015203476
0,0,0.03151585906744003
0,1,0.7138056755065918
0,0,0.007228177040815353
1,1,0.7616595029830933
0,0,4.676372554968111e-05
0,0,0.0001703205198282376
1,1,0.9944320321083069
1,1,0.9972212314605713
1,1,0.996574878692627
1,1,0.999667763710022
1,0,0.2827431857585907
0,0,0.1479237824678421
0,0,0.2940046489238739
0,0,0.004247266333550215
0,0,0.0001463536755181849
1,1,0.9592273235321045
1,0,0.23740489780902863
0,1,0.5509099960327148
1,1,0.9999974966049194
0,1,0.6140550971031189
1,1,0.9949080348014832
1,1,0.9999985694885254
0,0,0.0027369733434170485
1,1,0.9531513452529907
0,1,0.8240035176277161
1,1,0.8840456008911133
1,0,0.3420434892177582
1,1,0.864249050617218
0,0,0.20241597294807434
1,1,0.9988371729850769
1,1,0.999708354473114
1,1,0.9750486612319946
1,1,0.9915888905525208
1,1,0.9999996423721313
1,1,0.9839676022529602
1,0,0.29995667934417725
0,0,0.0030175091233104467
1,1,0.9999998807907104
0,1,0.9844143390655518
0,0,0.19070938229560852
0,0,0.0003708068106789142
0,0,0.0019444876816123724
0,0,0.0041113016195595264
1,1,0.999439537525177
1,1,0.9760810136795044
1,1,0.7284390330314636
0,0,0.006996069103479385
0,0,0.04945743829011917
1,1,0.9998190999031067
1,1,0.9825604557991028
1,1,0.9932432770729065
0,0,0.057486459612846375
1,1,0.9980351328849792
1,1,0.7697222232818604
1,1,0.9546642303466797
1,0,0.2059677392244339
1,1,0.9995738863945007
0,0,0.04878905415534973
0,0,0.025885269045829773
0,0,0.006207987200468779
0,0,0.04586685821413994
1,1,0.9724905490875244
1,1,0.9003601670265198
1,1,0.999872088432312
1,1,0.984716534614563
1,1,0.9448774456977844
1,1,0.9904500842094421
1,1,0.9876967072486877
1,1,0.9965415596961975
0,0,0.05199028179049492
0,0,0.0003414308885112405
1,1,0.9949111342430115
1,1,0.6427558660507202
0,0,0.07050539553165436
1,1,0.9609786868095398
0,0,0.0023207413032650948
1,1,0.991273820400238
0,1,0.9273340106010437
1,1,0.9962316155433655
0,1,0.947965681552887
0,1,0.918109655380249
1,1,0.9920823574066162
1,1,0.7372920513153076
0,0,0.2611636817455292
1,1,0.9998377561569214
1,1,0.8624054193496704
0,0,0.08226906508207321
0,0,0.00021390039182733744
1,1,0.9635030031204224
0,0,0.23051923513412476
1,1,0.872191309928894
1,1,0.9755874276161194
1,0,0.3990965187549591
0,0,0.0027449396438896656
0,0,0.004901910666376352
0,0,0.17701932787895203
0,0,0.005167441442608833
0,0,0.0010981978848576546
0,0,0.017095450311899185
0,0,0.05340981483459473
1,1,0.9774787425994873
0,0,5.517803436383417e-10
1,1,0.9996125102043152
1,1,0.9902567863464355
1,1,0.9960228204727173
1,1,0.9994238615036011
0,0,0.00019087266991846263
1,1,0.9663660526275635
0,0,0.35307490825653076
1,1,0.999993085861206
0,0,0.3664301037788391
1,1,0.8556208610534668
0,0,0.021867988631129265
1,1,0.9872467517852783
1,1,0.9824891090393066
1,1,0.6669438481330872
1,1,0.9986886382102966
1,1,0.9999991655349731
1,1,0.9878195524215698
1,1,1.0
0,0,0.0653393343091011
0,0,0.05189960449934006
1,0,3.7680081732105464e-05
1,1,0.999992847442627
1,1,0.9666185975074768
1,1,0.8424601554870605
1,1,0.9929662942886353
1,1,0.9972174167633057
0,0,8.573211744078435e-06
0,0,0.37797847390174866
1,1,0.9439005851745605
0,0,0.01940726488828659
0,0,0.005391579587012529
0,0,0.45188048481941223
1,0,0.44922876358032227
1,1,0.9864365458488464
1,1,0.6176155209541321
0,1,0.6075375080108643
0,0,0.0005639236187562346
1,1,0.93308025598526
0,0,0.34069374203681946
0,0,0.0061868480406701565
0,0,0.01852608285844326
1,1,0.951300859451294
0,0,0.005798668600618839
0,0,0.004191675689071417
0,0,0.029089437797665596
0,0,0.3178074061870575
1,1,0.9904409646987915
1,1,0.9595973491668701
1,1,0.9797936081886292
0,0,0.00015253195306286216
0,0,0.024215850979089737
1,1,0.979462206363678
1,1,0.9995470643043518
0,0,0.17407406866550446
1,1,0.9913797378540039
0,0,0.0013474866282194853
1,1,0.9976378679275513
1,1,0.9983280301094055
0,0,0.002358984900638461
1,0,0.06611265987157822
1,1,0.9897294044494629
1,1,0.9914372563362122
0,0,0.11099030077457428
1,1,0.9336204528808594
0,0,0.41008827090263367
0,0,0.07058043777942657
1,1,0.7963584065437317
0,0,0.08265133947134018
0,0,0.12967802584171295
0,0,0.002054734854027629
1,1,0.816997766494751
0,0,0.006848699413239956
1,1,0.9987643957138062
1,1,0.9978410005569458
1,1,0.9997923970222473
0,0,0.007803000975400209
1,0,0.46558672189712524
1,1,0.9990878105163574
1,1,0.9973573088645935
1,1,0.9887633323669434
1,1,0.6763983964920044
1,1,0.956748902797699
1,1,0.9999226331710815
0,0,0.056164227426052094
1,1,0.9986483454704285
1,1,0.9897533655166626
1,1,0.9958772659301758
0,0,0.44200146198272705
0,0,0.012778152711689472
1,1,0.9004027843475342
0,0,0.19782143831253052
0,0,0.013268779031932354
0,0,0.014263814315199852
1,1,0.8103406429290771
0,0,0.0006861825240775943
1,1,1.0
0,0,0.004043371882289648
1,1,0.9959954023361206
1,1,0.9990342855453491
1,1,0.9983029365539551
1,1,0.9921051263809204
1,0,0.3075808882713318
1,1,0.9999992847442627
0,0,0.03722443804144859
0,0,0.0004429133259691298
0,0,0.04118672385811806
0,0,0.037346869707107544
1,1,0.9985405206680298
1,0,0.11855866760015488
1,1,0.8810535669326782
1,1,0.9974706172943115
0,0,0.029369305819272995
0,0,0.2422686666250229
1,1,0.9992228746414185
0,0,0.0002886950387619436
0,0,0.11885315179824829
1,0,0.30146026611328125
1,1,0.8214734792709351
0,0,0.001873202621936798
0,0,0.0004226772580295801
0,0,0.005430665798485279
0,1,0.6605976819992065
0,0,0.08010376244783401
0,0,0.0361112542450428
0,0,0.01715005375444889
0,0,0.00020989369659218937
0,0,0.025916334241628647
0,0,0.12975415587425232
0,0,0.062432169914245605
0,0,0.005029134452342987
0,0,0.3537825047969818
0,0,0.04729040712118149
0,0,0.12443074584007263
1,1,0.9033784866333008
1,1,0.9902588129043579
0,0,0.2809041738510132
0,0,0.3138071894645691
0,0,0.006406203377991915
1,0,0.15039563179016113
0,0,0.0037825831677764654
0,0,0.08982295542955399
0,0,0.016460763290524483
1,1,0.6084534525871277
0,0,1.7981563360081054e-05
0,0,8.140523277688771e-06
1,0,0.48365136981010437
0,0,0.013676767237484455
0,1,0.8316968679428101
1,0,0.16352888941764832
0,1,0.5390926003456116
0,0,0.1771761029958725
0,0,0.002936679869890213
0,0,0.00018055987311527133
0,0,0.004807830788195133
0,0,0.3391300439834595
0,0,0.01779692806303501
0,0,0.024823740124702454
0,0,0.010041124187409878
0,0,0.020723799243569374
0,0,0.01438111998140812
0,0,4.911471114610322e-05
1,1,0.5510218739509583
1,1,0.9893956780433655
0,0,0.022572258487343788
0,0,0.32804977893829346
0,0,0.11355458945035934
0,0,0.18871404230594635
1,1,0.8942101001739502
0,0,0.002027701586484909
1,1,0.9937371015548706
0,0,0.03467793017625809
0,0,0.003978727385401726
0,0,0.014627087861299515
0,0,0.002881621941924095
0,0,0.0030975451227277517
0,0,0.023166146129369736
1,1,0.5684714913368225
1,1,0.9972833395004272
0,0,0.0031679917592555285
0,0,0.008225992321968079
1,1,0.9999529123306274
1,1,0.9997909665107727
0,0,0.0005332438158802688
0,0,0.0037639045622199774
0,0,1.3056576335657155e-06
0,0,0.0036825952120125294
0,0,0.12776504456996918
0,0,0.14870119094848633
1,1,0.9608915448188782
1,1,0.96297687292099
0,0,0.0070173852145671844
0,1,0.9790413975715637
0,0,0.005728850141167641
1,0,0.3351609408855438
1,1,0.5560377836227417
0,0,0.31534257531166077
0,0,0.004392728675156832
1,1,0.9796501398086548
1,1,0.9986411929130554
1,1,0.9981740713119507
0,0,0.18685735762119293
0,0,0.0018422524444758892
1,1,0.9985744953155518
0,0,0.00887836329638958
0,1,0.9835386276245117
0,0,0.018947552889585495
0,0,0.2216567099094391
1,0,0.15339000523090363
1,1,0.7361453771591187
0,0,0.007448266260325909
1,1,0.519076943397522
0,0,0.0390499085187912
0,0,0.001542224083095789
1,0,0.37188881635665894
1,0,0.3412105441093445
1,1,0.9999997615814209
1,1,0.8901481032371521
1,1,0.9882205724716187
0,0,0.08012880384922028
0,0,0.0555865503847599
0,0,0.068424291908741
0,0,0.009009144268929958
0,0,0.0012870646314695477
0,0,0.006602241192013025
0,0,0.025118138641119003
0,0,0.0039058728143572807
0,0,0.3529103398323059
0,0,0.0007239089463837445
0,0,0.04537492245435715
1,1,0.9960428476333618
0,0,0.005943099968135357
1,1,0.6791982054710388
1,0,0.4800056219100952
0,0,0.0067435260862112045
0,0,0.0199932549148798
0,0,0.0007258988916873932
0,0,0.0025660928804427385
1,1,0.992403507232666
1,1,0.9801967144012451
0,0,0.07251907140016556
1,1,0.9976333379745483
1,1,0.8306174874305725
1,1,0.9974930286407471
0,0,0.02911049872636795
1,1,0.9276724457740784
1,1,0.689298689365387
0,0,0.0006124556530267
1,0,0.0200409647077322
1,1,0.8217069506645203
1,1,0.9657851457595825
0,0,0.2573489844799042
1,1,0.9979223608970642
1,1,0.9958441853523254
1,1,0.895449161529541
0,0,0.030285362154245377
1,1,0.997404158115387
1,1,0.7379335165023804
1,1,0.9999144077301025
1,1,0.6012275218963623
1,1,0.9965997338294983
1,1,0.999813973903656
1,1,0.7158514261245728
1,1,0.9538550972938538
1,1,0.9966411590576172
1,1,0.8869783282279968
1,1,0.9082314968109131
0,1,0.6470193266868591
1,1,0.9927419424057007
1,1,0.9700493812561035
1,1,0.9997124075889587
1,1,0.9999589920043945
1,1,0.9198447465896606
1,1,0.9604501128196716
0,0,0.10119673609733582
0,0,0.003568702843040228
1,1,0.8869031071662903
1,1,0.9868243336677551
1,1,0.9870748519897461
1,1,0.8087264895439148
0,0,0.007828345522284508
1,1,0.7872390151023865
1,1,0.5723094940185547
1,1,0.9990899562835693
1,1,0.9869250059127808
0,0,0.017081545665860176
0,0,0.0008703649509698153
1,1,0.9971877932548523
0,0,0.0004482356598600745
0,1,0.9154767990112305
1,1,0.9995075464248657
0,0,0.11338413506746292
0,0,0.011545773595571518
1,0,0.16760246455669403
0,0,0.10108348727226257
1,1,0.9999978542327881
1,1,0.9999860525131226
0,0,0.07405239343643188
1,1,0.9256508350372314
0,0,0.005259854253381491
1,1,0.9998559951782227
0,0,0.00034615673939697444
1,1,0.8784330487251282
1,1,0.9992364645004272
1,1,0.5937321186065674
1,0,0.091431625187397
0,0,0.05731237679719925
1,1,0.9768785834312439
1,1,0.9999797344207764
0,0,0.0013250632910057902
1,1,0.9811052680015564
0,0,0.028669435530900955
1,1,0.7955831289291382
1,0,0.17000062763690948
1,0,0.21862386167049408
0,0,0.004069225396960974
0,0,0.001524090999737382
1,1,0.9805667996406555
1,1,0.9509634375572205
1,1,0.6101084351539612
1,1,0.9512823820114136
0,0,0.022319545969367027
1,1,0.8936113715171814
1,1,0.9499528408050537
1,1,0.6083526611328125
1,1,0.9526315927505493
1,1,0.7703259587287903
1,1,0.9859720468521118
1,1,0.9738934636116028
1,1,0.846588134765625
0,0,0.011733685620129108
1,1,0.9864736795425415
0,0,0.09373362362384796
0,0,0.002715773181989789
0,0,0.006150336470454931
0,0,0.17330366373062134
1,1,0.9657293558120728
1,1,0.9585494995117188
0,0,0.0016916823806241155
1,1,0.872462272644043
1,0,0.47435125708580017
1,1,0.9809858202934265
1,1,0.9974162578582764
1,1,0.9578601717948914
0,0,0.10104569047689438
1,1,0.953960120677948
1,1,0.9767143726348877
1,1,0.9294803142547607
0,1,0.6687507033348083
1,1,0.9772419929504395
1,1,0.9996423721313477
0,0,0.25909554958343506
0,0,0.024873634800314903
1,1,0.9999325275421143
0,0,0.003804577514529228
0,0,0.0009211048600263894
1,1,0.9932604432106018
0,0,9.760789907886647e-06
1,1,0.9979428648948669
0,0,6.485624908236787e-05
1,1,0.985617458820343
0,0,0.17875975370407104
0,0,0.022558636963367462
1,1,0.9975014328956604
1,1,0.9994890689849854
0,1,0.6726943850517273
1,1,0.9999665021896362
1,1,0.9992565512657166
0,0,0.08328308910131454
0,0,0.015480163507163525
1,1,0.9363862872123718
1,1,0.9687032699584961
1,1,0.9820674657821655
0,1,0.783894419670105
1,0,0.12188322097063065
1,1,0.998683750629425
1,0,0.04293217882514
1,1,0.5269157886505127
0,0,0.004541077651083469
1,1,0.9987353682518005
1,1,0.5387017726898193
1,1,0.9942031502723694
0,0,0.018971003592014313
0,0,0.01675647497177124
0,0,0.12272590398788452
1,1,0.9864363074302673
0,0,0.027766702696681023
1,0,0.4585890471935272
0,0,0.09540583193302155
0,0,1.5670614805785021e-10
1,1,0.519274115562439
0,0,0.003569012973457575
0,0,0.08376988023519516
0,0,0.005907528568059206
1,1,0.9579365253448486
0,0,0.004428504034876823
0,0,0.11862979829311371
1,1,0.976168692111969
1,1,0.8647322654724121
1,1,0.9999128580093384
0,0,0.011847224086523056
0,0,0.003152258927002549
0,1,0.5240894556045532
1,1,0.6950382590293884
0,0,4.059731509187259e-06
0,0,0.030343838036060333
0,0,0.009685196913778782
0,0,6.017296982463449e-06
0,0,0.037104103714227676
0,0,0.1410163789987564
1,0,0.34544914960861206
0,0,0.012626673094928265
1,0,0.037375692278146744
1,1,0.9493106007575989
1,1,0.9992671608924866
0,0,0.006573481485247612
0,0,0.01134053897112608
1,1,0.9536206722259521
0,0,0.00601706700399518
1,1,0.9337819814682007
0,1,0.5939840078353882
0,0,0.01653255708515644
1,1,0.9995131492614746
0,0,0.2435520589351654
1,1,0.9286636710166931
0,0,0.035199716687202454
0,0,0.3368595540523529
1,1,0.9308406114578247
0,0,0.3084096312522888
0,0,0.08388534188270569
1,0,0.023570628836750984
1,1,0.9997779726982117
0,0,8.389861818614008e-07
1,1,0.9987922310829163
0,0,0.010050000622868538
1,1,0.9535889029502869
0,0,4.543702016235329e-05
0,0,0.0033070133067667484
0,0,0.04394611716270447
1,1,0.579012393951416
1,1,0.9970683455467224
1,1,0.8035328388214111
1,1,0.8638190627098083
1,1,0.5907548666000366
0,0,0.13123492896556854
0,0,0.3573945462703705
1,1,0.8669533133506775
1,1,0.9871242046356201
0,0,0.013303935527801514
1,1,0.9885467290878296
0,0,0.0029496834613382816
0,0,0.09676191955804825
1,1,0.9960924983024597
0,0,0.0376458615064621
1,0,0.07899400591850281
0,0,0.05770525336265564
0,0,0.15711495280265808
1,1,0.8898897767066956
1,1,0.9578466415405273
1,1,0.796355664730072
0,0,0.14348767697811127
1,1,0.9983590245246887
1,1,0.8994859457015991
0,0,0.04586068168282509
0,0,0.010253139771521091
1,0,0.2530956268310547
0,0,0.0012437085388228297
0,0,0.013339047320187092
0,0,0.14193812012672424
0,0,0.0019341311417520046
1,1,0.919487714767456
1,1,0.990067720413208
0,0,0.138840913772583
1,0,0.07573471963405609
0,0,0.02391006425023079
1,1,0.989636242389679
0,1,0.5358896255493164
0,0,0.05543928220868111
0,0,0.09026695787906647
1,1,0.6044281721115112
0,0,0.000915898650418967
0,0,0.20248498022556305
1,1,0.5291764140129089
1,1,0.8465575575828552
1,1,0.9072470664978027
0,1,0.5009806156158447
0,0,0.01329649519175291
0,0,0.0007629370084032416
1,1,0.9983507394790649
0,1,0.6573304533958435
0,0,0.14297199249267578
1,1,0.5793336033821106
0,0,0.00902592483907938
0,0,0.00836167111992836
1,0,0.44038400053977966
0,0,0.4162256419658661
1,0,0.06444191187620163
0,1,0.9954128861427307
0,0,0.24860161542892456
0,0,0.014645512215793133
0,0,0.4814591407775879
0,0,0.0373292937874794
1,0,0.2517654597759247
1,1,0.9395208954811096
0,0,7.548403004875581e-07
0,0,0.0012135434662923217
1,1,0.9442615509033203
0,0,0.009626435115933418
0,0,0.04659024253487587
0,0,0.0216335728764534
0,0,0.14220856130123138
0,0,0.16794924437999725
0,0,0.05673903226852417
0,0,0.011366760358214378
0,0,0.12918274104595184
1,0,0.15562832355499268
0,0,0.36925172805786133
0,0,0.018780501559376717
0,0,1.2626726920983433e-11
0,0,0.01581743359565735
0,0,9.512834822089644e-07
0,1,0.7925421595573425
0,0,0.21180863678455353
0,0,0.01118963211774826
0,0,0.4839012324810028
0,0,0.010088372975587845
0,0,4.931784133077599e-06
0,1,0.7434518933296204
0,0,1.6309903116962232e-07
1,1,0.5206325650215149
1,1,0.9870761036872864
1,1,0.9999706745147705
1,1,0.9999754428863525
1,1,0.9855925440788269
0,0,1.6355214029317722e-05
1,1,0.9852075576782227
0,0,0.033473510295152664
1,1,0.9128972291946411
1,0,0.00468019861727953
1,1,0.9997239708900452
1,1,0.977395236492157
0,0,0.00596745777875185
1,1,0.9625605940818787
1,1,0.9764156937599182
1,1,0.9999829530715942
1,1,0.9997965693473816
0,0,0.00156189885456115
1,1,0.999651312828064
1,1,0.9239094257354736
1,1,0.9909231066703796
1,1,0.9961366057395935
1,1,0.9982307553291321
1,1,0.9661017060279846
1,1,0.9969735145568848
1,1,0.9990096092224121
1,1,0.9972701668739319
1,1,0.8713927865028381
1,1,0.999091625213623
1,1,0.9969204664230347
1,1,0.996431827545166
1,1,0.9999663829803467
1,1,0.9842341542243958
1,1,0.9999972581863403
1,1,0.9999853372573853
0,0,0.0034769237972795963
1,1,0.9965059757232666
0,0,0.303642213344574
1,1,0.6432250738143921
1,1,0.9053410887718201
1,1,1.0
1,1,0.9681169986724854
0,0,0.24207741022109985
1,1,0.9970300197601318
1,1,0.9560613036155701
1,1,1.0
1,1,0.9998770952224731
1,1,0.7451737523078918
1,1,0.9216299653053284
1,1,0.9988183379173279
0,0,0.21906182169914246
0,1,0.8335126638412476
1,1,0.9999768733978271
0,0,0.22569411993026733
0,0,0.008431180380284786
1,1,0.9627401232719421
1,1,0.9999537467956543
1,1,0.9999998807907104
0,0,0.00011059356620535254
1,1,0.8275086879730225
1,1,0.9968269467353821
1,1,0.9978558421134949
0,0,0.22791528701782227
1,1,0.912206768989563
1,1,0.9981973767280579
1,1,0.9998745918273926
0,0,0.09603916853666306
0,0,0.004568899516016245
0,0,2.9971922685945174e-06
1,1,0.9998736381530762
0,1,0.5288658738136292
1,1,0.9965447783470154
1,1,1.0
0,0,0.0009192667785100639
1,1,0.9917425513267517
1,1,0.9989342093467712
1,1,0.9997685551643372
0,0,0.0038417100440710783
1,1,0.9995856881141663
1,1,0.9452136158943176
1,1,0.9869692325592041
1,1,0.9988061189651489
1,1,0.7759509086608887
1,1,0.9514874219894409
1,1,0.9999840259552002
1,1,0.8430771827697754
1,1,0.9999977350234985
0,0,0.005190340802073479
0,0,3.6334026276563236e-07
0,0,0.06319038569927216
0,0,5.827709537697956e-05
0,0,0.08077452331781387
0,0,0.23212991654872894
0,1,0.9195324778556824
0,0,0.09557106345891953
0,1,0.7036896347999573
1,1,0.901789665222168
0,1,0.5974735021591187
1,1,0.9543106555938721
1,1,0.9994408488273621
1,1,0.990838348865509
1,0,0.4416794776916504
1,1,0.9966263771057129
1,1,0.9852846264839172
1,1,0.8392999768257141
1,1,0.9965543746948242
0,0,0.08613789081573486
1,1,0.982732892036438
1,1,0.9809713959693909
1,1,0.9886665344238281
0,0,0.00012539071030914783
1,1,0.9195741415023804
0,0,5.997365224175155e-05
1,1,1.0
1,1,0.85625159740448
0,0,0.0012590248370543122
1,1,0.9984696507453918
0,0,0.03265758976340294
0,0,0.006906277500092983
0,0,0.026296282187104225
0,0,0.15411096811294556
0,0,0.009473909623920918
0,1,0.9219849109649658
0,1,0.6661251187324524
0,0,0.028355835005640984
1,1,0.9929064512252808
0,0,0.025952227413654327
1,1,0.9999998807907104
0,0,0.38146084547042847
1,1,0.9467629790306091
1,1,0.9212130904197693
0,1,0.5871292352676392
0,0,0.009033609181642532
0,0,5.259143120994736e-10
1,1,0.8229014277458191
1,0,0.34796077013015747
0,0,0.0012236760230734944
0,0,0.2732204496860504
0,0,0.0034764509182423353
0,0,0.0014404585817828774
0,0,0.00760484766215086
0,0,4.7045286919455975e-06
0,0,0.01657893694937229
0,1,0.5009264349937439
0,0,0.00758839026093483
0,0,0.03501467406749725
0,0,0.002976615447551012
1,1,0.9966639876365662
0,0,0.0008688609814271331
0,0,0.01162001769989729
0,0,0.07499990612268448
0,0,0.007058743387460709
0,1,0.9999185800552368
0,0,0.46272632479667664
0,0,0.03874748945236206
0,0,0.04083515331149101
0,0,0.007267155684530735
0,0,0.0007275850512087345
1,1,0.981083333492279
0,0,1.2893899281607446e-08
0,0,0.019403759390115738
0,0,0.18821516633033752
0,0,0.00015359358803834766
1,0,0.09638651460409164
0,0,0.06712423264980316
0,0,1.6039904949138872e-05
0,0,6.770374511688715e-06
0,0,0.015417023561894894
0,0,0.1397753357887268
0,0,0.00926299300044775
0,0,0.06020461767911911
0,0,0.49372103810310364
0,0,0.025965793058276176
0,0,0.002680062549188733
0,0,0.006190143991261721
0,0,0.08358434587717056
0,0,0.006565841380506754
0,0,0.00963660143315792
0,0,0.002064439468085766
0,0,0.006678433157503605
0,0,0.016382096335291862
0,0,9.345224680146202e-05
0,0,0.0015391235938295722
0,0,0.0005706223892048001
0,0,0.024357404559850693
0,0,0.010618818923830986
0,0,0.005625885911285877
0,0,0.039627887308597565
0,0,0.0006032331148162484
0,0,0.28904423117637634
0,0,0.019518615677952766
0,0,0.0010442754719406366
0,0,0.07293305546045303
0,0,0.0003329354804009199
0,0,0.019399654120206833
0,0,0.10244540870189667
0,0,0.0648229643702507
0,0,0.011176502332091331
0,0,0.0008559051784686744
0,1,0.6543701887130737
0,0,0.09261490404605865
0,0,0.011195389553904533
0,1,0.8264849185943604
0,0,0.04093656688928604
0,0,0.014764937572181225
0,0,0.02120564505457878
0,0,0.007309210021048784
1,0,0.31856247782707214
1,0,0.37957659363746643
0,0,0.013143140822649002
0,0,0.007463963236659765
0,0,0.011964372359216213
0,0,0.019396066665649414
0,0,0.018718667328357697
1,1,0.9956159591674805
0,0,0.012262644246220589
0,0,0.014829885214567184
1,1,0.9999738931655884
0,0,0.018956733867526054
0,0,0.13493572175502777
0,0,0.0022006721701472998
0,0,0.030634667724370956
0,0,1.0288561497873161e-05
1,1,0.8173216581344604
0,0,0.02490735426545143
1,1,0.9903811812400818
0,0,0.14977450668811798
0,0,0.0005132828373461962
1,1,0.9346842765808105
0,0,0.0028756505344063044
0,0,0.01267902459949255
0,0,0.06762491911649704
0,0,0.03468605503439903
0,0,0.006199582014232874
1,1,0.5329399704933167
0,0,0.04193124920129776
0,1,0.6300326585769653
0,0,0.44215303659439087
0,0,0.23534925282001495
0,0,0.06902819871902466
1,1,0.9978786706924438
0,0,0.004974951967597008
0,0,0.0006904648034833372
0,0,0.0012753249611705542
0,0,0.0023579057306051254
0,0,0.00022780796280130744
1,1,0.8204221129417419
1,1,0.9770225286483765
0,0,0.008151424117386341
1,1,0.9865452647209167
1,0,0.14622510969638824
1,1,0.949871301651001
0,0,0.006977688521146774
1,1,0.9822655916213989
1,1,0.9861865043640137
1,1,0.9975870847702026
0,0,0.004993205424398184
1,0,0.1134386956691742
1,1,0.998163640499115
0,0,0.0003427666088100523
0,0,0.08054834604263306
1,1,0.6474894881248474
0,0,0.02504122070968151
1,1,0.9690327048301697
0,0,0.09776478260755539
1,1,0.9980248212814331
0,1,0.9130946397781372
0,0,0.013529054820537567
0,0,0.09300367534160614
0,0,0.003921517636626959
0,0,0.008233951404690742
0,0,0.0023504472337663174
0,0,0.45555034279823303
1,1,0.9999979734420776
0,0,0.00018555471615400165
0,0,0.010186610743403435
1,1,0.9914265871047974
0,0,0.0016176268691197038
0,0,0.016760757192969322
0,0,7.189722964540124e-06
1,1,0.8423787355422974
1,1,0.9776120185852051
0,0,0.00014349885168485343
0,0,2.4247323381132446e-05
1,1,0.9944595098495483
1,1,0.9760158061981201
0,0,0.016994118690490723
0,0,7.841807382646948e-05
0,0,0.05167306587100029
1,1,0.706365168094635
1,1,0.9645081162452698
1,1,0.9990206956863403
0,0,0.49474695324897766
1,0,0.26455503702163696
1,1,0.9126598238945007
1,1,0.9684310555458069
1,1,0.9488345384597778
1,1,0.9999369382858276
0,1,0.6174532175064087
0,0,0.16270935535430908
0,0,0.003561209188774228
1,1,0.6848307251930237
1,1,0.9633826017379761
1,1,0.7562395334243774
1,1,0.985611081123352
0,0,0.21069099009037018
0,0,0.015733513981103897
0,0,0.10711758583784103
1,1,0.993084192276001
1,1,0.6764909625053406
0,0,0.0017079778481274843
1,1,0.9942948222160339
0,0,0.003557544434443116
1,1,0.7626368403434753
0,0,0.10010746121406555
0,0,0.0016563792014494538
1,1,0.9949455857276917
1,1,0.9970397353172302
0,0,0.0015663824742659926
0,0,0.37388020753860474
1,1,0.6488962173461914
1,1,0.9446119070053101
1,1,1.0
0,0,0.37950268387794495
1,1,0.9993207454681396
1,1,0.964806079864502
1,1,0.9975531697273254
1,1,0.9971663355827332
0,0,3.232395948127298e-11
0,0,0.3380320072174072
0,0,0.03600114956498146
0,0,0.006830967962741852
0,1,0.6417184472084045
0,0,0.025215230882167816
1,0,0.3386411964893341
0,0,0.06373506039381027
0,1,0.5625593066215515
0,0,0.022612417116761208
1,0,0.43334805965423584
1,1,0.9536203145980835
1,1,0.9880170822143555
1,1,0.8050081133842468
1,0,0.025148732587695122
0,0,0.08104422688484192
1,1,0.8841996192932129
1,1,0.9914817810058594
1,1,0.9987214207649231
1,1,0.9839720726013184
1,1,0.9631168246269226
0,1,0.5203426480293274
1,1,0.9976880550384521
1,1,0.9955139756202698
1,0,0.12402469664812088
1,1,0.9866819381713867
1,0,0.015737641602754593
1,0,0.3848403990268707
1,1,0.9629862904548645
0,0,0.00013726690667681396
0,0,0.0016378265572711825
1,1,0.9995606541633606
0,0,0.009145833551883698
1,1,0.9992663264274597
0,0,0.0017284678760915995
1,1,0.9995158910751343
1,1,0.9940184354782104
1,1,0.9965344667434692
1,0,0.08120360970497131
1,1,0.9993256330490112
1,1,0.9844105243682861
1,1,0.7555785179138184
0,0,0.0043932292610406876
1,1,0.9999986886978149
1,1,0.9952660799026489
1,1,0.9968580007553101
0,0,0.011451170779764652
0,0,4.673154035117477e-05
1,1,1.0
0,0,0.0052002305164933205
1,1,0.9999381303787231
0,0,0.01810624450445175
0,0,0.019799839705228806
1,1,0.9631649255752563
1,1,0.9978522062301636
1,0,0.05052756518125534
0,0,0.37301018834114075
0,0,0.01737152971327305
1,1,0.9842334389686584
0,1,0.5246251821517944
0,1,0.9355732798576355
1,1,0.8733419179916382
0,0,0.034096695482730865
1,1,0.9967932105064392
1,1,0.9432517886161804
0,0,0.0055062128230929375
0,1,0.9175389409065247
1,1,0.990440845489502
0,0,0.13752588629722595
0,0,0.09253744781017303
1,1,0.9917680025100708
0,0,0.012288261204957962
0,0,0.08515363931655884
1,1,0.9996362924575806
1,1,0.9989616870880127
0,0,0.000619019556324929
1,1,0.9999290704727173
0,0,0.0248134545981884
0,0,8.16477695479989e-05
1,1,0.9996503591537476
0,0,0.0006965873180888593
1,0,0.1945841908454895
1,1,0.9987333416938782
1,1,0.9999635219573975
0,0,0.0003582635836210102
1,1,0.95888751745224
0,0,0.004373384639620781
0,0,0.114228755235672
1,1,0.9605430960655212
0,0,0.0032669617794454098
1,1,0.9918728470802307
1,1,0.9048814177513123
1,1,0.9113129377365112
1,1,0.9005265235900879
1,1,0.895854651927948
1,1,0.6305027604103088
1,0,0.2709159553050995
1,0,0.15847715735435486
1,0,0.24105511605739594
1,1,0.794715940952301
0,0,0.19395045936107635
1,1,0.95747971534729
0,0,0.0029579068068414927
1,1,0.9266124963760376
0,0,0.0006746770814061165
1,1,0.8333359360694885
0,0,0.12832622230052948
0,0,0.002724693389609456
0,0,9.54464862701343e-09
0,0,0.011896785348653793
1,1,0.7754185795783997
1,1,0.9563584327697754
1,1,0.9997251629829407
1,0,0.21793627738952637
1,1,0.9993916749954224
1,1,0.9960164427757263
0,1,0.6547465324401855
1,1,0.9847455620765686
1,0,0.2939203977584839
1,1,0.9575530290603638
0,0,0.017465488985180855
1,1,0.9992638230323792
1,1,0.9989222288131714
1,1,0.9954106211662292
0,0,0.03608917072415352
0,0,2.6960631771544286e-07
0,0,0.0007793835829943419
0,0,0.024769533425569534
1,1,0.898135781288147
0,1,0.8022571206092834
1,1,0.9996742010116577
0,0,0.000474294472951442
1,1,0.9999692440032959
1,1,0.9999715089797974
0,0,0.0011826616246253252
1,1,0.871414840221405
0,0,0.0027254517190158367
1,1,0.9840779304504395
1,1,0.9997914433479309
0,0,0.07421600073575974
0,0,0.0008519681286998093
1,1,0.9698365330696106
0,0,0.010983025655150414
0,0,0.03340353071689606
0,0,0.037905674427747726
0,0,0.04111456871032715
0,0,0.3625752627849579
0,0,0.038886502385139465
0,1,0.9042408466339111
0,1,0.815412700176239
1,1,0.9930853843688965
1,1,0.5630757212638855
1,1,0.9872620701789856
0,0,0.0013144409749656916
1,1,0.5177193284034729
0,0,0.002247572410851717
0,0,0.2091803401708603
0,0,0.01740264892578125
0,0,0.001388583448715508
0,0,0.06143363192677498
0,0,0.24690446257591248
0,0,0.007344028912484646
0,0,0.0001490469730924815
0,0,0.07888472825288773
1,1,0.8501990437507629
0,0,8.932190394261852e-05
1,1,0.9956283569335938
1,1,0.8733063340187073
1,1,0.9730749726295471
1,1,0.9637487530708313
0,0,0.021524518728256226
1,1,0.9981698989868164
0,0,0.0013123281532898545
1,1,0.7742877006530762
1,1,0.9998260140419006
1,1,0.9952854514122009
1,1,0.9985587000846863
1,1,0.9992363452911377
0,1,0.6488322019577026
0,0,0.0001083894821931608
0,0,0.008619877509772778
0,0,0.2847709655761719
0,0,0.0006230215658433735
1,1,0.8236801028251648
1,1,0.851449728012085
0,0,0.006741967983543873
1,1,0.9840407371520996
0,0,4.353990880190395e-05
0,0,5.685084403239671e-08
0,0,0.26148074865341187
0,0,0.03309416398406029
1,1,0.9997894167900085
0,0,0.0019401883473619819
1,1,0.9627031087875366
0,0,0.0025765919126570225
0,1,0.7189560532569885
1,1,0.9868167042732239
1,1,0.9643139839172363
0,0,0.04259239882230759
1,1,0.9997946619987488
1,1,0.9999961853027344
1,1,0.9952303171157837
0,0,0.08129596710205078
0,0,1.1363640624040272e-05
0,0,0.005367565900087357
1,0,0.2191442996263504
1,1,0.9337277412414551
1,1,0.9196052551269531
1,1,0.9997825026512146
1,1,0.9972522854804993
0,0,0.10344784706830978
1,1,0.9137221574783325
1,1,0.9474978446960449
1,1,0.9998998641967773
0,0,0.0009001142461784184
0,0,0.07176049798727036
1,1,0.8928577303886414
0,0,4.816291038878262e-05
0,0,0.006641952786594629
1,1,0.9964448809623718
0,0,0.08773718774318695
0,0,0.00855814479291439
0,0,0.026308083906769753
0,0,0.021292557939887047
1,1,0.6276767253875732
0,0,0.01595156081020832
1,1,0.9978716373443604
1,1,0.9914807081222534
1,1,0.929949939250946
1,1,0.9981537461280823
1,1,0.9855867624282837
0,0,0.020139159634709358
0,0,0.0003573562717065215
1,1,0.9393542408943176
1,1,0.790956974029541
1,1,0.9574506282806396
0,0,0.21677109599113464
0,0,8.167584383045323e-06
0,0,0.022427307441830635
0,0,0.17214283347129822
1,1,0.9988901019096375
0,1,0.9728779196739197
1,1,0.9993483424186707
1,1,0.9981443881988525
1,1,0.9999996423721313
0,0,0.08588654547929764
1,1,0.567459225654602
1,1,0.996729850769043
1,1,0.9838916659355164
0,0,0.005992261227220297
0,0,0.014310128055512905
1,1,0.9640464782714844
1,1,0.9673417806625366
1,1,0.963054895401001
0,0,0.14088964462280273
1,1,0.9133592247962952
1,1,0.9963772892951965
0,0,0.001013426692225039
1,1,0.5948799252510071
0,0,0.017816558480262756
1,1,0.9999970197677612
0,0,0.00011484747665235773
1,1,0.9573236703872681
1,1,0.9517354965209961
0,0,0.48611757159233093
1,1,0.9786794185638428
1,1,0.9997947812080383
0,0,0.04932796582579613
0,0,0.04402458295226097
0,0,0.4865184724330902
1,1,0.8683648705482483
0,0,0.18952788412570953
1,1,0.9628598093986511
1,1,0.9249438643455505
1,1,0.9203845858573914
0,0,0.003751736832782626
0,0,0.14802856743335724
1,1,0.9319503307342529
1,0,0.24359475076198578
0,0,0.0014313842402771115
0,0,0.03081534430384636
0,1,0.7123512029647827
1,1,0.9758519530296326
0,0,0.0018054002430289984
0,0,0.002153407782316208
0,0,0.007060518488287926
0,0,0.48029348254203796
0,1,0.7499722838401794
0,0,0.3494700491428375
0,0,0.00963551364839077
0,0,0.0009456176194362342
1,1,0.8126881122589111
0,0,2.1598551029455848e-05
0,0,4.677676579412093e-10
0,0,0.4790496230125427
1,1,0.9928640127182007
1,1,0.9446321129798889
0,0,0.11704273521900177
0,0,0.0015811740886420012
0,0,0.0027888319455087185
1,1,0.6967589855194092
0,0,0.0022463761270046234
0,0,0.11418383568525314
1,1,0.9969415068626404
1,1,0.9925976991653442
0,0,1.3748964192927815e-05
0,0,4.635335244529415e-06
0,0,0.0008154460228979588
0,0,9.629202395444736e-05
0,0,2.614173988391144e-09
0,0,0.010183803737163544
0,0,0.01166841946542263
0,0,0.04117260128259659
1,1,0.9987878203392029
1,1,0.9873401522636414
1,1,0.5007935166358948
0,0,0.3844742476940155
1,1,0.9577301740646362
1,1,0.9890525937080383
0,0,0.031406957656145096
1,1,0.9709907174110413
0,0,0.01472899317741394
0,0,0.05088258534669876
1,1,0.777968168258667
1,1,1.0
1,1,0.5463116765022278
1,1,0.9778891801834106
1,1,0.9982631802558899
1,1,0.9941776990890503
1,1,0.9960260391235352
0,0,0.18925070762634277
0,0,0.00590411527082324
0,0,0.04245685786008835
0,0,0.09050971269607544
0,1,0.7276937961578369
0,0,0.2085181325674057
1,1,0.6367464661598206
1,1,0.5156251788139343
1,1,0.5336542129516602
1,1,0.9598835110664368
0,0,0.00011422091483836994
0,0,0.06183385103940964
0,0,0.31570830941200256
0,0,0.18161819875240326
0,1,0.9395986199378967
0,0,0.17977271974086761
0,0,0.04082835465669632
1,1,0.9482963681221008
1,1,0.9792710542678833
0,0,0.20481133460998535
0,0,0.37192222476005554
0,0,0.0045760683715343475
1,0,0.17786607146263123
0,0,0.35028403997421265
0,0,0.0014773245202377439
1,1,0.9998098015785217
0,0,0.15368685126304626
0,1,0.8168578147888184
1,1,0.7836857438087463
1,1,0.9901865720748901
0,0,0.29318568110466003
0,0,0.03700118884444237
0,0,0.1131933405995369
0,0,0.10448209941387177
0,0,0.014099779538810253
0,0,0.12541463971138
1,1,0.9990259408950806
1,1,0.5709564685821533
1,1,0.9858217835426331
0,0,0.0061978609301149845
1,1,0.9885571002960205
1,1,0.9971784353256226
0,0,0.01882864162325859
1,1,0.9971264004707336
0,0,0.01783975586295128
1,1,0.9496926069259644
1,1,0.7067684531211853
0,0,4.425953738973476e-05
0,0,0.21089905500411987
0,0,0.0005001113167963922
0,0,2.667669832590036e-05
1,1,0.9999784231185913
0,0,0.20201437175273895
1,1,0.9491642117500305
1,1,0.9995154142379761
0,0,0.001056235982105136
0,1,0.6467455625534058
0,0,0.017684584483504295
0,0,0.11857961118221283
0,0,0.029800178483128548
1,1,0.6690850257873535
0,0,0.05697161331772804
0,0,0.0439225435256958
1,1,0.9447794556617737
1,1,0.9984487295150757
1,1,0.9687276482582092
1,1,0.6759751439094543
1,1,0.9999997615814209
1,1,0.8692058324813843
1,1,0.9999978542327881
1,1,0.9228957891464233
0,0,0.009179600514471531
1,1,0.9999539852142334
1,1,0.9270824193954468
1,1,0.949851393699646
1,1,0.9995092153549194
0,0,0.2525354027748108
0,0,0.05209361016750336
0,0,0.00987978558987379
0,0,0.0007923567900434136
0,0,0.014246981590986252
1,1,0.9947535991668701
0,0,3.83767428502324e-06
0,0,6.090980497752696e-10
0,0,0.0023940312676131725
0,0,0.05016680806875229
0,0,0.4648454189300537
0,0,0.034400273114442825
1,1,0.998803973197937
0,0,0.005252232775092125
1,1,1.0
1,1,0.9916165471076965
0,0,0.03283170983195305
0,0,1.0731423571996856e-07
0,1,0.9821695685386658
0,0,0.17290180921554565
1,1,0.9375208020210266
1,1,0.972419261932373
0,0,0.03524056449532509
1,0,0.04290499538183212
1,1,0.9122815132141113
0,0,0.0218665711581707
0,0,0.001256926218047738
1,1,0.9977890253067017
1,1,0.9648532867431641
0,0,0.009505675174295902
1,1,0.9553808569908142
0,1,0.7737306356430054
0,0,0.49899113178253174
0,0,0.005555730778723955
1,1,0.778721034526825
1,0,0.13869839906692505
1,1,0.9999961853027344
1,1,0.9853143692016602
1,1,0.8516729474067688
0,0,0.000137521477881819
0,0,0.015486662276089191
1,1,0.949800968170166
1,1,0.9927532076835632
1,1,0.9999377727508545
0,0,0.11737970262765884
1,1,0.9307429194450378
1,1,0.9997484087944031
0,0,0.189754918217659
0,0,0.18488989770412445
0,0,0.00307585671544075
1,1,0.6574472188949585
0,0,0.17480459809303284
0,0,0.154491126537323
1,1,0.979266345500946
1,1,0.8906066417694092
1,1,0.9569876194000244
0,0,0.0544729009270668
1,1,0.9999470710754395
0,0,0.0054902429692447186
0,0,0.06072875112295151
0,0,0.019859591498970985
1,1,0.9742977619171143
0,0,0.0037774264346808195
0,0,0.015663310885429382
0,0,0.08532889932394028
0,0,0.08080429583787918
0,0,0.195942685008049
0,0,0.0015357930678874254
0,0,0.07709182053804398
0,0,0.07944538444280624
0,0,0.0016334396786987782
0,0,0.0048009660094976425
1,1,0.5970135927200317
1,1,0.9784694910049438
0,0,0.004862017463892698
0,0,0.06512699276208878
1,1,0.9966757297515869
1,1,0.9894170165061951
0,0,3.7874775671298266e-07
1,1,0.8505334258079529
0,0,0.005739779677242041
0,0,0.0031590536236763
1,1,0.7902930378913879
1,1,0.995459258556366
0,0,0.0004848573880735785
1,1,0.9999997615814209
1,1,0.9862502813339233
0,0,0.07767082005739212
0,0,0.0005893090856261551
1,1,0.9856025576591492
0,1,0.9819924831390381
0,0,0.0007411088445223868
0,0,0.18303342163562775
0,0,0.013400506228208542
1,1,0.9936299920082092
1,1,0.9996477365493774
1,1,0.9641642570495605
1,1,0.9424982666969299
1,1,0.9992790818214417
1,1,0.9673288464546204
1,1,0.7884137034416199
0,0,0.4503534734249115
0,0,3.5359244066057727e-06
1,1,0.9460315108299255
0,0,0.0012402648571878672
0,0,0.0015471676597371697
0,0,0.0002595169935375452
0,0,0.019052762538194656
0,0,0.05444887652993202
0,0,1.1923748388653621e-05
0,0,0.09489921480417252
0,0,0.00019797513959929347
0,1,0.9593949913978577
0,0,0.07534094899892807
1,1,0.9807635545730591
1,1,0.861495852470398
0,0,0.11241191625595093
0,0,0.000130542553961277
1,1,0.9286580681800842
1,1,0.999992847442627
1,1,0.99988853931427
1,1,0.8551298379898071
0,0,0.008232029154896736
0,0,0.005110273137688637
1,0,0.32867559790611267
0,0,0.12936720252037048
0,0,0.3663786053657532
0,0,0.20677819848060608
0,0,0.004433872643858194
0,0,0.0009053706307895482
0,1,0.9996103644371033
0,1,0.6460742950439453
0,0,0.0064566005021333694
0,0,0.019183259457349777
0,0,0.005208389367908239
0,0,0.0013910048874095082
0,1,0.999472439289093
0,0,0.11959157884120941
0,0,0.02755158022046089
0,0,0.19242584705352783
0,0,0.11364350467920303
0,0,5.81647727813106e-05
0,0,0.04962383583188057
0,0,0.013657405972480774
0,0,0.014727029018104076
0,0,0.011157567612826824
0,1,0.5208972692489624
0,1,0.8851400017738342
0,0,1.7652753740549088e-05
1,0,0.3363775610923767
0,1,0.5434117913246155
0,0,0.060787759721279144
1,1,0.9522473812103271
1,1,0.6270886659622192
0,0,0.004863773938268423
1,1,0.9939008951187134
0,0,0.03671468421816826
1,1,0.9977596998214722
1,1,0.8479689955711365
1,1,0.9894234538078308
1,1,0.9769436717033386
1,1,0.9999830722808838
1,1,0.9243407845497131
0,0,0.011040756478905678
1,1,0.9998888969421387
1,0,0.05740918964147568
1,1,0.9989251494407654
1,1,0.950664222240448
1,1,0.9992388486862183
1,1,0.9961254000663757
0,0,0.007402670569717884
1,1,0.9999678134918213
0,0,0.00022552232258021832
0,0,0.001598849892616272
1,0,0.4958260953426361
1,1,0.9999639987945557
0,0,0.020220957696437836
1,1,0.9536099433898926
0,0,0.0016155275516211987
1,1,0.9969431757926941
0,0,0.0010175451170653105
0,0,0.04150047525763512
1,1,0.9075889587402344
0,0,0.03147897124290466
0,0,0.000309106835629791
0,0,0.11631923168897629
0,0,0.3000424802303314
0,1,0.9365265369415283
0,0,0.42200687527656555
0,0,0.011927636340260506
0,0,0.014451975002884865
1,1,0.9971394538879395
1,1,0.9900133609771729
1,1,0.9999958276748657
1,1,0.9977599382400513
1,1,0.997977077960968
1,1,0.9928654432296753
1,1,0.8915457129478455
1,1,0.9925382733345032
0,0,0.010612447746098042
0,0,0.18572843074798584
0,1,0.9179795384407043
0,0,0.4296504855155945
0,0,0.030132515355944633
0,0,0.05191666632890701
1,1,0.9968814849853516
0,0,0.0010843193158507347
1,1,0.9317775368690491
0,0,0.1187882274389267
1,1,0.9995823502540588
0,0,0.29020586609840393
1,1,0.9937269687652588
1,1,0.9774110913276672
0,0,3.803631543064512e-08
1,1,0.9708281755447388
1,1,0.8061692118644714
1,1,0.995344340801239
1,0,0.04299416393041611
1,1,0.6849409341812134
0,0,0.021456176415085793
1,1,0.9998101592063904
1,1,0.9991201758384705
0,0,0.14396116137504578
0,0,0.023758364841341972
1,1,0.9964207410812378
0,0,0.09084770828485489
0,0,0.004818483721464872
1,1,0.9984399676322937
0,0,0.03893974795937538
1,1,0.9980863332748413
1,1,0.559353232383728
1,1,0.9561218619346619
1,1,1.0
1,1,0.9993720650672913
1,1,0.9999831914901733
1,1,0.9992907047271729
1,1,0.9999905824661255
1,1,0.9998656511306763
1,1,0.9999990463256836
1,1,0.9901907444000244
1,1,0.9997901320457458
1,1,1.0
0,0,0.030356699600815773
0,0,2.3990771296666935e-05
0,0,0.00423349067568779
0,0,0.00738036073744297
1,1,0.5263152718544006
0,1,0.5502543449401855
1,1,0.9416710138320923
1,1,0.9781458377838135
1,1,0.9997699856758118
0,0,0.035634223371744156
0,0,0.0025339541025459766
0,0,0.0003264528641011566
0,0,0.00878534372895956
1,1,0.6805251836776733
0,0,0.32731401920318604
0,1,0.9156965017318726
1,1,0.9995651841163635
0,0,0.003135016420856118
1,1,0.928820013999939
1,1,0.9833592176437378
1,1,0.9767827987670898
1,1,0.9951552152633667
1,1,0.9999960660934448
1,1,0.9999382495880127
0,0,0.013011766597628593
1,1,0.9999916553497314
1,1,0.9293769001960754
1,1,0.998960018157959
1,1,0.9493120312690735
1,1,0.8580648303031921
1,1,0.7730510234832764
0,0,0.005517111625522375
0,0,0.3133507966995239
0,0,0.002299010753631592
0,0,0.4030807614326477
1,1,0.8315028548240662
1,1,0.9575178623199463
1,1,0.8589800000190735
0,1,0.5866892337799072
1,1,0.5318397283554077
1,1,0.9911391139030457
1,1,0.5126754641532898
1,1,0.9808626174926758
1,1,0.979066789150238
1,0,0.4718911647796631
1,1,0.8082723021507263
0,0,0.012285408563911915
0,0,0.0025805418845266104
0,0,2.4274168026749976e-06
0,0,0.00016177100769709796
0,0,0.44922253489494324
1,1,0.9987820982933044
1,1,0.9925285577774048
1,0,0.23085160553455353
1,1,0.9892415404319763
1,1,0.9999275207519531
1,1,0.9937055706977844
1,1,0.9869652986526489
1,1,0.9057002067565918
1,1,0.9990311861038208
1,1,0.9999996423721313
1,1,0.9999971389770508
1,1,0.9999982118606567
0,0,2.034940007433761e-05
1,1,0.9999977350234985
1,1,0.9995473027229309
0,0,0.2824055850505829
1,1,0.9999998807907104
0,0,2.9202945617257114e-10
1,1,0.9999998807907104
1,1,0.994800329208374
0,0,0.009345540776848793
1,1,0.890932023525238
1,1,0.7083266377449036
1,1,0.9943457245826721
1,1,0.9998961687088013
1,1,0.9897966980934143
1,1,0.9994027614593506
1,1,0.9956711530685425
0,1,0.6850167512893677
1,1,0.9999983310699463
0,0,0.003071382874622941
1,1,0.9999964237213135
1,1,0.999414324760437
1,1,0.999914288520813
1,1,0.974968671798706
1,1,0.9988328814506531
1,1,0.9967496395111084
1,1,0.9560694694519043
1,1,0.9999971389770508
1,1,0.9990594983100891
1,1,0.9982373714447021
1,1,0.9925157427787781
0,0,0.025542456656694412
0,0,0.013592451810836792
0,0,0.0021971443202346563
1,1,0.999974250793457
0,0,0.0010053128935396671
1,1,0.9929094314575195
0,0,0.012432236224412918
0,0,0.005051267798990011
0,1,0.5733517408370972
0,0,0.02535543404519558
0,0,0.23193076252937317
0,0,0.047514405101537704
0,0,0.3163454532623291
1,1,0.9677809476852417
0,0,0.02421572618186474
1,1,0.9782770276069641
1,1,0.9501354098320007
0,0,0.016984976828098297
0,0,0.013031008653342724
0,0,0.007590221706777811
0,0,0.00738943088799715
1,1,0.9898213148117065
0,0,0.0007621340919286013
1,1,0.9745961427688599
0,0,1.4430300154799625e-07
1,1,0.98818039894104
0,0,0.003291633678600192
0,0,0.0005517895333468914
0,0,0.0032955706119537354
1,1,0.9883931279182434
0,0,0.19925303757190704
0,0,0.05521177127957344
0,0,0.005854110699146986
0,0,0.003908493556082249
0,0,1.3079235031909775e-05
0,0,0.27751168608665466
1,1,0.9990198612213135
1,1,0.9991346001625061
0,0,0.00235642003826797
1,1,0.987369954586029
0,0,0.002026129513978958
0,0,0.0005208374350331724
0,0,0.024235056713223457
0,0,0.07565155625343323
1,1,0.9999982118606567
1,1,0.969200849533081
0,0,0.0060392157174646854
1,1,0.7144983410835266
0,0,0.2931056618690491
1,1,0.7284246683120728
0,0,0.0014291416155174375
0,0,0.0013034057337790728
0,0,0.05794890224933624
0,0,0.0015630979323759675
0,0,0.0007299198769032955
0,0,0.2970997095108032
0,0,0.03192779794335365
0,0,0.006166776642203331
1,1,0.992032527923584
1,1,0.9992551207542419
1,1,0.9926482439041138
1,1,0.9444594979286194
1,1,0.9968588352203369
0,0,0.06919895112514496
1,1,0.9998980760574341
0,0,0.00020625878823921084
1,1,0.9956269264221191
1,1,0.6935198307037354
1,1,0.9500579833984375
1,1,0.999446451663971
1,1,0.9000560641288757
1,1,0.7542462944984436
1,1,0.9968967437744141
1,1,0.5078452229499817
1,1,0.8823376297950745
1,1,0.920241117477417
1,1,0.8500023484230042
0,0,0.21234892308712006
1,1,0.9798240661621094
1,1,0.9936926364898682
1,1,0.9815540313720703
1,1,0.9510289430618286
0,0,0.13917624950408936
0,0,2.898972633670095e-14
0,0,6.111274160502944e-06
0,0,0.031015779823064804
1,0,0.0013907294487580657
1,1,0.9840052127838135
1,1,0.9732388854026794
0,0,0.23469579219818115
0,0,0.011333051137626171
1,1,0.9994502663612366
1,1,0.818935751914978
1,1,0.5054584741592407
1,1,0.9716145396232605
1,1,0.9741355180740356
1,1,0.9568452835083008
0,0,0.1707810014486313
1,1,0.9980072379112244
0,0,8.321925633936189e-06
0,0,0.0175036508589983
0,0,0.10471417009830475
1,1,0.8485216498374939
0,0,0.011483061127364635
1,1,0.9972537159919739
0,0,0.0010890642879530787
1,1,0.9320567846298218
0,0,1.3857245903636795e-05
0,0,0.02477550506591797
1,1,0.5498451590538025
1,1,0.8767539262771606
1,0,0.06783503293991089
1,1,0.9342294931411743
0,0,0.24681836366653442
1,1,0.977106511592865
0,0,0.01299668662250042
0,0,0.019106842577457428
1,1,0.9910861849784851
0,1,0.7023569345474243
1,1,0.9956262111663818
1,1,0.9975117444992065
0,0,0.0081366878002882
1,1,0.9904757142066956
1,0,0.1850920021533966
1,1,0.9981752634048462
1,1,0.9736307859420776
1,1,0.9988231062889099
1,1,0.9406095147132874
1,1,0.8572573065757751
0,0,0.023258335888385773
1,1,0.6167037487030029
1,1,0.9267619252204895
0,0,0.03668436408042908
1,0,0.400683730840683
0,0,0.0022416869178414345
0,0,0.2123241275548935
1,1,0.995793342590332
1,1,0.9447323083877563
1,1,0.7151437997817993
0,1,0.6528820395469666
1,1,0.9944517016410828
0,0,0.01717006042599678
0,0,0.0001307947386521846
0,0,0.04745328053832054
0,0,0.152811199426651
1,1,0.9992979764938354
0,0,1.199973315157976e-10
0,1,0.6432254314422607
1,1,0.9983261227607727
0,0,0.09086263924837112
0,0,0.008141487836837769
0,0,0.00029657399863936007
0,0,0.023964138701558113
0,0,0.0005484954454004765
1,1,0.9996223449707031
1,1,0.9538679122924805
0,0,0.1573989987373352
1,1,0.9999289512634277
0,1,0.6214776039123535
1,1,0.9532012939453125
1,1,0.9997603297233582
0,1,0.9597066640853882
1,1,0.9997473359107971
1,1,0.9676556587219238
1,1,0.9423340559005737
1,1,0.9931742548942566
0,0,0.1596551090478897
0,0,0.004877625033259392
1,1,0.7725034356117249
0,0,0.015222828835248947
0,0,0.004680118523538113
0,0,0.1515905112028122
0,1,0.8830392360687256
1,0,0.24705365300178528
0,0,0.008162140846252441
1,1,0.9001449942588806
1,0,0.4173848032951355
1,1,0.9744680523872375
0,0,3.86500105378218e-05
1,1,0.9999485015869141
0,0,1.8884997189161368e-05
0,1,0.8603479266166687
1,1,0.9935812950134277
1,1,0.8621457815170288
0,0,0.13701322674751282
1,1,0.9999016523361206
1,1,0.9998095631599426
1,1,0.9714490175247192
0,0,0.0005152613157406449
0,0,0.07001040130853653
1,1,0.9445127844810486
1,1,0.9414369463920593
1,1,0.9853856563568115
1,1,0.9951954483985901
0,0,0.0019491303246468306
0,0,0.16293621063232422
1,1,0.9773741960525513
1,1,0.979220986366272
0,0,0.027654176577925682
1,1,0.9429767727851868
0,0,0.008408877067267895
0,0,0.313024640083313
0,0,6.403752922778949e-05
0,0,0.002145173493772745
0,0,0.22645972669124603
1,1,0.922330915927887
1,1,0.9999723434448242
1,1,0.9996339082717896
1,1,0.9985612034797668
0,0,0.0020889153238385916
0,1,0.7490026354789734
0,0,0.027025500312447548
1,1,0.9869623780250549
1,1,0.9999687671661377
0,0,0.20170950889587402
1,1,0.8862241506576538
1,1,0.994030773639679
1,1,0.999977707862854
0,0,0.06106415018439293
0,0,0.3074049949645996
0,0,0.10571979731321335
0,0,0.041567787528038025
1,1,0.9237764477729797
1,1,0.9999159574508667
1,1,0.9669293165206909
1,1,0.9636567831039429
0,0,0.1309843212366104
0,0,0.09376692026853561
1,1,0.9172254204750061
1,1,0.9907241463661194
0,0,0.0006580373737961054
0,0,0.038607824593782425
0,0,0.01232852041721344
0,0,0.005121818743646145
0,0,0.21918967366218567
0,0,0.03937830030918121
0,0,0.02241498976945877
0,0,0.4654456675052643
0,0,0.1746472269296646
1,1,0.9996786117553711
1,1,0.9387339353561401
1,1,0.992056667804718
1,1,0.658363401889801
0,0,0.0017766840755939484
1,0,0.17274044454097748
1,1,0.9505534768104553
0,0,0.014163214713335037
0,0,0.12012709677219391
0,0,0.02996685914695263
0,0,0.007849001325666904
1,0,0.3004836142063141
0,0,0.03760218247771263
0,0,9.140293514064979e-06
0,0,0.004982818383723497
0,0,0.024996591731905937
0,0,0.0012942645698785782
0,0,0.004135894123464823
0,0,0.00635480834171176
1,0,0.47837620973587036
1,1,0.9996803998947144
0,0,0.04190647229552269
1,1,0.9466018080711365
1,1,0.9655571579933167
0,0,0.08882798999547958
0,0,0.04053230956196785
1,1,0.8847399353981018
0,0,0.026240739971399307
1,1,0.9974168539047241
0,0,7.241133425850421e-05
0,0,0.06959612667560577
1,1,0.9917116165161133
1,1,0.952959418296814
1,0,0.4446296989917755
1,1,0.9083773493766785
1,1,0.9511448740959167
1,1,0.8725351691246033
0,0,0.0770680233836174
1,0,0.1693074107170105
1,1,0.9697673916816711
0,0,0.002942078048363328
1,1,0.9083757996559143
0,0,7.890135748311877e-05
0,0,0.3728604316711426
1,1,0.7064973711967468
1,1,0.9968132376670837
1,1,0.9846583604812622
1,1,0.999998927116394
0,0,0.3398354947566986
0,0,0.11577292531728745
0,0,0.018552066758275032
0,0,0.0056497277691960335
0,0,0.016581658273935318
0,0,2.0836098428844707e-06
1,1,0.9063459634780884
0,0,0.3221699893474579
0,0,1.726367486298841e-06
0,0,0.11501947790384293
0,0,0.027546608820557594
0,0,0.014459656551480293
0,1,0.6145821213722229
0,0,0.02022719569504261
0,0,9.68416588875698e-06
1,1,0.9999923706054688
1,1,0.9989702701568604
0,0,0.01101287454366684
0,0,0.0241729486733675
1,1,0.9999912977218628
1,0,0.43971526622772217
1,1,0.9356500506401062
1,1,0.9388386607170105
1,1,0.9970023036003113
0,0,0.01526232436299324
0,0,0.01292796153575182
0,0,0.027494534850120544
1,1,0.9965193271636963
1,0,0.14979054033756256
0,0,0.013996879570186138
0,1,0.8550583124160767
1,1,0.9877297282218933
1,1,0.9999724626541138
1,1,0.999833345413208
1,1,0.9919794797897339
1,1,0.9997727274894714
1,1,0.866959810256958
0,1,0.7626742124557495
0,0,1.3009435861022212e-05
1,1,0.9966642260551453
0,0,0.0033531729131937027
1,1,0.9998055100440979
1,1,0.9999092817306519
1,1,0.9756842255592346
0,0,0.010227492079138756
0,0,3.3372118650731863e-06
0,0,0.009772319346666336
0,0,0.02605871669948101
1,1,0.9902116656303406
0,0,0.0016662308480590582
1,1,0.9839085936546326
0,1,0.5425295829772949
1,1,0.9998093247413635
1,1,0.933748185634613
1,1,0.8848801255226135
1,1,0.860924243927002
1,1,1.0
1,1,0.9911361932754517
1,1,0.999995231628418
0,0,0.3377262353897095
0,0,1.0401291807016211e-11
1,1,0.952505886554718
1,1,0.9523012042045593
1,1,0.8152185678482056
0,0,0.003708556527271867
1,1,0.9999479055404663
0,0,0.34520843625068665
0,0,0.0005251917755231261
1,1,0.9995711445808411
1,1,0.9999856948852539
0,0,0.0014552513603121042
1,1,0.9999992847442627
1,1,0.9989803433418274
1,1,0.999718964099884
1,0,0.03202568367123604
1,1,0.996353268623352
1,1,0.9994248151779175
1,1,0.9999979734420776
0,0,0.008929979056119919
1,1,0.9873995780944824
1,1,0.9932237863540649
0,1,0.6467386484146118
0,1,0.9532748460769653
1,1,0.6474940180778503
1,0,0.45050129294395447
1,1,0.9792145490646362
1,1,0.9773465991020203
0,0,0.10713641345500946
1,1,0.9997803568840027
0,0,0.08225610852241516
0,0,0.1822337508201599
0,0,0.02728472463786602
1,1,0.9999985694885254
1,1,0.998471200466156
1,1,0.9829567670822144
0,0,0.00455435598269105
1,0,0.028176069259643555
1,1,0.9984747767448425
1,1,0.9999657869338989
1,0,0.02076629176735878
1,1,0.9995928406715393
1,1,0.6554957628250122
0,0,0.0001513527677161619
0,0,0.29772600531578064
0,0,0.014203958213329315
1,1,0.9695862531661987
0,0,0.04003561660647392
1,1,0.9927632212638855
0,0,0.02238868735730648
0,0,0.0001722757879178971
0,0,0.0006756982766091824
0,0,0.053103744983673096
1,1,0.9916537404060364
1,1,0.7195411324501038
1,1,0.8034054636955261
0,0,0.006029191892594099
1,0,0.09820583462715149
0,0,0.0722493901848793
0,0,0.0731101706624031
0,0,0.002979100216180086
0,0,0.0614866204559803
1,1,0.9898706078529358
0,0,0.009662228636443615
0,1,0.5028186440467834
0,0,0.007747174706310034
0,0,0.09181978553533554
0,0,0.001415639417245984
0,1,1.0
0,0,0.0008102904539555311
0,0,0.11198846250772476
0,0,0.0010795266134664416
1,1,0.8844078779220581
0,0,0.0028700637631118298
0,0,0.01639007404446602
1,1,0.9070776700973511
1,1,0.9998441934585571
1,1,0.9984240531921387
1,1,0.9412611722946167
0,0,0.00025812353123910725
1,1,0.9964283108711243
1,1,0.8750116229057312
1,1,0.9987615346908569
1,1,0.995122492313385
0,0,0.020303523167967796
0,0,0.03526820242404938
1,1,0.9617646932601929
1,1,0.6749199032783508
0,0,0.2076244205236435
1,1,0.7379645109176636
0,0,0.20057883858680725
0,0,0.42823365330696106
0,0,0.027193617075681686
1,1,0.9576798677444458
0,0,0.011487429961562157
0,0,0.0001292204688070342
0,0,0.06528468430042267
0,0,0.012495070695877075
1,1,0.9958705306053162
0,0,0.0019454132998362184
1,1,0.9576705694198608
0,0,0.010444638319313526
1,1,0.8175573945045471
0,0,0.14328502118587494
1,1,0.9940775632858276
1,1,0.9998666048049927
1,1,0.9954408407211304
0,0,0.3111827075481415
0,1,0.7229744791984558
0,0,0.006746078375726938
1,1,0.7421349883079529
0,0,0.0032761497423052788
1,1,0.9777860045433044
1,1,0.8552708029747009
1,0,0.4476041793823242
0,0,8.788105333223939e-05
0,0,7.707103213761002e-05
0,0,0.0004611345939338207
1,1,0.6826633214950562
0,0,0.007815330289304256
1,1,0.9830406308174133
0,0,0.003959625493735075
0,1,0.5557413101196289
1,1,0.9808010458946228
0,0,0.0036108302883803844
0,0,0.0029434494208544493
1,1,0.9969648718833923
1,1,0.9852087497711182
1,1,0.9877992868423462
1,1,0.9989184141159058
1,1,0.9654481410980225
0,0,0.24218378961086273
1,1,0.9960675239562988
1,1,0.6066219806671143
0,0,0.39239171147346497
0,0,0.0003648103156592697
0,0,0.023109443485736847
1,1,0.9992703795433044
1,1,0.9984355568885803
0,0,0.19852453470230103
1,1,0.9996435642242432
0,0,0.022964030504226685
1,1,0.999988317489624
1,0,0.2023685723543167
1,1,0.9080884456634521
1,1,0.9461659789085388
1,1,0.9804758429527283
0,0,0.002168225357308984
1,1,0.5680086016654968
1,1,0.9998466968536377
1,1,0.9996256828308105
1,1,0.9216002225875854
1,1,0.9989719390869141
1,1,0.9999996423721313
1,1,0.9999076128005981
1,1,0.998865008354187
1,1,0.9071422815322876
1,1,0.9988160133361816
0,0,0.009797388687729836
1,1,0.9752203226089478
0,0,0.05616086348891258
1,0,0.38218340277671814
0,0,0.1578916311264038
0,0,0.49968859553337097
1,1,0.9176391363143921
1,1,0.9267038702964783
1,1,0.9432547688484192
1,0,0.2171134650707245
0,0,0.010938823223114014
0,0,0.002320018131285906
1,1,0.9954327344894409
1,1,0.9890636801719666
1,1,0.745682418346405
1,1,0.9897783398628235
0,0,0.002970959059894085
1,1,0.9903478622436523
0,0,0.020146599039435387
0,0,0.09622848033905029
0,0,0.0034996215254068375
1,1,0.9933493733406067
0,0,8.473722846247256e-05
0,0,0.18257591128349304
0,0,0.00787451583892107
1,1,0.5654877424240112
1,1,0.9542091488838196
0,0,0.009019785560667515
0,0,0.0006635578465647995
1,1,0.9976927042007446
0,0,0.04219992831349373
1,1,0.9999284744262695
1,0,0.44841399788856506
1,1,0.95766282081604
0,0,0.012926355004310608
0,0,0.004641583655029535
0,0,0.00125697476323694
0,0,0.19779951870441437
0,0,0.026888908818364143
0,0,2.2022290067980066e-05
0,0,0.153245210647583
0,0,0.14680878818035126
1,1,0.9826329946517944
0,0,0.06750467419624329
1,1,0.6853256225585938
1,1,0.9696488976478577
0,0,0.06864405423402786
0,0,0.01569233275949955
0,0,0.0069481139071285725
0,0,0.3889654576778412
0,0,0.004491046071052551
1,1,0.6481581330299377
1,1,0.8547493815422058
0,0,0.0013994817854836583
1,1,0.7602773308753967
1,1,0.8966819643974304
0,0,0.4720098376274109
0,0,6.851022772025317e-05
1,1,0.9698504209518433
0,0,0.06165209412574768
1,1,0.9993923902511597
0,0,0.22177065908908844
0,0,0.0072195762768387794
1,1,0.9999334812164307
0,0,0.005267446395009756
1,1,0.9999849796295166
0,0,0.29783347249031067
0,0,0.21952925622463226
0,0,1.0183857739320956e-06
1,1,0.9995593428611755
1,1,0.999225378036499
1,0,0.3484848141670227
1,1,0.9999885559082031
0,0,0.034244291484355927
1,1,0.7433480620384216
0,0,0.0032228336203843355
0,0,0.040632955729961395
0,0,0.3660126030445099
1,1,0.9736807346343994
0,0,0.015309249982237816
0,0,0.06130463257431984
1,1,0.7128798961639404
0,0,0.0001961555244633928
0,0,0.003169700037688017
0,0,0.0005800162325613201
0,0,0.003972186706960201
0,0,0.0003992865968029946
0,0,0.000955501978751272
1,1,0.9667696356773376
0,0,0.04106733202934265
0,0,0.05428678169846535
0,0,0.012085244059562683
0,0,1.7645857042225543e-07
0,0,0.15758123993873596
1,1,0.9723676443099976
0,0,0.049624934792518616
1,1,0.9924916625022888
1,1,0.9905932545661926
1,1,0.975197970867157
1,1,0.6903034448623657
1,1,0.8697685599327087
1,1,0.9989707469940186
0,1,0.7803934216499329
0,1,0.966703474521637
1,0,0.47245198488235474
0,0,0.007544184569269419
1,1,0.804796576499939
1,1,0.9999681711196899
1,1,0.9999812841415405
0,0,0.00010858531459234655
0,0,0.0031491736881434917
0,0,2.8346687031444162e-05
1,0,0.36118626594543457
1,1,0.9871094226837158
0,0,0.02469955012202263
1,1,0.9149190187454224
0,0,0.044979795813560486
1,0,0.20246575772762299
0,0,0.041613660752773285
0,0,0.015095205046236515
0,0,0.03894590586423874
0,0,0.004738466814160347
0,0,0.0003888252249453217
0,0,0.0002651526592671871
0,0,0.005590932443737984
0,0,5.696156222256832e-07
0,0,0.0352022610604763
1,1,0.9888912439346313
1,1,0.985550045967102
0,0,0.017532171681523323
1,1,0.9959486722946167
1,1,0.9978687763214111
0,0,0.4872477948665619
1,1,0.9724589586257935
1,1,0.9719359278678894
1,1,0.9939549565315247
1,1,0.9961232542991638
1,1,0.9999568462371826
0,0,0.01221636962145567
1,1,0.9943879246711731
0,0,0.09531152993440628
1,1,0.6046707630157471
0,0,0.014708033762872219
0,0,0.046731192618608475
0,0,0.08912692964076996
1,1,0.9998180270195007
1,1,0.994466245174408
0,0,0.12462891638278961
0,0,0.025792039930820465
1,1,0.9603346586227417
1,1,0.5133664608001709
0,0,0.008943172171711922
0,0,3.8250553188845515e-05
1,1,0.9936569333076477
0,0,0.2109692394733429
0,1,0.8503285050392151
1,0,0.27391690015792847
1,1,0.9995065927505493
0,0,0.00017734916764311492
0,0,0.004137327894568443
0,0,0.3103605806827545
1,1,0.9998962879180908
0,0,0.0022032023407518864
1,1,0.9857470989227295
0,0,0.0010872610146179795
1,1,0.9984868764877319
0,0,0.014873700216412544
0,0,0.0016274304362013936
1,1,1.0
1,1,0.9540506601333618
0,0,0.28918617963790894
0,0,0.0022301948629319668
0,0,0.009940341114997864
1,1,0.9939767122268677
1,1,0.9244980812072754
0,0,0.01662779226899147
0,1,0.8721994161605835
0,0,0.0066628120839595795
0,0,0.029858727008104324
1,0,0.4066762924194336
0,1,0.8512645959854126
1,1,0.999987006187439
1,1,0.9866622090339661
1,0,0.14001856744289398
0,0,0.0005080908886156976
1,1,0.9997327923774719
0,0,0.20032164454460144
0,0,0.3232249617576599
1,1,0.9428455233573914
0,0,0.013523564673960209
1,1,0.9999885559082031
1,1,0.9999969005584717
0,0,0.0012128466041758657
0,0,0.00036750492290593684
0,0,0.0001738266582833603
0,0,0.030103856697678566
1,1,0.9970478415489197
0,0,0.21901190280914307
0,0,0.00014333419676404446
0,0,0.09741408377885818
0,0,0.41415101289749146
0,0,0.2221132069826126
0,0,0.0020581420976668596
1,1,0.8932005167007446
1,0,0.1609867662191391
1,1,0.9878629446029663
0,1,0.5625283718109131
0,0,0.04735744744539261
0,1,0.6694544553756714
0,0,0.35378867387771606
0,0,0.01641569286584854
0,0,0.00010837801528396085
0,0,0.02254314534366131
1,1,1.0
0,0,0.012520071119070053
0,0,0.002822886686772108
0,0,0.0014874330954626203
0,0,0.008618769235908985
0,0,0.03141521289944649
1,1,0.9808163046836853
0,0,0.0028959240298718214
1,1,0.9994332194328308
1,1,0.9967844486236572
1,1,0.9197654724121094
1,1,0.9997013211250305
0,0,0.00010150789603358135
0,0,0.09761862456798553
0,0,0.14219997823238373
0,1,0.7147496342658997
1,1,0.9057403206825256
1,1,0.8357203006744385
0,0,0.2528972625732422
0,0,8.187473810039592e-08
1,1,0.9444016218185425
1,1,0.9580336809158325
1,1,0.7367411255836487
0,0,0.06037788838148117
0,0,0.05315431207418442
0,0,0.009744889102876186
0,1,0.7332523465156555
0,0,0.01468453835695982
1,1,0.9996819496154785
1,1,0.9910717606544495
1,1,0.9962940812110901
0,0,0.0026855410542339087
0,0,0.0010597414802759886
0,0,0.03584122657775879
1,1,0.9791298508644104
0,0,0.012337819673120975
0,0,0.015778236091136932
1,1,0.7131191492080688
0,0,2.2406102289096452e-05
1,1,0.9354381561279297
0,0,0.02831767499446869
1,1,0.9705585241317749
0,0,0.01583905890583992
1,1,0.9964337348937988
1,1,0.9989975094795227
0,0,0.004264148883521557
1,1,0.9774209856987
0,0,0.00019563142268452793
0,0,0.0399860218167305
0,0,0.23232507705688477
1,1,0.8389856219291687
1,1,0.9120838046073914
1,1,0.9988573789596558
1,1,0.9965787529945374
1,1,0.9961957931518555
0,0,0.06481792032718658
1,1,0.8026668429374695
1,1,0.9829266667366028
1,1,0.9998784065246582
1,1,0.978402853012085
0,0,0.018910519778728485
0,0,0.0074302321299910545
1,1,0.9994563460350037
0,0,0.00010201772965956479
0,0,0.0013109316350892186
1,1,0.8724815249443054
0,0,0.032753027975559235
0,0,2.7423541268944973e-06
0,1,0.5001929998397827
1,1,0.9997668862342834
0,0,0.0905771255493164
1,1,0.8768244981765747
1,1,0.9999591112136841
1,1,0.9981791973114014
1,1,0.9677298069000244
1,1,0.7937488555908203
1,0,0.009810720570385456
1,0,0.10387574881315231
1,1,0.9999226331710815
1,1,0.991271436214447
0,1,0.6235103607177734
0,0,0.10094345360994339
1,1,0.9978119134902954
1,1,0.7890400290489197
1,1,0.9868566393852234
1,1,0.9908736944198608
1,1,0.9936131834983826
0,0,0.021344833076000214
0,0,0.34215158224105835
1,1,0.9329580068588257
1,1,0.9969658255577087
0,0,0.056830961257219315
1,1,0.9900034070014954
1,1,0.9838152527809143
1,1,0.9430660009384155
1,1,0.9869773983955383
0,0,0.001408373354934156
1,1,0.6254997253417969
1,1,0.8466880321502686
1,1,0.9805774688720703
1,1,0.9670302271842957
0,0,0.004038981162011623
0,0,0.009547803550958633
0,0,0.04369712620973587
0,0,0.012195677496492863
1,1,0.997241735458374
1,1,0.9999984502792358
0,0,0.0030231764540076256
1,1,0.9999997615814209
1,1,0.9478592276573181
1,1,0.9600306749343872
1,1,0.9999920129776001
1,1,0.9999700784683228
1,1,0.9999542236328125
1,1,0.9875391721725464
1,1,0.8127414584159851
0,0,0.16988439857959747
1,1,0.9999960660934448
1,1,0.9998587369918823
1,1,0.9961447715759277
1,1,0.9754672646522522
0,1,0.5128370523452759
1,1,1.0
0,0,0.2524445354938507
1,1,0.9978787899017334
0,0,0.047713637351989746
1,1,0.9934188723564148
1,1,0.8947272300720215
1,1,0.9385122060775757
1,1,0.9235091805458069
1,1,0.9999611377716064
0,0,0.06651099771261215
0,0,0.0004104206745978445
1,1,0.9798332452774048
1,1,0.9999966621398926
0,0,3.2853208153937885e-08
0,0,1.9224984498578124e-05
0,0,0.0008975907112471759
0,0,7.81285507400753e-08
0,0,0.004343057982623577
1,1,0.924380898475647
1,1,0.9870719313621521
1,1,0.9983052015304565
1,1,0.9957887530326843
1,1,0.904712438583374
0,0,0.00756211020052433
0,0,0.04611801356077194
0,0,0.00800478458404541
1,1,0.9960129261016846
1,1,0.984772801399231
1,1,1.0
1,1,0.8766502737998962
0,1,0.567527174949646
1,1,0.9438141584396362
1,1,0.9898205995559692
1,1,0.9999997615814209
1,1,0.9816617369651794
1,1,0.999397873878479
1,1,0.9859707951545715
1,1,0.6446282863616943
0,0,0.022633643820881844
1,1,0.997246265411377
1,1,0.9931459426879883
0,0,0.020841410383582115
1,1,0.9998927116394043
0,0,0.042055413126945496
0,0,0.004171446431428194
1,1,0.9442816376686096
1,1,0.9924508929252625
1,1,0.9650900363922119
1,1,0.9998165965080261
1,1,0.9834119081497192
1,1,0.9998757839202881
1,1,0.7531075477600098
1,1,0.9966446161270142
0,0,0.002170668449252844
1,1,0.6636139750480652
0,0,9.191826987053897e-12
0,0,0.0001514633622718975
0,0,0.005284628830850124
1,1,0.6814678907394409
0,0,0.0012496059061959386
0,0,0.0025254690553992987
0,0,5.921618594584288e-06
0,0,0.2812328636646271
0,0,0.03760766610503197
1,1,0.8263646960258484
1,1,0.943313717842102
0,0,0.013483273796737194
1,1,0.9213593006134033
0,0,0.013986781239509583
0,0,0.00013653548376169056
1,1,0.9499131441116333
0,0,0.12990981340408325
1,1,0.9840071797370911
0,0,0.0004091694427188486
1,1,0.7993984222412109
1,1,0.9999233484268188
1,1,0.9953994154930115
1,1,0.9999710321426392
1,1,0.8944600820541382
1,1,0.9997380375862122
1,1,0.997922956943512
1,1,0.999269425868988
1,1,0.9406524896621704
1,1,0.9999383687973022
1,1,0.9948766827583313
1,1,0.9954518675804138
1,1,0.9997095465660095
1,1,0.9999971389770508
0,0,0.009863906539976597
0,1,0.7762494683265686
1,1,0.9936844706535339
1,1,0.9416397213935852
1,1,0.7457373142242432
0,0,0.06727628409862518
1,1,0.8234017491340637
0,0,0.0002880292013287544
0,0,0.08001779019832611
0,0,0.002674564952030778
0,0,0.01255798153579235
0,0,0.0001413985446561128
0,0,0.08536276966333389
0,0,0.07314255833625793
0,0,0.050330355763435364
1,1,0.9999822378158569
0,0,0.29250678420066833
1,1,0.9999910593032837
1,1,0.9987492561340332
1,1,0.9979293346405029
1,1,0.9999990463256836
1,1,0.9890133142471313
0,0,0.0029312241822481155
1,1,0.9999237060546875
1,1,0.6141663193702698
0,0,0.017474042251706123
0,0,0.044079963117837906
0,0,0.0014500217512249947
1,1,0.9901347756385803
1,1,0.9483789205551147
1,1,0.8349996209144592
1,0,0.33839306235313416
1,1,0.5654129385948181
1,1,0.9472264647483826
1,1,0.9596819877624512
0,0,0.004568329080939293
0,0,0.002888050861656666
0,0,0.009512262418866158
1,1,0.9935973882675171
0,0,0.1078665480017662
0,0,2.541351568652317e-05
0,0,0.00015953072579577565
1,1,0.9976048469543457
1,1,0.9992870688438416
1,1,0.8870951533317566
1,1,0.9813304543495178
1,1,0.9993541836738586
0,0,0.0018707223935052752
1,0,0.3334616422653198
0,0,0.0038682441227138042
0,0,0.002938347402960062
0,0,0.0016307506011798978
1,1,0.9059845805168152
0,0,0.09153290092945099
1,0,0.3546042740345001
0,0,0.00044939620420336723
1,1,0.9745349884033203
1,1,0.99564528465271
1,1,0.9960656762123108
1,1,0.9500366449356079
1,1,0.8368955850601196
1,1,0.9971248507499695
0,0,0.33706024289131165
1,1,0.9998229146003723
1,1,0.9956759810447693
1,1,0.9658817052841187
0,0,1.8522488289818284e-06
0,0,0.12289664149284363
1,1,0.9860152006149292
1,1,0.9949740171432495
1,0,0.15100546181201935
0,0,0.004443738143891096
1,1,0.764643669128418
0,0,0.061732374131679535
0,0,0.4237012565135956
0,0,4.7545298002660275e-05
0,0,0.351995587348938
0,0,0.04483567923307419
0,0,0.040301695466041565
0,1,0.7713752388954163
1,1,0.8544965386390686
0,0,0.2703802287578583
0,0,0.028587505221366882
1,1,0.7619168162345886
1,1,0.9578295350074768
0,0,0.00199675839394331
1,1,0.9996993541717529
0,0,0.008835162036120892
1,1,0.9615417122840881
0,0,0.10965035110712051
1,0,0.08824527263641357
1,1,0.9912550449371338
1,1,0.9283818006515503
1,1,0.9331022500991821
0,0,0.00021345441928133368
0,0,0.0019126184051856399
1,1,0.8210827112197876
0,0,0.048331595957279205
0,1,0.8641476631164551
1,1,0.9957590699195862
1,1,0.921522855758667
1,1,0.829180121421814
1,1,0.9836958646774292
1,1,0.9999366998672485
1,1,0.9713853597640991
0,0,0.00011263292981311679
1,1,0.9997581839561462
1,1,0.9802256226539612
1,1,0.9156085848808289
1,1,0.990321934223175
1,1,0.9999083280563354
1,1,0.8819534778594971
0,0,0.057356078177690506
0,0,0.12641040980815887
0,0,0.08743815869092941
0,0,0.0006451697554439306
0,0,0.0025315373204648495
1,1,0.999413013458252
0,0,0.04300714656710625
0,0,0.0150062944740057
0,0,0.287851482629776
1,1,0.9999537467956543
0,0,0.4067791998386383
0,0,0.481220006942749
0,1,0.8539407253265381
0,0,0.0027692413423210382
0,1,0.9076837301254272
0,0,0.017627090215682983
1,0,0.32082709670066833
1,1,0.9992945194244385
1,1,0.9983958601951599
1,1,1.0
1,1,0.6528053879737854
1,1,0.8880149126052856
1,1,0.9924628734588623
1,1,0.7570903897285461
0,0,0.4697360694408417
0,0,0.003780591068789363
1,1,0.9991156458854675
1,1,0.9774140119552612
1,0,0.4779687523841858
1,1,0.7772393226623535
1,1,0.9226033687591553
1,1,0.9925893545150757
1,1,0.992771327495575
1,1,0.9974960684776306
0,0,0.01592249982059002
1,1,0.9999922513961792
0,0,2.068244975816924e-05
1,1,0.9927939176559448
0,0,0.18229010701179504
1,1,0.9728822112083435
0,0,3.232128801755607e-05
1,1,0.960506796836853
0,0,0.014916744083166122
1,1,0.9655169248580933
0,0,9.98861069092527e-05
0,0,0.0006786657031625509
1,1,0.9898327589035034
0,0,0.0007661905838176608
0,0,0.013156439177691936
0,0,1.2272915228095371e-05
0,0,0.3525763750076294
1,1,0.9999608993530273
1,1,0.9976810216903687
0,1,0.9649824500083923
0,0,0.0065004099160432816
1,1,0.8870248198509216
1,1,0.95835280418396
1,1,0.7970210909843445
1,1,0.895664393901825
1,1,0.7008088231086731
1,1,0.9548298716545105
0,0,0.03422011062502861
0,0,0.003938986454159021
1,1,0.9978513717651367
0,0,0.007872619666159153
1,1,0.9997935891151428
1,1,0.9376718401908875
0,0,0.0002680173492990434
0,0,5.881513061467558e-05
0,0,0.00408237986266613
1,1,0.9722651839256287
1,1,0.6764792799949646
1,1,0.9999860525131226
0,0,0.005540582351386547
1,1,0.54771888256073
1,1,0.9912898540496826
1,1,0.991168737411499
0,0,0.3126964569091797
1,1,0.8926920294761658
0,0,0.0036239728797227144
1,1,0.9998291730880737
0,0,0.1630517989397049
0,1,0.6573671102523804
0,0,0.477008581161499
0,0,0.00014863240357954055
1,1,0.9999771118164062
1,1,0.9039664268493652
1,1,0.9999401569366455
1,1,0.9998214840888977
0,0,0.000735527602955699
0,0,0.11478247493505478
0,0,0.44846874475479126
0,0,0.26847270131111145
0,0,0.11516211926937103
0,0,0.004698499571532011
1,1,0.9606769680976868
1,1,0.9993851184844971
0,0,0.04219028353691101
1,1,0.9999997615814209
0,0,0.16093644499778748
0,0,0.007555356249213219
1,1,0.9996845722198486
1,1,0.9966475367546082
1,1,0.9964206218719482
1,1,0.9999929666519165
1,1,0.9999349117279053
1,1,0.9313328266143799
1,1,0.9929473400115967
0,0,0.16030795872211456
0,1,0.5469752550125122
1,1,0.9952712655067444
1,1,0.9979199767112732
0,0,0.14213119447231293
0,0,0.03876693174242973
0,0,0.3684806823730469
0,0,0.08582387864589691
1,1,0.968612015247345
0,0,0.15805970132350922
1,0,0.1362760066986084
1,1,0.9980455636978149
1,1,0.9999924898147583
1,1,0.9516586065292358
1,1,0.9993051290512085
1,1,0.6557676196098328
1,1,0.9912774562835693
1,1,0.9982926249504089
0,1,0.736581027507782
0,0,0.02675585076212883
0,1,0.7429617047309875
0,0,6.182864308357239e-05
0,0,0.03731033205986023
0,0,0.009330358356237411
0,1,0.7115044593811035
0,0,0.3348729610443115
0,0,0.0019540751818567514
0,0,0.008898556232452393
1,1,0.9999979734420776
0,1,0.7005359530448914
1,1,0.9983932375907898
0,0,0.02197670191526413
1,1,0.8763505220413208
0,0,0.04657634720206261
1,1,0.9998377561569214
0,0,0.0010450971312820911
1,1,0.9992813467979431
0,0,0.001250513712875545
1,1,0.8573128581047058
1,1,0.9523693323135376
1,1,0.8281545639038086
1,1,0.6433829665184021
1,1,0.9761456251144409
0,0,0.025507688522338867
0,0,0.07952586561441422
0,0,0.0072595058009028435
1,1,0.998455286026001
1,1,0.999993085861206
1,1,0.9075146317481995
1,1,0.9960029721260071
0,0,0.05851093679666519
1,1,0.9419987201690674
1,1,0.9812569618225098
1,1,0.9982276558876038
0,0,0.0035663191229104996
1,1,0.9999723434448242
0,1,0.8863348364830017
1,1,1.0
1,1,0.7252151370048523
0,0,0.0009956429712474346
0,0,0.04170677065849304
1,1,0.6910616755485535
0,1,0.5822688937187195
1,1,0.9898402690887451
0,0,0.026176711544394493
1,1,0.9923251867294312
1,1,0.8724542856216431
1,0,0.42591702938079834
0,0,0.21522144973278046
0,0,0.043224018067121506
0,1,0.6824111938476562
1,1,0.8032561540603638
0,0,0.008560195565223694
0,0,0.03432340919971466
1,1,0.9944058656692505
1,1,0.9484692215919495
0,0,0.4750704765319824
1,1,0.9825279116630554
0,1,0.652252733707428
0,0,0.11470699310302734
0,0,1.0117998799907824e-10
1,1,0.9642906188964844
1,1,0.9920048117637634
1,1,0.9532917737960815
1,1,0.999531626701355
0,0,0.36484670639038086
1,0,0.2691273093223572
0,0,0.03995440527796745
0,0,0.03521032631397247
1,1,0.9511281847953796
1,1,0.6478077173233032
1,1,0.942803680896759
0,0,0.1411377489566803
0,1,0.8528444766998291
0,0,7.527245907112956e-05
0,0,0.027265654876828194
1,1,0.9026379585266113
1,1,0.9954788684844971
1,1,0.9999997615814209
0,0,0.0009231471922248602
1,1,0.9247300028800964
1,1,0.9998887777328491
1,1,0.998393714427948
0,0,0.3089527189731598
0,0,0.00035647820914164186
1,1,0.9800934195518494
1,1,0.958791196346283
0,0,0.005328150000423193
0,0,0.2132517695426941
0,0,0.021135544404387474
0,0,0.003490189090371132
0,0,0.05468615144491196
1,1,0.9999988079071045
0,0,0.27588149905204773
1,1,0.950721800327301
1,1,0.9902670979499817
1,1,0.737436830997467
1,1,0.8882681131362915
1,0,0.24047911167144775
0,0,0.0006224820390343666
1,1,0.9999620914459229
0,0,0.014046750962734222
0,1,0.7315076589584351
1,1,0.9997445940971375
1,1,0.9727641344070435
1,1,0.9984517097473145
1,1,0.8990561366081238
0,1,0.5551353096961975
0,0,0.18981733918190002
0,0,0.00017779496556613594
0,0,0.011045198887586594
1,1,0.9957863688468933
1,1,0.997931718826294
0,0,0.009046479128301144
0,0,0.062182698398828506
1,1,0.992215096950531
0,0,0.041394129395484924
0,0,0.4460732042789459
0,0,0.0005005985149182379
0,0,2.3245021907314367e-07
1,0,0.09728670120239258
1,1,0.9264795184135437
0,0,0.011552561074495316
0,0,0.4049716591835022
0,0,0.0023337022867053747
1,1,0.816936194896698
1,1,0.999593198299408
1,1,0.999984622001648
1,1,0.9949369430541992
0,0,0.003265710547566414
1,1,0.9525371789932251
1,1,0.9700977802276611
1,1,0.9991768002510071
1,1,0.8664556741714478
1,1,0.9748188853263855
0,0,0.009335467591881752
1,1,0.999279797077179
1,1,0.9961579442024231
1,1,0.54096519947052
0,0,0.12769706547260284
0,0,0.08646060526371002
0,0,0.0733533725142479
1,1,0.9726800918579102
1,1,0.9857110381126404
1,1,0.992326021194458
1,1,0.9953842759132385
1,1,0.9936136603355408
1,1,0.9992103576660156
1,1,0.9980489015579224
1,1,0.7530825138092041
1,1,0.9983624815940857
0,0,0.26743829250335693
1,1,0.9757950901985168
1,1,0.9999209642410278
0,0,0.06214478239417076
0,0,0.0004012539575342089
0,1,0.5155277252197266
1,0,0.0015476068947464228
1,1,0.9948550462722778
0,0,0.04416805878281593
1,1,0.974609911441803
1,1,0.9965000152587891
1,1,0.979031503200531
0,0,0.0011673738481476903
1,1,0.9477638006210327
1,1,0.9940794706344604
1,1,0.9619282484054565
0,0,0.0069546084851026535
1,1,0.9998224377632141
1,1,0.9975271821022034
0,0,0.00012945715570822358
0,0,0.014157143421471119
1,1,0.9740399122238159
1,0,0.4707319438457489
0,0,0.02510579116642475
0,0,0.020235612988471985
0,0,0.0012252313317731023
1,1,0.9676876068115234
1,1,0.9999933242797852
0,0,0.041871774941682816
1,1,0.9999998807907104
0,0,0.0026592742651700974
0,1,0.9283772706985474
1,1,0.5807825326919556
1,1,0.9997239708900452
1,0,0.18211102485656738
0,0,0.05051860213279724
0,1,0.6825313568115234
1,1,0.8896713256835938
0,0,0.03627755120396614
0,0,0.0919317826628685
1,1,0.9995996356010437
1,1,0.9938490986824036
1,1,0.9997479319572449
1,1,0.9870617985725403
1,1,0.9893600940704346
0,0,0.011443431489169598
0,0,0.04906515032052994
0,0,0.0002359820791753009
1,1,0.945336639881134
0,0,0.14274628460407257
0,0,0.002085927641019225
0,0,0.0013706099707633257
1,1,0.9983731508255005
1,1,0.9813529253005981
0,0,0.03848765417933464
0,0,0.07143880426883698
1,1,0.9918756484985352
0,0,0.03462144359946251
0,0,0.013827559538185596
1,1,0.638674795627594
1,1,0.6683708429336548
1,1,0.8984009027481079
1,1,0.9998262524604797
0,0,0.04613130912184715
1,1,0.6874664425849915
1,1,0.9869250059127808
0,0,0.31484827399253845
0,0,0.3014307916164398
0,0,0.026050660759210587
0,0,0.0037592940498143435
0,0,0.3406694531440735
1,1,0.7416534423828125
1,1,0.9832167625427246
1,1,0.9389668703079224
0,0,0.00017555247177369893
0,0,0.03885667771100998
0,0,5.002985199098475e-05
0,0,0.005759869236499071
1,1,0.5118346810340881
1,1,0.9442510008811951
0,0,0.0027065854519605637
1,1,0.9927700161933899
0,0,0.21022731065750122
1,1,0.6904757618904114
0,0,0.2558899521827698
1,1,0.9999978542327881
0,0,0.4918820261955261
0,1,0.5213711857795715
1,1,0.987656831741333
0,0,0.39323103427886963
1,1,0.967532217502594
0,0,0.03583373874425888
0,0,0.03196190297603607
1,1,0.9974811673164368
1,0,0.4560921788215637
1,1,0.9832963347434998
1,1,0.9949087500572205
1,1,0.9997778534889221
1,1,0.8150371313095093
0,0,0.08154762536287308
0,0,0.0020429601427167654
1,1,0.999904990196228
1,1,0.9526601433753967
1,1,0.998684823513031
0,0,0.0008223616750910878
0,0,0.00023575227533001453
0,0,0.14968402683734894
0,0,0.009576443582773209
1,1,0.9959652423858643
0,1,0.6626519560813904
1,1,0.9997488856315613
1,1,0.9839516282081604
1,1,0.5371518135070801
1,1,0.9368438124656677
1,1,0.9381667971611023
1,1,0.9980072379112244
1,1,0.8037729263305664
0,0,0.03481975570321083
1,1,0.9999984502792358
0,0,0.08357534557580948
0,0,0.003012758446857333
1,1,0.861676812171936
0,0,0.03550338000059128
0,0,0.18798890709877014
0,0,0.07999887317419052
1,1,0.9997972846031189
1,1,0.9999629259109497
0,0,0.3413615822792053
0,0,0.0070068370550870895
0,0,0.007267874199897051
1,0,0.37747958302497864
1,1,0.999923825263977
0,0,4.940762323712988e-07
1,1,0.9997939467430115
0,0,0.0045182304456830025
0,0,0.000965889310464263
1,1,0.9807283282279968
1,1,0.9877336025238037
0,0,0.00033520086435601115
1,1,0.9871492981910706
1,1,0.9776046872138977
1,0,0.3811485767364502
1,1,0.8061079978942871
1,1,0.974538266658783
1,1,0.9925859570503235
1,1,0.8180052042007446
0,0,0.00013654200301971287
0,1,0.9999653100967407
0,0,0.02064569480717182
1,1,0.9991174340248108
0,0,0.016624486073851585
0,0,0.0015960953896865249
0,0,0.4030863046646118
1,1,0.9438781142234802
1,1,0.9610627293586731
0,0,0.044074397534132004
0,0,0.06770963966846466
1,0,0.21968574821949005
0,0,0.005796175450086594
0,0,0.00043343703146092594
1,1,0.853182852268219
0,0,0.013078402727842331
0,1,0.9300273060798645
0,0,0.014938823878765106
0,0,0.0025868741795420647
0,0,0.02399890497326851
0,0,0.00617413641884923
0,0,0.061450712382793427
0,0,0.0015822418499737978
0,1,0.8617264628410339
1,1,0.994761049747467
1,0,0.3055798411369324
0,0,0.04724855348467827
0,0,0.0064018405973911285
0,0,0.023455563932657242
0,0,0.023741377517580986
0,0,0.014607822522521019
0,0,0.038209691643714905
0,0,0.010636717081069946
1,1,0.7671501636505127
0,0,0.4903663992881775
0,0,0.0014367521507665515
0,0,0.20652581751346588
1,1,0.9878701567649841
0,0,0.19634756445884705
1,1,0.7554470300674438
0,0,0.0013258516555652022
1,1,0.9812054634094238
0,1,0.7031019926071167
1,1,0.9961336851119995
1,1,0.9991162419319153
1,1,0.9995296001434326
1,1,0.9947386384010315
1,1,0.9991944432258606
1,1,0.9543787240982056
0,0,0.3826797604560852
1,1,0.7042571902275085
1,1,0.9131696820259094
0,0,0.04153333231806755
1,1,0.8944413661956787
1,1,0.7176514863967896
1,1,0.9982977509498596
1,1,0.9737263917922974
0,0,0.004807228688150644
0,0,0.027244102209806442
1,1,0.9898858070373535
1,1,0.9999741315841675
0,0,0.17365893721580505
1,1,0.8881500959396362
0,0,0.005740647204220295
1,1,0.5922744870185852
0,0,0.001293097622692585
1,1,0.7424989342689514
0,0,0.09208091348409653
1,1,0.995591402053833
0,0,0.47742971777915955
0,0,0.4753122329711914
1,1,0.999985933303833
1,1,0.9999791383743286
1,1,0.9998018145561218
1,1,0.9995183944702148
1,1,0.9704030156135559
1,1,0.9539152979850769
0,0,0.0004695170500781387
0,0,0.2499672770500183
0,0,0.22571180760860443
0,0,0.0004685281019192189
0,0,1.3529214015761681e-07
0,0,0.01464657112956047
0,0,0.0013116459595039487
1,1,0.9999818801879883
0,0,0.00961181242018938
0,0,5.265453000902198e-05
0,0,1.1790112320161683e-16
1,1,1.0
0,0,0.04546630382537842
1,1,0.880047082901001
1,1,0.7869907021522522
1,1,0.9770373106002808
1,1,0.999992847442627
1,1,0.8421862721443176
1,0,0.3756283223628998
0,0,0.054270051419734955
0,0,0.17409230768680573
0,0,0.012332289479672909
1,1,0.9989677667617798
0,0,0.002381021622568369
0,0,0.008266791701316833
1,1,0.9992438554763794
1,1,0.9999758005142212
1,1,0.9999454021453857
1,1,0.9887151122093201
0,0,0.027873879298567772
0,0,0.042740579694509506
1,1,0.998607337474823
1,1,0.9661710262298584
0,0,0.0009593204595148563
0,0,0.002586187794804573
0,0,0.1448056548833847
0,0,0.07803788036108017
1,1,0.9041998982429504
1,1,0.9999971389770508
1,1,0.8301966190338135
1,1,0.9999556541442871
1,1,0.9998464584350586
0,0,0.009962915442883968
1,1,0.9999784231185913
1,1,0.7921680212020874
1,1,0.9908133149147034
0,0,0.12857484817504883
1,1,0.9990320205688477
0,0,0.09278421849012375
1,1,0.9948263764381409
0,0,0.0031644157133996487
0,0,0.04729621857404709
0,1,0.5274756550788879
0,0,0.0026666298508644104
1,1,0.9830533862113953
0,0,0.0036414999049156904
1,1,0.9322656989097595
0,0,0.0009597025928087533
0,0,0.27563461661338806
1,1,0.9999998807907104
1,1,0.9965819716453552
1,1,0.9960498213768005
0,0,2.8945674785063602e-05
1,1,0.9967558979988098
1,1,1.0
1,1,0.999697208404541
0,0,0.06398943066596985
1,1,0.8832718729972839
0,0,0.004820144269615412
1,1,0.975989818572998
1,1,0.9949472546577454
1,0,0.24509558081626892
1,1,0.999565064907074
1,1,0.9537071585655212
0,0,0.01853824593126774
0,0,0.25497135519981384
1,1,0.9982151985168457
1,1,0.9659725427627563
1,1,0.7903600931167603
0,0,0.03546377271413803
0,0,0.34948572516441345
0,0,0.059577248990535736
1,1,0.9999749660491943
1,1,0.980172336101532
0,0,0.09663872420787811
1,1,0.9792985916137695
1,1,0.999998927116394
1,1,0.9998531341552734
0,0,1.203808324135025e-06
1,1,0.7756802439689636
0,1,0.8454959392547607
0,0,9.007030143948214e-08
1,1,0.9998399019241333
1,1,0.999370276927948
0,0,0.01689976640045643
1,1,0.9999104738235474
1,1,0.9999526739120483
1,1,0.9991692304611206
1,0,0.3007606267929077
0,0,0.372341513633728
1,1,0.9936571717262268
1,1,0.5951706171035767
0,0,0.03688109293580055
0,0,0.11145933717489243
0,0,0.00318151549436152
1,1,0.9858664870262146
1,1,0.9989684820175171
1,1,0.9998875856399536
1,1,0.7292029857635498
1,1,0.8811697363853455
0,0,8.109637565212324e-05
0,1,0.8282082080841064
0,0,0.024567652493715286
0,0,4.877027095062658e-05
1,1,0.9999927282333374
0,0,0.0032622728031128645
1,1,0.9866608381271362
0,0,0.054428305476903915
1,1,0.998641312122345
1,1,0.7868938446044922
1,1,0.9999732971191406
1,1,0.9995822310447693
1,1,0.9914679527282715
1,1,0.9443052411079407
1,1,0.9841489195823669
0,0,0.007683327421545982
0,0,0.265256404876709
0,0,0.0002267147647216916
0,0,1.6098516653073602e-06
0,0,0.06618759036064148
1,0,0.27765387296676636
1,1,0.9987441301345825
1,1,0.6800621151924133
0,0,0.055080242455005646
1,1,0.998969554901123
0,0,0.0077257901430130005
1,1,0.9738378524780273
1,1,0.9923956394195557
0,0,0.08557046949863434
0,0,0.09456238150596619
0,0,0.029389236122369766
1,1,0.9850505590438843
1,1,0.9982008934020996
0,0,0.005493138916790485
1,1,0.9646579623222351
0,1,0.5895564556121826
0,0,0.00047101228847168386
0,0,0.0002854662307072431
1,1,0.9954448938369751
0,0,0.01858438551425934
0,0,7.893687870819122e-05
1,1,0.9324674010276794
0,0,0.005824398249387741
0,0,0.041780635714530945
1,1,0.7577374577522278
1,1,0.999842643737793
0,0,0.0065928068943321705
0,0,0.1389734297990799
0,0,0.027107620611786842
0,0,0.006303253583610058
1,1,0.9994839429855347
0,0,0.07895441353321075
0,0,0.0011741475900635123
1,1,0.9829166531562805
1,1,0.9982802867889404
1,1,0.9988246560096741
1,1,0.9947826266288757
0,0,1.9610596133090574e-11
0,0,0.012760624289512634
0,0,0.006174853537231684
0,0,0.10351461917161942
1,1,0.996828019618988
0,0,0.026298046112060547
0,0,0.0020635309629142284
0,0,0.06396345049142838
0,0,0.01759043149650097
1,1,0.5224190950393677
1,1,0.9996343851089478
1,1,0.6492083668708801
0,0,0.20224566757678986
1,1,0.9965149164199829
1,1,0.9927847385406494
1,1,0.9956154823303223
1,1,0.9985659718513489
0,0,0.002579577500000596
0,0,0.027067845687270164
0,0,0.011782572604715824
0,0,0.03353285416960716
0,0,0.3287472128868103
1,1,0.9992777705192566
1,1,0.9961152076721191
0,0,0.035496268421411514
1,1,0.9689337611198425
0,0,0.00028476788429543376
0,0,0.01289726234972477
1,1,0.6412501931190491
1,1,0.9189252853393555
1,1,0.9777397513389587
0,0,0.15227650105953217
0,0,0.04687107726931572
1,0,0.15690580010414124
0,0,0.08132901787757874
0,0,0.018279988318681717
1,1,0.9866663813591003
1,1,0.8608447313308716
1,1,0.9986901879310608
1,1,0.9325984120368958
1,1,0.6685630083084106
1,1,0.9999077320098877
1,1,0.9999806880950928
1,1,0.9999840259552002
1,1,0.9983382225036621
0,0,0.023503735661506653
1,1,0.7945631146430969
1,1,0.9889525175094604
1,1,0.9989625215530396
0,0,6.018403291818686e-05
1,0,0.493818998336792
0,0,0.12864211201667786
0,0,0.12602099776268005
0,0,0.002117948606610298
1,1,0.9998737573623657
0,0,0.10789646953344345
0,0,0.002683332422748208
0,0,0.017353249713778496
0,0,0.0009561750339344144
1,1,0.9739752411842346
1,1,0.9969154596328735
1,1,0.7969740629196167
1,1,0.8541179299354553
0,0,0.11219149082899094
1,1,0.9960950016975403
1,1,0.845386266708374
0,0,0.057818688452243805
1,1,0.9951472878456116
0,0,0.055988945066928864
1,1,0.9949393272399902
0,0,0.0781453475356102
0,1,0.6331390738487244
1,1,0.9999961853027344
1,1,0.999194324016571
1,1,0.7193990349769592
0,0,0.004636664874851704
1,1,0.5807459950447083
1,1,0.9921072125434875
0,0,0.10396870970726013
1,1,0.9928938746452332
0,0,0.012684493325650692
0,0,0.007794972974807024
0,0,0.00026856755721382797
0,0,0.0010167210130020976
1,1,0.9945487380027771
1,1,0.9976207613945007
1,1,0.9980936646461487
1,1,0.9170451164245605
1,1,0.5605224370956421
1,1,0.9833970665931702
1,1,0.7364373803138733
1,1,0.5317206978797913
0,0,0.034680068492889404
0,0,0.2657804489135742
1,1,0.9477754831314087
1,1,0.9865871071815491
1,1,0.6341734528541565
0,0,0.0008099626866169274
0,0,0.023386236280202866
0,0,0.03307836502790451
1,1,0.8939199447631836
1,1,0.9970790147781372
1,0,0.07828332483768463
0,0,0.0017763087525963783
1,1,0.9992654919624329
1,1,0.988860547542572
1,1,0.9908431768417358
0,0,2.2281969904724974e-06
0,0,0.45773014426231384
1,1,0.9999951124191284
0,0,0.0075733656994998455
1,1,0.9995087385177612
1,1,0.9998500347137451
0,0,0.00038298865547403693
0,0,0.03473704680800438
0,0,0.03929578885436058
0,0,0.0004512899904511869
0,0,0.04149262234568596
1,1,0.9999697208404541
0,0,8.646440505799546e-07
0,0,0.006046412978321314
1,1,0.9999382495880127
1,1,0.995664656162262
1,1,0.9756866097450256
0,1,0.9748100638389587
1,1,0.9966604709625244
1,1,0.9999548196792603
0,0,0.05147571861743927
1,1,0.8738093972206116
0,0,0.02947220765054226
1,1,0.9906219840049744
1,1,0.999110758304596
1,1,0.6685116291046143
0,0,0.008415356278419495
1,1,0.9977066516876221
1,1,0.9156673550605774
0,0,2.299919970027986e-07
1,1,0.9749315977096558
1,1,0.6756970882415771
1,1,0.9997598528862
1,1,0.9392601847648621
1,0,0.048840977251529694
0,0,0.12183951586484909
1,1,0.9999531507492065
1,1,0.99652498960495
0,0,0.07430842518806458
1,1,0.8717613220214844
0,0,0.04462070390582085
1,1,0.9997696280479431
0,0,0.00527563039213419
0,0,0.13738994300365448
1,1,0.8871108293533325
0,0,3.1929299439070746e-05
1,1,0.9981111288070679
1,0,0.3694956600666046
0,0,0.017440279945731163
1,1,0.9840922355651855
0,0,0.12795774638652802
0,0,0.00041766162030398846
0,0,0.0031749485060572624
0,0,0.4499167501926422
1,1,0.9579447507858276
1,1,0.9615734219551086
0,0,0.002110003959387541
1,1,0.999728262424469
0,0,0.11194280534982681
0,0,0.008411108516156673
1,1,0.9995576739311218
0,0,0.34792932868003845
0,0,0.0033159430604428053
0,0,3.013649802596774e-06
0,0,1.10699165816186e-05
1,1,0.7550584077835083
0,0,0.07107046991586685
1,1,0.973173201084137
1,1,0.9699357748031616
1,1,0.952601969242096
1,1,0.9804477691650391
0,0,0.06956061720848083
1,1,0.9214017987251282
1,1,0.9875251054763794
1,1,0.9649869203567505
1,1,0.9146106839179993
0,0,0.00876163225620985
0,0,0.177937313914299
0,0,0.08416938781738281
0,0,0.00046522810589522123
1,1,0.9865474700927734
0,0,0.2652677297592163
0,0,0.0192806888371706
0,0,0.1967444270849228
1,1,0.9404407143592834
1,1,0.9984650611877441
1,1,0.9653212428092957
1,1,0.9997034668922424
1,1,0.9971338510513306
1,1,0.7681733965873718
1,1,0.9390279650688171
1,1,0.9931501746177673
1,1,0.9999783039093018
1,1,0.9912846088409424
0,0,0.01739800162613392
0,0,0.007150556892156601
1,1,0.9769143462181091
1,1,0.9663161635398865
0,0,0.08776312321424484
0,0,3.9044363802531734e-05
1,1,0.9984185695648193
1,0,0.4359971582889557
0,0,0.0006813067593611777
0,0,0.03211791813373566
1,1,0.984602689743042
1,1,0.9997069239616394
1,1,0.9196674823760986
1,1,0.9998069405555725
1,1,0.9809296131134033
1,1,0.9883455038070679
0,0,0.0030043614096939564
0,0,3.133892700901697e-09
1,1,0.7593349814414978
0,0,0.005922548472881317
1,1,0.9999544620513916
1,1,0.9714126586914062
1,1,0.9910522103309631
1,1,0.8649900555610657
0,0,0.0008471236797049642
0,0,0.0008615616825409234
1,1,0.7386522889137268
0,0,0.007812498137354851
0,1,0.8524337410926819
1,1,0.9600012302398682
1,1,0.9948487281799316
0,0,0.011685703881084919
0,0,0.0021505102049559355
1,1,0.9697956442832947
0,0,0.0003203034575562924
1,1,0.9999992847442627
0,0,0.0005770774441771209
0,0,0.0015803506830707192
1,1,0.9984336495399475
0,0,2.3442778740445647e-07
0,0,0.0014507033629342914
0,1,0.8368536233901978
0,1,0.631851851940155
0,0,0.22713735699653625
0,0,0.13524958491325378
1,1,0.9299704432487488
1,1,0.999854326248169
0,1,0.6438038349151611
0,0,0.016848823055624962
1,1,0.9919558763504028
1,1,0.9957969188690186
0,0,0.0008932634373195469
1,0,0.4661780297756195
1,1,0.9965325593948364
0,0,8.068215538514778e-05
0,0,0.00016144770779646933
0,0,1.600026007508859e-05
0,0,0.0019658810924738646
0,0,0.0001224425941472873
0,0,0.15615089237689972
0,0,0.38569676876068115
0,0,0.0178015548735857
1,1,0.9984797835350037
0,0,0.01314899418503046
1,1,0.9996660947799683
0,0,0.0039085643365979195
0,0,0.02870403230190277
1,1,0.8432356119155884
1,1,0.9973426461219788
1,1,0.997734546661377
0,0,0.010586488991975784
1,1,0.9781031608581543
1,1,0.993293285369873
0,0,0.18851804733276367
1,1,0.9976807832717896
1,1,0.9996311664581299
1,1,0.99631267786026
1,1,0.9996103644371033
1,1,0.9878860712051392
1,1,0.8955446481704712
1,1,0.9837303161621094
0,1,0.8873388767242432
0,0,2.367830575167318e-06
1,1,0.9921912550926208
1,1,0.9982775449752808
1,1,0.9887416958808899
0,0,1.7532763649796834e-06
0,0,0.014538557268679142
1,1,0.9809792637825012
1,1,0.998751163482666
0,0,0.0024911181535571814
0,0,0.014685056172311306
1,1,0.9758594632148743
1,1,0.7710934281349182
0,0,0.09656582027673721
0,0,0.03514452278614044
1,1,0.9637648463249207
1,1,0.7421534657478333
1,1,0.8877019882202148
0,0,0.07703621685504913
1,1,0.6327275633811951
1,1,0.999990701675415
1,1,0.9999359846115112
0,0,1.1287484994682018e-05
0,0,0.0012559210881590843
1,1,0.9999881982803345
0,0,0.007555453106760979
0,0,0.004322489723563194
0,0,0.00312216579914093
0,0,0.06529855728149414
0,0,0.20608411729335785
0,0,0.0004383613704703748
0,0,0.32855919003486633
0,0,0.0938192754983902
0,0,0.007957394234836102
0,1,0.9999598264694214
0,0,0.26591283082962036
0,0,0.003291167551651597
0,0,0.0017352673457935452
1,1,0.9863124489784241
0,0,0.012539641000330448
0,0,0.00039525574538856745
1,1,0.9506444334983826
1,1,0.9915496110916138
1,1,0.999825656414032
0,0,0.03759642690420151
0,0,0.0031438700389117002
1,1,0.994855523109436
1,1,0.9976970553398132
0,0,0.0009170753182843328
1,1,0.9453749656677246
1,1,0.9996330738067627
1,1,0.9742996692657471
0,0,0.004482191056013107
1,1,0.9999998807907104
1,1,0.9658907055854797
1,1,0.8676432967185974
1,1,0.9999247789382935
0,0,0.004904258064925671
0,0,0.30051177740097046
0,0,0.003672299673780799
0,0,0.17775996029376984
0,0,0.011454058811068535
1,1,0.8560492992401123
0,0,3.457175625953823e-05
0,0,5.242495717538986e-06
1,1,0.991294801235199
1,0,0.21387812495231628
0,0,0.0019668664317578077
0,0,0.0950547531247139
0,0,0.0066450051963329315
1,1,0.9999576807022095
0,0,0.0009425971657037735
0,0,0.00011578820704016834
1,0,0.3771640360355377
0,0,0.0006491455133073032
0,0,0.26937243342399597
0,0,0.11297368258237839
1,1,0.9776234030723572
1,1,0.9874479174613953
1,1,0.9929331541061401
1,1,0.9999997615814209
1,1,0.9994184970855713
1,1,0.9999996423721313
1,1,0.9998531341552734
1,1,0.952284574508667
1,1,0.9984422326087952
1,1,0.9998588562011719
1,1,0.999981164932251
1,1,0.9914041757583618
1,1,0.9999990463256836
1,1,0.905777633190155
1,1,0.9746745824813843
0,0,0.001586295897141099
1,1,0.9714260697364807
1,1,1.0
1,1,0.9995598196983337
1,1,0.9999182224273682
0,0,0.0005509079783223569
1,1,0.9999558925628662
0,0,0.05376404523849487
0,0,0.0006052629905752838
0,0,0.18489614129066467
0,0,1.0102663594580008e-07
0,1,0.706463098526001
1,1,0.9999927282333374
0,0,0.18564006686210632
0,0,0.2713938355445862
0,0,0.011873388662934303
0,0,0.18433615565299988
1,1,0.9958186745643616
1,1,0.9909107089042664
1,1,0.8534312844276428
1,1,0.8490830659866333
1,1,0.9959537982940674
0,0,0.28129512071609497
0,1,0.7596925497055054
1,1,0.8159239292144775
1,1,0.9981203675270081
0,1,0.92816162109375
1,1,0.6902899742126465
1,1,0.9815484881401062
1,1,0.9917733073234558
0,0,0.03210166096687317
1,1,0.9956048727035522
0,0,0.14775192737579346
1,1,0.9901303648948669
0,0,0.012579966336488724
0,0,0.0038290282245725393
0,1,0.7307525873184204
1,1,0.7571125030517578
0,0,0.4313552975654602
0,0,0.21045199036598206
0,0,0.011545115150511265
1,1,0.9839290380477905
0,0,0.0007587770815007389
1,1,0.7086388468742371
1,0,0.22227098047733307
1,1,0.9968648552894592
1,1,0.9997307658195496
0,0,0.04558268561959267
0,0,0.0027000356931239367
1,1,0.9871609210968018
1,1,0.9728614687919617
0,0,0.018601499497890472
0,0,0.03808772936463356
1,1,0.7818864583969116
0,0,0.1880786120891571
0,0,0.0019322425359860063
0,0,0.014198471792042255
1,1,0.9994341731071472
0,0,0.09555608779191971
0,0,0.26655834913253784
1,1,0.9071360230445862
1,1,0.9999450445175171
0,1,0.5877898931503296
1,1,0.9978410005569458
1,1,0.998790442943573
1,1,0.9995098114013672
1,1,0.9885912537574768
1,1,0.8540683388710022
0,0,0.001168859307654202
1,0,0.012414439581334591
0,0,0.15146613121032715
1,1,0.9926409125328064
1,1,0.9949612617492676
1,1,0.964441180229187
0,0,2.8266025765333325e-05
1,1,0.9997846484184265
0,0,0.005334064364433289
1,1,0.9763739705085754
0,1,0.8836016058921814
0,0,3.132627668378518e-08
1,1,0.9908068776130676
0,0,0.05679633468389511
1,1,0.9382558465003967
0,0,0.04730067029595375
0,0,0.11346597969532013
0,0,0.0006652091979049146
0,0,0.001453495235182345
0,1,0.5763256549835205
1,1,0.9861449003219604
1,1,0.9872822761535645
1,1,0.9998371601104736
1,1,0.9982628226280212
1,1,0.9938242435455322
1,1,0.9999492168426514
1,1,0.9978146553039551
1,1,0.9927096366882324
0,0,0.20320788025856018
1,1,0.9413534998893738
0,0,0.09075285494327545
0,0,0.11646934598684311
0,0,0.00018603338685352355
0,0,0.43346208333969116
0,0,0.13338837027549744
0,0,0.0016204031417146325
0,0,0.016956083476543427
0,1,0.9328983426094055
0,0,6.876512657072453e-07
1,1,0.9986222982406616
0,0,0.006269269622862339
0,0,0.0003816190001089126
1,1,0.9874211549758911
1,1,0.6996117234230042
0,0,0.3021014332771301
1,0,0.42030900716781616
0,0,0.017888110131025314
0,0,0.16505751013755798
1,1,0.9963788390159607
1,1,0.9613714218139648
0,0,0.021597199141979218
0,0,6.919198767718626e-06
0,0,1.0354276547275276e-08
0,0,0.0001070074868039228
0,0,0.0003928740625269711
0,0,0.4307999014854431
0,0,0.02182106487452984
0,0,0.2119152545928955
1,1,0.9972840547561646
1,1,0.9975889921188354
1,1,0.9891476631164551
1,1,0.6912634372711182
1,1,0.9952422380447388
1,1,0.9825908541679382
0,0,0.025723205879330635
0,0,0.13181164860725403
0,0,0.4622340202331543
0,0,0.0023188937921077013
0,0,7.428024400724098e-05
1,1,0.9496329426765442
1,0,0.22604866325855255
0,0,0.1578051894903183
1,1,0.9993867874145508
0,0,0.00692718056961894
0,0,0.029128126800060272
1,1,0.9980812072753906
1,1,0.8677842020988464
1,1,0.9877308011054993
1,1,0.9977840781211853
1,1,0.9995477795600891
1,1,0.9989696741104126
1,1,0.9831421375274658
0,0,0.21195663511753082
1,1,0.999431312084198
0,0,0.011862780898809433
0,0,0.34860965609550476
0,0,0.04043635353446007
1,1,0.9904159307479858
1,1,0.9843569397926331
0,0,0.00102788966614753
0,0,0.04130523279309273
0,0,0.008471622131764889
1,1,0.8751426339149475
0,0,0.44661128520965576
1,1,0.9686184525489807
0,0,0.025648366659879684
0,0,0.23387348651885986
1,1,0.9921925663948059
1,1,0.8931626677513123
1,0,0.24901098012924194
1,1,0.9302783012390137
1,1,0.9785878658294678
0,0,0.011407159268856049
1,1,0.9572149515151978
0,0,0.011073799803853035
1,0,0.20267705619335175
1,1,0.6074188947677612
0,0,0.01133689284324646
1,1,0.985630989074707
1,1,0.9999924898147583
1,1,0.9999637603759766
0,0,0.01800740882754326
1,1,0.8434115052223206
0,0,0.004269273951649666
1,1,0.9956715106964111
0,0,0.06604677438735962
1,1,0.9928787350654602
1,1,0.9968895316123962
1,1,0.9627252221107483
1,0,0.034520749002695084
1,1,0.999980092048645
1,1,0.5109614133834839
1,1,0.5026409029960632
0,0,0.18512363731861115
0,0,0.0563240647315979
1,1,0.9781714081764221
0,0,0.0038192749489098787
0,0,0.0008452316978946328
1,1,0.9962599277496338
0,0,2.445483551127836e-05
0,0,0.38364744186401367
1,1,0.9958891272544861
1,1,0.9997439980506897
0,0,0.07401087135076523
0,0,0.001666639349423349
1,1,0.9980722665786743
1,1,0.9848953485488892
0,0,0.0325218141078949
1,1,0.9485336542129517
0,0,0.1398446410894394
1,1,0.9998980760574341
0,0,0.019053950905799866
0,0,0.16243548691272736
1,1,0.9981470108032227
1,1,0.9999998807907104
1,1,0.9641406536102295
1,1,0.9786930084228516
1,1,0.948603093624115
1,1,0.9981750249862671
0,0,0.05798273906111717
1,1,0.9927253723144531
1,1,0.9999363422393799
1,1,0.9999983310699463
1,1,0.9970633387565613
0,0,0.0024246638640761375
0,0,0.04035115987062454
1,1,0.975021243095398
0,0,0.058246392756700516
1,1,0.9987354874610901
1,1,0.9945929646492004
1,1,0.9297048449516296
1,1,0.893995463848114
1,1,0.998101532459259
1,1,0.9981195330619812
1,1,0.9860942363739014
1,1,0.9999998807907104
1,1,0.9959700107574463
1,1,0.9893571734428406
1,1,0.989329993724823
1,1,0.9528340697288513
0,0,0.0007572431350126863
1,1,0.9819884896278381
1,1,0.9760682582855225
0,0,0.11924273520708084
1,1,0.9939261078834534
1,1,0.8031523823738098
1,1,0.8464981317520142
1,1,0.9939957857131958
1,1,0.9223886132240295
1,1,0.9999160766601562
1,1,0.9999523162841797
1,1,0.9997232556343079
0,1,0.7916032075881958
0,0,6.630077820091174e-08
0,0,0.0072976769879460335
1,1,0.6546886563301086
1,1,0.998784601688385
0,0,0.0434042327105999
0,0,0.393136590719223
0,0,0.0034884449560195208
1,1,0.9918166995048523
1,1,0.9997630715370178
0,0,0.02581251785159111
0,0,0.0315660759806633
0,0,0.021908706054091454
1,1,0.9348334074020386
1,1,0.7184221744537354
1,1,0.7097379565238953
1,1,0.9995854496955872
0,1,0.8093762993812561
1,1,0.8698780536651611
0,0,0.1699739694595337
1,1,0.9987834095954895
0,0,0.0040061986073851585
1,1,0.9894638061523438
0,0,0.04551418498158455
1,1,0.9310219287872314
1,1,0.9987402558326721
1,1,0.9964859485626221
1,1,0.9999862909317017
1,1,0.9932448267936707
1,1,0.9952541589736938
1,1,0.9992859959602356
0,0,0.07593494653701782
1,1,0.999977707862854
1,1,0.9999864101409912
0,0,0.2675066292285919
1,1,0.9893805980682373
1,1,0.5328991413116455
0,0,0.0013577024219557643
1,1,0.9341039061546326
0,0,0.12992356717586517
0,0,0.3914734125137329
0,0,0.2958131730556488
0,0,0.013017505407333374
0,0,1.1567173885396187e-07
0,0,0.01376363169401884
1,1,0.9999997615814209
1,1,0.999998927116394
1,1,0.9973835349082947
0,0,0.4536997079849243
1,1,0.9837860465049744
1,1,1.0
1,1,0.9983826875686646
0,0,0.20973064005374908
1,1,0.996422290802002
1,1,0.9995730519294739
1,1,0.9820165038108826
0,0,0.17412994801998138
1,1,0.9999734163284302
0,0,0.01858367584645748
1,1,0.9929591417312622
1,1,0.9966561794281006
0,0,0.014196323230862617
1,1,0.9485184550285339
1,1,0.8948951959609985
0,0,0.003956906497478485
1,1,0.9996945858001709
1,1,0.941367506980896
0,0,0.0003367002645973116
0,0,0.0009907169733196497
0,0,0.03183399513363838
1,0,0.15247221291065216
1,1,0.998902440071106
1,1,0.9931734204292297
1,1,0.8424775004386902
1,0,0.20193302631378174
0,0,0.007876841351389885
1,1,0.9612843990325928
0,0,0.04491721838712692
0,0,0.0035798789467662573
0,0,0.41259828209877014
1,1,0.9992399215698242
1,0,0.45920780301094055
1,1,0.7720328569412231
1,1,0.9999415874481201
1,1,0.9904738068580627
1,1,0.743448793888092
1,1,0.9978511333465576
0,0,7.43170894565992e-05
0,0,2.9015873224125244e-05
1,1,0.9948348999023438
1,1,0.9999558925628662
0,0,0.0800224170088768
0,0,0.0017158051487058401
0,0,0.14623574912548065
1,1,0.9931082725524902
1,1,0.9991829991340637
0,0,0.003592143068090081
0,0,0.0026888407301157713
0,0,0.012371513992547989
0,0,0.027893617749214172
1,1,0.9978945851325989
1,1,0.9623966217041016
0,0,0.009794705547392368
0,1,0.7002866864204407
0,0,0.4323866069316864
1,1,0.9998536109924316
1,1,0.995151162147522
0,0,0.004861162044107914
0,0,0.00031156191835179925
0,0,0.02206656150519848
1,1,0.6775012016296387
0,0,2.148555495296023e-06
0,0,0.00012785459693986923
0,1,0.7153339385986328
1,1,0.9948185086250305
0,0,0.3558398187160492
0,0,0.014740963466465473
1,1,0.9999692440032959
1,1,0.9999849796295166
1,1,0.9999239444732666
1,1,0.9945430755615234
1,1,0.9758057594299316
0,0,0.0383358933031559
1,1,0.9999990463256836
0,0,6.29307078270358e-06
0,0,0.0012204028898850083
0,1,0.953916072845459
1,1,0.7940220832824707
0,0,0.0411498099565506
0,0,0.08904830366373062
0,0,0.08021671324968338
0,0,0.09972978383302689
0,0,0.34589409828186035
0,0,0.0009390692575834692
0,0,0.052416276186704636
0,0,0.05153217166662216
0,0,0.032154351472854614
1,1,0.987589418888092
1,1,0.9804916381835938
1,1,0.9906708002090454
0,0,0.00020247026986908168
1,1,0.8856044411659241
1,0,0.10926363617181778
0,0,0.24941058456897736
0,0,0.0011027639266103506
0,1,0.5232762694358826
0,1,0.7479050159454346
0,0,0.05779123678803444
0,1,0.863228440284729
0,0,0.24481847882270813
0,0,0.04910750687122345
1,1,0.9998759031295776
0,1,0.7222893238067627
1,1,0.894904375076294
0,0,0.00025436581927351654
1,1,0.9995741248130798
1,1,0.9894461035728455
1,1,0.8727856278419495
0,0,0.17454907298088074
1,1,0.5257404446601868
0,0,0.42812931537628174
0,0,0.0989648625254631
0,0,0.003237489378079772
0,0,0.38413310050964355
1,1,0.9998342990875244
1,1,0.5862183570861816
1,0,0.1661924570798874
1,1,0.9999982118606567
1,1,0.9999843835830688
1,1,0.9940880537033081
1,1,0.9996563196182251
1,1,0.999915599822998
1,1,0.6835565567016602
0,0,0.3433302938938141
0,0,0.23059411346912384
0,0,0.011592989787459373
0,0,0.00011295926378807053
1,1,0.8742253184318542
0,0,0.012526392936706543
0,0,0.009931934997439384
0,0,0.34999945759773254
1,1,0.988987386226654
0,0,0.00012600487389136106
1,1,0.9615311026573181
1,1,0.7740505337715149
0,0,6.265645788516849e-05
1,0,0.2607783377170563
1,1,0.9691765904426575
1,0,0.33553919196128845
1,1,0.9997294545173645
0,0,0.17517201602458954
1,1,0.9496456980705261
1,1,0.7734698057174683
0,0,0.0015760455280542374
1,1,0.9942198991775513
1,1,0.875988245010376
0,0,0.00039428574382327497
1,1,0.9999994039535522
0,0,0.0015928942011669278
1,1,0.9575384855270386
1,1,0.9955328702926636
1,1,0.9995970129966736
1,1,0.9919211864471436
1,0,0.3530999422073364
0,0,0.002474849345162511
0,0,0.037782616913318634
1,1,0.6200535893440247
1,1,0.9713302254676819
1,1,0.893554151058197
0,0,0.323834627866745
1,1,0.9914953708648682
1,1,0.9758339524269104
0,0,0.2874411344528198
1,1,0.9993942975997925
0,0,0.0018615535227581859
1,1,0.9919207096099854
0,0,0.4700733721256256
1,1,0.8017790913581848
1,1,0.9784412980079651
0,0,0.02499178610742092
1,0,0.45278194546699524
0,1,0.6072089076042175
0,0,0.0028827155474573374
0,0,0.0007840833277441561
0,0,0.006849983707070351
0,1,0.6322991847991943
0,0,5.097788857710839e-08
0,0,0.0002308967086719349
1,1,0.9015405774116516
1,1,0.7266279458999634
1,1,0.9946051239967346
0,0,0.00023744208738207817
1,0,0.39388033747673035
0,0,0.00691984361037612
0,0,0.001382094924338162
0,0,0.18930171430110931
1,1,0.9953548908233643
1,1,0.9995163679122925
1,1,0.990956723690033
1,1,0.9984647035598755
0,0,0.001992857549339533
1,1,0.9985900521278381
1,0,0.2640858292579651
0,0,0.2386332005262375
1,1,0.9986749291419983
1,1,0.9999945163726807
0,0,0.00033615180291235447
0,0,0.43796077370643616
1,1,0.9991381168365479
1,1,0.8978579640388489
0,0,0.40689682960510254
0,0,6.522473267978057e-05
1,1,0.9978348612785339
1,1,0.8170113563537598
0,0,0.10700704157352448
0,0,0.1289345771074295
1,1,0.9569974541664124
1,1,0.9378349184989929
0,0,0.002920991973951459
1,1,0.9447636008262634
0,0,0.02407877892255783
0,0,0.0028764300514012575
0,0,0.00016088540724013
0,0,0.013193866237998009
0,0,1.507539337808339e-07
0,0,0.014525610022246838
0,0,0.03204498067498207
1,1,0.9912125468254089
1,1,0.9880594611167908
1,1,0.9858173727989197
1,1,0.9999992847442627
0,0,0.03089762106537819
1,1,0.9613364934921265
1,1,0.9999997615814209
0,0,0.0022768236231058836
1,1,0.999996542930603
0,0,0.004649753216654062
0,0,0.03223057836294174
0,0,0.009443588554859161
0,0,0.00011120055569335818
0,0,0.00014649650256615132
0,0,0.36918413639068604
0,0,0.0009072375833056867
1,1,0.9434389472007751
1,1,0.992536187171936
1,0,0.31618183851242065
0,0,0.050447575747966766
0,0,0.49573761224746704
1,1,0.9996165037155151
1,1,0.6272768974304199
1,1,0.9998346567153931
1,0,0.06873585283756256
1,1,0.9921155571937561
0,0,0.15567193925380707
0,0,0.004192079417407513
1,1,0.986775815486908
0,0,0.000986207858659327
0,0,0.09910373389720917
0,0,0.3289259672164917
1,1,0.9999725818634033
1,1,0.9474081993103027
0,0,0.004077309276908636
0,0,0.0037163307424634695
1,1,0.9792363047599792
0,0,0.0012878107372671366
1,1,0.8903926014900208
0,0,0.322116494178772
1,1,0.9307825565338135
1,1,0.9993576407432556
1,1,0.8359577059745789
0,0,0.0011877601500600576
0,0,0.004829442128539085
0,0,0.0019965406972914934
0,1,0.9919465184211731
1,1,1.0
0,1,0.709274411201477
0,0,0.047236621379852295
0,0,0.06429252028465271
0,0,0.1403728723526001
0,1,0.7048631906509399
0,0,0.005032779183238745
1,1,0.9855285286903381
0,0,0.04386664181947708
0,0,0.06877291947603226
0,1,0.8772670030593872
0,0,0.033063363283872604
1,1,0.9926421046257019
1,1,0.9999425411224365
0,1,0.9598430395126343
1,1,0.9380757212638855
0,0,0.07016070932149887
0,0,0.0018575832946226
0,0,0.00019486123346723616
0,1,0.6350891590118408
1,1,0.992233157157898
0,0,0.22108539938926697
0,0,0.20030464231967926
0,1,0.7634864449501038
1,1,0.9950253367424011
1,1,0.9864410758018494
1,0,0.172538623213768
0,0,0.005280497018247843
1,1,0.9948727488517761
0,0,0.013949642889201641
1,1,0.9529065489768982
1,1,0.7576050758361816
0,1,0.5488138198852539
0,0,0.07010994106531143
0,0,0.16320361196994781
0,0,0.003948775585740805
0,1,0.5462302565574646
0,0,0.03103702701628208
1,1,0.9415796995162964
0,0,0.011975825764238834
0,0,0.004814267158508301
1,1,0.7896316647529602
1,1,0.9772660136222839
0,0,9.479142318014055e-05
1,1,0.9912077188491821
0,0,0.014842912554740906
0,0,0.007659812457859516
0,0,0.31937193870544434
0,0,0.0019690205808728933
0,0,0.00031562280491925776
0,0,0.002639121375977993
0,0,0.0003113422426395118
0,0,0.00016234800568781793
0,0,0.0016491800779476762
1,1,0.9982914328575134
1,1,0.9998651742935181
1,1,0.9997777342796326
0,0,0.00031433426192961633
1,1,0.754647970199585
0,0,0.002465425059199333
0,1,0.7491949796676636
0,0,0.006285939831286669
0,0,0.01892293058335781
1,1,1.0
0,1,0.7060993909835815
0,0,0.011449281126260757
0,0,0.04091675579547882
0,0,0.09253943711519241
0,0,0.00036784843541681767
0,0,0.03938620537519455
0,0,1.4117538739810698e-05
0,0,0.0024775713682174683
0,0,0.010128178633749485
0,0,0.019779199734330177
0,0,2.044167194981128e-05
0,0,0.07386073470115662
1,1,0.9999538660049438
0,0,0.0006905246409587562
0,0,0.0006661767256446183
0,0,0.0030608896631747484
0,0,0.00446090055629611
1,1,0.9919977784156799
0,0,0.012905813753604889
1,1,0.9428495764732361
1,1,0.9975966811180115
1,1,0.9840366244316101
0,0,0.0015654087765142322
1,0,0.27694037556648254
0,0,0.4827176332473755
0,0,0.0156780444085598
1,1,0.5221105813980103
1,1,0.9993276596069336
0,0,0.09140760451555252
1,1,0.9789766073226929
0,0,0.008002293296158314
1,0,0.29861244559288025
1,1,0.861742377281189
1,1,0.998903751373291
1,1,0.9774960279464722
0,0,0.43689343333244324
1,1,0.9983084201812744
0,0,0.008358069695532322
1,1,0.8579902648925781
1,1,0.9922075867652893
0,0,0.03954923525452614
1,0,0.4890444576740265
0,0,0.04870862141251564
0,0,0.00011945701407967135
0,0,3.600566955697104e-08
0,1,0.5447112917900085
0,0,0.1380937546491623
0,0,0.003301019314676523
0,0,0.04857455939054489
0,0,0.0003383296716492623
1,1,0.9896785020828247
0,0,0.0632418766617775
0,0,0.005422104150056839
0,0,0.012303798459470272
0,0,0.10457026958465576
0,0,0.005844699218869209
0,0,0.05553285405039787
0,0,0.0169917531311512
0,0,0.04866611585021019
1,0,0.3621271252632141
1,0,0.4586760997772217
0,0,0.05772651731967926
0,0,0.006186903454363346
1,1,0.9995800852775574
0,0,0.17612473666667938
1,1,0.9994020462036133
1,1,0.8079903721809387
0,0,5.901908295413705e-08
1,1,0.9999982118606567
1,1,0.999981164932251
1,0,0.3285541236400604
1,1,0.9938634634017944
1,1,0.8889869451522827
0,0,0.24036511778831482
0,0,0.46568605303764343
1,1,0.9859600067138672
0,0,0.3072644770145416
1,1,0.999998927116394
1,1,0.9992716908454895
0,0,0.027455253526568413
0,0,3.077141874641143e-10
0,1,0.5570853352546692
0,0,4.615242869476788e-05
0,0,0.029482273384928703
0,0,0.24548697471618652
0,0,0.036783792078495026
1,1,0.9828106164932251
0,0,0.10678538680076599
1,1,0.9897724986076355
1,1,0.9989691972732544
0,0,0.10579230636358261
0,0,9.643354133004323e-05
1,1,0.9953016042709351
0,0,0.0005028062150813639
0,0,0.15484383702278137
1,1,0.9468889832496643
1,1,0.9999756813049316
0,0,0.1711341142654419
0,0,0.009775443933904171
0,0,7.692351937294006e-05
1,1,0.8868684768676758
1,1,0.7603781819343567
1,1,0.6055225133895874
0,0,7.982533861650154e-05
0,0,0.001150706084445119
1,1,0.9999938011169434
0,0,0.05420178547501564
1,1,0.9934263229370117
0,0,0.05393433943390846
0,0,3.190253437423962e-06
1,1,0.9991413354873657
0,0,0.045103225857019424
0,0,0.032545171678066254
0,0,0.027612032368779182
0,1,0.7319225668907166
1,1,0.9993378520011902
0,1,0.7876880168914795
1,1,0.7748520374298096
0,1,0.7240262031555176
1,1,0.985844612121582
0,0,1.6321479279213236e-06
1,1,0.9927734732627869
0,0,0.035180170089006424
1,1,0.9820154905319214
1,1,0.9906281232833862
0,1,0.6131823658943176
1,1,0.9143890738487244
0,0,0.004754635505378246
1,1,0.9777146577835083
1,1,0.9513870477676392
1,1,0.8607872724533081
1,1,0.995917022228241
0,0,0.0009400742710568011
0,0,0.0001588102604728192
1,1,0.9980335831642151
0,1,0.54988032579422
1,1,0.9875725507736206
1,1,0.9508974552154541
0,0,0.006999041419476271
0,0,0.012163368053734303
1,1,0.9966617822647095
0,0,0.09072168171405792
1,1,0.9731824398040771
0,0,0.3010580837726593
0,0,0.03061331994831562
1,1,0.6853265762329102
0,0,0.20810608565807343
1,0,0.13358578085899353
1,1,0.9889158010482788
1,1,0.8009739518165588
1,1,0.9945953488349915
1,1,0.999925971031189
0,0,0.2239016592502594
0,0,0.015489672310650349
0,0,0.0870416983962059
1,1,0.9997537732124329
0,0,0.387330025434494
0,0,0.099494069814682
0,1,0.8873762488365173
0,0,1.9653105531869386e-10
0,0,0.03411666303873062
0,0,0.0076712011359632015
0,0,1.2827359796574456e-06
1,1,0.6745530962944031
1,1,0.798265814781189
1,1,0.943481981754303
0,0,0.02134505659341812
0,0,2.373894676566124e-05
1,1,0.9834875464439392
1,1,0.9887223243713379
0,0,0.1851179003715515
1,1,0.9999722242355347
1,1,0.9762884378433228
0,0,0.0020667403005063534
1,1,0.8149327635765076
1,1,0.9998729228973389
0,0,0.12611925601959229
1,1,0.9993365406990051
0,0,1.0635336366249248e-05
0,0,0.0810367539525032
0,0,0.021544821560382843
0,0,0.16327109932899475
0,0,1.3670557564182673e-05
0,0,0.004359251819550991
1,1,0.9999898672103882
1,1,0.999943733215332
1,1,0.9870278835296631
1,1,0.999929666519165
0,0,0.00842722225934267
0,0,0.021191684529185295
0,0,0.004350318107753992
0,0,4.0942279611044796e-07
1,1,0.7202705144882202
1,1,0.9991165995597839
1,1,0.9498280882835388
1,1,1.0
1,1,0.9999792575836182
0,0,0.07577912509441376
1,1,0.9985533356666565
1,1,0.9921783208847046
0,1,0.5267806053161621
1,1,0.9894283413887024
1,1,0.9995575547218323
1,0,0.02176697738468647
1,1,0.6736295819282532
1,1,0.997688889503479
0,0,5.622861110055055e-08
0,0,0.0036089643836021423
0,0,0.0466964915394783
0,0,0.000835323822684586
0,0,0.47216179966926575
1,1,0.5445162057876587
1,1,0.9718964099884033
0,0,0.002580302767455578
1,1,0.9999946355819702
0,0,0.05941958725452423
0,0,0.009744948707520962
0,0,0.011234836652874947
0,0,0.002748331520706415
0,0,0.007968626916408539
0,0,0.0012671146541833878
1,1,0.9594873785972595
0,0,0.0022616402711719275
0,0,0.00015744510164950043
0,1,0.7921795845031738
0,0,0.3227856755256653
0,0,0.3308713436126709
0,0,0.008065260015428066
1,1,0.9841470718383789
0,0,0.1056111752986908
0,0,3.5827324040837993e-07
0,0,4.3069336243206635e-05
0,0,0.4007377326488495
0,0,0.0016700647538527846
1,1,0.9978302121162415
0,0,0.07866071164608002
1,1,0.9999796152114868
1,1,0.9991983771324158
1,1,0.9401366710662842
1,1,0.9994970560073853
0,0,0.0003262046375311911
0,0,0.003787321038544178
0,0,0.011602549813687801
0,0,0.03657432273030281
0,0,0.006234824191778898
0,0,0.01137063093483448
1,1,0.7079787850379944
0,0,0.0026253610849380493
0,0,0.17831005156040192
1,1,0.9139475226402283
1,1,0.9999978542327881
0,0,0.00013364168989937752
0,0,0.023410039022564888
1,1,0.9918689727783203
1,1,0.9999996423721313
1,1,0.9647828936576843
1,0,0.28262215852737427
0,0,0.07556027173995972
0,0,0.000874385645147413
1,1,0.9997830986976624
1,1,0.9999691247940063
1,1,0.9866703152656555
1,1,0.9396392703056335
1,1,0.6878964900970459
1,1,0.9520395398139954
1,1,0.9999862909317017
1,1,0.9473846554756165
0,0,0.04358537122607231
0,0,0.012385796755552292
0,0,0.011465024203062057
1,1,0.9864087104797363
0,0,2.4749883209551626e-07
0,0,0.00019998542848043144
0,1,0.9382776021957397
0,0,0.1889931559562683
0,0,0.31345877051353455
0,0,0.30640649795532227
1,1,0.8787844181060791
1,1,0.9914522171020508
1,1,0.9187535047531128
1,1,0.9999454021453857
1,1,0.9875383377075195
0,0,0.0005052087362855673
1,1,0.9997690320014954
1,1,0.6032721400260925
1,1,0.750872790813446
0,0,0.4942093789577484
1,1,0.9678406715393066
0,0,0.08784797787666321
1,1,0.9999924898147583
0,0,9.552548752012058e-10
0,0,0.1683512181043625
1,1,0.99681156873703
1,1,0.9965423941612244
1,1,0.999182403087616
1,1,0.9994244575500488
1,1,0.9994974136352539
1,1,0.9999574422836304
0,0,0.0006068896036595106
1,1,0.8713430762290955
1,1,0.9999996423721313
0,0,0.0012127442751079798
1,1,0.9999918937683105
1,1,0.9999920129776001
1,1,0.752109706401825
0,0,0.0022371248342096806
0,0,0.0006884033791720867
0,0,0.0160794947296381
0,0,0.0010918789776042104
0,0,0.015337101183831692
0,0,0.0028176940977573395
0,0,0.0005431600147858262
1,0,0.20534388720989227
0,0,0.00749540189281106
1,1,0.9825837016105652
1,1,0.7256601452827454
0,0,0.008071785792708397
1,1,0.9999997615814209
1,1,0.9631151556968689
1,1,0.717837393283844
1,0,0.3413456678390503
1,1,0.8526201248168945
0,0,0.0003404577437322587
0,0,0.0011372684966772795
0,0,0.005493206903338432
0,0,0.00046180191566236317
0,0,0.12282224744558334
0,0,0.0431823655962944
0,0,0.01788059063255787
0,0,0.03239672631025314
0,0,0.027044517919421196
1,1,0.6927517652511597
1,1,0.9982543587684631
0,0,8.632445315015502e-06
0,0,0.020962821319699287
1,1,0.9707813262939453
0,0,0.25961387157440186
1,1,0.9612032175064087
0,0,0.0507747158408165
1,1,0.9999909400939941
0,0,0.001087462529540062
1,1,0.973530650138855
1,1,0.9998754262924194
1,1,0.9999926090240479
1,1,0.9984473586082458
1,1,0.9951210618019104
1,1,0.9516647458076477
1,1,0.9682661890983582
0,0,0.013314887881278992
0,0,0.0040598465129733086
1,1,0.9115354418754578
0,0,0.04752720147371292
0,0,0.0038000294007360935
0,0,0.002183726988732815
0,0,0.010257297195494175
1,1,0.9995694756507874
0,0,0.000908807385712862
0,0,5.691643673344515e-05
1,0,0.2192724049091339
0,0,0.017054475843906403
1,1,0.9453112483024597
0,0,0.07700338959693909
1,1,0.8908745050430298
1,0,0.49703294038772583
0,0,0.0003940206079278141
1,1,0.9983086585998535
0,0,0.028400899842381477
1,1,0.9929842948913574
1,1,0.9602410197257996
0,0,0.03405356779694557
0,0,0.42611485719680786
1,1,0.996731162071228
1,1,0.9989835619926453
0,0,0.01878899708390236
0,0,0.0002517483080737293
0,0,0.0013472409918904305
0,0,4.4281616283115e-05
0,0,0.00028352983645163476
0,0,0.0018111658282577991
0,0,0.014612565748393536
0,0,0.004798216745257378
0,0,0.06701915711164474
0,0,0.0036134766414761543
0,0,0.031015874817967415
0,0,0.01726909913122654
1,1,0.9996857643127441
1,1,0.9830358028411865
1,1,0.9968519806861877
0,0,0.00839944276958704
1,1,0.991958498954773
1,1,0.9995309114456177
0,0,0.0001725287875160575
0,0,0.01879706047475338
1,1,0.9490593075752258
1,1,0.9982051849365234
1,1,0.9998840093612671
0,0,0.020583374425768852
0,0,0.006618743762373924
0,0,0.0030875937081873417
1,1,0.9252761602401733
0,0,0.01786375790834427
1,1,0.9767556190490723
0,0,0.00033274127054028213
1,1,0.9950236082077026
0,0,0.03376306593418121
1,1,0.9442325234413147
1,1,0.971459686756134
1,1,0.9966973066329956
1,1,0.9998706579208374
0,0,0.00955116841942072
0,0,0.17888273298740387
0,0,0.0012764399871230125
1,1,0.9995711445808411
0,0,0.03227883577346802
1,1,0.9988058805465698
1,1,0.9976173043251038
0,0,0.010350058786571026
0,0,0.17238034307956696
0,0,0.0002772807492874563
0,0,0.0007272748043760657
0,0,0.013256598263978958
0,0,0.002373442519456148
0,0,0.00012271646119188517
0,0,0.007648638915270567
0,0,0.009232859127223492
0,0,0.00926152616739273
0,0,0.10515382885932922
0,0,0.07006149739027023
0,0,0.06679805368185043
0,0,0.0029076943174004555
0,0,0.0004507102130446583
0,0,0.28121793270111084
0,0,0.0022219298407435417
0,0,0.002572668483480811
0,0,0.005057852249592543
0,0,0.04290952906012535
0,0,0.02708573453128338
0,0,1.9094134131592e-06
0,0,0.0021647061221301556
0,0,0.09142041951417923
1,1,0.5373252630233765
0,0,0.00021346357243601233
0,0,0.007160614710301161
1,1,0.9974194765090942
1,1,0.9996405839920044
1,1,0.9975973963737488
0,0,0.024578260257840157
0,0,0.3752020299434662
1,1,0.9996827840805054
1,1,0.9999997615814209
1,1,0.6466030478477478
0,0,0.017022116109728813
1,1,0.9995293617248535
1,1,0.9999830722808838
1,1,0.9996724128723145
1,1,0.9999992847442627
1,1,0.9999616146087646
1,1,0.9711408615112305
1,1,0.8902177214622498
1,1,0.9999990463256836
1,1,0.6878999471664429
1,1,0.9999027252197266
1,1,0.9916764497756958
1,1,0.9510288238525391
1,1,0.996242880821228
0,0,0.24244189262390137
0,0,0.46689945459365845
1,1,0.9973670840263367
0,0,0.10569406300783157
0,0,0.008587336167693138
0,0,0.002299218438565731
0,0,0.008640537969768047
0,0,0.0012480814475566149
0,0,6.713979382766411e-05
0,0,0.07355119287967682
1,1,0.975885808467865
0,0,0.1643814891576767
0,1,0.5095809102058411
0,0,0.0023272885009646416
0,0,0.11982487887144089
1,1,0.9041317105293274
0,0,6.024882992505809e-08
0,0,0.021588273346424103
1,0,0.2195693403482437
0,0,0.0005496738012880087
1,1,0.9961960315704346
1,1,0.9995667338371277
1,0,0.0407923087477684
1,1,0.9999693632125854
0,0,0.3759477436542511
0,0,0.16782572865486145
0,0,0.002609005430713296
0,0,0.2554178535938263
0,0,0.033367861062288284
1,1,0.9762898087501526
1,1,0.9536957740783691
0,0,0.29932209849357605
0,0,0.009883346036076546
1,0,0.15771596133708954
1,0,0.38029003143310547
0,0,0.007130027748644352
0,0,0.0626547783613205
1,1,0.9994254112243652
0,0,0.0003268745495006442
0,0,0.042372655123472214
1,1,0.9995762705802917
1,1,0.9777148962020874
0,0,0.0012601135531440377
0,0,0.0006840914720669389
0,0,0.11850760132074356
1,1,0.9952743053436279
0,0,7.95680025476031e-05
1,1,0.9998243451118469
0,0,0.1598079353570938
0,0,0.04998398944735527
1,0,0.3710855543613434
1,1,0.9999725818634033
0,0,0.009556992910802364
0,0,0.0027775338385254145
1,1,0.9527755975723267
0,0,0.004898416344076395
0,0,0.02797049656510353
0,0,0.02579939179122448
0,0,0.0037363909650593996
1,1,0.9999997615814209
0,0,0.023005878552794456
0,0,8.686657383805141e-05
0,0,0.09557635337114334
0,0,0.0037065520882606506
0,0,0.03086768463253975
0,0,0.00018991794786415994
1,1,0.7030606865882874
1,1,0.8807695508003235
1,1,0.9971359968185425
0,0,0.00014074721548240632
1,1,0.9907830357551575
0,0,4.334965706220828e-05
0,0,0.0026336347218602896
1,1,0.9444436430931091
1,1,0.9998149275779724
0,0,4.7266272304113954e-05
0,0,0.0014051769394427538
0,0,0.004306390881538391
0,0,0.02982739917933941
1,1,0.7694101333618164
0,0,0.0014652824029326439
1,1,0.9969281554222107
1,1,0.9978752136230469
1,1,0.6621138453483582
0,0,0.023768657818436623
0,0,0.0006871929508633912
0,0,0.004450811073184013
0,0,0.013738475739955902
1,1,0.9629954099655151
0,0,0.0753946527838707
1,1,0.998654842376709
0,0,0.04541797935962677
0,0,0.001384577713906765
0,0,0.002971115754917264
0,0,2.9564378110080725e-06
0,0,2.5520287749714043e-07
0,0,4.267024633008987e-05
0,0,0.0005641066818498075
1,1,0.9973594546318054
1,0,0.0290137380361557
0,0,6.799251082156843e-07
0,0,0.035246480256319046
1,1,0.96904057264328
1,1,0.9999840259552002
1,1,0.8477704524993896
0,0,0.04981528967618942
0,0,1.2650974490213684e-08
1,1,0.9950957298278809
1,1,0.999622106552124
1,0,0.15158922970294952
1,1,0.9997021555900574
0,0,0.324952095746994
0,0,0.20686693489551544
1,0,0.13689054548740387
1,1,0.9999486207962036
0,0,0.0881454199552536
1,1,0.9999998807907104
1,1,0.9951005578041077
1,1,0.9996953010559082
0,0,0.00025036142324097455
1,1,0.999921441078186
1,1,0.9994592070579529
0,0,0.0071015567518770695
0,0,0.01836923137307167
0,0,0.005800807848572731
0,0,0.0016408287920057774
1,1,0.9824575781822205
0,0,0.3882894217967987
0,0,4.30578802479431e-05
0,0,0.0010718896519392729
0,0,0.266266405582428
1,1,0.94831383228302
0,0,0.14754213392734528
0,0,0.001160105806775391
0,0,0.015246974304318428
1,1,0.9989239573478699
0,0,0.033496417105197906
1,1,0.978143572807312
0,0,0.001310208230279386
0,0,0.0038842514622956514
1,1,0.9996342658996582
1,1,0.9976382255554199
1,1,0.9999582767486572
0,0,0.011265181936323643
0,0,0.0029392584692686796
0,0,0.0008255162974819541
1,1,0.9986005425453186
1,1,0.8116813898086548
0,0,0.00018447436741553247
0,1,0.7389242053031921
0,0,0.05155825614929199
0,0,0.09724927693605423
1,1,0.8573134541511536
0,0,0.2473408430814743
1,0,0.24979667365550995
1,1,0.5343509316444397
0,0,0.050116706639528275
0,0,0.009964872151613235
0,0,0.004086047410964966
1,1,0.9999996423721313
0,0,0.08653637766838074
0,0,0.0001918920170282945
1,1,0.9970867037773132
0,0,0.015973445028066635
1,1,0.901699423789978
0,0,4.614345380105078e-05
0,0,0.03023284673690796
1,1,0.9984753727912903
0,0,0.019320162013173103
1,1,0.9999997615814209
1,1,0.9979938268661499
0,0,0.0007205409929156303
1,1,0.9995843768119812
0,0,0.26391589641571045
1,1,0.9998757839202881
0,0,0.05146798864006996
1,1,0.9919477105140686
0,0,0.0010545728728175163
1,1,0.9974178075790405
1,1,0.9992488026618958
1,1,0.9263175129890442
1,1,0.9999223947525024
0,0,0.10847003012895584
1,1,0.9997666478157043
0,0,0.053482960909605026
1,1,0.9909046292304993
1,1,0.9888216257095337
0,0,0.02821451611816883
0,0,0.005171377677470446
1,1,0.9974019527435303
1,1,0.999828577041626
0,0,0.14576222002506256
1,1,0.8466514348983765
1,1,0.9981772899627686
1,1,0.9798704385757446
0,0,0.00933084636926651
0,0,0.0007219758699648082
0,0,0.07693415135145187
0,0,0.00024593534180894494
0,0,0.013398217037320137
1,1,0.6803106069564819
0,0,0.000851407356094569
0,0,0.0345628596842289
0,0,2.167808088415768e-05
1,0,0.43878328800201416
1,1,0.9783922433853149
1,1,0.9992944002151489
1,1,0.9994764924049377
1,1,0.8688741326332092
0,0,0.004229988437145948
0,0,3.7496836739592254e-05
1,1,0.979385495185852
1,1,0.9984641075134277
1,1,0.9999191761016846
0,0,0.08124280720949173
0,0,0.0128661273047328
1,1,0.9968270659446716
1,1,0.9828928112983704
0,0,0.055724501609802246
1,1,0.5491260886192322
0,0,0.00087775505380705
1,1,0.9035581946372986
0,0,0.058718688786029816
0,0,0.2014080435037613
0,0,0.0017390388529747725
0,0,0.0348743200302124
0,0,2.3286378336706548e-07
0,0,0.04568396881222725
0,0,1.5236929584716563e-06
1,1,0.9994267225265503
0,0,0.38022351264953613
0,0,2.6600599767334643e-07
1,1,0.9999998807907104
0,1,0.6550590991973877
1,1,0.9951163530349731
0,0,0.0027068404015153646
0,0,0.10605952143669128
0,0,0.1158684641122818
1,1,0.9818449020385742
1,1,0.998764157295227
1,1,0.9904389381408691
0,0,0.07419364899396896
1,1,0.8686468005180359
1,0,0.34487077593803406
1,1,0.9999997615814209
0,0,0.0010209140600636601
1,1,0.9861456751823425
0,0,0.03157022222876549
0,0,0.06230567768216133
1,1,0.5757017135620117
0,0,0.002360900165513158
1,1,0.9057548642158508
0,0,0.02092287316918373
0,0,0.06334927678108215
1,1,0.9830628633499146
1,1,0.9744161367416382
1,1,0.9995291233062744
1,1,0.9714227914810181
0,0,0.01828995905816555
0,1,0.6870999932289124
0,0,0.026626165956258774
0,0,0.05250963196158409
0,0,8.488493818958887e-08
1,1,0.9980559349060059
0,0,0.45591533184051514
0,0,0.0034183133393526077
0,0,5.402829629019834e-05
1,1,0.9996002316474915
0,0,0.0940500870347023
0,0,0.008385938592255116
0,0,2.6514993578530266e-07
1,1,0.9977104663848877
0,0,0.03939056769013405
0,0,0.014656675979495049
0,0,0.005273140501230955
0,0,1.2304579286137596e-05
0,0,0.0009168140240944922
0,0,0.00023513470659963787
1,1,0.5820226073265076
1,1,0.9989690780639648
0,0,0.01635640673339367
0,0,0.020238323137164116
0,0,2.0049936210853048e-05
0,0,0.09974339604377747
1,1,0.7005178928375244
0,0,2.4565795683884062e-05
1,1,0.9777269959449768
1,1,0.9769913554191589
0,0,0.37341931462287903
0,0,0.00012989227252546698
0,0,0.0030259110499173403
1,1,0.9413127303123474
0,0,0.10365387052297592
0,0,0.0005879320087842643
0,1,0.5265507102012634
1,1,0.9192367196083069
0,0,0.03735202178359032
0,0,0.00303922058083117
0,0,0.0015302867395803332
0,0,0.0010946299880743027
0,0,0.06778756529092789
1,0,0.29530712962150574
0,0,4.1048317522829336e-11
0,0,8.950452865974512e-06
1,1,0.9996250867843628
0,0,0.1007562056183815
1,1,0.9935842156410217
0,1,0.608971357345581
1,1,0.8929829001426697
0,0,0.009373947978019714
1,1,0.9707916975021362
1,1,0.9888079762458801
0,0,0.00016748800408095121
1,1,0.9994805455207825
0,0,0.008287286385893822
1,1,0.9172202944755554
0,0,0.2263924926519394
0,0,0.13863372802734375
0,0,0.0941590964794159
0,0,0.026296207681298256
1,1,0.7353116869926453
0,0,0.014089701697230339
0,0,0.004432493820786476
0,0,8.466970768949977e-08
0,0,0.0011734029976651073
1,1,0.7135969996452332
1,0,0.4816127121448517
0,0,0.14329858124256134
0,0,0.00017345513333566487
0,0,0.027213675901293755
0,0,1.8744683984550647e-05
1,1,0.999954104423523
0,0,0.0006415536627173424
0,1,0.9811822772026062
0,0,0.273748517036438
1,1,0.9922490119934082
0,0,0.002001939108595252
0,0,0.0010313738603144884
0,0,0.14614112675189972
1,1,0.9511986970901489
0,0,0.002839886350557208
1,1,0.999649167060852
0,0,7.367743091890588e-05
0,0,0.04058099910616875
0,0,0.050293441861867905
1,1,0.8479343056678772
1,1,0.9454121589660645
1,1,0.9855561852455139
0,0,0.04695877432823181
1,1,0.9826457500457764
1,1,0.9999960660934448
0,0,0.01296914741396904
0,0,0.0001796207798179239
0,1,0.5099146962165833
0,0,0.02137313410639763
0,0,0.13165612518787384
1,1,0.9973788261413574
1,1,0.9988623857498169
1,0,0.4730210304260254
0,0,0.003982145339250565
1,1,0.998370349407196
1,1,0.9665188193321228
1,1,0.9993973970413208
0,0,0.0033251510467380285
0,0,0.014008592814207077
0,1,0.9388887882232666
0,0,0.03528294339776039
1,1,0.99429851770401
0,0,0.2306053191423416
0,0,0.022712724283337593
1,1,0.8116220831871033
1,1,0.9967368245124817
0,0,0.218890979886055
0,0,2.250894613098353e-05
1,1,0.9970399737358093
0,0,0.37525442242622375
0,0,0.08066122233867645
1,1,0.8262298107147217
0,0,0.005701096262782812
1,1,0.9999964237213135
1,1,0.9952150583267212
1,1,0.9994882345199585
0,0,0.009171069599688053
0,0,0.0010789718944579363
1,1,0.989446222782135
0,0,5.716902251151623e-06
0,0,0.07738830149173737
0,0,0.0003385547024663538
0,0,0.007083152886480093
1,1,0.8646434545516968
1,1,0.9899147748947144
0,0,0.04204423353075981
1,1,0.9999759197235107
0,0,0.009213743731379509
1,1,0.7610511183738708
0,0,0.009736835025250912
0,0,0.0023265935014933348
0,0,0.010694540105760098
1,1,0.9456515312194824
1,1,0.9991759657859802
1,1,0.9973018169403076
1,1,0.9716877937316895
1,1,0.9957932233810425
1,1,0.6085835099220276
1,1,0.9950921535491943
1,1,0.9784215688705444
0,0,0.4195605516433716
1,1,0.9940570592880249
0,0,0.4542187452316284
0,0,0.009349082596600056
0,0,0.13514293730258942
0,1,0.7809864282608032
1,1,0.5982348918914795
1,1,0.9978736639022827
1,0,0.2618415951728821
0,1,0.823726236820221
1,1,0.9993025064468384
1,1,0.9933719635009766
1,1,0.9974192380905151
0,0,0.0004445549566298723
1,1,0.9999722242355347
1,1,0.9998998641967773
1,1,0.9949976205825806
1,1,0.996009111404419
1,1,0.9458129405975342
1,1,0.9928581714630127
0,0,1.2125593684686464e-06
0,0,0.000858260435052216
0,0,0.013564389199018478
0,0,0.12393190711736679
1,1,0.9996035695075989
1,1,0.9993022680282593
1,1,0.7031052112579346
0,1,0.6644834876060486
1,0,0.3262949585914612
1,1,0.9999997615814209
1,1,0.8870342969894409
0,0,0.024940762668848038
1,1,0.9957055449485779
1,1,0.9917647242546082
0,0,0.3479047119617462
0,0,0.002645789412781596
1,1,0.9993769526481628
0,0,0.042729005217552185
1,1,0.6688122749328613
0,0,0.05667039006948471
0,0,0.0011683411430567503
0,0,0.002958704251796007
0,0,0.0012852270156145096
0,0,0.0020748728420585394
1,1,0.9998096823692322
0,0,0.24110598862171173
1,1,0.999991774559021
1,1,0.9310519695281982
0,0,0.08469399064779282
1,1,0.9824718832969666
1,1,0.9999711513519287
1,1,0.9323243498802185
1,1,0.9442676901817322
1,1,0.9961586594581604
0,0,0.021271374076604843
0,0,0.0003062605974264443
0,0,0.12672612071037292
0,0,0.0013837063452228904
1,1,0.8504970669746399
1,1,0.9925456643104553
1,1,0.9999123811721802
0,0,0.09440167248249054
1,1,0.7421265840530396
0,0,0.00640236446633935
1,1,0.9997398257255554
0,0,0.010506744496524334
0,0,0.008442568592727184
1,1,0.9993115663528442
0,0,0.03211136907339096
0,0,0.0030037674587219954
0,0,0.0002518508117645979
1,1,0.9999099969863892
0,0,0.032269809395074844
0,0,0.013820785097777843
1,1,0.9984630346298218
1,0,0.24770326912403107
0,0,0.010229616425931454
0,0,0.0014967238530516624
1,1,0.9972398281097412
0,0,0.010698092170059681
1,1,0.9999990463256836
0,0,0.0011200065491721034
0,0,0.029027726501226425
0,0,0.021829191595315933
0,0,0.0432879775762558
1,1,0.9496868848800659
1,1,0.9995092153549194
1,1,0.9959495067596436
0,0,0.13007420301437378
0,0,0.0011950430925935507
0,0,0.33394235372543335
0,0,0.0010316789848729968
0,0,0.022157805040478706
0,0,1.1559146514628083e-05
0,0,0.007077548187226057
0,0,0.054954227060079575
0,0,0.0005700013134628534
1,1,0.9972641468048096
1,1,0.9989755153656006
1,1,0.999991774559021
1,1,0.9999552965164185
1,1,0.9980746507644653
0,0,9.70767141552642e-05
0,0,0.0023161154240369797
1,1,0.9981083869934082
0,0,0.06854161620140076
0,0,0.03469885513186455
0,0,0.00014162428851705045
1,1,0.9998406171798706
1,1,0.9998719692230225
0,0,0.005259017925709486
1,1,0.9960570335388184
0,0,1.7640795074713722e-11
0,0,0.15912191569805145
0,0,0.18677835166454315
1,1,0.5842336416244507
1,1,0.9248067736625671
1,1,0.996306300163269
1,1,0.9974510073661804
1,1,0.5434788465499878
1,1,0.9994157552719116
0,0,0.0011501081753522158
0,0,0.017145857214927673
0,0,0.009859883226454258
0,0,0.011858612298965454
1,1,0.9893112182617188
0,0,0.0001897034962894395
0,0,0.0016099695349112153
0,0,0.039228733628988266
0,0,0.000535026250872761
0,0,0.00832443404942751
0,0,0.00914960727095604
0,0,0.0021204291842877865
0,0,0.012782322242856026
0,0,0.0001247155450982973
1,1,0.9738711714744568
0,0,0.02059057541191578
0,0,0.0025690479669719934
0,0,0.004705649334937334
0,0,4.672627983381972e-05
0,0,0.33428511023521423
0,0,0.0012506478233262897
1,0,0.4834820032119751
1,1,0.9883317351341248
0,0,0.22963963449001312
1,1,0.9787134528160095
0,0,0.0006648682174272835
0,0,0.0010201713303104043
0,1,0.5711596608161926
1,1,0.9964893460273743
1,1,0.9433305859565735
0,0,0.0018191759008914232
0,0,0.001076761749573052
0,0,2.433581539662555e-05
0,1,0.763047456741333
0,0,0.00033073898521251976
0,1,0.6328167915344238
1,1,0.9702517986297607
0,0,0.0030842036940157413
1,1,0.6242861747741699
1,1,0.8515217304229736
1,1,0.996100902557373
0,0,0.006010488606989384
0,0,0.003760415827855468
1,1,0.688155472278595
0,1,0.5030052661895752
1,1,0.9977161884307861
1,1,0.8572310209274292
1,1,0.8448541164398193
1,1,0.8262419104576111
1,1,0.6954379081726074
0,1,0.5536351203918457
0,0,0.09382568299770355
0,0,0.08386501669883728
0,0,0.0026126888114959
0,0,0.029498476535081863
1,1,0.9999998807907104
1,1,0.9729559421539307
0,0,0.03598422184586525
0,0,0.2302967756986618
0,0,0.462431937456131
1,1,0.9987493753433228
0,0,0.03611750155687332
0,0,0.000719723291695118
1,1,0.9987051486968994
0,0,0.00022881604672875255
1,1,0.9998534917831421
0,0,0.006364759057760239
0,0,0.025289393961429596
0,0,0.4376991391181946
1,1,0.628720223903656
1,1,0.9983983635902405
1,1,0.6010540127754211
0,0,0.011135478504002094
0,0,0.4640471339225769
1,1,0.9745843410491943
1,1,0.843634307384491
1,1,0.9965584874153137
0,0,0.0666893795132637
0,0,0.001089846366085112
1,1,0.967170238494873
1,0,0.08064554631710052
1,1,0.9716155529022217
0,0,6.598603795282543e-05
1,1,0.999889612197876
0,0,0.0018478594720363617
1,1,0.9992141723632812
0,0,9.673384738562163e-06
0,0,0.13341829180717468
1,1,0.999984622001648
0,0,0.002102992497384548
0,0,0.03475344181060791
0,0,0.004916294477880001
0,0,0.008758298121392727
1,1,0.7892101407051086
0,0,0.22595003247261047
0,0,7.603393470390074e-08
0,0,0.44715508818626404
0,0,0.18555447459220886
0,0,0.08743319660425186
1,1,0.9262315034866333
1,1,0.9167954921722412
1,1,0.9998753070831299
0,0,0.39518457651138306
0,0,0.05073095113039017
0,0,0.03399777039885521
1,1,0.9827715754508972
0,0,0.0022305247839540243
1,1,0.9999998807907104
0,1,0.9584003686904907
0,0,0.0021182317286729813
0,0,0.0007606032304465771
1,1,0.9983755350112915
0,0,0.0011364200618118048
0,0,0.0013270385097712278
1,1,0.9999860525131226
1,1,0.9990291595458984
0,0,0.14935185015201569
1,1,0.8783999681472778
1,1,0.8541740775108337
1,1,0.9990754127502441
0,0,0.07126723229885101
0,0,0.36632683873176575
1,1,0.9971850514411926
0,1,0.9110350012779236
0,0,0.10335426777601242
0,0,0.12038612365722656
1,1,0.9909195899963379
0,0,0.0007024200749583542
0,0,0.048819802701473236
0,0,0.39936137199401855
0,0,0.1186140850186348
0,0,0.0006064157350920141
1,1,0.9999339580535889
0,0,0.029306994751095772
0,0,4.516454907843581e-07
0,0,0.02406543865799904
0,0,0.1023721694946289
0,0,1.6961216431354842e-07
0,0,0.028652848675847054
1,1,0.9784179329872131
0,0,0.009595517069101334
1,1,0.8673781156539917
1,1,0.9998390674591064
0,0,0.30652058124542236
1,1,0.9597719311714172
1,1,0.9856194257736206
0,0,0.15477228164672852
1,1,0.9996891021728516
1,1,0.980459451675415
0,0,0.011779114603996277
1,1,0.9850093126296997
1,1,0.9925656318664551
0,0,0.06021588295698166
0,0,0.0027579462621361017
0,1,0.5466823577880859
0,0,0.00011119896225864068
0,0,0.0016339319990947843
1,0,0.30307936668395996
1,1,0.9536062479019165
1,1,0.8477188944816589
0,0,0.0808732882142067
0,0,1.8970937162521295e-05
1,1,0.9717435240745544
1,0,0.07860227674245834
0,0,0.0037175717297941446
1,1,0.6205413341522217
1,1,0.9982718229293823
1,0,0.1332273632287979
0,0,0.21147236227989197
1,1,0.9998582601547241
1,1,0.5543379187583923
1,0,0.41110995411872864
1,1,0.9999998807907104
0,0,0.0014765826053917408
0,0,0.002097397344186902
0,0,0.0012486878549680114
1,1,0.9998047947883606
1,1,0.9999961853027344
0,0,0.05171966552734375
0,0,0.000783315219450742
0,0,0.0032550834584981203
0,0,0.03149838373064995
0,0,0.07531755417585373
0,0,0.0003030606312677264
0,0,8.2442129496485e-06
0,0,1.851768683991395e-05
1,1,0.974314272403717
0,0,0.008448746055364609
1,1,0.7637708783149719
1,0,0.05484677478671074
0,0,0.046141788363456726
0,0,0.05652100592851639
0,0,0.11978325247764587
0,0,0.013887742534279823
0,0,0.06076132878661156
0,0,0.40277299284935
1,1,0.8299713134765625
0,0,0.1275714635848999
0,0,0.058065932244062424
0,0,0.07447624206542969
1,1,0.68059903383255
1,1,0.9994460940361023
0,0,0.08944737911224365
1,1,0.7752147316932678
1,1,0.8503996133804321
1,1,0.9997904896736145
0,0,0.1104474887251854
1,1,0.955708920955658
1,1,0.9867497086524963
0,0,0.007533806376159191
1,1,0.9919373393058777
1,1,0.659898579120636
0,0,0.05435963347554207
0,0,0.021787671372294426
0,0,0.08536570519208908
0,0,0.18328364193439484
0,0,0.0004202377749606967
0,0,0.04581150785088539
1,1,0.9999823570251465
0,0,0.001513877883553505
1,1,0.9707451462745667
1,1,0.9988172650337219
1,1,0.7204294800758362
0,0,0.0031986054964363575
0,0,2.5597984858904965e-05
0,0,0.00416088430210948
0,0,0.19899553060531616
1,0,0.16733677685260773
0,0,0.002590346150100231
0,0,0.0026085751596838236
0,0,0.0005057071102783084
0,0,0.022533411160111427
1,1,0.990766167640686
0,0,0.1279793381690979
0,0,0.4773002862930298
0,0,0.0015507806092500687
1,1,0.7952510714530945
1,1,0.9341216087341309
0,0,0.08702908456325531
0,0,0.0003458921564742923
1,1,0.9970619082450867
0,0,0.008513109758496284
0,0,0.04491182044148445
1,1,0.7435552477836609
1,1,0.8030663132667542
0,0,0.006628607399761677
0,0,0.003755449317395687
0,0,0.00023782839707564563
1,1,0.999566376209259
0,0,0.11942797899246216
0,0,0.3399365246295929
1,1,0.9975797533988953
0,0,0.01965484209358692
1,1,0.9998668432235718
1,1,0.9866533875465393
0,0,0.06671177595853806
0,1,0.7190826535224915
0,0,0.0045241410844028
0,0,1.4759692703592009e-06
0,0,0.006435526069253683
1,1,0.9837035536766052
1,1,0.9973474740982056
1,1,0.994522213935852
0,0,0.004975039046257734
0,0,0.4843582808971405
1,1,0.9999992847442627
1,1,0.8556954264640808
0,0,0.09839583933353424
0,0,0.0004548929282464087
0,0,0.11547542363405228
0,0,0.00020622220472432673
0,0,0.3236849009990692
1,1,0.9996910095214844
1,1,0.6647271513938904
0,1,0.6126490831375122
1,1,0.6104744672775269
1,0,0.09504567086696625
0,0,0.005788997281342745
0,0,0.0037042759358882904
1,1,0.9920197129249573
0,0,0.15006990730762482
0,0,0.00018664743402041495
0,0,0.00301980203948915
1,1,0.9999949932098389
0,0,0.08705266565084457
1,1,0.7749217748641968
0,0,0.029112951830029488
0,0,0.0013603487750515342
0,0,0.014342866837978363
0,0,0.023730410262942314
1,1,1.0
0,0,0.37280216813087463
1,1,0.5423465371131897
1,1,0.999964714050293
1,1,0.950209379196167
0,0,0.005596000701189041
0,0,0.02636445127427578
1,0,0.017573894932866096
1,1,0.9998899698257446
1,1,0.8716239929199219
1,1,0.9910095930099487
0,0,0.06970405578613281
0,0,0.007722234353423119
0,0,0.09382158517837524
0,0,0.0006277442444115877
0,0,5.594859248958528e-05
0,0,0.01109956856817007
1,1,0.7097358107566833
0,0,0.22435614466667175
0,1,0.8213872909545898
0,0,0.053575918078422546
0,0,0.14473651349544525
1,1,0.945119321346283
1,1,0.6609945893287659
0,0,0.14513948559761047
1,1,0.9579055905342102
1,1,0.8714684247970581
0,0,0.05797325819730759
0,0,0.30837374925613403
1,1,0.9480746388435364
1,1,0.9409174919128418
0,0,0.010273163206875324
0,0,0.0002688698878046125
0,0,0.21370211243629456
1,1,0.9992478489875793
1,1,0.9997444748878479
1,1,0.9912856221199036
1,1,0.9679731130599976
0,0,0.003623902564868331
1,1,0.9991443157196045
0,0,0.0004232631472405046
0,0,0.02660621888935566
1,1,0.9708914756774902
0,0,0.0020420874934643507
0,0,0.22119630873203278
1,0,0.0247897207736969
0,0,0.49019092321395874
1,1,0.7085707187652588
1,1,0.9806221723556519
1,1,0.999396562576294
0,0,0.10082180052995682
1,1,0.9986754059791565
0,0,9.883423626888543e-05
0,0,0.004161071963608265
1,1,0.9964284300804138
0,0,0.06483002007007599
0,0,0.034467726945877075
1,1,0.9149070382118225
0,0,7.015644882812921e-07
0,0,2.07529737394907e-07
0,0,2.1890436983085237e-05
1,1,0.9978241920471191
0,0,0.0012939809821546078
0,0,0.03076663427054882
1,1,0.9998065829277039
0,0,0.00842476449906826
0,0,0.0019536844920367002
1,1,1.0
1,1,0.9943190217018127
0,0,0.006674132775515318
0,0,0.0030790604650974274
0,0,0.16758300364017487
0,0,0.2728687524795532
1,1,0.8477751612663269
0,1,0.6154497861862183
1,1,0.9876242876052856
1,1,0.9999986886978149
0,0,0.015806622803211212
1,1,0.999997615814209
0,0,0.06576944887638092
0,0,0.13913632929325104
0,0,0.06742121279239655
0,0,0.0037916069850325584
0,0,0.008244023658335209
1,1,0.9994543194770813
1,1,0.7776952385902405
0,0,0.04148908704519272
0,0,0.011235291138291359
0,0,0.001393232843838632
1,1,0.8802207708358765
1,1,0.9976182579994202
0,1,0.8772632479667664
0,0,0.05601997673511505
0,0,0.15933074057102203
1,1,0.9995695948600769
0,0,0.008612912148237228
0,0,0.026382099837064743
1,1,0.9968894124031067
1,1,0.964948832988739
0,1,0.8537880778312683
0,0,0.0026372720021754503
0,0,0.004842136520892382
1,1,0.9999996423721313
1,1,0.80769944190979
1,1,0.9992161989212036
1,1,0.9925438165664673
1,1,0.9998307228088379
1,0,0.4106416702270508
0,0,0.00021582200133707374
1,1,0.9986690282821655
1,1,0.9961596727371216
1,1,0.9574545621871948
0,0,1.7867063206722378e-07
0,0,0.015778059139847755
0,0,0.054998978972435
0,0,0.0018114667618647218
0,0,0.001156470738351345
0,0,0.006611780263483524
0,0,0.020922349765896797
0,0,0.04010261967778206
0,1,0.8790905475616455
0,0,0.0029576439410448074
0,0,0.115204356610775
1,1,0.993412435054779
0,0,0.0002781070361379534
0,0,0.478956401348114
0,0,0.0014250673120841384
1,1,0.9863437414169312
0,0,0.06250583380460739
0,0,1.8611987506744754e-09
0,0,0.061089858412742615
0,0,0.1105671301484108
0,0,7.944320532260463e-05
0,0,0.0486750490963459
0,0,0.01741909421980381
0,0,9.919349395204335e-05
0,0,0.07653037458658218
0,0,0.12431884557008743
1,1,0.9652729630470276
0,0,0.0012381295673549175
1,1,0.9756959080696106
0,0,0.0004173354245722294
0,0,0.0003282808465883136
0,0,0.4216068983078003
1,1,0.9948221445083618
0,0,0.3678584694862366
0,0,0.13423492014408112
1,1,0.9076831340789795
1,1,0.6667763590812683
0,0,0.0004618065431714058
0,0,0.46297013759613037
0,0,0.0203990675508976
0,0,0.00028196602943353355
0,0,0.16411066055297852
0,0,0.0037338798865675926
1,1,0.9931015968322754
0,0,0.16644494235515594
0,0,0.007034451235085726
0,0,2.593861836430733e-06
1,1,0.9998171925544739
0,0,7.39519665123034e-13
1,1,0.9946001768112183
1,1,0.9996916055679321
0,0,0.2019260674715042
0,0,8.810362487565726e-06
0,0,1.3747970228905615e-07
0,1,0.5887486934661865
0,0,0.08200602233409882
0,1,0.9976657629013062
1,1,0.9742668271064758
0,0,0.2503040134906769
0,0,0.024678722023963928
0,0,0.3314051926136017
0,0,0.004232282750308514
1,1,0.9747799038887024
0,0,0.005632168613374233
1,1,0.7639052271842957
0,0,0.37230539321899414
1,1,0.9372212290763855
1,1,0.9481725692749023
1,0,0.3511042594909668
1,1,0.9720155596733093
1,1,0.9987550973892212
0,0,0.023232098668813705
1,1,0.9858701229095459
1,1,0.9999885559082031
0,0,0.0017272374825552106
1,1,0.9998623132705688
1,0,0.4895220100879669
0,0,0.021259769797325134
1,1,0.7254816293716431
0,0,0.03022308461368084
0,0,2.4760774977039546e-05
1,1,0.9753707647323608
1,1,0.8616104125976562
0,0,0.16706694662570953
1,1,0.9999992847442627
1,1,0.962672770023346
1,1,0.9999830722808838
0,0,0.27289944887161255
0,0,0.038090016692876816
1,1,0.7590388059616089
1,1,0.998405396938324
0,0,0.0010308822384104133
1,1,0.9789295792579651
1,1,0.999992847442627
1,1,0.7301123142242432
1,1,0.9930142760276794
0,0,0.00443473132327199
1,1,0.9976950287818909
1,1,0.9876463413238525
1,1,0.968007504940033
1,1,0.9854139089584351
1,0,0.30645325779914856
1,0,0.43427860736846924
1,1,0.9999998807907104
0,0,0.0005674628191627562
1,1,0.9878416657447815
0,0,8.039510248636361e-07
0,0,1.7858781120594358e-06
1,0,0.2663806974887848
1,1,0.9994286894798279
0,0,0.06823200732469559
0,0,0.00014036816719453782
1,1,0.8753750324249268
0,0,0.012482761405408382
1,1,0.9929304122924805
0,0,0.051414232701063156
1,1,0.9974639415740967
0,0,0.00010219171963399276
0,0,0.022990653291344643
0,0,0.0025459344033151865
1,1,0.9968273043632507
0,0,0.08347631990909576
0,0,5.176548074814491e-05
1,1,0.995103120803833
1,1,0.99998939037323
1,1,0.9975111484527588
0,0,7.813025149516761e-05
0,0,0.020194029435515404
0,0,0.12025733292102814
0,0,0.15358197689056396
0,0,5.023686389904469e-05
1,1,0.9878337383270264
0,0,0.4368298649787903
0,0,0.40206781029701233
0,1,0.6011227369308472
0,0,0.014379747211933136
0,0,0.0008872455218806863
1,1,0.9991880059242249
1,1,0.9958410859107971
0,0,3.3529802749399096e-05
0,0,0.0006989203975535929
0,1,0.6869960427284241
0,0,0.03404155373573303
1,1,0.8657811284065247
0,0,0.0716184452176094
0,0,0.174440398812294
1,1,0.9977878332138062
0,0,0.00024155409482773393
0,0,0.00910024531185627
0,0,0.00012696394696831703
0,0,0.005909749306738377
0,1,0.6959933638572693
1,1,0.997395396232605
0,0,0.0009762173285707831
0,0,0.25205904245376587
0,0,0.2065683752298355
0,0,0.1241578683257103
0,0,6.332236080197617e-05
0,0,0.0015256489859893918
0,0,0.0022936915047466755
0,0,0.010881424881517887
0,0,0.020757336169481277
0,1,0.5474113821983337
0,0,0.05133415013551712
0,0,0.020477140322327614
0,0,0.03140241652727127
0,0,0.012245381250977516
1,1,0.9030646085739136
0,0,0.011169148609042168
0,0,0.0001007727041724138
0,0,0.00040957608143799007
1,1,0.93929123878479
0,0,0.00014445574197452515
1,1,0.5688519477844238
1,1,0.9997072815895081
1,1,0.9668461680412292
1,1,0.9928472638130188
0,0,0.01666884683072567
0,0,0.021693972870707512
0,0,0.0035443168599158525
1,1,0.9999004602432251
1,1,0.9999889135360718
1,1,0.9887050986289978
0,0,0.3530445992946625
1,1,0.9808371663093567
0,0,0.061267878860235214
0,0,2.412714638921898e-05
0,0,0.009455465711653233
0,0,0.0107457609847188
1,1,0.9969250559806824
1,0,0.3668157458305359
1,1,0.6897361278533936
0,0,0.0003416254185140133
0,0,0.06663651764392853
0,0,0.004499293863773346
0,0,1.246142602440159e-07
1,1,0.9877594113349915
0,0,0.0071154432371258736
1,1,0.9930652379989624
1,1,0.9999598264694214
0,0,0.000427751278039068
1,0,0.07258985936641693
0,0,0.07378535717725754
0,0,0.0017058864468708634
0,0,0.018243057653307915
0,0,0.04491109400987625
0,0,0.4628176987171173
1,1,0.998976469039917
1,1,0.8447643518447876
0,0,0.0005195771809667349
1,1,0.9711124300956726
0,0,0.06871268898248672
1,1,0.9998039603233337
0,0,0.003318165894597769
0,0,0.014520702883601189
0,0,0.0011632279492914677
0,0,0.0037822723388671875
1,0,0.003667520359158516
0,0,0.02640739269554615
0,0,0.0004672616778407246
1,1,0.9675332307815552
0,0,0.419833779335022
1,0,0.31136396527290344
0,0,0.004817557986825705
0,0,3.735124565196202e-08
0,0,0.0025670561008155346
1,1,0.5491376519203186
0,0,0.011959520168602467
0,1,0.7895183563232422
1,1,0.9999998807907104
1,1,0.9898428320884705
0,0,0.24748532474040985
1,1,0.9987970590591431
1,0,0.41674506664276123
1,1,0.9907839298248291
0,0,0.00022000327589921653
1,1,0.9999961853027344
1,1,0.9664151072502136
1,1,0.8688217997550964
1,1,0.8505277633666992
0,0,0.008469139225780964
1,1,0.9932228326797485
1,1,0.9990963935852051
0,0,0.016077788546681404
1,1,0.9593283534049988
0,0,0.006742849480360746
0,0,0.028498966246843338
0,0,0.2698049247264862
0,0,0.09727372229099274
1,1,0.9931807518005371
0,0,0.005911937449127436
1,1,0.963165819644928
1,1,0.999049723148346
0,0,0.003568690735846758
1,1,0.9999977350234985
0,0,4.843097485718317e-06
0,0,1.0145333362743258e-05
0,0,0.0008541657007299364
1,1,0.7435211539268494
1,1,0.9004073143005371
1,0,0.4943656623363495
1,1,0.9127693772315979
0,0,0.4337722659111023
1,1,0.9088842272758484
1,1,0.9996777772903442
1,1,0.8222775459289551
1,1,0.9707046151161194
1,1,0.8996077179908752
0,0,0.02198057807981968
1,1,0.9999988079071045
1,1,0.5617685914039612
1,1,0.9988285899162292
1,1,0.9498193860054016
1,1,1.0
0,0,0.23780840635299683
1,0,0.18391835689544678
1,1,0.9994981288909912
0,0,0.00021511649538297206
1,1,0.8922641277313232
1,1,0.70610511302948
0,0,0.0030387956649065018
0,0,0.0015996844740584493
0,0,0.1544480323791504
0,0,0.12072961032390594
0,0,0.015791866928339005
0,0,0.0032377971801906824
1,1,0.9618120193481445
1,1,0.9999490976333618
0,0,0.02239607460796833
0,1,0.9198444485664368
1,1,0.9999998807907104
0,0,0.0013251157943159342
1,1,0.999661922454834
1,1,0.998009979724884
1,1,0.8990705609321594
1,1,0.9521716237068176
1,1,0.9998992681503296
1,1,0.9999549388885498
0,0,8.510869520250708e-05
1,1,0.9989746809005737
0,0,0.12503844499588013
1,1,0.5786952376365662
1,1,0.976083517074585
1,1,0.999991774559021
1,1,0.8720019459724426
0,0,0.1139841303229332
1,1,0.9799214601516724
1,1,0.9999494552612305
1,1,0.999683141708374
1,1,0.9645088911056519
1,1,0.98869788646698
0,0,2.1224573174549732e-06
1,1,0.9998440742492676
0,0,0.05878560617566109
0,0,0.15890252590179443
1,1,0.8427872657775879
0,0,3.591989661799744e-05
1,1,0.9998243451118469
0,0,0.11769715696573257
1,1,0.9994884729385376
1,1,0.9692557454109192
0,0,0.021937666460871696
0,0,0.0001669670600676909
1,1,0.9976872205734253
1,1,0.8635443449020386
0,0,0.08540314435958862
1,1,0.9817504286766052
0,0,0.33314839005470276
1,1,0.9998409748077393
1,1,0.9901008009910583
1,1,0.9701148271560669
1,1,0.999935507774353
1,1,0.9999933242797852
0,0,0.016142472624778748
0,0,0.00027884566225111485
1,1,0.9998630285263062
1,1,0.8191244602203369
1,1,0.9999960660934448
1,1,0.9310332536697388
1,1,0.9934530258178711
1,1,0.9878948330879211
1,1,0.9971880316734314
1,1,0.997896671295166
0,0,5.313599630825741e-14
1,0,0.3963582217693329
1,1,0.5576719045639038
0,0,0.08740631490945816
1,1,0.9472315907478333
1,1,0.9877769947052002
1,1,0.980014979839325
0,0,0.026994680985808372
1,0,0.30847832560539246
1,1,0.7742568254470825
0,0,0.21831634640693665
1,1,0.802021861076355
0,0,0.00894258078187704
0,0,0.21266628801822662
1,1,0.9791774153709412
1,1,1.0
1,1,0.9998903274536133
0,0,0.1788930892944336
0,0,0.006654577329754829
1,0,0.42175281047821045
0,0,0.0012991484254598618
1,1,0.9932276606559753
0,0,6.182768629514612e-06
0,0,0.07403964549303055
1,1,0.9999836683273315
1,1,0.999996542930603
0,1,0.8383721113204956
1,1,0.9979200959205627
1,1,0.9689217805862427
1,1,0.9977595806121826
1,1,0.9999330043792725
0,0,0.023246867582201958
1,1,0.9989787340164185
1,0,0.3142976462841034
0,0,0.05494261160492897
1,0,0.22667570412158966
1,1,0.9958580136299133
0,0,0.01716643199324608
0,0,0.00048445200081914663
0,0,0.04886762052774429
1,1,0.9989262223243713
1,1,0.9696001410484314
0,0,0.09454143047332764
1,1,0.9997842907905579
1,1,0.9999233484268188
0,0,0.00977256428450346
1,1,0.9926780462265015
0,0,0.02319316938519478
0,0,0.04349381849169731
0,0,4.5601168494613376e-06
0,1,0.9442823529243469
0,1,0.8452907800674438
1,1,0.7929710745811462
0,0,0.017030199989676476
1,1,0.9997389912605286
1,1,0.8849941492080688
1,1,0.9983245730400085
1,0,0.48381108045578003
0,0,0.0020697263535112143
0,0,0.17930613458156586
0,0,0.09274344891309738
0,0,0.020547935739159584
0,0,0.012185893021523952
1,1,0.9999986886978149
0,0,2.177964297800372e-08
0,0,0.010677646845579147
1,1,0.9994841814041138
0,0,0.0018196199089288712
0,0,0.2832948565483093
1,0,0.33591824769973755
0,0,0.11824897676706314
1,1,0.9742564558982849
0,0,0.15039335191249847
0,0,0.001258105388842523
0,0,0.00033993914257735014
0,0,0.05186571925878525
0,0,0.0018975556595250964
0,0,0.0011898096418008208
1,0,0.4181804060935974
1,1,0.9862048029899597
0,0,0.07535360753536224
0,0,0.013969521969556808
0,0,1.2434243217285257e-05
0,0,0.004680043086409569
1,1,0.9992071986198425
0,0,0.0035099084489047527
1,1,0.7079516053199768
1,1,0.7042024731636047
1,1,0.5631200075149536
0,0,0.004457105416804552
0,0,0.018615564331412315
0,0,0.04513907432556152
0,0,0.0165537279099226
0,0,0.005563383921980858
0,0,1.5593556668136443e-08
0,0,0.022833053022623062
0,0,0.019993096590042114
0,0,0.20670561492443085
0,0,0.029450874775648117
1,1,0.9999784231185913
0,1,0.933299720287323
1,1,1.0
1,0,0.3751610517501831
0,0,2.6929337764158845e-05
0,0,0.059393227100372314
1,1,0.9348452091217041
0,0,0.23846924304962158
0,0,0.032853513956069946
1,1,0.9997929930686951
0,0,0.0014823151286691427
0,0,0.1631193459033966
0,0,0.004862244240939617
1,1,0.9969121217727661
1,1,0.9989269375801086
0,0,0.0011080818949267268
1,1,0.9765750765800476
0,0,0.08431555330753326
0,0,0.0005462283152155578
1,1,0.9703724980354309
0,0,0.002057171892374754
1,1,0.9877320528030396
1,1,0.9763953685760498
0,0,0.027515454217791557
0,0,0.00046761034172959626
0,0,0.0011699575698003173
1,1,0.9952998161315918
1,1,0.9542137980461121
1,1,0.9937652349472046
1,1,0.9995144605636597
1,1,0.9434258937835693
0,0,0.00924249179661274
1,1,0.9988579750061035
0,0,0.003850506152957678
0,0,0.002682534046471119
0,0,0.1300620138645172
1,1,0.9789928793907166
1,1,0.5242732167243958
0,0,0.16638755798339844
0,0,0.00561617873609066
0,0,0.022333316504955292
0,0,0.02345447987318039
1,1,0.6584122776985168
1,1,0.7982456088066101
0,0,0.0003607698599807918
0,0,0.021038152277469635
1,1,0.9987020492553711
1,1,0.9648609161376953
0,0,0.045635711401700974
0,0,0.01267925649881363
0,0,0.00019545224495232105
1,1,0.8816916942596436
1,1,0.8062160611152649
0,0,0.0013969982974231243
1,1,0.9247347116470337
0,1,0.5759465098381042
1,1,0.8077643513679504
0,0,0.0229649618268013
0,0,0.004584403242915869
1,1,0.7025256752967834
1,1,0.9430261254310608
0,0,0.0002563053567428142
1,0,0.22348931431770325
1,1,0.9988068342208862
1,1,0.9997712969779968
1,1,0.9996699094772339
0,0,0.0009826411260291934
1,1,0.9996840953826904
0,0,0.045108433812856674
0,0,0.006753616500645876
0,0,0.21052829921245575
1,1,0.9306137561798096
1,1,0.99186772108078
0,0,0.31992602348327637
1,1,0.9989547729492188
1,0,0.48667970299720764
1,1,0.9698212146759033
0,0,0.3182567059993744
1,1,0.9975219368934631
0,0,2.2780218387197237e-06
0,1,0.7732046246528625
0,0,1.4315232874650974e-05
0,0,0.0017726876540109515
0,0,0.0020376346074044704
1,0,0.45065057277679443
1,1,0.9983636736869812
1,1,0.7365999817848206
0,0,0.32417914271354675
0,0,0.4217189848423004
0,0,0.0034941367339342833
0,0,4.707375046564266e-05
1,1,0.976838231086731
1,1,0.9940904974937439
0,0,0.008668175898492336
1,1,0.9479601979255676
0,0,0.0026222961023449898
0,1,0.5773742198944092
0,0,0.04147367551922798
0,0,0.18678919970989227
0,0,0.016472455114126205
0,0,0.308592826128006
0,0,0.04230480268597603
0,0,0.001220444100908935
0,0,0.0029728480149060488
0,0,0.00014460526290349662
1,1,0.8226498365402222
1,1,0.9171026945114136
1,1,0.9705460667610168
0,0,0.13155636191368103
0,0,0.0003057142021134496
0,0,0.0006006657495163381
0,0,0.05077105760574341
0,0,0.0020537981763482094
0,0,0.4724811613559723
0,0,0.00022576951596420258
0,0,0.003660218557342887
1,1,0.9999635219573975
1,1,0.9524250030517578
0,1,0.6742872595787048
0,0,2.9839427952538244e-05
1,1,0.8980688452720642
0,0,0.0007542004459537566
1,1,0.7444373965263367
0,0,0.23316699266433716
0,0,0.007295055780559778
0,0,0.0026455766055732965
0,0,0.005225010681897402
1,1,0.9966433048248291
0,0,0.03532326593995094
1,1,0.992566704750061
0,0,0.039845678955316544
0,0,0.00044254527892917395
0,0,0.007192419376224279
1,1,0.999599277973175
1,1,0.9969377517700195
1,1,0.9842963814735413
1,1,0.9972124695777893
0,0,0.006838866043835878
1,1,1.0
1,1,0.9989055395126343
1,1,0.998687207698822
1,1,0.9999924898147583
0,0,0.00012570388207677752
1,0,0.02380547486245632
1,1,0.9993056058883667
0,0,0.0007861417834647
0,0,0.013571319170296192
0,0,0.0033365662675350904
0,1,0.7758486866950989
0,0,0.00014756804739590734
0,0,0.002678247168660164
0,0,0.01110881008207798
0,0,4.05542754933208e-09
1,1,0.9284752011299133
0,0,0.026865137740969658
1,1,0.8299662470817566
0,0,0.011944856494665146
0,0,0.0003304629062768072
1,1,0.9990270137786865
1,1,0.7179706692695618
1,1,0.9726601243019104
1,0,0.3725815415382385
1,1,0.9967494010925293
1,1,0.999600350856781
0,1,0.5340081453323364
0,0,0.012032883241772652
0,0,0.00024195147852879018
1,1,0.9503558874130249
1,1,0.9979293346405029
1,0,0.2597835958003998
0,0,0.00027379291714169085
0,0,0.012608939781785011
0,0,0.004889605566859245
0,0,0.00029650641954503953
1,1,0.9999856948852539
1,1,0.9845534563064575
0,0,0.000802741211373359
0,0,0.0014622121816501021
0,0,0.0006033090758137405
0,0,0.004547845106571913
0,0,0.3934492766857147
1,1,0.8003636002540588
0,0,0.11453772336244583
1,1,0.9867420792579651
1,1,0.9811809062957764
0,0,0.017408398911356926
1,1,0.9989515542984009
1,0,0.22806429862976074
1,1,0.829085648059845
0,0,0.14007237553596497
0,0,5.360709565138677e-06
1,1,0.999998927116394
0,0,0.0068983412347733974
0,0,0.005040055140852928
0,0,0.0023724830243736506
1,1,0.9813199043273926
1,1,0.9981728792190552
1,1,0.9970998764038086
1,1,0.9550970792770386
1,1,0.9223904609680176
0,0,0.287884384393692
0,0,0.12511545419692993
0,0,0.08095791935920715
1,1,0.9815347194671631
0,1,0.7868574857711792
0,0,3.215431934222579e-05
1,1,0.9572782516479492
1,1,0.8586428165435791
0,0,0.0007102011586539447
1,1,0.9569091200828552
1,1,0.9975678324699402
0,0,0.05669376999139786
0,0,0.058066319674253464
1,1,0.9013999104499817
0,0,0.006918434053659439
1,0,0.048477184027433395
0,0,0.18200092017650604
1,0,0.4199499487876892
1,1,0.9824860095977783
1,1,0.9334111213684082
1,1,0.998384952545166
0,0,0.008713063783943653
1,1,0.9943854808807373
0,0,0.0011094840010628104
1,1,0.9676584601402283
1,1,0.6440542340278625
0,0,0.01627725549042225
1,1,0.9894648790359497
0,0,0.0009397706016898155
0,0,0.0022181356325745583
1,1,0.9985346794128418
0,0,0.18853434920310974
0,0,0.02616247534751892
0,0,0.19090299308300018
1,1,0.9981703758239746
0,1,0.6629204750061035
0,0,0.046478271484375
1,1,0.9817249774932861
1,1,0.9999494552612305
0,0,0.08819648623466492
1,1,0.7194285988807678
1,1,0.9986273050308228
0,0,0.0003785963635891676
0,0,0.21613791584968567
0,0,2.6380207600595895e-06
1,1,0.9954185485839844
0,0,0.3868475556373596
1,1,0.9949681162834167
1,1,0.9449531435966492
0,0,0.00012225512182340026
1,1,0.9915668368339539
1,1,0.9364334940910339
1,1,0.9729331135749817
1,1,0.996981680393219
0,1,0.6787532567977905
0,0,9.144061186816543e-05
0,0,0.001004527905024588
1,1,0.9906557202339172
0,0,0.07719554752111435
1,1,0.9999755620956421
1,1,0.9999998807907104
1,1,0.9934186935424805
1,1,0.5145453214645386
0,0,0.15309284627437592
1,1,0.999995231628418
1,1,0.9794262051582336
0,1,0.5826619267463684
1,1,0.9539964199066162
1,1,0.9508132338523865
0,1,0.736452579498291
1,1,0.9891344308853149
1,1,0.9999732971191406
1,1,0.9963759779930115
1,1,0.9966080188751221
1,0,0.3190305829048157
1,1,0.9896960258483887
0,0,0.011794865131378174
0,0,0.11137256026268005
0,0,0.05842620134353638
1,1,0.9308674335479736
0,0,0.0037941294722259045
0,0,0.0003338759997859597
1,1,0.9970496892929077
1,1,0.9949331879615784
1,1,0.9783229827880859
1,0,0.46621331572532654
1,0,0.005150650627911091
0,0,0.048362165689468384
1,0,0.12774518132209778
0,0,0.05834048241376877
1,0,0.31842800974845886
1,1,0.9998514652252197
1,1,0.9799631237983704
1,1,0.9815804362297058
1,1,0.9996380805969238
1,1,0.9993809461593628
1,1,0.9757668375968933
0,0,0.09834512323141098
0,1,0.5086531043052673
1,1,0.9998065829277039
0,0,1.0078029077931205e-07
0,0,0.09111514687538147
0,0,0.008837370201945305
1,1,0.9999943971633911
1,1,0.9933711290359497
1,1,0.994787335395813
1,1,0.9999674558639526
0,1,0.6360282301902771
1,1,0.6289860010147095
0,0,0.0001184963111882098
0,0,0.0004589839663822204
1,1,0.9992814660072327
0,0,0.12021967768669128
0,0,0.01327820960432291
0,0,4.787387661053799e-05
1,1,0.7294668555259705
0,0,0.0008552431245334446
1,0,0.3443954586982727
0,0,0.1065133735537529
1,1,0.9939433932304382
0,0,0.024953210726380348
1,1,0.9999616146087646
0,0,0.0017030377639457583
0,0,0.0042939940467476845
1,1,0.9948154091835022
1,1,0.8554696440696716
1,1,0.8622531890869141
0,0,0.0009876833064481616
0,0,0.001444306573830545
1,1,0.964819073677063
0,0,0.04096250981092453
1,0,0.07583583146333694
0,0,0.002487841760739684
0,0,0.021211722865700722
0,0,0.023105120286345482
1,1,0.7794373035430908
0,0,0.03992455452680588
0,0,0.10196810960769653
1,1,0.9966264963150024
0,0,7.196463411673903e-05
0,0,0.04016776755452156
0,0,0.03458784520626068
0,0,0.0015463156159967184
0,1,0.8287304043769836
0,1,0.941117525100708
1,0,0.13924480974674225
1,1,0.52520751953125
0,0,4.455466478248127e-05
0,0,0.017541980370879173
0,0,0.2865135669708252
0,0,0.03593701496720314
1,1,0.9988817572593689
0,0,0.24127347767353058
0,0,0.037886377424001694
1,1,0.9999955892562866
0,0,0.23181957006454468
0,0,0.014715353958308697
0,0,0.13953080773353577
0,0,0.0018905786564573646
1,1,0.9963801503181458
1,1,0.7800100445747375
0,1,0.5528427958488464
0,0,0.0005894115311093628
0,0,0.3677562475204468
1,1,0.9424964785575867
1,1,0.9801962971687317
1,1,0.9985079169273376
1,1,0.8321237564086914
0,0,0.3427196741104126
1,1,0.9999980926513672
1,1,0.9849538803100586
1,1,0.9999973773956299
1,1,0.9274313449859619
1,1,0.9961283206939697
1,1,0.6528048515319824
1,1,0.9882358908653259
1,1,0.9859632849693298
0,1,0.5749576687812805
0,0,0.01403577346354723
1,1,0.9787647724151611
1,1,0.9989284873008728
1,1,0.9999513626098633
0,0,0.043705590069293976
1,1,0.9979998469352722
0,0,0.007557813543826342
1,1,0.9612534642219543
1,1,0.9949126243591309
1,1,0.9422255754470825
1,1,0.9052782654762268
1,1,0.9676101207733154
1,1,0.9624135494232178
0,1,0.7430189251899719
0,0,0.0015627228422090411
1,1,0.9894188046455383
1,1,0.9994283318519592
0,0,0.15373218059539795
0,0,0.3760882616043091
0,0,0.002129093511030078
0,0,0.0006474688998423517
1,1,0.9990113973617554
1,1,0.9199962019920349
1,1,0.9828923940658569
1,1,0.9983385801315308
0,0,0.3674975037574768
0,0,0.032609570771455765
1,1,0.9989475607872009
1,1,0.9995850920677185
0,0,0.046430859714746475
0,1,0.9645886421203613
0,0,0.24701184034347534
1,1,0.9731963276863098
0,0,0.0031013507395982742
0,0,0.08381825685501099
0,0,0.003921541851013899
0,0,3.946322976844385e-06
0,0,0.00014208444918040186
1,1,0.8747714161872864
1,1,0.5565837621688843
0,0,0.030609209090471268
0,1,0.7811199426651001
0,0,0.02944851480424404
1,0,0.27752986550331116
1,1,0.7504199147224426
1,1,0.9684411287307739
0,1,0.662219762802124
0,0,0.013392653316259384
0,1,0.995349109172821
0,1,0.9037554860115051
0,0,0.0807371437549591
1,1,0.9147616624832153
0,0,0.002947412198409438
0,0,0.0006062493193894625
1,0,0.37833601236343384
1,1,0.9848329424858093
1,1,0.9993815422058105
1,1,0.9999998807907104
0,1,0.8390606045722961
1,1,0.9999942779541016
0,1,0.7579140663146973
0,0,0.03490561619400978
0,0,0.0012912902748212218
1,1,0.999998927116394
1,1,0.9628548622131348
1,1,0.9695430994033813
1,1,0.9401678442955017
0,0,0.0018799335230141878
0,0,0.007642492186278105
1,1,0.9999936819076538
1,1,0.9999983310699463
0,0,1.5391271517728455e-05
1,1,0.9878196716308594
1,1,0.6709747314453125
1,1,0.9918146729469299
0,1,0.5143091678619385
1,1,0.9999920129776001
1,0,0.16459864377975464
1,1,0.9916926622390747
1,1,0.993314802646637
0,0,8.316340426972602e-06
0,0,0.0015702351229265332
0,0,0.005018096417188644
1,1,0.8325653672218323
1,1,0.9999043941497803
0,0,0.008096911944448948
1,1,0.6355941295623779
1,1,0.9751014709472656
0,0,0.00015581525804009289
1,1,0.860400915145874
1,1,0.9703251123428345
1,1,0.6363852024078369
1,1,0.5877262353897095
0,0,0.10336470603942871
0,0,0.06469821184873581
0,0,0.03901166468858719
1,1,0.887966513633728
1,1,0.9942240118980408
0,0,0.00031299961847253144
1,1,0.9778485894203186
0,0,0.013304555788636208
1,1,0.780483067035675
0,0,0.12367969751358032
0,1,0.5374545454978943
1,1,1.0
0,0,0.00938642118126154
1,1,0.9983963370323181
1,0,0.02469830960035324
1,0,0.2696353495121002
1,1,0.9999996423721313
0,0,0.041057098656892776
0,0,0.05570416525006294
0,0,0.06491123884916306
0,1,0.6987594366073608
1,1,0.9963982105255127
0,0,3.751429539988749e-05
1,1,0.8080872297286987
0,0,0.0894618108868599
1,1,0.9986103773117065
1,1,0.6634061336517334
0,0,0.03129706531763077
0,0,0.02067166194319725
0,0,0.02821296639740467
1,1,0.9968699812889099
1,1,0.999993085861206
1,1,0.9911425113677979
1,1,0.8216100335121155
1,1,0.9999067783355713
1,1,0.9995183944702148
1,1,0.9510238766670227
1,1,0.9632012248039246
1,1,0.9803423285484314
1,1,0.9984873533248901
1,1,0.9999887943267822
0,0,0.05525127425789833
0,0,0.002813273575156927
0,0,0.004171779379248619
1,1,0.9741820693016052
0,0,0.09532945603132248
1,1,0.9992097616195679
1,1,0.9999996423721313
1,1,0.9966722726821899
1,1,0.9841152429580688
0,0,0.001985064009204507
0,0,0.012205412611365318
0,0,0.024476006627082825
0,0,0.03128396347165108
0,0,0.0012034917017444968
0,0,0.15541088581085205
0,0,0.0004948925343342125
0,0,0.1618553102016449
0,0,0.0018494186224415898
0,0,0.15035195648670197
0,0,0.0006988491513766348
1,1,0.9855052828788757
1,1,0.8596224188804626
0,1,0.8500533103942871
0,0,8.474184488892547e-14
0,0,0.00019933911971747875
0,0,0.03647531941533089
1,0,0.4599667191505432
0,0,0.00030582412728108466
0,0,0.01501478347927332
1,0,0.4043114185333252
0,0,4.6262463001767173e-05
0,0,0.04894933104515076
0,0,0.0007096913759596646
1,1,0.978461742401123
1,1,0.9991782307624817
0,0,1.1527486094564665e-05
1,1,1.0
1,1,0.9981144666671753
0,0,0.0013519155327230692
0,0,7.372367690550163e-05
1,1,0.9531168341636658
1,1,0.9998262524604797
1,1,0.9189514517784119
1,1,0.9429451823234558
1,1,0.9953118562698364
0,0,0.15017582476139069
1,1,0.9955883026123047
1,1,0.9988157749176025
1,1,0.9777987599372864
1,1,0.7222321629524231
1,1,0.9854682087898254
1,1,0.9100810885429382
1,1,0.7691922187805176
1,1,0.9404751658439636
0,0,0.0011210632510483265
1,1,0.8441646099090576
0,0,0.032873060554265976
1,1,0.9839655160903931
0,0,0.3388241231441498
1,1,0.9997456669807434
0,0,0.012902230024337769
0,0,0.04496898129582405
0,0,0.009713741019368172
0,0,0.0013530413853004575
1,1,0.9999362230300903
1,1,0.9002514481544495
0,0,0.006227973382920027
0,0,0.0559689886868
1,1,0.9976446032524109
1,1,0.9988719820976257
0,0,0.15108110010623932
0,0,0.037325240671634674
0,0,0.0686289444565773
0,0,0.002033743541687727
1,1,0.9955303072929382
1,0,0.04727689549326897
1,1,0.9852960109710693
1,1,0.9955256581306458
1,1,0.991456925868988
1,1,1.0
1,1,0.8667709231376648
1,1,0.9802595973014832
1,1,0.659576952457428
1,1,0.999636173248291
1,1,0.9385281801223755
1,1,0.9526612162590027
1,1,0.9641768932342529
1,1,0.9527257084846497
0,0,0.11485526710748672
1,1,0.8937215209007263
1,1,0.9999992847442627
1,1,0.9948694705963135
1,1,0.9441512227058411
1,1,0.9999810457229614
1,1,0.999562680721283
0,0,5.192036769585684e-05
1,1,0.9999707937240601
1,1,0.9999287128448486
0,0,0.05355248227715492
1,1,0.9999979734420776
1,1,0.9916324019432068
0,0,0.00011474709754111245
0,0,0.0017310210969299078
1,1,0.9700500965118408
0,0,0.16725368797779083
0,1,0.5088289380073547
1,1,0.9992936849594116
1,1,0.9985106587409973
1,1,0.9979154467582703
1,1,0.9999837875366211
1,1,0.5616993308067322
1,1,0.9998835325241089
1,1,0.9943752288818359
1,1,0.9429581165313721
0,0,0.15786077082157135
1,1,0.9968512654304504
1,1,1.0
1,1,0.9823722243309021
1,0,0.007383432239294052
0,0,0.007488111965358257
1,1,0.9985878467559814
1,1,0.950738787651062
0,0,0.058114226907491684
0,0,0.10661224275827408
1,1,0.9215728044509888
1,1,0.999799907207489
1,1,0.9990217685699463
1,1,0.9873791337013245
1,1,0.9578596353530884
0,0,4.7489556891378015e-05
1,1,0.9369200468063354
0,0,0.0030526926275342703
1,1,0.9999922513961792
1,1,0.9595531225204468
1,1,0.9911297559738159
1,1,0.9999982118606567
1,1,0.7379569411277771
1,1,0.9538306593894958
0,0,0.4726078510284424
1,1,0.9063835740089417
1,1,0.9957630634307861
1,1,0.7324133515357971
1,1,0.9522857666015625
1,1,0.9976805448532104
1,1,0.9961982369422913
1,1,0.8902294635772705
1,1,0.9993805885314941
0,0,0.1391841620206833
1,1,0.9998877048492432
1,1,0.9927402138710022
0,0,0.02414250746369362
0,0,0.20366662740707397
0,0,0.006500816438347101
1,1,0.8902013897895813
1,1,0.9979256391525269
0,0,0.10996195673942566
1,1,0.9812109470367432
1,1,0.8812451958656311
0,0,1.004445152830158e-06
0,0,7.688941695960239e-05
1,1,0.9832484722137451
0,0,0.0001859439944382757
0,0,0.013700942508876324
1,1,0.968917965888977
1,1,0.9969884753227234
1,1,0.9984153509140015
0,0,0.29784610867500305
0,1,0.5634170770645142
0,0,0.000760829309001565
1,1,0.7547239065170288
0,0,0.28308936953544617
0,0,0.002720954129472375
1,1,0.9989620447158813
0,0,0.0013576766941696405
0,0,1.607877025966431e-11
1,1,0.9999327659606934
0,0,2.6891380912275054e-05
1,1,0.9890772104263306
0,0,0.007019997574388981
0,0,0.01097261905670166
0,0,0.04308072105050087
0,1,0.7739836573600769
0,0,2.80341669167683e-06
0,0,1.909011734824162e-05
0,0,0.41502588987350464
1,1,0.8879024982452393
0,0,0.001230984227731824
1,1,0.9995293617248535
1,1,0.9995012283325195
1,1,0.9917003512382507
0,0,0.05929270014166832
0,0,0.00011033180635422468
1,1,0.9893530607223511
0,0,0.2627832889556885
0,0,0.45917099714279175
1,1,0.9435571432113647
1,1,0.9706799983978271
0,0,0.00973950233310461
0,0,0.0002821074740495533
1,1,0.9999213218688965
1,1,0.9824258089065552
0,0,0.0021286336705088615
0,0,0.08061175793409348
0,0,0.03677264228463173
0,0,0.0007395418942905962
0,0,0.13482974469661713
0,1,0.6123864054679871
1,1,0.8911412954330444
0,1,0.666071355342865
1,1,0.991663932800293
0,0,0.0011897325748577714
0,0,1.1299148354737554e-05
1,1,0.9862008690834045
1,1,0.990058958530426
0,0,0.06848200410604477
0,0,0.0059486632235348225
0,0,0.005289975553750992
0,0,0.023452630266547203
0,0,0.023274503648281097
0,0,0.07960550487041473
1,1,0.9700774550437927
0,0,0.03537926822900772
0,0,2.065487569780089e-05
1,1,0.8423454761505127
0,0,0.012231229804456234
1,1,0.997958779335022
0,0,0.034970030188560486
0,0,0.00010497482435312122
1,1,0.9999860525131226
1,1,0.9891827702522278
0,0,0.0019428947707638144
0,0,0.019951479509472847
1,1,0.9999518394470215
1,1,0.9999974966049194
0,0,2.0607929400284775e-05
1,1,0.9999628067016602
0,0,0.03504890948534012
1,1,0.9873934984207153
1,1,0.9963047504425049
0,0,0.16133084893226624
0,0,0.11270301789045334
0,0,0.276888370513916
0,0,0.001376127591356635
1,1,0.9911034107208252
1,1,0.9767279028892517
1,1,0.953070878982544
1,0,0.12097127735614777
1,1,0.9999160766601562
1,1,0.9961937665939331
1,1,0.9947596192359924
1,1,0.9484492540359497
1,1,0.9981322884559631
0,0,0.000581595057155937
1,1,0.9999161958694458
1,1,0.9995573163032532
1,0,0.20685866475105286
0,0,0.032309822738170624
0,0,0.007824479602277279
1,1,0.9689434170722961
0,0,0.05172295123338699
0,0,0.0665716901421547
0,0,0.009252556599676609
0,0,0.3738768696784973
1,1,0.9969404935836792
1,0,0.4315791726112366
1,1,0.9971780776977539
1,1,0.9717276692390442
1,1,0.7016347646713257
1,1,0.999451220035553
0,0,0.0003739897219929844
0,0,0.08203040063381195
1,1,0.671879768371582
1,1,0.9922294020652771
1,1,0.9629010558128357
0,0,0.04767020419239998
0,0,0.20215411484241486
0,0,0.013285639695823193
0,0,0.06959790736436844
1,1,0.8427240252494812
1,1,0.9969183206558228
1,1,0.9645488262176514
1,1,0.9374800324440002
0,0,0.3329436182975769
1,1,0.9874260425567627
0,0,0.18400660157203674
0,0,0.0666273757815361
0,0,0.037841107696294785
0,0,0.026558734476566315
1,1,0.999293327331543
1,1,0.9903877377510071
0,0,0.021083980798721313
0,0,0.00011024767445633188
1,1,0.9081005454063416
0,0,0.34809184074401855
0,0,0.00027933952515013516
0,0,0.009581713937222958
0,0,0.07647011429071426
0,0,0.006650833413004875
0,0,0.02143019437789917
0,1,0.8521883487701416
0,0,0.00837678462266922
1,1,0.999504566192627
0,0,0.00027079961728304625
0,0,0.02458265982568264
0,0,0.014396746642887592
1,1,0.992519736289978
1,1,0.8858224749565125
0,1,0.9740584492683411
0,0,0.0015334316994994879
0,0,0.0006515752174891531
1,0,0.49341994524002075
1,0,0.03557155653834343
0,0,0.02071814425289631
1,1,0.9997081160545349
1,1,0.9941574335098267
1,1,0.9999971389770508
1,1,0.9965452551841736
1,1,0.9234838485717773
0,0,0.2063472867012024
0,0,0.000990123488008976
0,1,0.6448400616645813
0,0,0.00531360600143671
1,1,0.9995226860046387
1,1,0.9928960204124451
1,1,0.7163951396942139
1,1,0.999852180480957
0,0,0.0003484794870018959
0,0,0.04969210550189018
1,1,0.9627702832221985
1,1,0.9771893620491028
0,0,0.015035700052976608
1,0,0.30552423000335693
1,1,0.9836974740028381
0,0,0.00398312509059906
1,1,0.9997665286064148
1,1,0.9979066848754883
0,0,0.20270760357379913
0,1,0.5594727396965027
1,0,0.4187088906764984
0,0,2.6549316316959448e-05
0,0,0.0006677715573459864
1,0,0.27435600757598877
1,1,0.9853742122650146
1,1,0.9025484323501587
0,0,0.011450263671576977
0,0,0.12581273913383484
1,1,0.9969353675842285
0,0,0.005276706535369158
1,1,0.9264823198318481
1,1,0.9993705153465271
0,0,0.0038322103209793568
0,1,0.9395416378974915
0,0,0.07190003991127014
0,0,0.008914942853152752
1,1,0.9989084005355835
1,1,0.9975388050079346
0,0,0.05491851270198822
1,1,1.0
1,1,0.9987579584121704
0,0,0.025472067296504974
0,0,0.01220990251749754
0,0,0.06914780288934708
1,0,0.3041902482509613
1,1,0.9672588109970093
0,0,7.208035822259262e-05
1,1,0.9949225783348083
1,1,0.8747031688690186
1,0,0.367251455783844
0,0,0.05856144055724144
0,0,0.20234189927577972
0,0,0.0005879978416487575
1,1,0.9924634695053101
1,1,0.9931433200836182
1,1,0.9951025247573853
1,0,0.12430308759212494
0,0,0.03508789464831352
0,0,0.006499609909951687
0,0,4.003157664556056e-05
0,0,0.0003128462703898549
0,0,0.06241604685783386
1,1,0.9994181394577026
1,1,0.8542903661727905
1,1,0.965897798538208
0,0,0.065372034907341
0,0,0.02458144538104534
0,0,0.1697859764099121
0,0,0.027953898534178734
0,1,0.5981907248497009
1,1,0.9999347925186157
1,1,0.9948573112487793
1,1,0.9544456005096436
1,1,0.9661710262298584
1,1,0.9343876242637634
1,1,0.6118496656417847
1,1,0.9937983155250549
1,1,0.9965877532958984
1,1,0.738763689994812
0,0,0.03637748584151268
0,0,0.010723576880991459
0,0,0.1935451477766037
0,0,0.002867588074877858
0,0,0.3949897885322571
0,0,0.08348332345485687
0,0,0.17967143654823303
0,0,0.01467918511480093
0,0,0.00014360436762217432
0,0,0.029390139505267143
1,1,0.9927600622177124
0,0,4.1663399315439165e-05
0,0,0.014462403953075409
0,0,0.015801792964339256
1,1,0.9999995231628418
1,1,0.9999809265136719
0,0,0.0028710097540169954
1,1,0.9803327322006226
0,0,0.22162127494812012
0,0,0.003127065487205982
0,0,0.00015344470739364624
1,1,0.9999998807907104
0,0,0.13971218466758728
1,1,0.7579810619354248
1,1,0.9527845978736877
1,1,0.5108863115310669
1,1,0.9983263611793518
0,0,0.0010063420049846172
0,1,0.8874738812446594
0,0,0.06052754819393158
0,0,0.005874442867934704
0,0,0.0013750611105933785
1,1,0.8322202563285828
1,1,0.9999510049819946
1,1,0.9999996423721313
1,1,0.9891836643218994
0,0,0.005101956892758608
1,1,0.9989639520645142
1,1,0.9998552799224854
0,0,1.0979111721098889e-05
0,0,0.00038838700857013464
1,1,0.9966211318969727
1,1,0.9858652353286743
1,1,0.9992802739143372
1,1,0.999929666519165
1,1,0.9997358918190002
0,0,0.00017273073899559677
0,0,0.1782035231590271
1,1,0.9145577549934387
1,1,0.8922333121299744
0,0,0.07920964062213898
0,0,0.005458857864141464
0,0,0.22188027203083038
0,0,0.03960723057389259
0,0,6.266222953854594e-06
0,0,0.00033662610803730786
1,1,0.967376708984375
0,0,1.9933942894567735e-05
1,1,0.9598393440246582
1,1,0.9998972415924072
1,1,0.9475269913673401
1,1,0.9994550347328186
1,0,0.00016348403005395085
0,0,0.14344680309295654
0,0,0.17823828756809235
0,0,0.013779797591269016
0,0,0.0036937056574970484
1,1,0.9423819184303284
1,1,0.9995960593223572
0,0,0.0037463726475834846
0,0,0.014992373995482922
1,1,0.999998927116394
0,0,5.7230172387789935e-06
1,1,0.9999743700027466
0,0,0.048652973026037216
0,0,1.7787013348424807e-05
1,1,0.9153160452842712
1,1,0.8681231737136841
0,0,0.00035011820727959275
1,1,0.9871267676353455
1,1,0.9954878687858582
1,1,0.9999960660934448
0,0,0.004469073377549648
0,0,0.0989547073841095
1,1,0.9408106207847595
1,1,0.9757097363471985
0,0,0.003728300565853715
1,1,0.7719061374664307
1,1,0.9885731935501099
1,1,0.6224000453948975
1,1,0.9944425225257874
1,1,0.9990367889404297
0,0,0.0068182433024048805
0,0,0.007220769301056862
0,0,0.11535390466451645
0,0,0.05217884108424187
0,0,0.05454457178711891
0,0,0.01801433227956295
1,1,0.9997586607933044
1,1,0.9995606541633606
1,1,0.9586153626441956
1,1,0.9895089864730835
1,1,0.9999743700027466
1,1,0.9900480508804321
0,0,0.010441104881465435
0,0,0.004193708300590515
0,0,0.012154891155660152
1,1,0.9697936177253723
0,0,0.0063593750819563866
0,0,0.035094231367111206
0,0,1.2385708032525145e-05
1,1,0.9999997615814209
1,1,0.9997122883796692
1,1,0.9824010729789734
1,1,0.9465935826301575
0,0,0.01598806120455265
1,1,0.9479504823684692
1,1,0.9713935852050781
1,1,0.9975599050521851
1,1,0.9772109985351562
0,0,0.2364450842142105
0,0,0.39883533120155334
1,1,0.8446398973464966
0,0,0.18596158921718597
0,0,0.030833853408694267
0,0,0.03603353351354599
0,0,0.3633069097995758
0,0,0.2830689549446106
0,0,0.1290876716375351
0,0,0.005129244644194841
1,0,0.48242369294166565
0,0,0.023063061758875847
0,0,0.10634651780128479
0,0,0.00048178175347857177
0,0,0.09781906008720398
0,0,0.0011789622949436307
0,0,0.03686898201704025
0,0,0.03588833287358284
1,1,0.9624782204627991
0,0,0.3479097783565521
0,0,0.06706071645021439
0,0,0.012587681412696838
1,1,0.9958822727203369
0,0,4.64142203782103e-06
1,1,0.9920235872268677
1,1,0.838421106338501
1,1,0.7293394207954407
0,0,0.0002582291199360043
1,1,0.9394392371177673
1,1,0.7713449001312256
0,1,0.79878830909729
0,1,0.7929162979125977
1,1,0.9999998807907104
0,0,0.007766647730022669
1,1,0.8267503380775452
0,1,0.5801461338996887
0,0,0.0001800168538466096
0,0,0.027594435960054398
0,0,0.12374342232942581
0,0,0.0007356505957432091
0,0,1.9915909433620982e-05
1,1,0.9627879858016968
0,1,0.8834646344184875
0,0,0.003229603637009859
0,0,0.09760697931051254
1,1,0.7151753902435303
1,1,0.9999992847442627
0,0,0.001128274598158896
0,0,0.014395489357411861
1,1,0.9482936263084412
1,1,0.9999619722366333
0,0,6.235449836822227e-05
1,1,0.992906928062439
0,0,0.022999292239546776
1,1,0.9696491956710815
0,0,8.754464215599e-05
0,0,0.28829139471054077
0,0,0.23968443274497986
0,0,0.004340005572885275
1,1,0.8546435236930847
1,1,0.9472390413284302
1,1,0.9744307994842529
1,1,0.9616740942001343
1,1,0.9437474608421326
1,1,0.9685084223747253
0,0,0.04503534734249115
0,0,0.018362129107117653
0,0,0.05285944417119026
0,0,0.009336486458778381
1,1,0.964522123336792
1,1,0.9999668598175049
1,0,0.48075971007347107
1,1,0.995745837688446
0,0,0.09666971117258072
0,0,0.04309828206896782
0,0,0.0047876001335680485
1,1,0.9999998807907104
1,1,0.9946998357772827
0,0,0.33716532588005066
0,0,0.015721363946795464
0,0,0.021345918998122215
1,1,0.9365062713623047
0,0,0.37817102670669556
1,1,0.558817982673645
1,1,0.9999315738677979
1,1,0.998863935470581
0,0,0.16448473930358887
1,1,0.9980136156082153
0,0,0.23303765058517456
1,1,0.9633671641349792
1,1,0.9958594441413879
0,0,0.002585555659607053
1,1,0.8287891149520874
1,1,0.9772192239761353
0,0,0.021949047222733498
0,0,0.04194711521267891
0,0,4.880961341768852e-07
1,1,0.6147516965866089
0,0,0.004150876775383949
1,1,0.9889453053474426
1,1,1.0
0,0,2.3039117422740674e-06
1,1,0.8737468719482422
1,1,0.9847036004066467
0,0,0.05097651109099388
0,0,0.0029998188838362694
0,0,0.0034560842905193567
1,1,0.9973785877227783
0,0,0.006064525805413723
0,0,7.866545638535172e-05
1,0,0.00835651345551014
1,1,0.6611775159835815
0,0,0.004514279775321484
0,1,0.6202185153961182
0,0,0.009044474922120571
1,1,0.982231080532074
1,1,0.9463732242584229
0,0,0.00427210284397006
0,0,0.12960800528526306
0,0,0.0002017922670347616
0,0,0.011959947645664215
1,1,0.5749015808105469
0,0,0.4699457585811615
0,0,0.014392606914043427
0,0,0.008338510058820248
0,0,0.01500033400952816
0,0,0.057077519595623016
0,0,0.000966652063652873
0,0,0.038761526346206665
0,0,0.01504314411431551
0,0,0.008802804164588451
0,0,0.0007780567393638194
0,0,0.16606298089027405
0,0,0.0007982893730513752
0,0,0.006082426756620407
0,1,0.5668441653251648
0,0,0.0003857178089674562
0,0,0.1578422337770462
1,1,0.9999998807907104
0,0,3.356246679686592e-06
0,0,0.009067008271813393
0,0,0.027665266767144203
0,0,0.13277170062065125
0,0,0.12535402178764343
0,0,0.008895478211343288
0,0,0.0388994924724102
1,1,0.9999810457229614
0,0,0.00032645536703057587
0,0,0.001551216933876276
0,0,0.00814267061650753
1,1,0.9848639369010925
0,0,0.00011226578499190509
1,1,0.6644904017448425
0,0,0.2937578856945038
0,0,0.019778229296207428
0,0,9.739427332533523e-05
0,0,0.00792789924889803
1,1,0.9920674562454224
1,1,0.9996442794799805
1,1,0.9928036332130432
1,1,0.9779897332191467
0,0,0.0009245318360626698
0,0,0.0004844143695663661
0,0,0.02271394431591034
1,1,0.9889159202575684
1,1,0.9965564012527466
1,1,0.9997599720954895
0,0,0.0023152297362685204
0,0,0.0008300106273964047
1,1,0.9994317889213562
1,1,0.9997164607048035
1,1,0.9999929666519165
1,1,0.9999337196350098
1,1,0.9895585775375366
1,1,0.9956306219100952
1,1,0.9976842403411865
1,1,0.9978367686271667
1,1,0.9887502789497375
0,0,5.331452257451019e-07
1,1,0.9719846844673157
1,1,0.7935441732406616
1,1,0.8799205422401428
1,1,0.9996637105941772
1,1,0.9504693746566772
1,1,0.9969785213470459
1,1,0.9991868138313293
1,1,0.9681373238563538
1,1,0.998599112033844
1,1,0.9991428852081299
1,0,0.1726512312889099
1,1,0.9951819777488708
1,1,0.9864946603775024
1,1,0.9990993738174438
1,1,0.9944151639938354
1,1,0.9691447615623474
1,1,0.999987006187439
1,1,0.9390124082565308
1,1,0.9674308896064758
1,1,0.9999998807907104
1,1,0.999090313911438
1,1,0.9520756602287292
1,1,0.705220639705658
1,1,1.0
1,1,0.9970170259475708
1,1,1.0
1,1,0.9745540022850037
1,1,0.9996378421783447
1,1,0.9984208345413208
1,1,0.9998136162757874
0,0,0.00020206315093673766
1,1,0.9999973773956299
1,0,0.0450284481048584
0,0,0.021037647500634193
0,0,0.0025526685640215874
1,1,0.8580132722854614
0,0,0.0012981180334463716
0,0,0.004262284375727177
0,0,0.01897290162742138
0,1,0.7996408939361572
1,1,0.9945564270019531
1,1,0.7387735247612
1,1,0.9885649085044861
1,1,0.9994220733642578
0,0,0.0005024432903155684
1,1,0.999430239200592
1,1,0.9882521033287048
1,1,0.9830064177513123
1,1,0.9569787979125977
1,1,0.9801381230354309
0,0,0.0014428741997107863
1,1,0.9057165384292603
0,0,0.0005999431014060974
1,1,0.9995868802070618
1,1,0.9552357196807861
0,0,0.31322139501571655
1,1,0.8301969766616821
1,1,0.9729188084602356
1,1,0.9999995231628418
1,1,0.9994402527809143
1,1,0.9904736876487732
0,0,0.01366239320486784
1,1,0.666283905506134
0,0,0.0009657646296545863
0,0,0.005627396050840616
1,1,0.9968315958976746
0,0,0.43542686104774475
0,0,0.01695474050939083
0,0,0.05728970095515251
1,1,0.999843955039978
1,1,0.9990818500518799
0,1,0.7754703164100647
0,0,0.002119123935699463
1,1,0.998320996761322
1,1,0.9993000030517578
0,0,0.21959541738033295
0,0,0.0027633586432784796
1,1,0.8964717388153076
0,0,0.06109890714287758
0,0,0.08984346687793732
0,0,7.38065220051709e-10
1,1,0.9787194132804871
1,1,0.9980792999267578
0,0,1.2431674356605527e-08
1,1,0.9998633861541748
1,1,0.9999234676361084
0,0,9.397646499564871e-05
0,0,0.0010845223441720009
1,1,0.961365818977356
0,0,0.1553095430135727
0,0,0.011120046488940716
1,1,0.9999505281448364
0,0,0.003351581050083041
1,1,0.8574530482292175
1,1,0.9835635423660278
1,1,0.9967623949050903
1,1,0.9652881622314453
0,0,0.1101527214050293
0,0,0.0010645462898537517
0,0,0.03599940240383148
1,1,0.9970441460609436
0,0,0.04848010838031769
0,0,0.0006188045372255147
0,0,3.6781469248126086e-07
0,0,0.05512375012040138
0,0,0.09184939414262772
1,0,0.42311304807662964
0,0,0.0319187305867672
1,1,0.8577677011489868
0,0,0.0004614034842234105
0,0,0.00014442819519899786
1,1,0.9999915361404419
1,1,0.7648895978927612
0,0,0.00039226029184646904
0,0,0.0001452935830457136
0,0,0.11425154656171799
1,1,0.9767232537269592
1,1,0.930986762046814
0,0,0.041520386934280396
1,1,0.9998763799667358
1,1,0.9835256338119507
1,1,0.9927352666854858
0,0,1.3521155324269785e-06
1,1,0.6604549884796143
0,0,0.014141261577606201
1,1,0.9679253101348877
1,1,0.8850377202033997
0,0,0.2646089792251587
1,1,0.999711811542511
0,0,0.2521628439426422
1,1,0.9813962578773499
1,1,0.8881251811981201
0,0,0.00013574738113675267
1,1,0.999839186668396
0,0,0.028520721942186356
1,1,0.999992847442627
1,1,0.9999337196350098
0,0,0.09077052026987076
0,0,0.00027196630253456533
0,1,0.6483756899833679
0,0,0.06288295239210129
0,0,0.008802616968750954
0,0,0.06985020637512207
0,0,0.17086021602153778
1,1,0.9799996614456177
0,0,0.0004371529212221503
0,0,0.0058655161410570145
1,1,0.9884973764419556
0,0,0.39470407366752625
0,0,0.05079345032572746
1,1,0.99993896484375
0,0,0.0038477033376693726
0,0,0.15071551501750946
0,1,0.8101346492767334
1,1,0.7797162532806396
1,1,0.992868959903717
0,0,0.002479802118614316
0,0,2.1553168494392594e-07
1,1,0.9991422891616821
1,1,0.8713228106498718
1,1,0.8429862260818481
1,1,0.9830736517906189
1,1,0.9989738464355469
0,0,0.03160035237669945
0,0,3.9897158785606734e-06
1,1,0.6539739966392517
1,1,0.9842453598976135
1,1,0.8964241147041321
1,1,0.9913482069969177
0,0,0.041122689843177795
1,1,0.9994029998779297
1,1,0.9836559295654297
0,0,0.08321631699800491
1,1,0.8803364634513855
1,1,0.9995249509811401
1,1,0.9815449714660645
1,1,0.9981846213340759
1,1,0.9605695605278015
1,1,0.996698796749115
1,1,0.9774351119995117
1,1,0.9783425331115723
1,1,0.9468538165092468
1,1,0.7126769423484802
1,1,0.9990159273147583
1,1,0.9986692667007446
1,1,0.9822056889533997
0,0,0.0186222642660141
1,1,1.0
0,0,0.006286925636231899
1,1,0.997637152671814
1,1,0.9979222416877747
1,1,0.9778946042060852
1,1,0.947364091873169
0,0,0.06580092012882233
0,0,3.791745029957383e-06
0,0,0.0020034697372466326
0,0,0.27688464522361755
1,1,0.9976202845573425
0,0,1.3182696420699358e-05
1,1,0.5159415602684021
0,0,0.009290548972785473
0,0,0.1353059858083725
1,0,0.0192286167293787
0,1,0.7982051968574524
0,0,0.40949907898902893
1,1,0.9947205781936646
1,1,0.9652273058891296
1,1,0.642896831035614
0,0,0.07519930601119995
1,0,0.2221929132938385
1,1,0.9874513745307922
0,0,0.0013778572902083397
0,0,0.00019442492339294404
0,0,1.6481352949071493e-09
1,1,0.999825656414032
0,0,0.009543979540467262
0,0,0.0016784764593467116
0,0,0.00211268849670887
0,0,0.008434158749878407
1,1,0.7352346777915955
0,0,0.0010731054935604334
1,1,0.9998834133148193
1,1,0.9753711223602295
1,1,0.999407172203064
0,0,9.594565142378997e-10
0,0,0.025721779093146324
0,0,0.0004145962302573025
1,1,0.8946540951728821
0,0,0.0014490250032395124
1,0,0.0005367965204641223
0,0,0.01797824539244175
0,0,0.013737042434513569
1,1,0.9419941902160645
0,0,0.1946769505739212
1,1,0.9998213648796082
0,0,0.0007453315192833543
0,0,0.458290696144104
1,1,0.9824480414390564
1,1,0.9913507699966431
0,0,0.008095004595816135
1,1,0.9750581979751587
1,1,0.9953758716583252
1,1,0.9938284754753113
1,1,0.9999773502349854
0,0,0.005723271053284407
1,1,0.9999984502792358
1,1,0.9987853169441223
0,0,0.0009144499199464917
0,0,0.0514044314622879
1,1,0.9992817044258118
1,1,0.9998470544815063
0,0,0.14553754031658173
0,0,0.00040230914601124823
0,0,0.053865041583776474
1,1,0.9850631952285767
0,0,5.280362529447302e-05
1,1,0.8715398907661438
0,0,0.03833993524312973
1,0,0.3844899535179138
0,0,4.025126690976322e-05
0,0,0.09484279155731201
1,1,0.9910355806350708
1,0,0.3939454257488251
1,1,0.9998539686203003
1,1,0.9999473094940186
1,1,0.9585037231445312
0,1,0.5303205847740173
1,1,0.9973753690719604
1,1,0.7311456799507141
0,0,0.0009093600674532354
0,0,0.00023330553085543215
0,0,1.1683349839586299e-05
0,0,0.0002627022913657129
0,0,0.0018794263014569879
0,0,0.0014057036023586988
1,0,0.0049304417334496975
1,1,0.9945694804191589
1,1,0.969235360622406
0,0,0.002836556639522314
1,1,0.9790688157081604
1,1,0.9999991655349731
1,1,0.997776448726654
0,0,0.00021013098012190312
0,0,0.0679902732372284
0,0,0.03514868766069412
0,0,0.003327395999804139
1,1,0.9571120142936707
0,0,0.05019622668623924
0,0,0.00021751722670160234
1,1,0.9378429055213928
0,0,1.3680168194696307e-05
1,1,0.9707655906677246
1,1,0.8733019232749939
1,1,0.9341967105865479
1,1,0.822288453578949
1,1,0.9709557294845581
1,1,0.9973438382148743
1,1,0.9998239874839783
1,1,0.7934888005256653
0,0,0.14664308726787567
1,1,0.999997615814209
1,1,0.9065049290657043
1,1,0.9277711510658264
1,0,0.29375365376472473
1,1,0.9861510396003723
1,1,0.8407526612281799
0,0,0.01283902395516634
1,1,0.9194990396499634
0,0,0.000447555590653792
1,1,1.0
1,0,0.000250889512244612
0,0,0.007358151953667402
1,1,0.9990298748016357
1,1,0.9965159893035889
0,0,0.002995912218466401
1,1,0.951289176940918
1,1,0.9998770952224731
1,1,0.9888383150100708
1,1,0.9764580130577087
0,0,0.0878768041729927
1,1,0.9550303220748901
1,1,0.9192788600921631
1,1,0.9999173879623413
0,0,0.030475644394755363
0,0,0.003994882106781006
1,1,0.9891895055770874
0,0,0.1370677947998047
1,1,0.9880407452583313
0,0,0.003135221777483821
1,0,0.4243292808532715
0,0,0.003576759248971939
0,0,0.009780420921742916
1,1,0.9975987076759338
0,0,0.0008062738343141973
0,0,9.332156878372189e-06
0,0,0.006146268919110298
1,1,0.9327421188354492
1,1,0.9990027546882629
1,1,0.9978697299957275
1,1,0.861957311630249
0,0,0.014799702912569046
0,0,0.016440363600850105
1,1,0.9373980164527893
0,0,0.03564004227519035
0,0,0.27251580357551575
0,0,0.008406369015574455
1,1,0.9995173215866089
1,1,0.9989111423492432
1,1,0.9999802112579346
1,1,0.9920740127563477
1,1,0.9990025162696838
1,1,0.9986308217048645
0,0,0.24973244965076447
1,0,0.3398556411266327
1,1,0.9999974966049194
0,0,0.0021650635171681643
0,0,0.00020950920588802546
0,0,0.03595564141869545
1,0,0.4469680190086365
0,0,0.0006668078131042421
1,1,0.737278163433075
1,1,0.9611400365829468
0,0,0.047567009925842285
1,1,0.9998431205749512
1,1,0.9850817918777466
1,1,0.5678280591964722
1,1,0.7922459840774536
1,1,0.7537016868591309
0,0,0.005197793710976839
1,1,0.6053847670555115
0,0,3.696759449667297e-05
1,1,0.9992215633392334
0,0,0.06953925639390945
0,0,6.204635428730398e-05
1,1,0.999786913394928
0,0,0.40139222145080566
1,1,0.9999997615814209
1,1,0.9965803027153015
0,0,0.007370638195425272
1,1,0.9999854564666748
0,0,0.007159076631069183
1,1,1.0
1,1,0.9990733861923218
1,1,1.0
0,1,0.8460063338279724
1,1,0.9999494552612305
0,0,0.0023381048813462257
1,1,0.9935498833656311
0,1,0.7479923963546753
1,1,0.9568943977355957
0,0,0.0001341161987511441
1,1,0.7298799157142639
0,0,0.12288971245288849
0,0,0.021519573405385017
1,1,0.9968246221542358
0,0,0.02777285687625408
0,0,0.019264794886112213
0,0,0.09006618708372116
1,1,0.9850655198097229
0,0,0.33196601271629333
1,1,0.9990052580833435
0,1,0.8594550490379333
1,1,0.8283209800720215
0,0,0.013433808460831642
1,1,0.999998927116394
1,1,0.9857397675514221
0,0,0.006344889290630817
1,1,0.9912050366401672
0,0,0.011948577128350735
1,1,0.9423940181732178
1,1,0.9921595454216003
0,0,0.05231541767716408
0,1,0.8674420714378357
1,1,0.9967017769813538
1,1,0.9759180545806885
1,1,0.9999921321868896
0,1,0.7221120595932007
1,1,0.9984971284866333
1,1,0.8816567659378052
1,1,0.9999724626541138
1,1,0.9999793767929077
0,1,0.6618037223815918
1,1,0.9986187219619751
1,1,0.9895901083946228
0,0,0.007627227809280157
1,1,0.8067493438720703
1,1,0.8116225004196167
0,0,0.004383918363600969
1,1,0.6394839286804199
1,1,0.9999701976776123
1,1,0.6554161310195923
1,1,0.993463397026062
1,1,0.7097532749176025
1,1,0.998620867729187
0,0,0.00010540473158471286
0,0,0.033266332000494
0,0,0.024102482944726944
0,0,5.62859459023457e-05
0,0,0.07586884498596191
0,0,2.7964926630374976e-05
0,0,0.4277133345603943
0,1,0.8998023271560669
1,1,0.9026341438293457
0,0,0.00037830742076039314
0,0,0.0003447662456892431
0,1,0.7529091238975525
1,1,0.9999713897705078
1,1,0.9070719480514526
1,1,0.9988828301429749
0,0,0.4180923402309418
1,1,0.9952425956726074
1,1,0.6299009919166565
0,1,0.9775605201721191
0,0,0.11317762732505798
0,0,0.4515324532985687
0,1,0.6874815821647644
0,0,0.019169433042407036
1,1,0.7905316948890686
1,1,0.9055302143096924
0,0,0.015202286653220654
1,1,0.9999454021453857
0,0,0.05413807928562164
1,1,0.9988687634468079
1,1,0.999951958656311
0,0,6.276494241319597e-05
1,1,0.9999996423721313
0,0,0.03648315370082855
1,1,0.9994726777076721
1,1,0.6243788599967957
0,0,0.016448546200990677
0,0,0.002055803779512644
0,0,0.3121262490749359
1,1,0.9264803528785706
1,1,0.9929677248001099
1,1,0.9505317211151123
0,0,0.15083047747612
0,0,0.24898004531860352
0,0,0.005234042648226023
0,0,0.0033755535259842873
0,0,0.000739360461011529
0,0,0.09266901016235352
0,0,0.100332111120224
1,1,0.998382568359375
1,1,0.9981163740158081
1,1,0.9999958276748657
0,0,0.36487215757369995
1,1,0.9974526762962341
0,0,0.2785485088825226
0,0,0.0012021890142932534
1,1,0.9968920350074768
1,1,1.0
1,1,0.9985436201095581
1,1,0.9995948672294617
0,0,0.4778754711151123
1,1,0.996320366859436
1,0,0.29523733258247375
1,1,0.9995982050895691
1,1,0.9871262907981873
0,0,0.02317998930811882
0,0,0.01596813276410103
1,1,0.9938904047012329
1,1,0.8519535660743713
1,1,0.8078738451004028
1,1,0.9986007809638977
1,1,0.9996073842048645
1,1,0.9008859992027283
1,1,0.988494336605072
0,0,0.15161436796188354
0,0,0.0004320627194829285
0,0,0.0015788768650963902
1,1,0.998995840549469
1,1,0.9011074304580688
1,1,0.9996237754821777
1,1,0.999916672706604
1,1,0.9658309817314148
1,1,0.999092698097229
0,0,0.0014789010165259242
0,0,0.005410823971033096
1,0,0.11164728552103043
1,1,0.9586042761802673
1,1,0.9860376715660095
1,1,0.9950719475746155
1,1,0.9088671803474426
1,1,0.9499552249908447
0,0,0.1252218782901764
1,1,0.9999178647994995
0,0,0.004729477688670158
1,0,0.052981749176979065
1,1,0.9936447143554688
1,1,0.9996449947357178
1,1,0.6931387782096863
1,1,0.9928593635559082
1,1,0.995881199836731
1,1,0.9931879043579102
1,1,0.9980568289756775
0,0,0.0009230438154190779
0,0,0.000460498733446002
1,1,0.8326099514961243
1,1,0.9921453595161438
0,0,0.009727745316922665
0,0,0.06726261973381042
1,1,0.8402851819992065
1,1,0.9983525276184082
0,0,0.03398885950446129
1,1,0.5715106129646301
0,0,0.003114724066108465
0,0,0.2195403277873993
0,0,0.1373249888420105
0,1,0.645758867263794
1,1,0.9712218046188354
1,1,0.9094229936599731
1,1,0.5404114723205566
1,1,0.9995810389518738
1,1,0.9588498473167419
1,0,0.38184654712677
1,1,0.999984622001648
1,1,0.998923122882843
1,1,0.9996767044067383
1,1,0.9822205901145935
1,1,0.8789442777633667
1,1,0.9996432065963745
0,0,0.017568545415997505
1,1,0.7322614192962646
0,0,0.001042925869114697
0,0,1.487400443290392e-15
1,1,0.9867688417434692
1,1,0.8961046934127808
0,0,0.0007223057909868658
0,0,0.01265737321227789
0,0,0.008989952504634857
1,1,0.8791831135749817
0,0,0.008313769474625587
1,1,0.9928267002105713
0,0,0.18107870221138
0,0,0.004755993839353323
0,0,0.0019324528984725475
1,0,0.22151242196559906
1,1,0.9999682903289795
0,0,0.0008963690488599241
1,0,0.2848432660102844
1,1,0.8348897099494934
0,0,0.019640589132905006
0,0,0.0023774460423737764
0,0,0.0009591865818947554
1,1,0.8632226586341858
0,0,0.18227307498455048
1,1,0.9986439347267151
0,0,0.0010198832023888826
1,1,0.989425539970398
1,0,0.08469507843255997
1,1,0.9782987833023071
1,1,0.9761994481086731
1,1,0.9980056881904602
1,1,0.9994205236434937
1,1,0.9219973087310791
1,1,0.9636951684951782
1,1,0.5490986108779907
0,0,0.024759892374277115
1,1,0.9435654282569885
1,1,0.9989078044891357
0,0,0.17088085412979126
1,1,0.9836032390594482
0,0,0.05577073246240616
1,1,0.6934340596199036
0,0,0.02308756485581398
0,0,0.0005277062300592661
0,0,0.0038805301301181316
0,0,0.050541747361421585
1,0,0.4624098837375641
0,0,0.0027393887285143137
0,1,0.6906214952468872
0,0,0.0012179611949250102
1,1,0.9174564480781555
0,0,1.5628740584361367e-05
1,1,0.9715060591697693
0,1,0.7227912545204163
0,0,0.006561696995049715
0,0,0.0017980225384235382
0,0,0.00011478102533146739
0,0,0.01097622700035572
0,0,0.13233928382396698
0,0,0.00028616926283575594
0,0,0.06999249011278152
0,0,0.014518246985971928
0,0,0.4815640151500702
0,0,0.018426932394504547
0,0,1.5550135401554144e-08
0,0,9.44230705499649e-05
0,0,9.935384878190234e-05
0,0,0.04350753873586655
0,0,0.009856481105089188
0,0,6.4865071180975065e-06
1,1,0.9652826189994812
0,0,0.14249376952648163
0,0,0.06544893234968185
1,1,0.948020339012146
0,0,0.0011112658539786935
1,1,0.9940779209136963
0,1,0.8855421543121338
0,0,0.38345545530319214
1,1,0.9345207810401917
1,1,0.9857300519943237
1,1,0.987470805644989
1,1,0.7315276265144348
0,0,0.042984738945961
1,1,0.9937938451766968
0,0,0.0005230969400145113
1,1,0.9477224349975586
0,0,2.40302654219704e-07
1,1,0.9977756142616272
1,1,0.9960921406745911
1,1,0.9999737739562988
1,1,0.9972053170204163
1,1,0.9608875513076782
1,1,0.9999450445175171
1,1,0.8363751173019409
1,1,0.9263699650764465
0,0,0.005557580851018429
0,0,0.4224053919315338
0,0,0.08741690963506699
0,0,0.001394472667016089
1,1,0.9999512434005737
0,0,1.4003253454575315e-06
0,0,0.0007066678372211754
0,0,0.0025636188220232725
1,1,0.984982430934906
0,0,0.0017351791029796004
0,0,6.7574665081338026e-06
0,0,0.0011772369034588337
1,1,0.7965418696403503
1,1,0.9453006982803345
1,1,0.9999871253967285
0,0,0.02986089326441288
1,1,0.9661597013473511
1,1,0.9999958276748657
0,0,0.14567270874977112
0,0,0.005843912251293659
0,0,0.03839075192809105
1,1,0.869102954864502
0,0,0.27310603857040405
0,0,0.08368051052093506
0,0,0.08378645777702332
0,0,0.002948805456981063
1,1,0.6023271679878235
0,0,0.07657350599765778
0,0,0.05159357190132141
1,1,0.9723925590515137
1,1,0.9996170997619629
0,1,0.7713897228240967
0,1,0.6871351003646851
0,0,0.2235400378704071
1,1,0.9997685551643372
1,1,0.9996360540390015
1,1,0.9999548196792603
1,1,0.985372006893158
0,0,0.09272485971450806
1,1,0.9999403953552246
1,1,0.995211660861969
0,0,0.07278233021497726
0,0,0.24459680914878845
1,1,0.9787327647209167
0,0,0.00176373147405684
1,1,0.963424026966095
0,0,0.0038303835317492485
0,0,0.06768283993005753
0,0,0.035692181438207626
1,1,0.9915452003479004
0,0,0.035312358289957047
1,1,0.8115057349205017
0,0,0.0011639257427304983
0,0,0.00027720938669517636
0,0,2.1003017536713742e-05
0,0,0.017484605312347412
0,0,0.21554996073246002
0,0,0.02018781378865242
0,0,0.00030972337117418647
0,0,0.009436694905161858
0,0,0.0469234324991703
1,1,0.994220495223999
0,0,0.06780371814966202
0,0,0.06628616154193878
0,0,0.11033513396978378
1,1,0.9976180195808411
1,1,0.987204372882843
0,0,0.004760813433676958
1,1,0.9982718229293823
0,1,0.9243360757827759
0,0,0.46186187863349915
1,1,0.829024076461792
1,1,0.9429950714111328
1,1,0.582503616809845
0,0,1.3459810361382551e-05
0,1,0.9615444540977478
0,1,0.8554666042327881
0,0,0.008686864748597145
1,1,0.9603480100631714
0,0,0.02417420782148838
0,0,0.06982308626174927
0,0,0.04809064790606499
0,0,0.0017863570246845484
0,0,0.012643066234886646
0,0,0.009424432180821896
0,0,0.16519366204738617
0,0,0.002611062489449978
1,1,0.9964895844459534
0,0,0.0018130391836166382
1,1,0.9794155359268188
0,0,0.009140624664723873
0,0,0.17176686227321625
1,1,0.8783587217330933
0,0,0.29491865634918213
0,0,0.09050875157117844
0,0,0.0005662503535859287
0,0,0.0017649669898673892
0,0,8.380882354686037e-05
0,0,0.07675059884786606
0,0,0.12179495394229889
0,0,2.0568015315802768e-05
1,1,0.9999343156814575
1,1,0.9997506737709045
0,0,0.008948223665356636
1,1,0.9177213311195374
0,0,0.026971057057380676
1,1,0.9917905330657959
0,0,0.020176298916339874
1,1,0.9217885136604309
0,0,0.08106788247823715
0,0,0.02719043381512165
1,1,0.6374331116676331
0,0,0.01645655557513237
0,0,0.11622869223356247
0,0,0.00012890419748146087
0,0,0.26086607575416565
0,0,8.582086593378335e-06
0,0,0.02227422036230564
1,1,0.996635377407074
1,1,0.9727171659469604
1,1,0.8483371734619141
1,1,0.9999860525131226
1,1,0.9951156377792358
1,1,0.997312605381012
0,0,0.012989207170903683
0,0,0.04697516933083534
0,0,0.03264791518449783
0,0,0.4129033386707306
0,0,7.2985926635738e-06
0,0,0.10361558943986893
1,1,0.9997063279151917
0,1,0.900825023651123
0,0,1.2573812000482576e-06
1,1,0.995126485824585
1,1,0.9639166593551636
0,0,0.013552009128034115
0,0,0.006609711330384016
0,0,0.05394960567355156
0,0,0.09154485166072845
1,1,0.9983875751495361
1,1,0.9984839558601379
0,0,0.009608708322048187
0,0,0.0099049536511302
0,0,0.00014397951599676162
0,0,0.1254035383462906
0,0,0.16148757934570312
0,0,0.05065225809812546
0,0,0.03761908784508705
0,0,0.02366083487868309
0,0,0.0009141475893557072
1,0,0.27149698138237
0,0,0.0057929810136556625
1,1,0.9107432961463928
1,0,0.17194899916648865
0,0,0.06800974905490875
0,1,0.9941766262054443
0,0,0.006769404746592045
1,1,0.9881617426872253
1,1,0.721324622631073
1,1,0.9996933937072754
0,0,0.034508220851421356
0,0,0.002528918907046318
0,0,0.0016403633635491133
0,0,0.00024408708850387484
0,0,0.00670178048312664
0,0,0.043417152017354965
0,0,0.00036929623456671834
1,1,0.9953508377075195
0,0,9.397136636835057e-06
0,0,0.00012275415065232664
0,0,0.00033850871841423213
0,1,0.8119789361953735
0,1,0.8322551846504211
0,0,0.09038460999727249
1,1,0.9521182179450989
0,0,0.009091908112168312
1,1,0.9998685121536255
1,1,0.9999996423721313
1,1,0.9988565444946289
0,0,0.3986530303955078
1,0,0.4792746305465698
1,1,0.948481023311615
1,1,0.9992089867591858
1,1,0.9549031257629395
1,0,0.33074140548706055
0,0,0.0013839006423950195
0,0,0.03819273039698601
0,0,0.46074017882347107
0,0,0.0004886736860498786
0,0,0.0035979589447379112
1,0,0.13429728150367737
0,0,1.060452723322669e-05
0,0,0.01740860380232334
0,0,0.10047952830791473
0,0,0.00032487380667589605
0,0,0.007640199735760689
0,0,2.4883485139071126e-07
0,0,0.0005473981145769358
1,1,1.0
1,1,0.9325979948043823
0,0,0.13769076764583588
1,1,0.8299081921577454
0,0,0.06115403771400452
0,0,0.4524337351322174
0,0,0.019655361771583557
0,0,0.008961677551269531
0,0,0.010746161453425884
0,0,0.010975673794746399
0,0,0.123824842274189
0,0,0.0009618371841497719
0,0,0.01656879484653473
0,0,0.061729948967695236
0,0,0.00013310373469721526
0,0,0.0007546857814304531
0,1,0.9998248219490051
0,0,0.00782530102878809
0,0,0.0074823591858148575
0,1,0.5026000738143921
0,0,0.03296756371855736
0,0,0.0017429754370823503
0,0,0.007307372987270355
0,0,0.045710571110248566
0,0,0.16428303718566895
0,0,4.257333785062656e-06
0,0,0.34651824831962585
0,0,0.035364747047424316
0,0,0.21822193264961243
1,1,0.9837849140167236
1,1,0.8825792670249939
1,1,0.9038839340209961
0,0,0.1068110540509224
0,0,9.149372090178076e-06
0,0,0.0022584875114262104
1,1,0.9982448816299438
1,1,0.9999498128890991
1,1,0.9973020553588867
0,0,0.1892351359128952
0,0,0.06966591626405716
0,0,0.0010396165307611227
1,1,0.9980155229568481
0,0,0.04801397770643234
1,1,0.9936671853065491
1,1,0.7156239748001099
1,1,1.0
1,1,0.8176764249801636
1,1,0.9449032545089722
1,1,0.9332160353660583
0,0,0.02565375342965126
1,1,0.9978646636009216
1,1,0.987500011920929
0,0,0.01345312874764204
1,1,1.0
1,1,0.6565239429473877
0,0,0.04633154720067978
0,1,0.5945780277252197
1,0,0.010577667504549026
0,0,0.00039649431710131466
1,1,0.9961236119270325
0,0,7.743185415165499e-05
0,0,0.03469092771410942
1,1,0.9099487066268921
1,1,0.8627523183822632
0,1,0.6645447015762329
1,1,0.9981866478919983
1,1,0.7045636177062988
0,0,0.18634101748466492
0,0,3.911345629603602e-05
1,1,0.9998165965080261
0,0,1.0924341950158123e-05
1,1,0.9951791763305664
1,1,0.9415654540061951
1,1,0.9999995231628418
1,1,0.994330883026123
0,0,0.2236703485250473
0,1,0.8473418354988098
0,0,0.0005353963933885098
1,1,0.9704416394233704
1,1,0.9946699738502502
1,1,0.9999512434005737
1,1,0.8460891246795654
1,1,0.9869431257247925
1,1,0.864832878112793
0,0,0.051375050097703934
1,1,0.8448020219802856
1,1,0.9960862398147583
1,1,0.9999946355819702
0,0,1.6550793588976376e-05
1,1,0.9815064668655396
1,1,0.9957385063171387
1,1,0.8743717670440674
0,0,0.008040585555136204
1,1,0.9845730662345886
0,0,0.0008319474291056395
1,1,0.9999943971633911
0,0,0.2526380717754364
0,1,0.8812000751495361
0,0,0.00022615517082158476
1,1,0.7689088582992554
0,0,0.0009166677482426167
0,0,0.17748215794563293
1,1,0.9223904609680176
1,1,0.9766402244567871
1,1,0.9965708255767822
0,0,0.0011504978174343705
0,0,2.9312325295904884e-06
0,0,0.0005899432580918074
1,1,0.9991438388824463
1,1,0.9999980926513672
1,1,0.9999442100524902
0,0,0.012114421464502811
1,1,0.9998691082000732
0,0,0.105402871966362
0,0,0.000637534714769572
0,0,0.002104942686855793
0,0,0.04258154332637787
1,1,0.9868810176849365
0,0,0.3535616993904114
0,0,0.03501494601368904
0,0,0.17943745851516724
1,1,0.9713916778564453
1,0,0.1834377646446228
0,0,0.009273815900087357
0,0,0.029317017644643784
1,1,0.7292737364768982
1,1,0.9993599057197571
1,1,0.973821222782135
1,1,0.9999997615814209
1,1,0.7416553497314453
0,1,0.8214150071144104
0,1,0.7732206583023071
0,1,0.9322583675384521
1,1,0.6740994453430176
1,1,0.7480686902999878
0,0,0.0009871239308267832
0,0,0.1857789009809494
1,1,0.9991567134857178
0,0,0.002744421362876892
1,1,0.9999209642410278
1,1,0.9990515112876892
1,0,0.15155203640460968
1,1,0.9972378015518188
0,0,0.004891417920589447
1,1,0.6933470964431763
1,1,0.9821387529373169
1,1,0.9998156428337097
1,1,0.947654664516449
1,1,0.995177149772644
1,1,0.9973905682563782
1,1,0.999997615814209
0,0,0.05124744400382042
0,0,0.026884984225034714
1,1,0.9978708028793335
1,1,0.9890296459197998
1,1,0.9938387274742126
1,0,0.35061532258987427
0,0,0.07308764010667801
1,1,0.5966646671295166
0,0,0.03454381227493286
0,0,0.0006178424810059369
1,1,0.6158129572868347
0,0,0.041880927979946136
1,1,0.9674413800239563
0,0,0.015999948605895042
1,1,0.6505374908447266
1,1,0.7090023756027222
1,1,0.9993395209312439
1,1,0.9990963935852051
0,0,0.003995341714471579
1,1,0.9769624471664429
0,0,3.136940722470172e-05
0,0,0.0001241952704731375
0,1,0.507035493850708
1,1,0.9997914433479309
0,0,0.06518325209617615
0,0,0.01014772616326809
0,0,0.08343025296926498
1,1,0.9873156547546387
0,0,3.433656456763856e-05
1,1,0.979217529296875
0,0,0.09703753143548965
0,0,0.46035483479499817
0,0,0.013587459921836853
1,1,0.9997983574867249
0,0,3.0682760552736e-05
1,1,0.9998452663421631
1,1,0.960892379283905
1,1,0.9932985901832581
0,0,0.0013873851858079433
0,0,8.326300303451717e-06
0,0,0.0016486532986164093
0,0,1.8930592204924324e-07
0,0,1.024355606205063e-05
0,0,0.001406579976901412
0,0,0.0013657391536980867
1,1,0.9948017597198486
0,0,0.044482212513685226
0,0,5.12561291543534e-06
1,1,0.9588438868522644
1,1,0.7470176219940186
1,1,0.9859105348587036
1,1,0.7628089785575867
0,0,0.0011575690004974604
0,0,0.013849854469299316
1,0,0.3756720721721649
0,0,0.11944645643234253
1,1,0.9974808096885681
1,1,0.718326210975647
1,1,0.9952338337898254
1,1,0.9999945163726807
0,0,0.011550769209861755
0,0,0.08419325202703476
0,0,0.0011463244445621967
0,0,0.09351266920566559
0,0,0.039380043745040894
0,0,0.14092352986335754
1,1,0.9080016613006592
1,1,0.999836802482605
1,0,0.0798802450299263
1,1,0.9892858862876892
1,1,0.9444118738174438
0,0,0.09325814992189407
0,0,1.259090720573397e-09
1,1,0.5550134181976318
1,1,0.9989787340164185
0,0,0.07240454852581024
1,1,0.9982663989067078
1,1,0.9995688796043396
0,0,0.04649651050567627
0,0,0.009894237853586674
0,0,0.0014883357798680663
1,1,0.9640194177627563
1,1,0.9975435137748718
1,1,0.9318515658378601
0,0,0.03003108687698841
1,1,0.9817869663238525
1,0,0.28629475831985474
1,1,0.9899095296859741
0,0,0.001531430403701961
1,1,0.9991934895515442
0,0,4.564296673947865e-08
1,0,0.1915239840745926
0,0,0.010440917685627937
1,1,0.5733783841133118
1,1,0.9721480011940002
0,0,0.002426127903163433
1,1,0.8026794791221619
1,1,0.9530372619628906
1,1,0.7608087062835693
1,1,0.9588596820831299
0,0,0.0007413200219161808
1,1,0.9997584223747253
0,0,0.008092757314443588
0,0,0.012255871668457985
0,0,0.006550708319991827
1,1,0.9999923706054688
0,0,0.009740541689097881
0,0,0.027881959453225136
0,0,0.14672254025936127
1,1,0.9999984502792358
0,0,0.1361333727836609
1,1,0.617209792137146
1,1,0.9925770163536072
0,0,0.04209233075380325
0,0,0.4658414423465729
0,0,0.06239017844200134
1,1,0.9101547002792358
1,1,0.9996944665908813
0,0,0.36952710151672363
0,0,0.06568699330091476
0,0,0.05546439439058304
0,0,0.009924473240971565
1,1,0.9925419092178345
1,1,0.9835594296455383
1,1,0.9795041680335999
0,0,0.1574389487504959
0,0,0.021513499319553375
0,0,0.0008626694907434285
0,0,0.04486708715558052
0,0,2.2250658730627038e-05
0,0,0.04129857197403908
1,1,0.926078736782074
1,1,0.594103991985321
1,1,0.9687855243682861
1,1,0.9996850490570068
1,1,0.6138584017753601
1,1,0.9944067001342773
0,0,0.014788658358156681
0,0,0.0035889139398932457
1,1,0.9912202954292297
1,1,0.9989814162254333
1,1,0.941297709941864
0,0,0.0022540350910276175
1,1,0.98920738697052
1,1,0.6221309900283813
0,0,0.03367368131875992
1,1,0.9656236171722412
0,0,0.0010049546835944057
0,0,0.15396611392498016
0,0,0.35672318935394287
0,0,0.19650526344776154
0,0,0.004896866157650948
1,1,0.99882572889328
1,1,0.8925994634628296
1,1,0.9996664524078369
1,1,0.9994339346885681
1,1,0.9999411106109619
0,0,0.005579967517405748
1,0,0.3071174919605255
1,1,0.9599342346191406
1,0,0.37350142002105713
0,0,0.02915729582309723
0,0,0.051684536039829254
0,0,0.03163721784949303
0,0,0.0031830461230129004
0,0,0.0016542578814551234
1,1,0.9948964715003967
1,1,0.9993915557861328
1,1,0.8039637804031372
0,0,0.006932142190635204
0,0,0.0038215145468711853
1,1,0.9999986886978149
1,0,0.3200027346611023
0,0,0.03833392634987831
0,0,0.0030296738259494305
0,0,3.194033126874274e-07
0,0,0.0021066062618047
0,0,0.0363943949341774
1,1,0.9999938011169434
0,0,0.3167788088321686
1,1,0.9853535890579224
1,1,0.9999053478240967
0,0,0.024457097053527832
0,0,0.15876534581184387
0,0,0.025687331333756447
0,0,0.022261880338191986
0,0,0.17692454159259796
0,0,0.00022423884365707636
0,0,0.0005884489510208368
1,1,0.8939631581306458
1,0,0.4916810095310211
1,1,0.9932014346122742
1,1,0.9976293444633484
1,1,0.990034282207489
0,0,0.0005186397465877235
0,0,1.9930456574002164e-07
0,0,3.1806965966081754e-16
0,0,0.020799748599529266
0,0,0.4915004372596741
0,0,0.006001495756208897
1,1,0.969847559928894
0,0,0.03334537893533707
0,0,0.0034198148641735315
0,0,0.2623017132282257
0,0,0.0016935669118538499
0,0,0.0036834110505878925
1,1,0.9748585224151611
1,1,0.9999778270721436
0,0,0.3171605169773102
1,1,0.8815431594848633
1,1,0.9934062957763672
0,0,0.09245704114437103
1,1,0.8994928002357483
0,0,0.09493634104728699
1,1,0.9250966310501099
1,1,0.9996102452278137
0,0,0.0038319395389407873
0,0,0.0002144480822607875
0,0,0.0006142017664387822
1,1,0.9990757703781128
1,1,0.9868335127830505
0,0,0.007048430852591991
0,0,0.045205019414424896
1,1,0.9999953508377075
1,1,0.9978825449943542
1,1,0.9111165404319763
0,0,1.8495573385735042e-05
1,1,0.9379158020019531
1,1,0.9827628135681152
0,0,0.004713646601885557
1,1,0.9744518995285034
0,0,0.0023259613662958145
1,1,0.6037192940711975
1,1,0.9951658248901367
0,0,0.008627492934465408
0,0,0.008649859577417374
1,1,0.9964653253555298
0,0,0.0014283640775829554
0,0,2.8215751513016585e-07
1,1,0.698455810546875
0,0,0.003985649440437555
0,0,0.0009719293448142707
1,1,0.9999983310699463
1,1,0.9895753860473633
1,1,0.5307657122612
1,1,0.9997789263725281
1,1,0.91199791431427
1,1,0.9998881816864014
1,1,0.9936559200286865
0,0,0.016461603343486786
1,1,0.9951536655426025
1,1,0.9984599351882935
0,1,0.6978093981742859
0,0,0.0035025281831622124
0,0,0.06981363147497177
0,0,0.0007536468328908086
1,1,0.9509868025779724
1,0,0.35248279571533203
0,0,0.09668005257844925
1,1,0.9840752482414246
0,0,0.000928925524931401
1,1,0.9999285936355591
1,1,0.9935438632965088
1,1,0.9885545372962952
0,0,0.11883226037025452
0,0,1.4591880244552158e-05
1,0,0.3676922023296356
1,1,0.966033935546875
1,1,0.9981942772865295
0,0,0.1448543518781662
0,0,0.00036223887582309544
0,0,0.031480081379413605
1,1,0.9936069250106812
1,1,0.8712489604949951
0,0,0.03328169509768486
0,0,0.0709029883146286
1,1,0.9990008473396301
1,1,0.9899430274963379
0,0,0.18287526071071625
1,1,0.9940977096557617
0,0,0.04553531855344772
1,1,0.9999005794525146
0,0,0.018581567332148552
1,1,0.9998821020126343
0,0,0.0006263278773985803
0,0,0.0035627526231110096
0,0,0.036991506814956665
0,0,0.002195254899561405
0,0,0.02702994830906391
1,1,0.9804242849349976
0,0,0.06846323609352112
0,0,0.0022423143964260817
0,0,0.2400529980659485
0,0,0.0018960724119096994
0,1,0.5128911137580872
0,0,0.001273019122891128
0,0,0.04195494204759598
0,0,0.14081215858459473
1,1,0.674006998538971
1,1,0.9999730587005615
0,0,0.00341333681717515
1,1,0.8715589642524719
1,1,0.9998331069946289
1,1,0.99763023853302
1,1,0.9319618344306946
1,1,0.9962168335914612
1,1,0.9996626377105713
1,1,0.9732844233512878
1,1,0.9222797155380249
1,1,0.8552600741386414
1,1,0.9999759197235107
1,1,0.995149552822113
0,0,0.02599281445145607
0,0,0.08028603345155716
1,1,0.9997304081916809
0,0,0.04495867341756821
1,1,0.9959612488746643
0,0,0.0037170967552810907
1,0,0.19297698140144348
1,1,0.9334708452224731
1,1,0.9999998807907104
0,0,0.16634932160377502
1,1,0.9999998807907104
0,0,5.1250226533738896e-05
1,1,0.9919948577880859
1,1,0.9999891519546509
1,1,0.9931374788284302
1,1,0.9792817831039429
1,1,0.7711945176124573
0,0,0.015863515436649323
1,1,0.9983398914337158
0,0,0.06962182372808456
1,1,0.9981439113616943
1,1,0.9733310341835022
1,1,0.9913187623023987
0,0,0.009281087666749954
1,1,0.9967926144599915
1,1,0.961131751537323
0,0,0.004812352824956179
0,0,0.10866586118936539
1,0,0.3986476957798004
1,1,0.9998883008956909
1,1,0.9332975149154663
1,1,0.8875336647033691
1,1,0.9990032315254211
0,0,0.007894213311374187
0,0,0.0013019508915022016
0,1,0.9937052130699158
0,0,0.0028616576455533504
0,0,0.017750095576047897
1,1,0.8845386505126953
1,1,0.997837245464325
0,0,0.4476955831050873
0,0,0.10386303812265396
1,1,0.92327481508255
1,1,0.9886210560798645
1,1,0.975996196269989
0,0,0.1608753800392151
1,1,0.8705957531929016
0,0,0.005133814178407192
1,1,0.9083576202392578
0,1,0.7757852077484131
0,0,0.16999681293964386
0,0,2.2144774902699282e-09
0,0,0.03236881643533707
0,0,0.02469656430184841
1,1,0.9258525371551514
0,0,0.09749983251094818
1,1,0.8667111992835999
1,1,0.9860939979553223
1,1,0.9999979734420776
1,1,0.9656482934951782
1,1,0.7354168891906738
0,0,0.0011968823382630944
1,1,0.9976105690002441
0,0,0.0024930667132139206
1,1,0.9999898672103882
1,1,0.9907517433166504
1,1,0.9992486834526062
1,1,0.8251439332962036
0,0,0.021943891420960426
0,0,0.18734373152256012
1,1,0.997208297252655
0,0,0.12660066783428192
1,1,0.9992361068725586
1,1,0.947734534740448
1,1,1.0
0,0,0.023521585389971733
0,0,0.010968124493956566
1,1,0.9941540360450745
1,1,0.8012966513633728
1,1,0.9399612545967102
1,1,0.69193035364151
1,0,0.2128543257713318
1,1,0.9907488226890564
0,0,0.0013011365663260221
1,1,0.9999897480010986
0,0,0.02220834232866764
1,1,0.9947875738143921
0,0,0.0025664260610938072
0,0,0.0009267423301935196
1,0,0.48161759972572327
0,0,0.0245126411318779
0,0,0.08122370392084122
0,0,0.069316565990448
0,0,0.2835707664489746
1,1,0.999998927116394
0,0,0.004949471913278103
1,1,0.9999761581420898
1,1,0.9615217447280884
0,0,6.978386954870075e-05
0,0,0.006721327546983957
1,1,0.9450862407684326
0,0,0.23427070677280426
0,0,0.20222075283527374
0,0,0.0002064169675577432
0,0,0.0023214886896312237
0,0,0.002396166557446122
0,0,0.0004205387085676193
0,0,0.22918835282325745
0,0,1.7953127553482773e-06
1,1,0.9999468326568604
1,1,0.9841700792312622
1,1,0.9418289661407471
0,0,0.0017411725129932165
1,1,0.998807430267334
0,0,1.3770352779829409e-05
0,0,0.00929826870560646
0,0,0.4707411825656891
0,0,0.04885629564523697
1,1,0.9963514804840088
1,1,0.8628676533699036
0,0,0.00616660388186574
1,1,0.9956793189048767
0,0,0.01886390894651413
0,0,0.020309267565608025
1,1,0.9954099059104919
1,1,0.9999977350234985
1,0,0.0453735813498497
1,1,0.9967038035392761
1,1,0.9999723434448242
1,1,0.9978347420692444
1,1,0.9994043111801147
1,1,0.9989885687828064
1,1,0.9997461438179016
0,0,0.023641496896743774
1,1,0.9983972907066345
0,0,0.11727495491504669
1,1,0.9198151230812073
0,0,0.01854804903268814
0,0,0.014714104123413563
1,1,0.7113567590713501
0,0,3.1511349334323313e-06
0,0,0.00185430608689785
0,0,0.01915731653571129
1,1,0.9476937651634216
0,0,0.15910792350769043
1,1,0.6448650360107422
1,1,0.9956508278846741
1,1,0.999980092048645
0,0,5.7134848248097114e-06
1,1,0.933050811290741
0,0,0.025907138362526894
0,0,0.011653813533484936
0,0,0.0005206810310482979
0,0,0.013544847257435322
0,0,0.013645502738654613
0,0,0.0005482265260070562
0,0,6.266217496886384e-06
1,1,0.904710054397583
0,0,0.0008130848873406649
0,0,2.7643329303828068e-05
0,1,0.9732979536056519
0,0,0.033701930195093155
0,0,0.013321303762495518
1,1,0.999546229839325
1,1,0.9760238528251648
1,1,0.9997122883796692
1,1,0.9944685697555542
1,1,0.9999964237213135
0,0,0.1892814040184021
1,1,0.9980660080909729
0,0,0.014484760351479053
1,0,0.2819767892360687
1,1,0.9992501139640808
1,1,0.9908768534660339
0,0,0.0011763939401134849
1,1,0.9998186230659485
1,1,0.9999786615371704
0,1,0.9880228042602539
0,1,0.9246399998664856
0,0,2.0835857867496088e-05
0,0,0.006146123167127371
1,1,0.9999995231628418
0,0,0.0016534265596419573
0,0,0.008012201637029648
0,0,0.09712798148393631
1,1,0.974357008934021
1,1,0.9267668724060059
1,0,0.06720016896724701
1,1,0.9678246974945068
0,0,0.002818585140630603
0,0,0.001908199628815055
0,0,1.1590805115702096e-05
1,1,0.999984622001648
1,1,0.9985077977180481
0,0,0.1475333571434021
0,0,0.44963088631629944
0,0,0.03571239486336708
0,0,0.36087074875831604
1,0,0.1568610966205597
0,0,0.019734278321266174
1,1,0.9846296906471252
0,0,0.0007383933407254517
0,0,0.029817430302500725
0,0,0.0002140664728358388
0,0,0.0008106291643343866
0,0,0.0008846999262459576
0,0,1.1589262385314214e-06
1,1,0.9997507929801941
0,0,0.006368930917233229
0,0,0.04840942844748497
1,1,0.9957798719406128
1,1,0.9933903217315674
0,1,0.796035647392273
1,1,0.9986870884895325
0,0,0.003953097388148308
0,0,0.35688069462776184
0,0,0.0001194509823108092
1,1,0.9953590035438538
0,0,0.04139556735754013
1,1,0.9838255047798157
1,1,0.9999897480010986
1,0,0.13255499303340912
0,0,0.00020956633670721203
0,0,0.003554964205250144
0,0,0.019007693976163864
1,0,0.36110469698905945
1,0,0.42348527908325195
0,0,7.418071618303657e-05
0,0,1.5672745803385624e-06
1,1,0.9999979734420776
1,1,0.7520243525505066
0,0,0.026652220636606216
1,1,0.644442617893219
0,0,0.3561953902244568
1,1,0.9219338893890381
0,1,0.9442964196205139
1,1,0.9974451065063477
0,0,0.030596083030104637
1,1,0.9995500445365906
0,0,0.0020051836036145687
1,1,0.9923077821731567
1,1,0.9969757795333862
0,0,4.781988081958843e-06
1,1,0.9999487400054932
1,1,0.9117715954780579
0,0,0.001631262362934649
1,1,0.9345044493675232
1,1,0.995766282081604
0,0,0.02840464562177658
0,0,0.01311184000223875
0,0,0.09180565178394318
0,0,0.10555087774991989
1,1,0.9987651109695435
1,1,0.9999973773956299
1,1,0.9902873039245605
1,1,0.665199339389801
1,1,0.9764500260353088
0,0,0.016036037355661392
1,1,0.9997859597206116
1,1,0.9963048696517944
0,0,1.994725835174904e-06
0,0,0.0008485394646413624
0,0,0.012864836491644382
0,0,0.020909391343593597
0,0,0.009449036791920662
0,0,0.01659717783331871
0,0,0.29086437821388245
1,1,0.98134845495224
1,1,0.9980783462524414
1,1,0.9999996423721313
1,1,0.9028864502906799
1,1,0.94996577501297
1,1,0.7885220050811768
1,1,0.871251106262207
0,1,0.680030107498169
0,0,0.005038856994360685
0,1,0.6104050874710083
1,0,0.4611930549144745
1,0,0.4208175837993622
0,0,0.1604311466217041
0,0,0.13515672087669373
0,0,0.006481111980974674
0,0,0.1401248276233673
1,1,0.9258741736412048
1,1,0.9999982118606567
1,1,0.870530366897583
0,0,0.0021806361619383097
0,0,0.008113100193440914
0,0,0.0006160317570902407
1,1,0.9582826495170593
0,0,0.4273839294910431
1,1,0.9999866485595703
0,0,0.00918536726385355
1,1,0.9995560050010681
1,1,1.0
1,1,0.9561048746109009
1,1,0.5105277299880981
1,1,0.9993029832839966
1,1,0.995755672454834
0,0,0.22476360201835632
1,1,0.9735379815101624
0,0,9.28084846236743e-05
0,0,0.0007773523102514446
0,0,0.11528080701828003
0,1,0.879177987575531
1,1,0.9970965385437012
0,0,0.016416847705841064
0,0,0.006364475004374981
1,0,0.3114648163318634
0,0,0.0005825581611134112
0,0,0.0008136115502566099
1,1,0.9944623112678528
0,0,0.0028196079656481743
0,0,6.21224016672528e-10
1,1,0.9896903038024902
0,0,0.058695726096630096
0,0,0.3187909722328186
0,0,0.0009666156256571412
1,1,0.6861884593963623
1,1,0.9895029067993164
0,0,0.004792698659002781
0,0,0.014395306818187237
1,1,0.9998973608016968
0,0,0.012600175105035305
0,0,0.0154050188139081
0,0,0.0421818345785141
1,1,0.9546668529510498
1,1,0.9714293479919434
1,1,0.9971031546592712
0,0,0.009717768989503384
0,0,0.020449930801987648
1,1,0.7904896140098572
1,1,0.999997615814209
1,1,0.9922780990600586
0,0,0.07711802423000336
1,1,0.9818676710128784
0,0,0.0007257540128193796
1,1,0.977912425994873
1,1,0.9784301519393921
1,1,0.8246827125549316
1,1,0.9181663393974304
1,1,0.9977214932441711
1,1,0.6322218775749207
0,0,2.477642624398868e-07
1,1,0.7688816785812378
1,1,0.9864511489868164
0,0,2.774082895484753e-05
0,0,0.06159595400094986
1,1,0.8338176012039185
1,1,0.9993615746498108
1,1,0.986746609210968
1,1,0.6534045934677124
1,1,0.9657959342002869
0,0,0.0005079323309473693
0,0,0.00048504277947358787
0,0,0.0867326557636261
0,0,0.01113409735262394
1,1,0.821135938167572
1,1,0.9490787386894226
1,1,0.9975550770759583
0,0,0.005217399913817644
0,0,0.0031555313616991043
0,0,0.018881484866142273
1,1,0.9995637536048889
0,0,0.023324554786086082
0,0,0.054403867572546005
1,1,0.9198582768440247
0,0,0.0017852222081273794
0,0,9.73944625002332e-05
1,1,0.9925548434257507
0,0,0.0003979091125074774
0,0,0.0005975227104499936
0,0,0.10326354950666428
0,0,0.046413078904151917
0,0,0.0032393918372690678
0,0,0.01987730897963047
1,1,0.9949280023574829
1,1,0.9999967813491821
0,0,0.03724680468440056
1,1,0.9995843768119812
1,1,0.9905582666397095
0,0,3.744955756701529e-05
0,0,0.00014519967953674495
0,0,0.0002790155995171517
0,0,0.06146516278386116
0,0,0.019361188635230064
1,1,0.9642519354820251
0,0,5.7434019254287705e-05
1,1,0.9890145659446716
0,0,0.008206630125641823
1,1,0.9936747550964355
1,1,0.6833323240280151
1,0,0.039402611553668976
1,1,0.7796465754508972
0,0,0.06465524435043335
0,0,0.04259941354393959
0,0,0.00023119323304854333
0,0,0.2257569432258606
0,0,0.0326189287006855
0,0,3.904664026777027e-06
1,1,0.5883215665817261
1,1,0.9999916553497314
1,0,0.2575013041496277
0,0,0.49100831151008606
1,1,0.9996339082717896
0,0,0.0653216615319252
0,0,0.0036787327844649553
1,1,0.7626610398292542
0,0,0.003556964686140418
0,0,0.17879952490329742
0,1,0.9813302159309387
1,1,0.9988887906074524
1,1,0.9999998807907104
0,0,0.06841334700584412
1,1,0.8834019303321838
0,0,0.45809778571128845
1,1,0.9990745782852173
0,0,0.01819697394967079
0,0,0.0011443371186032891
0,1,0.5315247774124146
0,0,0.001087575452402234
0,1,0.8746287226676941
0,0,0.010400115512311459
0,0,0.0006703846738673747
0,1,0.8531081080436707
1,1,0.9453259706497192
1,1,0.9987611770629883
0,0,0.38218194246292114
0,0,0.005783529952168465
1,1,0.9441691637039185
0,0,0.004566103219985962
0,0,0.3699526786804199
0,0,0.003649019403383136
1,1,0.9876787066459656
0,1,0.7284895181655884
0,0,0.1247650608420372
1,1,0.9999532699584961
1,1,0.9827660322189331
1,1,0.9861443042755127
1,1,0.9978153705596924
0,0,0.12874801456928253
0,1,0.6933699250221252
1,0,0.48352953791618347
1,1,0.8064314723014832
0,0,0.24130405485630035
1,0,0.23760108649730682
1,1,0.7963994741439819
0,1,0.567548930644989
0,0,0.11649204790592194
0,0,0.0011121580610051751
0,0,0.17577381432056427
0,0,0.012351861223578453
1,1,0.8924559950828552
0,0,0.05127955973148346
1,1,0.9913661479949951
1,1,0.9945329427719116
1,1,0.8539847731590271
0,0,0.012703130953013897
1,1,0.9995193481445312
0,0,0.0029426992405205965
0,0,0.060242146253585815
1,1,0.8772442936897278
1,1,0.9743282794952393
1,1,0.8895296454429626
1,1,0.9646974802017212
1,1,0.9945293068885803
0,0,0.0005980525747872889
0,0,4.611410986399278e-06
1,1,0.9828941226005554
1,1,0.9956661462783813
0,0,0.004364322870969772
0,0,0.02202104590833187
1,1,0.9981478452682495
0,0,0.017457544803619385
0,0,0.001583042903803289
0,0,0.0002747471153270453
0,0,0.05784688889980316
1,1,0.9999966621398926
0,0,0.11555822193622589
1,1,0.9999170303344727
0,0,0.022137021645903587
1,1,0.9795008897781372
0,0,2.7840258098876802e-06
0,0,2.0276932843898976e-07
1,1,0.9920645356178284
1,1,0.998578667640686
1,1,0.9992368221282959
0,0,0.019533636048436165
0,0,0.21519942581653595
0,0,0.0023519580718129873
1,0,0.4181307554244995
0,0,0.019672561436891556
0,0,0.0023057458456605673
0,1,0.5868502259254456
0,0,0.0007484921370632946
1,1,0.9975062012672424
1,1,0.9663137197494507
1,1,0.9995433688163757
0,0,0.28448012471199036
1,1,0.862511932849884
1,1,0.9956297874450684
1,1,0.9929673671722412
1,1,0.8498426079750061
1,1,0.9999713897705078
1,1,0.9998045563697815
1,1,0.6997890472412109
1,1,0.9982231259346008
1,1,0.9318810701370239
1,1,0.9950814247131348
0,0,0.052725449204444885
1,1,0.9986822009086609
1,1,0.9986170530319214
1,1,0.7298915386199951
0,0,0.4824122190475464
1,1,0.8775748610496521
1,1,0.8919546604156494
0,0,0.2981628179550171
0,0,3.380034456768044e-07
1,1,0.7616615891456604
1,1,0.9753823280334473
0,0,0.005436332430690527
0,0,0.003441145643591881
1,0,0.31702810525894165
0,0,0.00024322520766872913
1,1,0.9986233711242676
0,0,0.049312613904476166
0,0,0.07184600830078125
1,1,0.9988297820091248
1,1,0.9907872080802917
1,1,0.6582671999931335
0,0,0.0010248769540339708
0,0,0.012649324722588062
0,0,0.00733192078769207
0,0,0.07540209591388702
1,1,0.9575963020324707
1,1,0.9994694590568542
1,1,0.9939471483230591
0,0,0.0019313946831971407
0,0,0.001040248665958643
0,0,0.0021209497936069965
1,1,0.9789478182792664
1,1,0.9784539937973022
1,1,0.908875584602356
0,0,0.42921024560928345
0,0,0.005179624538868666
1,1,0.9938918352127075
1,1,0.9698533415794373
1,1,0.9581370949745178
1,1,0.9989839196205139
1,1,0.9630342721939087
1,1,0.9994661211967468
1,1,0.9996789693832397
1,1,0.9382571578025818
0,0,0.0627584457397461
0,0,0.0027445140294730663
1,1,0.9931012392044067
1,1,0.8730328679084778
1,1,0.9987517595291138
0,0,1.3918860531703103e-05
1,1,0.9666302800178528
0,0,0.1774604618549347
0,1,0.5238580703735352
1,1,0.8195974826812744
0,0,0.06039196252822876
0,1,0.898211658000946
0,0,0.055179011076688766
0,0,4.236170875887568e-13
1,1,0.9574540257453918
0,0,0.0016335820546373725
0,0,4.982206647241583e-08
1,1,0.9988093376159668
1,1,0.9769073724746704
1,1,0.8169561624526978
1,1,0.9981176853179932
1,1,0.9997814297676086
0,0,0.006137681659311056
1,1,0.9912478923797607
1,1,0.9994097948074341
1,1,0.9832446575164795
0,0,0.0014154735254123807
0,0,0.06271108984947205
0,0,0.0008419196237809956
1,1,0.9999780654907227
0,0,3.512844159558881e-06
0,0,0.0046843779273331165
0,0,0.2932375967502594
1,1,0.5151375532150269
1,1,0.798793613910675
0,0,0.00013778569700662047
0,0,0.015367873944342136
1,1,0.8839966058731079
0,0,0.3151218891143799
1,1,0.9894888997077942
0,0,0.4949636459350586
0,0,0.002287218812853098
1,1,0.9992892742156982
1,1,0.978325605392456
1,1,0.9182960987091064
1,1,0.7055074572563171
1,1,0.9822173714637756
1,1,1.0
0,0,0.12182352691888809
1,1,0.9967800974845886
1,1,0.9999011754989624
0,0,0.005291573703289032
1,1,0.9989606142044067
1,1,0.9692334532737732
1,1,0.6617010831832886
1,1,0.9994494318962097
1,1,0.9117951989173889
0,0,0.0001652578794164583
0,0,0.15186049044132233
0,0,0.014590186066925526
1,1,0.9870278835296631
0,0,0.04229013994336128
0,0,4.251535756338853e-06
1,1,0.9857659339904785
0,0,0.31538283824920654
1,1,0.9988160133361816
0,0,0.019080519676208496
0,1,0.8469377160072327
0,0,0.01041918434202671
0,0,0.0011385075049474835
1,1,0.9999852180480957
1,1,0.9708420038223267
0,0,0.0013259255792945623
0,0,0.0005491626798175275
1,1,0.9999876022338867
0,1,0.8278253674507141
0,0,0.27427470684051514
0,0,0.3154967129230499
1,1,0.9999998807907104
0,0,0.008045634254813194
0,0,0.008339759893715382
1,1,0.9793776869773865
1,1,0.8480971455574036
0,0,0.0049011921510100365
1,0,0.0993838831782341
1,1,0.9952932000160217
0,0,8.425636042375118e-05
1,1,0.9999428987503052
0,0,0.41439157724380493
0,0,0.01860136352479458
0,0,0.022689323872327805
1,1,0.8703367114067078
1,1,0.9503517150878906
1,1,0.9888852834701538
0,0,5.962560862826649e-06
1,1,0.9501746892929077
1,1,0.9752641916275024
1,1,0.9888155460357666
1,1,0.9995326995849609
1,1,0.9837862849235535
1,1,0.9513089656829834
1,1,0.9522064924240112
1,1,0.9921850562095642
1,1,0.9929487705230713
0,0,0.06585216522216797
1,1,0.9334962368011475
1,1,0.99078768491745
1,1,0.9936515092849731
1,1,0.9964892864227295
0,0,0.024419482797384262
1,1,0.860087513923645
1,1,0.9998617172241211
1,1,0.8189654350280762
1,1,0.9639149904251099
0,0,0.011335888877511024
1,1,0.7912656664848328
1,1,0.9741617441177368
0,0,0.033958736807107925
0,0,0.01680007018148899
0,0,0.012956011109054089
1,1,0.9835196137428284
1,1,0.9758310914039612
0,0,0.012301696464419365
1,1,0.9992135763168335
0,0,0.039702631533145905
1,1,0.9875077605247498
1,1,1.0
0,0,0.006983121857047081
1,1,0.9931474328041077
0,1,0.5778949856758118
1,1,0.9999376535415649
0,0,0.32766464352607727
0,0,0.00046106649097055197
0,0,0.17460234463214874
0,0,0.01667945645749569
0,0,0.0013789987424388528
1,1,0.9432909488677979
0,0,0.09640470147132874
1,1,0.9772729277610779
0,0,0.0072703552432358265
1,1,0.9988821148872375
1,1,0.975269615650177
1,1,0.9110502600669861
0,1,0.7037597894668579
0,0,0.05801806226372719
0,0,0.01441249344497919
0,0,0.021082645282149315
0,0,1.6470978152938187e-05
1,1,0.9999804496765137
1,1,0.9943074584007263
1,1,0.693418562412262
0,0,0.23149749636650085
1,1,0.9999982118606567
1,1,0.8567671179771423
0,1,0.8554940223693848
0,0,0.08439784497022629
1,0,0.025481760501861572
1,1,0.9998204112052917
0,0,0.41805601119995117
0,0,0.001753362943418324
0,0,4.020706910523586e-05
0,0,0.08257262408733368
0,0,0.005432260222733021
0,0,0.03704756498336792
0,0,0.020128322765231133
0,0,0.03572352975606918
0,0,0.0017486095894128084
0,0,0.001538097974844277
1,1,0.9949117302894592
1,1,0.999388575553894
0,0,0.13996495306491852
1,1,0.9999822378158569
1,0,0.30777251720428467
0,0,0.24868784844875336
1,1,0.9990110397338867
1,1,0.9987887740135193
1,1,0.9919732809066772
0,0,0.02408291958272457
0,0,0.0012989109382033348
0,1,0.866303026676178
0,0,0.0019641791004687548
0,0,0.08545338362455368
0,0,0.4484013319015503
0,0,0.008103604428470135
1,1,0.9726231098175049
0,0,0.002565587405115366
0,0,0.4436493515968323
0,0,0.04931849613785744
1,1,0.9927693605422974
1,1,0.7555142045021057
0,0,0.03368639945983887
0,0,0.007649438921362162
1,1,0.9860796332359314
0,1,0.6912588477134705
1,1,0.9986322522163391
1,1,0.9998356103897095
1,1,0.996863603591919
0,0,0.18559862673282623
1,1,0.9915476441383362
0,1,0.7006113529205322
1,1,0.9576717615127563
1,1,0.9760596752166748
0,0,0.022403690963983536
0,0,3.521404869388789e-05
0,0,0.005597327835857868
0,0,0.014381254091858864
1,0,0.0036852366756647825
1,1,0.9988297820091248
1,1,0.8193133473396301
0,0,3.92856554753962e-06
0,0,0.11149579286575317
0,0,0.00018251463188789785
1,1,0.969884991645813
1,1,0.8724085092544556
1,1,0.9982345104217529
1,1,0.9996986389160156
1,1,0.996842622756958
0,0,0.004112234804779291
0,0,0.017790377140045166
1,1,0.991782546043396
0,0,0.0016781497979536653
0,0,7.87818935350515e-05
1,1,0.9997274279594421
1,0,0.4228046238422394
1,1,0.9805414080619812
0,0,0.00030751197482459247
1,1,0.9999464750289917
0,0,0.0106243547052145
0,0,0.0022469223476946354
0,0,0.0026557103265076876
1,1,0.9718018174171448
0,0,0.12299852818250656
0,0,1.661466740188189e-05
0,0,4.073790478287265e-06
1,1,0.9860306978225708
1,1,0.985665500164032
0,0,0.4904707670211792
0,0,0.006075889337807894
0,0,0.006824607960879803
1,1,0.9087777137756348
1,1,0.9936192631721497
1,1,0.9995951056480408
0,0,0.28954747319221497
0,0,0.03998918831348419
0,0,0.002954393159598112
0,0,0.00964187178760767
0,0,0.017739878967404366
0,0,0.00030545491608791053
0,0,0.07621277868747711
0,0,0.3907501995563507
0,0,0.0004093172901775688
1,1,0.8592239022254944
0,0,0.03777148202061653
1,1,0.9858771562576294
0,0,0.004199000541120768
0,0,0.0009331590845249593
0,0,0.0014838820789009333
0,0,0.0842786431312561
1,1,0.9999943971633911
1,1,0.9809939861297607
1,1,0.9939927458763123
1,1,0.9229792952537537
0,0,6.465500337071717e-05
1,1,1.0
0,0,0.008040927350521088
1,1,0.999998927116394
0,0,0.013698558323085308
0,0,0.020571287721395493
1,1,0.999885082244873
0,0,0.02168542705476284
0,0,0.027844855561852455
1,1,0.999458372592926
1,1,0.942487359046936
0,0,0.3001563549041748
0,0,0.144960418343544
0,0,0.11167795211076736
0,0,8.120533311739564e-05
1,1,0.9999773502349854
0,0,0.0015623040962964296
0,1,0.8994083404541016
1,1,0.9630053639411926
1,1,0.9630482792854309
1,1,0.9986055493354797
1,0,0.03492113575339317
1,1,0.9949973821640015
1,1,0.9958413243293762
1,1,0.9992891550064087
0,1,0.7131381630897522
0,0,0.005861564073711634
0,0,0.10211437195539474
1,1,0.8535546660423279
1,1,0.999065101146698
1,1,0.998189389705658
0,0,0.2157980352640152
1,1,0.9731125831604004
1,1,0.5366137623786926
1,1,0.9410952925682068
1,1,0.9429020285606384
1,1,0.9709979891777039
0,1,0.54660964012146
0,0,0.028231920674443245
1,1,0.9861913919448853
0,0,0.00303653278388083
1,1,0.9684302806854248
0,0,0.0233632642775774
0,0,0.002649866510182619
0,0,0.0005490611656568944
0,0,0.0009402793948538601
1,1,0.9794146418571472
0,0,0.000226284158998169
0,0,0.002978508360683918
0,1,0.8546606302261353
0,0,0.3222278654575348
0,0,0.015245627611875534
1,1,0.9987618923187256
1,1,0.9032102823257446
1,0,0.27312734723091125
0,0,0.04356345161795616
0,0,0.00024060158466454595
1,1,0.9999879598617554
1,1,0.9201431274414062
1,1,0.9920923113822937
1,0,0.22704465687274933
1,1,0.9163467288017273
1,1,0.999523401260376
1,0,0.09861209243535995
0,0,0.018968118354678154
1,1,0.8099045157432556
1,1,0.956656813621521
0,0,0.00013811771350447088
1,1,0.9510706663131714
0,0,0.006643720902502537
1,1,0.9671849608421326
1,1,0.9991984963417053
0,0,0.030910538509488106
1,1,0.88620525598526
1,1,0.976776659488678
1,1,0.9859234094619751
0,0,0.01121469959616661
1,1,0.9999924898147583
0,0,0.12356109172105789
0,0,0.021054288372397423
0,0,0.07274896651506424
1,1,0.990708589553833
1,1,0.9908051490783691
1,1,0.9996860027313232
0,0,0.31998923420906067
1,1,0.9865385293960571
0,0,0.3094172477722168
0,0,0.00031070024124346673
0,0,0.09887506812810898
1,1,0.9930840730667114
1,1,0.9953202605247498
0,0,0.00014445478154812008
0,0,0.00026210557552985847
1,1,0.9998562335968018
1,0,0.2407548874616623
1,1,0.9977486729621887
0,0,0.10391903668642044
0,0,0.023308129981160164
1,1,0.9999682903289795
1,1,0.9795702695846558
1,1,0.9973101615905762
1,1,0.9472306370735168
1,1,0.9826759099960327
1,1,0.995342493057251
1,1,0.9999849796295166
1,1,0.9668944478034973
1,1,0.999996542930603
1,1,0.9966477751731873
1,1,0.9822513461112976
0,0,0.017398051917552948
1,1,0.9977188110351562
0,0,0.0580267459154129
0,0,0.046872206032276154
0,0,0.23484712839126587
0,0,0.0014619086869060993
1,1,0.9999996423721313
1,1,0.9998273253440857
1,1,0.9986907839775085
1,0,0.4999361038208008
0,0,0.004988487809896469
0,0,0.01799355261027813
0,0,0.009990236721932888
0,0,0.027809955179691315
0,0,0.0001440348569303751
0,0,0.04013863950967789
0,0,0.01834425888955593
0,0,0.003940404858440161
1,1,0.9969173669815063
0,0,0.38656139373779297
0,0,8.763644291320816e-05
0,0,0.06888552010059357
0,0,0.06489397585391998
0,0,0.001453971373848617
1,1,0.951849639415741
1,1,0.9955930113792419
0,0,0.0012286525452509522
1,1,0.9997913241386414
0,0,0.017841875553131104
1,1,0.997766375541687
1,1,0.9978628754615784
0,0,0.0015579090686514974
0,0,0.011572299525141716
1,1,0.9968693852424622
0,0,0.00016371178207919002
0,0,0.06653062999248505
1,1,0.9999995231628418
0,0,0.010379023849964142
0,0,0.001453732023946941
0,0,0.07515497505664825
1,1,0.9895567297935486
0,0,0.38255494832992554
1,1,0.9304995536804199
0,0,0.014541810378432274
0,0,0.0025126440450549126
1,1,0.8490956425666809
0,1,0.9932954907417297
1,0,0.06295774132013321
1,1,0.9999960660934448
1,1,0.999995231628418
0,0,0.00022449021344073117
1,1,0.9894943833351135
1,1,0.9990691542625427
1,1,0.9997374415397644
0,0,0.011190032586455345
0,0,0.020691318437457085
1,1,0.8634978532791138
0,0,0.006627010181546211
1,1,0.9820807576179504
1,1,0.9998887777328491
0,0,0.003956032916903496
0,0,0.0028149515856057405
1,1,0.8756242394447327
0,0,0.04562859237194061
1,1,0.9816662669181824
1,1,0.9305667877197266
1,1,0.7276509404182434
1,0,0.10410035401582718
1,1,0.9272428750991821
1,1,0.7817142009735107
0,0,0.01308736577630043
1,0,0.0534781850874424
1,1,0.9998884201049805
1,1,0.9997588992118835
1,1,0.9981868863105774
1,1,0.9630380868911743
1,1,0.986127495765686
0,0,0.013688724488019943
0,0,0.001298995572142303
1,0,0.3788941502571106
1,1,0.9998971223831177
0,0,0.07993532717227936
0,0,0.0016283582663163543
1,1,0.9999710321426392
0,0,0.01362457126379013
0,0,0.0011591591173782945
0,0,0.027934541925787926
0,0,0.0002495473308954388
0,0,0.004946842323988676
0,0,0.0013746421318501234
1,1,0.9902622103691101
0,1,0.9999783039093018
0,0,0.010363911278545856
0,0,0.0017164520686492324
0,0,0.06211132928729057
0,0,0.12164948880672455
0,0,5.887110798852291e-09
0,0,7.004307178704039e-08
0,1,0.9754898548126221
0,0,0.05026497319340706
0,0,0.0017229855293408036
0,0,0.15306150913238525
1,1,0.8959207534790039
1,1,0.9976387023925781
1,1,0.9985693693161011
1,1,0.9999498128890991
1,1,0.9988526105880737
1,1,0.9818407893180847
0,0,0.01730828359723091
1,1,0.9999558925628662
1,1,0.9998488426208496
0,0,0.12041928619146347
0,0,0.26704081892967224
1,1,0.9962047934532166
1,1,0.9253358244895935
0,0,0.07832847535610199
0,0,0.030581427738070488
1,1,0.9771993160247803
1,1,0.8924332857131958
1,1,0.9819098711013794
0,0,0.05524905025959015
1,1,0.8401598334312439
1,1,0.8819445967674255
0,0,0.0037626689299941063
1,1,0.9988436698913574
1,1,0.7708587050437927
1,1,0.9990566372871399
1,1,0.9995284080505371
0,0,0.3167576789855957
0,0,6.93465699441731e-05
1,1,0.9989275336265564
1,1,0.9992936849594116
1,0,0.38622504472732544
1,1,0.9475337266921997
1,1,0.998484194278717
1,1,0.8664132356643677
1,1,0.9871838092803955
0,0,0.030706245452165604
1,1,0.7819132804870605
0,0,0.005744600668549538
0,0,0.04803072288632393
0,0,0.00039965688483789563
1,1,0.9028609991073608
0,0,0.4904992878437042
1,1,0.9996451139450073
0,0,0.007795413956046104
1,1,0.995600700378418
1,0,0.061667852103710175
0,0,0.11150028556585312
0,0,7.904029916971922e-05
0,1,0.5250493288040161
0,0,0.024606002494692802
0,0,0.2795695960521698
0,0,0.0006355079240165651
0,0,0.13603924214839935
0,0,0.0022631403990089893
1,1,0.9997312426567078
1,1,0.9859752058982849
0,0,0.0002687128144316375
0,0,0.0021159660536795855
1,0,0.31512436270713806
0,0,0.0519728846848011
0,0,0.17635619640350342
1,1,0.9321420192718506
0,0,0.1438748836517334
0,1,0.5820739269256592
0,0,0.31013384461402893
0,1,0.6349132061004639
0,0,0.0018965743947774172
0,0,0.00016276123642455786
1,1,0.7461638450622559
1,1,0.9425292015075684
1,1,0.9845449924468994
0,1,0.5640000104904175
1,1,0.9717896580696106
1,1,0.9899245500564575
1,1,0.9982423782348633
0,0,0.00038308321381919086
1,1,0.9998923540115356
0,0,0.061727069318294525
1,1,0.9956899285316467
0,1,0.5060436725616455
0,0,0.17952704429626465
0,0,0.013218685053288937
1,1,0.9800456762313843
0,0,0.0002440496173221618
0,0,0.02466719038784504
0,0,0.010130556300282478
1,1,0.8083145022392273
1,1,0.9519860744476318
0,0,0.008493130095303059
0,0,0.04978982359170914
1,1,0.9910615086555481
1,1,0.829951286315918
0,0,0.05105677619576454
0,1,0.7797695994377136
0,0,0.0010113052558153868
0,0,0.01600225269794464
0,0,0.001916447188705206
1,1,0.8710448741912842
1,1,0.999183714389801
0,0,0.4450989365577698
1,1,0.9765491485595703
1,1,0.9999260902404785
0,0,0.09607662260532379
0,0,0.1130945011973381
0,0,0.07891876250505447
1,1,0.9759672284126282
1,1,0.8315976858139038
1,1,0.9989056587219238
1,1,0.9999572038650513
1,1,0.9883221983909607
1,1,0.9946034550666809
0,1,0.8609491586685181
0,0,0.00397189985960722
1,0,0.32664650678634644
1,1,0.9790088534355164
0,0,0.006130835972726345
0,0,0.4961606562137604
0,0,0.15184663236141205
1,1,0.9987724423408508
0,0,0.019548121839761734
1,1,0.634786069393158
0,0,2.8064585377851614e-11
1,1,0.9995380640029907
1,0,0.49860671162605286
0,0,0.0003265658742748201
1,1,0.9993622899055481
0,0,0.000212230283068493
1,1,0.8820300102233887
1,1,0.934306800365448
1,1,0.8722100853919983
0,0,0.07713004946708679
0,0,0.05871908739209175
0,1,0.6064954400062561
0,1,0.5328842997550964
1,1,0.8785895705223083
0,1,0.7917099595069885
0,0,0.23856121301651
1,1,1.0
1,1,0.9963195323944092
1,1,0.9943324327468872
1,1,0.9994456171989441
0,0,0.000572364660911262
1,1,0.9999939203262329
0,0,0.18315641582012177
0,0,0.488772451877594
0,0,0.011229529976844788
1,1,0.9999860525131226
1,1,0.9939594268798828
1,1,0.9894047975540161
0,0,4.8742698709247634e-05
0,0,0.28058865666389465
1,1,0.8755620121955872
0,0,1.4888028090354055e-06
1,1,0.774407684803009
0,0,2.1273779182706676e-08
1,1,0.997814416885376
1,1,0.8499642014503479
1,1,0.9304263591766357
1,1,0.9996801614761353
1,1,0.9865536093711853
1,1,0.9240021705627441
1,1,0.9991181492805481
1,1,0.999862551689148
1,1,0.9617432355880737
1,1,0.9784438610076904
1,1,0.9873008728027344
1,1,0.9647558331489563
1,1,0.9989961981773376
1,1,0.999950647354126
0,0,0.06407881528139114
0,0,0.10081405192613602
0,0,0.008804385550320148
0,0,0.038205016404390335
1,1,0.9956797361373901
0,0,0.00020084554853383452
1,1,0.999914288520813
1,1,0.9964780211448669
1,0,0.353985071182251
1,0,0.45161446928977966
1,1,0.9984715580940247
1,1,0.9652574062347412
0,0,0.40040186047554016
0,0,0.01063323114067316
1,0,0.11974592506885529
1,1,0.7543025612831116
1,1,0.8248708248138428
1,1,0.6766051650047302
1,0,0.13777370750904083
1,1,0.9979367256164551
0,0,0.006308242678642273
1,1,0.9999986886978149
1,1,0.9680960178375244
0,0,0.027612097561359406
1,1,0.9326002597808838
1,1,0.7298213243484497
0,0,0.02366730198264122
1,1,0.9959355592727661
0,0,0.0016814273549243808
1,0,0.4415154457092285
1,1,0.9934486746788025
1,1,0.8649452328681946
1,1,0.8889525532722473
0,0,2.1877292510907864e-06
0,1,0.6672943830490112
1,1,0.94921875
1,1,1.0
1,1,0.9141966104507446
0,0,0.00046786133316345513
1,1,0.9454967379570007
1,1,0.939171552658081
0,0,0.13342420756816864
1,1,0.9873707294464111
1,1,0.920263409614563
1,1,0.9940522313117981
1,1,0.9917764663696289
0,1,0.7254248261451721
1,1,0.9012756943702698
1,1,0.9767937660217285
1,1,0.9992826581001282
1,1,0.615742564201355
1,1,0.8616746664047241
1,1,0.9779908657073975
0,0,0.0003789500624407083
0,0,0.0499848946928978
0,1,0.6149686574935913
0,0,0.00523297768086195
0,0,0.1758064329624176
1,1,0.9387006163597107
1,1,0.9964145421981812
1,1,0.9314256906509399
0,0,0.2490362823009491
0,0,0.37480688095092773
0,0,0.14857617020606995
1,1,0.9997147917747498
1,1,0.998304009437561
1,1,0.9917157292366028
1,1,0.7242586016654968
0,0,0.022716427221894264
1,1,0.9379870891571045
1,1,0.9931760430335999
0,0,0.1281498372554779
1,1,0.9999984502792358
0,0,0.048147618770599365
0,1,0.5789093971252441
1,1,0.9732419848442078
1,1,0.9342479109764099
1,1,0.9985108971595764
1,1,0.9994632601737976
1,1,0.9342902302742004
0,0,0.0010505649261176586
1,1,0.9989006519317627
1,1,0.9985271692276001
1,1,0.8636592030525208
1,1,0.970195472240448
1,1,0.9966205358505249
0,0,0.013059279881417751
1,1,0.9674006700515747
0,1,0.8186643719673157
1,1,0.9744131565093994
1,1,0.5811666250228882
0,0,0.1893025040626526
0,0,0.040363859385252
1,1,0.9998762607574463
0,1,0.9174032807350159
1,1,0.9200131297111511
1,1,0.9989989399909973
1,1,0.5013852119445801
1,1,0.9986584186553955
1,1,0.7339920401573181
0,0,0.00487823411822319
0,0,0.006786054465919733
0,0,0.04788004606962204
0,0,0.003867063205689192
0,0,0.16118504106998444
1,1,0.9632795453071594
1,1,0.7665408849716187
0,0,0.28376004099845886
0,0,0.0027993174735456705
1,1,0.9987805485725403
1,1,0.9999946355819702
1,1,0.9999910593032837
1,1,0.999835729598999
1,1,0.9999994039535522
1,1,0.9987275004386902
1,1,0.9941954016685486
1,1,0.999687671661377
0,0,0.004267401061952114
1,1,0.7662109732627869
1,1,0.9937161803245544
1,1,0.9954453706741333
1,1,0.9970782995223999
1,1,0.8740894198417664
0,0,7.621987606398761e-06
1,1,0.8399628400802612
1,1,0.5985381603240967
0,0,0.0006433194503188133
1,1,0.8996961712837219
1,1,0.9999845027923584
1,1,0.9988797307014465
1,1,0.8640446066856384
1,1,0.9399924278259277
0,0,0.001061080489307642
1,1,0.9999850988388062
0,0,0.01947924681007862
1,1,0.7173387408256531
0,0,8.218249547553569e-08
1,1,0.9280746579170227
1,1,0.8478695154190063
1,1,0.7443580031394958
0,0,0.0004903630469925702
1,1,0.9712008833885193
1,1,0.9964355230331421
0,0,0.02285516820847988
0,0,0.0087877893820405
0,0,0.05739542841911316
1,1,0.9998935461044312
1,1,0.7502973675727844
1,1,0.9963634610176086
0,0,0.02673153579235077
1,1,0.9905490279197693
1,1,0.9407652616500854
1,1,0.9394596219062805
1,1,0.9972127079963684
1,1,0.9925721287727356
0,0,0.00514359911903739
1,1,0.8814600110054016
1,1,0.9993002414703369
0,0,0.00014428187569137663
0,0,0.054480843245983124
1,1,0.6258198618888855
1,1,0.9655224680900574
1,1,0.9955500364303589
1,1,0.9839937686920166
1,1,0.9744724631309509
1,1,0.6199449896812439
1,1,0.9962354302406311
0,0,0.1606699526309967
1,1,0.999975323677063
0,0,0.0008953395881690085
0,0,0.027937844395637512
0,0,0.00038345245411619544
0,0,2.4039003619691357e-05
0,0,0.2181728035211563
1,1,0.9209020137786865
1,1,0.9917146563529968
1,1,0.9370003342628479
0,0,0.0005959748523309827
0,0,0.3334733843803406
0,0,0.004127745516598225
0,1,0.8338852524757385
1,1,0.999990701675415
0,0,0.019292982295155525
1,1,0.9979865550994873
1,1,0.9958581328392029
0,0,0.008804302662611008
0,0,0.024842681363224983
1,1,0.9628454446792603
1,1,1.0
1,1,0.9779788851737976
1,1,0.9954817295074463
1,1,0.9971809387207031
1,1,0.9999189376831055
1,1,0.9965781569480896
1,1,0.9995954632759094
0,0,0.0013564927503466606
1,1,0.7751405239105225
1,1,0.9910227060317993
1,0,0.473655104637146
1,1,0.9930365681648254
1,1,0.9649506211280823
1,1,0.9965373277664185
0,0,0.0007680114940740168
0,0,0.00015813842765055597
1,1,0.8305598497390747
1,1,0.9988862872123718
0,0,0.062244266271591187
0,0,0.00020196261175442487
1,1,0.9216997623443604
1,1,0.9973692893981934
1,1,0.9997971653938293
1,1,0.9287518262863159
0,1,0.5968120694160461
1,1,0.9920170307159424
0,0,0.05610578879714012
1,1,0.8292691707611084
1,1,0.9988325238227844
1,1,0.9028090238571167
1,0,0.01362560410052538
1,1,0.9987925291061401
1,1,0.9917135238647461
1,1,0.9659916758537292
0,1,0.841372549533844
0,0,5.7910799711180516e-08
1,0,0.4781761169433594
1,1,0.9887431859970093
1,1,0.9757832884788513
1,1,0.9921390414237976
1,1,0.8078446388244629
0,0,0.0006073956028558314
1,1,0.9516966938972473
0,1,0.6043063402175903
1,1,0.9732864499092102
1,1,0.6590262651443481
1,1,0.999306321144104
1,1,0.992446780204773
1,1,0.9230262041091919
0,0,0.07170657068490982
1,1,0.9999986886978149
0,0,0.26722201704978943
0,0,0.05060136690735817
0,0,0.085866779088974
1,1,0.9299099445343018
0,0,7.282224396476522e-05
0,0,0.03745941445231438
1,1,0.9677441716194153
0,0,0.08655394613742828
1,1,0.9718508124351501
1,1,0.9957863688468933
1,1,0.9992339611053467
1,1,0.9555310606956482
0,0,0.21401511132717133
0,0,0.0004516970948316157
0,0,0.034975454211235046
0,0,0.09082406014204025
1,1,0.8582955002784729
0,0,4.218023264002113e-09
1,1,0.839623749256134
1,1,0.8695198893547058
0,0,0.3201949894428253
0,0,0.053846314549446106
1,1,0.9852375388145447
0,0,0.2418021559715271
1,1,0.9999701976776123
1,1,0.9487098455429077
0,0,0.0034711011685431004
0,0,1.6127642084029503e-05
0,0,0.02892126515507698
0,0,0.0872148871421814
1,0,0.4205903112888336
0,0,0.48419004678726196
0,0,0.025755170732736588
0,0,0.03478914499282837
1,1,0.9756503105163574
0,0,0.00927747506648302
1,1,0.9999805688858032
0,0,0.03154832497239113
1,0,0.2939481735229492
0,1,0.8371803164482117
1,1,0.8580474257469177
0,0,0.003437538631260395
0,0,0.006648956798017025
0,0,0.0010845946380868554
1,1,0.9295284152030945
1,1,0.930608868598938
0,0,0.0013586533023044467
1,1,0.9145099520683289
0,0,0.015257852151989937
0,0,0.017485540360212326
1,1,0.957500159740448
1,1,0.9963046312332153
0,0,0.010864281095564365
0,0,0.3423999845981598
0,0,5.59466172944667e-07
0,0,0.13286671042442322
0,0,0.0014692043187096715
0,1,0.554179847240448
1,1,0.9900381565093994
1,1,0.9991369843482971
1,1,0.9999959468841553
1,1,0.8452761173248291
1,1,0.9339346885681152
0,1,0.8509007692337036
0,0,0.01828121580183506
1,1,0.9998893737792969
1,1,0.9015895128250122
1,1,0.9527669548988342
1,1,0.9877188205718994
1,1,0.9985682964324951
0,0,0.005871939938515425
1,1,0.9865249395370483
1,1,0.9165675044059753
1,1,0.9976785778999329
1,1,0.8114377856254578
1,1,0.9693723320960999
0,0,0.24227815866470337
0,0,0.058615803718566895
1,1,0.903203010559082
1,1,0.969822883605957
1,1,0.9990648627281189
1,1,0.999996542930603
1,1,0.9929205775260925
0,0,0.10330447554588318
0,0,6.70782319502905e-05
1,1,0.926887571811676
0,0,0.09036298096179962
1,1,0.9998881816864014
1,1,0.8894909620285034
0,0,0.041432153433561325
1,1,0.9990414977073669
1,1,0.9053345322608948
1,1,0.9352524876594543
1,1,0.9212732911109924
0,0,0.24464979767799377
1,1,0.9499779939651489
0,0,0.0014716127188876271
0,0,0.005029384512454271
0,0,0.034046657383441925
1,1,0.9997276663780212
1,1,0.8554016351699829
1,0,0.00026919180527329445
1,1,0.9980388283729553
0,0,0.0007330250227823853
1,1,0.999067485332489
0,0,9.097885777009651e-05
1,1,0.9962981343269348
0,0,0.048091355711221695
0,0,0.02099522389471531
0,1,0.5297924876213074
0,0,0.003963591530919075
1,1,0.9900245666503906
0,0,0.2781324088573456
0,0,0.061823733150959015
0,0,0.05741918087005615
1,1,0.9999957084655762
0,0,0.04140840843319893
1,1,0.5706363916397095
0,0,0.08988336473703384
1,1,0.7464396953582764
1,1,0.9593462347984314
0,0,0.0010303392773494124
0,1,0.651878297328949
0,0,0.09262695908546448
1,1,0.9747715592384338
0,0,6.429121276596561e-05
0,0,0.08711333572864532
1,1,0.999864935874939
0,0,3.535791748277006e-08
0,0,0.30535802245140076
1,1,0.5889050364494324
0,0,0.016748245805501938
1,1,0.9795684814453125
1,1,0.8482305407524109
0,0,0.11485433578491211
0,0,0.0016357306158170104
1,1,0.9869948029518127
0,0,0.0022033960558474064
1,1,0.9972519278526306
1,1,0.7661493420600891
0,0,4.083877138327807e-05
0,1,0.5216526389122009
0,0,0.2500486671924591
1,1,0.9252653121948242
1,1,0.9991188645362854
0,0,0.2569630444049835
1,1,0.826282799243927
1,1,0.9951701760292053
1,1,0.7163830995559692
1,1,0.9992871880531311
1,1,0.9998254179954529
0,1,0.5202634930610657
0,0,0.07197785377502441
1,1,0.9955081939697266
0,0,0.0017319961916655302
0,0,0.13249313831329346
1,1,0.9909842014312744
0,0,0.005379574839025736
0,1,0.5491124391555786
1,1,0.9998072981834412
1,1,0.9992604851722717
0,0,0.11362273246049881
0,0,0.0940142273902893
1,1,0.9998542070388794
1,1,0.9829564094543457
1,1,0.9517005085945129
1,1,0.9611672163009644
0,0,0.0008910095784813166
1,0,0.47565868496894836
1,1,0.7974168658256531
0,0,0.179432213306427
0,0,0.13609597086906433
1,1,0.5828646421432495
1,0,0.33718639612197876
0,1,0.5417985916137695
1,1,0.9970267415046692
0,0,0.211358442902565
1,0,0.10937995463609695
1,1,0.9303993582725525
0,0,0.0908871591091156
1,1,0.9988079071044922
1,1,0.9605154395103455
1,1,0.9925251007080078
1,1,0.9971876740455627
0,0,0.1931360512971878
0,0,0.0012095245765522122
1,1,0.9970982074737549
1,0,0.2771672010421753
1,1,0.7267102003097534
1,1,0.9997096657752991
0,0,0.00014431627641897649
0,0,0.00010197688970947638
1,1,0.9671555161476135
0,0,0.07389041781425476
0,0,0.04215994477272034
0,0,0.05886932089924812
0,0,0.003025731071829796
1,1,0.8416600823402405
0,1,0.7299559712409973
1,1,0.9092720746994019
1,1,0.990470290184021
1,1,0.7240423560142517
0,1,0.854718029499054
1,1,0.9962168335914612
0,0,1.8587165868666489e-06
0,0,0.43816858530044556
0,0,0.0019368781941011548
1,1,0.8498305082321167
0,0,2.306058922840748e-05
0,0,0.0022492462303489447
0,0,3.0896018870407715e-05
0,0,4.547109710983932e-08
1,1,0.9652982950210571
1,1,0.9819175601005554
1,0,0.40596020221710205
1,1,0.997680127620697
1,1,1.0
0,0,0.0008868068689480424
0,0,0.03317449986934662
0,0,0.004134346731007099
1,1,0.9986091256141663
0,0,9.89520799521415e-07
1,1,0.5566126704216003
1,0,0.4162272810935974
1,1,0.996336817741394
0,0,7.824216299923137e-05
0,1,0.5801573395729065
0,0,0.008090774528682232
1,1,0.9927541613578796
1,1,0.9999998807907104
0,0,0.0042571574449539185
1,0,0.004842621274292469
1,1,0.8928903937339783
0,0,0.001525126863270998
0,0,0.00010983749234583229
1,1,0.9995860457420349
1,1,0.983722984790802
0,0,0.0005258095916360617
0,0,5.82169923291076e-05
0,0,0.3685342073440552
0,0,0.02626189775764942
0,0,0.00026852713199332356
0,0,0.0879288911819458
0,0,0.08025208115577698
1,1,0.9939099550247192
1,1,0.9986328482627869
0,0,1.5357196048171318e-07
0,0,0.29957154393196106
1,1,0.8987904191017151
0,0,0.006990469992160797
1,1,0.7488794922828674
0,0,0.017356624826788902
1,1,0.9999983310699463
0,0,0.005175443831831217
1,1,0.8302515149116516
0,0,0.00999472290277481
0,0,1.263192302758398e-06
1,0,0.2667748034000397
0,0,1.5643308870494366e-05
0,0,0.06107964366674423
0,0,0.0025763458106666803
0,0,2.817079257511068e-05
1,1,0.9999990463256836
1,1,0.9896077513694763
0,0,9.688194404589012e-05
1,1,0.9652138352394104
1,1,0.7166953682899475
1,1,0.949107825756073
0,0,0.01919369213283062
1,1,0.9980117082595825
0,0,0.006734104827046394
1,1,0.8325290679931641
1,1,0.9940891265869141
1,1,0.9888389110565186
0,1,0.70619797706604
1,1,0.9894830584526062
1,1,0.9999823570251465
1,1,0.997348427772522
0,0,0.35768306255340576
1,1,0.9946797490119934
1,1,0.9990220069885254
0,0,0.003243910614401102
1,1,0.9816752076148987
0,0,0.13493062555789948
0,0,0.020091455429792404
1,1,0.9714690446853638
0,0,0.027481520548462868
0,0,0.10054677724838257
0,0,6.400064648914849e-06
1,1,0.9990679621696472
1,1,0.9997735619544983
0,0,0.04295840486884117
0,0,1.3084682226605082e-09
0,0,0.019998539239168167
0,0,0.043715622276067734
0,0,0.0007528673158958554
1,1,0.8121097683906555
0,0,0.12273360043764114
1,1,0.9796863198280334
0,0,0.0058173248544335365
0,0,0.3604843318462372
1,1,0.9973836541175842
0,0,0.015819238498806953
1,1,0.6481747031211853
1,1,0.9996286630630493
0,0,0.11479435861110687
0,0,0.00017220187874045223
0,0,3.918577203876339e-05
0,0,0.08964879810810089
1,1,0.9975308775901794
0,0,0.21114662289619446
0,0,3.555059038262698e-06
1,1,0.9992737174034119
1,1,0.9999898672103882
0,1,0.5107918381690979
0,0,0.06538128107786179
1,1,0.9979487061500549
1,1,0.9996117949485779
0,0,0.2927657663822174
0,0,0.0031418439466506243
0,0,9.069171937881038e-05
0,0,0.011021614074707031
0,0,0.009529908187687397
0,0,0.020169666036963463
1,1,0.9549655914306641
0,0,0.003975438419729471
1,1,0.9376860857009888
1,1,0.999695897102356
1,1,0.9779782891273499
1,1,0.9060758352279663
1,1,0.9890092015266418
1,1,0.804427981376648
1,1,0.9401391744613647
0,0,0.04500395059585571
0,0,0.0023245378397405148
0,0,0.050365786999464035
1,0,0.0024507888592779636
1,1,0.6843892335891724
1,1,0.9458047151565552
1,1,0.9945583343505859
1,1,0.9978328347206116
0,1,0.5305287837982178
1,1,0.8828530311584473
1,1,0.9852582812309265
1,1,0.9731606841087341
1,1,0.9999996423721313
1,1,0.9999620914459229
0,0,0.02478506602346897
1,1,0.9818981289863586
0,0,9.589621186023578e-07
0,0,0.008280654437839985
0,0,0.007901454344391823
1,1,0.9999232292175293
1,1,0.9338710904121399
1,1,0.9983161687850952
0,0,0.03189526125788689
1,1,0.9256728887557983
1,1,0.9556064605712891
0,0,0.04650842770934105
1,1,0.9763082265853882
0,0,0.0006744427373632789
0,0,0.15530289709568024
0,0,0.3521444499492645
1,1,0.943860650062561
1,1,0.9998775720596313
1,1,0.9995130300521851
0,0,0.028655799105763435
0,0,0.07681669294834137
0,0,0.05109862983226776
0,0,0.2326062023639679
1,1,0.9981536269187927
0,0,0.0017579058185219765
1,1,0.9999995231628418
0,1,0.7728838324546814
1,1,0.9999545812606812
1,1,0.6784160733222961
1,1,0.8029379844665527
0,0,0.10157740861177444
0,0,0.002396396826952696
1,1,0.9458056092262268
1,1,0.9963623881340027
1,1,0.8066909313201904
1,1,0.9997621178627014
0,0,0.012160898186266422
1,1,0.5261044502258301
1,1,0.9879012107849121
0,0,0.03634492680430412
1,1,0.9964026212692261
1,1,0.9692256450653076
1,1,0.9858916401863098
0,0,0.14353252947330475
0,0,0.05026727542281151
0,0,0.005187883973121643
1,1,0.9637458920478821
0,0,0.20819656550884247
0,0,0.22232894599437714
0,0,0.002488295082002878
0,0,0.01485551055520773
0,0,0.16384072601795197
1,1,0.9819651246070862
1,1,0.9969094395637512
0,0,0.03383117914199829
0,0,0.005665790755301714
0,0,0.0014055509818717837
0,0,0.17348341643810272
0,0,0.1875016689300537
1,1,0.999549925327301
0,0,0.05386632680892944
1,1,0.9961568713188171
1,1,0.9967030882835388
1,1,0.999914288520813
0,0,0.002019837498664856
0,0,0.01512456126511097
0,0,0.005832754075527191
1,1,0.9610549807548523
1,1,0.9761917591094971
0,0,0.0010170358000323176
1,1,0.999966025352478
1,1,0.5164609551429749
0,0,0.06383438408374786
0,0,0.02444390580058098
1,1,0.8353922367095947
1,1,0.992820680141449
1,1,0.9995864033699036
1,1,0.9975099563598633
1,1,0.9998507499694824
1,1,1.0
1,1,0.9489424824714661
0,1,0.9732599258422852
1,1,0.9999586343765259
1,1,0.993012011051178
1,1,0.9999454021453857
1,0,0.31961140036582947
1,1,0.9014014005661011
0,0,0.08763701468706131
0,0,0.036154747009277344
0,0,0.23761053383350372
1,1,0.9829171299934387
1,1,0.991238534450531
1,1,0.9057586789131165
0,0,0.07047224044799805
1,1,0.8119596838951111
1,1,0.9999289512634277
1,1,0.9864610433578491
0,0,0.001396978972479701
0,0,0.00707847299054265
1,1,0.9673386812210083
1,1,0.9994940757751465
1,1,0.9857317805290222
1,1,0.9590628147125244
1,1,0.643546462059021
0,0,0.25948628783226013
1,1,0.7429735660552979
0,0,0.005234243348240852
1,1,0.9947326183319092
1,1,0.9363999366760254
0,0,0.25310030579566956
1,1,0.9919283390045166
0,0,0.39667651057243347
0,0,0.017126766964793205
1,1,0.9972623586654663
1,1,0.9995531439781189
1,1,0.9999904632568359
0,0,0.023490523919463158
1,1,0.9982806444168091
0,0,0.21088215708732605
0,0,0.022906074300408363
0,0,0.07259781658649445
1,0,0.33966052532196045
1,1,0.9840859174728394
0,0,0.08017666637897491
0,0,0.000325941015034914
0,0,0.00017824205860961229
1,1,0.9902822971343994
1,1,0.9980873465538025
0,0,0.15687720477581024
0,0,0.0001612347987247631
0,0,0.0163093451410532
0,0,0.09350242465734482
1,1,0.8838025331497192
0,0,0.0007217357051558793
1,1,0.9888255000114441
0,0,0.07578939944505692
1,0,0.3213973045349121
0,0,0.02891235426068306
0,0,0.35472390055656433
0,0,0.01686125434935093
0,1,0.9467079639434814
0,1,0.5288302302360535
1,1,0.9984129667282104
1,1,0.9663484692573547
0,0,1.709507699843016e-07
0,0,0.0012333738850429654
1,1,0.9954798221588135
0,0,0.02085132524371147
1,1,0.9972757697105408
1,1,0.9459452033042908
1,1,0.9438434839248657
0,0,0.006091023329645395
1,1,0.9998313188552856
0,0,0.0003401256981305778
0,1,0.8372859358787537
1,0,0.3426809012889862
1,1,0.9460047483444214
1,1,0.9933930039405823
1,1,0.9998183846473694
0,1,0.6036245226860046
1,1,0.9994401335716248
1,1,0.9336598515510559
0,0,0.15839554369449615
1,1,0.7819109559059143
1,1,0.9999908208847046
1,1,0.95210862159729
0,0,0.07857032120227814
1,1,0.998250424861908
0,0,2.6604725185084296e-16
0,0,0.2625506818294525
0,0,0.0008854904444888234
0,0,0.000499383662827313
0,0,0.010353357531130314
0,0,0.017799988389015198
0,0,0.0027043777517974377
0,0,0.1068878248333931
0,0,0.015146290883421898
0,0,0.002035044599324465
1,0,0.4827031195163727
0,0,0.00022183860710356385
0,0,3.7261950183165027e-06
0,0,0.0038698965217918158
1,1,0.9745819568634033
1,1,0.9980043768882751
1,1,0.999067485332489
1,1,0.9999901056289673
1,1,0.9257307052612305
1,1,0.9967393279075623
1,0,0.0024028851184993982
1,1,0.9698977470397949
0,1,0.9440209865570068
0,0,0.09181936830282211
1,1,0.9856551289558411
1,0,0.021932275965809822
1,1,0.9976237416267395
0,0,6.027250037732301e-06
1,1,0.9566225409507751
0,0,0.0007164771086536348
0,0,0.00771715771406889
0,0,0.005237636622041464
1,1,0.9836825728416443
0,0,0.0033589464146643877
0,0,0.002468229504302144
1,1,0.9883014559745789
0,0,0.002669775392860174
0,0,0.02755923755466938
0,0,0.006307012401521206
0,0,0.00227460078895092
1,1,0.9463751912117004
1,1,0.9277363419532776
1,1,0.9825899004936218
0,0,0.005754765588790178
0,0,0.04632822796702385
0,0,0.03699463978409767
0,0,0.1353912502527237
1,1,0.9805976748466492
0,0,0.02536754496395588
0,0,0.028283722698688507
1,1,0.9993345141410828
1,1,0.9941739439964294
0,0,0.013933215290307999
1,1,0.9827237129211426
0,1,0.7517087459564209
1,1,0.9995538592338562
1,1,0.9995280504226685
0,0,0.18244047462940216
0,0,0.18735197186470032
1,1,0.9927845001220703
0,0,0.412401020526886
1,1,0.9833643436431885
1,1,0.919495701789856
0,0,0.013693379238247871
1,1,0.9212345480918884
0,1,0.652052640914917
1,1,0.660709798336029
1,1,0.9860028028488159
0,0,0.06130077689886093
0,0,0.001546324579976499
0,0,0.024331802502274513
0,0,0.00632963003590703
0,1,0.6470417976379395
0,1,0.5957606434822083
0,0,0.0074213226325809956
0,0,0.0012930792290717363
0,0,4.987848569726339e-06
0,0,0.004560899920761585
1,1,0.8148685693740845
1,0,0.20962192118167877
0,0,6.687927088933066e-05
0,0,0.26234322786331177
1,0,0.37559205293655396
1,1,0.9999967813491821
0,0,0.49001848697662354
1,1,0.8795086145401001
1,1,0.9951313734054565
0,0,0.011199411936104298
1,1,0.9890688061714172
1,1,0.776459813117981
0,0,0.3365043103694916
1,1,0.9986082911491394
0,0,0.021017184481024742
0,0,0.000903023814316839
0,0,0.1544337272644043
0,0,5.832791066495702e-05
1,1,0.9980731010437012
1,1,0.9985540509223938
0,0,0.0034099032636731863
1,1,0.9434993267059326
0,0,0.0009465338662266731
1,1,0.9172388315200806
1,1,0.9996393918991089
0,0,0.002310245530679822
1,1,0.9269410371780396
1,0,0.17021505534648895
1,1,0.9998980760574341
1,1,0.999440610408783
1,1,0.9999446868896484
0,0,0.17893385887145996
1,1,0.9883129000663757
0,0,0.06583631038665771
0,0,0.054430872201919556
1,1,0.9772728085517883
1,1,0.8204168677330017
1,0,0.03610295429825783
0,0,0.13539782166481018
0,0,0.001569800078868866
0,0,0.022161265835165977
0,0,0.0003306595317553729
1,1,0.6581708788871765
1,1,0.9939365983009338
1,1,0.990199625492096
0,0,0.13639430701732635
1,1,0.9637763500213623
1,1,0.6992290019989014
1,1,0.7076908946037292
1,1,0.9968888163566589
0,0,0.0009132552659139037
0,0,0.0011114483932033181
0,0,0.0013353099348023534
1,1,0.9780279994010925
1,1,0.9948210716247559
0,0,0.03306927904486656
1,1,0.999997615814209
0,0,0.11485881358385086
0,0,0.003214240539819002
1,0,0.3340738117694855
1,1,0.9687498211860657
1,1,0.9999369382858276
1,1,0.9999786615371704
0,0,0.00011961453856201842
0,0,0.0002316848695045337
1,1,1.0
1,1,0.5644015669822693
1,1,0.9984416365623474
0,0,0.09429490566253662
0,0,0.008391591720283031
0,0,0.07326117157936096
0,0,0.013797636143863201
0,0,0.0008900287793949246
0,0,0.036208149045705795
0,0,0.0014163648011162877
0,0,4.834278661292046e-05
0,0,0.2560005784034729
0,0,0.003939820919185877
1,1,0.9994602799415588
1,1,0.9935666918754578
1,1,0.9978764057159424
0,0,0.0010488694533705711
0,0,1.5386706309072906e-06
0,0,0.01694244146347046
1,1,0.9972163438796997
0,0,0.0015329645248129964
0,0,0.046721361577510834
0,0,0.0005359789938665926
1,1,0.9448562860488892
0,0,0.27055665850639343
1,1,0.9393990635871887
1,1,0.999923825263977
1,1,0.7272047996520996
1,1,0.9362124800682068
1,1,0.9951936602592468
0,0,0.10331623256206512
0,0,0.08362477272748947
0,0,0.005231436342000961
1,1,0.955286979675293
1,1,0.8473879098892212
1,1,0.9987383484840393
1,1,0.9999946355819702
1,1,0.9800108671188354
0,0,0.05848614498972893
1,1,0.7659907341003418
0,0,0.0003096463333349675
1,1,0.9999809265136719
1,1,0.9999719858169556
1,1,0.9697461724281311
0,0,0.003377501619979739
1,1,0.9999285936355591
1,1,0.9996020197868347
1,1,0.9990643858909607
0,1,0.6561754941940308
1,1,0.968402087688446
0,0,0.0003340861585456878
0,0,0.02181674726307392
0,0,0.0842127576470375
0,0,8.107572648441419e-05
1,1,0.9992669224739075
0,0,0.0035300408490002155
0,0,2.466144724166952e-05
0,0,0.004695701412856579
1,1,0.9301097989082336
0,0,0.0015472245868295431
0,0,0.13699811697006226
1,1,0.9976692795753479
0,0,0.11095854640007019
0,0,0.0002659159654285759
1,1,0.8707851767539978
1,1,0.9935511350631714
1,0,0.172988161444664
0,0,0.30752265453338623
1,1,0.9999566078186035
0,0,0.0008375264005735517
0,0,0.007322642952203751
0,0,0.06299334764480591
0,0,0.27597880363464355
1,0,0.08151284605264664
0,1,0.9205177426338196
0,0,0.37388646602630615
1,1,0.9225614666938782
0,0,0.14679133892059326
1,1,0.999994158744812
0,0,0.006293566431850195
0,1,0.8869447112083435
0,0,0.03021085448563099
0,0,0.0001599358656676486
1,1,0.9575821161270142
0,0,0.006246976088732481
0,0,0.007582639344036579
1,1,0.982947051525116
1,1,0.9999896287918091
1,1,0.9965705871582031
1,1,0.9948291182518005
1,1,0.9999898672103882
1,1,0.9986491799354553
1,1,0.999860405921936
1,1,0.9321537017822266
0,0,0.051088932901620865
1,1,0.9977898597717285
1,1,0.8673112988471985
1,1,0.7565802335739136
1,1,0.9900387525558472
0,0,0.009060610085725784
0,0,6.305554416030645e-05
1,1,0.9997115731239319
0,0,0.0012249688152223825
1,1,0.9938032627105713
0,0,0.031711600720882416
1,1,0.9781369566917419
0,0,2.2835044433122675e-07
1,1,1.0
1,1,0.9965139031410217
1,1,0.997406542301178
0,0,0.11025658994913101
1,1,0.9999998807907104
1,1,0.6778459548950195
0,0,5.0292852392885834e-05
0,0,1.9892580894520506e-05
0,0,0.00019948968838434666
1,1,0.9849961996078491
0,0,0.0031273525673896074
1,1,0.999546229839325
1,1,0.9609487652778625
0,0,0.0001488864654675126
1,1,0.9822946786880493
0,1,0.5315679907798767
1,1,0.8443734049797058
0,0,0.09212024509906769
0,0,0.0016700298292562366
1,1,0.9994019269943237
1,1,0.9745365381240845
1,1,0.8913206458091736
1,1,0.9022274613380432
0,0,0.002223663032054901
0,0,0.4848226010799408
1,1,0.9719279408454895
0,0,0.0008091068593785167
1,1,0.9999080896377563
0,0,0.02450995147228241
0,0,0.008982231840491295
0,1,0.9038717746734619
0,0,0.01134538371115923
1,1,0.9550286531448364
1,1,0.9612141251564026
1,1,0.9974216222763062
1,1,0.9858323335647583
1,1,0.9792991280555725
1,1,0.995055079460144
1,1,0.9994805455207825
1,1,0.9559875130653381
0,0,0.032059285789728165
1,1,0.9848930835723877
1,1,0.9932054281234741
0,0,0.24476374685764313
1,1,0.9968456625938416
1,1,0.9739785194396973
0,0,0.022973619401454926
1,1,0.9006558656692505
1,1,0.7609086036682129
0,0,0.018053682520985603
0,0,0.003775704186409712
1,1,0.9985439777374268
0,0,0.17311923205852509
0,0,0.00803352240473032
1,1,0.9226230978965759
1,1,0.9827566146850586
0,0,0.0002918947138823569
1,0,0.2218874990940094
0,0,0.0015639947960153222
1,1,0.6579088568687439
0,0,0.051947325468063354
0,0,0.03742693364620209
1,1,0.9720315337181091
0,0,0.0050534033216536045
0,0,0.0007428691606037319
0,0,0.191596120595932
0,0,0.0014141848077997565
0,0,0.029365645721554756
1,1,0.9409778714179993
0,0,0.00020764043438248336
0,0,1.530939215399485e-07
1,1,0.9994264841079712
1,1,0.9995793700218201
0,0,0.47138622403144836
0,0,0.06886769086122513
1,1,0.9965320825576782
1,1,0.9940722584724426
1,1,0.9966135621070862
1,1,0.9999727010726929
0,0,0.0007023477810434997
1,1,0.9937313199043274
0,0,0.003600696800276637
0,0,1.4435159755521454e-05
1,1,0.900714099407196
0,0,0.011626668274402618
0,0,0.13281972706317902
0,0,0.16155509650707245
0,0,0.00011893283226527274
0,0,0.0003922649775631726
1,1,0.9964025020599365
1,1,0.9998012185096741
1,1,0.9783872365951538
0,1,0.7723410725593567
1,1,0.9959084987640381
0,0,0.00028587831184268
0,0,6.688641587970778e-05
1,1,0.9999994039535522
1,0,0.023820769041776657
1,1,0.9859909415245056
1,1,0.9791587591171265
1,1,0.9622827172279358
1,0,0.21692951023578644
1,1,0.8268664479255676
1,1,0.9450693130493164
1,1,0.9565273523330688
0,0,0.23510245978832245
1,1,0.9814729690551758
1,1,0.9995423555374146
1,1,0.9282535910606384
1,1,0.9693878889083862
1,1,0.8494718670845032
1,1,0.7693548202514648
0,1,0.5967096090316772
1,1,0.9479303359985352
0,0,0.07743754237890244
1,0,0.40854352712631226
1,1,0.9994063377380371
1,1,0.9964755177497864
0,0,0.18613843619823456
0,0,0.0003028261417057365
1,1,0.9431840181350708
0,0,0.019935142248868942
0,0,0.4394495189189911
0,0,0.006667806301265955
0,0,0.010000632144510746
1,1,0.9994564652442932
1,1,0.9454630017280579
1,1,0.9731532335281372
0,0,0.004019802436232567
1,1,0.7282432913780212
0,1,0.6874857544898987
1,0,0.2069379687309265
1,1,0.9964858293533325
1,1,1.0
1,1,0.9974198341369629
0,0,0.20051570236682892
0,0,0.0004534121253527701
1,1,0.9816589951515198
1,1,0.9873679280281067
1,1,0.7683539390563965
0,0,0.08778494596481323
1,1,1.0
1,1,0.9497638940811157
1,1,0.9652774930000305
0,0,0.020366108044981956
0,0,0.0005221902392804623
1,1,0.9924898743629456
1,1,0.9157025218009949
0,0,0.0578751340508461
1,1,0.831610381603241
1,1,0.7165765762329102
0,0,0.00151869747787714
1,1,0.9999078512191772
0,1,0.684490442276001
0,0,0.004282132722437382
0,0,0.009742634370923042
1,1,0.9999288320541382
0,0,0.005017692223191261
1,0,0.48095470666885376
1,1,0.9995415210723877
1,1,0.9997839331626892
1,1,0.9981885552406311
1,1,0.9990509152412415
1,1,1.0
1,1,0.9496574401855469
1,1,0.9158163070678711
0,0,0.008823043666779995
0,0,0.48496654629707336
1,1,0.9999382495880127
1,1,0.9978808760643005
0,0,0.00021471342188306153
0,1,0.8768284320831299
1,1,0.9993733763694763
1,1,0.999675989151001
1,1,0.8857994675636292
0,0,0.01737358793616295
1,1,0.9820736646652222
1,1,0.999995231628418
1,1,0.99992835521698
1,1,0.999293327331543
1,1,0.9947984218597412
0,0,0.05633833631873131
0,0,0.0012748489389196038
1,1,0.8672456741333008
0,0,0.0018328670412302017
0,0,0.16135545074939728
0,0,0.032057471573352814
0,0,0.051860906183719635
1,1,0.9937001466751099
1,1,0.9717652201652527
1,1,0.9974991679191589
1,1,0.8005651235580444
0,0,3.119504253845662e-05
1,1,1.0
0,0,0.3451901972293854
1,1,0.9990068078041077
0,0,0.02541317418217659
1,1,0.8906344771385193
1,1,0.9741073250770569
1,1,0.9045712947845459
0,0,0.0004433616704773158
1,1,1.0
1,1,0.9926869869232178
1,1,0.9986642599105835
1,1,0.9931920170783997
1,1,0.9999986886978149
1,1,0.9875972867012024
0,0,0.04101395234465599
0,0,0.0014050898607820272
1,1,0.9962206482887268
1,1,0.6113961935043335
1,1,0.9830167889595032
0,0,3.2406933314632624e-05
0,0,0.0024370213504880667
0,0,0.0012308253208175302
1,1,0.9736253619194031
1,1,0.9984859824180603
1,1,0.9333320260047913
1,1,0.9999964237213135
1,1,0.9999159574508667
1,1,0.9999314546585083
1,1,0.9999998807907104
1,1,0.9955297112464905
0,0,0.430726021528244
1,1,0.999987006187439
1,1,0.8771582245826721
1,1,0.8771182298660278
1,1,0.9996906518936157
0,0,0.030414538457989693
1,1,0.9626601338386536
0,0,0.03382815420627594
0,0,0.006642135791480541
1,1,0.7695801258087158
1,1,0.99198979139328
0,0,1.262864225282101e-05
0,0,0.07126186043024063
0,0,0.01617135852575302
0,0,0.100838802754879
0,0,3.41241538990289e-05
0,0,1.683505979599431e-05
0,0,1.909735601657303e-06
0,0,0.017020368948578835
1,1,0.9765365123748779
0,0,0.005138362757861614
0,0,0.0007663409924134612
1,1,0.9945782423019409
0,0,0.029594028368592262
1,1,0.9991028308868408
1,1,0.9057983756065369
0,0,0.00010292411752743647
1,1,0.9926890730857849
0,0,0.007139350287616253
1,1,0.5700529217720032
1,1,0.996539831161499
1,1,0.7924773097038269
1,1,0.9540824890136719
0,0,0.06530623883008957
0,0,0.13631382584571838
1,1,0.9955975413322449
0,0,0.007341582328081131
0,0,0.06607136875391006
1,1,0.8843865394592285
1,1,0.9999393224716187
1,1,0.9859883189201355
0,0,0.0159448329359293
1,1,0.9999213218688965
1,1,0.9994518160820007
0,0,0.3467404842376709
0,0,0.00046510976972058415
1,1,0.9910368919372559
0,0,0.056513939052820206
0,0,0.0314798578619957
1,1,0.9979767203330994
1,1,0.9960546493530273
0,0,0.005422680638730526
1,1,0.9889393448829651
0,0,0.015434904024004936
0,0,0.0024138442240655422
1,1,0.9981508851051331
1,1,0.6460169553756714
1,1,0.9140073657035828
1,1,0.9792593717575073
1,1,0.9945399165153503
0,0,0.028507033362984657
1,1,0.9996793270111084
0,0,0.013145466335117817
1,1,0.999617338180542
1,1,0.9988105297088623
1,1,0.9974831938743591
0,0,0.009123981930315495
0,0,0.04925200343132019
1,1,0.6620705127716064
1,1,0.9887131452560425
1,1,0.8573440313339233
1,1,0.9651268124580383
0,0,0.25484541058540344
0,0,0.07083047926425934
0,0,0.26102036237716675
0,1,0.9336816072463989
1,1,0.8847275376319885
1,1,0.9984444975852966
0,1,0.6623665690422058
0,0,0.0016778941499069333
1,1,0.9999967813491821
0,0,0.028688590973615646
0,0,3.7157002225285396e-05
0,0,0.07336679846048355
1,1,0.6602484583854675
0,0,0.009868988767266273
0,0,0.2330738604068756
0,0,0.18363533914089203
1,1,0.9233040809631348
1,1,0.7520794868469238
1,1,0.9295636415481567
0,0,0.01321338675916195
1,1,0.7898684144020081
1,1,0.9229694604873657
0,0,0.08640124648809433
1,1,0.6264475584030151
1,1,0.9964644908905029
1,1,0.9963923096656799
1,1,0.7909747362136841
1,1,0.6874166131019592
0,1,0.8270117044448853
0,0,0.04247185215353966
1,1,0.957542359828949
1,1,0.7160376906394958
1,0,0.43848440051078796
1,1,0.9964286684989929
1,1,0.9975544810295105
1,1,0.999322772026062
1,1,0.8195667266845703
1,1,0.9988294243812561
1,1,0.9914754629135132
1,1,0.9978744983673096
1,1,0.8610518574714661
0,0,0.07016561180353165
0,0,0.021413611248135567
1,1,0.9995960593223572
0,0,0.033947888761758804
0,0,0.05594917759299278
1,1,0.9650599360466003
1,0,0.24379509687423706
1,0,0.46158501505851746
1,1,0.9999982118606567
1,1,0.7012937664985657
0,1,0.6063903570175171
1,1,0.9971039891242981
1,1,0.5256317853927612
0,0,0.1348840296268463
0,1,0.96882164478302
1,1,0.9932838678359985
1,1,0.9988541603088379
0,0,0.0006829623016528785
1,1,0.8529636859893799
1,1,0.9917743802070618
1,1,0.943966805934906
1,1,0.987028956413269
0,1,0.9973963499069214
1,1,0.9978742599487305
0,0,0.12113972008228302
0,0,0.1936303973197937
0,0,0.00014979569823481143
0,0,0.054545145481824875
1,1,0.9871606826782227
0,0,0.381087988615036
1,1,0.8089995980262756
0,0,0.0146872503682971
1,1,0.9829056262969971
1,1,0.9970145225524902
1,1,0.9845706820487976
0,0,1.3922457583248615e-05
1,1,0.9791640639305115
1,1,0.9999099969863892
1,1,0.8648096919059753
1,1,0.9848065972328186
0,0,0.009500540792942047
1,1,0.9681004881858826
1,1,0.9994807839393616
0,0,0.0035093731712549925
1,1,0.6882817149162292
1,1,0.99974125623703
1,1,0.931242048740387
1,1,0.9999895095825195
0,0,0.006650260183960199
0,0,0.0003782455751206726
0,0,0.22460098564624786
1,1,0.5309849381446838
1,1,0.9994857311248779
1,1,0.9785919785499573
1,1,0.9998875856399536
1,1,0.9222282767295837
0,0,0.0024184344802051783
1,1,0.6988595128059387
0,0,0.02358584851026535
0,1,0.9999991655349731
1,1,0.6185797452926636
0,0,0.14688996970653534
1,0,0.49016067385673523
1,1,0.9502025842666626
1,1,0.833634078502655
1,1,0.8304668664932251
1,1,0.932643711566925
1,1,0.8616594672203064
0,0,0.03032967634499073
1,0,0.44913002848625183
1,1,0.9212610721588135
1,1,0.9939129948616028
1,1,0.55828458070755
1,1,0.9975773692131042
0,1,0.7821658253669739
1,1,0.9259854555130005
1,1,0.9172293543815613
1,1,0.9999368190765381
0,1,0.8335807919502258
0,0,0.13216574490070343
1,1,0.9371927380561829
0,0,0.05638623982667923
0,0,2.7105412300443277e-05
0,1,0.7104889750480652
0,0,0.004426467232406139
0,0,8.267463272204623e-06
0,0,0.3050343096256256
1,0,0.2558014988899231
0,1,0.7984036207199097
0,0,0.08414439857006073
1,1,0.9739824533462524
1,1,0.9219527840614319
1,1,0.9912136197090149
1,1,0.9923079013824463
0,0,0.43418434262275696
0,0,0.41256216168403625
1,1,0.9909335374832153
0,0,0.0022517540492117405
1,1,0.9327241778373718
1,1,0.9999949932098389
0,0,0.0001379763416480273
0,0,0.03292977437376976
0,0,0.06770963966846466
0,0,0.0038171024061739445
1,1,0.9986557960510254
0,0,0.06337152421474457
1,1,0.9974416494369507
0,0,0.0007203600252978504
1,1,0.9952781200408936
0,0,0.09838182479143143
1,1,0.9908024072647095
1,1,0.9887047410011292
0,0,0.0033243484795093536
1,1,0.9998250603675842
1,1,0.9909921884536743
1,1,0.8819331526756287
0,0,0.0033255685120821
1,1,0.9999994039535522
1,1,0.9974363446235657
1,1,0.9886748790740967
0,0,0.0003440468281041831
1,0,0.456756591796875
0,0,0.010408436879515648
1,1,0.5825258493423462
1,1,0.9971932768821716
1,1,0.9793053269386292
1,0,0.49173304438591003
1,1,0.9689677953720093
1,1,0.9184364080429077
1,1,0.9943238496780396
0,0,0.10363177955150604
1,1,0.9242239594459534
0,0,0.002801224123686552
1,1,0.8705899119377136
0,0,0.010403506457805634
0,0,0.010668635368347168
1,1,0.992397129535675
1,1,0.935360848903656
1,1,0.9343723654747009
0,0,0.003129522083327174
0,0,0.00016086622781585902
1,0,0.07689300924539566
1,1,0.9999995231628418
0,0,0.012455505318939686
1,1,0.7028130888938904
1,1,0.9999783039093018
1,1,0.9999924898147583
1,0,0.28666460514068604
1,1,0.6257137060165405
1,1,0.9862403273582458
1,0,0.28725478053092957
1,1,0.9991034865379333
0,0,0.3328895568847656
0,1,0.6130141615867615
1,1,0.9993102550506592
0,1,0.7050607204437256
0,0,0.03821670636534691
1,1,0.9315018057823181
0,0,0.01181606575846672
0,0,0.2656788229942322
1,1,0.8657463788986206
1,1,0.9998447895050049
0,0,0.03369942307472229
1,1,0.9909189939498901
1,1,0.9947305917739868
1,1,0.9937613606452942
1,1,0.9072257280349731
1,1,0.9974983334541321
1,1,0.9716623425483704
1,1,0.803057849407196
0,0,0.11599406599998474
1,1,0.9996768236160278
1,1,0.9740111827850342
1,0,0.24650156497955322
1,1,0.9988760352134705
0,0,0.17242540419101715
1,1,0.9733189940452576
0,0,0.149061381816864
0,0,0.013509278185665607
0,0,0.2819366455078125
1,1,0.9504002332687378
0,1,0.71646648645401
1,1,0.9994811415672302
1,1,0.9980922341346741
0,0,0.042351290583610535
1,1,0.9606128931045532
1,1,0.773258626461029
1,1,0.9999527931213379
0,0,0.08419729024171829
0,0,0.3194415271282196
1,1,0.7626137137413025
0,0,0.429779589176178
1,1,0.9771783351898193
0,0,0.0229400135576725
1,0,0.48667439818382263
1,1,0.8807344436645508
1,1,0.9993140697479248
1,1,0.9642350673675537
1,1,0.6711001992225647
1,1,0.9914729595184326
1,1,0.9899157881736755
0,0,0.0014733625575900078
0,0,0.003141768043860793
0,0,0.006442069076001644
1,1,0.9939413070678711
1,1,0.9852389097213745
1,1,0.9883177876472473
1,1,0.9909583330154419
1,1,0.9768865704536438
1,1,0.9849556088447571
0,0,0.0008858956280164421
1,1,0.9604917168617249
1,1,0.9182037115097046
1,1,0.9141156673431396
1,1,0.960588812828064
1,1,0.9389061331748962
1,1,0.9778144955635071
0,1,0.5222187638282776
1,0,0.11079815030097961
0,0,0.03797287121415138
0,0,0.016148971393704414
1,1,0.9991022348403931
0,0,0.07852038741111755
0,0,0.0002962572034448385
1,1,0.9845365881919861
0,0,0.05012945830821991
1,1,0.9987517595291138
1,1,0.9989246726036072
0,0,0.095672607421875
0,0,0.23084817826747894
0,0,0.02796141617000103
1,1,0.9906065464019775
0,0,0.0002657071454450488
0,0,0.49334120750427246
1,1,0.9227510690689087
1,1,0.9998968839645386
0,0,0.10153253376483917
1,1,0.9986228942871094
0,0,0.4798015356063843
1,0,0.1525518149137497
1,1,0.9877387285232544
0,0,0.0016353342216461897
0,0,0.1317324936389923
0,0,0.01454929355531931
1,1,0.9986189603805542
1,1,0.8682795763015747
1,1,1.0
0,0,0.0007748695788905025
0,0,0.0018772269831970334
0,0,0.12238939106464386
1,1,0.9820958375930786
1,1,0.9971417784690857
0,0,0.3251265585422516
0,0,0.000641494698356837
0,0,0.07777222245931625
1,1,0.9636023044586182
0,0,0.013179811649024487
1,1,0.9999940395355225
1,1,0.9988383650779724
0,0,0.0017027735011652112
1,1,0.8619874715805054
1,1,0.9563691020011902
1,1,0.8843977451324463
1,1,0.9904620051383972
1,1,0.9999725818634033
0,0,0.03913678601384163
1,1,0.9935781955718994
1,1,0.9979926347732544
0,0,0.17087584733963013
0,0,0.00031674024648964405
1,1,0.9533410668373108
1,1,0.9999997615814209
1,1,0.9995889067649841
1,1,0.9987126588821411
0,0,7.845718937460333e-05
0,1,0.8471125364303589
1,1,0.9973363280296326
1,1,0.9994319081306458
1,1,0.9953389167785645
1,1,0.959095299243927
0,0,0.0004785843484569341
1,1,0.9973601698875427
1,1,0.9846985936164856
0,0,0.03684302046895027
0,0,0.0012222548248246312
0,0,0.0036607086658477783
0,0,0.05559778958559036
1,1,0.7305381894111633
0,1,0.7293573021888733
0,0,1.526456617284566e-05
0,0,0.005189922638237476
1,1,0.9998756647109985
0,0,0.001261732424609363
1,1,0.9901946187019348
1,0,0.07762832194566727
0,0,0.001507543958723545
1,1,0.9988164901733398
0,0,0.00018153541896026582
1,1,0.9919702410697937
1,1,0.5453635454177856
1,1,0.9952325224876404
0,0,0.023333871737122536
1,0,0.39407676458358765
0,0,0.0031172214075922966
0,0,0.07904981076717377
1,1,0.5090115666389465
0,0,0.005378064699470997
1,1,0.8664290308952332
1,1,0.996600329875946
1,1,0.9961599111557007
0,0,0.10862069576978683
1,1,0.9899832010269165
1,1,0.9342518448829651
1,1,0.9960685968399048
0,0,0.04563375562429428
0,0,0.0003419838612899184
0,0,0.0556485652923584
0,0,0.03684449940919876
0,0,0.01933392509818077
0,0,0.0037577857729047537
1,1,0.5702741742134094
1,1,0.6888101696968079
0,0,0.02752520889043808
1,1,0.9978423118591309
1,1,0.9913938641548157
0,0,0.29341745376586914
1,1,0.9995918869972229
1,1,0.9982672929763794
1,1,0.9971352815628052
0,0,6.468223091360414e-06
0,0,0.009484933689236641
1,1,0.9655092358589172
0,0,0.011449065059423447
1,1,0.6361363530158997
1,1,0.9560551643371582
0,0,0.00025348918279632926
0,0,0.11606896668672562
1,1,0.9998745918273926
0,0,0.0015119056915864348
1,1,0.9988784193992615
1,1,0.996638298034668
0,0,3.545037316143862e-06
1,1,0.999870777130127
0,0,0.02096974104642868
0,0,0.0026114226784557104
1,0,0.4721437990665436
0,0,0.16302038729190826
1,0,0.4242900609970093
0,0,0.008001393638551235
0,0,1.1542138963704929e-05
1,1,0.9030319452285767
1,0,0.005287620238959789
1,1,0.9999685287475586
0,0,0.042672477662563324
1,1,0.8325376510620117
0,0,0.008386383764445782
1,1,0.9920144081115723
1,1,0.6059210896492004
1,1,0.9999297857284546
0,0,0.11201559752225876
1,0,0.006233311723917723
1,1,0.9992830157279968
1,0,0.3694530725479126
1,1,0.8993780612945557
1,1,1.0
1,1,0.9965957999229431
1,1,0.9710097908973694
0,0,0.017348850145936012
1,0,0.2789040207862854
1,1,0.9343228936195374
1,0,0.1250639706850052
0,0,0.009121364913880825
0,0,0.048304233700037
0,0,0.00044703789171762764
0,0,0.004252254497259855
0,0,0.35469576716423035
1,1,0.9949027299880981
0,0,0.0020913174375891685
0,0,0.1320493221282959
1,1,0.8974464535713196
1,1,0.999835729598999
1,1,0.9929867386817932
1,1,0.9911696910858154
1,0,0.19371046125888824
0,1,0.584404706954956
1,1,0.9152050018310547
0,0,0.13826531171798706
0,0,0.0018674085149541497
1,1,0.9999992847442627
1,1,0.9823086261749268
0,0,0.001133426558226347
0,0,7.960823131725192e-05
0,0,0.010784246027469635
1,1,0.995612382888794
0,0,0.03167019411921501
1,1,0.9997743964195251
0,0,0.0015766931464895606
0,1,0.9705621004104614
0,0,0.0002924507134594023
1,1,0.9928652048110962
0,0,0.25937899947166443
0,0,0.04487041011452675
0,0,0.014168109744787216
1,1,0.9885342717170715
1,1,0.9999188184738159
1,1,0.9997546076774597
1,1,0.9996705055236816
0,0,0.0019966261461377144
0,0,0.36528512835502625
1,1,0.9944885969161987
1,1,0.9999997615814209
0,0,0.003036971902474761
1,1,0.992048442363739
1,1,0.7824474573135376
0,0,0.06207694858312607
0,0,0.023564253002405167
0,0,2.7046438844990917e-05
1,1,0.9909668564796448
1,1,0.9958395957946777
1,1,0.9999839067459106
0,0,0.06687356531620026
1,1,0.9999821186065674
1,1,0.989212155342102
1,1,0.9997742772102356
1,0,0.28042900562286377
1,1,0.9959970712661743
0,0,0.006193333305418491
0,0,0.04889662563800812
0,0,0.00010088567796628922
1,0,0.46471214294433594
1,1,0.998908281326294
1,1,0.9993422627449036
1,1,0.8106222152709961
1,1,0.8772962689399719
1,1,0.9890007972717285
1,1,0.9841830134391785
0,0,0.07566548883914948
0,0,0.3542684018611908
1,1,0.942651093006134
1,1,0.9995476603507996
0,0,0.04732136428356171
0,0,1.9019909132111934e-06
1,1,0.9998798370361328
0,0,1.6635327710901038e-06
1,0,0.3543581962585449
0,0,0.0003978692984674126
0,0,1.665634613345901e-06
0,0,0.001385186449624598
0,0,0.059144970029592514
0,0,0.0021601903717964888
0,0,4.527999664105664e-08
1,1,0.9900341629981995
0,0,0.00015385478036478162
0,1,0.710273027420044
0,0,0.011038769036531448
0,1,0.9793702960014343
1,0,0.2554109990596771
0,0,0.0026322747580707073
0,0,0.00010591546015348285
1,1,0.998783528804779
0,0,0.05348877236247063
0,0,0.00493283336982131
0,0,6.593027990220435e-08
1,1,0.7322978377342224
0,0,0.11601146310567856
0,1,0.730982780456543
0,0,0.004845092073082924
1,1,0.9959068298339844
1,1,0.8070942163467407
1,1,0.8936135768890381
0,0,0.07188374549150467
0,0,0.0013644957216456532
0,0,1.8266306369696395e-06
0,0,0.0004293261154089123
1,1,0.8197765946388245
1,1,0.9999998807907104
0,0,0.005557308904826641
1,0,0.4154709577560425
1,1,0.9957115650177002
1,1,0.999995231628418
1,1,0.9999997615814209
1,1,0.7352635264396667
0,0,2.9090959287714213e-05
1,1,0.9248826503753662
0,0,0.009337394498288631
1,1,0.9999926090240479
1,1,0.9999867677688599
0,0,0.006574493832886219
1,1,0.7019047737121582
0,0,0.005464161746203899
0,0,0.0032841081265360117
1,1,0.9951028823852539
1,1,0.9944998025894165
1,1,0.9952585101127625
1,1,0.9994695782661438
0,0,0.0262311901897192
1,1,0.9621568918228149
0,0,0.00996436458081007
0,0,0.016534898430109024
0,0,0.07260115444660187
1,0,0.282105416059494
0,0,0.0020686639472842216
1,1,0.9990348815917969
0,0,3.126586307189427e-05
0,0,0.033210061490535736
1,1,0.9977922439575195
0,0,0.088626928627491
0,0,0.02103556878864765
1,1,0.9973764419555664
0,0,0.3256525993347168
0,0,0.09589774906635284
1,1,0.9992167949676514
1,1,0.9999924898147583
0,0,0.028224440291523933
0,1,0.57546466588974
1,1,0.9065165519714355
1,1,0.9996306896209717
1,1,0.8089064955711365
1,1,0.9999978542327881
1,1,0.9993600249290466
0,0,0.11668676882982254
1,1,0.5943197011947632
1,1,0.9999979734420776
0,0,6.222270258149365e-06
1,1,0.9999281167984009
1,1,0.872302770614624
1,1,0.9916921854019165
0,0,0.035807106643915176
1,1,0.829863429069519
0,0,0.013311982154846191
0,0,0.006298064719885588
1,1,0.9746695160865784
0,0,0.0020669065415859222
0,0,0.00023418314231093973
0,0,0.011353002861142159
0,0,5.253653867498542e-08
0,0,0.10158046334981918
0,0,0.0021705725230276585
1,1,0.8499932289123535
0,0,0.00588394608348608
0,0,6.334512727335095e-05
0,0,0.0005577081465162337
0,0,0.009331310167908669
0,0,0.0024061906151473522
1,1,0.760494589805603
1,1,0.6653164625167847
1,1,0.9926620721817017
1,1,0.7245826721191406
1,1,0.9141899347305298
1,1,0.9999990463256836
0,0,0.23965594172477722
0,0,0.02356686256825924
1,1,0.9698553681373596
1,1,0.9794955849647522
1,1,0.9977560639381409
1,1,0.8545606136322021
1,1,0.5870126485824585
0,0,6.415657338720848e-08
1,1,0.9955736398696899
0,0,0.05933406949043274
0,0,0.0021879493724554777
0,0,0.02191758342087269
1,1,0.9999210834503174
0,0,0.0070962742902338505
1,1,0.999929666519165
0,0,0.2931250333786011
1,1,0.8435155153274536
1,1,1.0
1,1,0.9990899562835693
1,1,0.9997965693473816
1,1,0.8347107172012329
1,1,0.9965119957923889
0,0,3.920661129086511e-06
1,0,0.2601602077484131
0,0,0.005385494325309992
0,0,0.1363430619239807
1,1,0.999539852142334
0,0,0.0040321024134755135
1,1,0.9999938011169434
1,1,0.9999998807907104
0,0,0.00017482264956925064
0,0,0.08906051516532898
1,1,0.9153067469596863
1,1,0.971959114074707
1,1,0.9999825954437256
0,0,2.514306629564089e-07
1,1,0.6847600936889648
0,0,8.209418592741713e-05
1,1,0.8855788111686707
1,1,0.8798892498016357
0,0,0.00018326780991628766
0,0,0.0001003821671474725
1,1,0.8354927897453308
1,0,0.0073252529837191105
1,1,0.998489260673523
0,0,0.107968270778656
0,0,0.18386413156986237
1,1,0.9965721368789673
0,0,0.0014627666678279638
0,0,0.32787102460861206
1,1,0.6112929582595825
1,1,0.9965927004814148
1,1,0.9972643852233887
1,1,0.9344995617866516
1,1,0.9691248536109924
0,0,0.0012543023331090808
1,0,0.2710053622722626
1,1,0.9926468133926392
0,0,0.029368171468377113
1,1,0.7660142183303833
1,1,0.9985588192939758
1,1,0.9781689643859863
0,0,1.8296404959983192e-05
0,0,0.0007932852604426444
0,0,0.031395744532346725
0,0,0.03175526484847069
1,1,0.9891018271446228
1,1,0.9592012166976929
1,1,0.9950931072235107
0,0,0.08163471519947052
1,1,0.9999891519546509
1,1,0.9964891672134399
1,1,0.9990659356117249
0,0,8.990138667286374e-06
1,1,0.7776017785072327
1,1,0.9453873038291931
1,1,0.9978554844856262
1,1,0.9468604326248169
1,1,0.8575482964515686
0,0,2.173772190872114e-05
1,1,0.9222614765167236
1,1,0.9875317215919495
1,1,0.7558252811431885
1,1,0.9955092668533325
0,0,0.058838631957769394
1,1,0.5298798680305481
1,1,0.9815143942832947
1,1,0.8512729406356812
1,0,0.2526656687259674
1,1,0.9843371510505676
1,1,0.6882644295692444
0,0,0.4117913842201233
1,1,0.9972822666168213
1,1,0.9882966876029968
1,1,0.9803161025047302
1,0,0.462944895029068
1,1,0.8444875478744507
1,1,0.9163824319839478
1,0,0.34417852759361267
0,0,0.012912831269204617
1,1,0.7539340257644653
0,0,0.34174415469169617
1,1,0.7899184226989746
1,1,0.9682299494743347
1,1,0.9996296167373657
1,0,0.20998507738113403
1,1,0.9943695664405823
1,1,0.6792630553245544
1,1,0.9994809031486511
1,1,0.9455951452255249
1,1,0.9583358764648438
1,1,0.8860155940055847
1,1,0.9948719143867493
0,0,0.020213060081005096
1,1,0.5898504853248596
1,1,0.9460404515266418
1,1,0.9378335475921631
1,1,0.9136382341384888
1,0,0.01593470573425293
0,0,0.00036636122968047857
0,0,0.17451289296150208
1,1,0.9956552982330322
0,0,1.2439699276001193e-05
0,1,0.6169431209564209
1,1,0.9988901019096375
1,1,0.9718500375747681
1,1,0.9982427358627319
0,0,0.07830193638801575
0,0,0.10460728406906128
1,1,0.9985596537590027
1,1,0.9845778346061707
1,1,0.9933974742889404
1,1,0.9109293222427368
1,1,0.9980427026748657
1,1,0.9998955726623535
1,1,0.9951266050338745
1,1,0.96277916431427
1,1,0.9847905039787292
1,1,0.8889783024787903
0,0,0.015377798117697239
0,1,0.6547505855560303
1,1,0.994459867477417
0,0,0.0037107134703546762
1,1,0.9998356103897095
1,1,0.9629149436950684
1,1,0.9389516115188599
0,0,1.2911583326058462e-05
1,1,0.9976556301116943
0,0,0.3409738540649414
1,1,0.964530885219574
1,1,0.9974238872528076
1,1,0.9968542456626892
0,0,0.008665705099701881
1,1,0.9501824378967285
0,0,0.006134811323136091
0,0,0.007060582283884287
1,0,0.23001573979854584
0,0,0.0044595664367079735
0,0,0.020621340721845627
0,1,0.9765974879264832
1,1,0.8765111565589905
0,0,0.00800475012511015
1,1,0.9982779026031494
1,1,0.9845589995384216
0,0,0.0017527805175632238
1,1,0.9975805282592773
0,0,0.015269613824784756
0,0,0.0013662342680618167
0,0,0.06466053426265717
1,1,0.9816962480545044
1,1,0.9913962483406067
0,0,0.00019278495165053755
1,1,0.9323622584342957
1,1,0.941055178642273
0,0,0.0885123759508133
1,1,0.8521979451179504
0,0,1.5463879208255094e-06
0,0,0.0025524573866277933
1,1,0.9025774598121643
0,0,0.27219390869140625
1,0,0.38470304012298584
1,1,0.8640969395637512
0,0,0.009918173775076866
0,0,0.14256712794303894
0,0,0.0389694906771183
1,1,0.9875527620315552
1,1,0.7912415862083435
1,1,0.9880715608596802
0,0,0.07566194981336594
0,0,0.03636129945516586
0,0,0.16430988907814026
0,0,0.07971122115850449
1,1,0.9998134970664978
0,0,3.764749999390915e-05
1,1,0.9835993051528931
0,0,0.15750811994075775
0,0,0.18976101279258728
1,1,0.9893571734428406
0,0,0.4685393273830414
0,0,0.00032208074117079377
1,1,0.999995231628418
1,1,0.9977832436561584
1,1,0.9947161078453064
1,1,0.9925734996795654
1,1,0.9999686479568481
0,0,0.01793609745800495
0,0,0.19716858863830566
0,0,0.024255070835351944
0,0,0.014250364154577255
1,1,0.9887885451316833
1,1,0.9979895353317261
1,1,0.9984005093574524
1,1,0.9054608941078186
0,0,0.07211904972791672
0,0,0.0012684990651905537
0,0,0.05761037394404411
0,0,0.007367171347141266
0,0,0.0025181882083415985
0,0,0.0023214933462440968
1,1,0.9904301762580872
1,1,0.9970830082893372
1,1,0.9506983757019043
0,0,0.013507174327969551
0,0,0.028685806319117546
1,1,0.8242086172103882
1,1,0.9902682900428772
1,1,0.9033462405204773
1,0,0.3404291868209839
1,1,0.6602468490600586
0,0,0.0034512693528085947
0,0,0.03432273119688034
1,1,0.9999860525131226
0,0,0.03994160145521164
0,0,0.03012162260711193
0,0,0.008343728259205818
1,1,0.999839186668396
1,1,0.9998101592063904
1,1,0.9839943647384644
0,0,0.32633084058761597
1,1,0.9992132186889648
0,0,0.013759037479758263
0,1,0.6672542691230774
0,0,0.1130913496017456
0,0,3.1514477442581845e-14
1,1,0.7029469609260559
0,0,0.020159410312771797
1,1,0.9998817443847656
1,1,0.9259684085845947
1,1,0.9960481524467468
0,0,0.0030565974302589893
0,0,0.06928061693906784
1,1,0.9989132881164551
1,1,0.9886258244514465
1,1,0.7399322390556335
0,0,0.0005913943168707192
1,1,0.9960434436798096
1,1,0.9827509522438049
0,0,0.061845991760492325
0,0,0.00014134179218672216
0,0,0.0003780550614465028
1,1,0.9999995231628418
0,0,0.007860435172915459
0,0,0.0034523620270192623
1,1,0.9623743295669556
0,0,0.005096137523651123
0,0,0.3664410412311554
0,0,0.0997527539730072
0,0,9.364413563162088e-05
1,1,0.9960935711860657
0,1,0.8606653213500977
0,0,0.02975640632212162
0,0,0.0019871897529810667
0,0,0.10594364255666733
1,1,0.9999808073043823
1,1,0.9997605681419373
1,1,0.9989246726036072
1,1,0.9215622544288635
0,0,0.022296931594610214
1,1,0.9999706745147705
1,1,0.8708479404449463
1,1,0.9999722242355347
1,1,0.9822003841400146
0,0,0.018932268023490906
1,1,0.8941466808319092
1,1,0.807887613773346
0,0,0.067258819937706
0,0,0.23256359994411469
0,0,1.30743228510255e-05
0,0,1.6716367099434137e-05
0,1,0.97022545337677
0,0,0.0006035226979292929
0,0,0.017664840444922447
0,0,0.013742443174123764
0,0,0.03972824290394783
0,0,0.00037221889942884445
0,0,0.004777103196829557
1,1,0.999734103679657
0,0,3.007139457622543e-05
0,0,0.0006754909409210086
1,1,0.6551565527915955
0,0,0.002247889991849661
1,1,0.9879202842712402
0,0,0.4452413022518158
1,1,0.9934250116348267
0,1,0.5153506994247437
0,0,0.0002530866186134517
1,1,0.9843170642852783
1,1,0.9999997615814209
1,1,0.9999558925628662
1,1,0.9193441271781921
1,1,0.9999613761901855
1,1,0.9999616146087646
1,1,0.9999895095825195
1,1,0.9996064305305481
1,1,0.9976160526275635
1,1,0.9999417066574097
1,1,0.8950769901275635
1,1,0.6446115970611572
0,0,0.0926935151219368
1,1,0.9932160973548889
0,0,1.4979651496105362e-05
1,1,0.9896242022514343
0,0,0.21866406500339508
1,1,0.9999322891235352
1,1,0.9998562335968018
1,1,0.9941049814224243
0,1,0.7179433703422546
1,1,0.9973651766777039
1,1,0.9999932050704956
0,0,0.0020362292416393757
0,0,0.0008771276334300637
0,0,0.003811235772445798
0,0,0.0017661856254562736
1,1,0.9999997615814209
1,1,0.9984174966812134
1,1,0.9999943971633911
1,1,0.9998859167098999
0,0,0.04863651469349861
0,0,0.2646317780017853
1,1,0.7626672983169556
1,1,0.9907999634742737
0,0,0.005951306317001581
0,0,2.3237491859617876e-06
0,0,0.03114636428654194
0,0,0.1226874440908432
0,0,0.05395112931728363
0,0,5.479741957969964e-07
0,0,2.634324147710032e-10
1,1,0.9803332686424255
1,1,0.9661126136779785
1,1,0.9997541308403015
1,1,0.9894964098930359
1,1,1.0
1,1,0.658420741558075
1,1,0.9999978542327881
0,0,0.0020023409742861986
1,1,0.9995400905609131
0,0,2.3593315745529253e-07
0,0,0.0006085939821787179
1,1,0.9998979568481445
1,1,1.0
1,1,0.8272318840026855
0,0,0.015170986764132977
1,1,0.9970014691352844
0,0,0.10597477853298187
1,1,0.9999731779098511
0,0,0.007148340344429016
0,0,0.0007982170791365206
1,1,0.9999961853027344
0,0,0.045154716819524765
0,0,0.18045669794082642
0,0,0.26466670632362366
1,1,0.9920918941497803
1,1,0.8587520718574524
1,0,0.005819099023938179
1,1,0.9995100498199463
0,0,0.1800769567489624
0,0,0.025883344933390617
0,0,0.002403493272140622
0,0,0.1278584897518158
1,1,0.9155755043029785
0,0,0.2684934139251709
1,1,0.9099956154823303
1,1,0.7621013522148132
0,0,2.4389646569034085e-05
0,0,0.009888363070786
1,1,0.7275310158729553
0,0,0.07426758855581284
1,1,0.9544013142585754
0,0,0.2047847956418991
1,1,0.9996832609176636
1,1,0.9909381866455078
0,0,0.1431363970041275
1,1,0.9998931884765625
0,0,0.12809303402900696
0,0,0.0012406021123751998
0,0,0.0010973712196573615
0,0,0.10435590893030167
0,0,0.008640267886221409
0,0,0.011197295039892197
0,0,0.02247689850628376
1,1,0.752548336982727
1,1,0.9911044836044312
1,1,0.9999997615814209
1,1,0.9882603883743286
1,1,0.9987002611160278
1,1,0.9942210912704468
0,0,0.20357489585876465
1,1,0.9995482563972473
1,1,0.9605147838592529
1,1,0.8608323335647583
0,0,0.10968566685914993
0,0,0.09908637404441833
1,1,0.9985912442207336
1,1,0.9996285438537598
0,0,0.04630190134048462
0,0,0.05453601852059364
1,1,0.5883885025978088
0,0,0.0019098822958767414
0,0,0.04608863964676857
1,1,0.8675111532211304
1,1,0.9939616322517395
0,0,0.010864357464015484
1,1,0.9996925592422485
0,0,0.1582307517528534
1,1,0.9999998807907104
0,0,0.00013578659854829311
0,0,0.03351268172264099
0,0,0.008344832807779312
0,0,3.858154741465114e-06
1,1,0.9826647639274597
1,1,0.9980216026306152
0,0,0.0041535962373018265
1,1,0.9951143264770508
1,1,0.9918111562728882
0,0,4.7794637794140726e-05
1,1,0.9647291898727417
0,0,3.8384223444154486e-05
0,0,0.06501178443431854
1,1,0.9494221210479736
1,1,0.8437013030052185
1,1,0.9906963109970093
1,1,0.7363840937614441
0,0,0.19338682293891907
1,1,0.9627121686935425
0,0,0.04034546762704849
1,1,0.9994303584098816
1,1,0.9938477873802185
1,1,0.9994854927062988
1,1,0.9999924898147583
0,0,0.022936470806598663
1,1,0.9998369216918945
1,1,0.9565941095352173
1,1,0.8198781609535217
0,0,0.4690307676792145
0,0,0.00012036179396091029
1,1,0.9806897044181824
1,1,0.7282131910324097
0,0,0.010071290656924248
1,1,0.7694618701934814
0,0,0.02438918873667717
1,1,0.9493448138237
1,1,0.9621636271476746
1,1,0.984786331653595
1,1,0.9999911785125732
0,0,0.06782059371471405
0,0,0.0011203100439161062
1,1,0.5893435478210449
1,1,0.9977673292160034
1,1,0.98204505443573
1,1,0.9641633629798889
0,0,0.01939958892762661
0,0,0.0021525935735553503
0,0,0.305837482213974
1,1,0.9999666213989258
1,1,0.9667012095451355
1,1,0.9757503867149353
1,1,0.9919514656066895
1,1,0.9226034879684448
0,0,0.0001553847105242312
0,0,3.7707326555391774e-05
0,0,0.026237105950713158
1,1,0.9641735553741455
0,1,0.649704098701477
1,1,0.5675173997879028
1,1,0.9635211825370789
1,1,0.9888849258422852
0,0,0.23002173006534576
0,0,1.2643090485653374e-05
0,0,0.006910219322890043
0,0,0.25026360154151917
1,1,0.9558254480361938
0,0,0.03340044617652893
0,0,0.011607642285525799
1,1,0.9999871253967285
1,1,0.9998502731323242
1,1,0.9235460758209229
1,1,0.994761049747467
0,0,0.00119435612577945
0,0,0.006735255941748619
0,0,0.00304206064902246
0,0,9.2899332230445e-05
0,0,0.0010977418860420585
1,1,0.999913215637207
0,0,0.14496834576129913
1,0,0.35813984274864197
1,1,0.9991852641105652
0,0,0.06843245029449463
0,0,0.0466310940682888
1,1,0.9999914169311523
1,1,0.9997195601463318
1,1,0.8946859836578369
0,0,0.008041060529649258
1,1,0.9947191476821899
0,0,0.006796646863222122
0,0,0.0003038322029169649
1,1,0.9937228560447693
0,0,0.012822216376662254
1,1,0.9930381178855896
1,1,0.9917494058609009
1,1,0.9998036026954651
1,1,0.9748446941375732
1,1,0.9850223660469055
0,0,0.032602280378341675
1,1,0.9999120235443115
1,1,0.9969594478607178
0,0,0.012642216868698597
1,1,0.9994889497756958
1,1,0.8808135986328125
0,0,0.45327097177505493
0,0,0.0003611565043684095
0,0,0.13431498408317566
0,0,0.0006965833599679172
0,0,9.727268661663402e-07
0,0,0.010375087149441242
1,1,0.9822238087654114
1,1,0.9994845390319824
1,1,0.9967440366744995
0,0,0.021804887801408768
1,1,1.0
1,1,0.8223026394844055
1,1,0.9142282009124756
0,0,0.0010403769556432962
1,1,0.9993127584457397
1,1,0.9782742857933044
1,1,0.9942367076873779
0,0,0.14540190994739532
1,1,0.9744346737861633
1,1,0.5951046943664551
1,1,1.0
1,1,0.7308118343353271
0,0,0.006480893585830927
1,1,0.6073923707008362
0,0,0.002862615743651986
1,1,0.761522114276886
1,1,0.9885597825050354
1,0,0.4468316435813904
0,0,0.0921531543135643
0,0,0.14662368595600128
0,0,0.0021559493616223335
0,0,0.0005371996085159481
1,1,0.8733421564102173
1,1,0.9267266988754272
1,1,0.9999922513961792
1,1,0.9689300656318665
0,0,0.01057707890868187
0,0,0.01006839144974947
1,1,0.9987801909446716
1,1,0.9997425675392151
0,0,0.005367527715861797
1,1,0.9879152774810791
1,1,0.950019359588623
0,0,1.5488599558466376e-07
0,0,0.22116348147392273
0,0,0.00013178387598600239
0,0,0.016639452427625656
1,1,0.9453390836715698
1,1,0.7155011892318726
0,0,0.028665337711572647
0,0,0.004601047374308109
0,0,0.09980320930480957
1,0,0.4297792315483093
1,1,0.7477574944496155
0,0,0.31387144327163696
0,0,0.00462912255898118
0,0,0.003707617288455367
0,1,0.561907172203064
1,1,0.9805902242660522
1,1,0.9891096353530884
1,1,0.9949848651885986
1,1,0.8047977089881897
1,1,0.9881526827812195
0,0,0.0008607587078586221
1,1,0.5222992897033691
0,0,0.008647446520626545
0,0,7.027758692856878e-05
1,1,0.9987199306488037
1,1,0.9874910116195679
1,1,0.8283407092094421
0,0,0.008914618752896786
0,0,0.05179686099290848
0,0,0.0002035234065260738
1,1,0.9831976294517517
1,0,0.06514781713485718
0,0,0.03028755821287632
1,1,0.9891412258148193
1,1,0.9999994039535522
1,1,0.9831109046936035
1,0,0.14799049496650696
1,1,0.9220757484436035
0,0,0.08261752873659134
0,0,0.008898716419935226
1,1,0.9026765823364258
0,0,0.0022791449446231127
0,0,1.491780949436361e-05
0,0,0.0010357738938182592
1,1,0.9999322891235352
1,1,0.8446592092514038
1,1,0.999993085861206
1,1,0.9931578040122986
1,1,0.9968076944351196
1,1,0.647313117980957
1,1,0.6457474231719971
0,0,0.08924615383148193
1,1,0.7917181849479675
0,0,0.00039766947156749666
0,0,0.0004625797737389803
0,0,0.0025517509784549475
1,1,0.9135444164276123
0,0,0.003852955996990204
1,1,0.9903990626335144
1,1,0.9681755304336548
0,0,0.0034078587777912617
1,0,0.4029131233692169
1,1,0.9758850932121277
0,0,0.1477271020412445
1,0,0.3898879289627075
1,0,0.4124367833137512
1,1,0.9996737241744995
1,1,0.8773014545440674
0,0,0.07656364142894745
1,0,0.00834241509437561
0,0,0.02823389135301113
1,1,0.5154072046279907
1,1,0.9923561811447144
1,1,0.6909538507461548
1,1,0.9561523795127869
1,1,0.9409319758415222
1,1,0.9773131608963013
0,0,0.009468640200793743
1,1,0.9992153644561768
0,0,0.147638201713562
1,1,0.9410372376441956
1,1,0.786658763885498
1,1,0.9911476373672485
1,1,0.8050135374069214
1,1,0.9440309405326843
1,1,0.8922355771064758
1,1,0.9677964448928833
0,0,0.00816144235432148
0,0,0.055060163140296936
0,0,0.006196873728185892
0,0,0.02406124956905842
0,0,0.006030429154634476
0,0,8.216412243200466e-05
0,0,0.014323215000331402
1,1,0.9998577833175659
0,0,0.07043065130710602
0,0,0.001993034966289997
0,0,0.00876243133097887
1,1,0.99444180727005
0,0,0.00114491768181324
0,0,0.0020933852065354586
1,1,0.9895066618919373
1,1,0.9999984502792358
1,1,0.9391254782676697
0,1,0.5728036165237427
1,1,0.5384543538093567
0,1,0.7082968354225159
1,1,0.9999979734420776
0,0,0.07455817610025406
1,1,0.9993864297866821
1,1,0.9975103139877319
0,0,0.01883120834827423
1,1,0.6176609992980957
0,1,0.983635425567627
0,0,0.13891932368278503
0,0,0.00015244136739056557
0,0,0.0009497120045125484
1,1,0.9949453473091125
0,0,0.008405442349612713
0,0,0.0067726499401032925
0,0,0.026488566771149635
0,0,0.008629153482615948
1,1,0.9890201687812805
1,1,0.9966545104980469
1,1,0.9999805688858032
1,1,0.9800112247467041
0,0,0.00017038565420079976
1,1,0.5161948204040527
1,1,0.9007019996643066
1,1,0.9454558491706848
1,1,0.9993163347244263
0,0,0.07437694072723389
0,0,0.019757656380534172
0,0,0.04136769846081734
0,0,0.122903972864151
0,0,0.0008291034610010684
1,1,0.8856989741325378
1,1,0.9528294801712036
1,1,0.9297318458557129
0,0,3.948865196434781e-05
1,1,0.9989739656448364
1,1,0.9609240889549255
1,1,0.7960028648376465
1,1,0.9988669157028198
0,0,0.002539960667490959
0,0,1.6995580153889023e-05
1,1,0.9998573064804077
1,1,0.9648897647857666
0,0,0.02712130919098854
0,0,0.026326783001422882
0,0,0.0009721677633933723
1,1,0.9206333160400391
1,1,0.9934983253479004
1,1,0.998056173324585
1,1,0.9986078143119812
1,1,0.9999585151672363
0,0,0.048159096390008926
1,1,0.999915361404419
1,1,0.9881647825241089
1,1,0.9959927797317505
1,1,0.7243590354919434
1,1,0.9958868622779846
1,0,0.21157892048358917
0,0,0.04000874236226082
0,0,0.19644039869308472
0,0,0.02829078584909439
0,1,0.9814918637275696
0,0,0.0042062923312187195
0,0,0.06889523565769196
1,1,0.8412094712257385
1,1,0.9941877126693726
1,1,0.7757154703140259
1,1,0.956336259841919
1,1,0.9907752871513367
1,1,0.7596694231033325
0,0,7.302892481675372e-05
1,1,0.9874500036239624
1,1,0.9514486789703369
1,0,0.02696356177330017
1,1,0.9996744394302368
1,1,0.8804929852485657
1,1,0.9652274250984192
1,1,0.9618624448776245
1,1,0.9768984913825989
1,1,0.9975950121879578
0,0,0.054599370807409286
1,1,0.979636549949646
1,1,0.6335108876228333
0,1,0.9354538917541504
1,1,0.9816784262657166
0,1,0.8694077730178833
0,0,0.00044152556802146137
0,0,0.007360886782407761
1,1,0.5935827493667603
0,0,0.04563479498028755
1,1,0.9999970197677612
0,0,0.0006031434750184417
1,1,0.9962073564529419
0,1,0.8301978707313538
1,1,0.9840256571769714
0,0,5.754052835982293e-06
0,0,0.027668416500091553
0,0,0.4228394031524658
0,0,0.25825804471969604
1,1,0.9683651328086853
1,1,0.9975670576095581
1,1,0.9368501901626587
1,0,0.09821748733520508
1,1,0.9292095899581909
1,1,0.987739622592926
1,1,0.976696252822876
1,1,0.9847688674926758
1,1,0.9983476400375366
1,1,0.8702026009559631
1,1,0.9920810461044312
0,1,0.5060657858848572
1,1,0.7802718281745911
1,1,0.9991523027420044
0,0,0.15536245703697205
0,0,0.00029032715247012675
0,0,0.1408953070640564
1,1,0.7605682015419006
1,1,0.5704333782196045
1,1,0.9999397993087769
1,1,0.9968627691268921
1,1,0.991990864276886
1,1,0.986161470413208
1,1,0.999441921710968
0,1,0.5531607866287231
1,1,0.9991328120231628
0,0,0.00441518472507596
0,0,0.4676610827445984
0,0,0.0002565926406532526
0,0,0.09744974225759506
0,0,0.0013895324664190412
1,1,0.9997380375862122
1,1,0.7892137169837952
1,1,0.8870732188224792
1,1,0.998021125793457
1,1,0.9374527931213379
0,0,0.001565548125654459
1,1,0.988131046295166
0,0,0.019018178805708885
1,1,0.9999638795852661
0,0,0.032181836664676666
0,0,0.014723721891641617
1,1,0.9982064962387085
0,0,0.010493382811546326
0,0,0.016808532178401947
1,1,0.9907742142677307
1,0,0.47356727719306946
0,0,0.004869544878602028
0,0,0.0911199226975441
0,0,0.00829533115029335
0,0,0.03604907914996147
1,1,0.9999995231628418
0,0,0.014509939588606358
0,0,6.121469050412998e-05
0,0,0.005227861925959587
0,0,3.9806662243790925e-05
1,1,0.999593198299408
0,0,0.0001761079183779657
0,0,3.303112237063033e-07
1,1,0.9999939203262329
1,1,0.8721932172775269
1,1,0.9369435906410217
1,1,0.9998281002044678
0,0,0.022596772760152817
0,0,0.3241598606109619
0,0,5.552566653932445e-05
1,1,0.9999995231628418
0,0,0.013701644726097584
1,1,0.9999964237213135
0,0,0.007841819897294044
1,1,0.9997817873954773
0,1,0.6814959645271301
0,0,0.0006166194216348231
1,1,0.9991877675056458
1,1,0.9987664222717285
0,0,0.14130856096744537
0,0,0.0011162481969222426
1,1,0.975496768951416
0,0,0.4094877243041992
0,0,0.004239471163600683
0,0,0.011324543505907059
1,0,0.40980979800224304
1,1,0.9709212183952332
0,0,0.044519927352666855
1,1,0.9851658940315247
1,1,0.9939887523651123
1,1,1.0
1,0,0.35065215826034546
1,1,0.8879156708717346
1,1,0.9509432315826416
1,1,0.9999996423721313
1,1,0.7885270714759827
1,1,0.9837445020675659
0,0,0.018845587968826294
0,0,0.03564056381583214
1,1,0.9848373532295227
1,1,0.8662126660346985
1,1,0.9918864369392395
1,1,0.9747176170349121
1,1,0.9238243699073792
0,0,8.79754296079227e-08
1,1,0.9645092487335205
0,0,0.006434665992856026
1,1,0.9865126609802246
0,0,0.007260976824909449
1,0,0.4980245530605316
1,1,0.9999209642410278
1,1,0.9982916712760925
0,0,6.141167250461876e-05
1,1,0.9952334761619568
0,0,0.0007581724203191698
0,0,2.4253761239378946e-06
0,0,0.000395139679312706
0,0,0.0007703258306719363
1,1,0.984927773475647
1,1,0.9999591112136841
1,1,0.9996139407157898
0,0,0.008754565380513668
0,0,0.003306208411231637
1,1,0.8052384853363037
0,0,0.13684476912021637
1,1,0.9908794164657593
1,1,0.911190390586853
1,1,0.9511732459068298
1,1,0.9999977350234985
1,1,0.9987239241600037
1,1,0.6325090527534485
1,1,0.9997304081916809
0,0,0.24638375639915466
0,0,0.0395546555519104
0,0,6.0864040278829634e-05
0,0,3.547553933458403e-05
1,1,0.9447572231292725
0,0,0.029088856652379036
0,0,0.0012540520401671529
1,1,0.9182285070419312
0,0,0.0015490214573219419
0,0,0.007084105163812637
0,0,0.42719441652297974
1,1,0.9067192077636719
0,0,0.051368508487939835
1,1,0.9996230602264404
0,0,0.03682901710271835
1,1,0.9579426646232605
1,1,0.9766851663589478
1,1,0.999946117401123
0,0,0.0013271239586174488
0,0,6.271462780205184e-07
0,0,7.69643548892418e-09
0,0,0.10740266740322113
1,1,0.9908531308174133
0,0,0.0027619660831987858
1,1,0.9923903346061707
0,0,0.19591303169727325
1,1,0.9995772242546082
1,0,0.028189757838845253
1,1,0.9857475161552429
1,1,0.9998821020126343
0,0,0.3137021064758301
0,1,0.8981641530990601
0,0,0.01390590239316225
0,0,0.010319869965314865
0,0,0.07984255999326706
0,0,0.26059165596961975
1,1,0.7667657732963562
1,1,0.9755885601043701
0,0,6.478356226580217e-05
0,0,0.0018892104271799326
0,0,0.03257004916667938
0,0,0.3169645071029663
1,1,0.9982931017875671
1,1,0.9114713668823242
1,1,0.9676921963691711
1,1,0.983792781829834
1,1,0.9383122324943542
1,1,0.9653303623199463
1,0,0.12557914853096008
1,1,0.9999957084655762
0,0,0.11223243921995163
1,1,0.997916042804718
1,1,0.9999998807907104
1,1,0.9941001534461975
1,1,0.9938313961029053
0,0,0.08212830126285553
1,1,0.6570461392402649
1,1,0.8192181587219238
1,0,0.07569602876901627
0,0,0.153171569108963
1,1,0.9155969619750977
0,0,0.26236337423324585
1,0,0.06197185069322586
1,1,0.9887281656265259
0,0,0.14339718222618103
0,0,0.23086655139923096
0,0,0.29118502140045166
0,1,0.8567640781402588
0,0,0.001355501706711948
0,0,0.03865444287657738
1,1,0.9785375595092773
0,0,0.09119094908237457
1,1,0.973211944103241
1,1,0.9989662170410156
0,0,0.009385271929204464
1,1,0.9642109274864197
0,0,0.035140544176101685
0,0,0.20652732253074646
1,1,0.8074207901954651
0,0,0.0015243508387356997
0,0,0.00023436808260157704
1,1,0.7016164660453796
1,1,0.9972190856933594
0,0,0.4814375340938568
0,0,0.0011921642581000924
0,0,0.022733420133590698
1,1,0.9999182224273682
0,0,0.00704187573865056
0,0,1.1663562560215723e-08
0,0,0.01875830627977848
1,1,0.928327739238739
0,0,0.0021246466785669327
1,1,0.999984860420227
1,1,0.6429868936538696
0,0,0.0036218143068253994
0,0,0.010500505566596985
0,1,0.6324302554130554
1,1,0.9330578446388245
0,0,0.006574307102710009
0,0,0.003426033305004239
0,0,0.017231186851859093
0,0,0.008924144320189953
1,0,0.1513535976409912
0,0,0.001715897349640727
1,1,0.9225738644599915
1,0,0.17582465708255768
0,0,0.0005833916366100311
1,1,0.8529552221298218
0,0,0.003345400094985962
0,1,0.678613007068634
1,1,0.9786623120307922
0,0,0.1546165943145752
0,0,0.015087613835930824
0,0,0.0033483735751360655
1,1,0.8935069441795349
0,1,0.6145687699317932
0,0,0.03324200212955475
0,0,0.009650499559938908
0,0,0.28280308842658997
0,0,0.006743405479937792
0,0,0.0049265362322330475
0,0,0.2602085471153259
1,1,0.9840079545974731
0,0,0.10192450135946274
0,0,0.05464901402592659
0,0,0.004097038879990578
1,1,0.6653552055358887
1,1,0.6101123690605164
0,0,0.0009749569580890238
0,0,0.05959521234035492
1,0,0.03199373185634613
0,0,0.022845547646284103
0,0,0.3532904088497162
0,0,0.028606904670596123
0,0,1.1530827508099417e-11
0,0,0.0061344485729932785
0,0,0.04199429973959923
0,0,0.0012395491357892752
1,1,0.9704528450965881
0,1,0.662732720375061
0,0,0.0006127560627646744
0,1,0.591806173324585
0,0,0.020205218344926834
1,1,0.9931679964065552
0,0,2.9634566089953296e-05
0,0,0.007077812682837248
0,0,5.26082658325322e-06
1,1,0.9999724626541138
0,0,0.12876957654953003
0,0,0.005456624086946249
0,0,1.0972831660183147e-05
1,1,0.8875349760055542
0,0,0.0012285999255254865
1,1,0.6766250729560852
0,0,0.0012513776309788227
0,0,0.02835208550095558
1,1,0.9541873931884766
0,0,0.0016403860645368695
0,0,0.0009783724090084434
0,0,0.1745235174894333
0,0,0.006038863677531481
1,1,0.9402015805244446
1,1,0.9739164113998413
1,1,0.9975160360336304
0,0,0.034720174968242645
0,0,0.0002759494527708739
0,0,0.006751697976142168
0,0,0.031899482011795044
1,1,0.9992639422416687
0,0,0.000562670233193785
0,1,0.5361462831497192
1,1,0.9456961154937744
0,0,1.2075662198185455e-05
0,0,0.0020936073269695044
0,0,5.942927236901596e-05
0,0,0.3905782401561737
0,0,0.0007278253324329853
1,1,0.7953327298164368
0,0,0.0014556236565113068
0,0,0.08651237934827805
0,0,0.0015068372013047338
1,1,0.8283398151397705
0,0,0.0009568256791681051
0,0,0.00010748160275397822
0,1,0.5869099497795105
0,0,0.005628017242997885
1,1,0.9585238695144653
1,1,0.9660513997077942
0,0,0.366107702255249
1,1,0.9958017468452454
1,1,0.9996650218963623
1,1,0.9994252920150757
1,1,0.9989959597587585
0,1,0.9987610578536987
0,0,0.0013616190990433097
0,0,0.1346741020679474
1,1,0.9999101161956787
1,1,0.9917393922805786
0,0,0.010585365816950798
0,0,0.023554814979434013
0,0,0.03340577334165573
1,1,0.9261897206306458
1,1,0.9079861640930176
1,1,0.9890862703323364
1,1,0.9998146891593933
0,0,0.05436709523200989
0,0,0.29381293058395386
0,0,0.0011413313914090395
1,1,0.9996795654296875
1,1,0.9536989331245422
1,1,0.7338229417800903
0,0,0.07607884705066681
1,1,0.8855044841766357
1,1,0.9660807847976685
1,1,0.9997312426567078
1,1,0.8014319539070129
0,0,0.07025359570980072
1,1,0.8434662818908691
1,1,0.7415399551391602
0,0,0.04402065649628639
0,0,0.00014540556003339589
1,1,0.9998083710670471
0,0,0.020020529627799988
0,0,0.00034391912049613893
1,1,0.6502404808998108
1,1,1.0
1,1,0.990757167339325
1,1,1.0
1,1,0.988636314868927
1,1,0.9962171912193298
1,1,0.96155846118927
0,0,0.016408242285251617
1,1,0.9889999032020569
1,1,0.6615539193153381
1,1,0.9644652009010315
1,1,0.8055010437965393
0,0,0.19873382151126862
1,1,0.614757776260376
0,0,0.19950321316719055
1,1,0.9999862909317017
0,0,0.0019254314247518778
1,1,0.988834798336029
1,1,0.9913051128387451
1,1,0.9865007996559143
1,1,0.9967291355133057
1,1,0.9929514527320862
0,0,0.002357566962018609
0,0,0.0026989267207682133
0,0,0.006113775540143251
0,0,0.03270088508725166
1,1,0.9862831234931946
0,0,0.22621124982833862
0,0,0.10983196645975113
0,0,0.44248655438423157
0,0,0.038541171699762344
0,0,4.851695507568365e-07
0,0,0.05479554086923599
1,1,0.9951554536819458
0,1,0.5375263094902039
0,0,0.0003183040826115757
0,1,0.6325329542160034
0,0,0.0002145519683836028
1,1,0.997041642665863
0,0,0.25393062829971313
0,0,0.001921944902278483
0,0,0.014069459401071072
0,0,0.031232895329594612
0,0,0.00010257199028274044
1,1,0.8127861618995667
0,0,0.41724222898483276
0,0,2.1454595955497067e-18
1,1,0.9997445940971375
0,0,0.13635942339897156
0,0,0.0022609580773860216
1,1,0.6363420486450195
1,1,0.997745931148529
1,1,0.9808536767959595
1,1,0.9948075413703918
0,0,0.0009776763617992401
0,0,0.038218047469854355
1,1,0.9865447878837585
0,0,0.0007220376865006983
0,0,0.033032674342393875
1,1,0.9999949932098389
1,1,0.9629847407341003
1,1,0.9999953508377075
1,1,0.996576726436615
1,1,0.9998152852058411
1,1,0.9425218105316162
0,0,0.03759634122252464
0,0,0.02847558632493019
0,0,0.006719277240335941
1,1,0.9507704973220825
1,1,0.9933752417564392
0,0,0.004025724716484547
0,0,0.0075880736112594604
1,1,0.999976396560669
0,0,0.003761991625651717
0,0,0.09212853759527206
0,0,0.03445305675268173
1,1,0.6977359652519226
1,0,0.1593431532382965
1,1,0.9999977350234985
1,1,0.9993141889572144
0,0,0.23756316304206848
1,1,0.9962180256843567
1,1,0.9997444748878479
0,0,0.45466452836990356
0,0,0.13509707152843475
0,0,0.00019397072901483625
1,1,0.9999992847442627
1,1,0.9808835983276367
0,0,0.0013576082419604063
1,1,0.863185703754425
1,1,0.7558502554893494
1,1,0.9837149977684021
0,0,0.05455200374126434
1,1,0.9893660545349121
0,0,0.0057165492326021194
1,1,0.9184280633926392
1,1,0.955427885055542
0,0,0.02502414956688881
0,0,0.08009319752454758
1,1,0.9939405918121338
0,0,0.18711921572685242
1,1,0.9952314496040344
0,0,0.15542066097259521
1,1,0.6357342600822449
0,0,0.04240071028470993
1,1,0.9792754650115967
1,1,0.9841319918632507
1,1,0.7824097275733948
1,1,0.8665440082550049
1,1,0.9963969588279724
1,1,0.7578620314598083
1,1,0.9999239444732666
0,0,0.0006666803965345025
0,1,0.941497266292572
0,0,2.1465494626227155e-07
1,1,0.9690371751785278
0,0,0.0063759139738976955
1,0,0.29779642820358276
1,1,0.9982941746711731
1,1,0.9998173117637634
1,1,0.9983876943588257
1,1,0.9591069221496582
1,1,0.999660849571228
1,1,0.9999992847442627
0,0,0.007724997121840715
1,1,0.678796112537384
1,1,0.9264417886734009
0,0,0.005746888462454081
1,1,0.9821064472198486
1,1,0.9997692704200745
1,1,0.9735448956489563
1,1,0.9999996423721313
1,1,0.992932915687561
0,1,0.9102837443351746
1,1,0.9967814683914185
0,0,0.001621171017177403
0,0,0.003155153477564454
0,0,0.026978759095072746
0,0,0.003168160328641534
0,0,0.0012870879145339131
1,1,0.9999997615814209
0,0,0.06025468558073044
0,0,0.2146388441324234
1,1,0.9889025092124939
1,1,0.9767500758171082
1,1,0.9986885190010071
1,1,0.9998725652694702
1,1,0.6470745205879211
0,0,4.501578223425895e-05
1,1,0.979633092880249
0,0,0.041451044380664825
1,0,0.07045192271471024
1,1,0.9938408136367798
1,1,0.9999806880950928
1,1,0.9736751914024353
1,1,0.9421603679656982
1,0,0.4146282970905304
0,0,0.2524851858615875
1,1,0.9751695990562439
1,1,0.9999279975891113
1,1,0.9999393224716187
1,1,0.9882282614707947
1,0,0.39966246485710144
0,0,0.005600346252322197
1,1,0.9977818131446838
1,1,0.9729191064834595
1,1,0.9224036335945129
1,1,0.9936392903327942
0,0,0.07344690710306168
1,1,0.9673774838447571
0,0,0.01658189296722412
1,1,0.8745626211166382
1,1,0.9655736088752747
1,1,0.9997044205665588
1,1,0.999362051486969
1,1,0.9959949254989624
0,0,0.005186476279050112
1,1,0.8190383315086365
0,0,0.0031491450499743223
1,1,0.9914310574531555
1,1,0.9726538062095642
1,1,0.9999489784240723
1,1,0.9999674558639526
1,0,0.3636109530925751
0,0,0.0035145932342857122
1,1,0.9986020922660828
0,0,0.0023627562914043665
0,0,0.05017397552728653
1,1,0.9685233235359192
0,0,0.01563224382698536
0,0,0.05350402370095253
0,0,0.011631809175014496
1,0,0.28805163502693176
1,1,0.9935299754142761
0,0,0.015194372273981571
0,1,0.502390444278717
0,0,0.005675025749951601
1,1,0.923711359500885
1,1,0.8348945379257202
1,1,0.9986690282821655
1,1,0.9685676097869873
1,1,0.9999432563781738
0,0,0.0847809910774231
1,1,0.9982519745826721
0,0,0.03669232130050659
1,1,0.9902205467224121
0,0,0.2438272088766098
0,0,0.00012814228830393404
0,1,0.8898468017578125
0,0,0.04181627184152603
0,0,0.2860077917575836
0,0,0.33074888586997986
1,1,0.9999955892562866
1,1,0.9541797041893005
0,0,0.029261469841003418
0,0,1.0501316864974797e-06
1,1,0.5969884991645813
0,0,0.0010331529192626476
1,1,0.9999997615814209
1,1,0.9952812790870667
1,1,0.991270899772644
0,1,0.8663824796676636
1,1,0.9888139367103577
1,1,0.9966554641723633
0,0,0.009232938289642334
1,1,0.999687671661377
1,1,0.9999858140945435
1,1,0.8601048588752747
1,1,0.9994673132896423
1,1,0.9999992847442627
0,0,0.07518649846315384
1,1,0.8020230531692505
0,0,0.22825200855731964
0,0,0.2999035716056824
1,1,0.9766054153442383
1,1,0.946885347366333
1,1,0.9947473406791687
1,1,0.982079267501831
1,1,0.9983758926391602
0,0,4.820210233447142e-05
1,1,0.9996539354324341
0,0,0.003644605167210102
0,0,0.0013260418782010674
0,0,0.00011238038132432848
0,0,0.02037801221013069
1,1,0.7267491221427917
1,1,0.8269044756889343
0,0,0.011319815181195736
0,0,0.3887612223625183
1,0,0.35574498772621155
1,1,0.9544274806976318
0,0,0.442139208316803
1,1,0.6239549517631531
1,1,0.9945616126060486
0,0,0.015191124752163887
0,0,0.013841838575899601
1,1,0.9998055100440979
1,1,0.632888913154602
1,1,0.964509904384613
1,1,0.9623154997825623
0,1,0.7943973541259766
1,1,0.9242483377456665
0,0,0.0007809262024238706
0,0,0.0989275574684143
1,1,0.94976806640625
0,0,0.003268325235694647
0,0,0.0020298296585679054
1,1,0.9999207258224487
0,0,8.283391798613593e-05
0,0,0.005080576986074448
1,1,0.9891362190246582
1,1,0.999495267868042
1,1,0.7528221607208252
1,0,0.2336447685956955
1,1,0.998900294303894
1,0,0.14750568568706512
1,1,0.9997270703315735
0,0,0.004642299842089415
0,0,0.006117421202361584
0,0,0.038064464926719666
1,1,0.9999481439590454
0,0,0.006893354933708906
0,0,0.3501489758491516
0,0,3.22824707836844e-05
1,1,0.9962061643600464
1,1,0.9980581402778625
1,1,0.9999990463256836
1,1,0.9999688863754272
1,1,0.9999995231628418
0,0,0.015651030465960503
0,0,0.016557035967707634
1,0,0.3774803876876831
0,0,0.058422256261110306
0,0,0.004809316713362932
0,0,0.008731741458177567
0,0,0.43272635340690613
1,1,0.8615341186523438
0,0,0.016335101798176765
0,0,0.06458333879709244
1,1,0.9950307607650757
1,1,0.9722875356674194
1,1,0.9935114979743958
1,1,0.9487943649291992
1,1,0.9463303089141846
1,1,0.7088821530342102
1,1,0.9895074963569641
1,1,0.9736387729644775
1,1,0.9993361830711365
1,1,0.9930155277252197
1,1,0.8411725163459778
1,1,0.9966938495635986
1,1,0.9690686464309692
0,0,0.0023110315669327974
1,1,0.9183602333068848
1,1,0.999754011631012
1,1,0.9830557107925415
0,0,0.07139112055301666
1,0,0.4125514328479767
1,1,0.9997552037239075
0,0,0.074706070125103
1,1,0.9997137188911438
1,1,0.9998831748962402
0,1,0.7886406183242798
1,0,0.43856576085090637
0,0,0.009610474109649658
1,1,0.9999090433120728
0,0,0.06244877353310585
0,0,0.0027244307566434145
0,0,0.035076677799224854
1,1,0.9721080660820007
0,0,0.020712504163384438
1,1,0.9609857797622681
0,0,0.00843817088752985
0,0,0.033970363438129425
1,1,0.7340666055679321
0,0,4.8077879910124466e-05
0,0,0.35641852021217346
0,0,9.018368291435763e-05
1,0,0.12495993077754974
1,1,0.6979069113731384
1,1,0.999680757522583
1,1,0.9948731064796448
1,1,0.942764163017273
1,1,0.8651826977729797
0,0,0.003459211206063628
0,0,0.007965204305946827
0,1,0.5592978596687317
0,0,0.06179547309875488
0,0,0.0004057189798913896
0,0,0.0001383829367114231
0,0,0.04927033931016922
0,0,0.014456130564212799
0,0,8.136704309436027e-06
0,0,0.14419108629226685
1,1,0.9808834195137024
1,1,0.9892855286598206
1,1,0.997291624546051
1,1,0.7808000445365906
0,0,0.0030503817833960056
1,1,0.9999277591705322
1,1,0.9999997615814209
1,1,0.9999690055847168
0,0,0.04382936656475067
0,1,0.9664614200592041
1,1,0.9739370942115784
1,1,0.5551372170448303
0,0,0.00046122760977596045
1,1,0.8621034622192383
1,1,0.9997966885566711
0,0,0.034516144543886185
0,0,0.015013993717730045
0,0,0.33535468578338623
1,0,0.2290782630443573
1,1,0.9986034035682678
1,1,0.9994163513183594
0,0,0.0001526541745988652
1,1,0.9951871037483215
1,1,0.8698011040687561
1,1,0.9953320622444153
1,1,0.9629243612289429
1,1,0.9956799745559692
1,1,0.9999431371688843
1,1,0.9999996423721313
1,1,0.9999750852584839
0,1,0.5682335495948792
0,0,0.041255444288253784
0,0,0.028344999998807907
0,0,0.0018422051798552275
0,0,0.0013040922349318862
1,1,0.7280811071395874
0,0,0.044208649545907974
0,0,0.4103293716907501
0,0,0.1050802618265152
0,0,0.0067864758893847466
0,1,0.5490361452102661
0,0,0.38579806685447693
0,0,0.07113182544708252
0,0,0.0051397597417235374
1,1,0.9541176557540894
0,0,0.07472893595695496
0,0,0.010412926785647869
0,0,0.162734255194664
0,1,0.5313241481781006
0,0,0.0011722747003659606
1,1,0.9580271244049072
1,1,0.8592326045036316
0,0,0.05583334341645241
1,0,2.2621918560616905e-06
0,0,0.008497893810272217
1,1,0.9863081574440002
0,0,0.002474310342222452
0,0,0.010680614970624447
0,0,0.14313428103923798
1,1,0.9531847238540649
0,0,0.007863462902605534
1,1,0.9855813384056091
0,0,0.008052615448832512
0,0,0.14743302762508392
1,1,0.7354580760002136
0,1,0.6678845882415771
0,0,0.23332425951957703
1,1,0.9938282370567322
0,0,0.002717659343034029
0,0,0.06475693732500076
0,0,0.0003858206036966294
0,1,0.558678925037384
0,0,0.2884186804294586
1,0,0.06524500995874405
0,0,0.009197017177939415
1,1,0.9940773248672485
0,0,0.0013005919754505157
0,0,0.04039202630519867
0,0,0.0003866022452712059
0,0,2.4059846737145563e-07
1,1,0.9877145290374756
1,1,0.9998944997787476
1,1,0.9674371480941772
1,1,0.980424702167511
1,1,0.9999563694000244
1,1,0.999950647354126
1,1,0.9524372220039368
1,1,0.999929666519165
1,1,0.9999445676803589
0,0,0.07819320261478424
1,1,0.9848493337631226
1,1,0.9862293004989624
1,1,0.9947216510772705
1,1,1.0
1,1,0.9999969005584717
1,1,0.999967098236084
1,1,0.9954467415809631
0,0,0.0024116989225149155
0,0,0.02552892453968525
1,1,0.958172082901001
1,0,0.1163763478398323
0,0,0.0006610605050809681
0,0,0.048080168664455414
1,1,0.8931943774223328
1,1,0.9989225268363953
0,0,0.0001297481794608757
0,0,0.0050908359698951244
1,1,0.9961721301078796
1,1,0.9438990354537964
1,1,0.9993056058883667
1,1,0.9945520758628845
0,0,0.11570025235414505
0,1,0.6631156802177429
1,1,0.9971402883529663
1,1,0.9900344014167786
0,0,0.010057960636913776
0,0,7.629222636751365e-06
0,0,0.0015998290618881583
0,0,0.00014531504712067544
0,0,0.10244245082139969
1,1,0.9886316657066345
0,0,0.01823296956717968
0,0,0.05280251055955887
0,0,0.012500678189098835
0,0,0.0002237137232441455
1,0,0.00013360384036786854
0,0,0.002757107140496373
1,1,0.978890597820282
0,0,0.05298933759331703
0,0,0.00020901479001622647
0,0,0.04388820379972458
1,0,0.36296287178993225
1,1,0.9679310321807861
0,0,0.0039008287712931633
0,0,0.3971410095691681
0,0,1.1980185377069574e-07
0,0,0.02575424127280712
0,0,0.006693786010146141
0,0,0.06696365773677826
1,1,0.9382070899009705
0,0,0.0007761158049106598
1,1,0.99932861328125
0,0,0.04832683876156807
1,1,0.9832164645195007
0,0,4.4822265010679985e-08
0,0,0.00043370944331400096
1,1,0.99998939037323
0,0,0.05053587630391121
0,0,0.002864392474293709
0,0,0.1016392856836319
0,0,0.0032317335717380047
0,0,0.02453860081732273
0,0,3.6353587347548455e-05
1,0,8.567650365876034e-05
0,1,0.8810275793075562
1,1,0.9052425026893616
0,0,9.069140816109211e-08
0,0,0.0894479975104332
0,0,1.6102513226332976e-16
0,0,0.1985751986503601
0,0,0.023008907213807106
1,1,0.9998784065246582
1,0,0.3288816809654236
1,1,0.9988490343093872
1,1,0.9644591212272644
1,1,0.987837553024292
0,0,0.02224176563322544
0,0,0.0490172803401947
0,0,0.30390530824661255
1,1,0.9733214378356934
1,1,0.9735808372497559
0,0,1.105179316118754e-12
1,1,0.893714964389801
1,1,0.9999936819076538
0,0,0.3302195370197296
1,1,0.9913228750228882
0,0,0.00013715779641643167
0,0,0.013618024066090584
0,0,0.0014072372578084469
1,1,0.8120185732841492
1,1,0.983447790145874
1,1,0.949541449546814
0,0,0.0016701188869774342
0,0,4.8146517656277865e-05
1,1,0.9999080896377563
0,0,0.012006326578557491
0,0,0.0852939635515213
1,1,0.9426286816596985
0,0,0.20125384628772736
0,0,0.4158206582069397
1,1,0.9330021142959595
1,1,0.9913269877433777
1,1,0.9934531450271606
1,1,0.9213195443153381
1,1,0.9204827547073364
0,0,0.016259314492344856
0,0,0.0016386510105803609
1,1,0.9971466660499573
0,0,0.30829426646232605
0,0,0.11855682730674744
1,1,0.9986995458602905
1,1,0.9977679252624512
1,1,0.975088894367218
0,0,0.1270703822374344
1,1,0.9953781366348267
1,0,0.24501927196979523
1,1,0.9999828338623047
0,1,0.8017547130584717
0,0,0.0006833740626461804
1,1,0.9999773502349854
0,0,0.002331640338525176
0,0,0.4485025703907013
1,1,0.9999998807907104
1,1,0.9501259922981262
1,1,0.842050313949585
0,0,0.001647594035603106
1,1,0.9999998807907104
0,0,0.038608159869909286
0,0,0.002072259085252881
0,0,0.031054537743330002
1,1,0.9825448989868164
0,0,0.023044558241963387
1,1,0.974989652633667
0,1,0.6282697916030884
1,1,0.9863761067390442
1,1,0.5396832227706909
0,0,0.0023655295372009277
0,0,0.0011604969622567296
0,0,0.028995420783758163
1,1,0.8209019303321838
1,1,0.9985278844833374
0,0,0.0007672730134800076
0,0,0.0061782486736774445
0,0,0.01730973646044731
0,0,1.1794748289162271e-08
1,1,0.9397460222244263
0,0,3.452233431744389e-05
1,1,0.9472464323043823
0,0,0.08726749569177628
0,0,1.9035536595070606e-15
1,1,0.9797868728637695
0,0,0.007437181659042835
1,1,0.9997543692588806
1,1,0.7077788710594177
0,0,0.00011614061804721132
1,1,0.9987743496894836
1,1,0.9732421636581421
1,1,0.9919204711914062
1,1,0.9874067902565002
0,1,0.6690478920936584
0,0,0.007905533537268639
1,1,1.0
1,1,0.9972406625747681
0,0,0.02143721468746662
0,0,0.022110525518655777
0,0,0.011270138435065746
0,0,0.08230581134557724
0,0,0.0021664276719093323
0,0,0.049354638904333115
1,1,0.9037054777145386
0,0,9.519426384940743e-05
0,0,0.011125857941806316
1,1,0.8392934799194336
0,0,0.0001408057432854548
1,1,0.9773530960083008
0,1,0.7632051706314087
0,0,0.12257910519838333
0,0,0.000900215411093086
1,1,0.7251399159431458
1,1,0.9999659061431885
1,1,0.9930794835090637
1,1,0.9998501539230347
1,1,0.9940367937088013
0,0,0.07414411008358002
0,0,0.16345463693141937
0,0,0.008223102428019047
1,1,0.9826192855834961
1,1,0.9563506841659546
0,0,0.003275064518675208
0,0,0.003699568100273609
1,1,0.9999939203262329
1,1,0.8506385684013367
0,0,0.2278989553451538
1,1,0.9970212578773499
1,1,0.8741273880004883
0,0,0.3385776877403259
1,1,0.9875162839889526
1,1,0.9599562287330627
1,1,0.8761898279190063
1,1,0.7082096338272095
0,0,0.029632067307829857
0,0,5.7120392739307135e-05
1,1,0.9999654293060303
0,0,0.4116317629814148
0,1,0.7001773715019226
0,0,0.006705339066684246
1,1,0.9605680108070374
0,1,0.8700096011161804
1,1,0.966539204120636
1,1,0.9972254037857056
1,1,0.9998291730880737
1,1,0.9817703366279602
1,1,0.9702898859977722
1,1,0.9990615248680115
0,0,0.0012641383800655603
1,1,0.9372490048408508
1,1,0.8085278868675232
0,0,0.20021504163742065
0,0,0.27967068552970886
0,0,0.0017086000880226493
0,0,0.18823884427547455
0,0,0.011836388148367405
0,1,0.6132880449295044
0,0,0.0032024651300162077
0,0,0.4877282977104187
1,1,0.9267686009407043
1,1,0.9917112588882446
1,1,0.964374840259552
0,0,0.0005358527996577322
0,0,0.0064581274054944515
1,1,0.9996427297592163
1,1,0.9999098777770996
0,0,0.41420209407806396
1,1,0.999933123588562
1,1,0.875802218914032
0,0,2.266007186335628e-06
1,1,0.9472187161445618
0,0,2.571468712631031e-06
1,1,0.7392468452453613
1,1,0.6000490784645081
1,0,0.49241968989372253
0,0,0.039462242275476456
1,1,0.9652206301689148
1,1,0.914192259311676
1,1,0.999930739402771
0,0,0.0006784063298255205
0,0,0.22615602612495422
0,0,0.10841590911149979
1,0,0.42060568928718567
0,0,5.4806314437882975e-05
1,1,0.9679831862449646
0,0,0.011686519719660282
1,1,0.5357768535614014
1,1,0.9242656230926514
0,0,0.012387973256409168
0,0,0.021518465131521225
0,0,0.0062864189967513084
0,0,2.8058515511020232e-09
0,0,0.20148684084415436
0,0,0.031561605632305145
0,0,5.361307557905093e-05
0,0,1.8445600289851427e-05
0,0,0.000247319636400789
0,0,0.4936675429344177
0,0,0.022708145901560783
1,1,0.5763483047485352
1,1,0.9999653100967407
1,1,0.9927703738212585
0,0,0.00011716297740349546
0,0,0.0001898616465041414
0,1,0.5015837550163269
1,1,0.9602605104446411
0,0,0.011215063743293285
0,0,0.0004737222334370017
0,0,1.2748442941301619e-06
0,0,0.01210019737482071
0,0,1.299662562814774e-05
1,1,0.9971343278884888
1,1,0.9982299208641052
0,0,0.01138545572757721
0,0,0.0001105124902096577
1,1,0.9724665284156799
1,1,0.920510470867157
0,0,0.45914778113365173
0,0,1.016995793179376e-05
1,1,0.9999990463256836
0,0,0.0015544514171779156
1,1,0.9960522651672363
0,0,0.08433780074119568
1,1,0.9990968704223633
1,1,0.591972827911377
1,1,0.9982194304466248
1,1,0.7659525275230408
0,0,0.08073215931653976
0,0,0.002397991018369794
1,1,0.9985584616661072
1,1,0.9999837875366211
1,1,0.7336786389350891
0,0,0.029870199039578438
1,1,0.975850522518158
1,1,0.9710325002670288
0,0,0.024869898334145546
0,0,0.0335044302046299
0,0,0.009853373281657696
1,1,0.9016238451004028
1,1,0.9219213128089905
1,1,0.9163113832473755
1,1,0.9925341606140137
1,1,0.6898156404495239
1,1,0.9777267575263977
0,0,0.003064902499318123
0,0,0.04375219717621803
0,0,1.738648734317394e-06
0,0,0.012268421240150928
0,0,0.004265728406608105
1,1,0.9587581157684326
1,1,0.9986189603805542
1,0,0.04384925588965416
1,1,0.9937892556190491
1,1,0.9934819340705872
1,1,0.9999685287475586
0,0,0.06799224019050598
1,1,1.0
0,0,0.00997049082070589
0,0,0.02286730520427227
1,0,0.03217422962188721
1,1,0.6828821301460266
0,0,0.0067670103162527084
0,0,0.029866406694054604
1,1,0.8755323886871338
0,0,0.0033442573621869087
0,0,0.0475318506360054
1,1,0.9901739358901978
0,0,0.03791176155209541
1,1,0.9961245656013489
0,0,5.780932406196371e-05
1,1,0.9966464638710022
0,0,0.013871075585484505
1,1,0.9485735893249512
1,1,0.9848244786262512
0,0,0.24531513452529907
0,0,0.0036390211898833513
0,0,0.00010137238132301718
1,1,0.978613555431366
0,0,0.00211810483597219
0,0,6.958942685741931e-05
1,1,0.9978255033493042
1,1,0.6203867793083191
1,1,0.9976542592048645
0,0,0.05464651435613632
0,0,0.027570951730012894
1,1,0.9932767748832703
0,0,0.010699030943214893
0,0,0.43810391426086426
0,0,0.0007584553677588701
0,0,0.02416180446743965
0,0,0.001437131897546351
1,1,0.9998754262924194
0,0,0.0028242680709809065
0,0,0.0029175234958529472
0,0,0.0023392129223793745
1,1,0.9958051443099976
0,0,0.0007703581359237432
1,1,0.9422746896743774
0,0,0.001764157204888761
1,1,0.9963950514793396
1,1,0.9968717694282532
1,1,0.6993424296379089
0,0,0.0001085072653950192
0,1,0.8903601169586182
1,1,0.9995585083961487
1,1,1.0
0,0,0.00678255595266819
1,1,0.9487770199775696
1,1,0.9995244741439819
0,0,0.01910574920475483
1,1,0.6242470145225525
1,1,0.9996870756149292
1,1,0.9874492883682251
0,0,0.01657268777489662
1,1,0.8998948931694031
1,1,0.9862150549888611
1,1,0.9024147987365723
1,1,0.9987931251525879
0,0,0.03048054873943329
0,0,0.006547057069838047
0,0,0.03171642869710922
1,1,0.9742708206176758
1,1,0.982545018196106
1,1,0.9973145127296448
0,0,0.052457503974437714
0,0,0.02512229047715664
0,0,0.09976144880056381
1,1,0.9866255521774292
0,1,0.5609950423240662
0,0,0.024839041754603386
1,1,0.9361107349395752
1,1,0.999925971031189
0,0,0.00230558798648417
0,0,0.002168886596336961
0,0,5.2163697546347976e-05
0,0,0.03180744871497154
1,1,0.9999865293502808
0,0,0.000921888102311641
1,1,0.9504216909408569
0,0,0.25383973121643066
0,1,0.5209897756576538
0,0,0.024980755522847176
1,1,0.9995391368865967
0,0,0.004708176013082266
1,1,0.9956727027893066
1,1,0.9780772924423218
0,0,0.01910470239818096
1,1,0.9990050196647644
1,1,0.8004968762397766
1,1,0.9996626377105713
1,1,0.9999735355377197
0,0,0.012007848359644413
0,0,0.47081828117370605
1,1,0.999983549118042
0,0,0.002593790413811803
0,0,0.005439287982881069
0,0,0.020421380177140236
0,0,0.2254890650510788
0,0,0.0019519643392413855
0,0,0.0017238467698916793
0,0,0.023244334384799004
0,0,0.10119934380054474
1,1,0.8002820611000061
1,1,0.9884030222892761
1,1,0.9933421015739441
1,1,0.9110179543495178
1,1,0.9181584715843201
0,0,0.002844912465661764
1,1,0.9937673807144165
0,1,0.922200620174408
1,1,0.9997158646583557
1,1,0.6897397637367249
1,1,0.865556001663208
1,1,0.9286032319068909
0,0,0.044782985001802444
0,0,0.08166945725679398
0,0,0.00022072438150644302
0,0,0.011866643093526363
0,0,0.014523486606776714
0,0,0.03270591422915459
1,1,0.9952111840248108
0,1,0.5412169098854065
0,0,0.06800592690706253
1,1,0.6425579786300659
0,0,0.032767411321401596
0,0,0.00015941834135446697
1,1,0.9998929500579834
0,0,8.41314851118824e-10
0,0,0.010467594489455223
0,0,0.2394520789384842
0,0,0.015632815659046173
0,0,0.0002418435033177957
0,0,0.001203449908643961
1,1,0.9980097413063049
1,1,0.718863308429718
1,1,0.9991112351417542
1,1,0.9966926574707031
1,1,0.9724944829940796
1,1,0.9997015595436096
0,1,0.9999570846557617
1,1,0.9097722768783569
1,1,0.798049807548523
1,1,0.9999861717224121
0,0,0.011682070791721344
1,1,0.9980270266532898
0,0,2.164195029763505e-05
1,1,0.9999946355819702
1,1,0.9894545078277588
0,0,0.06825818866491318
1,1,0.9998946189880371
0,0,0.031086154282093048
1,1,0.9938488602638245
1,1,0.9997968077659607
1,1,1.0
0,0,0.000142896271427162
1,1,0.999985933303833
1,1,0.999997615814209
0,0,0.008463054895401001
0,0,0.0006577661843039095
0,0,6.396007279363403e-09
0,0,7.295047765865093e-08
0,0,0.007663908880203962
1,1,0.9981836676597595
0,0,0.2934039533138275
1,1,0.9964775443077087
0,0,0.045540791004896164
1,1,0.9955174326896667
1,1,0.9999480247497559
0,0,0.00011891955364262685
1,1,0.9478646516799927
0,0,0.1671128273010254
1,1,0.9944250583648682
0,0,0.0031525061931461096
0,0,0.011626099236309528
1,1,0.9928968548774719
1,0,0.06025584042072296
1,1,0.9980412721633911
0,0,4.761378022521967e-06
0,0,0.012665992602705956
0,0,0.0017109676264226437
0,0,0.022620104253292084
0,0,0.3889757990837097
1,1,0.9999984502792358
0,0,0.001019612536765635
1,1,0.9890182018280029
0,0,0.009057498537003994
0,0,0.00020403499365784228
0,0,0.003027325728908181
1,1,0.9999988079071045
1,1,0.9929252862930298
0,0,0.042181506752967834
0,0,1.697505831543822e-05
1,1,0.9921613335609436
0,0,0.013976040296256542
0,0,0.021168621256947517
0,0,0.16741104423999786
0,0,0.0008110590861178935
0,0,0.1663312464952469
1,1,0.999995231628418
1,1,0.7819512486457825
0,0,3.884590912828223e-11
0,0,0.006091597490012646
1,1,0.8893191814422607
0,0,0.11118942499160767
0,0,0.0293416865170002
0,0,0.17659032344818115
0,0,0.4714484214782715
1,1,0.916840672492981
0,1,0.5447239875793457
0,0,0.0011803179513663054
1,1,0.996166467666626
0,0,0.0019121762597933412
0,0,0.00967628788203001
0,0,0.007395358756184578
0,0,0.01543071586638689
1,1,0.8142380714416504
0,0,0.041665226221084595
0,0,0.003360967617481947
0,0,0.001357904402539134
0,1,0.9985387325286865
0,0,4.2597533139732136e-11
0,0,0.001269209198653698
0,0,0.022211618721485138
0,0,0.013456743210554123
0,0,0.001916823210194707
1,1,0.9975295662879944
1,1,1.0
1,1,0.9845237731933594
1,1,0.98929762840271
1,1,0.9972307085990906
1,1,0.9999445676803589
1,1,0.9991368651390076
1,1,0.9997672438621521
0,0,0.006733788643032312
0,0,0.22152255475521088
1,1,0.9588382244110107
1,1,0.9045076966285706
0,0,0.09223949164152145
0,0,0.0003831135109066963
0,0,0.008393472991883755
0,0,0.04497299715876579
1,1,0.9999828338623047
0,0,0.00015037026605568826
1,1,0.9996011853218079
0,0,0.00018087090575136244
0,0,0.12113082408905029
1,1,0.8610736727714539
1,1,0.9367287158966064
0,0,2.6929261366603896e-05
0,0,0.003174722194671631
1,1,0.9987749457359314
1,0,0.20723657310009003
0,0,0.019462570548057556
0,0,0.01999179646372795
1,1,0.9855459928512573
0,0,0.01594727113842964
0,0,2.1263176677166484e-05
1,1,0.9999954700469971
0,0,0.001126204733736813
0,0,0.002645141212269664
0,0,0.005085770972073078
0,0,0.000514210551045835
0,0,0.0741872638463974
0,0,0.0010538854403421283
0,0,0.0007115150801837444
0,0,0.0003108531527686864
0,0,0.0005965442396700382
0,0,0.00013199413660913706
1,1,0.8196592926979065
1,1,0.9923149943351746
0,1,0.6130833029747009
1,1,0.9545233249664307
0,0,0.04969785362482071
0,0,0.002586373593658209
0,0,0.001008750987239182
0,0,0.1667579561471939
0,0,0.15777595341205597
1,1,0.9985010623931885
1,1,0.9831082224845886
1,1,0.9998841285705566
1,1,0.9993442893028259
1,1,0.9935737252235413
1,1,0.9056852459907532
1,1,0.9985866546630859
1,1,0.9999985694885254
1,1,0.9997174143791199
1,1,0.9727975130081177
1,1,0.9841490387916565
1,1,0.6617223620414734
1,1,0.9998248219490051
0,0,0.09858199954032898
0,0,0.006514054257422686
1,1,0.9973892569541931
0,0,0.007988784462213516
1,1,0.5416501760482788
0,0,0.022033097222447395
0,0,0.008148414082825184
0,0,0.0015500704757869244
1,1,0.9838210344314575
1,1,0.9993032217025757
0,0,0.013368185609579086
1,1,0.9339909553527832
1,1,0.9999998807907104
0,1,0.8453505635261536
1,1,0.9923883080482483
1,1,0.8607918620109558
1,1,0.9962188601493835
0,0,0.0003157113096676767
0,1,0.8696579337120056
0,1,0.5659564137458801
1,1,0.9997697472572327
1,1,0.9906159043312073
0,0,0.07958661764860153
0,0,0.013986966572701931
1,1,0.8949260115623474
0,0,0.2680841088294983
0,0,0.15195778012275696
0,0,0.01009431667625904
0,0,0.0026940973475575447
0,0,0.031878408044576645
0,0,0.4420594274997711
0,0,0.01794501394033432
0,1,0.7174158096313477
0,0,0.01669052429497242
0,0,0.054273366928100586
0,0,0.0068461052142083645
0,0,0.03792552277445793
1,1,0.9192016124725342
1,0,0.21950407326221466
1,1,0.6730934381484985
1,1,0.9995793700218201
1,1,0.9998940229415894
1,1,0.9144666194915771
1,1,0.6503955721855164
1,1,0.9960893392562866
0,0,0.00023062036780174822
0,0,0.1251715123653412
0,0,0.27831074595451355
1,1,0.9998648166656494
1,0,0.21154505014419556
1,1,0.9999833106994629
1,1,0.9995738863945007
0,0,0.0898691937327385
1,0,0.49558040499687195
1,1,0.9959945678710938
1,1,0.9999946355819702
0,0,0.05678509548306465
1,1,0.7369400858879089
1,1,0.9408779144287109
1,1,0.9568917751312256
1,1,0.9996390342712402
0,0,0.0006895550759509206
0,0,0.015468576923012733
1,1,0.9658212065696716
0,0,0.008797671645879745
0,0,7.603233098052442e-05
0,0,0.0066985562443733215
1,1,0.9938311576843262
0,0,0.0007364176562987268
1,1,0.7053202390670776
1,1,0.9974350333213806
0,1,0.7253274321556091
1,1,0.9000245928764343
1,1,0.9988783001899719
1,0,0.045558683574199677
0,0,0.0013193702325224876
1,0,0.48227909207344055
0,0,2.0694071281468496e-05
1,1,0.9950666427612305
1,1,0.9312551617622375
0,0,0.27920737862586975
0,0,0.004157491493970156
1,1,0.9931168556213379
0,0,0.1333603858947754
0,0,0.03369847312569618
0,0,0.003566692117601633
0,0,0.01991567760705948
0,0,0.0004730128566734493
1,1,0.9974721074104309
1,1,0.9950239658355713
1,1,0.9971296191215515
0,0,2.067038440145552e-05
1,1,0.9219899773597717
1,1,0.9710445404052734
0,0,0.003868663217872381
1,1,0.9816617369651794
1,1,0.9944252967834473
0,0,0.05377192050218582
0,0,0.2774198055267334
0,0,0.08208763599395752
1,1,0.9842591881752014
0,0,0.1768338531255722
1,1,0.9679206013679504
0,0,0.06481827795505524
0,0,0.3976762890815735
1,1,0.9991483688354492
0,0,0.04963412508368492
0,0,0.021848175674676895
0,0,0.35580042004585266
1,0,0.12289375811815262
0,0,0.20620304346084595
0,0,0.010083073750138283
1,1,0.9980939030647278
1,1,0.9798247814178467
0,0,0.004581938497722149
1,1,0.9870787858963013
1,1,0.9874202609062195
1,1,0.7158108353614807
1,1,0.9967722296714783
1,1,0.9999721050262451
0,0,0.08277929574251175
0,0,0.2276429533958435
1,1,0.6355953812599182
0,0,0.00010382272739661857
0,0,0.006146222352981567
1,1,0.9677746891975403
0,0,0.021816184744238853
0,0,0.15724880993366241
0,0,0.0038745368365198374
0,0,0.03678793087601662
1,1,0.9951593279838562
0,0,0.009630058892071247
0,1,0.9253426790237427
0,0,0.18334434926509857
1,1,0.6708846092224121
1,1,0.9993959665298462
1,1,0.8877750635147095
0,0,0.014075917191803455
0,0,0.0002853701589629054
1,1,0.9983951449394226
0,0,0.001069352962076664
1,1,0.9998981952667236
1,1,0.8540067076683044
0,0,0.001747894799336791
1,1,0.6249526143074036
0,0,0.05440225824713707
1,1,0.9994909763336182
1,1,0.9959076642990112
0,0,0.0007456782041117549
1,1,0.6604626774787903
1,1,0.987917959690094
1,1,0.9941551089286804
1,1,0.9999991655349731
1,1,0.999695897102356
1,1,0.9999899864196777
1,1,0.9945346117019653
1,0,0.11926192045211792
0,0,0.007125860080122948
0,0,0.06018846482038498
1,1,0.9996370077133179
1,1,0.8181891441345215
1,1,0.9818923473358154
0,0,0.0008523176657035947
1,1,0.9888861179351807
0,0,0.0017857491038739681
0,0,0.12398296594619751
0,0,0.00043786189053207636
1,0,0.17138338088989258
1,1,0.9470836520195007
1,1,0.9769919514656067
0,0,0.00014491888578049839
0,0,0.002859000349417329
1,1,0.9992464780807495
1,1,0.9993426203727722
0,1,0.7788700461387634
1,0,0.4615534245967865
1,1,0.9999774694442749
0,0,0.0009188152616843581
0,0,0.4422738552093506
0,0,0.00018974021077156067
0,0,0.0005981535068713129
1,1,0.9978310465812683
0,0,0.005337886046618223
1,1,0.9998904466629028
1,1,0.8976672291755676
0,0,0.0006050884258002043
0,0,0.007181826513260603
0,0,0.0002339613129151985
1,1,0.9997376799583435
0,0,0.019506139680743217
0,0,0.02902560867369175
1,1,0.9860680103302002
1,1,0.7934001088142395
0,0,0.007092921528965235
1,1,0.9815714955329895
0,0,0.03162267431616783
1,1,0.9999988079071045
0,0,0.09812718629837036
0,0,0.009655964560806751
0,0,6.683604442514479e-05
0,0,0.00752759026363492
0,0,0.0016007425729185343
0,0,0.005130278877913952
0,0,1.8280601580045186e-05
0,0,0.10588278621435165
0,0,0.001044123200699687
0,1,0.9999874830245972
1,0,0.42923569679260254
1,1,0.9491564035415649
0,0,0.015038121491670609
1,1,0.916210412979126
0,0,0.31063312292099
1,1,0.697268009185791
1,1,0.9606988430023193
1,1,0.9721731543540955
0,0,6.0280817706370726e-05
1,1,0.9998797178268433
1,1,0.9225384593009949
1,1,0.9987460374832153
0,0,0.01587505079805851
0,0,0.00014702619228046387
0,0,0.00042518097325228155
1,1,0.9945167899131775
1,1,0.9989020824432373
0,0,5.325495294528082e-05
0,1,0.6548548340797424
1,0,0.22201398015022278
1,1,0.9790319204330444
0,0,0.22657980024814606
0,0,0.0003370641206856817
0,0,8.804725553090975e-07
0,0,0.06723501533269882
0,0,0.003545913612470031
0,0,0.006539246533066034
0,0,4.6687332542205695e-06
0,0,0.0036927598994225264
1,1,0.6884297728538513
0,0,0.07861056923866272
0,0,0.03212027624249458
1,1,0.9988943934440613
1,0,0.4353490173816681
1,1,0.9521413445472717
0,0,0.051638178527355194
0,1,0.7006925940513611
1,1,0.9997386336326599
0,1,0.9341534376144409
0,0,0.0054230657406151295
0,0,0.004952216055244207
0,0,0.005822432227432728
0,0,0.20874595642089844
1,1,0.9579273462295532
1,1,0.9967026114463806
0,0,0.02828769013285637
0,0,0.00015782946138642728
0,0,0.028371203690767288
1,1,0.8206773996353149
1,1,0.9999617338180542
0,0,0.07746847718954086
1,1,0.934895932674408
1,1,0.757925271987915
1,1,0.9440312385559082
1,1,0.9945038557052612
0,0,0.00044302729656919837
1,1,0.9995326995849609
0,0,0.0036428184248507023
0,0,0.0468347929418087
0,0,0.0010497760958969593
0,0,0.05933079868555069
1,1,0.8012245297431946
0,0,0.001659796223975718
0,0,0.49810367822647095
1,1,0.999998927116394
1,1,0.9999912977218628
1,1,0.9204353094100952
1,1,0.9272210597991943
1,1,0.9996241331100464
1,1,0.9997991919517517
1,1,0.9999576807022095
1,1,0.9627432227134705
1,1,0.9999902248382568
0,0,0.2954986095428467
1,0,0.23440083861351013
0,0,5.5389045883202925e-06
0,1,0.8617066144943237
0,0,8.527361205779016e-05
0,0,0.02997932955622673
1,1,0.9978759288787842
0,0,2.081026104860939e-05
1,1,0.9488343000411987
1,1,0.9070378541946411
0,0,0.002608448499813676
0,1,0.5615776181221008
1,1,0.9974418878555298
0,1,0.7096844911575317
1,1,0.9960445165634155
1,1,0.9574130177497864
1,1,0.999997615814209
1,1,0.9985272884368896
1,1,0.9974454641342163
0,0,0.00012495719420257956
1,1,0.9884657859802246
1,1,0.961492657661438
1,1,0.9923222661018372
0,1,0.5246785283088684
1,1,0.9995468258857727
1,1,0.9999724626541138
0,0,6.034417765476974e-08
0,0,0.35791048407554626
0,0,0.007432166952639818
1,1,0.9724129438400269
0,0,0.07461093366146088
0,0,0.002096321666613221
1,1,0.9998569488525391
1,1,0.8003221750259399
1,1,0.9751545190811157
0,0,0.0004394826537463814
0,0,0.05608638375997543
0,0,0.0035188172478228807
1,1,0.9293076395988464
1,1,0.9807242155075073
1,1,0.9961220622062683
1,1,0.7387175559997559
1,0,0.1150597408413887
1,0,0.34811654686927795
0,0,0.006988613400608301
1,1,0.8803611397743225
1,1,0.997559666633606
1,1,0.8994431495666504
1,1,0.9936875700950623
0,0,0.00014749432739336044
1,1,0.9974238872528076
0,0,0.0884789302945137
0,0,3.749798270291649e-05
0,0,0.003650581929832697
0,0,0.3190196752548218
0,0,6.419901183107868e-05
1,1,0.9467261433601379
1,1,0.9748004078865051
1,1,0.9802063703536987
0,0,0.00011429685400798917
1,1,0.9177355766296387
1,1,0.9992616772651672
0,0,0.10772985965013504
1,1,0.9991969466209412
1,0,0.1292266845703125
1,1,0.999704897403717
1,1,0.9615724682807922
1,1,0.9975972771644592
1,0,0.49808019399642944
1,0,0.39278584718704224
1,1,0.9844802021980286
0,0,0.005167733412235975
1,1,0.7707355618476868
1,1,0.9916608929634094
1,1,0.8710578680038452
0,0,0.05603283643722534
0,0,0.014558698050677776
0,1,0.9625443816184998
1,1,0.5558483600616455
0,0,0.24870096147060394
1,1,0.9369680285453796
1,1,0.9988700747489929
0,0,0.020832011476159096
0,0,0.37102454900741577
1,1,0.9981185793876648
0,1,0.6012489199638367
0,0,0.10438697040081024
1,1,0.9852723479270935
0,0,0.001122939051128924
0,0,0.00031037250300869346
1,1,1.0
0,0,0.16898372769355774
0,0,0.0008280550828203559
0,1,0.7537426948547363
0,0,0.005601835902780294
0,0,0.0031401405576616526
0,0,0.0003216603072360158
1,1,0.9977933168411255
0,0,0.0008756291354075074
0,0,0.003512311028316617
0,0,0.004603246692568064
0,0,0.00023957923986017704
0,0,0.0004952568560838699
1,1,0.9933270215988159
0,0,0.0026324789505451918
0,0,0.17963160574436188
0,0,0.0006105379434302449
1,1,0.998612642288208
0,0,0.02020818181335926
1,1,0.5557706952095032
0,0,0.048482902348041534
0,0,0.05091807246208191
1,1,0.9999847412109375
1,1,0.9270362257957458
1,1,0.9723957180976868
0,0,0.09774167090654373
0,1,0.5943570137023926
0,0,0.04155050963163376
1,1,0.7954463958740234
1,0,0.4651649594306946
0,0,0.06764693558216095
0,0,0.11750437319278717
0,0,0.0034544917289167643
1,0,0.02262108027935028
0,1,0.8915241360664368
1,1,0.9998782873153687
1,1,0.8312168717384338
1,1,0.9653766751289368
0,0,0.09592832624912262
1,1,0.9842854142189026
1,1,0.9993075132369995
0,0,0.0542820543050766
1,1,0.8691422343254089
0,0,0.0004995510098524392
1,1,0.9999912977218628
0,0,4.6086313432169845e-08
0,0,0.014283772557973862
1,1,0.8340330123901367
0,0,0.23366205394268036
1,1,0.99798583984375
1,1,0.9591265320777893
0,0,0.016885148361325264
1,1,0.5096148252487183
0,0,0.36967039108276367
0,0,0.015576794743537903
0,0,0.157700777053833
1,1,0.9475693702697754
1,1,1.0
0,0,0.11323509365320206
0,0,0.009102262556552887
1,1,0.7013713121414185
0,0,0.01890304498374462
1,1,0.989166796207428
1,1,0.9658107161521912
1,1,0.9991446733474731
0,0,1.3437312894326592e-11
0,0,3.163084329571575e-05
1,1,0.9876267313957214
0,0,0.054826050996780396
0,0,0.0032199700362980366
0,0,0.0021255495958030224
1,1,0.9988094568252563
1,1,0.9997482895851135
0,0,0.0008962828433141112
0,0,0.0005876771174371243
0,1,0.8660570979118347
0,0,0.02347017638385296
0,0,0.008906351402401924
1,1,0.994782030582428
0,0,0.06953703612089157
1,1,0.8958271741867065
1,1,0.9718098044395447
0,0,0.004006786271929741
0,0,0.08205386996269226
1,1,1.0
0,1,0.988243579864502
0,0,0.0001667883771006018
0,0,0.005940424744039774
0,0,0.03630655258893967
1,0,0.223934605717659
0,0,0.004502752795815468
0,0,0.00031689941533841193
0,0,0.03354019299149513
0,0,0.004342342726886272
0,0,9.507217328064144e-06
1,1,0.9987300038337708
0,0,0.006378249730914831
0,0,0.010505406185984612
0,0,0.001844289479777217
0,1,0.9333277344703674
0,0,0.004722143989056349
1,1,0.9999992847442627
0,0,0.09002415835857391
0,0,0.01363380253314972
0,0,0.04071587324142456
1,1,0.9999539852142334
1,0,0.08542540669441223
0,0,0.002959780627861619
0,0,0.0004113068280275911
0,0,0.1908121407032013
1,1,0.9793193936347961
0,0,0.30696171522140503
0,0,0.021770281717181206
1,1,0.9994297623634338
0,0,0.17690137028694153
0,0,0.45762717723846436
0,0,0.05004830285906792
0,1,0.7767773866653442
0,0,0.003243704093620181
0,1,0.552483320236206
0,0,0.00366197363473475
1,1,0.8377450704574585
0,0,0.003923934418708086
0,0,4.880949200014584e-05
0,0,0.04693291336297989
0,1,0.6275316476821899
1,1,0.6415178775787354
1,1,0.9716370701789856
0,0,0.01432468369603157
0,1,0.6140980124473572
1,1,0.7957581877708435
1,1,0.9999544620513916
1,1,0.5366458296775818
1,1,0.9844508171081543
1,1,0.8803119659423828
1,1,0.9576285481452942
0,0,0.2256719470024109
0,0,0.13980136811733246
1,1,0.9846924543380737
1,1,0.9994885921478271
0,0,0.17580682039260864
1,1,0.8724815249443054
1,1,1.0
0,0,0.0012666989350691438
1,1,0.9992120265960693
0,0,0.00013333454262465239
1,1,0.9956192374229431
0,0,0.05110049992799759
1,1,0.9954001307487488
0,0,0.00777289317920804
1,1,0.999860405921936
0,0,0.010928603820502758
1,1,0.9460657835006714
1,1,0.9286119937896729
0,0,0.056372664868831635
1,0,0.3386273980140686
0,1,0.9796169400215149
0,0,0.01016397587954998
0,0,0.0009651349973864853
1,1,0.9873233437538147
1,1,0.9959076642990112
0,0,0.13026541471481323
0,0,0.0003012369270436466
0,0,0.0022455896250903606
0,0,0.15344372391700745
1,1,0.9987950325012207
0,0,0.01274565514177084
1,1,0.6227020025253296
0,0,0.008655181154608727
1,1,0.9988687634468079
0,0,0.006341372616589069
1,1,0.9994630217552185
1,1,0.9191547632217407
0,0,0.18143977224826813
1,1,0.9999474287033081
1,1,0.9999973773956299
0,0,0.007732204627245665
0,0,0.0070546274073421955
0,0,5.558049451792613e-05
1,1,0.8324121236801147
0,0,0.02329207956790924
0,0,0.010431171394884586
0,0,0.059531815350055695
0,0,0.008520100265741348
0,0,0.00021444786398205906
1,1,0.5428478121757507
0,0,0.0001367813820252195
0,0,0.0013091155560687184
0,0,0.003959194291383028
0,0,0.00024638950708322227
0,0,0.0002826947020366788
0,0,0.03751452639698982
0,0,0.0014774645678699017
1,1,0.9560595750808716
0,0,0.06692951917648315
0,0,1.0471670975675806e-05
0,0,0.016733432188630104
0,0,0.0002098282566294074
0,1,0.9798055291175842
0,0,0.02069035731256008
1,1,0.5045787692070007
1,1,0.999944806098938
1,1,0.9996121525764465
0,0,0.4525994062423706
0,0,0.07738173007965088
1,1,0.9991707801818848
1,1,0.9999996423721313
1,1,0.9753581881523132
0,0,0.000632420415058732
0,0,0.0758262425661087
1,1,0.8915187120437622
1,1,0.6664964556694031
0,0,0.28802046179771423
0,0,0.015064595267176628
1,1,0.9942713975906372
1,1,0.9756944179534912
1,1,0.9913086891174316
1,1,0.9999994039535522
1,1,0.9779515266418457
1,1,0.997597873210907
1,1,0.9955283999443054
1,1,0.9967100620269775
0,0,0.00325585063546896
1,1,0.7954428195953369
1,1,0.9976281523704529
0,1,0.6444361209869385
1,1,0.999966025352478
1,1,0.9975979924201965
0,0,0.08989137411117554
0,0,0.2302638590335846
1,1,0.9999909400939941
1,0,0.009653558023273945
1,1,0.9986622333526611
0,0,0.00070931640220806
1,1,0.9735109806060791
1,1,0.8987861275672913
1,1,0.9691025614738464
0,1,0.7228093147277832
1,1,0.9980364441871643
1,1,0.9999988079071045
0,0,0.3578462600708008
0,0,0.019873755052685738
1,1,0.9978523254394531
0,0,0.003828197019174695
0,0,0.010583088733255863
0,0,0.014321096241474152
1,0,0.44416195154190063
0,0,0.017766620963811874
0,0,5.8885114412987605e-05
1,1,0.6356610655784607
1,1,0.9996860027313232
1,1,0.9958038926124573
1,1,0.9522080421447754
1,1,0.9997108578681946
0,0,0.0007851776317693293
1,1,0.999870777130127
1,1,0.9999562501907349
0,0,0.0008441833779215813
1,1,0.9999997615814209
0,0,0.004522520117461681
1,1,0.9999980926513672
0,0,0.1379987597465515
0,0,0.06253371387720108
0,0,4.289586740924278e-06
0,0,0.1972254067659378
1,1,0.9996603727340698
1,1,0.9929618239402771
0,0,0.05597665160894394
0,0,0.012250665575265884
1,1,0.9842677712440491
1,1,0.9999924898147583
0,0,1.3353765382362326e-07
1,1,0.7591891288757324
1,1,0.5696801543235779
0,0,0.0075195361860096455
0,0,0.006561234127730131
0,0,0.035618945956230164
0,0,0.06719771772623062
0,0,0.02142946608364582
0,0,0.11531432718038559
0,0,0.3120904862880707
0,1,0.8666278123855591
0,0,0.33499372005462646
1,1,0.9650888442993164
0,0,0.030935635790228844
1,1,0.9987585544586182
1,1,0.9999082088470459
1,1,0.9999665021896362
1,1,0.98647540807724
1,1,0.9999884366989136
0,0,0.4937489926815033
1,1,0.9930832386016846
0,0,0.00225908518768847
1,1,0.99345463514328
1,1,0.9996517896652222
0,0,0.0042508612386882305
0,1,0.6502424478530884
0,0,0.005852410104125738
1,1,0.5359298586845398
1,1,0.9998799562454224
1,1,0.9898999333381653
1,0,0.2776411175727844
0,0,0.009258564561605453
1,1,0.9333420991897583
1,1,0.9684585928916931
0,0,0.10760311782360077
1,1,0.9854187965393066
0,0,0.0013217063387855887
1,1,0.9766992330551147
1,1,0.9419368505477905
0,0,0.15007516741752625
1,1,0.9704580307006836
0,0,3.0498882551910356e-05
0,0,0.00031433242838829756
0,0,0.035022150725126266
1,1,0.9833986759185791
0,1,0.8819284439086914
1,1,0.9356368780136108
1,0,0.08342671394348145
1,1,0.6448467969894409
0,0,0.0014573927037417889
1,1,0.9998316764831543
0,0,0.0004385272623039782
0,1,0.5616625547409058
0,0,0.2222461998462677
0,0,0.0016495403833687305
0,0,0.14101894199848175
1,1,0.9987962245941162
0,0,0.0007767562638036907
0,0,0.03117755427956581
1,1,0.9941869974136353
0,0,0.0041712126694619656
0,0,0.00035451442818157375
1,1,0.9996731281280518
0,1,0.582846999168396
0,0,6.796362868044525e-05
1,1,0.9721973538398743
0,0,0.004143362399190664
0,0,0.011456477455794811
0,0,0.004893377423286438
0,0,0.08329851180315018
0,0,0.002454596571624279
0,0,0.002539374865591526
1,1,0.5328889489173889
0,0,0.023674285039305687
0,0,0.0022505545057356358
1,1,0.9986634254455566
1,1,0.9999790191650391
0,0,0.040340621024370193
0,0,0.033290717750787735
1,1,0.9926770925521851
0,0,0.03098863922059536
1,1,0.7149108648300171
0,0,0.03392869234085083
0,0,0.005982569884508848
0,0,0.19023841619491577
1,1,0.9999783039093018
1,1,0.9375388026237488
1,1,0.9718680381774902
0,0,0.152887225151062
0,0,0.0023944529239088297
1,1,0.999574601650238
0,0,0.14328886568546295
0,0,0.0007224823930300772
0,0,0.23624441027641296
0,0,0.02901792898774147
0,0,0.002515561645850539
0,0,0.03065405786037445
0,0,3.829011620837264e-05
0,0,0.006086515728384256
1,1,0.9967801570892334
0,1,0.6841194033622742
0,0,5.1902399718528613e-05
1,1,0.9291353225708008
0,0,0.33554813265800476
0,0,0.11520058661699295
0,0,0.004451089538633823
1,0,0.3836393654346466
1,1,0.9353654384613037
0,0,0.00028933791327290237
1,1,0.9999126195907593
1,0,0.002548420103266835
1,1,0.997520387172699
0,0,0.1977260410785675
0,0,0.0022388678044080734
1,1,0.9946767091751099
0,0,0.002420827280730009
0,0,0.06437958776950836
1,1,0.9999938011169434
1,1,0.9778454899787903
0,0,0.00844675675034523
0,0,0.06558741629123688
0,0,0.016545036807656288
1,0,0.4138520359992981
1,1,0.9710381031036377
1,1,0.9899876713752747
1,1,0.990125298500061
0,0,0.0031320597045123577
0,0,0.0018670122371986508
1,1,0.9970452189445496
0,0,0.01672912761569023
0,0,0.34635695815086365
0,0,0.20718923211097717
1,1,0.8483194708824158
1,1,0.9999998807907104
0,0,4.2421332182129845e-05
1,1,0.5397047996520996
1,1,0.539024293422699
1,1,0.9588821530342102
1,1,0.9992038607597351
1,1,0.9999816417694092
1,1,0.9999644756317139
1,1,0.8446187973022461
0,1,0.6759153604507446
1,1,0.9330413341522217
1,1,0.9883488416671753
1,1,0.999993085861206
1,1,0.9992166757583618
0,0,0.19231350719928741
1,1,0.9992259740829468
0,0,8.127948603942059e-06
1,1,0.8257923722267151
1,1,0.9396305084228516
1,0,0.2825765907764435
0,0,0.0001311413070652634
0,0,1.5992572599543564e-08
1,1,0.9911824464797974
1,1,0.9971833825111389
0,0,0.008833575062453747
1,1,0.9850094318389893
0,0,3.650067083071917e-05
0,0,0.1337260901927948
1,1,0.8689960241317749
1,1,0.986357569694519
0,0,0.06283937394618988
0,0,0.35491904616355896
1,1,0.9984481334686279
1,1,0.9999998807907104
1,1,0.9985116124153137
0,0,0.013351171277463436
0,0,0.057100873440504074
1,1,0.9999996423721313
1,1,0.9999533891677856
0,0,0.0035055316984653473
1,1,0.9853785037994385
1,1,0.9281967878341675
1,1,0.937220573425293
0,0,0.00036607912625186145
0,0,0.2182014286518097
0,0,0.060355283319950104
1,1,0.9979549646377563
1,1,0.9748992323875427
0,0,0.002424003090709448
0,0,0.006795932073146105
0,0,0.00012438716657925397
1,1,0.9999973773956299
1,0,0.3532019555568695
0,0,0.01125133316963911
0,0,0.001568360603414476
0,0,0.00037405960028991103
1,1,0.9864989519119263
0,0,0.004669872112572193
0,0,0.4572274386882782
0,0,0.10808970779180527
0,0,0.1454874873161316
1,0,0.4056593179702759
0,0,0.14515574276447296
0,0,0.0719849243760109
1,0,0.3207637071609497
1,1,0.9505255222320557
0,0,0.11588658392429352
0,0,0.00013827939983457327
1,1,0.9903648495674133
0,0,0.0008690977701917291
1,1,0.995163083076477
0,0,0.16513702273368835
1,1,0.9529102444648743
1,1,0.9626717567443848
1,0,4.963922947354149e-06
0,0,1.3817544868288678e-06
0,0,0.0009255969198420644
0,1,0.6251693964004517
1,1,0.9989355206489563
0,0,0.4019220769405365
1,1,0.9956375956535339
0,0,1.1756693311326671e-05
0,0,0.07188374549150467
0,0,2.0977742209993266e-08
0,0,0.00012437209079507738
0,0,0.16037879884243011
1,1,0.9855175614356995
1,1,0.9985787868499756
0,0,0.0011189369251951575
0,0,0.053630076348781586
1,1,0.9977015852928162
0,0,0.0003158702456858009
1,1,0.9844538569450378
1,1,0.8263133764266968
1,1,0.9999462366104126
0,0,0.015578337013721466
0,0,0.0006700362428091466
1,1,0.9977651834487915
0,0,5.748321927967481e-05
0,0,0.00014528846077155322
0,0,0.00015640071069356054
0,0,0.0995146855711937
0,0,0.0271165631711483
0,0,0.04055245965719223
0,0,0.02129850722849369
0,0,0.012759254314005375
0,0,4.815477723241202e-07
1,1,0.6605685949325562
1,1,1.0
1,1,0.9872079491615295
0,0,0.0003398085536900908
1,1,0.860442578792572
0,0,0.11060167849063873
1,1,0.9999123811721802
1,1,0.7865172624588013
1,1,0.9986758828163147
0,0,0.036026835441589355
0,0,0.09356215596199036
0,0,0.02970542013645172
0,0,0.002911052666604519
1,1,0.9904142022132874
1,1,0.997860848903656
1,1,0.8665364980697632
1,1,0.9181391000747681
0,0,0.0006486130878329277
0,0,1.8997993720404338e-06
1,1,0.9999886751174927
1,1,0.9980463981628418
1,1,0.559645414352417
0,0,5.1351977162994444e-05
1,1,0.9724805951118469
1,1,0.9925563931465149
0,0,0.0005016084760427475
0,0,0.08549023419618607
0,0,0.0513090156018734
0,0,0.0754769966006279
0,0,0.03108224645256996
1,1,0.7915545701980591
1,1,0.9991782307624817
1,1,0.9341163039207458
1,1,0.7936922311782837
1,1,0.9730361700057983
0,0,0.01379239372909069
1,1,0.8241551518440247
0,0,0.008576207794249058
0,0,0.01675853505730629
1,1,0.9990221261978149
0,0,0.07654470205307007
1,1,0.8808773159980774
0,0,0.0008643454639241099
1,1,0.9994472861289978
1,1,0.5164378881454468
0,0,0.027203042060136795
1,1,0.9973996877670288
0,0,6.1212658692966215e-06
0,0,0.014847536571323872
1,1,0.9212889671325684
0,0,0.005022314842790365
1,1,0.9960789084434509
0,0,0.21110433340072632
1,1,0.9993115663528442
1,1,0.9974345564842224
1,0,0.4288165867328644
1,1,0.9803599715232849
0,0,0.029728835448622704
0,0,6.508565064677896e-08
0,0,1.4908963748894166e-05
1,1,0.7064719200134277
0,0,0.1602984368801117
1,1,0.9999996423721313
0,0,1.8615463659443776e-07
0,0,0.0007256761891767383
0,0,0.0009570641559548676
0,0,0.004662652499973774
1,1,0.8546520471572876
1,1,0.9907028675079346
0,0,0.1248123049736023
1,1,0.9994469285011292
1,0,0.37234315276145935
0,0,0.09422577917575836
0,0,0.023418521508574486
1,1,0.9999902248382568
0,0,0.21748071908950806
1,1,0.5193073749542236
1,1,0.988300085067749
1,1,0.9113844037055969
0,0,0.14461645483970642
0,0,0.03532887250185013
0,0,0.0029309440869838
0,1,0.8793646693229675
0,0,9.112434327107621e-07
0,0,0.010178979486227036
0,0,0.0706312283873558
0,0,0.35171547532081604
0,0,0.00941469706594944
1,1,0.9748109579086304
1,1,0.9754275679588318
1,1,0.9996039271354675
0,0,0.001136088976636529
0,0,2.5869869659800315e-06
1,1,0.9942591190338135
1,1,0.9986435770988464
0,0,0.005097172223031521
1,1,0.9876272082328796
1,1,0.9279003739356995
0,0,0.001249814755283296
1,1,0.961155116558075
0,0,0.028468016535043716
1,1,0.9999570846557617
1,0,0.14850884675979614
1,1,0.9953345656394958
1,1,0.7580004930496216
0,1,0.8533390760421753
0,0,1.6318710549967363e-05
1,1,0.9999779462814331
0,0,0.03598066791892052
1,1,0.6898601055145264
1,1,0.899746835231781
0,0,0.006590546108782291
1,1,0.9978336691856384
0,0,0.0015142038464546204
0,0,0.12157529592514038
1,1,0.9993231296539307
0,0,0.1386134773492813
1,1,0.9999982118606567
1,1,0.7462811470031738
1,1,0.9949774146080017
1,1,0.9971202611923218
0,0,0.03183721378445625
1,1,0.5000069737434387
0,0,0.07102786004543304
1,1,0.5909850001335144
1,1,0.9925717711448669
0,0,0.48179158568382263
1,1,0.9065263867378235
1,1,0.9894824028015137
1,1,0.8686888217926025
1,1,0.999983549118042
1,1,0.7981233596801758
0,0,0.3909803032875061
1,1,0.9440373182296753
0,0,1.1572173207241576e-05
1,1,0.9249753355979919
1,1,0.7118772268295288
1,1,0.5167924165725708
1,1,0.9216099381446838
1,1,0.9967858791351318
1,1,0.99489825963974
0,0,0.152902752161026
1,1,0.9215419888496399
1,1,0.9999957084655762
1,1,0.9904459714889526
1,1,0.9897531270980835
0,0,0.0039640432223677635
1,1,0.9559532999992371
1,1,0.999157190322876
1,1,0.818672239780426
0,0,1.2126658475608565e-05
0,0,0.0004506601835601032
1,1,0.9977682828903198
0,0,0.018071679398417473
1,1,0.9999886751174927
1,1,0.9761638045310974
0,0,0.43202486634254456
1,0,0.3882587254047394
0,0,0.0013315946562215686
1,1,0.97782963514328
1,1,0.9977193474769592
0,0,0.0289341788738966
0,0,1.4916523696228978e-06
1,1,0.977766752243042
1,1,0.9964743256568909
1,1,0.9987816214561462
0,0,0.004691063892096281
1,1,0.9783922433853149
0,0,0.0012933138059452176
0,0,0.0031335398089140654
0,0,0.002736325142905116
0,0,0.058535169810056686
0,0,0.03794576972723007
0,0,0.04319372773170471
1,1,0.9662458300590515
0,1,0.9232854843139648
1,0,0.1945117861032486
1,1,0.8544751405715942
0,0,0.013069684617221355
0,0,0.41722553968429565
0,0,0.00022906904632691294
1,1,0.9810665845870972
0,0,0.00891397800296545
1,1,0.9987334609031677
0,0,0.017089001834392548
1,1,0.9999058246612549
1,1,0.9025329947471619
0,0,0.06423544138669968
0,0,0.000694345508236438
1,1,0.9990621209144592
1,1,0.973957896232605
1,1,0.9999997615814209
1,1,0.9988369345664978
1,1,0.9996219873428345
1,1,0.999957799911499
1,1,0.9173619151115417
1,0,0.31292328238487244
0,0,0.19532054662704468
0,0,0.3979964554309845
0,0,0.35607096552848816
0,0,0.02155207470059395
0,0,0.006094653159379959
1,1,0.7691973447799683
0,0,0.08058976382017136
1,1,0.9984599351882935
1,1,0.9757297039031982
1,1,0.9965973496437073
0,0,0.000445659359684214
1,1,0.9926113486289978
0,0,0.02380993403494358
1,1,0.9730209112167358
0,0,0.11768838763237
0,0,0.287219762802124
0,0,0.15869636833667755
1,1,0.9489365816116333
1,1,0.9989181756973267
1,1,0.9358645677566528
0,0,0.008301964029669762
1,1,0.9630526900291443
1,1,0.7199867367744446
0,0,0.08053923398256302
1,1,0.9988642930984497
1,1,0.8749110102653503
1,1,0.6018800139427185
1,1,0.8855827450752258
1,1,0.999805748462677
0,0,0.0005480559775605798
0,0,0.002620647894218564
0,0,0.33068692684173584
0,0,0.039530668407678604
0,0,0.01293296366930008
0,0,0.0007000533514656126
1,1,0.9878260493278503
1,1,0.9997269511222839
0,0,0.45287781953811646
1,1,0.9969492554664612
0,0,0.0339009165763855
0,0,0.0016670322511345148
0,0,0.003960663452744484
1,1,0.9266150593757629
1,1,0.955288827419281
1,1,0.9999982118606567
0,0,0.017778482288122177
0,0,2.674574375305383e-07
0,0,0.13599123060703278
0,0,0.0015951556852087379
1,1,0.9991251826286316
1,1,0.9806698560714722
1,1,0.9999818801879883
0,0,0.47204139828681946
0,0,0.003251551417633891
0,0,0.02227056957781315
1,1,0.9991627931594849
0,0,5.208684524404816e-05
1,1,1.0
0,0,0.04151149466633797
0,0,9.605385275790468e-05
0,0,0.08576101064682007
0,0,0.02457890473306179
0,0,0.04400412365794182
0,0,0.08134467899799347
1,1,0.9839000701904297
0,0,0.0003501652681734413
0,0,4.772063039126806e-05
0,0,0.05623805522918701
0,0,0.0014236862771213055
0,0,0.00394586194306612
0,0,0.0006593810976482928
0,0,0.0006751295877620578
0,0,0.004253625404089689
1,1,0.869769275188446
0,0,0.0018800648394972086
1,1,0.9634189009666443
0,0,0.05033484846353531
1,1,0.9968597888946533
1,1,0.9753247499465942
1,1,0.9999960660934448
1,0,0.40798744559288025
1,1,0.9267855882644653
0,0,0.33535492420196533
1,1,0.9997736811637878
1,1,0.9999321699142456
1,1,0.8501742482185364
0,0,0.004028041381388903
0,0,0.06745269894599915
0,0,0.008845862001180649
0,0,0.0004162353288847953
1,1,0.890783429145813
0,0,0.08256849646568298
1,1,0.9299497604370117
0,0,0.0011678098235279322
1,1,0.9983956217765808
0,0,0.027293507009744644
1,1,0.6703624129295349
1,1,0.8435791730880737
0,0,0.06398043781518936
1,1,0.7811026573181152
1,1,0.8960094451904297
1,1,0.9974707365036011
1,1,0.9913937449455261
1,1,0.9978461265563965
1,1,0.9999853372573853
1,1,0.9996366500854492
1,1,0.9999058246612549
1,1,0.814994752407074
0,0,0.037891242653131485
1,1,0.8923282027244568
0,0,1.1389705178999066e-08
0,0,0.0052407775074243546
0,0,0.06420578807592392
1,1,0.978524386882782
0,0,2.0142057621796994e-07
1,1,0.9217433333396912
0,0,0.04110989719629288
0,0,0.008654550649225712
0,0,1.0444232145800925e-07
0,0,0.08757491409778595
0,0,0.00041075824992731214
0,0,0.0017571367789059877
1,1,0.9996108412742615
0,0,0.49689751863479614
1,1,0.9361864924430847
1,1,0.997295081615448
1,1,0.9997268319129944
1,1,0.9292569756507874
0,0,0.00012308468285482377
0,0,0.002672468312084675
0,0,0.007938993163406849
0,0,0.2056775838136673
1,1,0.9848772287368774
1,1,0.9704968333244324
1,1,0.9962694644927979
0,0,0.015435496345162392
0,0,0.015596872195601463
0,0,0.015338425524532795
0,0,0.014341815374791622
1,1,0.9162577390670776
0,0,0.009392478503286839
0,0,0.01595340110361576
0,0,0.01032648142427206
0,0,0.09736325591802597
1,1,0.9989780187606812
1,1,0.9609662890434265
0,0,0.01051331963390112
0,0,3.2528841984458268e-06
1,1,0.9996892213821411
1,1,0.9960240125656128
0,0,0.007788306567817926
1,1,0.999992847442627
1,1,0.9929168224334717
1,1,0.9367913007736206
0,0,0.1559879332780838
1,1,0.9999792575836182
0,0,0.07077791541814804
0,0,0.01335730217397213
0,0,0.1648487001657486
1,1,0.7740254402160645
0,0,0.24522849917411804
1,1,0.9766383171081543
0,0,0.00010577052307780832
1,1,0.9995957016944885
0,0,0.01732444018125534
1,1,0.9808198809623718
0,0,0.006358100567013025
1,1,0.9605260491371155
0,0,0.05712457746267319
1,1,0.9999806880950928
1,1,0.9999212026596069
0,0,0.23983998596668243
1,1,0.9708251357078552
1,1,0.9732108116149902
0,0,0.01502216886729002
1,1,0.9870791435241699
1,1,0.7215413451194763
1,1,0.9808531403541565
0,0,0.004473424982279539
1,1,0.9973933696746826
0,0,0.07469762116670609
0,0,0.0012707295827567577
1,1,0.9884176850318909
0,0,0.00023998344840947539
0,0,0.22984281182289124
1,1,0.937764048576355
1,1,0.9872166514396667
1,1,0.9961668848991394
0,0,9.292928007198498e-05
0,0,3.466785756245372e-07
1,1,0.6414301991462708
0,0,0.03518996760249138
0,0,1.032182808557991e-05
0,0,0.0007296110852621496
0,0,0.003692824859172106
1,1,0.9973441958427429
0,0,0.0032829733099788427
1,1,0.9997166991233826
1,1,0.9990743398666382
1,1,0.9971070885658264
1,1,0.9998030066490173
0,0,0.0005391943268477917
0,0,0.03337058424949646
1,1,0.7891262173652649
1,1,0.997778594493866
1,1,0.9999675750732422
1,1,0.9045621156692505
1,1,0.9446786046028137
1,1,0.9943141341209412
1,1,0.9825694561004639
0,0,0.00012838775001000613
1,1,0.9998863935470581
1,1,0.9220452308654785
1,1,0.9785027503967285
1,1,0.9999597072601318
1,1,0.9471802115440369
1,1,0.9280998110771179
0,0,7.658544200239703e-05
1,1,0.9917747974395752
0,0,0.002667985623702407
1,1,0.9997268319129944
0,0,0.1359243392944336
1,1,0.9999997615814209
0,0,0.04606315493583679
1,1,0.9163980484008789
1,1,0.9901337027549744
1,1,0.9863234758377075
0,0,3.777322854148224e-05
1,1,0.7703456282615662
0,0,0.08576250076293945
1,1,0.999981164932251
1,1,0.9966310858726501
1,1,0.999967098236084
0,0,0.1343812495470047
0,0,2.782433875836432e-05
1,1,0.909622311592102
1,1,0.9821064472198486
0,0,0.006953541189432144
1,1,0.7327224612236023
1,1,0.9985913634300232
0,0,0.0035530845634639263
0,0,0.3477250039577484
1,1,0.9997897744178772
1,1,0.9997749924659729
0,0,0.00011543917935341597
0,0,0.00707641476765275
0,0,0.045462559908628464
0,0,0.11052953451871872
1,1,0.8313237428665161
1,1,1.0
1,1,0.8649958968162537
0,0,0.002255113795399666
0,0,3.565967521268476e-10
1,1,0.8975964784622192
0,0,8.892266123439185e-07
1,1,0.9998008608818054
1,1,0.9993914365768433
0,0,0.0014986020978540182
1,1,0.9526326656341553
1,1,0.8298962712287903
1,1,0.8759651184082031
1,1,0.9998674392700195
1,1,0.9970741271972656
1,1,0.6443308591842651
0,0,0.00294701149687171
0,0,0.0022100338246673346
0,0,0.13354386389255524
1,1,0.8968251943588257
0,0,0.06166515499353409
1,1,0.9807927012443542
0,0,0.007882495410740376
0,0,0.05401059240102768
1,1,0.9574710726737976
1,1,0.9999997615814209
0,0,8.589217941334937e-06
1,1,1.0
0,0,0.002077622339129448
0,0,0.003486163215711713
0,0,0.0009719071094878018
0,0,0.17387321591377258
0,0,4.3400788854341954e-05
0,0,0.057259541004896164
1,1,0.845368504524231
1,1,0.9996683597564697
0,1,0.5827499032020569
0,0,0.024999456480145454
0,0,0.007601404096931219
1,1,0.9968364238739014
0,0,0.011966238729655743
0,0,0.23620449006557465
1,1,0.9845444560050964
0,0,0.009644490666687489
0,1,0.6529263257980347
1,1,0.9130269885063171
0,0,0.062222275882959366
1,1,0.9991100430488586
0,0,0.00016898113244678825
1,0,0.49548062682151794
0,0,5.1895618526032194e-05
1,1,0.9963803887367249
1,1,0.9972144961357117
1,1,0.9999774694442749
1,1,0.9335879683494568
0,0,0.00014472058683168143
1,1,0.9998026490211487
1,1,0.9467757344245911
0,0,0.003447841852903366
1,1,0.9996108412742615
0,0,0.11475325375795364
1,1,0.9946885108947754
0,0,0.028920289129018784
0,0,0.038407981395721436
1,0,0.06467753648757935
1,0,0.4710013270378113
1,1,0.9706277847290039
0,0,0.044281743466854095
1,1,0.9994863271713257
0,0,0.010782944969832897
0,0,0.005379643756896257
1,1,0.8930834531784058
0,0,0.007594713009893894
1,1,0.9995582699775696
1,1,0.999305009841919
0,0,0.14975203573703766
1,1,0.9859142303466797
0,0,0.2252596914768219
0,0,0.4213046133518219
1,1,0.9999179840087891
0,0,0.022338101640343666
1,1,0.9999597072601318
1,1,0.9999380111694336
1,1,0.9856507182121277
1,1,0.9995332956314087
1,1,0.9958826303482056
0,0,0.054260801523923874
1,1,0.9857795238494873
1,1,0.9998428821563721
1,1,0.7118047475814819
1,1,0.9102250933647156
1,1,0.9999570846557617
1,1,0.9845420122146606
0,0,0.3178700804710388
1,1,0.9944350719451904
1,1,0.9999946355819702
0,0,0.0049719978123903275
0,0,0.49684712290763855
0,0,0.0019181380048394203
0,0,0.02410031482577324
0,0,0.00040846344199962914
1,1,0.8559151887893677
1,1,0.9952822327613831
0,0,0.006636889651417732
1,1,0.9696901440620422
1,1,0.7576153874397278
1,1,0.9990273714065552
0,0,0.0008177606505341828
0,0,0.00018802101840265095
0,0,0.024149833247065544
1,1,0.999957799911499
1,1,0.9869744777679443
1,1,0.8553162217140198
1,1,0.9975128173828125
1,1,0.9618030786514282
1,1,0.9974133372306824
0,0,0.058790840208530426
1,1,0.9977033734321594
0,0,6.090824200555289e-08
0,0,3.651396582426969e-06
1,1,0.9997807145118713
0,0,0.07285153120756149
0,0,4.537224231171422e-05
0,0,0.07649784535169601
0,0,0.000333237461745739
1,1,0.9997394680976868
1,1,0.9647682905197144
1,1,0.9997370839118958
1,1,0.9999284744262695
1,0,0.43183907866477966
1,1,0.9991499185562134
1,1,0.9999092817306519
1,1,0.9928568601608276
1,1,0.9988691210746765
0,0,0.03163542225956917
1,1,0.8637461066246033
0,0,0.11652538180351257
1,1,0.9999840259552002
1,1,0.9977583885192871
1,1,0.9985829591751099
0,1,0.9053943157196045
0,0,0.047538332641124725
1,1,0.9999994039535522
1,1,0.9999997615814209
1,1,0.7046105861663818
1,1,0.9625117778778076
0,0,0.003632714506238699
0,0,0.13747642934322357
0,0,0.0013270399067550898
1,1,0.9940915703773499
1,1,0.9316026568412781
1,1,0.88107830286026
0,0,0.09566782414913177
0,0,0.11616513878107071
0,0,0.0287309717386961
0,0,0.24875858426094055
0,0,0.032240547239780426
0,0,0.00849892944097519
0,0,0.013166508637368679
1,1,0.9959352016448975
0,0,0.4833305776119232
1,1,1.0
0,0,2.462355723764631e-06
0,0,0.030485639348626137
0,0,0.014632167294621468
0,0,0.0037561720237135887
1,1,0.9999949932098389
0,0,0.3563337028026581
1,1,0.9999744892120361
1,1,0.9894384741783142
1,1,0.9703568816184998
1,1,0.9993098974227905
0,0,0.0017507574521005154
1,0,0.321307897567749
0,0,0.04428694397211075
0,0,0.0009176853345707059
0,0,3.796549572143704e-05
0,0,0.22014182806015015
0,0,0.022385910153388977
0,0,0.041497547179460526
1,1,0.9749664068222046
1,1,0.5039368271827698
1,0,0.29661503434181213
0,0,0.0386759452521801
0,0,0.00011998661648249254
1,1,0.9986581802368164
0,0,0.0009284113766625524
0,0,0.0003991303383372724
0,0,0.02280542626976967
0,0,0.003023623488843441
1,1,0.9360359311103821
0,0,0.07234586775302887
0,0,0.05246059596538544
0,0,0.0006951549439691007
0,0,0.0822887048125267
0,0,0.04634507745504379
0,0,0.06012604758143425
0,0,0.0006829492631368339
0,0,0.13239915668964386
0,0,0.001762955216690898
1,1,0.9999866485595703
1,1,0.8242806196212769
1,0,0.039518602192401886
0,0,0.019834674894809723
1,1,0.9150144457817078
1,1,0.9935769438743591
0,0,5.453802805277519e-05
0,0,0.031204253435134888
1,1,0.9171444177627563
1,1,0.9986769556999207
0,0,0.00011261252802796662
1,1,0.9999936819076538
0,0,0.007861386984586716
0,0,0.009089043363928795
0,0,0.018741365522146225
1,1,0.9024173021316528
0,0,0.04277576133608818
1,1,0.9526423215866089
0,0,0.03126257658004761
0,0,0.08540137112140656
1,1,0.9982330799102783
1,1,0.9980084300041199
1,1,0.9941434264183044
0,0,9.342123235001054e-07
0,0,0.0018403498688712716
1,1,0.9988401532173157
0,0,3.4545819289633073e-06
0,0,0.000989853753708303
0,0,1.589171188243199e-05
0,0,0.015602516941726208
0,1,0.5515785813331604
0,0,0.020491110160946846
0,0,0.056405093520879745
0,0,0.04702308028936386
0,0,0.19032375514507294
0,0,0.13957177102565765
1,0,0.2721806764602661
0,0,0.010593834333121777
0,0,0.14090116322040558
1,1,0.9976837635040283
1,1,0.9543362259864807
1,1,0.9969409108161926
0,0,0.006991499103605747
1,1,0.8646642565727234
0,0,0.0025753923691809177
0,0,0.03530985489487648
0,1,0.6105545163154602
0,0,0.007035400252789259
1,1,0.9937158226966858
1,1,0.9792667031288147
1,1,0.756321907043457
0,0,0.009621408767998219
0,0,0.004730526357889175
0,0,0.15061071515083313
0,0,0.00018052165978588164
1,1,0.9955922961235046
1,1,0.9999622106552124
1,1,0.9995087385177612
1,1,0.9974697828292847
0,0,0.020547010004520416
1,1,0.8522042036056519
1,1,0.9965600371360779
1,1,0.9284452795982361
1,1,0.9999933242797852
0,0,2.5598666979931295e-05
0,0,4.131795776629588e-06
0,0,0.00037078704917803407
1,1,0.9356942176818848
1,1,0.9994199275970459
1,1,0.8325517177581787
1,1,0.9123954176902771
1,1,0.9997768998146057
1,1,0.9999932050704956
0,1,0.9572824835777283
1,0,0.0006553721032105386
0,0,0.08684521913528442
0,0,0.012748518958687782
0,0,0.023586738854646683
1,1,0.9999260902404785
1,1,0.9847754836082458
1,1,0.9999994039535522
1,1,0.9102201461791992
1,1,0.9978171586990356
1,1,0.9743753671646118
1,1,0.972348153591156
0,0,0.0054463730193674564
0,0,0.08469554036855698
0,0,0.29715773463249207
1,1,0.9991211295127869
0,0,0.006766158156096935
1,1,0.9977476000785828
0,0,0.23780220746994019
0,0,0.07634901255369186
0,0,0.020634658634662628
1,1,0.9985135197639465
0,0,0.0003493305412121117
0,0,0.17202767729759216
0,0,0.018086062744259834
1,1,0.9855725169181824
1,0,0.47243058681488037
0,0,0.011825885623693466
1,1,0.8079935312271118
0,0,0.0886751189827919
0,1,0.6570767760276794
1,1,0.9999997615814209
0,0,0.04785921797156334
0,0,5.0805607315851375e-05
0,0,0.0069191125221550465
0,0,0.0026435216423124075
0,0,0.2723744213581085
0,0,0.009094679728150368
1,1,0.9998612403869629
1,1,0.9944828748703003
0,0,0.0036475390661507845
0,0,0.005979139823466539
0,1,0.6252456307411194
0,0,0.0008230637176893651
0,0,0.04143405333161354
1,1,0.9999949932098389
1,0,0.27557024359703064
0,0,0.183547705411911
0,0,0.006866008043289185
0,0,0.08358398824930191
0,0,0.018151862546801567
0,0,0.022844338789582253
1,1,0.9890311360359192
0,0,0.2630790174007416
1,1,0.7620565891265869
0,0,0.001580299693159759
1,1,0.8174782395362854
0,0,0.1719055026769638
0,0,1.1596466009677897e-07
1,1,0.9999998807907104
0,0,0.00026899040676653385
1,1,0.9988162517547607
1,1,0.9998061060905457
1,1,0.9569633603096008
1,1,0.979918360710144
0,0,0.007639624644070864
1,1,0.8296401500701904
0,0,0.017491405829787254
1,1,0.9919935464859009
1,1,0.9995480179786682
0,0,0.09246852248907089
0,0,0.44858482480049133
0,0,0.010066993534564972
0,1,0.8567711114883423
1,1,0.9992969036102295
1,0,0.21888111531734467
0,0,0.011991957202553749
0,0,4.269499913789332e-05
1,1,0.9925498962402344
1,1,0.9697095155715942
0,0,0.05203492194414139
1,1,0.9885692596435547
1,1,0.9919122457504272
1,1,0.931459903717041
0,0,0.003682299517095089
0,0,0.06453439593315125
0,0,0.0008923553978092968
0,0,0.05322292819619179
0,0,0.24072284996509552
1,1,0.9977962970733643
1,1,0.9572712182998657
1,0,0.45149198174476624
0,0,0.001453712466172874
0,0,0.0024659025948494673
0,0,0.00177806057035923
1,1,0.8540038466453552
1,1,0.9427667260169983
0,0,0.002523754257708788
0,0,0.11034732311964035
0,0,0.010033122263848782
0,0,0.28595808148384094
0,0,0.005000784993171692
1,1,0.9917803406715393
0,0,0.0008566704345867038
1,1,0.7882625460624695
0,0,0.013567573390901089
0,0,1.635630439977831e-07
0,0,0.014078352600336075
0,0,0.23478834331035614
1,1,0.9636365175247192
0,0,0.024308476597070694
1,1,0.9999295473098755
0,0,0.0023379437625408173
0,0,0.017117299139499664
0,0,0.2572474181652069
0,1,0.6233242750167847
0,0,0.00035717434366233647
0,0,0.002637926721945405
1,0,0.26889270544052124
0,0,0.0002384264225838706
1,1,1.0
0,0,0.011623501777648926
0,0,0.02052505500614643
0,0,0.004405996762216091
0,0,0.0015647872351109982
1,1,0.9921855330467224
0,0,0.06567306071519852
1,1,0.9918324947357178
1,1,0.8900166153907776
0,0,0.012570486404001713
0,0,0.23673561215400696
0,0,2.8036483724902528e-12
0,0,0.039611708372831345
0,0,0.0004324570472817868
0,0,0.019919784739613533
0,0,0.0005049128667451441
0,0,0.013548421673476696
0,0,1.3112430679029785e-06
1,1,0.9994562268257141
0,0,0.00016037383466027677
0,0,0.011530986987054348
0,0,0.0006178954499773681
1,1,0.9939619898796082
0,0,0.052335333079099655
1,1,0.9975288510322571
0,0,0.009155250154435635
1,1,0.9997380375862122
0,0,0.008390389382839203
0,0,0.0003305026039015502
0,0,0.0012748336885124445
0,0,0.042165838181972504
1,1,0.9992108345031738
0,0,0.0042044175788760185
0,0,0.08766902983188629
1,1,0.999966025352478
1,1,0.9876185655593872
1,1,0.9999358654022217
0,0,0.0015721230302006006
0,0,0.07933829724788666
1,1,0.9967459440231323
0,0,0.006429016590118408
0,0,0.11719654500484467
0,0,0.34533828496932983
1,1,0.9934919476509094
1,1,0.9684497117996216
1,1,0.9993057250976562
1,1,0.9448949098587036
1,1,0.8469341993331909
0,0,0.13937485218048096
1,1,0.9997733235359192
0,0,0.01897101104259491
1,1,0.8611708879470825
0,0,0.4073377549648285
0,0,0.0002297269384143874
0,0,0.00032287207432091236
0,0,0.0028568028938025236
0,0,0.007056224159896374
0,0,0.2517155706882477
0,0,0.0777253657579422
1,1,0.999948263168335
1,1,0.999367892742157
0,0,0.010854661464691162
0,0,3.702257117765839e-06
0,0,0.004444826859980822
1,1,0.9977132081985474
0,0,0.04653951898217201
0,0,0.03290226683020592
1,1,0.8035829663276672
0,0,0.02487974427640438
1,1,0.9999994039535522
0,0,0.001557433744892478
1,1,1.0
1,0,0.36263105273246765
0,0,0.005778646096587181
0,0,0.008971303701400757
0,0,0.009139574132859707
0,0,6.274399493122473e-05
0,0,0.24344106018543243
1,1,0.8796505331993103
0,0,0.006461665499955416
1,1,0.9481441974639893
0,0,0.04797690734267235
1,1,0.9960483908653259
0,0,0.009651214815676212
0,0,0.002454853616654873
1,1,0.9908171892166138
0,0,0.00425462331622839
0,0,0.005218385253101587
1,1,0.8074761629104614
1,1,0.9901928901672363
0,0,0.0005176939303055406
1,1,0.9886888861656189
0,0,0.07087202370166779
0,0,0.08196084201335907
1,1,0.9687891602516174
1,1,0.8163496851921082
1,0,0.16369310021400452
0,0,0.05253853276371956
1,1,0.999967098236084
1,1,0.9165656566619873
0,0,0.05703801289200783
1,0,0.4151599109172821
0,1,0.8211954832077026
0,0,0.0022296442184597254
1,1,0.9911684989929199
0,0,0.2997535169124603
0,0,9.088365186471492e-05
0,0,0.10731668770313263
1,1,0.9995741248130798
1,1,0.9254671335220337
1,1,0.9999884366989136
1,1,0.9779698848724365
0,0,0.0018781062681227922
1,1,0.9990158081054688
0,0,0.0025238527450710535
1,1,0.999743640422821
1,1,0.9982903599739075
0,0,0.3329460024833679
0,0,0.007257213816046715
1,0,0.09331808984279633
1,1,0.9968010187149048
0,0,3.0283574687928194e-06
1,1,0.9991694688796997
0,0,0.0003237616620026529
1,1,0.9984791874885559
0,0,0.004465159028768539
0,0,0.03638137876987457
1,0,0.18061354756355286
1,1,0.992489218711853
0,0,0.014553560875356197
1,1,0.92157381772995
0,0,0.0003851701330859214
1,1,0.9999946355819702
1,1,0.9730312824249268
1,1,0.963100016117096
0,0,0.033069416880607605
1,1,0.9990997314453125
1,1,0.9977343082427979
0,1,0.6266686320304871
1,0,0.3394094705581665
1,1,0.9926325678825378
0,0,0.011271029710769653
1,1,0.9999470710754395
1,1,0.9993587136268616
0,0,0.0017323556821793318
1,0,0.2637466490268707
0,0,0.014488409273326397
0,0,0.0059876758605241776
0,0,1.7212551028933376e-07
0,0,0.11427592486143112
0,0,0.01695973239839077
1,1,0.9682425856590271
0,0,0.020168449729681015
0,0,0.024922924116253853
0,0,0.017704566940665245
1,1,0.9977184534072876
1,1,0.9972587823867798
1,1,0.9994696974754333
0,0,0.06249379366636276
0,0,0.00011247075599385425
0,1,0.9297216534614563
1,0,0.2669640779495239
0,0,0.001536985975690186
0,0,0.11575648933649063
0,0,0.010507145896553993
1,1,0.9978362917900085
0,0,0.007976681925356388
1,1,0.9912074208259583
1,1,0.9900240898132324
1,1,0.9986510872840881
1,0,0.4057976007461548
1,1,0.946363091468811
0,1,0.8276574611663818
1,0,0.2728690207004547
0,0,0.1994619220495224
1,1,0.9714758992195129
1,1,0.9955025315284729
1,1,0.9087684750556946
0,0,0.00132123997900635
0,0,0.051960837095975876
1,1,0.8516979217529297
1,1,0.9741023182868958
1,1,0.9812089204788208
1,1,0.9788217544555664
1,1,0.9975454211235046
0,0,0.021133750677108765
0,0,0.008725077845156193
0,1,0.9153954386711121
1,1,0.9852097630500793
1,1,0.9738426804542542
1,1,0.9388649463653564
0,0,0.021489407867193222
1,1,0.9995054006576538
1,1,0.9953407049179077
0,0,0.004948307294398546
1,1,0.9844224452972412
0,0,0.01810903288424015
0,0,0.09937839955091476
1,1,0.9739024043083191
1,1,0.9966161847114563
1,1,0.9415050148963928
1,1,0.9997382760047913
1,1,0.9999991655349731
1,1,0.9996253252029419
1,1,0.8895643949508667
1,0,0.16747324168682098
1,1,0.99460768699646
0,0,0.00012406862515490502
1,1,0.9756447076797485
1,1,0.6991558074951172
1,1,0.9768561720848083
0,0,0.025267446413636208
1,1,0.9985783100128174
0,0,0.0624876506626606
0,0,0.1498517096042633
0,0,0.0025362775195389986
0,0,0.018274938687682152
0,0,0.017826592549681664
0,0,0.21713311970233917
0,0,0.023668961599469185
1,1,0.9448907971382141
0,0,2.066127854050137e-05
1,0,0.4439171254634857
0,0,0.008159331977367401
1,1,0.8659220933914185
1,1,0.9995771050453186
0,0,0.0011095235822722316
0,0,0.018526244908571243
0,0,0.00879074726253748
0,0,0.004463859833776951
0,0,0.0025128673296421766
1,1,0.5691490173339844
0,0,0.01238158717751503
0,0,0.0025181379169225693
0,0,0.029119139537215233
0,0,0.00010503220255486667
0,0,0.12995365262031555
0,0,0.09185165911912918
0,0,0.021072428673505783
0,0,0.0008644175250083208
1,1,0.9647676944732666
1,1,0.7553907036781311
0,0,0.026195654645562172
0,0,0.001969104865565896
0,0,0.0063173482194542885
0,0,0.0008142610895447433
0,0,0.00014784029917791486
0,1,0.7507432699203491
0,0,0.1217968538403511
0,0,0.10732965916395187
1,0,0.06758299469947815
0,0,0.0007025767117738724
0,0,0.009218358434736729
0,0,0.24081701040267944
0,0,0.0012943095061928034
1,1,0.9938242435455322
0,0,0.04114729166030884
1,1,0.6737474203109741
1,1,0.9979115128517151
1,1,0.9724848866462708
0,0,0.10270030051469803
1,1,0.9942270517349243
0,0,0.005069277714937925
0,0,0.19894802570343018
1,1,0.9991682767868042
1,1,0.7474627494812012
1,1,0.9926760792732239
0,1,0.724795937538147
0,0,0.04801630601286888
1,1,0.5786986947059631
0,0,0.02067447453737259
0,0,0.009579370729625225
0,0,0.0004056497709825635
0,0,0.3881503939628601
1,0,0.1333657205104828
0,0,0.016053345054388046
0,0,0.04919398948550224
0,0,0.22056278586387634
1,1,0.9999791383743286
0,0,0.0011478536762297153
0,0,0.4417686462402344
1,1,0.9900904893875122
1,1,0.9975798726081848
1,1,0.9940276145935059
0,0,0.00020042162213940173
1,1,0.9951215386390686
1,0,0.4970587491989136
0,0,0.0009503758046776056
1,1,0.7998876571655273
1,1,0.6814182996749878
1,1,0.9199225306510925
1,1,0.9992271661758423
0,0,0.005030237138271332
0,0,0.004128318279981613
1,1,0.9994798302650452
0,0,2.7795964342658408e-05
1,1,0.7920770645141602
0,0,0.07769112288951874
1,1,0.6977037787437439
0,0,0.013385511934757233
1,1,0.9992027878761292
1,1,0.9999227523803711
1,1,0.74137282371521
0,0,0.18518443405628204
1,1,0.9313247799873352
0,0,0.014623782597482204
1,1,0.979428231716156
0,0,0.033379796892404556
1,1,0.9999985694885254
1,1,0.9981714487075806
1,1,0.999795138835907
1,1,0.9963271021842957
1,0,0.034915585070848465
1,1,0.9491355419158936
0,0,0.005435402039438486
0,0,0.0019099059281870723
0,0,0.031037621200084686
0,0,0.00513397715985775
0,0,0.12734873592853546
1,1,0.9914189577102661
0,0,0.031136643141508102
1,1,0.8936117887496948
1,0,0.05922995135188103
0,0,0.24974122643470764
0,0,0.00010550509614404291
0,0,0.0010755924740806222
1,1,0.965340256690979
0,0,0.16533136367797852
0,0,1.9540642881565873e-07
1,1,0.9748631715774536
1,1,0.9479861259460449
1,1,0.736879289150238
1,1,0.9651713371276855
1,1,0.9758650064468384
0,0,0.034929607063531876
1,1,0.9996633529663086
1,1,0.9998972415924072
1,1,0.899104654788971
0,0,0.0014973374782130122
0,0,0.29104435443878174
1,1,0.8102989792823792
1,1,0.9999983310699463
0,0,0.002192853018641472
1,0,0.3081309497356415
0,0,0.0034992657601833344
1,1,0.9651756286621094
1,1,0.9999980926513672
1,1,0.9839938879013062
1,0,0.16462600231170654
0,0,0.0029476757626980543
0,0,6.399113044608384e-05
0,0,0.17953354120254517
1,1,0.9984936714172363
0,0,0.000117734722152818
0,0,1.4223488506104331e-05
1,1,0.9997712969779968
1,1,0.8889287114143372
1,1,0.8568864464759827
0,0,0.01718004234135151
0,0,1.0985025937770843e-06
0,0,0.027727186679840088
1,0,0.34815436601638794
1,1,0.9979956150054932
0,0,0.027283240109682083
1,1,0.993695080280304
1,1,0.9604832530021667
0,0,0.0031451762188225985
1,1,0.9523513913154602
1,1,1.0
0,0,0.007901513949036598
1,1,0.9726343154907227
1,1,0.9344926476478577
1,1,0.9994925260543823
1,1,0.8596816658973694
1,1,0.9870928525924683
0,0,0.016351774334907532
0,0,0.12603254616260529
0,0,0.02824302203953266
0,0,0.028966577723622322
1,1,0.999994158744812
0,0,0.053380195051431656
1,1,0.9917284846305847
1,1,0.9992557168006897
1,1,0.8636308312416077
1,1,0.9972259402275085
1,1,0.9994162321090698
0,0,0.0003621513315010816
1,1,0.9090282320976257
1,1,0.9999219179153442
0,0,0.00270984903909266
0,0,0.0075914859771728516
1,1,0.9993999004364014
0,0,0.023427996784448624
0,0,0.10933593660593033
0,0,0.0031646774150431156
0,0,0.01445214357227087
0,0,0.03627040982246399
0,0,0.001696168095804751
1,1,0.9998350143432617
1,1,0.7044747471809387
0,0,0.0034510809928178787
0,0,2.0069079198492545e-07
0,0,0.04402969777584076
0,0,0.006774215959012508
0,0,0.009523021057248116
1,1,0.9879050254821777
1,1,0.9908522963523865
0,0,0.009720866568386555
1,1,0.7818528413772583
1,1,0.9991129040718079
1,1,0.9297856688499451
0,0,0.13357333838939667
0,0,0.028071684762835503
1,1,0.9462868571281433
1,1,0.9997416138648987
1,1,0.8142045140266418
0,0,0.03402187302708626
1,1,0.9990192651748657
1,1,0.6547471284866333
0,0,0.14011818170547485
0,0,0.02152828685939312
0,0,0.11213628947734833
1,1,0.8654559254646301
1,1,0.9999886751174927
0,0,0.0009101025061681867
0,0,0.0004614083154592663
0,0,0.0106043154373765
1,1,0.6604059934616089
1,1,0.7902596592903137
0,0,0.049770135432481766
0,0,0.008842743933200836
0,0,0.008971062488853931
1,1,0.999994158744812
0,0,0.07636768370866776
0,0,0.035672627389431
1,1,0.9991866946220398
1,1,0.9884296655654907
1,1,0.9998224377632141
0,0,0.0004923733649775386
0,0,0.02469371259212494
0,0,0.09257043153047562
0,0,0.015734689310193062
1,1,0.9994373917579651
1,1,0.9999997615814209
0,0,0.048550255596637726
0,0,0.0771569088101387
1,1,0.9984273910522461
0,0,0.003627835540100932
0,0,4.851024755225808e-07
1,1,0.9968224763870239
0,0,0.001337498426437378
1,1,0.9999992847442627
0,0,0.04034046083688736
0,0,9.272140033544929e-08
0,0,0.004477646201848984
0,0,0.005105242598801851
0,1,0.5396184325218201
0,0,0.007845611311495304
0,0,0.019299112260341644
0,0,0.014795885421335697
1,1,0.991985559463501
0,0,0.0761759877204895
0,0,0.49202460050582886
1,1,0.9387109279632568
1,1,0.7869458198547363
1,1,0.999800980091095
0,0,0.03322858363389969
1,1,0.9973117113113403
1,1,0.9812284111976624
1,1,0.9539188742637634
1,1,0.9987353682518005
1,1,0.7845351099967957
1,1,0.9999970197677612
1,1,0.993433952331543
1,1,0.8221306800842285
1,1,0.99692302942276
1,1,0.9983483552932739
1,1,0.9999996423721313
1,1,0.9964296221733093
1,1,0.9997691512107849
0,0,0.029683878645300865
0,0,0.0119914086535573
1,1,0.9727890491485596
1,1,0.9869977235794067
1,1,0.9694765210151672
0,0,0.020158374682068825
1,0,0.18578404188156128
0,0,0.033301323652267456
0,0,0.0033892837818711996
0,0,0.00025416971766389906
1,1,0.9999455213546753
1,1,0.9942926168441772
1,1,0.9540877938270569
0,0,0.008972439914941788
0,0,0.2934914827346802
0,0,0.0009542679181322455
0,0,0.015027319081127644
0,0,0.12684543430805206
0,0,0.005926665384322405
1,1,0.9947924017906189
1,0,0.4178842306137085
0,0,0.07218852639198303
1,1,0.9800035357475281
1,1,0.9981400966644287
0,0,0.0028065904043614864
0,0,0.033292267471551895
0,0,0.0038818868342787027
1,0,0.3478977084159851
0,0,2.011858123296406e-05
0,0,4.492366861086339e-05
1,1,0.9999873638153076
0,0,0.0003375567903276533
0,0,0.033142123371362686
0,0,0.0012361687840893865
0,1,0.7110723257064819
0,0,2.6821615392691456e-05
0,0,0.020867738872766495
0,0,0.00041230651549994946
0,0,0.0054654888808727264
0,0,2.3427061023539864e-05
0,0,0.009939332492649555
1,1,0.9556576609611511
0,0,0.018592510372400284
1,1,0.98752361536026
1,1,0.9366884231567383
0,0,0.003154114354401827
0,0,0.011959057301282883
0,0,0.013687134720385075
0,0,0.016146918758749962
0,0,0.0016284752637147903
1,1,0.8965533971786499
1,1,0.9970242381095886
0,0,0.005658796988427639
0,0,0.028491394594311714
1,1,0.9608097672462463
1,1,0.9789820313453674
1,1,0.9994000196456909
0,0,0.11749572306871414
0,0,0.040214747190475464
1,0,0.44545313715934753
0,0,0.0002022979751927778
0,0,7.961738447193056e-06
1,1,0.9966201782226562
0,0,0.1919509321451187
0,0,0.10098712891340256
1,1,0.9998205304145813
1,1,0.994763970375061
0,0,0.0005085213924758136
0,0,0.011593219824135303
0,0,1.3066313897525106e-07
0,0,0.0007564447587355971
0,0,0.0005347295664250851
0,0,0.021353736519813538
1,1,0.9999961853027344
0,0,0.02488362416625023
1,0,0.30312463641166687
0,0,0.03386019915342331
0,0,0.011978890746831894
0,0,0.0011140741407871246
0,0,0.3762263059616089
1,1,0.9199547171592712
1,1,0.9672027826309204
1,1,0.9204782247543335
1,1,0.9994901418685913
0,1,0.7795392870903015
0,0,0.017596952617168427
1,1,0.9999758005142212
0,0,0.006051192060112953
0,0,0.0007223935681395233
1,1,0.9811960458755493
1,1,0.9997656941413879
0,0,0.0017706301296129823
0,0,1.828900713007897e-05
1,1,0.987343430519104
1,1,0.5514402389526367
1,1,0.9461885690689087
1,1,0.9999692440032959
0,0,2.6019811230071355e-06
0,0,0.053057245910167694
0,0,0.004832874052226543
0,0,8.990745118353516e-05
0,0,0.0005641676834784448
1,1,0.6095483899116516
1,1,0.9991794228553772
1,0,0.09491228312253952
0,0,0.10493026673793793
0,0,0.04655689373612404
0,0,0.07365497201681137
1,1,0.9928886294364929
0,0,0.020743200555443764
1,1,0.9967701435089111
0,1,0.6181418895721436
1,1,0.8810216784477234
1,1,0.9988934397697449
1,1,0.99347323179245
1,1,0.9866729974746704
1,1,0.9994779229164124
1,1,0.9999973773956299
0,0,9.733290789881721e-05
0,0,0.04642730578780174
1,1,0.9999998807907104
0,0,0.24933207035064697
1,1,0.8499469757080078
0,0,0.04159396514296532
0,0,0.023795397952198982
0,1,0.9870622754096985
0,0,0.015376744791865349
0,0,0.03912254050374031
0,0,0.11399727314710617
0,0,0.0626392662525177
1,1,0.9988368153572083
1,1,0.9976953864097595
1,1,0.9999994039535522
0,0,0.0115461815148592
0,0,0.0027972429525107145
0,0,0.006874187383800745
0,0,0.0024195138830691576
0,0,0.06490743160247803
0,0,3.2296759400196606e-06
0,0,0.07036266475915909
1,1,0.9954972267150879
1,1,0.8537819981575012
0,1,0.9997429251670837
1,1,0.9987278580665588
0,0,0.000430620537372306
1,1,0.9987659454345703
0,0,0.00025868500233627856
1,1,0.9904382824897766
1,1,0.826270580291748
0,0,0.00108413549605757
1,1,0.9972482323646545
1,1,0.9997543692588806
0,0,0.042885493487119675
1,0,0.03886601701378822
1,1,0.9997116923332214
0,0,0.012093535624444485
0,0,0.00028301155543886125
0,0,0.017692729830741882
0,0,0.000125317441415973
1,0,0.14366191625595093
0,0,0.007070915773510933
0,0,0.004194455221295357
1,1,0.9891181588172913
0,0,0.33814990520477295
0,0,0.011350782588124275
1,1,0.9815255403518677
1,1,0.9999916553497314
1,1,0.9998015761375427
0,0,0.0001632520870771259
0,0,0.0002658799639903009
0,0,0.0972900316119194
0,0,0.12127711623907089
0,0,0.06867126375436783
0,0,0.003757141064852476
0,0,0.06180629879236221
0,0,0.0002779477508738637
1,1,0.9981465339660645
0,0,6.636334728682414e-05
1,1,0.9990053772926331
0,0,0.460252046585083
1,1,0.9781789183616638
0,0,3.633279266068712e-05
0,0,0.04798036813735962
0,0,0.020864412188529968
0,0,0.11907023936510086
1,0,0.362027645111084
0,0,0.004302939400076866
0,0,0.0004140014643780887
1,1,0.999997615814209
0,0,8.064007852226496e-05
0,0,0.06264286488294601
0,0,0.14648744463920593
1,1,0.9997729659080505
0,0,0.031223610043525696
1,1,0.65969318151474
1,1,0.999951958656311
1,1,0.9917685985565186
1,1,0.9993811845779419
0,0,0.0003402260481379926
1,1,0.9984803795814514
1,1,0.9999961853027344
0,0,1.0284344931221767e-08
0,0,0.0594850592315197
1,1,0.9965205192565918
1,1,0.9982913136482239
1,1,0.998542070388794
1,1,0.9999997615814209
0,0,0.0019346025073900819
0,0,0.018869226798415184
0,1,0.6961907744407654
1,1,0.999152660369873
1,1,0.9677520990371704
1,1,0.9606296420097351
1,1,0.904727578163147
1,1,0.983996570110321
1,1,0.9844695329666138
1,1,0.9979592561721802
0,0,0.004228560253977776
0,0,0.0887170359492302
0,0,0.0014345633098855615
0,0,0.1576375514268875
1,1,1.0
1,1,0.9473417401313782
0,0,0.0003258689248468727
0,0,0.00011360024655004963
0,0,0.05778307095170021
0,0,8.750108099775389e-05
1,1,0.681524932384491
0,0,0.07285479456186295
1,1,0.9896790981292725
1,1,0.9999939203262329
1,1,0.6949840784072876
0,0,0.02054719813168049
0,0,0.0003318472590763122
0,0,0.0021207137033343315
0,0,0.00565694086253643
1,1,0.9679692983627319
1,1,0.9715967774391174
1,1,0.9997268319129944
1,1,0.9984214305877686
0,0,0.03200792148709297
1,1,0.9975443482398987
1,1,0.8355651497840881
1,1,0.8481946587562561
0,0,0.04383926838636398
1,1,0.9852495789527893
1,1,0.9329847693443298
1,1,0.996822714805603
1,1,0.9977540373802185
1,1,0.9996212720870972
1,1,0.9997045397758484
1,1,0.9933829307556152
0,1,0.9977384805679321
0,0,0.0290765929967165
0,0,0.0020690045785158873
0,0,0.041982538998126984
0,1,0.9556039571762085
0,0,0.002549757482483983
1,1,0.7069082260131836
0,0,3.0556486763089197e-07
0,0,0.006360194645822048
1,1,0.9989427924156189
0,0,0.00375043461099267
1,1,0.998826801776886
0,1,0.6936099529266357
0,0,0.0059654503129422665
1,1,0.8883521556854248
0,0,0.0009133214480243623
1,1,0.9972184896469116
0,0,0.0005983416922390461
0,0,0.0003286315768491477
0,0,0.002114451490342617
0,1,0.7542809247970581
1,0,0.23944459855556488
1,1,0.9939674139022827
0,0,0.00083969347178936
0,0,0.05009441077709198
0,0,0.000513706705532968
1,0,0.1443936824798584
1,1,0.9999939203262329
1,1,0.833101749420166
0,0,0.007315208204090595
1,1,0.9990137815475464
0,0,0.027530238032341003
1,1,0.9999648332595825
1,1,0.9966417551040649
1,1,0.9999986886978149
1,1,0.9961004257202148
0,0,0.032710589468479156
0,0,0.04949883371591568
1,1,0.9891904592514038
1,1,0.9978892207145691
1,1,0.9987402558326721
1,1,0.9759519696235657
0,0,0.007268404588103294
1,1,0.8714877367019653
1,1,0.9208770394325256
0,0,0.003015476744621992
1,0,0.4224206805229187
0,1,0.6733502149581909
0,0,0.041039034724235535
1,1,0.9780648350715637
0,0,0.16399778425693512
0,0,0.028449878096580505
1,1,0.935567319393158
0,0,0.0037512858398258686
1,1,0.9953131675720215
1,1,0.8145661950111389
1,1,0.7198770642280579
1,1,0.7489385604858398
1,1,0.9517595767974854
1,1,0.83275306224823
1,1,0.9995730519294739
1,1,0.9999600648880005
1,1,0.9997565150260925
1,1,0.9495429396629333
1,1,0.9872336387634277
0,0,0.004507798235863447
0,0,0.3451627194881439
1,1,0.9970178604125977
0,0,5.310001142788678e-06
1,1,0.9996887445449829
1,1,0.9908961653709412
0,0,0.06951211392879486
0,0,0.003389032557606697
0,0,0.0006844971212558448
0,0,0.016021907329559326
0,0,0.046150319278240204
0,0,0.002738264389336109
0,0,0.0152263343334198
0,0,0.18536031246185303
0,0,0.004470136482268572
1,1,0.9748761057853699
1,1,0.9981604218482971
1,1,0.9994136095046997
1,1,0.9962449669837952
1,1,0.9898408055305481
0,0,0.1321377009153366
1,1,0.9924446940422058
0,0,0.009629536420106888
1,1,0.7477457523345947
1,1,0.844707727432251
0,0,0.02048945426940918
0,0,0.005895141512155533
1,0,0.40718716382980347
1,1,0.9879989624023438
0,0,0.0017162011936306953
1,1,0.9996466636657715
1,0,0.2403792291879654
1,1,0.9999206066131592
1,1,0.9998601675033569
1,1,0.9931554198265076
1,1,0.999297022819519
0,0,0.0013559813378378749
0,0,0.16734842956066132
0,0,0.05785376578569412
0,1,0.6687320470809937
1,1,0.9259110689163208
1,1,0.9988381266593933
1,1,0.9767804145812988
1,1,0.9999904632568359
0,0,0.32332178950309753
0,0,0.00027932593366131186
1,1,0.9999744892120361
0,0,0.000569285184610635
0,1,0.8651543855667114
1,1,0.9997305274009705
1,1,0.9610801339149475
1,1,0.9613393545150757
1,1,0.9908639788627625
0,0,0.07746430486440659
0,0,0.0058713387697935104
0,0,0.000915408309083432
1,1,1.0
0,0,0.20565149188041687
0,0,0.07677231729030609
0,0,0.21496671438217163
0,0,0.27091506123542786
1,1,0.9999595880508423
1,1,0.5994141697883606
1,1,0.9896453619003296
1,1,0.9076427817344666
0,0,0.15334577858448029
1,1,0.9360320568084717
0,0,0.006204281467944384
0,0,0.26866284012794495
1,1,0.9982591271400452
0,0,0.03245103731751442
0,0,0.005620457231998444
0,0,0.0007607206352986395
1,1,0.9921817779541016
0,0,0.029107464477419853
0,0,0.0003024366160389036
1,1,0.9990622401237488
1,1,0.9999048709869385
0,0,0.204343780875206
1,1,0.9892286062240601
0,0,0.0018364515854045749
0,0,0.24112606048583984
0,0,0.03129439428448677
1,0,0.20307910442352295
0,0,0.01305730827152729
0,0,0.007498275488615036
0,0,0.00010800299787661061
0,0,0.0017434376059100032
1,0,0.44061458110809326
0,0,0.006218722555786371
0,0,0.0007126585696823895
1,1,0.7498841881752014
1,1,0.9999998807907104
1,1,0.6411391496658325
1,1,0.9897173643112183
1,1,1.0
1,0,0.4785403907299042
0,0,0.09637681394815445
1,1,0.9993858337402344
1,1,0.9972361922264099
0,0,0.0007670954219065607
1,1,0.99772709608078
0,0,0.002236648229882121
0,0,0.06390521675348282
1,1,0.8982977271080017
1,1,0.999731719493866
1,1,0.5038609504699707
1,1,0.9996700286865234
1,1,0.9909358620643616
1,1,0.9998719692230225
1,1,0.99960857629776
0,0,0.001028890023007989
0,0,0.0916413813829422
0,0,0.0004974723560735583
1,1,0.9503068923950195
0,0,0.025325821712613106
0,0,0.0026209659408777952
0,0,0.03146767616271973
1,1,0.9999998807907104
1,1,0.9997698664665222
1,1,0.9921290874481201
0,0,0.0002651243703439832
0,0,0.016807420179247856
0,0,0.0004165836435277015
1,1,0.9984857439994812
1,1,0.9712878465652466
0,0,0.0002587691124062985
1,1,0.9999699592590332
1,1,0.9999953508377075
1,1,0.987852931022644
1,1,0.9995222091674805
0,0,0.0034614065662026405
1,1,0.9283642172813416
1,1,0.9647344350814819
0,0,8.859998342813924e-05
1,1,0.9873989820480347
0,0,0.005296267103403807
0,0,0.021491434425115585
1,1,0.8681522607803345
1,1,0.9906609654426575
1,1,0.9651564359664917
0,0,0.013576861470937729
1,1,0.9951518774032593
1,1,0.9996740818023682
1,1,0.9999994039535522
1,1,0.9946288466453552
1,1,0.9997345805168152
0,0,0.008055419661104679
1,0,0.007470837328583002
0,0,0.05366542190313339
1,0,0.1288192868232727
1,1,0.979468047618866
1,1,0.9999986886978149
1,1,0.7445657849311829
1,1,0.8598933815956116
1,1,0.971261739730835
0,0,0.003795268712565303
1,1,0.9972822666168213
1,1,0.9999990463256836
1,1,0.9999986886978149
1,0,0.3257026970386505
0,0,0.2821970582008362
0,0,0.1603754162788391
0,0,3.530489493641653e-06
1,1,0.9937880635261536
0,0,0.34250229597091675
1,1,0.9698003530502319
1,1,0.8309070467948914
1,1,0.9927506446838379
1,1,0.7297860980033875
1,1,0.9972442388534546
1,1,0.9823306798934937
1,1,0.8463581204414368
0,0,3.4216111089335755e-05
0,0,0.0001798092562239617
0,0,0.0149656031280756
1,0,0.40377211570739746
0,0,0.13634870946407318
1,1,0.9996602535247803
0,0,0.006239842623472214
1,1,0.999933123588562
1,1,0.7565332651138306
1,1,0.7372502684593201
1,1,0.9733441472053528
0,0,0.013388048857450485
0,0,0.041141655296087265
1,1,0.9687814712524414
0,0,0.020540405064821243
0,0,0.007623716723173857
1,1,0.9980053305625916
0,0,0.0016078194603323936
1,1,0.7994933724403381
1,1,0.9841713309288025
1,1,0.9727783203125
0,0,0.0007806523935869336
1,1,0.9993925094604492
1,1,0.8362597823143005
0,0,0.2190251648426056
1,1,0.903197169303894
1,1,0.9979181885719299
1,1,0.9999607801437378
1,1,0.9953691363334656
1,1,0.8613312244415283
1,1,0.9889233112335205
0,0,0.17937803268432617
1,1,0.9927926063537598
1,1,0.9999762773513794
0,0,0.4565601646900177
1,1,0.9924502372741699
1,1,0.9998435974121094
1,1,0.9987099170684814
1,1,0.9453251957893372
1,1,0.9020782709121704
0,0,0.0001955385523615405
0,0,0.061965975910425186
0,0,0.008230580016970634
1,1,0.9764952659606934
1,1,0.9780040979385376
1,1,0.999242901802063
1,1,0.9980023503303528
0,0,0.12984465062618256
0,0,0.022122463211417198
1,1,1.0
1,1,0.9893773198127747
1,1,0.998999297618866
0,0,0.002975746989250183
0,0,0.05904241278767586
0,0,0.0138601278886199
0,0,0.01704753004014492
0,0,0.04467896744608879
1,1,0.9584102034568787
1,1,0.7226401567459106
1,1,0.9563493728637695
0,0,0.010444894433021545
0,0,6.303928455618021e-19
1,0,0.14186742901802063
0,0,7.03012483427301e-05
0,0,0.23072710633277893
1,1,0.8102582693099976
0,0,0.008174213580787182
0,0,0.3329405188560486
0,0,0.019400184974074364
1,1,0.9612467288970947
0,0,3.464069309178086e-13
0,0,0.010772842913866043
0,0,3.3560638257768005e-05
1,1,0.8929102420806885
1,1,0.9999091625213623
1,1,0.9993240833282471
0,0,0.006537276320159435
1,1,0.9976663589477539
1,1,0.9999876022338867
1,1,0.8144329190254211
1,1,0.9576435685157776
1,1,0.9997355341911316
1,1,0.9969448447227478
0,1,0.8448488116264343
0,1,0.745383083820343
0,0,0.43144989013671875
0,0,1.7352002032566816e-05
0,0,0.029814792796969414
0,0,0.018202824518084526
0,1,0.6452707052230835
0,0,0.2512280344963074
1,1,0.9704097509384155
1,1,1.0
0,0,0.14636988937854767
1,1,0.7977536916732788
0,0,0.010885403491556644
1,1,0.9940290451049805
0,0,0.00018712034216150641
1,1,0.9658149480819702
1,1,0.9998724460601807
1,1,0.9950980544090271
0,0,0.029369879513978958
1,1,0.9994774460792542
1,1,0.9998308420181274
1,1,0.9751514792442322
0,0,0.14615213871002197
1,1,0.9664125442504883
1,1,0.9488778710365295
1,1,0.6419616341590881
0,0,3.3009213140644533e-09
1,1,0.9446290135383606
1,1,0.5311965346336365
1,1,0.9995360374450684
1,1,0.9981082677841187
1,1,0.8722875714302063
0,0,0.004009337164461613
0,0,0.0008859648951329291
1,1,0.9740080237388611
1,1,0.8609583377838135
1,1,0.9547172784805298
1,1,0.9948154091835022
0,0,0.023748086765408516
0,0,0.34040939807891846
1,0,0.08183097839355469
0,0,0.42283618450164795
0,0,0.28206130862236023
0,0,0.3680706024169922
1,1,0.9848759770393372
1,1,0.9069837927818298
1,1,0.9997827410697937
0,0,0.09588565677404404
0,0,0.006158160977065563
1,1,0.7056728005409241
0,0,0.0007374323904514313
1,1,0.9967340230941772
1,1,0.872252881526947
1,1,0.6558513641357422
1,1,0.9954004883766174
0,0,2.739929550443776e-05
1,1,0.9909301400184631
0,1,0.640095055103302
0,0,0.03452898934483528
1,1,0.9995402097702026
1,1,0.9681057333946228
1,1,0.9696832895278931
0,0,0.0031851516105234623
1,1,0.9993886947631836
1,1,0.9996402263641357
1,1,0.9794273376464844
1,1,0.9958503246307373
1,1,0.9991233944892883
1,1,0.9966186285018921
0,0,0.0043298015370965
0,0,0.0006260199006646872
0,0,0.06949003785848618
0,0,0.03460253030061722
0,0,0.009487577714025974
1,1,0.9816533923149109
1,1,0.9950814247131348
0,0,0.45989781618118286
1,1,0.9999998807907104
1,1,0.9999899864196777
0,0,0.0008985371678136289
1,1,0.9854904413223267
0,0,0.03535979613661766
1,1,0.6026298403739929
0,0,0.11961399763822556
1,0,0.38441184163093567
1,1,0.6905930042266846
1,1,0.9999994039535522
1,1,0.9892234802246094
1,1,0.8530125617980957
1,0,0.32702067494392395
0,0,0.0008436444913968444
1,1,0.9999065399169922
0,0,0.06732741743326187
0,0,0.17015083134174347
0,0,0.0015788039891049266
1,0,0.2778707444667816
0,0,0.11330991983413696
1,1,0.9988914132118225
0,0,2.3783768483554013e-05
1,1,0.9352627396583557
1,1,0.9995878338813782
1,1,0.996549129486084
1,1,0.9990919828414917
1,0,0.46998316049575806
1,1,0.9996457099914551
0,0,0.2726883888244629
0,0,1.194713306432649e-22
0,0,0.0034654976334422827
0,0,0.21592529118061066
1,1,0.991209864616394
0,0,0.008129570633172989
0,0,2.2695174266118556e-05
1,1,0.9985496401786804
0,0,0.00044261047150939703
0,0,2.248748160127434e-06
1,1,0.9874293208122253
1,1,0.9996328353881836
1,1,0.9825822114944458
0,0,0.00035850107087753713
0,0,0.0034013467375189066
1,1,0.9503375887870789
0,0,0.042318910360336304
0,0,0.26561641693115234
0,0,3.8653065530525055e-06
0,0,0.001396972336806357
0,0,6.423670697586203e-07
1,1,0.9917437434196472
0,0,0.15107563138008118
1,1,0.9960793852806091
1,1,0.9968863129615784
1,0,0.0991712212562561
1,0,0.3134794235229492
0,0,0.021452339366078377
0,0,0.010154745541512966
0,0,0.01997620239853859
1,1,0.9811559915542603
1,1,0.9988952875137329
1,1,0.9915285110473633
1,1,0.7969093322753906
0,0,0.03770391643047333
1,1,0.7270861864089966
0,1,0.6620150208473206
1,1,0.9986924529075623
0,0,0.006337381433695555
0,0,0.05005856230854988
1,1,0.9892095923423767
0,1,0.5370049476623535
0,0,0.06378698348999023
0,0,0.006862374022603035
0,0,0.1542939394712448
1,1,0.565139651298523
1,1,0.9969189167022705
0,0,0.49874892830848694
0,0,0.009922551922500134
0,0,0.014299014583230019
0,0,0.005551930516958237
1,1,0.9998953342437744
1,1,0.9892367720603943
1,1,0.929383397102356
1,1,0.9647872447967529
0,0,0.03763894364237785
0,0,0.231998473405838
0,0,1.4165105312713422e-05
0,0,0.044392138719558716
1,1,0.9913612008094788
1,1,0.891930878162384
0,0,0.2928176522254944
0,0,0.02754262648522854
0,0,0.054180096834897995
0,0,0.12329857796430588
1,1,0.9637075662612915
0,1,0.6124013662338257
1,1,0.9993541836738586
0,0,0.0034873078111559153
0,0,0.04284219443798065
1,1,0.9477654099464417
1,1,0.9689581394195557
1,1,0.9831795692443848
1,1,0.8981446623802185
1,1,0.8980419635772705
1,0,0.16118647158145905
1,1,0.9770240187644958
0,0,1.7520958295325073e-10
0,0,0.006613393779844046
0,0,0.005774094723165035
0,0,0.357232004404068
0,0,0.005701339803636074
1,1,0.5129578113555908
0,0,2.7090937493312595e-08
1,1,0.9507410526275635
0,0,0.041857436299324036
0,0,0.008287971839308739
0,0,0.02167464606463909
1,1,0.9999954700469971
1,1,0.9734607338905334
1,0,0.34278714656829834
1,1,0.690683126449585
1,1,0.5321072340011597
0,0,0.022999277338385582
1,0,0.19224117696285248
0,0,0.03645269200205803
1,1,0.9964725375175476
1,1,0.9777482748031616
1,1,0.9999343156814575
1,1,0.9587782621383667
0,0,0.00024400051916018128
1,1,0.9679034352302551
1,1,0.9969891905784607
0,0,0.0020834633614867926
1,1,0.9950351715087891
0,0,0.01186014898121357
0,1,0.5833809971809387
1,1,0.9009702801704407
1,1,0.999671220779419
1,1,0.9997771382331848
0,0,0.03510262817144394
0,0,6.718988879583776e-05
1,1,0.9998528957366943
1,1,0.9743173122406006
1,1,0.9915660619735718
1,1,0.9898880124092102
0,0,0.09883081912994385
1,1,0.7483826279640198
0,0,0.001594086759723723
1,1,0.9994168281555176
0,0,0.010378568433225155
1,1,0.9987232089042664
1,1,0.9774907827377319
1,1,0.9949204325675964
1,1,0.9382175803184509
1,1,0.9270567297935486
0,0,0.0005736190942116082
1,1,0.9999854564666748
1,1,1.0
1,1,1.0
1,1,0.9996446371078491
1,1,0.8977658152580261
1,1,0.9060184359550476
1,1,0.9998694658279419
1,1,0.9953743815422058
0,0,5.401680391514674e-05
0,0,0.2137269824743271
0,0,0.07482249289751053
1,1,0.8495544791221619
0,0,0.09032955020666122
0,0,0.43956631422042847
1,1,0.939086377620697
1,1,0.8043385148048401
0,0,0.02931242808699608
0,0,0.08163797110319138
1,1,0.9999436140060425
1,1,0.9999685287475586
1,1,0.7946283221244812
0,0,0.001558381598442793
0,0,0.17325127124786377
1,1,0.9985693693161011
1,1,0.9681705236434937
1,1,0.9957432150840759
1,1,0.9554269909858704
0,0,0.3196307420730591
1,1,0.9537662863731384
0,0,0.08756115287542343
1,1,1.0
0,0,0.1280362755060196
0,0,0.005160242319107056
0,0,0.027433985844254494
1,1,0.9818252325057983
1,1,0.9585294723510742
1,1,0.9999526739120483
1,1,0.998835027217865
1,1,0.9880921840667725
1,1,0.9999873638153076
0,0,0.0008410459849983454
0,0,0.0058210608549416065
1,1,0.9999995231628418
1,1,0.9928526282310486
1,1,0.7504836916923523
1,1,0.9759519696235657
0,0,0.0077297501266002655
1,1,0.9997178912162781
0,0,0.005499641876667738
0,0,0.0007221357664093375
0,0,0.002199952956289053
1,1,0.995134174823761
0,0,0.0007019693730399013
0,0,0.49960216879844666
1,1,0.9912657141685486
0,1,0.8781034350395203
1,1,0.9996588230133057
1,1,0.9981814622879028
1,1,0.9040452837944031
0,1,0.9257733225822449
1,1,0.9910576343536377
0,0,0.00753055140376091
0,0,0.00838639959692955
1,1,0.9900588393211365
1,1,0.9902436137199402
0,0,0.09156353771686554
1,1,0.979768693447113
1,1,0.9998248219490051
0,0,0.07640034705400467
1,1,0.9172192811965942
1,1,0.642584502696991
1,1,0.9838618636131287
1,1,0.9768404960632324
1,1,0.8174483776092529
1,1,0.9986660480499268
1,1,0.9859214425086975
1,1,0.9998493194580078
1,1,0.9946317672729492
0,0,0.0001980221422854811
1,1,0.9994255304336548
1,1,0.7028632760047913
1,1,0.8900716304779053
1,1,0.9999970197677612
1,1,0.9999922513961792
0,0,0.053584419190883636
0,0,0.010655129328370094
0,0,0.05410571023821831
0,0,0.2028011679649353
1,1,0.8001298904418945
1,1,0.9934590458869934
0,0,0.0013175042113289237
1,1,0.9999700784683228
0,0,0.05519840121269226
1,1,0.9992243051528931
0,0,0.012992098927497864
0,0,0.259034663438797
0,0,0.004947176203131676
1,1,0.9767555594444275
0,1,0.6659197211265564
1,0,0.17474746704101562
0,0,0.08419286459684372
1,1,0.9787918329238892
1,1,0.9928418397903442
1,1,0.9629318714141846
1,1,0.9871314764022827
1,1,0.9178038835525513
0,0,0.13480809330940247
1,1,0.8821206092834473
1,1,0.907059907913208
1,1,0.9407484531402588
1,1,0.9128520488739014
1,1,0.9350671768188477
1,1,0.981532096862793
1,1,0.6016706824302673
1,1,0.999887228012085
1,1,0.9991017580032349
1,1,0.9765251874923706
1,0,0.30221936106681824
0,0,0.0005168779171071947
0,0,0.0016435893485322595
1,1,0.9997286200523376
0,0,0.0014629469951614738
0,0,0.03146258369088173
1,1,0.9895783066749573
0,0,0.011879650875926018
1,1,0.944922685623169
1,1,0.9983084201812744
0,0,0.0030910419300198555
1,1,0.9304236173629761
1,1,0.9976558685302734
1,1,0.9989728927612305
1,0,0.07612462341785431
0,0,0.08541683852672577
1,1,0.9985721111297607
1,1,0.9634082913398743
1,1,0.9980179071426392
1,1,0.9999924898147583
1,1,0.9692906737327576
0,0,0.03801813721656799
1,1,0.9468687176704407
0,0,0.21759898960590363
0,0,0.30062204599380493
0,0,0.14319711923599243
1,1,0.9984787106513977
1,1,0.9500856399536133
0,0,0.011332463473081589
0,0,0.055378884077072144
1,1,0.9917463064193726
0,0,0.1475694626569748
1,1,0.99988853931427
1,1,0.9999773502349854
1,1,0.5029124021530151
0,0,0.07926928997039795
0,0,0.11234965920448303
0,0,0.07296345382928848
0,1,0.9090371131896973
0,0,0.05052383244037628
1,1,0.999995231628418
1,1,0.8677055239677429
1,0,0.17562608420848846
1,1,0.9999767541885376
0,0,4.998977794212767e-12
0,0,0.0006321679102256894
1,1,0.9997145533561707
0,0,0.024817923083901405
0,0,0.007556136231869459
0,0,0.044665973633527756
1,1,0.8277575969696045
0,0,5.593500191025669e-06
1,1,0.9713523983955383
1,1,0.9982770681381226
1,1,0.9999959468841553
0,0,0.056478191167116165
1,1,0.998954176902771
1,1,0.9891331791877747
0,0,0.029586410149931908
1,1,0.9524616599082947
0,0,0.10891788452863693
0,0,0.0017227057833224535
1,1,0.9391167759895325
1,1,0.9996953010559082
1,1,0.9998769760131836
1,1,0.9988391995429993
0,0,0.0024382632691413164
1,1,0.8196814060211182
0,0,0.0110253831371665
1,1,0.9525207281112671
0,0,0.05729244276881218
0,0,0.10818418860435486
0,0,0.011351167224347591
0,0,0.0005143483285792172
0,0,0.017009912058711052
1,1,0.9999926090240479
0,0,0.4274371564388275
0,0,0.0860971137881279
1,1,0.9808182716369629
1,1,0.9872295260429382
0,0,0.010508350096642971
1,1,0.9969450831413269
1,1,0.9760730266571045
0,0,0.0409979484975338
1,1,0.9814380407333374
1,1,0.8406329154968262
1,1,0.9999487400054932
1,1,0.9988934397697449
0,0,0.0018054406391456723
0,0,0.026897737756371498
1,1,0.9675076007843018
1,0,0.2391844242811203
1,1,0.823345422744751
0,0,0.029178272932767868
0,0,0.0351509191095829
0,0,0.2605765163898468
1,1,0.9845296144485474
1,1,0.9704602360725403
1,1,0.9826116561889648
0,0,0.07789690792560577
1,1,0.9997327923774719
0,0,0.2868773639202118
0,0,0.016981026157736778
0,0,0.02499484084546566
1,1,0.9973796606063843
1,0,0.23819011449813843
0,1,0.8476036787033081
0,1,0.6254156231880188
1,1,0.9999784231185913
1,1,0.993574321269989
0,0,0.02389710210263729
1,1,0.9999617338180542
0,0,0.019236624240875244
1,1,0.8534163236618042
0,0,0.002919234335422516
0,0,0.48450136184692383
1,1,0.8037350177764893
0,0,0.3820491135120392
0,0,0.004615167621523142
1,1,0.8900716304779053
1,0,0.4478490650653839
0,0,0.04387705400586128
0,0,0.021840618923306465
1,1,0.9886677861213684
0,0,0.0021810014732182026
1,1,0.9834200143814087
1,1,0.9991023540496826
0,0,0.03156436234712601
0,0,0.01182540599256754
1,0,0.11264105141162872
1,1,0.895719051361084
0,0,0.003732949262484908
1,1,0.9999997615814209
1,1,0.8505948185920715
0,0,0.11589495837688446
1,1,0.9997637867927551
1,1,0.9999004602432251
0,0,0.001202734769321978
0,0,0.0007580865058116615
0,0,0.0728587880730629
1,0,0.4527719020843506
1,1,0.9696453213691711
0,0,0.07839793711900711
1,1,0.5320287942886353
1,1,0.8881468176841736
1,1,0.9996633529663086
1,1,0.5852252244949341
0,0,0.3359261751174927
1,1,0.8949255347251892
0,0,0.25690901279449463
0,0,0.17388804256916046
1,0,0.26986587047576904
1,1,0.9987276196479797
1,1,0.816959023475647
0,0,0.12397103011608124
1,1,0.9973872303962708
0,0,0.018808383494615555
1,1,1.0
1,0,0.00043774794903583825
0,0,0.003917648922652006
0,0,0.23485392332077026
0,0,0.039483651518821716
1,1,0.9174867272377014
0,0,0.0017515977378934622
0,0,0.002056380035355687
1,1,0.9583567976951599
0,0,0.016286099329590797
1,1,0.8659519553184509
0,0,0.27638399600982666
1,1,1.0
1,1,0.9867244362831116
0,1,0.5538768172264099
0,0,0.09864438325166702
1,1,0.9120187759399414
1,1,0.9761801362037659
1,1,0.9833646416664124
1,1,0.9486187100410461
1,1,0.9999116659164429
1,1,0.9999991655349731
0,0,2.254224273201544e-05
1,1,0.9999994039535522
1,1,0.9999655485153198
1,0,0.012101634405553341
1,1,0.9294978976249695
0,0,0.030177472159266472
0,0,0.038435861468315125
0,0,0.20713074505329132
0,0,0.37440869212150574
0,0,0.24558977782726288
1,1,0.9962305426597595
1,1,0.9999994039535522
0,0,0.021668484434485435
1,1,0.9941666126251221
1,1,0.9990848302841187
1,1,0.5943261981010437
1,1,0.9941533207893372
0,0,0.4107005000114441
0,1,0.9959828853607178
0,0,0.010778896510601044
1,0,0.46285301446914673
1,1,0.9701751470565796
1,1,0.9994242191314697
1,0,0.3459467887878418
1,1,0.8724690675735474
0,1,0.6934776306152344
1,1,0.9991908669471741
0,1,0.7779494524002075
0,0,0.026924770325422287
0,0,0.11586742848157883
1,1,0.9986780285835266
0,0,0.06994149833917618
0,0,0.03346313536167145
0,0,0.0031851576641201973
1,1,0.8635663390159607
1,1,0.9227063059806824
1,1,0.9985080361366272
1,1,0.9864456057548523
1,1,0.9999183416366577
1,1,0.9976086616516113
1,1,0.9999911785125732
1,1,0.7825504541397095
0,1,0.5230288505554199
1,1,0.9790353775024414
0,0,0.030672306194901466
0,0,0.11134958267211914
1,1,0.8015734553337097
0,0,0.11237088590860367
0,1,0.8945034742355347
0,0,0.013214356265962124
0,0,0.0001436856109648943
1,1,0.9999644756317139
0,0,0.00025310591445304453
0,0,0.00028209053562022746
1,1,0.9897538423538208
0,0,0.000620559265371412
1,1,0.8047897219657898
1,1,0.995405912399292
0,0,0.19417954981327057
0,0,0.026881976053118706
1,1,0.7021588087081909
1,1,0.9995319843292236
0,0,0.027306988835334778
1,1,0.9840059876441956
1,1,0.997748076915741
0,0,0.020899802446365356
0,0,0.19619563221931458
0,0,0.2288510799407959
0,0,0.00036564821493811905
0,0,0.15860122442245483
0,0,0.0038974464405328035
1,1,0.5106543302536011
1,1,0.9910365343093872
0,0,0.2171330451965332
1,1,0.8246766328811646
0,0,0.026554174721240997
0,0,0.007826241664588451
1,1,0.918150007724762
0,0,0.0016962955705821514
0,1,0.8145588636398315
0,0,0.0005273731076158583
1,1,0.9999964237213135
0,0,3.065130727009091e-08
0,0,0.00018684560200199485
0,0,0.00010739584831753746
1,1,0.8545780181884766
1,1,0.9983363747596741
1,1,0.9890989065170288
1,1,0.6856659650802612
1,1,0.9823022484779358
1,1,0.996475875377655
0,1,0.6248186826705933
1,1,0.9973351359367371
1,1,0.9999847412109375
1,1,0.9997425675392151
1,1,0.9977380037307739
1,1,0.922534704208374
0,0,0.20349599421024323
1,1,0.9432275891304016
1,1,0.9987406134605408
0,0,0.013000398874282837
1,1,0.9140461087226868
0,0,0.1286807656288147
0,0,1.6691166820237413e-05
0,0,8.206068014260381e-05
1,1,0.9984546899795532
1,1,0.9999387264251709
1,1,0.7730947136878967
0,0,0.00032265481422655284
0,0,0.11539389193058014
0,0,0.0031121002975851297
1,1,0.7672945261001587
1,0,0.48681628704071045
0,0,0.02726113423705101
1,1,0.9607162475585938
1,1,0.9999368190765381
0,1,0.7630863189697266
1,1,0.9997332692146301
0,0,0.3428645730018616
0,0,0.017519453540444374
1,1,0.9999189376831055
1,1,0.9864338636398315
0,0,0.024572137743234634
1,0,0.05864112451672554
1,1,0.7418599128723145
1,1,0.9997227787971497
1,1,0.9973788261413574
1,1,0.9978373646736145
0,0,0.002665524138137698
1,1,0.9652934074401855
0,0,0.020847026258707047
1,1,0.9958258867263794
1,1,0.9747732281684875
1,1,0.9984641075134277
1,1,0.9999889135360718
1,1,0.8681076765060425
1,1,0.9544622898101807
1,1,0.9979982972145081
1,1,0.9999899864196777
1,1,0.9996022582054138
1,1,0.9995096921920776
1,1,0.9216194748878479
0,0,0.03719421848654747
1,1,0.9771222472190857
0,0,0.0019279354019090533
0,0,0.039436738938093185
1,1,0.8832428455352783
1,1,0.9155348539352417
1,1,0.9982580542564392
0,0,0.28053581714630127
1,1,0.9962306618690491
0,0,5.718592547054868e-06
0,0,0.10451105237007141
1,1,0.9640366435050964
0,0,0.1777234822511673
1,1,0.7564394474029541
0,0,0.0011473398189991713
0,0,0.0006440332508645952
1,1,0.9955111742019653
1,1,0.9984872341156006
1,1,0.9375429153442383
0,0,0.00023113592760637403
0,0,0.0012138503370806575
0,0,0.0020898946095257998
1,1,0.9824479222297668
0,0,0.0025969219859689474
0,0,0.015162738040089607
0,0,0.018187468871474266
0,0,0.023039910942316055
1,1,0.9977587461471558
0,0,0.0018406074959784746
0,0,0.38639530539512634
1,0,0.497492253780365
1,1,0.9999268054962158
1,1,0.9999878406524658
1,1,0.9990957975387573
0,0,0.30803582072257996
1,1,0.999798595905304
1,1,0.9999812841415405
1,1,0.9947671890258789
0,0,0.09441331028938293
0,0,6.936389581824187e-06
0,0,0.012084366753697395
1,1,0.9999985694885254
1,0,0.4123672842979431
1,1,0.9434158802032471
0,0,0.0017783246003091335
1,1,0.999595582485199
1,1,0.8948224782943726
0,0,0.003546301042661071
0,0,0.004770536441355944
0,0,2.9268161597428843e-05
0,0,4.247215656505432e-06
1,1,0.778523862361908
0,0,3.845965750315372e-07
0,0,2.317716052857577e-06
0,0,0.04720597341656685
0,0,0.2775486707687378
0,0,0.004469217732548714
1,1,0.9942421317100525
1,1,0.955619215965271
1,1,0.8469505906105042
0,0,0.06857617944478989
1,1,0.9934179782867432
1,1,0.9681637287139893
1,1,0.9999802112579346
1,1,0.9764305949211121
0,0,0.00516030378639698
0,0,0.014980513602495193
0,0,0.004741228651255369
0,0,0.06964718550443649
1,1,0.8721352815628052
1,1,0.9646224975585938
1,1,0.9717140197753906
0,1,0.8417640328407288
1,1,0.8106448650360107
0,0,0.00231955130584538
1,0,0.25162220001220703
0,0,0.013195871375501156
0,0,0.0009915913688018918
0,0,0.30535027384757996
1,1,0.9523440003395081
1,1,0.8757100701332092
1,1,0.9999948740005493
0,0,0.006743625272065401
1,1,0.9767941832542419
0,1,0.540496289730072
0,0,0.02724112570285797
0,1,0.6213738918304443
0,0,0.002295513404533267
0,0,0.0009595087612979114
1,1,0.9997212290763855
0,0,0.14884981513023376
0,0,0.029956310987472534
0,0,0.49915647506713867
0,0,0.021219313144683838
1,0,0.36461156606674194
0,0,4.0584935049992055e-05
0,0,0.00986555963754654
1,1,0.8921998143196106
0,0,0.028107428923249245
0,0,7.30645188014023e-05
0,0,0.08351549506187439
1,1,0.999972939491272
0,0,0.3025229871273041
1,1,0.9899152517318726
1,1,0.9988935589790344
1,1,0.9948558807373047
1,1,0.9062579274177551
1,1,0.9780263304710388
0,0,0.10614564269781113
1,1,0.9953678846359253
1,1,0.9998564720153809
0,0,0.42145490646362305
0,0,0.10817563533782959
1,1,0.9984556436538696
1,1,0.608790397644043
0,0,0.00158931955229491
0,0,0.010772604495286942
1,1,0.9994852542877197
1,1,0.6652638912200928
1,1,0.9996370077133179
1,1,0.9996947050094604
0,1,0.8726261258125305
0,0,0.0011884226696565747
1,1,0.998745322227478
0,0,0.010352091863751411
0,0,0.08771325647830963
1,1,0.969785749912262
0,0,0.03836046904325485
0,0,0.17783229053020477
0,0,0.00578159699216485
1,1,0.9945863485336304
0,0,0.27149471640586853
0,0,0.007409488316625357
0,0,0.0039115953259170055
0,0,0.0010279336711391807
1,1,0.9211606979370117
1,1,0.9995651841163635
0,0,6.163249781820923e-05
1,1,0.9943873286247253
1,1,0.9675886034965515
1,1,0.9858004450798035
0,1,0.5819432139396667
0,0,0.07657869905233383
0,0,0.0317472480237484
0,0,0.0015252939192578197
0,0,0.00016159431834239513
1,1,0.9997954964637756
0,0,0.0017826671246439219
0,0,0.0007659842958673835
1,1,0.9698562622070312
1,1,0.9470252990722656
0,0,0.032329119741916656
0,0,0.030139967799186707
1,1,0.9109662175178528
0,0,0.4457942247390747
1,1,0.999980092048645
0,0,0.03062530793249607
1,1,0.8885861039161682
1,1,0.9986306428909302
1,1,0.9873320460319519
0,0,0.02265486679971218
1,1,0.9997681975364685
1,1,0.9836289286613464
0,0,0.09865738451480865
0,0,0.1671316772699356
1,0,0.3507451117038727
0,0,0.030019810423254967
0,0,0.0018476906698197126
1,1,0.9978485107421875
0,0,0.0001420699554728344
1,1,0.9996819496154785
0,0,0.0025898953899741173
1,1,0.999762237071991
0,0,0.3312414586544037
0,0,0.03761736676096916
0,0,0.005814388860017061
0,1,0.993000864982605
0,0,0.14944793283939362
1,1,0.9986345171928406
1,1,0.9349421858787537
1,1,0.919614315032959
0,0,0.0889110416173935
1,1,0.994097113609314
0,0,0.03552636131644249
1,1,0.9758920669555664
1,1,0.9996392726898193
0,0,0.017233746126294136
0,0,1.9653181880130433e-05
0,0,0.0002476613153703511
1,1,0.993259608745575
0,0,0.004606203641742468
1,1,0.99997878074646
0,0,0.0027926962357014418
0,0,0.021801307797431946
0,0,0.0005110919591970742
0,0,0.09096798300743103
1,1,0.7305870652198792
0,0,0.0035687193740159273
0,0,0.003117517801001668
0,0,0.005172417499125004
0,0,0.14500607550144196
1,1,0.9964659214019775
0,0,0.005881163291633129
0,0,0.005042224656790495
0,0,0.20746959745883942
0,0,0.006770651321858168
0,1,0.9725606441497803
1,1,0.9570032358169556
1,1,0.9525749087333679
0,1,0.6748009324073792
0,0,0.03174380213022232
0,0,0.28683194518089294
1,1,0.9969473481178284
0,1,0.8439759016036987
1,1,0.990204930305481
1,0,0.23752275109291077
0,0,0.0008166470215655863
1,1,0.8431127667427063
0,0,0.0003463032771833241
1,0,0.3810511529445648
1,0,0.33302468061447144
0,0,0.07012903690338135
0,1,0.5559095144271851
1,1,0.9630411863327026
1,1,0.9926884174346924
1,1,0.6734549403190613
0,0,0.004031744319945574
1,1,0.9103978872299194
0,0,0.001355291809886694
1,1,0.9999983310699463
1,1,0.9999997615814209
1,1,0.9845985174179077
0,0,0.287684828042984
1,1,0.9999986886978149
1,1,0.9927474856376648
1,1,0.9411672949790955
0,0,0.0602390393614769
0,0,0.0071011874824762344
0,0,0.01501004584133625
0,0,0.0008399747312068939
1,1,0.9999022483825684
1,1,0.980583906173706
1,1,0.998634397983551
0,0,0.001676764339208603
1,1,0.8860900402069092
0,0,0.002302980050444603
1,1,0.9934073686599731
0,0,0.1876152902841568
0,0,0.09519055485725403
0,0,0.12875588238239288
1,1,0.9998819828033447
1,1,0.6789906620979309
1,1,0.9999985694885254
0,0,0.2613781690597534
1,1,0.998742401599884
0,1,0.7341335415840149
1,1,0.6715804934501648
1,1,0.9975161552429199
0,0,0.10926083475351334
0,0,0.4282870888710022
1,1,0.9669064879417419
0,0,0.07214049249887466
1,1,0.7634094953536987
1,1,0.9050166010856628
1,0,0.21190880239009857
1,1,0.9997707009315491
1,1,0.9546307921409607
1,1,0.9999209642410278
1,1,0.99724280834198
1,1,0.9999969005584717
0,0,0.012252856977283955
1,1,0.9954538345336914
1,1,0.9999951124191284
0,1,0.5750278234481812
0,0,0.04663112014532089
0,0,0.006349628791213036
0,0,0.0007780693122185767
0,0,2.4217951022365014e-07
1,1,0.9454429745674133
1,1,0.966876745223999
1,1,0.9231365919113159
1,1,0.9599065780639648
1,1,0.7314230799674988
1,1,0.9413628578186035
1,1,0.5143136978149414
1,1,0.9152812957763672
1,1,0.7266107797622681
1,0,0.47297728061676025
0,0,0.11803419142961502
1,1,0.7083160877227783
1,1,0.9737045764923096
1,1,0.9951300621032715
1,1,0.96507728099823
1,1,0.9996194839477539
1,1,0.9976934790611267
1,1,0.9977936744689941
1,1,0.770241379737854
0,0,0.05320574715733528
0,0,0.0007024956867098808
0,0,0.00369488843716681
1,1,0.9999492168426514
1,1,0.9925606846809387
1,1,0.9814256429672241
0,0,0.002102635335177183
1,1,0.9999951124191284
1,1,0.9369596242904663
1,1,0.9333035349845886
1,1,0.9989306330680847
0,0,0.016763847321271896
1,1,0.9999929666519165
1,1,0.9674257636070251
0,0,0.3129294514656067
1,1,0.9980213642120361
1,1,0.8486269116401672
0,0,0.0012198734330013394
1,1,0.7042661905288696
0,0,0.0018416879465803504
0,0,0.33005741238594055
1,1,0.938556432723999
0,0,0.002989397617056966
1,1,0.8048509955406189
0,0,0.06721967458724976
0,0,0.006174479145556688
1,1,0.9996527433395386
1,1,0.9931929707527161
1,1,0.9995328187942505
0,0,0.14866209030151367
1,1,0.979969322681427
1,1,0.9997890591621399
0,0,0.015139584429562092
0,0,0.0052320221439003944
1,1,0.9990167617797852
1,1,0.8576653599739075
0,0,0.03988417237997055
1,1,0.9986376166343689
1,1,0.9619625806808472
0,0,0.13074512779712677
1,1,0.9659070372581482
0,0,0.007088902872055769
0,0,0.1759309321641922
0,1,0.7969627380371094
0,0,0.008341653272509575
0,1,0.5258310437202454
0,0,0.28449633717536926
0,0,0.03773249685764313
1,1,0.5277711153030396
0,1,0.7535200119018555
1,1,0.5807745456695557
0,1,0.8923876285552979
0,0,0.0781942829489708
1,1,0.659307599067688
0,0,0.16911065578460693
1,1,0.993368923664093
1,0,0.41156458854675293
1,1,0.9288584589958191
1,1,0.9986936450004578
0,0,0.4130723178386688
1,0,0.2832712233066559
0,0,0.015935804694890976
1,1,0.6606360077857971
0,0,0.005059525370597839
0,0,0.0007914768648333848
0,0,0.004505990073084831
0,0,0.2615605890750885
0,0,0.422576904296875
0,0,6.1139962781453505e-06
1,1,0.8659943342208862
1,1,0.9861547350883484
0,1,0.7306976318359375
0,0,0.22357666492462158
0,0,0.0003128963871859014
1,1,0.9998617172241211
0,0,0.030407408252358437
1,1,0.8382975459098816
0,0,0.033836930990219116
0,0,0.025431431829929352
0,0,0.061402447521686554
1,1,0.9968999624252319
1,1,0.9855788946151733
1,1,0.9999197721481323
1,1,0.9995915293693542
0,0,0.054556746035814285
0,0,0.13339489698410034
0,0,0.14457736909389496
0,0,9.406585013493896e-05
0,0,0.08205254375934601
1,1,0.9809518456459045
1,1,0.9999803304672241
1,1,0.9985328912734985
1,1,0.9964525699615479
1,1,0.8446487784385681
1,1,0.890006422996521
1,1,0.9990837574005127
0,0,0.3366714417934418
1,1,0.8963031768798828
0,0,0.00012378537212498486
1,1,0.9055189490318298
1,1,0.9951545000076294
1,1,0.942002534866333
0,0,0.00010739686695160344
0,0,5.4613701649941504e-05
0,0,0.00416379002854228
0,0,0.08586659282445908
1,1,0.9849690198898315
0,0,0.0040312521159648895
0,0,0.10860171169042587
0,0,0.2958013117313385
0,0,0.02558644488453865
1,1,0.9793195128440857
0,0,0.0023284414783120155
1,1,0.9524661898612976
0,0,1.2104798770451453e-05
0,1,0.5963762998580933
1,1,0.9992913007736206
0,0,4.879692642134614e-05
0,0,0.1601439267396927
1,1,0.7504374384880066
1,1,0.6274570822715759
0,0,0.0003224706160835922
0,0,0.2249356061220169
0,0,0.002494524698704481
1,1,0.6586449146270752
1,1,0.9942057728767395
1,1,0.9981458187103271
1,1,0.9546487927436829
1,1,0.9958217144012451
0,0,0.0004878092440776527
1,1,0.8904392123222351
1,0,0.24318133294582367
1,1,0.9504366517066956
1,1,0.8756682872772217
0,1,0.8521841764450073
0,0,0.0221047792583704
0,0,0.02943376451730728
1,1,0.9698563814163208
1,1,0.9994799494743347
0,0,0.09525056928396225
0,0,0.05677337571978569
0,0,0.012045843526721
1,1,0.9653812646865845
1,1,0.972255527973175
1,1,0.7026072144508362
1,1,0.9705901741981506
1,1,0.9728705883026123
1,1,0.9997981190681458
1,1,0.9886903166770935
0,0,0.0004675414820667356
1,1,0.9990448355674744
1,1,0.9952877759933472
0,0,0.00037680272362194955
0,0,0.01938606984913349
0,0,2.7498122108227108e-06
0,0,0.21112863719463348
0,0,5.2126029187471445e-11
0,1,0.5349423885345459
1,1,0.9964479207992554
0,0,0.01612049527466297
1,1,1.0
1,1,0.9995206594467163
1,1,0.8627097010612488
1,1,0.8386222124099731
0,1,0.6269219517707825
1,1,0.9999974966049194
0,0,0.015563646331429482
1,1,0.9907282590866089
0,0,0.0019313892116770148
1,1,0.9999223947525024
1,1,0.9996658563613892
1,1,0.8153049945831299
0,0,0.07916724681854248
1,1,0.9871795773506165
1,1,0.9873572587966919
1,1,0.9915903210639954
1,1,0.99868243932724
0,0,0.0054032341577112675
0,0,0.012321921065449715
1,1,0.839453935623169
1,1,0.9997201561927795
1,1,0.8613987565040588
1,1,0.9832673668861389
1,1,0.9998871088027954
1,1,0.9692163467407227
0,0,2.2988107957644388e-05
0,0,0.00031396615668199956
1,1,0.9838365912437439
0,0,0.00021010373893659562
0,0,0.2677818834781647
0,0,0.0004339228034950793
0,1,0.8777700662612915
0,0,0.1727912425994873
0,0,0.3620592951774597
1,0,0.20637989044189453
1,1,0.9999402761459351
1,1,0.9993796348571777
0,0,0.003738677827641368
1,1,0.9972108006477356
1,1,0.917000949382782
0,0,0.3786625266075134
1,1,0.9963908791542053
1,1,0.9944936633110046
1,1,0.9996299743652344
1,1,0.9762453436851501
1,1,0.9997614026069641
1,1,0.9650034308433533
1,1,0.9995326995849609
1,1,0.9456182718276978
0,0,0.0015616250457242131
1,1,0.805678129196167
0,0,0.10235777497291565
1,1,0.848098874092102
1,1,0.8361087441444397
1,1,0.995071530342102
0,1,0.7040503025054932
0,0,0.0008430759771727026
1,1,0.944548487663269
0,0,2.945105670448811e-08
0,0,0.02605094574391842
0,0,0.012232502922415733
1,1,0.999630331993103
1,1,0.999702513217926
1,0,0.3825888931751251
1,1,0.9894608855247498
1,0,0.37879979610443115
1,1,0.7714541554450989
0,0,0.04534802958369255
1,1,0.9403676390647888
0,0,0.06509742885828018
1,1,0.9997825026512146
0,0,0.004830819554626942
1,1,0.9872423410415649
1,1,0.9999803304672241
0,0,0.016787629574537277
1,0,0.008345807902514935
0,0,2.21957488975022e-05
1,1,0.9970811009407043
1,1,0.9997931122779846
1,1,0.9996575117111206
1,1,0.6734086275100708
1,1,0.9021947979927063
1,1,0.9903627038002014
1,1,0.9991984963417053
0,0,0.06845660507678986
1,1,0.9978476762771606
1,1,0.9999949932098389
0,0,0.012888312339782715
1,1,0.9930616021156311
1,1,0.9813924431800842
1,1,0.9896758198738098
0,0,0.009880812838673592
0,0,0.0011267493246123195
0,0,0.15221425890922546
1,0,0.30000102519989014
1,1,0.6183871030807495
0,0,0.0009138754685409367
1,1,0.7895205020904541
1,1,0.9994574189186096
0,0,0.02202378399670124
1,0,0.10330098122358322
1,1,0.9805837869644165
1,1,0.9921148419380188
0,0,0.00029403422377072275
0,0,0.17475511133670807
0,1,0.8287121653556824
1,0,0.18983376026153564
1,0,0.30500328540802
1,1,0.5191569328308105
1,1,0.9992119073867798
1,1,0.9999059438705444
0,0,0.0011224101763218641
1,1,0.9740117192268372
0,0,3.170303216393222e-06
1,1,0.9747330546379089
1,1,0.6901431083679199
0,1,0.9986017346382141
1,1,0.9995922446250916
1,1,0.9997652173042297
0,0,0.03871475160121918
1,1,0.9982971549034119
1,1,0.9972838163375854
1,1,0.9958190321922302
1,1,0.999228835105896
1,0,0.1314215064048767
0,0,0.0002445275604259223
1,1,0.9937108755111694
0,0,5.8339759561931714e-05
1,1,0.9745995402336121
1,1,0.9999936819076538
0,0,0.0029828615952283144
1,1,0.968375027179718
1,1,0.9817050695419312
1,0,0.48130372166633606
1,1,0.9760408997535706
0,0,0.004939555190503597
1,1,0.9966088533401489
0,0,0.31107422709465027
0,0,0.000285430287476629
1,1,0.9998101592063904
0,0,0.14003565907478333
1,1,0.999953031539917
0,0,0.0003040907031390816
0,0,0.09407615661621094
0,0,0.0017495278734713793
1,1,0.9643919467926025
1,1,0.9140480160713196
0,0,0.06242922693490982
1,1,0.9257378578186035
0,0,0.0013692694483324885
1,1,0.9999599456787109
0,0,0.0017373526934534311
1,1,0.9885300993919373
1,1,0.7393097281455994
1,1,0.9982701539993286
0,0,0.0006387358880601823
0,0,0.11919889599084854
0,0,0.06655444949865341
0,1,0.5899800062179565
1,0,0.2022969126701355
1,1,0.9971394538879395
0,0,5.431189129012637e-05
1,1,0.9999475479125977
0,0,0.004011548589915037
1,1,1.0
1,1,0.9443777203559875
1,1,0.956574559211731
0,0,0.07092248648405075
0,1,0.6536946892738342
0,0,0.2646937668323517
0,0,8.247704741393136e-09
1,1,0.9995757937431335
0,0,0.14555436372756958
1,1,0.9667369723320007
1,1,0.9999960660934448
1,1,0.9990839958190918
1,1,0.9948373436927795
1,1,0.99989914894104
0,0,0.05826351046562195
1,1,0.984734296798706
0,1,0.8295243978500366
1,0,0.1382547914981842
0,0,0.00710991770029068
0,0,0.031764592975378036
0,0,0.013268984854221344
0,0,0.002390111330896616
0,0,0.10350428521633148
0,0,0.0006325081340037286
0,1,0.7624658346176147
0,0,1.5428555343532935e-05
0,0,0.005428873468190432
0,0,0.06911653280258179
0,0,0.018431179225444794
0,0,0.0001568574080010876
0,0,0.019408468157052994
1,0,0.3373144865036011
0,0,0.0068489909172058105
1,1,0.9999892711639404
1,1,0.939939558506012
0,0,0.42690226435661316
1,1,0.9630011916160583
1,1,0.9998949766159058
1,1,0.8953251242637634
1,1,0.9705368280410767
1,1,0.9948853850364685
1,1,0.9435415267944336
1,1,0.9988992214202881
0,0,0.35118594765663147
0,1,0.505330502986908
0,0,0.01795138418674469
1,1,0.7652195692062378
1,1,0.9952151775360107
0,0,0.0006257196073420346
0,0,0.0002199609443778172
1,1,0.9991043210029602
1,1,0.9971396923065186
1,1,0.8442149758338928
1,1,0.984911322593689
1,1,0.9957245588302612
1,1,0.9401282072067261
0,0,0.10191838443279266
1,1,0.822133481502533
1,1,0.9440388083457947
0,0,0.00019842850451823324
1,1,0.9578564763069153
1,1,0.9946078062057495
1,1,0.9748685956001282
0,0,0.0001676383544690907
1,1,0.9996920824050903
1,1,0.9986333250999451
1,1,0.9811959266662598
0,0,0.23974443972110748
0,0,0.20655584335327148
1,1,0.9980340600013733
0,0,0.0010551607701927423
0,0,0.0019463254138827324
0,0,0.004420981742441654
0,0,0.0011658407747745514
1,1,0.9641803503036499
0,0,0.2704806327819824
1,1,0.9168315529823303
1,1,0.8346062898635864
1,1,0.9997649788856506
1,0,0.2920815050601959
0,0,0.003264605300500989
0,0,0.000361171638360247
0,0,0.23124931752681732
1,1,0.9988428354263306
1,1,0.9865425825119019
1,0,0.3176428973674774
1,1,0.9486939311027527
1,1,0.9875586032867432
1,1,0.995455265045166
0,0,0.019166000187397003
1,1,0.9947000741958618
1,1,0.9522609114646912
1,1,0.7685741782188416
0,0,0.054716456681489944
0,0,0.00022017702576704323
0,0,0.039857830852270126
0,0,0.004503988660871983
1,1,0.8752215504646301
0,0,0.021371720358729362
1,1,0.9960501790046692
1,1,0.9031671285629272
1,1,0.948943555355072
0,0,8.989383786683902e-06
0,0,0.006158747710287571
0,0,0.03241526708006859
0,0,0.031012950465083122
1,1,0.9997062087059021
1,1,0.996749758720398
0,0,0.005323840770870447
0,0,0.004057988524436951
0,0,0.007354781497269869
1,1,0.9993226528167725
0,0,0.0023128001485019922
0,0,0.02224769815802574
0,0,0.000551335047930479
1,1,0.9862078428268433
1,1,0.8950253129005432
1,1,0.9686673879623413
1,1,0.9999079704284668
1,1,0.9990725517272949
0,0,0.03415148705244064
1,1,0.9977573752403259
1,1,0.9958541393280029
1,1,0.999242901802063
1,1,0.9999642372131348
0,0,0.0008833184838294983
1,1,0.9681280851364136
1,1,0.8883556127548218
0,0,0.021415043622255325
0,0,1.0122043022420257e-05
1,0,0.10775578767061234
1,1,0.9943428039550781
1,1,0.8092668652534485
1,0,0.40691107511520386
1,1,0.9719332456588745
1,1,0.9997404217720032
0,0,0.024234093725681305
1,1,0.847192108631134
0,0,0.0010879796463996172
1,1,1.0
0,0,0.010513776913285255
0,0,0.003097373992204666
1,1,0.9855062961578369
1,1,0.9973965883255005
1,1,0.9575219750404358
0,0,0.029691196978092194
0,0,0.014310317113995552
1,1,0.9999696016311646
0,0,0.003861106699332595
0,0,0.038732632994651794
0,0,0.00024941485025919974
0,0,0.015980659052729607
1,1,0.9999839067459106
0,0,2.569914977357257e-05
0,0,0.12055371701717377
0,0,0.23376113176345825
0,0,0.0018655076855793595
1,1,0.9103679060935974
0,1,0.8701911568641663
0,0,0.21100983023643494
0,0,0.20650896430015564
1,1,0.8534313440322876
0,1,0.7312001585960388
1,1,0.9833728671073914
1,1,0.9999899864196777
0,0,0.0007461502100341022
1,1,0.9812822341918945
0,0,0.18981972336769104
0,0,6.627751503174295e-08
0,0,0.05405501276254654
0,0,0.04199260100722313
0,0,0.016144515946507454
1,1,0.9916175007820129
1,1,0.9993962049484253
0,0,0.0012481872690841556
1,1,0.9649981260299683
0,0,0.003920519724488258
1,1,0.9998440742492676
0,0,0.03201466053724289
0,0,0.0006847551558166742
0,0,0.08022693544626236
1,1,0.9503884315490723
1,1,0.9999721050262451
0,0,0.0008031570469029248
1,1,0.9868078827857971
1,1,0.9424615502357483
1,1,0.9751026034355164
0,1,0.8995347619056702
1,1,0.9996367692947388
0,0,0.3231106996536255
0,0,0.03714009374380112
0,0,4.134390962917678e-07
0,0,0.0173084307461977
1,1,0.9231101870536804
0,0,0.0038836386520415545
0,0,0.017591314390301704
0,0,0.1703232079744339
0,0,0.017348526045680046
0,0,0.0005745782982558012
1,1,0.6612551808357239
1,1,0.9968743324279785
0,0,0.0013256276724860072
1,1,0.9159325957298279
1,1,1.0
0,0,0.1528138965368271
1,1,0.8165314197540283
1,1,0.9999986886978149
1,1,0.822314441204071
0,0,0.0022385665215551853
0,0,0.011612053029239178
0,0,0.008951510302722454
1,1,0.9997417330741882
1,1,0.9984031319618225
0,0,0.052886560559272766
1,1,0.9959290623664856
1,1,0.9999998807907104
1,1,0.9613759517669678
1,1,0.99998939037323
1,1,0.9999998807907104
0,1,0.835817277431488
1,1,0.510951578617096
0,0,0.0020858075004070997
0,0,0.006443195044994354
0,0,4.954269388690591e-05
1,1,0.9957081079483032
0,0,0.04202377423644066
1,1,0.9998133778572083
1,1,0.8051672577857971
1,1,0.9790142178535461
0,0,0.4759393334388733
0,0,0.03428123518824577
1,0,0.37519851326942444
1,1,0.9999665021896362
0,0,0.004995707422494888
1,1,0.9939594268798828
0,0,0.46236440539360046
0,0,0.04038268327713013
1,1,0.7615679502487183
1,1,0.8821958303451538
1,1,0.9871425628662109
0,0,0.17648181319236755
0,0,0.005493094678968191
0,0,4.882344001089223e-06
1,1,0.9999998807907104
0,0,0.061479680240154266
1,1,0.9380537867546082
1,1,0.8742949962615967
0,0,0.004580255597829819
0,0,0.006256746128201485
0,0,0.004953383933752775
0,0,0.051653917878866196
0,0,0.07365827262401581
0,0,0.004633967764675617
1,1,0.9759073853492737
0,0,5.941037670709193e-06
0,0,0.030450737103819847
0,0,7.123828982003033e-05
0,0,9.191255685436772e-07
1,1,0.9995989203453064
1,1,0.9999849796295166
1,1,0.9692600965499878
0,0,0.0660860538482666
1,1,0.9978100657463074
1,1,0.9989577531814575
1,1,0.9988335967063904
1,1,0.9972037076950073
0,0,0.10842093080282211
1,1,0.9795716404914856
1,1,0.939677357673645
1,1,0.9948877692222595
0,0,0.12173228710889816
1,1,0.9891719222068787
1,1,0.994417667388916
1,1,0.9857742786407471
1,1,0.7019621133804321
0,0,0.011765427887439728
0,0,0.023725036531686783
1,1,0.9936886429786682
1,1,0.9999969005584717
0,0,0.00019092380534857512
1,1,0.9900828003883362
1,1,0.9857355952262878
0,0,0.2670992314815521
0,0,0.08321031183004379
0,0,0.20399339497089386
1,1,0.9388284683227539
1,1,0.9195597767829895
0,0,0.017246469855308533
1,1,0.9977758526802063
1,1,0.8810290694236755
1,1,0.9780669212341309
1,1,0.9584600329399109
1,0,0.30519264936447144
1,1,0.9886991381645203
1,1,0.6963016390800476
1,1,0.9944019913673401
1,1,0.9338601231575012
1,1,0.9993569254875183
0,0,0.050627805292606354
1,1,0.9495623707771301
1,1,0.9982709884643555
0,0,0.21916306018829346
1,1,0.9937591552734375
0,0,0.0056773591786623
0,0,0.0026267936918884516
1,1,0.998566210269928
0,0,0.12337692081928253
0,0,0.007149487733840942
1,1,0.8822498321533203
1,1,0.9996005892753601
1,1,0.998871386051178
1,1,0.9986891150474548
0,0,0.023333072662353516
0,0,0.15409624576568604
1,1,0.909477174282074
1,1,0.9976504445075989
0,0,0.0005826414562761784
0,0,4.2937204852933064e-05
1,1,0.9990826845169067
0,0,0.03038356639444828
1,1,0.9998481273651123
1,1,0.9998677968978882
0,0,0.07440049946308136
0,0,0.4838906228542328
1,1,0.9973257780075073
0,0,7.584398554172367e-05
1,1,0.5860530138015747
0,0,0.10518179833889008
0,0,0.11039580404758453
1,1,0.9998332262039185
0,0,0.08898783475160599
0,0,0.02211260236799717
1,1,0.9586917161941528
1,0,0.48882415890693665
0,0,0.0033567489590495825
1,1,0.9894223809242249
1,1,0.9967033267021179
0,0,0.18090233206748962
1,1,0.9927443265914917
1,1,0.9991317391395569
1,1,0.996932864189148
0,0,0.029818417504429817
0,0,0.011612331494688988
1,1,0.7599952816963196
0,0,0.009723694995045662
1,1,0.9509997367858887
0,0,0.12124163657426834
0,0,7.925247587081685e-07
1,1,0.9999945163726807
0,0,0.0375497080385685
0,0,2.4749728254391812e-05
0,0,0.15555289387702942
0,0,6.860161374788731e-05
0,0,0.0004373852862045169
1,1,0.893669068813324
0,0,0.0010296234395354986
1,1,0.996994137763977
0,0,0.07901270687580109
0,0,0.0008933949284255505
1,1,0.9911515116691589
1,1,0.9964767098426819
1,1,0.9952841401100159
0,1,0.8597069978713989
1,1,0.7143695950508118
0,0,0.024704698473215103
0,0,0.004395573865622282
0,0,1.1770087439799681e-05
1,1,0.6219721436500549
1,1,0.9263390898704529
0,0,0.21233490109443665
0,0,0.31918731331825256
1,1,0.9996230602264404
1,1,0.872284471988678
0,0,0.00653248094022274
1,1,0.9989506006240845
1,0,0.06578277051448822
0,0,0.0041539231315255165
1,1,0.9999942779541016
0,0,0.0010540290968492627
0,0,0.012407123111188412
0,0,0.004824020434170961
1,1,0.8357651829719543
1,0,0.4235430061817169
0,0,0.08024799823760986
1,1,0.9921445250511169
0,0,0.012970526702702045
0,0,3.454720354056917e-05
0,0,0.032848507165908813
1,1,0.910366415977478
0,0,0.32807475328445435
1,1,0.9750581979751587
1,1,0.966218888759613
1,1,0.906681478023529
1,1,0.987611711025238
0,0,0.00674839923158288
1,1,0.9976693987846375
0,0,0.007745972368866205
1,1,0.8842480778694153
0,0,0.018306519836187363
1,1,1.0
0,0,0.045982640236616135
1,1,0.5061710476875305
1,1,0.5500202178955078
1,1,0.7183651328086853
1,1,0.9931012392044067
0,0,0.2212018519639969
1,1,0.9931260347366333
1,1,0.9533116817474365
0,0,0.0026025688275694847
0,0,0.001376457279548049
0,0,0.035440076142549515
0,0,0.03403220325708389
1,1,0.9805883765220642
0,0,0.0029093094635754824
0,0,7.876822201069444e-05
0,0,9.451267942495178e-06
1,1,0.9404718279838562
0,0,0.0007874303264543414
1,1,0.868420422077179
0,0,0.024516843259334564
1,1,0.9737222194671631
1,1,0.9959235191345215
1,1,0.9323133826255798
1,1,0.9880000948905945
0,0,0.0723867267370224
1,1,0.770057201385498
1,1,0.9983533620834351
1,1,0.9994046688079834
0,0,0.05405055359005928
0,1,0.5330233573913574
0,0,0.00014430568262469023
0,0,0.294318825006485
0,0,0.00010576478234725073
0,0,5.708347453037277e-05
1,1,0.9370091557502747
1,1,0.570799708366394
0,0,0.002932045143097639
0,0,0.16773875057697296
1,1,0.9663405418395996
1,0,0.19951722025871277
0,0,0.26329734921455383
1,1,0.9507673382759094
0,0,0.016301866620779037
1,1,0.8973483443260193
0,0,0.002537323394790292
1,1,0.9817688465118408
1,1,0.9268071055412292
0,0,0.07760026305913925
0,0,0.02482963167130947
1,1,0.9998220801353455
1,1,0.9905086755752563
1,1,0.9292211532592773
1,1,0.9540953040122986
1,1,0.9499500393867493
0,0,0.041739050298929214
0,0,0.3373832404613495
0,0,0.17905747890472412
1,1,0.907791018486023
1,1,0.981777012348175
1,1,0.9597970247268677
0,0,0.026150928810238838
0,0,0.0002268715325044468
0,0,0.033630285412073135
1,1,0.9994139671325684
0,0,0.10694388300180435
1,1,0.9787368774414062
1,1,0.9998793601989746
1,1,0.9999603033065796
1,1,0.9989000558853149
0,0,3.070152160944417e-05
0,0,1.637217650340972e-07
0,0,0.024029454216361046
1,0,0.14443494379520416
1,1,0.800609827041626
1,1,0.9999998807907104
0,0,0.0016509245615452528
1,1,0.9999837875366211
1,1,0.9982075691223145
1,1,0.9940904974937439
1,1,0.9979561567306519
1,1,0.997041642665863
0,0,0.004980182740837336
0,0,0.055478643625974655
1,1,0.8642851114273071
0,0,0.02581913210451603
0,0,0.03744968771934509
0,1,0.7420593500137329
0,0,0.001363696064800024
1,1,0.9452231526374817
0,1,0.6840313076972961
1,1,0.9873443841934204
1,1,0.9172528982162476
0,1,0.7165479063987732
1,1,0.7073327302932739
1,1,0.9999191761016846
0,0,0.028299743309617043
0,1,0.9379348754882812
1,1,0.9999737739562988
1,1,0.9945977926254272
1,1,0.9999959468841553
1,1,0.9991236329078674
1,1,0.9581401348114014
0,0,0.22961556911468506
0,0,0.017869681119918823
1,1,0.9999639987945557
0,0,0.4869716167449951
0,0,0.010790801607072353
0,0,0.3674132823944092
1,1,0.9977084398269653
1,1,0.8826119899749756
1,1,0.999971866607666
1,1,0.7756618857383728
1,1,0.9325294494628906
0,0,0.0003360213595442474
1,1,0.9570722579956055
0,0,0.0009488522191531956
1,1,0.8877878785133362
1,1,0.7395610213279724
0,0,0.04517894238233566
1,1,0.698161780834198
1,1,0.9999281167984009
0,0,0.3536243736743927
1,1,0.9999998807907104
1,1,0.9999898672103882
1,1,0.9148309230804443
1,1,0.9954197406768799
1,1,0.9983735084533691
0,0,9.321168192855112e-08
0,0,0.0004823499475605786
0,0,2.9840137472092465e-07
0,0,6.577796011697501e-05
1,0,0.3850700259208679
0,0,0.04090297222137451
0,0,0.16492655873298645
1,1,0.9092572927474976
1,1,0.9999997615814209
1,1,0.9994961023330688
0,0,0.00011508844181662425
1,1,0.9975020289421082
1,1,0.9984879493713379
1,1,0.999957799911499
1,0,0.0029282381292432547
1,1,0.8058919310569763
0,0,0.29970911145210266
0,0,0.11572486907243729
0,0,0.005035604350268841
0,1,0.785781741142273
1,1,0.8596668839454651
1,1,0.9684279561042786
0,0,0.03244851157069206
0,0,0.0013877968303859234
0,0,0.0018629328114911914
1,1,0.9925034046173096
1,1,0.9998612403869629
1,1,0.9928185939788818
1,1,0.9875106811523438
1,1,0.8168908357620239
0,0,0.00021692200971301645
1,1,0.9943153262138367
1,1,0.9969692826271057
0,1,0.776845395565033
1,1,0.9988752007484436
1,1,0.9999997615814209
1,1,0.999337375164032
1,1,0.999996542930603
0,0,0.0024170877877622843
0,0,0.373555064201355
0,0,0.002355676842853427
0,0,0.0024240491911768913
1,0,0.1692422479391098
0,0,0.3310575485229492
0,0,4.654479468513273e-08
1,1,0.9997064471244812
1,1,0.9997280240058899
1,1,0.9793062210083008
1,1,0.9999995231628418
0,0,0.01691041886806488
1,1,0.9863116145133972
0,0,0.024545317515730858
0,0,0.007518653757870197
0,0,0.0197280403226614
0,0,0.01363433338701725
1,1,0.9998249411582947
1,1,0.9568527936935425
1,1,0.9992856383323669
1,1,0.9615764021873474
0,0,0.0007611883338540792
0,1,0.7058705687522888
1,1,0.9999783039093018
1,1,0.8233548998832703
1,1,0.6925837993621826
0,0,0.0532042533159256
1,1,0.9617873430252075
1,1,0.9882164597511292
0,0,0.026455547660589218
1,1,0.9999549388885498
1,1,0.9808032512664795
0,0,0.02540264092385769
0,0,0.00012195646559121087
0,0,0.018744567409157753
0,0,0.020329348742961884
1,1,0.9970964193344116
0,0,9.411833889316767e-05
1,1,0.9997856020927429
1,1,0.9991092085838318
1,1,0.9978799819946289
0,1,0.7175663113594055
1,1,0.9906705617904663
0,1,0.6688700318336487
0,0,0.11566756665706635
1,1,0.9893596172332764
1,1,0.985723078250885
0,0,0.04913290590047836
0,0,0.4592140018939972
0,0,0.0003572322893887758
1,1,0.9997712969779968
1,0,0.3308621048927307
1,0,0.35442695021629333
1,1,0.9054955840110779
1,1,0.9255549311637878
1,1,0.9843026399612427
1,1,0.6510328650474548
1,1,0.9999992847442627
1,1,0.9999798536300659
1,1,0.999079704284668
1,1,1.0
1,1,0.9283613562583923
1,1,0.9949042797088623
1,1,0.9916368126869202
0,0,0.03341564163565636
0,0,1.442973598386743e-07
1,1,0.9999874830245972
0,0,0.018341064453125
1,1,0.9999558925628662
1,1,0.999846339225769
1,1,0.9999113082885742
0,0,1.5469809113710653e-06
1,1,0.9964336156845093
0,0,0.0012924419716000557
1,1,0.9962731599807739
0,0,1.3921068386935076e-07
0,0,0.00012916776177007705
1,0,0.3887527287006378
1,0,0.15706317126750946
0,0,0.12711404263973236
0,0,0.4999780058860779
0,0,0.00029913370963186026
0,0,0.027225568890571594
0,0,0.003363634692505002
0,0,0.1661621481180191
0,0,0.000344522442901507
1,1,0.9999998807907104
1,0,0.4630899727344513
1,0,0.3648151159286499
0,0,0.014830276370048523
0,0,0.053388990461826324
0,0,0.0034552947618067265
0,0,0.00033568937215022743
1,1,0.808804988861084
1,1,0.8882825374603271
0,0,0.34930655360221863
0,0,0.005524397362023592
0,0,0.014060024172067642
0,0,0.001939360168762505
0,0,0.0019757524132728577
1,1,0.8834676742553711
1,1,0.7142127156257629
1,1,0.9802483916282654
1,1,0.8718819618225098
1,1,0.9546354413032532
0,0,0.025294441729784012
1,1,0.9967308044433594
0,0,0.015376744791865349
1,1,0.9994800686836243
1,1,0.9999865293502808
0,0,0.02142849564552307
0,0,0.0001998891675611958
0,0,0.027397451922297478
1,1,0.9985883831977844
1,1,0.9998225569725037
1,1,0.9966103434562683
0,0,0.004722773563116789
0,0,0.0014339525951072574
0,0,9.158364377981343e-07
0,0,0.03352755308151245
0,0,3.0221647406847296e-09
1,1,0.5535337924957275
1,1,0.9788255095481873
1,1,0.9697162508964539
0,0,0.0227372869849205
0,0,0.3085706830024719
0,0,0.006350011099129915
0,0,0.0801774337887764
1,1,0.9631747603416443
1,1,0.9949473142623901
1,1,0.9990358352661133
1,1,0.9996938705444336
1,1,0.9999617338180542
0,0,2.7616302133992576e-08
0,0,0.023415107280015945
1,1,0.9786657691001892
1,1,0.9999644756317139
1,1,0.9999740123748779
1,0,0.01857474260032177
0,0,0.0013123188400641084
0,0,0.014217051677405834
0,1,0.8240035176277161
1,1,0.9805106520652771
1,1,0.998833954334259
1,1,0.8377410769462585
0,0,0.0009844627929851413
0,0,0.00017273370758630335
0,0,0.2656892240047455
1,1,0.8976202011108398
1,1,0.9999494552612305
1,1,0.9690332412719727
0,0,0.12224029004573822
1,1,0.9800447821617126
1,1,0.9999986886978149
1,1,0.9842427968978882
1,1,0.9947810769081116
1,0,0.49705031514167786
1,1,0.9546112418174744
0,0,0.013590903952717781
0,0,0.061981793493032455
0,0,5.027233055443503e-05
0,0,0.08754614740610123
0,0,0.0018634478328749537
0,0,0.007793515454977751
0,0,0.001546160434372723
0,0,0.00022130705474410206
1,1,0.9461991190910339
0,0,0.018254529684782028
1,1,0.995695948600769
0,0,0.037634436041116714
0,1,0.6009984016418457
0,0,0.0875806212425232
0,0,0.03300027921795845
0,0,7.69638063502498e-05
0,0,0.003148806979879737
0,0,0.0024207294918596745
0,0,0.0028051454573869705
0,0,0.11672898381948471
1,1,0.9121928811073303
1,1,0.5585566163063049
1,1,0.9184151887893677
0,0,0.0015387022867798805
1,1,0.9999921321868896
1,1,0.9574005603790283
1,1,0.9999176263809204
1,1,0.8873807191848755
1,1,0.99054354429245
1,1,0.9981389045715332
0,0,0.004163079895079136
1,1,0.9954389929771423
1,1,0.9032561779022217
1,1,0.9988293051719666
1,1,0.996056079864502
1,1,0.9999616146087646
1,1,0.9997870326042175
1,1,0.9962670207023621
0,0,0.038913507014513016
0,0,0.0047675687819719315
0,0,0.006416476797312498
0,0,0.008856060914695263
1,1,0.9375388026237488
0,0,0.0015063780592754483
0,0,0.00027358444640412927
0,0,0.2552056908607483
0,0,0.0075223869644105434
0,0,0.005060288589447737
1,1,0.9928654432296753
0,0,0.16903887689113617
0,0,0.01030586939305067
0,0,0.007872425951063633
0,0,0.007664971984922886
0,0,2.8442714210541453e-06
1,1,0.9996464252471924
0,0,0.0006622750661335886
1,1,0.9999922513961792
1,1,0.9321049451828003
0,0,0.008160974830389023
1,1,0.9907845258712769
0,0,0.06385570019483566
1,1,0.9502513408660889
0,0,0.04762670025229454
1,1,0.9970953464508057
0,0,0.0002699765027500689
0,0,0.0017611101502552629
1,1,0.5789310932159424
1,1,0.8586165308952332
1,1,0.9755402207374573
0,0,0.02226601168513298
1,1,0.9999511241912842
0,0,1.0029797522292938e-05
0,0,0.0012999523896723986
0,0,0.000194303531316109
0,0,0.002270534634590149
0,0,0.362813264131546
1,1,0.8430390954017639
0,0,0.002444344572722912
0,0,2.9029956749582198e-06
0,0,0.023197174072265625
0,0,0.13326603174209595
1,1,0.9998961687088013
0,0,0.00028079451294615865
1,1,0.9644585847854614
0,0,0.46469148993492126
1,1,0.9118747115135193
1,1,0.9987840056419373
1,1,0.9991738200187683
0,0,0.02967742271721363
0,0,0.018614592030644417
0,0,0.0015081068268045783
1,1,0.9967533946037292
1,1,0.777799129486084
1,1,0.9508212208747864
1,0,0.22041606903076172
0,0,0.000550772761926055
1,1,0.6630701422691345
1,1,0.9371876120567322
1,1,0.82302325963974
0,0,0.09561926126480103
0,0,6.605167754969443e-07
1,1,0.8827821016311646
0,0,8.803652235656045e-06
0,0,0.021432144567370415
1,1,0.9999998807907104
1,1,0.9530084133148193
0,0,0.002951868809759617
0,0,0.017458543181419373
0,0,6.709614535793662e-05
0,0,0.000772153667639941
1,1,0.9946714043617249
0,0,0.016901660710573196
1,1,0.9947555065155029
0,0,5.8495334087638184e-06
1,1,0.5613381266593933
1,1,0.9221871495246887
1,1,0.9941955208778381
1,1,0.9924317598342896
1,1,0.9450089335441589
1,1,0.9960805773735046
0,1,0.8230769038200378
1,1,0.9998844861984253
0,0,0.00865982100367546
0,0,0.0018874029628932476
0,0,4.273398346299473e-08
0,0,0.027622457593679428
1,1,0.9910587668418884
1,1,0.8367284536361694
0,0,1.8905142496805638e-05
0,0,0.05816100910305977
1,1,0.9867655038833618
1,1,0.9578672647476196
0,0,0.0058495113626122475
0,0,0.0005264354404062033
1,1,0.9962957501411438
1,1,0.999591052532196
0,0,0.002675537019968033
1,1,0.9779233336448669
0,0,0.0013725091703236103
1,1,0.9230022430419922
0,0,0.022523725405335426
0,0,0.0010469561675563455
1,1,0.9996962547302246
0,0,0.001541557488963008
1,1,0.9999760389328003
1,1,0.9605454802513123
1,1,0.7521578073501587
1,0,0.1737097203731537
1,1,0.9998847246170044
1,1,0.9999996423721313
1,1,0.999997615814209
1,1,0.9644886255264282
1,1,0.996245801448822
1,1,0.9336703419685364
1,1,0.9996907711029053
1,1,0.9409944415092468
0,0,0.09659484773874283
0,0,0.010583697818219662
0,0,0.0023469163570553064
1,1,0.9972385168075562
1,1,0.820810854434967
0,0,0.03280152380466461
0,0,0.007083454634994268
1,1,0.9645955562591553
1,1,0.9954074025154114
1,1,0.9999997615814209
1,1,0.9997404217720032
0,0,0.000834199134260416
1,1,0.9999490976333618
1,1,0.9927796721458435
1,1,0.9985480904579163
0,0,0.1334797590970993
1,1,0.9135504961013794
0,0,0.020548559725284576
0,0,0.05192573741078377
0,0,1.0060692147817463e-05
0,0,1.003638999463874e-06
1,1,0.9998458623886108
1,1,0.6870495080947876
1,1,0.9989105463027954
0,0,0.007536019664257765
1,1,0.9815571308135986
1,1,0.9545448422431946
1,1,0.9994491934776306
0,0,0.024539483711123466
1,1,0.9189907312393188
1,1,0.8778334259986877
1,0,0.45535776019096375
1,1,0.9923352599143982
1,1,0.9879670739173889
0,0,0.00289837340824306
0,0,8.365163012058474e-06
0,0,0.043394993990659714
1,1,0.9955103397369385
1,1,0.9999957084655762
1,1,0.9934245347976685
1,1,0.9956892132759094
1,1,1.0
1,1,0.9685340523719788
0,0,0.09022894501686096
1,1,0.5655160546302795
1,1,0.6193158626556396
0,0,0.000918464851565659
1,1,0.9713283181190491
0,0,0.11755534261465073
0,0,0.03772406652569771
1,1,0.9973112344741821
0,0,0.19029895961284637
1,1,0.9984022974967957
1,1,1.0
0,0,3.082559123868123e-05
1,1,0.989000678062439
0,0,0.058667298406362534
1,1,0.9999992847442627
1,1,0.9980471134185791
1,1,0.9529685974121094
1,1,0.9999289512634277
0,0,0.14966201782226562
0,0,0.0006560091278515756
0,0,0.06333380192518234
1,1,0.9863606691360474
0,0,0.06740818917751312
0,0,6.0562222643056884e-05
1,1,0.9999762773513794
1,1,0.9902191758155823
0,0,5.940445771557279e-05
0,0,0.004629783798009157
1,1,0.9985656142234802
1,1,0.9927321076393127
1,1,0.7891150116920471
1,1,0.9996682405471802
0,0,0.06732572615146637
0,0,0.10971404612064362
0,0,0.07211902737617493
0,0,0.0014593000523746014
0,0,0.004790724720805883
0,0,1.953677838173462e-06
1,1,0.999548614025116
1,1,0.9937388896942139
1,1,0.9934223294258118
0,0,0.07603352516889572
0,0,0.27460864186286926
1,1,0.9104028940200806
1,0,0.07004906237125397
1,0,0.4903436601161957
0,0,0.11129983514547348
1,1,0.9436966180801392
0,0,0.012009014375507832
1,1,0.9482841491699219
1,1,0.9971904158592224
1,1,0.9948809146881104
1,1,0.9999289512634277
1,1,0.9857065081596375
1,1,0.9757417440414429
0,0,0.00031452070106752217
1,1,0.9999520778656006
0,0,0.2303093671798706
1,1,0.6137872338294983
0,0,0.004255978856235743
0,0,0.0031343905720859766
1,1,0.9996004700660706
1,1,0.9992563128471375
1,1,0.8504971265792847
0,0,0.26602602005004883
1,1,0.9948675632476807
1,1,0.8770425915718079
1,1,0.9942750334739685
1,1,0.9999440908432007
1,1,0.8616792559623718
1,1,0.9856518507003784
1,1,0.9702187180519104
1,1,0.9957908391952515
1,1,0.9996070265769958
1,1,0.9930945634841919
1,1,0.9940341114997864
0,0,0.005171522498130798
0,1,0.6698002815246582
1,1,0.9703409075737
1,1,0.7139565348625183
1,1,0.999996542930603
1,1,0.9999990463256836
0,0,0.015321648679673672
1,1,0.9488431215286255
0,0,0.038903068751096725
1,1,0.997533917427063
1,1,0.9945255517959595
1,1,0.9192302227020264
0,0,0.18546521663665771
1,1,0.9998917579650879
0,0,0.01166589092463255
0,0,0.00016153286560438573
1,1,0.9991657733917236
0,0,0.1760328859090805
1,1,0.9988283514976501
0,0,0.07063028216362
0,0,0.0224766843020916
1,1,0.9839062690734863
1,1,0.9997714161872864
1,1,0.9974660873413086
0,0,0.11769215017557144
1,1,0.982953667640686
1,1,0.9509873390197754
1,1,0.9968288540840149
0,0,0.002493457170203328
1,1,0.9902952909469604
1,1,1.0
0,0,0.0007178645464591682
0,0,0.011783277615904808
0,0,4.999665179639123e-07
1,1,0.9977497458457947
1,1,0.9994307160377502
1,1,0.9999992847442627
0,0,0.0015925044426694512
1,1,0.7833735942840576
0,0,0.0015820807311683893
1,1,0.9978176355361938
1,1,0.9998635053634644
1,1,0.9896307587623596
0,0,0.17321056127548218
1,1,0.937934935092926
1,1,0.9999998807907104
0,0,0.11961235851049423
1,1,0.5625506043434143
1,1,0.9993651509284973
1,0,0.17758809030056
0,0,0.009961453266441822
0,0,0.0009989889804273844
0,0,0.006558247376233339
0,1,0.8351776599884033
1,1,0.9989571571350098
0,0,0.011998924426734447
1,1,0.9779741168022156
0,0,0.0037666873540729284
0,0,0.003186100861057639
0,0,0.20799367129802704
1,1,0.9330319166183472
0,0,0.30143114924430847
1,1,0.999782145023346
0,0,1.2011913668175112e-06
0,0,0.00010270255006616935
1,1,0.9739634394645691
1,1,0.9452228546142578
1,1,0.9969898462295532
1,1,0.985806941986084
1,1,0.9799863696098328
1,1,0.9997448325157166
1,1,1.0
1,1,0.9999693632125854
0,0,1.1678420150929014e-06
0,0,0.20324446260929108
0,0,0.0005303371581248939
1,1,0.8945551514625549
0,0,0.007599163800477982
0,0,0.0007004264043644071
1,1,0.7891417741775513
1,1,0.997557520866394
1,1,0.9973558187484741
1,0,0.15888731181621552
1,1,0.8913103342056274
1,1,0.9964727759361267
0,0,0.002037938218563795
1,1,0.9872255921363831
1,1,0.9799158573150635
0,0,0.14477846026420593
1,1,0.9981289505958557
1,1,0.9650141000747681
0,0,0.32492533326148987
0,0,0.07652994990348816
1,0,0.3964221477508545
1,1,0.7358990907669067
1,1,0.9523752927780151
0,0,0.00024811155162751675
1,1,0.9384076595306396
1,1,0.9969123601913452
0,0,0.015660414472222328
1,0,0.2608832120895386
0,0,0.030792057514190674
1,1,0.5264738202095032
1,1,0.6376960277557373
1,1,0.9735172986984253
0,0,0.0030243422370404005
1,1,0.999909520149231
0,1,0.8382207155227661
1,1,0.7053295373916626
1,1,0.9669833779335022
1,0,0.3837043046951294
1,1,0.8485389947891235
1,1,0.9948910474777222
1,1,1.0
1,1,0.8343597054481506
1,1,0.9843499660491943
1,1,0.9771615862846375
0,0,0.00015847037138883024
1,1,0.9992818236351013
1,1,0.7626356482505798
1,1,0.6128478646278381
1,1,0.9834806323051453
0,0,0.00304504856467247
1,1,0.989170253276825
1,1,0.999982476234436
1,1,0.7835990190505981
0,0,0.14970096945762634
0,0,0.011170059442520142
0,0,0.0011099375551566482
0,0,0.45724034309387207
0,0,0.0031146248802542686
1,1,0.9578678607940674
0,0,0.005882847122848034
1,1,0.9474099278450012
0,0,0.0020830826833844185
1,1,0.9284654259681702
1,1,0.990770161151886
1,1,0.8864339590072632
0,0,2.8169932193122804e-05
0,0,0.04687466844916344
1,1,0.9866835474967957
1,1,0.985245406627655
1,1,0.9979902505874634
1,1,0.9968358874320984
0,0,0.00016203700215555727
0,0,0.10043178498744965
0,0,0.023475531488656998
0,0,0.0034013644326478243
1,1,0.9457159042358398
0,0,0.007154962979257107
1,0,0.23006995022296906
1,1,0.9988394379615784
0,0,0.007604825776070356
0,0,0.06438232213258743
0,0,0.008141576312482357
1,1,0.9983953833580017
1,1,0.9508357048034668
1,1,0.9966263771057129
1,1,0.9990928173065186
1,1,0.9738536477088928
0,0,0.000391615234548226
1,1,0.9995824694633484
0,0,0.003352177096530795
1,1,0.9608522057533264
1,1,0.9748738408088684
0,0,0.01223738957196474
1,1,0.9981770515441895
1,1,0.9973412156105042
1,1,0.9938145875930786
1,1,0.999840259552002
1,0,0.41481876373291016
1,1,0.9737693071365356
0,0,0.059473831206560135
1,1,0.9907801747322083
0,0,0.2716037333011627
1,1,0.8682727813720703
0,0,0.10364183783531189
0,0,0.009373447857797146
1,1,0.9778265953063965
1,1,0.9997373223304749
0,0,0.3619092106819153
1,1,0.9988213181495667
0,0,0.02867855317890644
1,1,0.9655572772026062
1,1,0.9973881840705872
0,0,0.007237780839204788
1,1,1.0
0,0,0.03710535541176796
1,1,0.9999690055847168
1,1,0.9988691210746765
1,1,0.9791737794876099
1,1,0.9546482563018799
1,1,0.9998544454574585
0,0,0.0034468623343855143
0,0,0.36433032155036926
0,0,0.001928685000166297
1,1,0.9994814991950989
0,1,0.566912829875946
1,1,0.996877908706665
1,1,0.9976141452789307
1,0,0.48616307973861694
0,0,0.055121924728155136
0,0,0.0945252776145935
0,0,0.004007730633020401
0,0,0.026283683255314827
0,0,0.03270021080970764
0,0,0.3695206642150879
0,0,0.42423051595687866
0,0,0.0010295351967215538
0,0,0.006992698181420565
0,0,0.0005296316812746227
1,1,0.8356862664222717
1,1,0.9999018907546997
1,1,0.9949924349784851
0,0,0.006268336903303862
1,1,0.9999876022338867
1,1,0.9923312664031982
1,1,0.8556618094444275
0,0,0.05910681188106537
0,0,0.06440434604883194
1,1,0.8906322717666626
1,0,0.1283254325389862
1,1,0.980225145816803
1,1,0.9992733597755432
1,1,0.9764652848243713
0,1,0.5963159203529358
0,0,0.0004211346386000514
0,0,0.013556276448071003
1,1,0.9993512034416199
1,1,0.8068623542785645
1,1,0.9562608599662781
1,1,0.9996145963668823
1,0,0.09431039541959763
1,0,0.04925839975476265
1,1,0.9878154993057251
0,0,0.007336948532611132
1,1,0.9808246493339539
0,0,0.004379616118967533
1,1,0.7974812388420105
1,1,0.8772308826446533
0,0,0.022312982007861137
0,1,0.9279612302780151
1,1,0.7826648354530334
1,1,0.7481502890586853
1,1,0.9560872316360474
1,1,0.9067553877830505
0,0,0.0002197029098169878
1,1,0.8718815445899963
0,1,0.8693251013755798
1,1,0.9885431528091431
1,1,0.9997207522392273
0,0,0.07923420518636703
0,0,0.031667664647102356
1,0,0.4320673644542694
1,1,0.9092845916748047
1,1,0.964914858341217
1,1,0.9893801212310791
1,1,0.9457476139068604
1,1,0.9997797608375549
0,0,0.26056480407714844
0,0,0.48132210969924927
1,1,0.9866719841957092
0,0,0.009470837190747261
1,1,0.9862246513366699
0,0,0.005591115448623896
0,0,0.40481120347976685
1,0,0.3515109717845917
0,0,0.007070818450301886
0,0,0.2083764672279358
1,1,0.998589813709259
0,0,0.0002258078457089141
1,1,0.9997285008430481
0,0,0.0004975487245246768
1,1,0.9834848046302795
1,1,0.9398652911186218
1,1,0.7559833526611328
1,1,0.9602327942848206
1,1,0.9877687096595764
1,1,0.9999923706054688
1,1,0.9983300566673279
0,0,0.02171371504664421
0,0,4.23144001615583e-06
0,0,0.007799340412020683
1,1,0.9993940591812134
1,1,0.96290522813797
1,1,0.9996713399887085
1,1,0.9443561434745789
1,1,0.9999583959579468
0,0,0.04359632357954979
0,0,0.0776558592915535
1,1,0.9999778270721436
1,1,0.9987573623657227
1,1,0.951399028301239
1,1,0.9898548126220703
1,1,0.9814064502716064
1,1,0.8853952288627625
1,1,0.9993079900741577
1,1,0.9596472978591919
0,0,0.1285090148448944
1,1,0.9990103244781494
1,0,0.2774604260921478
0,0,0.08739513158798218
0,0,0.31491705775260925
1,1,0.7874577641487122
1,1,0.9968792200088501
1,1,0.8441190123558044
1,1,0.999995231628418
1,1,0.9665656685829163
1,1,0.9661316275596619
1,1,0.9999871253967285
0,0,0.0004563013499137014
1,1,0.9943171143531799
1,1,0.9998513460159302
0,0,4.212951978388446e-07
1,0,0.04498351365327835
1,1,0.9842004179954529
1,1,0.9986962676048279
1,0,0.03243062272667885
0,0,0.009217383340001106
1,1,0.9999253749847412
1,1,0.9567043781280518
1,1,0.9807053208351135
1,1,0.9755452275276184
0,0,0.00028093106811866164
0,0,0.0012375472579151392
0,0,0.029290929436683655
1,1,0.5420526266098022
1,1,0.996503472328186
1,1,0.9986586570739746
0,1,0.5755200386047363
1,0,0.4029778242111206
0,0,0.019067158922553062
0,0,0.0623515360057354
0,0,0.01565689407289028
1,1,0.9999767541885376
1,1,0.9344983696937561
1,1,0.9956834316253662
1,1,0.9775527715682983
1,1,0.9999856948852539
0,0,0.006450106855481863
1,1,0.9412919878959656
0,0,0.008399332873523235
1,1,0.9999998807907104
0,0,0.015620713122189045
0,0,0.0020369309931993484
1,1,0.8769906163215637
0,0,0.19466082751750946
1,1,0.9915065169334412
1,1,0.9952473044395447
0,0,0.0007336350390687585
0,0,0.2355111688375473
1,1,0.9979807734489441
0,0,0.05546457692980766
0,0,0.481150358915329
1,0,0.4314536452293396
0,0,0.08211775869131088
0,0,0.08185253292322159
1,1,1.0
0,0,0.038990531116724014
1,1,0.99981290102005
0,1,0.5264418125152588
0,0,0.0018061900045722723
0,0,0.0207566786557436
0,0,0.1741674393415451
0,0,0.11250146478414536
0,0,0.0027651949785649776
1,1,0.5083959102630615
1,1,0.8899111747741699
0,0,2.669695641088765e-05
1,1,0.9998917579650879
1,1,0.9999412298202515
1,1,0.9986741542816162
0,0,0.19105304777622223
0,0,0.0068614184856414795
1,1,0.9384899735450745
0,1,0.6347748637199402
1,1,0.9205818772315979
0,0,0.01222090981900692
0,0,0.0006540162139572203
1,1,0.9908254742622375
0,0,0.19836807250976562
0,0,3.429524025877484e-12
0,0,0.10423211008310318
0,0,0.010608132928609848
0,1,0.7443862557411194
1,1,0.9931406378746033
1,1,0.9994151592254639
1,1,0.9590504169464111
1,1,0.9877291917800903
1,1,0.9997519850730896
1,1,0.9999905824661255
1,1,0.9996379613876343
1,1,0.9961023330688477
1,1,0.9999902248382568
1,1,0.5377347469329834
0,0,0.04068798944354057
0,0,0.009867851622402668
1,1,0.9999853372573853
1,1,0.9445439577102661
1,1,0.999930739402771
1,1,0.9955195188522339
0,0,2.2863342623576175e-23
1,1,0.9991642236709595
1,1,0.9995207786560059
0,0,0.06036752834916115
1,1,0.6326093673706055
1,1,0.9936469197273254
0,0,0.00010800886957440525
0,0,0.06700600683689117
1,1,0.9446921944618225
0,0,0.05640758201479912
1,1,0.9909424185752869
1,1,0.7292261123657227
1,1,0.9988501071929932
1,1,0.9951280355453491
0,0,0.017204076051712036
1,1,0.9954931735992432
1,1,0.9977051615715027
1,1,0.9644080400466919
0,0,0.007789811119437218
1,1,0.9994800686836243
1,1,0.9381001591682434
1,1,0.9892149567604065
1,1,0.9982733726501465
0,0,0.020794637501239777
1,1,0.9942804574966431
0,1,0.6859341263771057
1,1,0.9993021488189697
1,1,0.9998430013656616
0,0,0.008666807785630226
0,0,4.667061512009241e-05
1,1,0.7286557555198669
1,1,0.9213997721672058
1,1,1.0
0,0,0.07877754420042038
0,0,0.0035239860881119967
1,1,0.9995613694190979
1,1,0.9449390172958374
1,1,0.9735882878303528
1,1,0.9981800317764282
1,1,0.994099497795105
1,0,0.24115900695323944
0,0,0.009907148778438568
1,1,0.7971641421318054
1,1,0.9816754460334778
0,0,0.18690428137779236
1,1,0.9998674392700195
0,0,0.2628876864910126
0,0,0.01881672628223896
0,0,0.03237985819578171
0,0,0.35645008087158203
1,1,0.873428225517273
1,1,1.0
1,1,0.9999954700469971
0,0,0.0002986509643960744
1,1,0.99998939037323
1,0,0.09745140373706818
0,0,0.2830767333507538
0,0,0.0002772929146885872
1,1,0.8954716324806213
0,0,3.206908559150179e-06
0,0,0.16667059063911438
1,1,0.999957799911499
1,1,0.9412747621536255
1,1,0.9922184944152832
0,0,0.12987753748893738
1,1,0.9552890658378601
1,1,0.8274355530738831
0,0,0.013030567206442356
0,0,1.7240065517398762e-06
0,0,0.00029634503880515695
0,0,0.020701533183455467
0,0,0.1867324709892273
0,0,0.004809357691556215
0,0,6.3538027461618185e-06
0,0,0.023533765226602554
1,1,0.9997231364250183
0,0,0.0005465933936648071
1,1,0.9988499879837036
1,1,0.9999104738235474
1,1,0.9997316002845764
0,0,0.027355901896953583
0,0,0.3277384340763092
1,1,0.9994117021560669
1,1,0.9966262578964233
1,1,0.9999955892562866
1,1,0.9968044757843018
1,1,0.9997780919075012
1,1,0.9998884201049805
1,1,0.9291085600852966
0,0,0.003505868138745427
0,0,0.0010321991285309196
1,1,0.9999823570251465
1,1,0.6031532287597656
1,1,0.9992140531539917
1,1,0.997867226600647
0,0,0.01021263562142849
1,1,0.9800743460655212
0,0,0.006392611190676689
0,1,0.570497989654541
1,1,0.9958956241607666
1,1,0.998490571975708
1,1,0.831992506980896
1,1,0.9966307282447815
1,1,0.9971358776092529
0,0,0.11056733876466751
0,0,0.0031571080908179283
1,0,0.21922363340854645
1,1,0.8852298259735107
0,0,0.10714884847402573
1,1,0.9999586343765259
1,1,0.9649991989135742
1,1,0.9908794164657593
0,0,0.21392415463924408
0,0,0.019959349185228348
1,1,0.9598153829574585
0,0,0.0015369881875813007
1,1,0.940093457698822
1,1,0.9697086215019226
1,1,0.9978060126304626
1,1,0.9996441602706909
1,1,0.9925740957260132
1,1,0.9868698716163635
1,1,0.9942516088485718
1,1,0.823854386806488
0,0,0.07914593815803528
1,1,0.9647058248519897
0,0,0.002083650790154934
0,0,0.0006274023908190429
1,1,0.9585769772529602
1,1,0.8551477789878845
1,1,0.998660683631897
1,1,0.9801684617996216
1,0,0.47108373045921326
0,0,0.0038569073658436537
1,1,0.9999661445617676
1,1,0.934026837348938
0,0,0.3132665753364563
0,0,0.0013889775145798922
0,0,0.04095860570669174
0,0,0.06572895497083664
0,0,0.10485848784446716
0,0,0.0004196239460725337
0,0,0.023762965574860573
0,1,0.8966138362884521
1,1,0.9967337846755981
0,0,0.0020100551191717386
0,0,0.15541091561317444
0,0,0.10613653808832169
1,1,0.9995278120040894
0,0,0.019257381558418274
1,0,0.4338250160217285
1,1,0.8894386291503906
1,1,0.9988189339637756
1,1,0.9999798536300659
1,0,0.14960922300815582
1,1,0.8835936188697815
0,0,0.003733576973900199
1,1,0.9904124140739441
1,1,0.6846022009849548
1,1,0.9903637766838074
0,0,0.08188013732433319
1,1,0.9617909789085388
0,0,9.039072210725863e-06
1,1,0.9753090739250183
1,1,0.9991458654403687
1,0,0.27255433797836304
0,0,0.005302203819155693
0,0,0.004363187588751316
0,0,0.0456521175801754
0,0,0.06101004779338837
1,1,0.993607759475708
0,0,0.002928282367065549
0,0,0.13017603754997253
1,1,0.598193347454071
0,0,0.018921006470918655
1,1,0.9999957084655762
1,1,0.992659866809845
1,0,0.3988141119480133
0,0,0.01605973392724991
0,0,0.0013541784137487411
1,1,0.8003591299057007
1,1,0.9997221827507019
0,0,0.47347527742385864
1,1,0.9977620840072632
1,1,0.9999998807907104
1,1,0.8983951210975647
1,1,0.9999998807907104
0,0,0.0028798608109354973
0,0,0.018835531547665596
0,0,0.001751274336129427
1,1,0.9998548030853271
1,1,0.9981403350830078
0,0,0.1899401843547821
0,0,0.003097949782386422
0,0,0.17886711657047272
0,0,0.00039337528869509697
0,0,0.007950956001877785
0,0,0.11879310011863708
0,0,0.003922617062926292
1,1,0.9415828585624695
1,1,0.9927756786346436
1,1,0.9462416172027588
1,1,0.999190628528595
1,1,0.9927515983581543
0,0,0.03137366101145744
1,1,0.9906268119812012
1,0,0.006253100465983152
0,1,0.7537382245063782
0,0,0.005456210114061832
0,0,0.0244672242552042
0,0,0.0018303709803149104
1,0,0.44504672288894653
1,1,0.9747583866119385
1,1,0.9989452958106995
1,1,0.9370155930519104
0,0,0.005145507864654064
1,1,0.8292150497436523
1,1,0.9759170413017273
1,1,0.9972884654998779
1,1,0.8870311379432678
1,1,0.6005682945251465
1,1,0.9655409455299377
0,1,0.5042333006858826
0,1,0.9946604371070862
1,1,0.9586039781570435
1,1,0.7776682376861572
0,0,3.5523476981325075e-05
1,1,0.9999291896820068
0,0,0.030212191864848137
1,1,0.9167638421058655
0,0,0.025540867820382118
0,0,0.022992480546236038
1,1,0.9727903008460999
0,0,0.05146099254488945
1,1,0.9929409027099609
0,0,0.29669511318206787
0,0,4.529823127086274e-05
0,0,0.002590672578662634
1,1,0.9755958318710327
0,0,0.3245083689689636
0,0,0.02347223088145256
0,0,0.1156122162938118
1,1,0.9886355400085449
1,1,0.9996265172958374
1,1,0.9951177835464478
1,1,0.9214951395988464
1,1,0.9949341416358948
1,1,0.980791449546814
1,0,0.3416374623775482
0,0,0.049289386719465256
0,0,0.017223557457327843
0,0,0.0031462754122912884
0,0,0.004866849165409803
0,0,0.027472220361232758
1,1,0.9975568056106567
0,0,0.27403518557548523
1,1,0.999180257320404
1,1,0.910921037197113
1,1,0.9994080066680908
1,1,0.9220048785209656
1,1,0.9973264932632446
1,1,0.9985484480857849
1,1,0.9901084899902344
1,1,0.9720121622085571
1,1,0.915737509727478
1,1,0.9990253448486328
0,0,0.003970866557210684
1,1,0.9899263381958008
1,1,0.9997122883796692
1,1,0.9984670281410217
1,1,0.9993560910224915
1,1,0.8292557597160339
1,1,0.9968335032463074
0,0,0.00034989629057236016
0,0,2.1990981622366235e-06
1,1,0.9678294062614441
1,1,0.9558197855949402
1,1,0.9961729645729065
0,0,0.2780766785144806
0,0,0.0033922907896339893
0,0,0.005864193197339773
1,1,0.9998857975006104
1,1,0.9996248483657837
1,1,0.9977123737335205
1,1,0.6210352778434753
0,0,0.013910938985645771
1,1,0.999721109867096
1,1,0.9446128606796265
1,1,0.9897680878639221
1,1,0.9629652500152588
1,1,0.9273582100868225
0,0,0.07040511071681976
1,1,0.974966287612915
1,1,0.8719290494918823
1,1,0.9099802374839783
0,0,0.03138040006160736
0,0,0.0013761523878201842
0,0,0.004791456740349531
0,0,0.009018697775900364
0,0,0.08377097547054291
0,0,0.024297526106238365
1,0,0.049079690128564835
1,1,0.5945490002632141
0,0,0.14850686490535736
1,1,0.9968447685241699
1,1,0.9925791621208191
1,1,0.9988051652908325
0,0,0.0791613832116127
0,0,0.003481360850855708
1,1,0.9836388826370239
0,0,0.01952616311609745
1,1,0.9959579110145569
0,0,0.0009349349420517683
0,0,0.06472418457269669
0,0,0.39986804127693176
1,1,0.9989011287689209
0,0,1.4013343437035974e-12
1,1,0.9975848197937012
1,1,0.9223760366439819
1,1,0.9841744303703308
1,1,0.9999440908432007
0,0,0.021792106330394745
0,0,0.008209219202399254
1,1,0.9994935989379883
1,1,0.9904404878616333
1,1,0.9452230930328369
0,0,0.0003316524380352348
0,1,0.6813169717788696
0,0,0.4148005545139313
0,1,0.7257272005081177
0,0,0.006004884373396635
0,0,0.0150214908644557
1,1,0.9999397993087769
0,0,0.005436677951365709
0,0,0.02927348203957081
1,1,0.9425707459449768
1,1,0.8981738686561584
1,1,0.982539176940918
0,0,0.02469119057059288
0,0,0.012218711897730827
1,1,0.9992533326148987
0,0,0.00848986953496933
0,0,0.008981306105852127
0,0,0.00019330474606249481
1,1,0.5277666449546814
1,1,0.9332467913627625
1,1,0.999992847442627
1,1,0.955583393573761
0,0,0.0033420221880078316
0,0,1.5173258134382195e-06
1,1,0.9603360295295715
1,1,0.9999467134475708
0,0,0.1497715562582016
1,0,0.06169576197862625
0,0,3.754943804779032e-07
1,1,0.9544058442115784
0,0,0.0023213219828903675
0,0,0.0003856966504827142
0,0,0.0057611423544585705
1,0,0.24452310800552368
0,0,0.014873504638671875
1,1,0.9601227641105652
0,0,0.0024412968195974827
0,0,0.0001077790220733732
0,0,0.008286439813673496
0,0,0.11288700252771378
0,0,0.0001130827731685713
1,1,0.996921956539154
0,0,0.0019706825260072947
1,1,0.9997747540473938
1,1,0.6126089096069336
0,0,0.00010971198207698762
1,1,0.9659834504127502
0,0,0.004767437931150198
1,0,0.3757913410663605
0,0,0.0032631007488816977
1,1,0.993685781955719
0,0,0.08870067447423935
1,0,0.008299640379846096
0,0,0.23145194351673126
1,1,0.9971632361412048
0,0,0.01188438106328249
1,1,0.9999996423721313
0,0,0.02261955477297306
1,1,0.9179391264915466
1,1,0.9976257681846619
1,1,0.7013722658157349
0,0,0.22467827796936035
0,0,0.0003205839020665735
0,0,0.0002947667962871492
0,0,0.010187524370849133
0,0,0.03577123582363129
0,0,1.3268537259136792e-05
1,1,0.8963834047317505
0,0,0.002649641130119562
1,1,0.9999278783798218
1,1,0.9722554087638855
0,0,0.02305683121085167
0,0,0.10367526859045029
1,1,0.80136638879776
1,1,0.9998483657836914
1,1,0.9566030502319336
1,1,0.9823924899101257
0,0,0.011862535029649734
1,1,0.9878166317939758
1,1,0.9974753260612488
0,0,0.024954630061984062
0,0,0.0008685601060278714
0,0,0.46111997961997986
0,0,0.0009242785745300353
1,1,0.9991881251335144
1,1,0.9961342811584473
0,0,0.0001403094211127609
0,0,0.027377305552363396
1,0,0.4905226230621338
0,0,0.00017087212472688407
1,1,0.9999960660934448
0,0,0.052381131798028946
1,1,0.998783528804779
1,1,0.8926858305931091
1,1,0.9944254159927368
1,1,0.9945517182350159
0,0,0.025372691452503204
0,0,0.3033796548843384
0,0,4.9933856644202024e-05
0,0,1.9901670384570025e-05
0,0,7.093571525729203e-07
0,0,0.0736360102891922
0,0,0.013154581189155579
0,0,0.38339370489120483
1,1,0.9575976133346558
0,0,0.004063067492097616
1,1,0.9938719272613525
0,0,0.012693142518401146
0,1,0.84019535779953
1,1,0.9999736547470093
0,0,0.00017559080151841044
0,0,0.18233923614025116
1,1,0.9897862672805786
0,0,0.02547532692551613
1,1,0.9308210611343384
0,0,0.04584808275103569
0,0,0.004387889057397842
0,0,0.0011803365778177977
0,0,0.00010889358236454427
1,1,0.9921930432319641
1,1,0.999478280544281
0,0,0.00035463221138343215
1,1,0.9999994039535522
1,1,0.9731998443603516
1,1,0.9999517202377319
1,1,0.9946359992027283
0,0,0.024877503514289856
1,1,0.9999986886978149
0,0,0.046609774231910706
0,0,4.40523617726285e-05
0,0,0.2007385939359665
1,1,0.9997542500495911
1,1,0.983193039894104
0,0,0.1572335660457611
0,0,1.452911302379789e-08
1,1,0.9986593723297119
1,1,0.9995891451835632
1,1,0.8730261325836182
1,1,0.9929395914077759
1,1,0.9991967082023621
1,1,0.9999279975891113
1,1,0.9988642930984497
1,1,0.9636028409004211
1,1,0.9998212456703186
1,1,0.9999765157699585
1,1,0.951684296131134
1,1,0.9992786049842834
0,0,0.17915719747543335
1,1,0.9999035596847534
0,0,0.012570984661579132
1,1,0.9999758005142212
0,0,0.013475113548338413
0,0,0.0016352790407836437
0,0,0.05203002691268921
1,1,0.7389702200889587
1,1,0.9983744621276855
1,1,0.9999991655349731
1,1,0.9995952248573303
0,0,5.318000330589712e-05
1,1,0.9873396158218384
0,0,0.02131173573434353
1,1,0.9994004964828491
1,1,0.9985628724098206
1,1,0.9999970197677612
1,1,0.9997602105140686
0,0,0.02622630074620247
0,0,0.06479489803314209
1,1,0.996825098991394
1,1,0.9910072684288025
0,0,0.010364418849349022
1,1,0.9997718930244446
1,1,0.7977609634399414
1,1,0.9623604416847229
0,0,0.0011952376225963235
0,0,0.0013829414965584874
0,0,0.11834821850061417
0,1,0.6632341146469116
0,0,0.004286917392164469
1,1,0.9931041598320007
0,0,7.289937639143318e-05
0,0,0.01949758641421795
1,1,0.9367098808288574
0,1,0.9999934434890747
1,1,0.5639069080352783
0,0,0.0005284350481815636
0,0,0.0675957053899765
1,1,0.9982979893684387
1,1,0.9510561227798462
1,1,0.999489426612854
0,0,0.12094824016094208
1,0,0.4768431782722473
1,1,0.9995658993721008
1,1,0.9381476044654846
1,1,0.9888161420822144
0,0,0.45674142241477966
1,0,0.041484177112579346
1,1,0.9911646246910095
1,1,0.7284649610519409
1,1,0.9999855756759644
1,1,0.8954904675483704
1,1,0.9999899864196777
0,0,0.1853000819683075
0,0,8.793700544629246e-06
1,1,0.9970784187316895
1,1,0.6760370135307312
1,1,0.9998800754547119
0,0,0.07375187426805496
0,0,0.041080545634031296
0,0,0.2181510180234909
1,1,0.9771345257759094
1,1,0.967964768409729
1,1,0.9886865615844727
1,1,0.9902758598327637
0,0,0.4576910436153412
0,0,0.017977513372898102
1,1,0.992128849029541
1,1,0.9850873947143555
0,1,0.8179983496665955
1,1,0.9743983149528503
1,1,0.762684166431427
0,0,0.017629073932766914
1,0,0.4010313153266907
0,0,0.0012489084620028734
1,1,0.9999785423278809
1,1,0.9965601563453674
1,1,0.9999877214431763
0,0,0.28224635124206543
1,1,0.9052915573120117
1,1,0.9261919260025024
0,0,0.009962407872080803
0,0,0.0003168027615174651
0,0,0.028763936832547188
0,0,1.3158241017663386e-05
1,1,0.999771773815155
1,1,0.9617689847946167
0,0,0.0026926640421152115
0,0,1.5602057601427077e-06
1,0,0.440766304731369
1,1,0.9999176263809204
0,0,0.0007946240366436541
1,1,0.6491751074790955
1,1,0.9998219609260559
0,0,0.014834875240921974
1,1,0.9999982118606567
0,0,0.0070559801533818245
0,0,0.24977007508277893
1,1,0.9997164607048035
1,1,0.9999785423278809
1,1,0.9453027248382568
1,1,0.9244979619979858
1,1,0.8263024687767029
1,1,0.9998272061347961
1,1,0.9971643090248108
1,1,0.999981164932251
0,0,0.0011125829769298434
0,0,0.0055719222873449326
0,0,0.001684450195170939
0,0,0.0023534768261015415
1,1,0.9250568747520447
1,1,0.99880051612854
0,0,0.049066029489040375
0,0,0.10976939648389816
1,1,0.9999744892120361
0,0,0.0072023747488856316
1,0,0.44251489639282227
1,1,0.9840508103370667
1,0,0.21403133869171143
1,1,0.9789441823959351
1,1,0.9961166381835938
1,1,0.8268059492111206
1,1,0.9752269983291626
0,0,0.01758682355284691
1,1,0.999970555305481
1,1,0.999565064907074
1,1,0.9999746084213257
1,1,0.9996015429496765
0,0,0.004384342581033707
0,0,0.028366003185510635
0,0,0.1839999258518219
1,1,0.9998955726623535
1,1,0.9990881681442261
1,1,0.9610080718994141
0,0,1.092532056645723e-05
1,1,0.9999936819076538
0,0,0.0003978704335168004
0,1,0.8638395071029663
0,0,0.000417516304878518
1,1,0.9765243530273438
1,1,0.995383083820343
0,0,0.1414446085691452
0,0,0.431498646736145
0,0,0.0017036361386999488
0,0,8.098299986158963e-06
1,1,0.9950313568115234
1,1,0.8660449981689453
1,1,0.9988759160041809
0,0,0.20865608751773834
0,0,0.0002678211603779346
1,1,0.977174699306488
1,0,0.11799701303243637
1,1,0.9986125230789185
1,0,0.43108585476875305
0,0,0.00247801817022264
1,0,0.12176571786403656
0,0,0.11629103124141693
1,1,0.9996975660324097
1,1,0.9894408583641052
0,0,0.0011458031367510557
1,1,0.999344527721405
0,0,0.1320551186800003
1,1,0.9792525172233582
1,1,0.9962771534919739
0,0,0.007832483388483524
0,1,0.6406368613243103
1,1,0.9997656941413879
0,1,0.5125871896743774
1,1,0.9652814865112305
1,1,0.9768269658088684
1,1,0.9994373917579651
1,1,0.9999282360076904
1,1,0.9893892407417297
1,1,0.9481107592582703
0,0,0.09926318377256393
0,0,0.07211712002754211
0,0,0.19556108117103577
1,1,0.8138373494148254
0,0,0.09011668711900711
0,0,0.17400002479553223
1,1,0.8441388607025146
0,0,0.1290564239025116
0,0,0.01571742445230484
0,0,0.0006787736783735454
0,0,0.00015653646551072598
1,1,0.8356062173843384
0,0,0.008039508946239948
0,0,0.001065190532244742
1,1,0.757437527179718
1,0,0.14559565484523773
1,1,0.9997993111610413
0,0,0.005805784370750189
1,1,0.9959540367126465
1,1,0.9985547661781311
1,1,0.9998805522918701
1,1,0.9995143413543701
0,0,0.16230884194374084
1,1,0.9997652173042297
1,0,0.006901746150106192
0,0,0.00938390288501978
0,0,0.00720504904165864
0,1,0.7251524329185486
1,0,0.0815652459859848
1,1,0.9965581297874451
1,1,0.9984139204025269
0,0,0.22140449285507202
0,0,0.008105858229100704
1,1,0.9999768733978271
0,0,0.05350189656019211
1,1,0.998345136642456
0,0,0.01778682880103588
1,1,0.9999992847442627
0,0,2.1324238332454115e-05
1,1,0.9974039196968079
1,1,0.6422799825668335
1,1,0.9872872829437256
1,1,0.559651255607605
0,0,0.00021494079555850476
1,1,0.9537065029144287
1,1,0.9999301433563232
0,1,0.704925000667572
1,1,0.9428625106811523
1,1,0.9787437319755554
0,0,0.009979291819036007
0,0,0.000978504423983395
0,0,0.003252267139032483
1,0,0.41584670543670654
1,1,0.9188375473022461
0,1,0.5411813855171204
0,1,0.996914267539978
0,1,0.8133247494697571
1,1,0.9482551217079163
1,1,0.9982138872146606
0,0,4.020522828795947e-05
0,0,0.013609898276627064
1,1,0.9693961143493652
1,1,0.9999079704284668
1,1,0.9862557053565979
0,0,0.0031317572575062513
0,0,0.001199347316287458
1,0,0.4776473045349121
1,1,0.9985249638557434
0,0,0.004410967696458101
1,1,0.9590823650360107
0,0,0.002684687962755561
0,0,0.006047029513865709
1,1,0.9345417022705078
0,0,0.005177889950573444
1,1,0.9992257356643677
0,0,0.1478956639766693
0,0,6.23122468823567e-06
0,0,0.0025818839203566313
0,0,7.178554369602352e-05
0,0,0.019649863243103027
0,0,0.014104810543358326
0,0,0.024267565459012985
0,0,0.016540225595235825
1,1,0.9886232018470764
1,1,0.9963324666023254
1,1,0.9580094814300537
0,0,0.00010198339441558346
0,0,0.004141662735491991
1,1,0.9974696636199951
0,0,0.0035801732446998358
0,0,0.012223293073475361
1,1,0.9988246560096741
0,0,0.0009853142546489835
0,1,0.8605238795280457
1,1,0.973642885684967
1,1,0.8491962552070618
1,1,0.9963364601135254
0,0,0.19336526095867157
0,0,0.005006817169487476
0,0,0.00271415407769382
0,0,0.01031107921153307
0,0,0.0651683360338211
0,0,0.01876237988471985
0,0,0.07536985725164413
0,0,0.00047714196261949837
1,1,0.9999794960021973
1,1,0.9699333310127258
0,0,0.0002497789391782135
0,0,0.043415188789367676
0,0,0.07002831995487213
0,0,0.0018084817565977573
1,0,0.17204321920871735
1,1,0.9924471378326416
1,1,0.9748192429542542
1,1,0.9994521737098694
0,0,0.02868620492517948
1,1,0.9968576431274414
1,1,0.9870108366012573
0,0,0.05021880194544792
0,0,0.017314434051513672
0,0,0.0013551608426496387
1,1,0.9991974234580994
1,1,0.999876856803894
1,1,0.9999991655349731
0,0,1.740337575029116e-05
1,1,0.9806970357894897
0,0,0.005114235915243626
1,1,0.9981892704963684
1,1,0.9647742509841919
1,1,0.9993801116943359
1,0,0.28131020069122314
1,1,0.9981470108032227
1,1,0.991096019744873
1,1,0.9998962879180908
0,0,0.006276564206928015
1,1,0.9994250535964966
1,1,0.9995734095573425
1,1,0.9803506731987
1,1,0.9966297745704651
1,1,0.9997277855873108
1,1,0.9872053861618042
0,0,0.281086802482605
1,1,0.993048906326294
1,1,0.9999512434005737
1,1,0.9966262578964233
1,1,0.9991639852523804
0,0,0.017661968246102333
0,0,0.01047965232282877
0,0,0.0009785019792616367
1,1,0.9710548520088196
1,1,0.9947146773338318
0,0,0.04173515737056732
1,1,0.9840342998504639
0,0,0.03595096617937088
0,1,0.7036504149436951
1,1,0.8003605604171753
1,1,0.9702038764953613
1,1,0.9896875023841858
0,0,3.866336504426693e-13
1,1,0.9999998807907104
1,0,0.3535825312137604
0,0,0.016634248197078705
1,1,0.9278281927108765
0,0,0.2531191110610962
1,1,0.9508957266807556
1,1,0.9876238107681274
1,1,0.9999901056289673
1,1,0.9842751622200012
1,1,0.999994158744812
1,1,0.999818742275238
0,0,0.0002101331774611026
0,0,0.013030501082539558
1,1,0.5319201946258545
0,0,0.0001784811756806448
0,0,0.007805272005498409
1,1,0.735126793384552
0,0,0.05990315601229668
0,0,0.0011362999211996794
1,1,0.999744713306427
1,1,0.9537879824638367
1,1,0.997677743434906
0,0,0.2922132611274719
1,1,0.9926134347915649
0,0,0.0183135736733675
1,1,0.6449361443519592
0,0,0.1255749762058258
1,1,0.994350016117096
1,1,0.9312952160835266
1,1,0.9774787425994873
1,1,0.9999818801879883
1,1,0.9957501888275146
1,1,0.9999181032180786
1,1,0.9853097796440125
0,0,0.13466353714466095
0,0,0.49524205923080444
1,1,0.9984960556030273
0,0,0.05771761015057564
0,0,0.0008907850133255124
1,0,0.1695433408021927
1,1,0.9788620471954346
0,0,8.054083082242869e-06
0,0,0.0014453062321990728
1,1,0.9996522665023804
1,1,0.9981282353401184
0,0,0.009737630374729633
0,0,6.894011676195078e-06
0,0,0.0013783134054392576
0,0,0.29977232217788696
1,1,0.9055209755897522
1,1,0.9934247732162476
0,0,0.23338842391967773
1,1,0.9919551014900208
0,0,0.024431802332401276
0,0,0.0923648551106453
1,1,0.9987778067588806
1,1,0.8958536386489868
0,0,0.07467364519834518
1,1,0.9416778087615967
1,1,1.0
1,0,0.2800321578979492
0,0,0.0018247197149321437
1,0,0.003347550518810749
0,0,0.026541419327259064
0,0,0.30993106961250305
0,0,0.08021261543035507
1,1,0.9554780125617981
0,0,0.0015933567192405462
0,0,0.0018714151810854673
0,0,0.008337398059666157
1,1,0.7492823600769043
0,0,0.009345469996333122
0,0,0.20019350945949554
0,0,0.019163522869348526
1,1,0.9508792161941528
1,1,0.990691602230072
0,0,0.0014343679649755359
1,1,0.9999072551727295
0,0,0.07388383895158768
1,1,0.7849287986755371
1,1,0.9861376881599426
1,1,1.0
1,1,0.9992498755455017
1,1,0.9819549918174744
1,1,0.9969916343688965
1,1,0.9819589257240295
1,1,0.9802594184875488
1,1,0.9999486207962036
0,0,0.017441561445593834
0,0,1.0498344723951512e-17
1,1,0.9903330206871033
1,1,0.9529334902763367
0,1,0.622937023639679
1,1,0.5302376747131348
1,1,0.9225373268127441
0,0,0.0010474519804120064
1,1,0.9967650175094604
1,1,0.5349541902542114
1,1,0.9999899864196777
1,1,0.999970555305481
1,1,0.9999474287033081
1,1,0.9999008178710938
0,1,0.5224166512489319
0,0,0.0573638454079628
0,0,0.005953662097454071
0,0,0.0030665567610412836
0,0,0.0004263996670488268
0,0,0.0003147624956909567
1,1,0.6234269142150879
1,1,0.8819552659988403
0,1,0.770754337310791
1,1,0.9491757154464722
1,1,0.9976227879524231
1,1,0.9999903440475464
1,1,0.9999024868011475
1,1,0.9795376062393188
1,1,0.9979091286659241
1,1,0.9999010562896729
0,0,1.2385097392098032e-08
0,0,0.03420773521065712
0,0,0.015618718229234219
1,1,0.9948311448097229
0,0,8.437098841795887e-08
1,1,0.9906948804855347
0,0,0.08759383112192154
1,1,0.9554240703582764
1,1,0.8639370203018188
1,1,0.9372188448905945
0,0,0.011282864958047867
0,0,0.024827642366290092
1,1,0.9990749359130859
0,0,0.0018870914354920387
1,1,0.993918776512146
1,1,0.998660683631897
1,1,0.8611876964569092
1,1,0.9805529713630676
0,0,0.0004348969960119575
0,0,0.007667006459087133
0,1,0.5290094614028931
0,0,0.09429340809583664
0,0,0.014401823282241821
0,0,0.032289717346429825
0,0,0.4427318572998047
0,0,0.022890320047736168
1,1,0.8687583208084106
1,1,0.9996065497398376
1,1,0.9999969005584717
1,1,0.9968485236167908
1,1,0.9990002512931824
1,1,0.999254047870636
1,1,0.9897011518478394
0,0,0.4576483368873596
0,1,0.7292076945304871
1,1,0.9497703313827515
0,1,0.6693331003189087
0,0,0.003241460071876645
1,1,0.8229339718818665
0,0,0.04746636748313904
1,1,0.9875321984291077
0,1,0.7166428565979004
1,1,0.94133460521698
1,1,0.979885995388031
0,0,0.014198712073266506
0,0,0.3511354625225067
1,1,0.9900572896003723
1,1,0.8379620909690857
1,1,0.9972232580184937
0,0,2.479938476795951e-11
1,0,0.06946167349815369
0,0,0.0015000212006270885
1,1,0.9999021291732788
0,0,0.13359379768371582
0,0,0.0017451272578909993
1,1,0.9141139388084412
1,1,0.9975926280021667
0,0,0.032158806920051575
1,1,0.96147620677948
0,0,0.23672302067279816
0,0,0.23325049877166748
0,0,0.026391858235001564
0,0,0.31614449620246887
1,1,0.9399428367614746
1,1,0.9967296123504639
1,1,0.999797523021698
1,1,0.880672037601471
0,0,0.0013625173596665263
0,0,0.3436446487903595
0,0,0.0038691393565386534
1,1,0.8379329442977905
0,1,0.7665572762489319
0,0,0.000615073717199266
0,0,0.06472430378198624
1,1,0.9992559552192688
1,1,0.6111684441566467
1,1,1.0
0,0,0.011359009891748428
1,1,0.9079336524009705
0,0,0.012577159330248833
0,0,0.01512319128960371
0,0,0.0004912913427688181
1,0,0.2883809804916382
1,1,0.9945663213729858
0,0,1.27972571135615e-05
1,1,0.999357283115387
0,0,0.018531396985054016
0,1,0.7790476083755493
0,0,0.027511313557624817
1,1,0.7807028293609619
1,0,0.35586872696876526
1,1,0.9776846766471863
1,1,0.9990015625953674
1,1,0.9980031847953796
1,1,0.9956042766571045
0,0,2.9947617804282345e-05
1,1,0.9968639612197876
1,1,0.9813532829284668
0,0,0.2547553479671478
0,0,0.11054427176713943
1,1,0.9999569654464722
1,1,0.9451116919517517
1,1,0.9999986886978149
0,0,0.011488599702715874
0,0,0.42625126242637634
0,0,4.3052558046374756e-12
0,0,7.785454727127217e-06
1,1,0.8103486895561218
0,0,0.25242316722869873
0,0,0.30930301547050476
0,0,0.00414245342835784
0,0,0.0010301390429958701
0,0,0.002000473439693451
1,1,0.9496016502380371
1,1,0.7067416310310364
1,1,0.8434143662452698
1,1,0.916144073009491
1,1,0.9997355341911316
1,1,0.9815355539321899
1,1,0.7993366122245789
1,1,0.9999997615814209
1,1,0.9994454979896545
0,0,0.17496360838413239
1,1,0.9999998807907104
1,1,0.9997804760932922
1,1,0.9999990463256836
1,1,0.9998003840446472
1,1,0.9999529123306274
0,1,0.7802168726921082
0,0,0.03868390619754791
0,0,0.15488439798355103
1,1,0.9510307908058167
0,0,0.07096695899963379
1,1,0.6992048621177673
1,1,0.9763556718826294
1,1,0.996526300907135
0,0,2.580388581918669e-06
1,1,0.9998487234115601
0,0,2.391050657024607e-05
1,1,0.8803418278694153
0,0,0.05645311623811722
0,0,0.0001986015122383833
1,1,0.9981386661529541
1,1,0.9864808320999146
0,0,0.0011780103668570518
1,1,0.9855707883834839
1,1,0.9999626874923706
1,1,0.8606816530227661
0,0,0.03174613043665886
1,1,0.9992842078208923
1,1,0.8393687009811401
0,0,0.0003820492420345545
1,0,0.05320163443684578
1,1,0.9548324346542358
1,1,0.9958961009979248
1,0,0.33127784729003906
0,0,0.02998720481991768
0,0,0.04288514330983162
1,1,0.9550749659538269
0,0,0.005920351017266512
0,0,0.07112757116556168
0,0,0.22990812361240387
0,0,0.027330921962857246
1,0,0.22533772885799408
0,0,0.003955007065087557
0,0,0.046609099954366684
1,1,0.9573072791099548
0,1,0.9432100057601929
1,1,0.9999997615814209
0,0,0.15448744595050812
0,0,0.007003082428127527
0,0,0.0831766352057457
1,1,0.999984622001648
1,1,0.8005306124687195
1,1,0.999997615814209
1,1,0.929813802242279
0,1,0.8824450373649597
0,0,0.29049259424209595
0,0,0.10694533586502075
1,1,0.9208703637123108
1,1,0.9325581789016724
1,1,0.9992617964744568
0,0,4.7355511924251914e-05
1,1,0.9975643157958984
1,1,0.9998219609260559
0,0,0.004143639467656612
0,0,0.021228903904557228
1,1,0.9842414259910583
0,0,0.07798785716295242
1,1,0.9640214443206787
1,1,0.9978668093681335
0,0,0.21299295127391815
1,1,0.9985284805297852
1,1,0.9230780005455017
1,1,0.9998983144760132
1,1,0.9945268034934998
0,1,0.9558059573173523
1,1,0.9992712140083313
0,0,0.00023776083253324032
0,0,3.3801763493102044e-05
0,0,0.00029698284924961627
0,1,0.6567839980125427
1,1,0.9999184608459473
1,1,0.993526816368103
1,1,0.9651081562042236
0,0,0.21115250885486603
1,1,0.9577303528785706
0,0,0.0011477891821414232
1,1,0.8121458888053894
0,0,0.04715340584516525
0,0,0.00020753592252731323
1,1,0.9999959468841553
1,1,0.9999570846557617
1,1,0.9999325275421143
0,0,0.012857961468398571
0,0,0.09538513422012329
0,0,0.009639745578169823
1,1,0.9999468326568604
0,0,0.007102509029209614
1,1,0.9999226331710815
0,0,0.012091519311070442
1,1,0.9469012022018433
1,1,0.899389922618866
0,0,0.11340168118476868
1,1,0.9996483325958252
1,1,0.8692731261253357
1,0,0.06601905822753906
1,1,0.9617976546287537
0,0,0.0011207599891349673
1,1,0.9982321858406067
1,1,0.982257068157196
1,1,0.977200448513031
1,1,0.9724332690238953
1,1,0.6124321222305298
1,1,0.9992951154708862
0,0,0.048514433205127716
1,1,0.9912209510803223
0,0,0.010998208075761795
1,1,0.9999418258666992
0,0,6.22331936028786e-05
1,1,1.0
0,0,0.015601257793605328
1,1,0.9745252132415771
1,1,0.9857110381126404
1,1,0.9964101910591125
1,0,0.44897934794425964
1,1,0.9999874830245972
1,1,0.9896067976951599
1,1,0.9999091625213623
1,1,0.985921323299408
1,1,0.9935450553894043
1,1,0.9997614026069641
1,1,0.9809292554855347
1,1,0.9998487234115601
1,1,0.9838009476661682
0,0,0.00028833223041146994
1,1,0.8461138606071472
1,1,0.730765700340271
0,0,0.07972293347120285
1,1,0.9974954724311829
1,1,0.9766640067100525
1,1,0.9987359642982483
1,1,0.9967777132987976
1,1,0.9730772376060486
1,1,0.9222800135612488
1,1,0.9318528175354004
1,1,0.9999985694885254
1,1,0.8932617902755737
1,1,0.9988877177238464
1,1,0.9559640884399414
1,1,0.8134199380874634
1,1,0.9999877214431763
0,0,0.0008238730952143669
1,1,0.9991289973258972
1,1,0.9989902377128601
1,1,0.9873141646385193
0,0,0.14425663650035858
0,0,0.023888422176241875
1,1,0.9958011507987976
0,0,0.011425333097577095
1,1,0.9994741082191467
1,1,0.9999908208847046
0,0,0.000756927824113518
0,0,0.15318652987480164
0,1,0.694797933101654
1,1,0.9981999397277832
0,0,0.0003606919781304896
1,1,0.9937876462936401
0,0,0.10625708848237991
1,1,1.0
1,1,0.9450566172599792
0,0,0.004402578342705965
1,1,0.9997695088386536
1,1,0.992581844329834
1,1,0.9876696467399597
1,1,0.9683111310005188
1,1,0.9997571110725403
1,1,0.9999995231628418
0,0,0.009227905422449112
1,1,0.999937891960144
1,1,0.9793627262115479
1,1,0.9998759031295776
0,1,0.7194176316261292
1,1,0.7378110885620117
0,0,0.04855857416987419
0,0,0.10629905015230179
0,0,0.15911249816417694
1,1,0.9909329414367676
1,1,0.9975031018257141
1,1,0.9985382556915283
1,1,0.9975631237030029
0,0,0.003797259647399187
0,0,0.09436623007059097
1,1,0.9997802376747131
1,1,0.9897292852401733
0,0,0.19868677854537964
1,1,0.9997602105140686
1,1,0.9999476671218872
1,1,0.8996413946151733
1,1,0.9239239692687988
0,0,0.24714280664920807
1,1,0.8859461545944214
1,1,0.9545741081237793
1,1,0.922897219657898
0,1,0.54381263256073
1,1,0.9958900809288025
1,1,0.8764545917510986
0,0,0.0024734665639698505
1,1,0.9993890523910522
0,0,0.44771847128868103
0,0,0.04268744960427284
1,1,0.9945100545883179
0,0,0.044150155037641525
0,0,0.029459701851010323
0,0,1.7576205209479667e-05
1,1,0.9982162117958069
1,1,0.884498655796051
0,0,0.02934705838561058
0,0,0.01911027915775776
1,0,0.050602611154317856
0,0,0.007476606406271458
1,1,0.9249615669250488
0,0,0.07373309135437012
1,1,0.8589798212051392
0,0,0.07847294211387634
1,1,0.9999301433563232
0,0,0.4407712519168854
0,0,0.0029669152572751045
0,0,0.008372939191758633
1,1,0.9999973773956299
0,0,0.005644139833748341
0,0,0.001890708226710558
0,0,1.1013358974798493e-10
1,1,0.9997263550758362
1,1,0.9996209144592285
1,1,0.5158729553222656
1,1,0.9981245398521423
1,1,0.9988284707069397
1,1,0.9929922819137573
0,0,0.014376292936503887
0,0,4.6537421440007165e-05
0,0,0.0012969966046512127
0,0,0.28298959136009216
0,0,1.2280488590477034e-06
1,1,0.9878573417663574
0,0,0.0012821442214772105
1,1,0.9988306164741516
1,1,0.999651312828064
0,0,0.10545230656862259
0,0,0.1732032299041748
1,1,0.9998906850814819
0,1,0.862653911113739
0,0,0.012504052370786667
1,1,0.8919233679771423
1,1,0.999946117401123
0,0,0.07825461775064468
0,0,0.1206071600317955
0,0,0.05046624317765236
0,0,0.03680789843201637
0,0,0.00019589797011576593
0,0,0.0006554557476192713
1,0,0.2876448333263397
0,0,0.0028385224286466837
1,1,0.9999970197677612
1,1,0.9821649789810181
0,0,0.0010925588430836797
1,1,0.7480191588401794
1,1,0.7703221440315247
0,0,0.05662619322538376
1,1,0.9961178302764893
1,1,0.9993826150894165
0,0,0.0012998199090361595
1,1,0.9999873638153076
0,0,0.0006670785369351506
0,0,0.011448713950812817
0,0,0.019011463969945908
0,0,0.00038439506897702813
0,0,0.01665002852678299
0,1,0.9835115671157837
0,0,0.001148027484305203
1,1,0.9779654145240784
0,0,5.985841198707931e-05
1,1,0.999985933303833
1,1,0.9007594585418701
1,1,0.9624536037445068
1,1,0.6367515325546265
1,1,0.9963843822479248
1,1,0.9947866201400757
1,1,0.9280148148536682
0,0,0.055418405681848526
1,1,0.9996762275695801
1,1,0.9786438345909119
1,1,0.9999936819076538
0,0,0.029094118624925613
1,1,0.9807974100112915
0,0,0.00043088803067803383
1,1,0.9658962488174438
0,1,0.8871830701828003
0,0,0.0069654835388064384
1,1,0.9939261078834534
1,1,0.7555913329124451
1,1,0.5516555905342102
1,1,0.9999796152114868
1,1,0.8506590723991394
1,1,0.9990319013595581
1,1,0.9446802139282227
1,1,0.9971774816513062
1,1,0.9835664629936218
0,0,0.2279566526412964
1,1,0.9916254878044128
1,1,0.9969507455825806
1,1,0.7637341618537903
1,1,0.9994920492172241
0,0,0.0006266679265536368
0,0,0.02575404942035675
1,1,0.9999991655349731
1,1,0.9987063407897949
0,0,0.0024623183999210596
0,0,0.4753841757774353
0,0,0.0003962447226513177
0,0,0.061378639191389084
0,0,1.6794376278994605e-05
1,1,0.87103670835495
1,1,0.9341171383857727
0,0,0.021579954773187637
1,1,1.0
0,0,0.006253724917769432
1,1,0.9958282113075256
1,0,0.3665768504142761
0,0,0.18248924612998962
0,0,0.12093470990657806
1,1,0.9997072815895081
1,1,0.9984448552131653
1,1,0.9228705167770386
0,0,0.007189961150288582
1,1,0.9576707482337952
1,1,0.9972364902496338
1,1,0.9999898672103882
0,0,0.20723971724510193
1,1,0.9999885559082031
1,1,0.8333861827850342
1,1,0.9844298362731934
0,0,0.0010348560754209757
1,1,0.9998268485069275
0,0,0.0012842066353186965
1,1,0.9980266690254211
1,1,1.0
0,0,0.31113675236701965
0,0,0.013638438656926155
0,0,0.42434409260749817
1,1,0.9996721744537354
0,0,0.0005326693062670529
1,1,0.9781098961830139
1,1,0.9945446252822876
0,0,0.02532227896153927
0,0,0.007946872152388096
1,1,0.9984765648841858
0,0,0.008658544160425663
0,0,0.0037217335775494576
1,1,0.9587449431419373
1,1,0.9993941783905029
1,0,0.2260759025812149
1,1,0.9995606541633606
1,1,0.9733803868293762
0,0,0.07219744473695755
1,0,0.1475297063589096
1,1,0.7828471660614014
0,0,0.15546457469463348
1,1,0.9617053866386414
0,0,0.22410184144973755
1,1,0.998940646648407
0,0,0.029213886708021164
0,0,0.12365507334470749
0,0,0.00333198020234704
1,1,0.9057908654212952
0,0,0.019552549347281456
1,1,0.9957515001296997
1,1,0.969998836517334
1,1,0.9898054599761963
0,0,0.0024588608648627996
0,0,0.008685152046382427
0,0,0.0007413486018776894
1,1,0.9994046688079834
0,0,0.03430565074086189
0,0,0.01660286821424961
0,0,0.0036854674108326435
1,1,0.9987297654151917
1,1,0.9944087862968445
1,1,0.711510956287384
1,1,0.9917033910751343
0,0,0.014138655737042427
1,1,0.9999161958694458
1,1,0.999498724937439
1,1,0.9864932894706726
1,1,0.9998798370361328
1,1,0.7876118421554565
0,0,0.27881044149398804
0,0,0.03474840149283409
0,0,4.1741142922546715e-05
0,0,0.007244794629514217
0,0,0.04051675647497177
1,1,0.9995719790458679
1,1,0.9974798560142517
1,1,0.9994086027145386
0,0,0.011003623716533184
1,1,0.6470324397087097
1,1,0.9733173847198486
1,1,0.9814419150352478
0,0,0.0002148315979866311
0,0,0.0392325259745121
1,1,0.9967337846755981
1,1,0.9999985694885254
1,0,0.2703084349632263
1,1,0.9999738931655884
0,0,0.013500739820301533
0,0,0.3412097692489624
1,1,0.9978420734405518
0,0,0.14444464445114136
1,1,0.9994391798973083
1,1,0.9999996423721313
1,1,0.9905563592910767
1,1,0.999196469783783
1,1,0.9997100234031677
1,1,0.9473068714141846
0,1,0.6696385741233826
0,0,0.0014925168361514807
1,1,0.9947192668914795
0,0,0.059993281960487366
1,1,0.9997242093086243
0,0,0.008319318294525146
1,1,0.9993917942047119
0,0,0.04622194170951843
1,1,0.9999963045120239
1,1,0.5166274309158325
1,1,0.9999926090240479
1,1,0.9757921695709229
0,0,0.142344132065773
1,1,0.9978864789009094
0,0,0.005064380820840597
0,0,0.0014085290022194386
0,0,0.0006970386020839214
0,1,0.8102297782897949
0,0,0.09795752167701721
0,0,5.081507424620213e-06
0,0,0.017388802021741867
0,0,0.12663985788822174
1,1,0.9339520335197449
1,1,0.7178415656089783
0,1,0.9287434816360474
0,0,0.19485865533351898
0,0,0.008588096126914024
1,1,0.9442048072814941
0,0,0.16390559077262878
0,0,0.021894630044698715
0,0,0.03979412093758583
0,0,0.0017185688484460115
0,0,0.0003461912274360657
0,0,8.980016718851402e-05
0,0,0.07157812267541885
1,1,0.7553272843360901
0,0,0.0058317966759204865
1,1,0.9994568228721619
0,1,0.7417876720428467
1,1,0.9999986886978149
0,1,0.8921719789505005
0,0,0.000306044879835099
1,1,0.98674076795578
0,0,1.287720920117863e-06
0,0,0.00020572789071593434
1,1,0.9939525723457336
1,1,0.8526841998100281
1,1,0.9992628693580627
1,1,0.622447669506073
1,1,0.972929060459137
1,1,0.9999788999557495
1,1,0.8363348841667175
0,0,0.30987370014190674
0,0,0.02683486044406891
1,1,0.9995933175086975
1,1,0.9985154271125793
0,0,0.001621960662305355
0,0,0.019013553857803345
0,0,0.020484616979956627
1,1,0.9435169100761414
1,1,0.9306545257568359
1,1,0.9998270869255066
1,1,0.9834596514701843
1,0,0.002190978964790702
0,0,0.42491185665130615
1,1,0.9993079900741577
0,0,0.002071111463010311
0,0,0.1599275767803192
0,0,0.06236717849969864
1,1,0.9997976422309875
1,1,0.9987311959266663
0,0,0.006667269393801689
0,0,0.004564202856272459
0,0,0.008416280150413513
1,1,0.8856616616249084
1,0,0.013946580700576305
1,1,0.9963724613189697
0,0,0.014949261210858822
0,0,0.0004965115804225206
0,0,0.02140238508582115
0,0,0.004078122321516275
0,0,0.013424130156636238
0,0,0.2349635362625122
0,0,0.10662964731454849
1,1,0.999305248260498
1,1,0.9229128956794739
0,0,0.004222653806209564
1,1,0.9965428709983826
1,1,0.8966663479804993
1,1,0.991904079914093
1,1,0.9999934434890747
1,1,0.9934461712837219
1,1,0.976973831653595
0,0,0.03861064091324806
1,1,0.9943825006484985
0,0,0.3744030296802521
1,1,0.9934099316596985
1,1,0.7215405106544495
1,1,0.999976634979248
0,0,0.000444357079686597
0,0,0.09427832812070847
0,0,0.02565988525748253
1,1,0.9625868797302246
0,0,0.038013994693756104
1,1,0.9999985694885254
0,0,0.06407935917377472
0,0,0.01271339226514101
0,0,0.038181859999895096
0,0,0.13111768662929535
0,0,3.932776962756179e-05
0,0,3.54300505600591e-10
1,1,0.999954104423523
0,0,0.10270939022302628
1,1,0.9999945163726807
1,1,0.8289738893508911
1,1,0.9943495392799377
1,1,0.9966818690299988
1,1,0.9871848225593567
0,0,0.05952858552336693
1,1,0.994644284248352
0,0,0.37541449069976807
0,1,0.5650140643119812
0,0,0.014688042923808098
1,1,0.9977222084999084
0,0,0.003956476226449013
0,0,0.007820874452590942
0,0,0.04368341341614723
0,0,0.1697184294462204
0,0,0.09787314385175705
0,0,0.22727230191230774
0,0,0.2759323716163635
1,1,0.995205819606781
1,1,0.9384077787399292
1,1,0.9991369843482971
0,0,0.026211922988295555
0,0,0.04532385244965553
1,0,0.22319969534873962
0,0,0.002087696921080351
0,0,0.02200407348573208
1,1,0.9992839694023132
1,1,0.9999293088912964
0,0,0.10793512314558029
0,1,0.9850539565086365
0,0,0.2331363558769226
0,0,0.07652684301137924
0,0,0.0018080392619594932
0,0,9.409049539499392e-07
0,0,0.04942096769809723
0,0,0.00029870279831811786
0,0,0.003109302604570985
1,1,0.970840334892273
0,0,0.4680660665035248
1,1,0.8536789417266846
1,1,0.6547938585281372
1,1,0.9954016208648682
1,1,0.9479432702064514
1,1,0.997499406337738
0,0,0.0006384735461324453
0,0,0.021707700565457344
0,0,0.014131744392216206
1,1,0.9875755310058594
1,1,0.9999475479125977
1,1,0.9997448325157166
0,0,0.03913455456495285
0,0,0.29350781440734863
1,1,0.9457539916038513
0,0,0.0007915926398709416
1,1,0.6538327932357788
0,1,0.7831310629844666
1,1,0.7417792081832886
1,1,0.9296920895576477
1,1,0.9922702312469482
0,0,0.0012402625288814306
0,0,0.028531301766633987
1,1,0.822796106338501
1,1,0.9764576554298401
1,1,0.9998549222946167
1,1,0.9951299428939819
1,1,0.9841110706329346
1,1,0.9985028505325317
0,0,0.2595539391040802
0,0,0.20685821771621704
0,0,0.2307967245578766
1,1,0.9993977546691895
1,1,0.9751899242401123
0,0,0.24746277928352356
0,0,0.00012320939276833087
1,1,0.9998569488525391
0,0,1.3056916031928267e-05
1,1,0.9997610449790955
1,1,0.8573846817016602
0,0,0.013576125726103783
1,1,0.9453961849212646
1,1,0.9680715203285217
1,1,0.999506950378418
0,1,0.7999626398086548
1,1,0.8821896314620972
0,0,0.02818325161933899
1,1,0.9991918206214905
0,0,0.02514573000371456
1,1,0.999213457107544
1,1,0.9405202269554138
0,0,0.13381056487560272
1,1,0.9989228844642639
0,1,0.5810770392417908
1,1,0.9950225353240967
0,0,0.07834556698799133
1,1,0.9813128709793091
1,1,0.9998600482940674
1,1,0.9984941482543945
1,1,0.733153760433197
1,1,0.9146503806114197
0,0,0.43964511156082153
1,1,0.8042553067207336
1,1,0.9992961883544922
0,0,0.29761433601379395
1,1,0.9829786419868469
1,0,0.372329443693161
1,1,0.9999014139175415
1,1,0.9556229114532471
1,1,0.9999537467956543
0,0,0.002720700576901436
0,0,0.013122610747814178
0,0,0.001675915322266519
0,1,0.5431268215179443
1,1,0.9982340335845947
1,1,0.9562206268310547
0,1,0.7875502705574036
0,0,0.023972947150468826
1,1,0.8774168491363525
1,1,0.5607101321220398
0,1,0.6488401889801025
1,1,0.9811293482780457
1,1,0.9972862005233765
1,1,0.9998728036880493
1,1,0.9559558033943176
1,1,0.9998986721038818
1,1,0.9988694787025452
0,0,0.0023879886139184237
1,1,0.9999552965164185
1,1,0.9170381426811218
1,0,0.28810063004493713
0,0,0.003740683663636446
0,0,1.7336966266157106e-05
0,0,0.00011937195813516155
0,0,0.0020596126560121775
0,0,0.0001230100606335327
0,0,2.071409107884392e-05
0,0,0.20538797974586487
0,0,0.015016496181488037
1,1,0.9915345311164856
0,0,9.89631371339783e-06
0,0,0.020490096881985664
1,1,0.9865165948867798
0,0,0.00013507503899745643
0,0,0.0035046557895839214
0,0,0.07671360671520233
1,1,0.9063329100608826
1,1,0.9948577880859375
0,0,0.2632291913032532
0,0,0.02642791159451008
1,1,0.9985188841819763
1,1,0.9993659853935242
1,1,0.9970079064369202
1,1,0.9996769428253174
0,0,0.27745991945266724
0,1,0.759125292301178
0,0,0.24089567363262177
0,0,0.17382167279720306
1,1,1.0
0,0,0.006933044642210007
1,1,0.9999946355819702
1,1,0.9994194507598877
1,1,0.9457287192344666
1,1,0.5247568488121033
1,1,0.6397283673286438
0,0,0.024413621053099632
1,1,0.9919943809509277
1,0,4.3295211071381345e-05
0,0,0.02769709751009941
1,1,0.9995868802070618
1,1,1.0
0,0,0.004323889501392841
0,0,0.0004884599475190043
1,1,0.6986071467399597
0,0,0.18391583859920502
1,1,0.9999514818191528
1,1,0.9994226694107056
1,1,0.9953542947769165
1,1,0.8123127222061157
1,1,0.9949629306793213
1,1,0.9003340601921082
0,0,0.002238697372376919
1,1,0.9459128975868225
1,1,0.9971272349357605
0,0,0.00023639059509150684
1,1,0.9909768104553223
1,1,0.9995194673538208
1,0,0.06913795322179794
1,1,1.0
1,1,0.9998999834060669
1,1,0.9995874762535095
1,1,0.9966810345649719
0,0,0.017378123477101326
1,1,0.9991980195045471
1,1,0.99937504529953
1,1,0.8142833709716797
1,1,0.9740995168685913
1,1,0.9834587574005127
0,1,0.7427236437797546
0,0,0.15910299122333527
0,0,0.13244514167308807
1,0,0.028604809194803238
1,1,0.9883316159248352
1,1,0.9993353486061096
0,0,0.0009032634552568197
1,1,0.9963715076446533
0,0,0.016071122139692307
0,0,0.0021411057095974684
0,0,0.06675686687231064
1,1,0.9850285053253174
1,1,0.9999673366546631
0,0,0.01592310518026352
1,1,0.9752511382102966
1,1,0.9998868703842163
1,1,0.985655665397644
1,1,0.9946243166923523
0,0,0.0002485552686266601
0,0,0.00018611678387969732
1,1,0.9999822378158569
0,0,0.23274387419223785
0,0,0.051067885011434555
1,0,0.2099040150642395
0,0,0.0007159106316976249
0,0,0.18561086058616638
1,1,0.9999998807907104
1,1,0.997665524482727
1,1,0.9988756775856018
0,0,0.016612976789474487
1,1,0.9741554856300354
0,0,0.00295647862367332
1,1,1.0
0,0,0.004507196601480246
0,0,0.009234932251274586
0,0,0.011846190318465233
0,0,6.973544077482074e-05
1,1,0.9869815707206726
1,1,0.9757781624794006
0,0,0.010839619673788548
0,0,0.03868146613240242
0,0,0.04736606776714325
1,1,0.9975305199623108
1,1,0.9832549095153809
1,1,0.999995231628418
0,0,0.00010790695523610339
0,0,0.008618912659585476
1,1,0.9428765773773193
1,1,0.5453503727912903
0,0,8.646836135994818e-07
1,1,0.9947110414505005
1,1,0.977012038230896
1,0,0.4104868471622467
0,0,0.3817206025123596
0,0,0.04603177309036255
0,1,0.6530607342720032
0,0,0.23002322018146515
0,0,0.0005607297644019127
0,0,0.032905034720897675
1,1,0.9993991851806641
0,0,0.09028473496437073
0,0,0.05814142897725105
1,1,0.8755128979682922
1,1,0.9999309778213501
0,0,0.002273688791319728
0,0,0.0011137870606034994
1,1,0.906707763671875
1,1,0.9999924898147583
1,1,0.989732563495636
0,0,8.850668531401595e-10
0,0,0.02357894368469715
0,0,0.18709096312522888
1,1,0.9997184872627258
1,1,0.9977967739105225
0,0,0.0018110693199560046
1,1,0.9950069189071655
1,0,0.03477955237030983
1,1,0.5022364258766174
1,1,0.999970555305481
1,1,0.9669802784919739
1,1,0.9980828762054443
0,0,0.021883783861994743
0,0,0.0025448957458138466
1,1,0.9999977350234985
1,1,0.5840445160865784
0,0,0.03513336181640625
1,1,0.9997302889823914
0,0,0.025169258937239647
0,0,0.020411375910043716
1,1,0.9289279580116272
1,1,0.9306387901306152
1,1,0.7358635067939758
1,1,0.9121184349060059
1,1,0.9923088550567627
0,0,0.005384261254221201
1,1,0.9998955726623535
0,1,0.8012645840644836
1,1,0.9657270312309265
1,1,0.9999685287475586
0,0,0.060147520154714584
1,1,0.9994878768920898
1,0,0.181674063205719
0,0,0.23090991377830505
0,0,0.00739247864112258
1,1,0.9987514019012451
1,1,0.9320672154426575
1,1,0.9999856948852539
0,0,0.0015964478952810168
0,0,0.035679806023836136
0,0,0.002688155509531498
1,1,0.996860146522522
1,1,0.9998089671134949
1,1,0.9457433223724365
0,0,0.0002764423843473196
0,0,0.007404258009046316
1,1,0.9923076629638672
0,0,0.00032100838143378496
1,1,0.9995115995407104
0,0,0.00043617887422442436
0,0,0.0001254478847840801
1,1,0.7910953164100647
0,0,0.061017658561468124
0,0,0.008772098459303379
0,0,3.411006400710903e-05
0,0,0.00020602763106580824
0,0,0.159174844622612
0,0,0.004098356235772371
1,1,0.967172384262085
1,1,0.9980233907699585
1,1,0.9275806546211243
0,0,0.0003383286821190268
0,1,0.5008057951927185
0,0,0.051476385444402695
0,0,0.00036327718407846987
1,1,0.793235182762146
0,0,1.608101410965901e-05
0,0,1.1305801308481023e-06
0,0,2.396553788752698e-10
0,0,0.0031929551623761654
0,0,0.002429058775305748
0,0,0.10670427978038788
0,0,0.07558038830757141
0,0,0.01478895079344511
0,0,0.00012861762661486864
1,1,0.5851360559463501
1,1,0.9998675584793091
0,0,3.7891131796641275e-05
0,0,0.00019120545766782016
0,0,0.018598971888422966
0,0,1.436671936971834e-08
1,1,0.9823927879333496
0,0,0.0072310143150389194
0,0,0.001823948696255684
0,0,0.0022754971869289875
1,1,0.8550674319267273
1,1,0.9999743700027466
1,1,0.9996377229690552
1,1,0.9999312162399292
0,0,0.061786383390426636
1,1,0.999788224697113
1,1,0.9921532273292542
0,0,0.011515849269926548
0,0,0.017260313034057617
0,0,0.028221163898706436
0,0,0.11504648625850677
0,0,0.17541144788265228
0,0,0.016194071620702744
1,1,0.9968348145484924
1,1,0.7968520522117615
1,1,0.7300608158111572
1,1,0.9049628973007202
0,0,0.0012304983101785183
1,1,0.9981677532196045
1,1,0.7840682864189148
0,0,0.08444787561893463
0,0,0.013010027818381786
0,0,0.015037479810416698
0,0,0.01955784112215042
0,0,0.0075152101926505566
0,0,0.00425792345777154
1,1,0.9187129139900208
0,0,0.013763010501861572
1,1,0.9819623827934265
0,0,0.011970805004239082
0,0,0.21013115346431732
1,0,0.22460883855819702
1,1,0.7749109864234924
0,0,0.00046191614819690585
0,0,0.015198389068245888
1,1,0.9862796068191528
0,0,0.1244073137640953
0,0,0.06851787865161896
1,0,0.27108851075172424
1,0,0.0003708990989252925
1,1,0.9998519420623779
1,1,0.9317447543144226
1,1,0.7876885533332825
1,1,0.7916949391365051
1,1,0.9995680451393127
1,1,0.9672650694847107
1,1,0.9951436519622803
1,1,0.9999352693557739
1,1,0.9992308616638184
1,1,0.9991115927696228
1,1,0.9991320967674255
1,1,0.9990842342376709
0,0,0.009766576811671257
0,0,0.05874979496002197
0,0,0.0011785996612161398
1,1,0.9999988079071045
1,1,0.9509404301643372
1,1,0.6514831781387329
1,1,0.9821756482124329
1,1,0.8206464052200317
1,1,0.9930654764175415
0,1,0.5327932238578796
0,0,0.28856897354125977
0,0,2.529650100502323e-12
1,1,0.9997007846832275
1,1,0.9993131160736084
1,1,0.9943459630012512
1,1,0.9995123147964478
1,1,0.9999127388000488
1,1,0.9998112320899963
0,0,0.0012424594024196267
1,1,0.7232716083526611
1,1,0.9827125072479248
1,1,0.997859537601471
0,0,0.017269130796194077
0,0,0.002075035823509097
0,0,6.369014590745792e-05
1,1,1.0
0,0,0.009814728051424026
0,0,0.03006342053413391
0,0,0.002057749545201659
0,0,2.011278957070317e-05
1,1,0.9951398372650146
1,1,0.971653163433075
0,0,0.000480470567708835
0,0,0.0024829059839248657
1,1,0.9862380027770996
0,0,0.2848593592643738
0,0,0.0014345626113936305
1,1,0.9996410608291626
0,0,0.0162438303232193
1,1,0.5775130987167358
1,1,0.997498095035553
1,1,0.9295466542243958
1,1,0.949888288974762
1,1,0.9999995231628418
1,1,0.8921696543693542
0,0,0.012600270099937916
1,1,0.9999594688415527
1,1,0.981160581111908
1,1,0.9847925901412964
1,1,0.9817000031471252
0,0,0.01327476091682911
0,0,0.012730113230645657
0,0,0.037257324904203415
0,0,0.025296540930867195
1,1,0.9987837672233582
1,1,0.9999969005584717
1,1,0.9996219873428345
1,1,0.9942488670349121
0,0,0.08080324530601501
1,1,0.9961920976638794
0,0,0.0563715435564518
0,0,0.003817143850028515
1,1,0.9997051358222961
0,0,0.03222668915987015
0,0,0.018210014328360558
1,0,0.37555548548698425
1,1,0.9643036723136902
0,0,0.0824429988861084
0,0,0.4140438437461853
0,0,0.032020676881074905
0,0,7.281177659024252e-06
0,0,0.39752715826034546
1,1,0.8983522057533264
1,1,0.8749839663505554
0,0,0.00905101653188467
1,1,0.9373533725738525
1,1,0.9999504089355469
0,0,0.07415781170129776
0,0,0.005832941271364689
0,0,0.16210101544857025
0,0,1.0279195521434303e-05
0,0,0.012964313849806786
1,1,0.9860758185386658
1,1,0.9960231781005859
0,0,0.21274632215499878
0,0,0.0002005909918807447
0,1,0.8035140633583069
0,0,0.0019553559832274914
1,0,0.3163681924343109
1,1,0.9977040886878967
0,1,0.5103223919868469
1,1,0.9515844583511353
1,1,0.995385468006134
0,1,0.9371698498725891
1,1,0.9673792719841003
1,1,0.9027817249298096
1,1,0.970790684223175
1,1,0.7425225377082825
0,0,0.0037156224716454744
1,1,0.8753342032432556
0,0,0.011008539237082005
1,1,0.9874514937400818
1,1,0.9770798683166504
1,1,0.8813028335571289
0,0,0.0034213592298328876
0,0,0.0012771646725013852
1,1,0.9985333681106567
1,1,0.9970420002937317
0,0,0.0636911541223526
1,1,0.9954779744148254
1,1,0.9571701884269714
1,1,0.9985756874084473
1,1,0.9998080134391785
1,1,0.9996622800827026
1,1,0.9989597797393799
1,1,0.9982085227966309
1,1,0.9996926784515381
0,0,0.0005611606757156551
0,0,0.002999882912263274
1,1,0.9997538924217224
0,0,0.45306846499443054
1,1,0.9999986886978149
1,1,0.9999423027038574
1,1,0.9999338388442993
0,0,0.006435053423047066
1,1,0.9999129772186279
1,1,0.9123779535293579
1,1,0.9991897940635681
0,0,0.09961403906345367
0,0,8.190977496269625e-06
1,1,0.9601550698280334
1,1,0.9981040954589844
0,0,0.0675499364733696
0,0,0.41400378942489624
0,0,0.43510496616363525
1,1,0.8071259260177612
1,1,0.999894380569458
1,1,0.7333338856697083
1,1,0.9966771602630615
1,1,0.974464476108551
0,0,0.04116200655698776
0,0,0.0007000039331614971
0,0,0.0008717522723600268
0,1,0.7622947096824646
0,0,0.09408195316791534
0,0,0.0004355863493401557
0,0,0.00652419263496995
0,0,1.2362940537968825e-07
0,0,0.00781618058681488
0,0,0.04483170807361603
0,0,0.00010812366963364184
0,0,0.45310914516448975
1,0,0.0010060315253213048
1,1,0.9886229634284973
0,0,0.08304291218519211
1,1,0.9911773204803467
1,0,0.10117100179195404
1,1,0.6038208603858948
1,0,0.38493767380714417
0,0,0.4804731011390686
0,0,0.10501143336296082
0,0,0.018702780827879906
1,1,0.6661593914031982
1,1,0.9977503418922424
0,0,0.018045248463749886
0,0,0.005206719506531954
0,0,0.04291733354330063
1,1,0.9997170567512512
1,1,0.9589836597442627
0,0,1.2939647149323719e-06
0,0,0.003625972429290414
0,0,0.1508173942565918
0,0,0.3964821696281433
1,1,0.9703420400619507
1,1,0.958380401134491
0,0,0.0008194517577067018
0,0,0.15534326434135437
0,0,0.01611502654850483
0,0,0.01839003898203373
1,1,0.9994956254959106
1,1,0.9999513626098633
1,1,0.9999967813491821
1,1,0.9936834573745728
1,1,0.9860628247261047
1,0,0.14117589592933655
0,0,0.017886251211166382
0,0,0.009144905023276806
1,1,0.9991313815116882
1,1,0.9342666268348694
0,0,0.003917055670171976
1,1,0.9999998807907104
1,1,0.9912254214286804
0,0,4.488631475396687e-06
0,0,0.03265118971467018
1,1,0.9999686479568481
0,1,0.9973891377449036
0,0,0.00014197244308888912
0,1,0.9972149133682251
0,0,0.00323355570435524
1,1,0.7076091170310974
0,0,0.27272579073905945
0,0,0.00037209721631370485
1,1,0.999721109867096
1,1,0.9792958498001099
0,0,0.009979955852031708
1,1,0.999561607837677
1,1,0.9973427653312683
1,1,0.988289475440979
0,0,0.0028621202800422907
0,0,0.026630043983459473
0,0,0.029608197510242462
0,0,0.1668393611907959
0,0,0.000310983246890828
1,0,0.12826913595199585
0,0,0.010787426494061947
1,1,0.9434101581573486
1,1,0.9393236041069031
1,1,0.991108775138855
1,1,0.9420578479766846
0,0,0.09519603103399277
1,1,0.9999724626541138
1,1,0.9096662402153015
0,0,0.081928551197052
0,0,0.001413907390087843
0,0,0.04394864663481712
0,0,0.00030838893144391477
0,0,0.08096244931221008
1,1,0.9999582767486572
0,0,0.1571391522884369
1,0,0.12198670208454132
1,1,0.9998428821563721
0,0,0.007043056655675173
1,1,0.999984622001648
1,1,0.9718734622001648
0,0,0.00022456982696894556
0,0,0.11548230797052383
1,1,0.9948225021362305
0,0,0.00040982564678415656
0,0,0.017391489818692207
1,1,0.9801708459854126
0,0,0.002469037426635623
1,1,0.9407632350921631
1,1,0.9820082187652588
1,1,0.9996757507324219
0,0,0.0016974532045423985
0,0,0.00012795644579455256
1,1,0.9702345132827759
0,0,0.03300300985574722
0,0,0.020486177876591682
0,0,0.3575216829776764
1,1,0.9365143179893494
0,0,0.0003252751484978944
0,0,0.11228113621473312
0,0,0.2272803783416748
1,1,0.7788597941398621
0,1,0.8909566402435303
0,0,0.004560508299618959
0,0,0.0006257807253859937
1,1,0.9869275689125061
0,0,0.22351299226284027
1,1,0.9297366142272949
1,1,0.908887505531311
1,1,0.9937713742256165
0,0,0.012970509007573128
0,0,0.21371354162693024
0,0,0.0016014514258131385
1,1,0.9788040518760681
1,1,0.8884748220443726
0,1,0.6123839020729065
1,1,0.9928638935089111
0,0,0.0012302369577810168
0,1,0.7069337964057922
0,0,0.028828388080000877
1,1,0.5432424545288086
0,0,0.035973042249679565
1,1,0.9789875745773315
1,1,0.8537149429321289
1,1,0.999997615814209
0,0,0.09991709887981415
0,0,0.028729671612381935
0,0,0.023710152134299278
1,1,0.7312610745429993
0,0,0.017109734937548637
1,1,0.712192714214325
1,1,0.9999970197677612
0,0,0.15059177577495575
0,1,0.5843877792358398
1,1,0.9870911836624146
1,1,0.9989907145500183
1,1,0.8855922818183899
0,0,0.003252387512475252
0,0,0.0030870449263602495
0,0,0.047509901225566864
1,1,0.9959297776222229
0,0,6.856460095150396e-05
0,0,0.030795378610491753
1,0,0.00013668450992554426
1,1,0.9998084902763367
1,1,0.9999791383743286
0,0,0.01491969358175993
0,0,0.06405580788850784
1,1,0.9999837875366211
0,0,0.3577944338321686
1,1,0.9734843373298645
0,0,0.0036531477235257626
0,0,0.4309263825416565
0,0,0.010018772445619106
0,0,0.3312191069126129
1,1,0.9989940524101257
1,1,0.956892192363739
1,1,0.8851358890533447
1,1,0.9998365640640259
1,0,0.07592743635177612
1,1,0.9194170832633972
1,1,0.9997650980949402
1,1,0.9999982118606567
0,0,0.0002842183457687497
1,1,0.9257546067237854
0,0,0.0018794413190335035
1,1,0.9997000694274902
0,0,0.001458109705708921
1,1,0.858769416809082
1,1,0.9980656504631042
1,1,0.986546516418457
0,0,0.0020490295719355345
0,0,0.006614502985030413
1,1,0.9068159461021423
1,1,0.9996787309646606
1,1,0.9990180730819702
1,1,0.9984847903251648
1,1,0.9931192398071289
1,1,0.9999995231628418
0,0,0.000982452998869121
0,1,0.8793342709541321
1,1,0.9725744128227234
0,0,0.0014734743162989616
0,0,0.0005848132423125207
1,1,0.9997602105140686
0,0,0.16709774732589722
1,1,0.5448387861251831
0,0,0.00031360238790512085
1,0,0.4742743968963623
0,0,0.012184550054371357
1,1,0.9749133586883545
1,1,0.9327211976051331
1,1,0.9998780488967896
1,1,0.9004114866256714
1,1,0.7701160311698914
0,0,0.05664759501814842
0,0,0.011252913624048233
1,1,0.9994301199913025
1,1,0.9980487823486328
1,1,0.9890374541282654
0,0,0.07439613342285156
0,0,0.004322253633290529
0,0,0.012249557301402092
0,0,9.596194286132231e-05
0,0,8.075416779718125e-09
0,0,0.37574541568756104
0,0,0.040619704872369766
0,0,0.0024388208985328674
0,0,0.04895813390612602
1,0,0.30118080973625183
1,1,0.9999700784683228
0,0,0.024892089888453484
0,0,0.011440686881542206
0,0,0.047888681292533875
1,1,0.9999701976776123
0,0,0.005440608598291874
1,1,0.9900817275047302
0,0,0.19189965724945068
1,1,0.7579025626182556
1,1,0.9999475479125977
0,0,0.39224597811698914
1,1,0.9706515073776245
1,1,0.9992965459823608
1,1,0.9999796152114868
0,0,0.007400406990200281
0,0,0.06307101249694824
0,0,0.0031889339443296194
1,1,0.9975088834762573
1,1,0.7450854778289795
0,0,0.21572759747505188
0,1,0.8863462805747986
1,1,0.9893350005149841
1,1,0.9628514051437378
1,1,0.9316525459289551
1,1,1.0
1,1,0.9999990463256836
0,0,0.044788286089897156
0,0,0.06147269904613495
1,1,0.9938964247703552
0,0,0.006694391835480928
0,1,0.8524135947227478
0,0,0.20276518166065216
0,0,0.05122465640306473
0,0,0.0001401307963533327
0,0,0.009645365178585052
0,0,0.03155655413866043
1,1,0.9999957084655762
1,1,0.999038815498352
1,1,0.9990058541297913
1,1,0.9855088591575623
1,0,0.3349626660346985
1,1,0.9996292591094971
1,1,0.9996439218521118
1,1,0.9996591806411743
1,1,0.9810020923614502
1,1,0.9972913861274719
1,1,0.9950374960899353
1,1,0.9276730418205261
0,0,0.23205143213272095
1,1,0.6931275725364685
1,1,0.9977339506149292
1,1,0.9985045194625854
1,1,0.9984040856361389
1,1,0.8019403219223022
1,1,0.9950641989707947
1,0,0.1569564789533615
1,1,0.9696664810180664
1,1,0.9928365349769592
1,1,0.9999724626541138
1,1,0.8780698776245117
0,0,0.005486510694026947
1,1,0.9706984162330627
1,1,0.986741840839386
0,0,0.003846714971587062
0,0,6.774279609089717e-05
1,1,0.9051869511604309
0,0,0.0030535198748111725
0,0,0.11308334767818451
0,0,0.002286083297803998
0,0,0.393658310174942
0,0,0.02378261834383011
1,1,0.9995166063308716
1,1,0.9996230602264404
0,0,0.0001453354343539104
1,1,0.9992953538894653
1,1,0.9985131621360779
0,0,8.202946628443897e-05
1,1,0.9999685287475586
1,1,0.9999423027038574
1,1,0.9995390176773071
0,0,0.0002681743062566966
1,1,0.9917254447937012
1,1,0.9913685917854309
1,1,0.9967856407165527
1,1,0.9987867474555969
1,1,0.8716570734977722
0,0,0.22837446630001068
1,1,0.8820964097976685
0,0,2.632858240758651e-06
1,0,0.3159242570400238
1,1,0.6485511064529419
1,1,0.9871585965156555
0,0,0.04215851053595543
1,1,0.8925468921661377
1,1,0.9951468110084534
0,0,0.0015767697477713227
0,0,0.0385756716132164
1,1,0.9999635219573975
0,1,0.7943723797798157
0,0,0.0018466144101694226
1,1,0.9999350309371948
0,0,0.00024689294514246285
1,1,0.9852268695831299
0,0,0.12647967040538788
0,0,0.08103437721729279
1,1,0.5058717131614685
1,1,0.9173057675361633
0,0,0.0039047845639288425
1,1,0.976015031337738
0,0,0.2854187786579132
0,0,1.8053042367682792e-05
1,1,0.9997641444206238
0,0,0.025540558621287346
1,1,0.9999983310699463
1,1,0.9980347752571106
1,1,0.9880679249763489
0,0,0.0032891612499952316
1,1,0.9861043095588684
1,1,0.9682496190071106
1,1,0.9770157933235168
1,1,0.9802953600883484
1,1,0.9539269804954529
1,1,0.6780727505683899
1,0,0.030862674117088318
0,0,0.0009491107775829732
1,1,0.9992846846580505
0,0,0.00042073780787177384
1,1,0.9999860525131226
0,0,0.0004980051307938993
1,1,0.7272542119026184
1,1,0.9839146137237549
0,0,0.06621883809566498
1,1,0.9988454580307007
0,0,1.4249256309994962e-05
1,1,0.9979863166809082
0,0,1.8620981791173108e-05
0,0,0.0008927657036110759
0,0,0.01308300532400608
0,0,0.0029839950148016214
1,1,0.9920607805252075
0,0,0.00672818161547184
0,0,0.05370265245437622
1,1,0.857198178768158
0,0,0.0707797035574913
1,1,0.9999591112136841
0,0,0.42247483134269714
0,1,0.6624908447265625
1,1,0.9999127388000488
1,1,0.9960893392562866
1,1,0.7156965732574463
0,0,1.0070703865494579e-05
0,0,0.00276698125526309
0,0,0.34296056628227234
0,0,0.0045921956188976765
1,1,0.839438259601593
1,1,0.9697022438049316
1,1,0.9974350333213806
0,0,0.037084873765707016
0,0,0.005010013468563557
0,0,0.17160063982009888
1,0,0.13868448138237
1,1,0.890954852104187
1,1,0.8917289972305298
0,0,0.0007413401617668569
0,0,0.016641661524772644
1,1,0.9739202857017517
0,0,0.00446684006601572
0,0,0.02710375189781189
0,0,0.17001217603683472
1,1,0.998405396938324
0,0,8.739416443859227e-06
1,1,1.0
0,1,0.6307703852653503
0,0,0.11135794222354889
0,0,0.12910299003124237
1,1,0.9717669486999512
1,1,0.97756028175354
1,0,0.07768330723047256
1,1,0.9927694797515869
0,0,0.011499700136482716
1,1,0.9847244024276733
1,1,0.9998615980148315
1,1,0.9667806625366211
0,0,5.900515366835234e-15
1,1,0.8492468595504761
1,1,0.9799011945724487
1,1,0.9921172261238098
0,0,0.0006131401751190424
1,0,0.4675486981868744
0,0,0.00276608276180923
0,0,3.1342017337010475e-06
1,1,0.9981632828712463
1,1,0.9831100702285767
0,1,0.6046259999275208
1,1,0.8695946931838989
0,1,0.5985254049301147
1,1,0.994564414024353
0,0,0.0016879483591765165
0,0,0.0035720786545425653
1,0,0.2188403457403183
1,1,0.9999955892562866
0,1,0.5908960103988647
0,0,0.0541854202747345
0,0,3.868323256028816e-05
0,0,0.001083522685803473
1,0,0.0008773445151746273
0,0,0.0008039621752686799
0,0,1.4586496035917662e-05
0,0,0.007007673382759094
1,1,0.9403402805328369
1,1,0.8911336064338684
1,1,0.9646219611167908
1,1,0.998534083366394
0,0,0.12468426674604416
1,1,0.9981639981269836
0,0,0.04550604522228241
1,1,0.5285332202911377
0,0,0.00021398565149866045
0,0,0.014602674171328545
0,0,0.2898159623146057
0,0,0.06550879031419754
0,0,0.038891490548849106
0,0,5.040089376961987e-07
1,1,0.9999719858169556
0,0,0.007961629889905453
1,1,0.9787564277648926
0,1,0.5060880780220032
1,1,0.9970224499702454
0,0,0.17706577479839325
1,0,0.05722934752702713
1,1,0.8663028478622437
0,0,0.000768774829339236
1,1,0.9764332175254822
0,0,0.0028278492391109467
1,1,0.9168148040771484
1,1,0.991021454334259
0,0,0.2950533628463745
1,1,0.9990106821060181
1,1,0.9995906949043274
0,0,0.000837873958516866
0,1,0.8717214465141296
0,0,0.43950754404067993
0,0,0.004762736149132252
0,1,0.7883892059326172
0,0,2.8811682568630204e-06
0,0,0.0382811538875103
1,1,0.9924684166908264
0,0,0.0055881100706756115
1,1,0.7746542096138
0,0,0.02768060564994812
1,1,0.9925305247306824
1,1,0.9964614510536194
1,1,0.9999990463256836
1,1,0.9975706934928894
1,1,0.9925686717033386
1,1,0.9956619143486023
1,1,0.9860615730285645
0,0,0.007577119395136833
1,1,0.8704354763031006
0,0,0.011404987424612045
0,0,0.05492827668786049
0,0,2.167997052993087e-07
1,1,0.999998927116394
0,0,0.0033297766931355
0,1,0.5218183994293213
0,0,0.037262070924043655
0,1,0.6908925175666809
0,0,0.09166800230741501
0,0,0.018987396731972694
0,0,0.001839098404161632
0,0,0.0023537578526884317
0,0,1.538096405795386e-08
1,1,0.9928499460220337
0,0,0.007312179543077946
0,0,0.016530031338334084
0,0,0.0015744600677862763
0,0,0.05828423798084259
0,0,0.00023783226788509637
0,0,0.02870219200849533
1,0,0.4896220266819
1,1,0.8947200775146484
1,1,0.9545781016349792
1,1,0.9984647035598755
0,0,0.010099283419549465
1,1,0.9992269277572632
0,0,0.18300139904022217
1,1,0.5439082384109497
0,0,0.0012538668233901262
1,1,0.9993752837181091
0,0,0.0034875681158155203
0,0,0.006013837177306414
0,0,0.003295368514955044
0,0,0.04924020171165466
0,0,0.03383008390665054
0,0,0.07011294364929199
1,1,0.7206523418426514
1,1,0.8262121677398682
1,1,0.9932687878608704
0,0,0.031434591859579086
0,1,0.6167688965797424
1,1,0.9980292916297913
0,0,2.1134299458935857e-05
0,0,0.22464106976985931
0,0,0.07728362083435059
0,0,0.023241037502884865
0,0,0.0010770352091640234
1,1,0.7586109638214111
0,0,0.0075462800450623035
1,1,0.9812708497047424
1,1,0.9975590705871582
1,1,0.6208725571632385
1,1,0.9443550705909729
1,0,0.00044375492143444717
1,1,0.98875892162323
1,1,0.998909592628479
1,0,0.3025757968425751
1,1,0.999990701675415
0,0,0.059843022376298904
0,1,0.5050386786460876
0,0,0.004065665416419506
0,0,1.5592891941196285e-05
0,0,0.11055130511522293
1,1,0.7764180302619934
0,0,0.13738209009170532
0,0,0.012481880374252796
1,1,0.9995461106300354
0,0,7.325324258999899e-05
1,1,0.9749730825424194
1,1,0.5110548734664917
0,0,0.0031144029926508665
0,0,0.10657662898302078
0,0,0.0054250722751021385
1,1,0.9740760922431946
0,0,0.0003049744700547308
0,0,0.07612720876932144
0,0,0.00398383429273963
1,1,0.9388068318367004
0,0,1.9021092612092616e-07
0,0,0.046424053609371185
0,0,0.004751177970319986
1,0,0.11826731264591217
0,0,0.0022874821443110704
0,0,0.01559832040220499
0,0,0.06769705563783646
1,0,0.4157758951187134
1,1,0.9999986886978149
1,1,0.9856199026107788
0,0,0.02932753786444664
1,1,0.9994485974311829
1,1,0.999983549118042
0,0,0.00014930985344108194
0,0,0.17390818893909454
1,1,0.7104068994522095
0,0,0.2519015669822693
1,1,0.9980803728103638
1,0,0.2249513864517212
1,1,0.941955029964447
0,0,0.003953786101192236
0,0,0.010349600575864315
1,1,0.9997923970222473
0,0,0.2532464861869812
0,0,0.11446171998977661
0,0,0.10842623561620712
0,0,0.0005574325332418084
1,0,0.21776455640792847
1,1,0.9987272620201111
1,1,0.9998620748519897
0,0,0.01749401167035103
1,1,0.9997972846031189
1,1,0.89347243309021
1,1,0.9816345572471619
1,1,0.9157975912094116
0,0,0.029136521741747856
1,1,0.8783705234527588
1,1,0.9689720273017883
1,1,0.9820113182067871
1,1,0.9245651960372925
1,1,0.9871525168418884
1,1,0.9964362382888794
1,1,0.9885864853858948
1,1,0.9796299934387207
1,0,0.3571529984474182
1,1,0.9888575077056885
1,1,0.9982944130897522
1,1,0.9999997615814209
1,0,0.157774418592453
1,1,0.9793702960014343
0,0,0.05269566550850868
0,0,0.03374948725104332
0,0,0.0035437794867902994
0,0,0.03914431110024452
1,1,0.9878109097480774
0,0,0.002286030910909176
1,1,0.9679108262062073
0,0,0.013930615037679672
0,0,0.05570179969072342
0,0,0.0018671605503186584
0,0,1.0502885743335355e-05
1,1,0.9775204062461853
0,0,0.00046509841922670603
0,0,0.021905850619077682
1,1,0.9980229139328003
0,0,0.0006523808115161955
1,1,0.9999465942382812
0,0,0.05064968019723892
0,0,0.021050484851002693
0,0,0.4610423743724823
0,0,0.025804786011576653
0,0,0.2684978246688843
0,0,4.540336522040889e-05
1,1,0.9976100921630859
0,0,0.4843679666519165
0,0,0.004488735925406218
0,1,0.9502068161964417
1,1,0.9999852180480957
1,1,0.9995806813240051
0,0,0.0012707519344985485
0,0,0.0001620663533685729
0,0,4.220706250634976e-05
1,1,0.9995860457420349
0,0,5.542964208871126e-05
1,1,0.6421884894371033
0,0,0.09045203030109406
0,0,0.020801633596420288
0,0,0.0008450541645288467
1,1,0.993778645992279
0,0,0.0439247265458107
0,0,0.0003865104808937758
1,1,0.997843861579895
0,0,0.00024142308393493295
0,0,0.022608943283557892
1,1,0.8344331383705139
1,1,0.9935275912284851
1,1,1.0
1,1,0.9571025967597961
0,0,0.0023565723095089197
1,1,0.9997809529304504
0,0,0.00017064613348338753
1,1,0.9999951124191284
1,0,0.2895539402961731
1,1,0.9636399149894714
0,0,0.0005934651708230376
1,1,0.9866117238998413
0,0,0.05192217975854874
0,0,0.02946004830300808
0,0,0.02421623468399048
1,1,0.987845242023468
1,1,0.9900171160697937
1,1,0.9921775460243225
1,1,0.7365769147872925
1,1,0.8591561317443848
0,0,0.00744062103331089
1,1,0.8860388994216919
1,1,0.7451243996620178
0,0,0.07663071155548096
0,1,0.6237313747406006
1,1,0.9994563460350037
1,1,0.9085131287574768
0,0,6.7446417233441025e-06
0,0,7.069340313137218e-07
1,1,0.9999816417694092
0,0,1.1638744723541095e-07
0,0,0.3869090676307678
1,1,0.9708049297332764
0,0,0.004389059729874134
1,1,0.771989643573761
1,1,0.999991774559021
0,0,0.01309551764279604
0,0,0.00037874202826060355
0,0,0.12398624420166016
1,1,0.9999762773513794
1,1,0.9974575638771057
1,1,0.9992390871047974
0,0,0.20929615199565887
1,0,0.04167494550347328
1,1,1.0
1,1,0.9504503011703491
1,1,0.9191252589225769
1,1,0.9993224143981934
1,1,0.9956183433532715
1,1,0.9980727434158325
1,1,0.9933781027793884
0,0,0.0008822889649309218
0,1,0.6098126769065857
1,1,0.787903368473053
1,1,0.9456762671470642
1,1,0.9423912167549133
1,1,0.8420509099960327
1,1,0.9999346733093262
1,1,0.9979376792907715
0,1,0.6945635080337524
1,1,0.9995895028114319
0,0,8.936876838561147e-05
1,1,0.9933288097381592
1,1,0.9998252987861633
0,0,0.008805688470602036
0,0,0.004323975648730993
0,0,0.027749836444854736
0,1,0.5570377111434937
1,1,0.9999971389770508
1,1,0.9770452976226807
1,1,0.9923760294914246
0,0,0.09087750315666199
1,1,0.9999948740005493
1,1,0.9991849064826965
1,1,0.9946991205215454
1,1,0.95968097448349
0,0,0.0013801857130602002
0,0,0.0038983130361884832
0,1,0.8086522221565247
0,0,0.0005943821743130684
0,0,0.10851860791444778
1,1,0.9999955892562866
1,1,0.9995275735855103
1,1,0.893676221370697
1,1,0.9016019105911255
1,1,0.6520252823829651
0,0,0.016480522230267525
0,0,7.354007607318636e-07
0,0,0.029130175709724426
1,1,0.9976581335067749
1,1,0.9618954062461853
1,1,0.6968756318092346
1,1,0.9975995421409607
0,0,0.07510823756456375
1,1,0.9947490096092224
1,1,0.9149461388587952
1,1,0.8822945952415466
1,0,0.30541765689849854
1,1,0.9948877692222595
0,0,0.0012019805144518614
0,0,0.1073947325348854
1,1,0.9992382526397705
1,1,0.9999759197235107
1,1,0.8891517519950867
0,0,0.019039412960410118
0,0,0.08451037108898163
1,1,0.999812662601471
1,1,0.6144359707832336
1,1,0.9981580376625061
0,0,6.387802731211423e-09
1,1,0.9992589354515076
1,1,0.9646483659744263
0,0,0.08192195743322372
0,0,7.608375744894147e-05
0,0,0.07920227199792862
0,0,0.0816391184926033
0,0,5.117248065289459e-07
1,1,0.9999992847442627
1,1,0.9951514005661011
1,1,0.9983789920806885
1,0,0.4080235958099365
0,0,6.918560393387452e-05
1,1,0.9999674558639526
0,0,0.032273467630147934
0,0,0.001774856704287231
1,1,0.9999991655349731
0,0,0.005457247607409954
1,1,0.9999712705612183
1,1,0.9803589582443237
1,1,0.9998038411140442
1,1,0.9903468489646912
0,0,0.14762763679027557
1,1,0.5483874082565308
0,0,1.306213221141661e-06
0,0,0.0002682172635104507
0,0,0.06489124149084091
0,0,0.0624590627849102
0,0,0.0007950231665745378
0,0,0.016158338636159897
0,0,0.04730738326907158
0,0,0.009924487210810184
1,1,0.8478583693504333
0,0,0.0006715702475048602
1,1,0.9999611377716064
0,0,0.003346537472680211
0,0,0.09074709564447403
0,0,0.00025265986914746463
0,0,0.010810154490172863
1,1,0.9895195960998535
0,0,0.0001743410830385983
1,1,0.7735002040863037
0,0,0.009715777821838856
0,0,0.02029350958764553
0,0,0.0012594902655109763
0,0,0.016121212393045425
0,0,0.0026395542081445456
0,0,5.963739749859087e-05
1,1,0.9998756647109985
0,0,0.010917368344962597
1,0,0.48697760701179504
0,1,0.5755311250686646
0,0,0.00010033326543634757
1,1,0.9981181621551514
0,0,0.11708438396453857
0,0,0.0002131926448782906
0,0,0.05226677283644676
0,0,0.005694712977856398
0,0,0.01820972003042698
0,0,0.3669544458389282
0,0,0.024923091754317284
0,0,0.42037519812583923
1,1,0.9922050833702087
0,0,0.0667835995554924
0,0,0.02337261661887169
1,1,0.9981902241706848
0,0,0.00012958671140950173
0,0,0.01885778084397316
1,1,0.965286135673523
0,0,0.0438862144947052
0,0,0.370145320892334
0,0,0.002855324186384678
1,1,0.6671528816223145
0,0,0.004158363677561283
0,0,0.07418479025363922
0,0,0.027767444029450417
0,0,0.006218044552952051
0,0,0.0008172325324267149
1,1,0.9860342144966125
0,0,0.295553982257843
0,0,0.01523634698241949
0,0,9.273231262341142e-05
1,1,0.9532874226570129
1,1,0.8978291153907776
1,1,0.9911155700683594
0,0,0.0498659722507
1,1,0.9992733597755432
0,0,0.04668779298663139
0,0,0.04562715068459511
0,0,0.1060478463768959
0,0,0.0703553855419159
1,1,0.9902992248535156
0,0,0.042253125458955765
0,0,0.013204673305153847
0,0,0.0001841504854382947
0,0,0.06781070679426193
0,0,0.0001078306304407306
1,1,1.0
0,0,0.0016823273617774248
1,1,0.9934177398681641
0,0,0.25982218980789185
1,1,0.9917660355567932
0,0,0.10325727611780167
1,1,0.9851667284965515
1,1,0.9718123078346252
1,1,0.9868677854537964
1,1,0.9999176263809204
1,1,0.5626455545425415
1,1,0.9986244440078735
1,1,0.9948861002922058
0,0,0.09330999106168747
0,0,0.004175876267254353
1,1,0.904228687286377
0,1,0.8091437220573425
0,1,0.6285202503204346
0,0,0.3728844225406647
0,0,9.823224536376074e-05
1,1,0.9999974966049194
0,0,0.05407119542360306
0,0,0.07244867086410522
1,1,0.9388229250907898
1,1,0.6812728643417358
0,0,0.003051416017115116
0,0,0.0281884353607893
1,1,0.9943348169326782
1,1,0.9280983805656433
0,0,0.18345746397972107
0,0,0.0006144315120764077
0,0,0.0072622280567884445
1,1,0.9949408769607544
0,0,0.057287201285362244
1,1,0.9936768412590027
1,1,0.9996634721755981
1,1,0.9999899864196777
0,0,1.9085840904153883e-05
0,0,0.27454131841659546
1,1,0.9992720484733582
1,1,0.6397953033447266
0,0,0.13883818686008453
1,1,0.9994414448738098
1,1,0.9174985885620117
0,0,0.009632888250052929
1,1,0.999997615814209
1,1,0.990704357624054
0,0,0.000640016223769635
0,0,0.31937676668167114
1,1,0.9999998807907104
0,0,0.04427381604909897
0,0,0.010927578434348106
0,0,0.11620353907346725
0,0,7.773347897455096e-05
1,1,0.9988034963607788
0,0,0.28198230266571045
0,0,0.04443523660302162
1,1,0.7982068657875061
0,0,0.06593557447195053
0,0,0.011237639002501965
0,0,0.300410658121109
1,0,0.14212289452552795
0,0,0.0563809871673584
1,1,0.9622877836227417
1,1,0.9927511215209961
1,1,0.999996542930603
1,1,0.9993206262588501
1,1,0.9980795383453369
0,0,0.08421029150485992
1,1,0.9813010692596436
0,0,0.01807524263858795
0,0,0.0009019609424285591
0,0,0.0007188500021584332
0,0,0.04886064678430557
0,0,0.016516413539648056
1,1,0.9346388578414917
1,1,0.9778977036476135
1,1,0.999574601650238
0,0,0.004841918591409922
0,0,0.01412762701511383
0,0,0.025757022202014923
1,1,0.8194421529769897
1,1,0.9972144961357117
1,1,0.9620062708854675
0,0,0.02863326296210289
0,0,0.0005780518404208124
0,0,0.0018779472447931767
0,0,0.03915846347808838
1,1,0.6887161135673523
0,0,0.023340359330177307
1,1,0.9804722666740417
1,1,0.9999665021896362
0,0,0.00814873818308115
0,0,0.25024813413619995
0,0,0.04909079894423485
0,0,0.0065994118340313435
1,0,0.16867795586585999
0,0,4.0863049055595013e-10
0,0,0.05093724653124809
0,0,0.014656214974820614
0,0,0.01220651064068079
1,1,0.996347963809967
1,1,0.9956686496734619
0,0,0.013003919273614883
1,1,0.9169421792030334
0,0,0.29738685488700867
1,1,0.9949886202812195
1,1,0.9969960451126099
1,1,0.9863603115081787
1,1,0.9531750679016113
0,0,0.007327933795750141
1,1,0.9992733597755432
1,1,0.9945547580718994
1,1,1.0
0,0,0.38857871294021606
0,0,0.016350800171494484
0,0,0.00012981229519937187
1,1,0.9827566146850586
0,0,0.0023014696780592203
1,1,0.9983140230178833
0,1,0.5303433537483215
0,0,0.0793958380818367
1,1,0.8271129131317139
1,1,0.9932671785354614
1,1,0.9996980428695679
0,0,0.051016855984926224
0,0,0.11595377326011658
1,1,0.9286729693412781
0,0,0.002815014449879527
0,0,0.1662035435438156
0,0,1.4151859431876801e-05
0,0,0.16989703476428986
0,0,3.599476966487103e-11
0,0,0.10143907368183136
0,0,0.0021198843605816364
1,1,0.9994068145751953
0,0,0.013807767070829868
0,0,0.1652536690235138
0,0,0.0440647229552269
0,0,0.046752456575632095
1,1,0.9991933703422546
1,1,0.999994158744812
0,0,0.01927375979721546
0,0,8.89072980498895e-05
0,0,0.0008394854958169162
0,0,0.002780834911391139
0,0,0.175510972738266
1,0,0.0017126243328675628
0,0,0.2649574279785156
0,0,0.19526617228984833
0,0,0.3447738289833069
0,0,0.1670578420162201
0,0,0.039734553545713425
0,0,0.008585412055253983
0,0,1.0688361726352014e-05
0,0,0.04581895098090172
1,1,0.502195417881012
1,1,0.9615269303321838
0,0,0.35092785954475403
0,0,0.0008458783267997205
0,0,0.000540300679858774
0,0,0.010610385797917843
0,0,0.00021623952488880605
0,0,0.02123737707734108
0,0,0.050823379307985306
0,0,0.010047283954918385
1,1,0.9885109663009644
0,0,0.10346721112728119
0,0,0.025918075814843178
0,0,0.011606017127633095
1,1,0.9674695134162903
1,1,0.9967731833457947
1,1,0.9977425336837769
0,0,0.09325995296239853
1,1,0.9998326301574707
1,1,0.6182422637939453
0,0,0.0021981815807521343
1,1,0.8594395518302917
0,0,0.0004239257250446826
1,1,0.939431369304657
1,1,0.6506287455558777
0,0,0.0721028745174408
1,1,0.9481310248374939
1,1,0.996385931968689
1,1,0.9996743202209473
1,1,0.9913647174835205
0,0,0.08667454123497009
1,1,0.9962844848632812
1,0,0.2107481211423874
0,0,0.0008295670850202441
1,1,0.96518874168396
0,1,0.8060320615768433
0,0,0.0005293994909152389
0,0,0.013069468550384045
0,0,0.0517713725566864
1,1,0.9719539284706116
1,1,0.9999675750732422
1,1,0.9970600008964539
1,0,0.20799724757671356
0,0,0.08984766155481339
1,1,0.8270241618156433
1,1,0.9978286623954773
0,0,0.3847869038581848
1,1,0.9976441264152527
1,1,0.9746451377868652
1,1,0.9976237416267395
1,1,0.9984880685806274
0,0,0.00014440422819461673
1,1,0.9922401905059814
1,1,0.6879720687866211
1,1,0.9339571595191956
0,0,0.049378469586372375
1,1,0.9998317956924438
1,1,0.9999991655349731
1,1,0.9855866432189941
0,0,0.0197361558675766
1,1,0.7956037521362305
1,1,0.9999862909317017
0,0,0.24332505464553833
0,0,0.009884876199066639
0,0,0.10117843747138977
0,0,0.0008687106892466545
1,1,0.7293782234191895
0,0,0.16151222586631775
0,0,0.007009432651102543
1,1,0.9958861470222473
1,0,0.1839359998703003
1,1,0.9999009370803833
1,1,0.9979479908943176
0,0,0.35530000925064087
0,0,0.0008875778294168413
1,1,0.9967879056930542
1,1,0.9429836273193359
1,1,0.9942145943641663
0,0,0.015713684260845184
0,0,0.05412488430738449
1,1,0.9794965386390686
0,0,0.0068750628270208836
0,0,0.0015208618715405464
1,1,0.9766112565994263
0,0,0.13837289810180664
1,1,0.9511820673942566
1,1,0.9975797533988953
0,0,0.10259442776441574
1,1,0.9923285841941833
1,1,0.9998863935470581
1,1,0.9733895659446716
1,1,0.9983955025672913
1,1,0.9880070686340332
0,0,0.0001748255017446354
0,0,0.05107322335243225
1,1,0.9950008988380432
1,0,0.35549503564834595
0,0,8.745177910896018e-05
1,1,0.9971387386322021
0,0,0.036416467279195786
1,1,0.894985020160675
1,1,0.9596960544586182
1,1,0.9994193315505981
1,1,0.9845904111862183
1,1,0.9971672892570496
0,0,0.04520459845662117
0,0,0.006592684891074896
1,1,0.9176620244979858
1,1,0.9937862157821655
0,1,0.5636730790138245
1,1,0.9870332479476929
1,1,0.9939202070236206
0,0,2.0338983119927434e-07
1,1,0.9998937845230103
1,1,0.9985713958740234
0,0,0.00024865978048183024
0,0,0.33487093448638916
0,0,0.0072573027573525906
0,0,0.07366923987865448
1,1,0.9989500641822815
1,1,0.9990426898002625
1,1,0.979159951210022
1,1,0.9990803003311157
0,0,0.012616457417607307
1,1,0.9192987084388733
0,0,0.073595330119133
0,1,0.5853068232536316
1,1,0.9198874235153198
1,1,0.9997045397758484
1,1,0.9997939467430115
0,1,0.6235835552215576
0,0,0.038465265184640884
0,0,0.06654767692089081
0,1,0.6260272860527039
1,1,0.9984925985336304
0,0,0.000697369163390249
0,0,0.0016716294921934605
0,0,0.002092094626277685
1,1,0.999017596244812
1,1,0.9999990463256836
1,1,0.9823546409606934
0,0,0.0030115542467683554
1,1,0.9972847700119019
1,1,0.9373259544372559
1,1,0.9997432827949524
0,0,0.0001225693558808416
0,0,0.414695680141449
0,0,0.01731117255985737
0,0,0.05557815358042717
0,0,0.02655709534883499
0,0,0.019598044455051422
0,0,0.1510271430015564
0,0,0.0025212287437170744
1,1,0.9118738174438477
1,1,0.9986515641212463
0,1,0.8466612696647644
1,1,0.9998852014541626
0,0,0.00020478437363635749
0,0,0.00848437286913395
0,0,0.08446869254112244
0,0,0.07150094211101532
1,1,0.9999622106552124
1,1,0.9984241724014282
1,1,0.9960973858833313
0,1,0.5357396602630615
0,0,0.026092039421200752
1,1,0.9999622106552124
0,0,0.002311638556420803
0,0,0.000220901652937755
0,0,0.03892592340707779
0,0,0.0031516999006271362
0,0,0.2029818892478943
0,0,3.943220872315578e-05
0,0,0.006218475289642811
0,0,0.019124189391732216
1,1,0.9828941226005554
1,1,0.5629810690879822
1,1,0.9998458623886108
1,1,0.9948275685310364
1,1,0.9999983310699463
1,1,0.956389307975769
0,0,0.05409952253103256
0,0,2.7000516638508998e-05
0,0,0.0030978131107985973
0,0,0.31373003125190735
1,1,0.9984092116355896
1,1,0.9959694147109985
1,1,0.9714445471763611
0,0,0.33451998233795166
0,0,0.10945393145084381
1,1,0.9994063377380371
1,1,0.9886971712112427
1,1,0.9794062972068787
0,0,0.053450245410203934
1,1,0.9892749190330505
0,0,5.560623890232819e-07
0,0,3.666918200906366e-05
1,1,0.9974416494369507
0,0,0.00023077413788996637
0,0,0.01752195693552494
0,0,0.2264089733362198
1,1,0.9999474287033081
1,1,0.8918316960334778
0,0,0.051009997725486755
1,1,0.9720085859298706
1,0,0.48316076397895813
1,1,0.999828577041626
0,0,0.000556335668079555
0,0,0.030024005100131035
0,0,0.005224549677222967
0,0,2.5401277525816113e-05
0,0,9.077024446585168e-21
0,0,0.004386201500892639
0,0,2.427495928714052e-06
0,0,0.0007509384304285049
0,0,2.233018312836066e-05
0,0,0.023475246503949165
0,0,0.000899622100405395
0,0,0.0443076528608799
0,0,0.008621161803603172
1,1,0.6646108627319336
0,0,1.9413384507060982e-05
0,0,0.023016678169369698
0,0,0.016908641904592514
0,0,0.05581768602132797
0,0,0.0021474945824593306
0,0,0.001725890557281673
0,0,0.0003135838487651199
1,1,0.9996058344841003
0,0,0.002623611129820347
1,1,0.9990334510803223
0,0,0.0003533718700055033
1,1,0.9999719858169556
0,0,0.13696147501468658
0,0,2.4977565772132948e-05
1,1,0.9852650761604309
0,0,0.006804755888879299
1,0,0.41967692971229553
1,1,0.9691492319107056
0,0,0.00016120080545078963
1,1,0.8073480725288391
1,1,0.8403303027153015
1,1,0.9998437166213989
0,0,0.05350648611783981
0,0,0.000855731894262135
0,0,0.0029346488881856203
0,0,0.0015437279362231493
0,0,0.01060254406183958
0,0,0.000471681501949206
0,0,0.014115258120000362
0,0,0.18973784148693085
0,0,1.4171276374597142e-09
0,0,0.1916813999414444
0,0,0.06379730254411697
0,0,0.1928541362285614
1,1,0.999997615814209
0,0,0.24207258224487305
0,0,0.019043611362576485
0,0,0.2618327736854553
0,0,0.01363920234143734
1,1,0.9882802963256836
0,0,1.5258119674399495e-05
0,0,0.03827621415257454
1,1,0.9941966533660889
1,0,0.2967490255832672
0,0,1.1465715033409651e-05
1,1,0.9579845666885376
1,1,0.995079755783081
1,1,0.9914912581443787
1,1,0.9281689524650574
1,1,0.9999626874923706
1,1,0.9999549388885498
1,1,0.8321181535720825
0,0,1.6381156456191093e-05
1,1,0.9999760389328003
0,0,0.0005730330594815314
1,1,0.9932877421379089
0,1,0.8453843593597412
1,1,0.9998376369476318
0,0,0.04621432349085808
1,1,0.9981194138526917
1,1,0.9994668364524841
0,0,0.0029702966567128897
0,0,6.967748049646616e-05
0,0,0.002534958068281412
1,1,0.9677681922912598
1,1,0.8343142867088318
1,1,0.997836172580719
1,1,0.9959537982940674
1,1,0.9986203908920288
1,1,0.9995833039283752
0,0,0.00747621338814497
1,1,0.995686411857605
1,1,0.6207064986228943
1,1,0.9365729689598083
1,1,0.8131493926048279
1,1,0.7106151580810547
1,1,0.989547610282898
1,1,0.999966025352478
1,1,0.9998931884765625
0,0,0.21266373991966248
0,0,0.0009663026430644095
1,1,0.9845998883247375
1,1,0.9425296187400818
0,1,0.6063457131385803
1,1,0.9728935360908508
0,0,0.07509835064411163
1,1,0.9670349955558777
1,1,0.9903696179389954
1,1,0.9998553991317749
1,1,0.9986981153488159
1,1,0.9985033273696899
1,1,0.9987554550170898
1,0,0.417479932308197
1,1,0.9997455477714539
0,0,0.016835423186421394
0,0,4.441132261945313e-07
1,1,0.9963758587837219
0,0,0.08002989739179611
0,1,0.986660361289978
1,1,0.9563097953796387
1,1,0.99985671043396
1,1,0.9999666213989258
0,0,0.00658988393843174
1,1,0.990924060344696
0,0,0.28865379095077515
1,1,0.9826594591140747
1,0,0.18736998736858368
1,0,0.3561073839664459
0,0,0.0001500957878306508
1,1,0.8591819405555725
0,0,0.0006713917246088386
1,1,0.9985594153404236
0,0,0.05832071974873543
1,1,0.996442973613739
0,0,0.033450011163949966
0,0,0.004851419012993574
1,1,0.9357067346572876
1,1,0.9871188402175903
0,1,0.7334192395210266
0,0,0.01206974033266306
0,0,0.02037082612514496
1,1,0.5766100883483887
0,0,3.833351001958363e-06
0,1,0.5768065452575684
0,0,0.04410911351442337
0,0,0.009653699584305286
1,1,0.8746262788772583
1,1,0.9930787682533264
1,1,0.9999998807907104
1,1,0.9996935129165649
1,1,0.9999929666519165
1,1,0.9999991655349731
0,0,0.04679885134100914
0,0,3.484830813249573e-05
0,0,0.0012692332966253161
1,1,0.9999160766601562
0,0,0.0009653414017520845
0,0,0.017853429540991783
0,1,0.8596972823143005
0,0,0.10262083262205124
0,0,0.39900821447372437
0,0,0.00010095381730934605
1,1,0.8022740483283997
1,1,0.9975221753120422
1,1,0.9444710612297058
1,1,0.9223511219024658
1,1,0.9742951393127441
1,1,0.7964886426925659
1,1,0.9154419898986816
1,1,0.7082681655883789
0,0,0.0016570898005738854
0,0,0.4709775745868683
0,0,0.076177217066288
1,1,0.9923426508903503
0,0,0.0026793847791850567
1,1,0.9958750605583191
1,1,0.9974428415298462
1,1,0.999915361404419
0,0,0.007605649996548891
1,1,0.8868759274482727
1,1,0.9761709570884705
1,1,0.9958578944206238
0,0,0.04349065572023392
1,1,0.9701806902885437
0,0,4.9991511852452014e-15
0,0,0.028413793072104454
1,1,0.9999673366546631
1,1,0.9999666213989258
1,1,0.8788133263587952
0,0,0.026526497676968575
1,1,0.9935451745986938
0,0,0.007825116626918316
1,1,0.8978796005249023
1,1,0.996917724609375
0,0,0.0010087216505780816
1,1,0.9969767332077026
0,0,0.0005262046470306814
0,0,0.024988189339637756
0,0,1.7490561731392518e-05
0,0,2.4896640752558596e-05
1,1,0.5530362725257874
0,0,0.09399498999118805
0,0,0.15924502909183502
0,0,0.32545676827430725
1,1,0.9995890259742737
0,0,0.020911579951643944
1,1,0.5025977492332458
1,1,0.9680677652359009
1,1,0.995415210723877
1,1,0.9875409007072449
0,0,5.769961353507824e-05
0,0,0.08007518202066422
1,0,0.3167147934436798
0,0,0.0006008922355249524
0,0,0.009172577410936356
0,0,0.45027515292167664
1,1,0.8942071199417114
1,1,0.9647390842437744
1,1,0.9677720069885254
1,1,0.9104807376861572
1,1,0.9354422092437744
1,1,0.9250079989433289
1,1,0.9871639013290405
1,1,0.7954838871955872
1,1,0.9971480965614319
1,1,0.9999998807907104
0,0,0.0866805762052536
1,1,0.9396807551383972
0,0,0.135903000831604
1,1,0.9992750287055969
0,0,0.0024959156289696693
0,0,0.007396899163722992
1,1,0.9997321963310242
0,0,0.004893010016530752
1,1,0.990750253200531
1,0,0.15692052245140076
1,1,0.8535507321357727
0,0,0.02524966560304165
0,0,4.007286042906344e-05
1,1,0.9985575079917908
1,1,0.9988479614257812
1,1,0.9999473094940186
1,1,0.8492690920829773
1,1,0.9584634304046631
1,1,0.9603888988494873
1,1,0.998932421207428
1,1,0.9996076226234436
1,1,0.9997768998146057
1,1,0.9842893481254578
0,1,0.6495366096496582
0,0,0.04881381615996361
0,0,0.00398423383012414
1,1,0.755039632320404
0,0,0.3495917022228241
0,0,0.007147561758756638
1,1,0.9999932050704956
0,0,0.016238339245319366
0,0,0.016987768933176994
0,0,0.0001149464151239954
1,1,0.9650768041610718
1,1,0.999929666519165
0,0,0.025781312957406044
1,1,0.9383124709129333
1,1,0.9912031888961792
1,1,0.9942460656166077
0,0,0.02903720922768116
0,0,0.15527549386024475
0,0,1.912510379042942e-05
0,0,0.10757619887590408
0,0,1.6281704873222225e-08
1,1,0.9381782412528992
0,0,0.15247850120067596
0,0,0.0010837424779310822
1,1,0.9985748529434204
0,0,0.040747541934251785
0,0,6.252543585105741e-07
1,1,0.9252326488494873
1,1,0.9904652833938599
0,0,0.07923474162817001
0,0,0.010539622977375984
0,0,0.1590297669172287
1,1,0.9954531192779541
1,1,0.99664705991745
0,1,0.7426936626434326
0,0,2.324114211660344e-05
1,1,0.9999958276748657
1,1,0.9999901056289673
0,0,0.018987400457262993
1,1,0.9932725429534912
1,1,0.9511416554450989
1,1,0.9989266991615295
1,1,0.998674750328064
1,1,0.9957333207130432
1,1,0.8992584347724915
0,0,4.197706275822344e-18
1,1,0.9999021291732788
1,1,0.9995525479316711
0,0,0.0003808641340583563
0,0,0.09017442911863327
0,0,0.10139181464910507
0,0,0.052733585238456726
1,1,0.9928498268127441
1,1,0.9945734143257141
1,1,0.8545616865158081
1,0,0.22165383398532867
1,1,0.9994899034500122
1,1,0.9819517731666565
1,0,0.4521499574184418
0,0,0.01781660132110119
1,1,0.9641783237457275
0,0,0.0028244173154234886
1,1,0.9999967813491821
0,0,0.001204152824357152
0,0,0.2248954176902771
1,1,0.998498797416687
0,0,0.07939932495355606
1,1,0.9819934368133545
0,0,0.0630631074309349
0,0,0.00016593083273619413
1,1,0.9821239113807678
0,0,0.01827315241098404
0,1,0.6911466121673584
0,0,0.011255483143031597
0,0,0.0009897432755678892
0,0,0.00900315586477518
0,0,4.878008257946931e-05
0,0,0.016887808218598366
1,0,0.24784770607948303
0,0,5.083142968942411e-05
0,0,0.2633194029331207
0,0,0.00030827955924905837
0,0,0.18564246594905853
0,0,0.1547277569770813
0,0,0.00926478672772646
1,0,0.30264055728912354
1,1,0.9992501139640808
0,0,3.654281317722052e-05
1,1,0.9998843669891357
1,1,0.8897488117218018
0,0,0.022220689803361893
0,0,0.03088061884045601
0,0,0.016309093683958054
0,0,0.010709882713854313
0,0,0.005448434501886368
1,1,0.9818523526191711
0,0,0.01850726641714573
0,0,5.526684162759921e-06
1,1,1.0
1,1,0.9902510643005371
0,0,0.004628751426935196
0,0,0.0022913215216249228
1,1,0.99875807762146
1,1,0.9932615160942078
1,1,0.9770562052726746
0,0,0.0010838742600753903
0,0,0.035205498337745667
1,0,0.320880651473999
0,0,0.10114893317222595
0,0,0.017558563500642776
1,1,0.953607439994812
1,1,0.9998568296432495
0,0,8.571510079491418e-06
0,1,0.6274648904800415
1,1,0.9586098790168762
1,1,0.9988125562667847
0,0,0.019314995035529137
1,1,0.9999819993972778
0,0,0.0182880200445652
1,1,0.9991649389266968
1,1,0.9951614737510681
1,1,0.9763585329055786
1,1,0.9277878999710083
1,1,0.9965717792510986
1,1,0.9972456693649292
0,0,0.0962366908788681
0,0,0.020643126219511032
1,1,0.9842535257339478
1,1,0.9932130575180054
1,1,0.9999368190765381
0,0,8.491227345075458e-05
1,1,0.9990260601043701
1,1,0.9640752673149109
1,1,0.9924329519271851
0,0,0.005861522629857063
0,0,0.024781543761491776
1,1,0.9886361956596375
0,0,1.5271380107151344e-05
0,0,7.076055771904066e-05
0,0,0.022780101746320724
0,0,0.012695525772869587
0,0,0.04964594170451164
1,1,0.8097098469734192
0,0,0.1825040876865387
0,0,0.0023535420186817646
0,0,0.03437752276659012
1,1,0.9333423972129822
1,1,0.5354800820350647
1,1,0.999945878982544
0,0,0.002074094722047448
1,0,0.2805323004722595
0,0,0.05046503245830536
0,0,0.0007755476981401443
0,0,0.027839651331305504
0,0,0.026516931131482124
0,0,0.07927672564983368
0,0,0.11522932350635529
0,0,3.2286319765262306e-05
0,0,0.011829128488898277
0,0,0.05157344043254852
1,1,0.8506038188934326
1,1,0.9999970197677612
1,1,0.9948640465736389
1,1,0.9999181032180786
0,0,0.005044322926551104
0,1,0.7349573969841003
0,0,9.196839982905658e-07
1,1,0.9534475803375244
0,0,0.3567734956741333
1,1,0.999110758304596
1,1,0.9997188448905945
1,1,0.7436153292655945
0,0,6.463970930781215e-05
0,1,0.7762891054153442
0,0,0.2131626307964325
0,0,0.0006478006253018975
1,1,0.8876972794532776
1,1,0.999832272529602
0,0,7.477717008441687e-05
1,1,0.9917994737625122
1,1,0.9751732349395752
0,0,0.22175464034080505
0,0,0.14915364980697632
1,1,0.9968913197517395
1,1,0.9992765784263611
1,0,0.02097475528717041
0,0,3.0877254175720736e-07
1,1,0.9992873072624207
1,1,0.5205008387565613
0,0,2.0459600591493654e-07
0,0,0.00046688277507200837
0,0,0.0006160322809591889
0,0,0.014367337338626385
1,1,0.6870420575141907
0,0,0.023268768563866615
0,0,0.001029323786497116
0,0,0.0015569363022223115
0,0,0.08978842198848724
0,0,0.0036845465656369925
0,0,2.390642748650862e-06
0,0,3.821544669335708e-05
1,0,0.22729063034057617
1,1,0.9999979734420776
0,0,0.014146368019282818
0,0,0.13312570750713348
1,1,0.6036308407783508
0,0,3.710717646754347e-05
1,0,0.4921032786369324
0,0,0.0055355108343064785
0,0,0.03800578415393829
1,1,0.9558283686637878
0,1,0.7917903661727905
1,0,0.3382427394390106
1,1,0.987586259841919
1,1,0.9594071507453918
0,0,0.045794595032930374
0,0,0.0017868740251287818
1,1,0.9995002746582031
1,1,0.9991564750671387
1,1,0.9997484087944031
0,0,0.04933692887425423
0,0,0.01298263669013977
1,0,0.09820055216550827
1,1,0.9997261166572571
1,1,0.9946345090866089
1,1,0.9216180443763733
0,0,0.008136707358062267
1,1,0.7033454775810242
0,0,6.184520316310227e-06
1,1,0.9933116436004639
0,0,0.00011263894703006372
0,0,5.285133374854922e-05
0,0,0.035162847489118576
1,1,0.9750178456306458
0,0,0.019246486946940422
1,1,0.9580789804458618
0,0,0.035436857491731644
1,1,0.9449911713600159
1,1,0.9984897375106812
0,0,0.00037233546026982367
0,0,0.003904209705069661
1,1,0.9999219179153442
0,0,0.002901103114709258
0,1,0.5028653144836426
1,1,0.9779559373855591
0,0,0.175357848405838
1,1,0.8617279529571533
1,1,0.9973655343055725
0,0,0.003780883736908436
1,1,0.9137560725212097
1,1,0.5710718035697937
1,1,0.9666922092437744
0,0,0.008625372312963009
0,0,3.7220837839413434e-05
1,1,0.9994869232177734
0,0,0.18815621733665466
0,0,0.07728908210992813
0,0,0.1506977081298828
1,1,0.9999970197677612
1,1,0.9977850914001465
1,1,0.9022884368896484
1,1,0.9994431138038635
1,1,0.9928975105285645
1,1,0.9452238082885742
0,0,0.0014293425483629107
0,0,0.11387208104133606
0,0,0.20674313604831696
0,0,0.00046263838885352015
1,1,0.9782407283782959
0,0,0.009054776281118393
1,1,0.9998321533203125
1,1,1.0
0,0,0.00014508908498100936
0,0,0.07388534396886826
0,0,0.2033999115228653
0,0,0.001729718060232699
0,0,0.0013351140078157187
1,1,0.9998773336410522
1,1,0.9974839687347412
0,0,0.021541554480791092
0,0,0.00031001525348983705
1,1,0.9851458072662354
1,1,0.9999868869781494
1,1,0.9989185333251953
0,0,0.010496874339878559
1,1,1.0
0,0,0.00015994030400179327
0,0,0.00011524504952831194
1,1,0.8967399597167969
1,1,0.6004583835601807
0,0,0.0019499227637425065
0,0,0.020156683400273323
0,0,0.003159431740641594
1,1,0.5702008008956909
0,1,0.5331265330314636
0,0,0.2797785997390747
1,1,0.7480688095092773
0,0,0.035630252212285995
0,0,0.04776206240057945
1,1,0.9958492517471313
1,1,0.9243583083152771
1,0,0.0037071576807647943
0,0,0.03251183405518532
0,0,0.061773791909217834
0,0,0.010193142108619213
1,1,0.9952185750007629
0,0,0.04946291074156761
0,0,0.00681459903717041
0,0,0.0004956679767929018
0,0,0.0002468244929332286
0,0,0.003683527698740363
0,0,3.0290791983134113e-05
1,1,1.0
0,0,0.0021847933530807495
0,0,0.0006933086551725864
1,1,0.9357753992080688
1,1,0.8348692655563354
0,0,0.010229930281639099
1,1,0.9698739051818848
0,0,5.031237378716469e-05
0,0,0.09561372548341751
0,0,0.006715084426105022
1,0,0.31373125314712524
0,0,0.010764491744339466
0,0,0.2742935121059418
1,1,0.9953953623771667
1,1,0.9994321465492249
0,0,1.0486542123544496e-05
1,1,0.524678111076355
1,1,0.999705970287323
0,0,0.19174852967262268
0,0,0.046158455312252045
1,1,0.9537144303321838
1,1,0.999734103679657
1,1,0.768964409828186
1,1,0.987818717956543
1,1,0.9477394819259644
0,0,0.3544950783252716
1,1,0.964257001876831
1,1,0.9999996423721313
0,0,0.011625018902122974
1,1,0.9742587804794312
1,1,0.9948880076408386
0,0,0.0005616660346277058
0,0,6.203919474501163e-05
1,1,0.9999185800552368
1,1,0.9997362494468689
1,1,0.9997016787528992
1,1,0.9922134280204773
0,0,0.19411544501781464
0,0,0.008164028637111187
1,1,0.9988999366760254
1,1,0.9732517004013062
1,1,0.9979350566864014
0,0,0.19716711342334747
0,0,0.14190420508384705
0,0,0.2260458916425705
1,1,0.9287678599357605
1,1,0.9957340359687805
1,1,0.928379237651825
1,1,0.999957799911499
0,1,0.5751914381980896
0,0,0.00919328536838293
1,1,0.9979396462440491
1,0,0.3383255898952484
0,0,0.0002923110732808709
0,0,0.004065615125000477
1,1,0.9969236254692078
0,0,0.0065399277955293655
0,0,0.0001793847477529198
0,0,0.001759468694217503
1,0,0.31195247173309326
0,0,0.010466399602591991
1,1,0.9944372177124023
1,1,0.9999896287918091
0,0,0.21961142122745514
1,1,0.9996339082717896
0,0,0.01166986022144556
0,0,0.3315255641937256
1,1,0.9916868805885315
0,0,0.008978870697319508
0,0,0.03392423689365387
1,1,0.6532921195030212
1,0,0.00446488568559289
1,1,0.8458192944526672
1,1,0.6691011786460876
1,1,0.8074769973754883
1,1,0.97919100522995
1,1,0.9992142915725708
0,0,0.032155610620975494
0,0,0.000688823638483882
1,1,0.9980807304382324
1,1,0.9798495769500732
1,1,0.9988662004470825
1,1,0.9985369443893433
0,0,0.00015063131286296993
0,0,0.0013117346679791808
0,0,0.3570854663848877
1,1,0.9989404082298279
0,0,0.0028256678488105536
1,0,0.29329004883766174
1,1,0.9995138645172119
1,1,0.8665339946746826
1,1,0.9955263733863831
1,1,0.998868465423584
1,1,0.9978116154670715
1,1,0.9973198771476746
0,0,0.0698317289352417
1,1,0.8163854479789734
0,0,0.012541494332253933
1,1,0.9989833235740662
1,1,0.9986847043037415
1,1,0.9788370132446289
0,0,6.231874749573763e-08
1,1,0.6522815227508545
1,0,0.03420421481132507
1,1,0.9450744986534119
1,1,0.990183413028717
0,0,0.002712009707465768
0,0,0.07773265987634659
1,1,0.9949522018432617
1,1,0.9999186992645264
1,1,0.9999306201934814
0,0,0.021072564646601677
1,1,0.995170533657074
0,0,0.004276514984667301
0,0,0.0006058045546524227
1,1,0.9947723746299744
0,0,0.0906045138835907
0,0,0.00472045224159956
1,1,0.6784102320671082
1,1,0.9995719790458679
1,1,0.9969426989555359
1,1,0.9999985694885254
1,1,0.9990662932395935
0,0,0.011836438439786434
1,1,0.9942785501480103
1,1,0.9598265886306763
0,1,0.785280704498291
0,0,0.047399137169122696
0,0,0.0004898965707980096
0,0,0.06636175513267517
0,0,3.5699016734724864e-05
1,1,0.8930584788322449
0,0,0.34127485752105713
0,0,0.002021894557401538
1,1,0.9998695850372314
1,1,0.8171585202217102
1,0,0.458395779132843
0,0,0.04627075791358948
1,1,0.9955370426177979
0,0,0.0034796542022377253
1,1,0.9939762353897095
1,1,0.935573160648346
1,1,0.9999891519546509
0,0,0.005005508661270142
0,0,0.014122379943728447
0,0,0.001630532555282116
0,0,0.09492950141429901
1,1,0.9996318817138672
0,0,0.009554407559335232
0,0,3.306108453671186e-08
1,1,0.9977465271949768
1,1,0.9920989274978638
1,1,0.9908173084259033
0,1,0.823496401309967
0,0,0.004163993522524834
0,0,0.026601441204547882
0,0,0.13826864957809448
0,0,0.006991750560700893
0,0,9.965263598132879e-05
1,1,0.9903501868247986
1,1,0.9957312941551208
0,0,0.04895278438925743
0,0,0.038740936666727066
0,0,0.040336523205041885
1,1,0.8159670233726501
0,0,0.009604094550013542
0,0,0.284399151802063
1,1,0.9081193208694458
1,1,0.994752049446106
1,1,0.9999980926513672
0,0,0.025960901752114296
1,1,0.9964559674263
0,1,0.7160848379135132
0,0,0.003916521556675434
1,1,0.9903008937835693
1,1,0.9965169429779053
0,0,0.006575179286301136
0,0,0.013711443170905113
0,0,0.24898803234100342
1,1,0.9999704360961914
1,1,0.9004772901535034
1,1,0.9792038202285767
1,1,0.997798502445221
1,1,0.9999222755432129
1,1,0.999647855758667
1,1,0.9732190370559692
0,0,0.045763976871967316
1,1,0.6721697449684143
0,0,0.20747123658657074
0,0,0.0010479120537638664
0,0,0.19569584727287292
1,1,0.949997067451477
1,1,0.9912193417549133
1,1,0.9999988079071045
1,1,0.991235613822937
1,1,0.9776637554168701
0,1,0.7826372385025024
0,0,0.1001540869474411
0,0,0.014333047904074192
0,0,0.058798059821128845
1,1,0.9983599781990051
0,0,0.00021105320774950087
0,0,0.04711301252245903
0,0,0.04985811933875084
1,1,0.9999825954437256
1,1,0.8461087346076965
0,0,0.025344423949718475
1,1,0.9883037805557251
1,1,0.5724367499351501
1,1,0.9952648878097534
1,1,0.9939963817596436
1,1,0.9170820116996765
0,0,0.0008738530450500548
0,0,0.0003797569079324603
1,1,0.860849916934967
1,1,0.9727597236633301
1,1,0.9999780654907227
1,1,0.5294685959815979
1,1,0.9891154766082764
0,0,0.05614663287997246
1,1,0.9991982579231262
1,1,0.9620577692985535
0,0,0.09822508692741394
0,0,0.0023971502669155598
0,0,0.00016406495706178248
0,0,1.9734523448278196e-05
0,0,0.1542099118232727
0,0,0.0027657104656100273
0,0,0.00027821047115139663
1,1,0.9999978542327881
1,1,0.9961025714874268
1,1,0.999971866607666
0,0,0.011608314700424671
0,0,0.000451254949439317
0,0,0.1326211541891098
0,1,0.5931378602981567
0,0,0.0009326861472800374
0,0,0.039349514991045
0,0,0.0016432090196758509
0,0,0.01335989311337471
0,0,0.0765841081738472
1,1,0.9997884631156921
1,1,0.9989029169082642
1,1,0.9658017158508301
0,0,0.005317188333719969
1,1,0.9959861636161804
0,0,0.044905584305524826
0,0,0.002025074791163206
0,0,0.007382967043668032
0,0,0.008323402144014835
0,0,0.004253110382705927
0,0,0.0019331639632582664
0,0,0.0004549753211904317
1,1,0.9787181615829468
0,0,0.01977030746638775
0,0,0.00016865451470948756
0,0,0.0014770164852961898
0,0,0.010914196260273457
0,0,0.00013935727474745363
1,1,0.9993769526481628
1,1,0.9975977540016174
0,0,0.0016741122817620635
1,1,0.9749100804328918
1,1,0.9971394538879395
0,0,0.14817504584789276
0,0,0.0007357617723755538
0,0,0.07299110293388367
0,0,0.013022561557590961
0,0,0.2130277454853058
1,1,0.918958306312561
1,1,0.9624030590057373
0,0,0.014717968180775642
1,0,0.46660780906677246
0,0,5.419429362518713e-05
0,0,0.06965015083551407
1,0,0.0015189644182100892
0,1,0.5890610218048096
1,1,0.9999868869781494
1,1,0.7886922359466553
0,0,0.002030395669862628
0,0,0.024996595457196236
0,0,2.644359483383596e-05
0,0,0.27546101808547974
0,0,0.005786684341728687
1,0,0.3916488587856293
1,1,0.9892242550849915
1,1,0.9890238046646118
1,1,0.9999498128890991
1,1,1.0
0,0,0.06868107616901398
1,0,0.3881255090236664
1,1,0.9993376135826111
0,0,4.349469691078411e-06
0,0,0.005256881006062031
1,1,0.9860803484916687
1,1,0.9901319742202759
0,1,0.9457328915596008
1,1,0.9999649524688721
0,0,0.16970449686050415
0,0,0.008934765122830868
1,1,0.9662060737609863
1,1,0.9970685839653015
1,1,0.9973849654197693
1,1,0.9983548521995544
1,1,0.7754954099655151
1,1,0.9861392378807068
0,0,0.010400591418147087
1,1,0.9992688298225403
0,0,0.06734126806259155
0,0,0.15573963522911072
1,1,0.9986207485198975
1,1,0.8841593861579895
1,1,0.9999537467956543
1,1,0.9397814869880676
1,1,0.9981842637062073
1,1,0.9669029116630554
0,0,0.024132398888468742
0,0,0.011326904408633709
0,1,0.5247863531112671
0,0,0.15753662586212158
0,0,0.20956109464168549
0,0,0.0015528056537732482
0,0,0.20432068407535553
0,0,0.00011779143096646294
1,1,0.991256833076477
0,0,0.024146663025021553
1,1,0.9782343506813049
1,1,0.9921678900718689
1,1,0.9998231530189514
0,0,0.19428689777851105
1,1,0.9979523420333862
1,1,0.9999998807907104
1,1,0.9999938011169434
1,1,0.9992614388465881
0,0,0.271626740694046
1,1,0.9999622106552124
1,1,0.9617516994476318
1,1,0.999363362789154
1,1,0.5994860529899597
0,0,0.015135342255234718
0,0,0.012445157393813133
0,0,0.14086408913135529
1,1,0.9988512992858887
1,1,0.9950313568115234
0,0,0.07803358882665634
1,1,0.993767261505127
1,1,0.982795774936676
0,0,0.00016923218208830804
1,1,0.9536973834037781
0,0,0.031652674078941345
1,0,0.041760168969631195
1,1,0.5800253748893738
0,0,0.04349470138549805
1,1,0.9942365288734436
1,1,0.9266554713249207
1,1,0.8232606053352356
0,1,0.5374736189842224
0,0,0.23147423565387726
0,0,0.033554501831531525
1,1,0.6330716609954834
1,1,0.987125813961029
1,1,0.999993085861206
1,1,0.9870278835296631
1,1,0.6704079508781433
1,1,0.9122699499130249
1,1,0.9797637462615967
1,0,0.1795242726802826
1,1,0.9554081559181213
0,0,0.00631307577714324
1,1,0.9999834299087524
0,0,0.08880288898944855
1,1,0.908723771572113
1,1,0.9792678356170654
0,0,0.004952084273099899
1,1,0.616898238658905
0,0,0.015987558290362358
0,0,0.001048740465193987
0,0,0.17069754004478455
1,1,0.9732215404510498
1,1,0.9998199343681335
1,1,0.9961703419685364
1,1,0.9910740256309509
1,1,0.997864305973053
1,1,0.9806514382362366
1,1,0.7892233729362488
0,0,0.3096770644187927
0,0,0.17926529049873352
0,0,0.003513083793222904
1,1,0.9991078972816467
0,0,0.13036102056503296
1,1,0.9783450365066528
0,0,0.00017265402129851282
1,1,0.9321414828300476
1,1,0.9741034507751465
0,0,0.00017364660743623972
1,1,0.927288830280304
0,0,0.2807755172252655
0,0,0.001123060006648302
0,0,0.0010062523651868105
1,0,0.4042524993419647
1,1,0.9976584911346436
1,1,0.995654821395874
1,1,0.9995006322860718
0,0,0.026847023516893387
1,1,0.9999986886978149
0,0,0.00036402445402927697
1,0,0.4023168087005615
1,1,0.9433647394180298
1,1,0.9999986886978149
0,0,5.401404450822156e-06
0,0,4.131305468035862e-05
0,0,0.007944482378661633
0,0,0.16813834011554718
1,1,0.999968409538269
1,1,0.9983434677124023
1,1,0.9999994039535522
1,1,0.9856467843055725
1,1,0.9504542946815491
0,0,0.0014917373191565275
0,0,0.0002675404539331794
0,1,0.5226146578788757
1,1,0.9959298968315125
1,1,0.9938969016075134
1,1,0.9230051636695862
1,1,0.9943898320198059
0,0,0.004038391634821892
0,0,0.3122975528240204
0,0,1.2993131349503528e-05
0,0,0.05672774836421013
1,1,0.9986661672592163
0,1,0.5719159245491028
0,0,3.7071527913212776e-05
0,0,0.011371498927474022
1,1,0.9697343111038208
0,0,0.028442049399018288
1,1,0.9367808103561401
1,1,0.9996620416641235
1,1,0.9998101592063904
0,0,0.37513867020606995
0,0,3.1762119760969654e-05
0,0,0.011518329381942749
0,0,0.015540028922259808
0,0,0.07282552868127823
1,1,0.9979017972946167
1,1,0.9775070548057556
1,1,0.9549998641014099
1,1,0.9997797608375549
0,0,0.0464128777384758
0,1,0.9940179586410522
0,1,0.858340859413147
0,0,0.025944437831640244
0,0,0.04489470645785332
1,1,0.9843376278877258
1,1,0.9990039467811584
0,0,0.020913023501634598
0,0,0.003963657654821873
1,0,0.15472431480884552
1,1,0.997825562953949
0,0,0.057060204446315765
0,0,0.0628240704536438
1,1,0.9986891150474548
0,0,0.01201319508254528
1,1,0.9999996423721313
0,1,0.8393732309341431
1,1,0.9998754262924194
1,1,0.985948920249939
0,1,0.709084689617157
0,0,0.09332411736249924
0,0,0.23281216621398926
0,0,0.13983865082263947
0,0,0.0015255437465384603
0,0,0.01727122813463211
1,1,0.9998480081558228
0,0,2.6907080609817058e-05
1,1,0.7779611349105835
1,0,0.030073225498199463
1,1,0.9989492297172546
0,0,0.3150463402271271
0,1,0.5050168633460999
1,1,0.9916453957557678
1,1,0.9981033802032471
1,1,0.9924929738044739
1,1,0.999388575553894
0,0,0.012343550100922585
1,0,0.29249849915504456
1,1,0.9087840914726257
1,1,0.9999455213546753
1,1,0.9768562912940979
1,1,0.9900216460227966
1,1,0.9794254899024963
0,0,8.550616621505469e-05
1,1,0.958956241607666
1,1,0.9876678586006165
0,0,0.035888224840164185
1,1,0.999813973903656
1,1,0.9857504367828369
1,1,0.991958498954773
0,0,0.10742133855819702
1,1,0.9997865557670593
1,1,0.9999996423721313
1,1,0.8523602485656738
1,1,0.9966297745704651
1,1,1.0
1,1,0.7347432971000671
1,1,0.9793322086334229
1,1,0.678956151008606
0,0,7.438677857862785e-05
1,1,0.9999533891677856
1,1,0.9937900900840759
0,0,0.0032671107910573483
0,0,0.00574105279520154
0,0,0.002012853045016527
1,1,0.9788296222686768
1,1,0.9819610118865967
1,1,0.92911297082901
0,0,0.007193331606686115
1,1,0.9997949004173279
1,1,0.9806564450263977
0,0,0.1884012520313263
0,0,0.012322471477091312
1,1,0.9989967942237854
0,0,0.007015617564320564
0,0,0.0003506884095259011
0,0,0.031153874471783638
1,1,0.9647557139396667
1,1,0.9955742359161377
1,1,0.9933997392654419
1,1,0.9876639246940613
0,0,0.11354334652423859
1,1,0.8585355877876282
1,1,0.9915159940719604
1,1,0.9938536882400513
1,1,1.0
1,1,0.7709614634513855
0,0,2.8398453650879674e-06
1,1,0.9977568984031677
1,1,0.9665379524230957
1,1,0.9919118881225586
0,0,0.1749245673418045
0,0,5.956055611022748e-05
1,1,0.9949883222579956
0,0,0.06766948103904724
1,1,0.9299681186676025
0,0,0.17441968619823456
1,1,0.9573354721069336
1,1,0.7563762068748474
0,0,0.0040054223500192165
1,1,0.990125298500061
0,0,0.06526444107294083
1,1,0.9020258784294128
1,1,0.9993166923522949
1,1,0.9659855365753174
0,0,0.04030856490135193
0,0,5.1462131523294374e-05
0,0,0.041047342121601105
0,0,0.008062921464443207
1,1,0.9401645660400391
0,0,0.029055321589112282
1,1,0.999984622001648
0,0,0.19509190320968628
1,0,0.05296595022082329
0,0,0.43413373827934265
0,0,0.03647613152861595
0,0,0.33779627084732056
0,0,0.010160153731703758
0,0,3.238983197206835e-07
1,1,0.9636885523796082
0,0,0.016959749162197113
0,0,0.12372355908155441
0,0,0.45870164036750793
1,1,0.9972133040428162
0,0,0.03936866298317909
0,0,0.020827922970056534
0,0,0.10828148573637009
0,0,0.0068901111371815205
0,0,8.63543464220129e-05
1,1,0.6683055758476257
0,0,0.1990150362253189
0,0,0.08747459948062897
0,0,0.007869022898375988
0,0,0.0019129678839817643
0,0,0.10820800065994263
0,0,0.004056870937347412
0,0,4.430270564625971e-06
0,0,0.006263491231948137
0,0,0.008484067395329475
0,0,2.8184225811855868e-05
0,0,2.2344606725837785e-17
0,0,0.03238341957330704
0,0,0.0002918838581535965
0,0,8.648717084724922e-07
0,0,1.061892831444311e-07
1,1,0.9985787868499756
1,1,0.883519172668457
0,0,0.0001638010871829465
1,1,0.8371469974517822
1,1,0.9521361589431763
0,0,0.0002997763513121754
0,0,0.3639698922634125
0,0,2.2164254875889355e-09
1,1,0.9960905909538269
0,0,0.010771851986646652
0,0,0.002034557517617941
0,0,0.011832227930426598
0,0,3.742953049368225e-05
0,0,0.00026957166846841574
0,0,0.2288079857826233
1,1,0.9976688027381897
0,0,0.008811499923467636
1,1,0.9993948936462402
0,0,0.0007730695651844144
0,0,0.0857766717672348
0,0,0.2413255125284195
0,0,0.026330310851335526
1,1,0.9948264956474304
1,1,0.9971634745597839
0,1,0.5029869079589844
0,0,4.908062223307752e-08
1,1,0.9868409633636475
1,1,0.8900813460350037
0,0,0.06853625923395157
1,1,0.9079787731170654
0,0,0.0013006471563130617
1,1,0.9982738494873047
1,0,0.2869623899459839
0,0,0.020505391061306
1,1,0.9994959831237793
1,1,0.9865908622741699
0,0,0.16035674512386322
0,0,0.04298452287912369
1,1,0.8036471009254456
1,1,0.9214277267456055
1,1,1.0
1,1,0.9473390579223633
1,1,0.9999990463256836
1,1,0.9998430013656616
1,1,0.8105962872505188
1,1,0.9996731281280518
0,0,0.46026331186294556
1,0,0.30095937848091125
0,0,3.643232560079923e-07
0,0,0.07120665162801743
1,1,0.9965547323226929
1,1,0.9809245467185974
1,1,0.7976832985877991
1,1,0.9999887943267822
1,1,0.9999988079071045
1,1,0.9999933242797852
1,1,0.9992105960845947
1,1,0.9996896982192993
1,1,0.9722230434417725
1,1,0.9963177442550659
0,0,0.34481096267700195
1,0,0.11718221753835678
1,1,0.9999935626983643
0,0,0.00028550269780680537
0,0,0.08402515947818756
1,1,0.994661271572113
1,1,0.971696674823761
1,1,0.9994716048240662
1,1,0.9999985694885254
0,0,7.385650979685465e-10
0,0,0.10285785794258118
1,1,0.9626501202583313
1,1,0.9459165930747986
0,0,0.056345365941524506
0,0,0.00018651648133527488
1,1,0.9981371164321899
1,1,0.9972972273826599
0,0,0.1328117847442627
1,1,0.9999861717224121
1,1,0.9192765355110168
1,1,0.9494228959083557
0,0,0.009066112339496613
1,1,0.9934373497962952
0,0,0.002511241240426898
1,1,0.9990317821502686
1,1,0.9260830879211426
1,1,0.9952797889709473
1,1,0.9998700618743896
1,1,0.9925864338874817
1,1,0.9995115995407104
1,1,0.9984948635101318
1,1,0.9916309714317322
1,1,0.9918074011802673
1,1,0.6713336110115051
1,1,0.9535264372825623
1,1,0.6088434457778931
0,0,0.000123545978567563
1,1,0.9993903636932373
1,1,0.8906521201133728
0,0,0.030303072184324265
1,1,0.9992250204086304
1,1,0.969079852104187
0,0,0.007299704942852259
0,0,0.4783991277217865
0,0,0.19636352360248566
0,0,0.15927903354167938
1,1,0.9999960660934448
1,1,0.5609985589981079
0,0,0.3570830523967743
0,0,0.00046540869516320527
0,0,0.19839462637901306
1,1,0.9999995231628418
1,1,0.936835527420044
1,1,0.9999988079071045
1,1,0.9997653365135193
1,1,0.9999443292617798
1,1,0.9948506951332092
1,1,0.85328209400177
1,1,0.7304949164390564
0,0,0.06150873005390167
0,0,0.06305615603923798
0,0,0.189811110496521
0,0,0.004225700628012419
0,0,2.1244264644337818e-05
1,0,0.06567243486642838
1,1,0.9981739521026611
1,1,0.9008763432502747
1,1,0.9893167614936829
1,1,0.9908547401428223
1,1,0.9384102821350098
1,1,0.9989978671073914
1,1,0.9796978235244751
1,1,0.8907181620597839
1,1,0.994632363319397
0,0,0.0013305391184985638
0,0,1.7916417183400438e-14
0,0,9.057840543391649e-06
1,1,0.9999593496322632
1,1,0.6292644143104553
1,1,0.9947023987770081
1,1,0.9995749592781067
1,1,0.9997014403343201
0,0,0.003849341534078121
1,1,0.9236286878585815
1,1,0.9397475123405457
0,0,0.34217965602874756
1,1,0.9999982118606567
1,1,0.9998995065689087
0,0,0.0021950502414256334
1,1,0.5665978193283081
0,0,0.000986758153885603
1,1,0.9998897314071655
1,1,0.5832780599594116
0,0,1.8234601606437195e-09
0,0,0.0032597959507256746
0,0,0.30288103222846985
0,0,0.012203538790345192
1,1,0.8315160870552063
0,0,3.814709998550825e-05
1,1,0.9992706179618835
1,1,0.999958872795105
1,1,0.5593012571334839
0,0,0.0035844724625349045
0,0,4.8953112127492204e-05
1,0,0.40334466099739075
1,1,0.9995593428611755
0,0,0.13472266495227814
1,1,0.6466284990310669
1,1,0.9997504353523254
1,1,0.9976902008056641
0,0,6.517157089547254e-06
1,1,0.9946935772895813
1,1,0.8500840067863464
1,1,0.9997968077659607
1,1,0.9816249012947083
1,1,0.959251880645752
0,0,0.0042248256504535675
1,1,0.9999639987945557
1,1,0.9924570322036743
1,1,0.9581936597824097
0,1,0.5207134485244751
1,1,0.989722728729248
1,1,0.994941771030426
1,1,0.9690027236938477
1,1,0.6470526456832886
0,0,0.005571390967816114
0,0,7.330494554480538e-05
1,1,0.9999973773956299
0,0,0.005178774241358042
1,1,0.9485144019126892
0,0,0.07614497095346451
1,1,0.9680147767066956
1,1,0.9105033874511719
0,0,0.00826357863843441
1,1,1.0
1,1,0.7308117747306824
0,0,0.011392752639949322
0,0,0.3771694004535675
0,0,0.009712273254990578
0,0,0.09557755291461945
0,0,0.00016361955204047263
1,1,0.9945823550224304
0,0,8.32418809295632e-05
1,0,0.07921873778104782
0,0,5.957731627859175e-05
0,0,0.1699872761964798
0,0,3.9267001739062835e-06
1,1,0.9995415210723877
1,1,0.9863376021385193
0,1,0.645904541015625
0,0,0.0001967541902558878
1,1,0.9973791837692261
1,1,0.9999785423278809
1,1,0.9829640984535217
0,0,0.16165147721767426
0,0,0.0013665934093296528
0,0,0.001918675028719008
0,0,0.002292254939675331
0,0,0.0653800517320633
0,0,0.004686766769737005
1,1,0.9999970197677612
0,0,0.012501409277319908
0,0,0.3442040681838989
1,0,0.4782486855983734
1,0,0.4735547602176666
1,1,0.9904686808586121
1,1,0.9943646192550659
1,1,0.937446117401123
1,1,0.9838781356811523
1,1,0.9691241979598999
1,1,0.5902019739151001
1,1,0.9999611377716064
1,0,0.00747751584276557
0,0,0.0738578587770462
0,0,0.004084452521055937
1,1,0.9999852180480957
1,1,0.9955437779426575
1,1,0.997945249080658
1,1,0.6225108504295349
1,1,0.9962510466575623
0,0,0.1252724677324295
0,1,0.9898887276649475
1,1,0.9995365142822266
0,1,0.6685171723365784
1,1,0.9938387274742126
1,1,0.9999876022338867
0,0,0.00025575660401955247
0,0,0.0080846743658185
0,0,0.006122720427811146
1,1,0.9534124732017517
0,0,0.013300418853759766
0,0,2.9509355954360217e-05
0,1,0.6744660139083862
0,0,0.0039788647554814816
1,1,0.9628874659538269
1,1,0.9991088509559631
0,0,0.00015931487723719329
1,0,6.50844958727248e-05
0,0,0.4605342745780945
0,0,9.890729415928945e-05
0,0,0.0004005880036856979
0,0,0.00526653416454792
0,0,0.0023007350973784924
1,1,0.8800398707389832
0,0,0.030179010704159737
1,1,0.999747097492218
1,1,0.9982191920280457
1,1,0.9891616106033325
1,1,0.9310819506645203
1,1,0.9856652021408081
1,1,0.9995315074920654
1,1,0.9911603331565857
0,0,5.073738066130318e-05
1,1,0.9513083100318909
1,1,0.9891151189804077
0,0,0.19091668725013733
0,0,0.11336314678192139
0,0,0.010198830626904964
0,0,0.01055648922920227
0,0,1.574408315718756e-06
0,0,0.040404338389635086
1,1,0.6206249594688416
1,1,0.9886606931686401
1,1,0.9996440410614014
0,0,0.04746144264936447
1,1,0.9582602381706238
1,1,0.9996168613433838
1,1,0.9870089888572693
1,1,0.9768721461296082
1,1,0.9943027496337891
1,1,0.9999772310256958
1,1,0.997368335723877
0,0,0.0029836841858923435
1,1,0.9963490962982178
1,1,0.9958252906799316
0,1,0.7352958917617798
0,0,0.009668335318565369
1,1,0.9999054670333862
0,0,0.009543952532112598
1,1,0.9996541738510132
0,0,0.0018268130952492356
0,0,0.03909246623516083
0,1,0.7595607042312622
1,1,0.8225888609886169
0,0,0.38252004981040955
1,1,0.9986879229545593
1,1,0.999998927116394
1,1,0.9983705878257751
0,0,0.0015802899142727256
1,1,0.8867487907409668
0,0,0.02672617696225643
0,0,0.0019625485874712467
0,0,0.004486820660531521
1,1,0.9848852157592773
1,1,0.983817994594574
0,0,0.005099537782371044
1,1,0.9999991655349731
1,1,0.9794514775276184
1,1,0.9931274652481079
0,0,0.013955486938357353
1,1,0.9994283318519592
0,0,0.00023560844419989735
1,1,0.9809885621070862
0,1,0.6340893507003784
0,0,0.001247476669959724
1,1,0.9987071752548218
0,0,0.004585367627441883
0,0,0.0004408263775985688
0,0,0.22842299938201904
0,0,9.960394891095348e-06
1,1,0.9687045812606812
0,0,0.0012844463344663382
0,0,0.021426154300570488
1,1,0.9767981767654419
1,1,0.9999942779541016
1,1,0.9868701100349426
1,1,0.72519850730896
0,0,0.04854719340801239
0,1,0.5553418397903442
0,0,0.0004114523180760443
0,0,0.0249909907579422
0,0,0.013763056136667728
0,0,0.012156718410551548
1,1,0.9943696856498718
0,0,0.044925663620233536
1,1,0.9960410594940186
0,0,0.0014551932690665126
0,0,0.004966989625245333
1,1,0.9991230368614197
0,0,0.11460352689027786
1,1,0.9998728036880493
1,1,0.9991611242294312
1,1,0.9999704360961914
0,0,0.05438510328531265
0,0,7.692242070334032e-05
1,1,0.9989091157913208
0,0,0.014576693996787071
0,0,0.00017900014063343406
0,0,0.030556846410036087
1,1,0.989152193069458
1,1,0.9995809197425842
0,0,0.0008550134371034801
1,1,0.7444379329681396
0,0,0.00012038108252454549
1,1,0.8587154150009155
0,0,0.004624429624527693
0,0,0.3482104241847992
0,0,0.14699923992156982
1,1,0.9996984004974365
1,1,0.9843969941139221
0,0,0.007635664660483599
0,1,0.7128767371177673
0,0,0.06065180152654648
1,1,0.8403576612472534
0,0,0.3841983377933502
1,1,0.9828768372535706
1,1,0.7782804369926453
1,1,0.9263692498207092
0,0,0.19340181350708008
1,1,0.9940382242202759
0,1,0.5004119873046875
0,0,0.202898770570755
1,1,0.9999740123748779
1,1,0.9905585050582886
1,1,0.9999679327011108
0,0,0.00146911118645221
1,1,0.7745749354362488
0,0,0.05189089849591255
1,0,0.24400106072425842
0,0,0.013278760015964508
1,1,0.99982750415802
1,1,0.9890614748001099
1,1,0.9965860843658447
0,0,0.1775701940059662
0,1,0.6961520910263062
1,1,0.9990347623825073
1,0,0.4083578586578369
0,0,0.003223947249352932
0,0,0.0014067386509850621
0,0,0.007594037801027298
1,1,0.9582605361938477
1,1,0.5749880075454712
1,1,0.9997135996818542
1,1,0.9868336319923401
1,1,0.812611997127533
1,1,0.674170196056366
1,1,0.9990118741989136
1,1,0.9783762693405151
0,0,0.2564963698387146
0,0,0.1311294138431549
0,0,0.03506365418434143
1,1,0.997936487197876
0,0,1.9341352526680566e-05
1,1,1.0
1,1,0.9965877532958984
1,1,0.9452320337295532
0,0,0.1289864480495453
1,1,0.8533787131309509
0,0,0.029409801587462425
0,0,0.2246197611093521
0,0,0.010871822014451027
0,0,5.083158248453401e-05
0,0,0.002452417742460966
0,0,0.002533556194975972
1,0,0.28963014483451843
0,0,0.0006859279237687588
0,0,0.016501642763614655
1,1,0.9997677206993103
0,0,1.4757533790543675e-05
0,0,0.07482511550188065
1,1,0.9491266012191772
1,1,0.9553396105766296
1,1,0.7952491044998169
1,1,0.9993016719818115
0,0,0.0168980173766613
1,1,0.9273484945297241
1,0,0.047466982156038284
0,0,0.06318563967943192
1,1,0.9999614953994751
0,0,0.18073774874210358
0,0,0.0003674867330119014
0,0,0.00147136184386909
1,1,0.9853695034980774
1,0,0.09063027054071426
1,1,0.9712195992469788
1,1,0.9787238836288452
1,0,0.1882483959197998
0,1,0.5115604996681213
1,1,0.9562316536903381
0,0,0.0010531372390687466
0,0,3.619346171035431e-05
0,0,0.001062223338522017
0,0,0.008416017517447472
1,1,0.9999135732650757
0,1,0.5342854857444763
0,0,0.15689517557621002
1,1,0.9996517896652222
1,1,0.9801307916641235
1,1,0.8771030306816101
0,0,0.0022900747135281563
1,1,0.9998828172683716
0,0,0.015900474041700363
0,0,0.073136106133461
0,0,0.0021998535376042128
0,0,0.0034083607606589794
1,1,0.9948114156723022
1,1,0.9999954700469971
0,0,0.009803913533687592
1,1,0.9999822378158569
0,0,0.013452868908643723
0,1,0.5980627536773682
1,1,0.9107552766799927
1,1,0.9857007265090942
1,1,0.9961671233177185
0,1,0.8435885906219482
1,1,0.9720341563224792
0,0,0.19378146529197693
0,0,1.1139090020151343e-05
1,1,0.9999988079071045
1,1,0.9997332692146301
0,0,0.03528372198343277
0,0,2.9284854463185184e-05
0,0,0.00015410291962325573
1,1,0.999777615070343
1,1,0.9986048340797424
1,1,0.7959833741188049
0,0,0.034835390746593475
0,0,0.0011928651947528124
1,1,0.5490367412567139
1,1,0.9999188184738159
1,1,0.9999901056289673
0,0,0.06526896357536316
1,0,0.01120698731392622
0,0,9.257857891498134e-05
1,1,0.99986732006073
0,0,5.360431032386259e-08
1,1,0.9999678134918213
1,1,0.9985520243644714
1,1,0.8987674117088318
0,0,0.008227023296058178
1,1,0.8022205829620361
0,0,0.12736640870571136
0,0,0.005129960365593433
0,0,0.0009376911330036819
0,0,0.0010681618005037308
0,0,0.0024988222867250443
1,0,0.18683694303035736
0,0,0.016841067001223564
1,1,0.613996684551239
1,1,0.8975845575332642
1,1,0.9315029382705688
0,1,0.6046198606491089
0,0,4.722302401205525e-05
0,0,0.0010801587486639619
0,0,0.004021866712719202
0,0,0.032707203179597855
0,0,0.19379639625549316
0,0,0.002625474939122796
0,0,0.01182018592953682
0,0,0.0025597030762583017
0,0,6.389625195879489e-05
1,1,0.9999685287475586
1,1,0.8731496334075928
0,0,0.08387662470340729
0,0,0.2046559453010559
0,0,0.00810161978006363
1,1,0.9602489471435547
1,1,0.9979382157325745
0,0,0.0009446460753679276
0,0,0.004282602574676275
0,0,0.022452060133218765
1,1,0.9959698915481567
0,0,0.1532636433839798
1,1,0.9703198075294495
1,1,0.9999997615814209
0,0,3.4893735573859885e-05
1,1,0.9999819993972778
1,1,0.9999996423721313
0,0,4.1428752410865854e-06
0,0,0.032119277864694595
0,0,0.018167534843087196
0,0,0.05330735445022583
0,0,0.00030971423257142305
0,1,0.5567548871040344
0,0,0.3008721172809601
1,1,0.9999992847442627
1,1,0.9994483590126038
1,1,0.9857694506645203
0,0,0.09631235897541046
0,0,0.00018888333579525352
1,1,0.9973003268241882
1,1,0.9986586570739746
0,0,0.010685397312045097
0,0,0.04862039536237717
1,1,0.9654684662818909
1,1,0.9164999127388
0,0,0.06044663488864899
0,0,5.381864320952445e-05
0,0,0.4684009850025177
0,0,0.03405292332172394
1,1,0.8327406644821167
1,1,0.9581891894340515
1,1,0.9364693760871887
0,0,0.013563686050474644
0,0,0.2621360421180725
0,0,0.0031413082033395767
1,1,0.9943585991859436
1,1,0.9980202913284302
1,1,0.9998810291290283
1,1,0.9989674091339111
1,1,0.9843090772628784
1,1,0.9900250434875488
0,0,0.02217158116400242
0,0,2.693175156309735e-05
1,1,0.981561005115509
1,1,0.9980596899986267
0,0,0.19163720309734344
0,0,0.03261985629796982
1,1,0.9999523162841797
1,1,0.926105260848999
0,0,0.3910250961780548
0,0,0.0036950763314962387
0,0,1.812427035474684e-05
0,0,0.03785056993365288
1,1,0.9239307045936584
0,0,9.315765782957897e-05
0,0,0.00024330013548024
1,0,0.18029263615608215
0,0,0.06379198282957077
0,1,0.8148458003997803
0,0,0.0011753159342333674
0,1,0.5753763914108276
0,0,0.16804680228233337
0,0,0.03486240655183792
0,1,0.5110410451889038
1,1,0.607470691204071
0,0,8.715986950846855e-06
0,0,0.21902713179588318
1,1,0.5431500673294067
0,0,0.041160136461257935
0,0,0.00026298195007257164
0,0,0.2231525480747223
1,1,0.9999995231628418
0,0,0.005929894279688597
0,0,0.00407719099894166
0,0,0.0016916670138016343
0,0,0.18764150142669678
0,0,0.03993724286556244
1,1,0.9367818832397461
0,0,0.02166789025068283
0,0,0.020103001967072487
0,0,0.04290356487035751
1,1,0.9839729070663452
1,0,0.3661711812019348
0,0,0.00014061520050745457
1,1,0.9468985199928284
0,0,0.17574091255664825
1,1,0.999060332775116
1,1,0.993224024772644
1,1,0.5758588314056396
1,1,0.9979491829872131
1,1,0.9999134540557861
1,1,1.0
1,1,0.999980092048645
1,1,0.9969208240509033
1,1,0.9995366334915161
1,0,0.35822317004203796
0,0,0.027601094916462898
1,1,0.9999657869338989
0,0,0.021156486123800278
1,1,0.9674587845802307
0,0,0.3354385793209076
0,0,0.025777092203497887
0,0,0.07316531985998154
0,0,0.025170598179101944
0,0,0.12234985083341599
1,1,0.9121541380882263
0,0,0.3789462149143219
0,0,0.00228788610547781
1,1,0.9999963045120239
1,1,0.9939295053482056
1,1,0.974580705165863
1,1,0.9993036985397339
0,1,0.5182231664657593
0,0,0.003298743860796094
1,1,0.9952948689460754
1,1,0.993895947933197
1,1,0.9977926015853882
0,0,0.00018933575483970344
0,0,0.042936962097883224
0,0,0.03873487189412117
0,0,0.0012243995442986488
0,0,1.6955461479284395e-09
1,0,0.14800448715686798
0,0,0.0031020285096019506
0,0,0.00042675627628341317
0,0,3.372432547621429e-05
0,0,0.36748507618904114
0,0,0.4684489965438843
0,0,0.014906084164977074
1,1,0.9999450445175171
0,0,1.3501181456376798e-05
0,0,1.587972838024143e-05
1,1,0.999998927116394
1,0,0.49832436442375183
1,1,0.99839848279953
1,1,0.6299533247947693
1,1,0.998490571975708
1,1,0.9884293079376221
1,1,0.9996821880340576
0,0,0.01310305017977953
0,0,0.0003206887631677091
1,1,0.9994958639144897
1,1,0.9999988079071045
0,0,0.0016535533359274268
1,1,0.9998175501823425
1,1,0.9948731064796448
1,0,0.4872359037399292
1,1,0.9999945163726807
0,0,0.06515022367238998
1,1,0.9897572994232178
0,0,0.09298251569271088
1,1,0.9691763520240784
1,1,0.999591052532196
1,1,0.9990606904029846
1,0,0.16012521088123322
0,0,0.03523436561226845
0,0,0.02529485896229744
1,1,0.9972844123840332
0,0,0.037058066576719284
1,1,0.9934062957763672
1,1,0.9990487694740295
1,1,0.9953410625457764
1,1,0.9907062649726868
0,0,0.14127899706363678
1,1,0.9999825954437256
1,1,0.9999833106994629
0,0,1.6253618014161475e-05
0,0,0.06272602081298828
0,0,0.0407453216612339
0,0,0.38404977321624756
0,0,5.739662447012961e-05
1,1,0.7605156898498535
1,1,0.9713425040245056
1,1,0.8688948750495911
1,0,0.13871446251869202
1,1,0.9995355606079102
0,1,0.6332839131355286
0,0,0.007804909721016884
1,1,0.7223604321479797
0,0,0.09475618600845337
1,1,0.9781438708305359
1,1,0.9628775119781494
1,1,0.9718748927116394
1,1,0.9995465874671936
1,1,0.9998093247413635
1,0,0.1676882803440094
0,0,0.0025796915870159864
1,1,0.9998570680618286
0,0,0.0027135396376252174
0,0,0.007344196084886789
1,1,0.9998620748519897
1,1,0.9236190915107727
1,1,0.9941747784614563
1,0,0.02226889692246914
0,0,0.1709451675415039
1,1,0.9909079074859619
1,1,0.9996567964553833
1,1,0.8852121829986572
0,0,0.0008998916600830853
1,1,0.9977157115936279
0,0,0.0002157380513381213
0,0,0.21860870718955994
1,1,0.8799898624420166
1,1,0.9976804256439209
1,1,0.9999905824661255
1,0,0.3322738707065582
0,0,0.006195309106260538
1,0,0.40906593203544617
0,1,0.9158011674880981
0,0,9.279503865400329e-05
1,1,0.954475462436676
0,0,0.046819109469652176
0,0,0.03580609709024429
1,0,0.40581151843070984
0,0,0.2842482924461365
1,1,0.9768303632736206
0,0,0.022185664623975754
1,1,0.9513131380081177
0,0,0.12652075290679932
1,1,0.9774258732795715
0,0,0.041155945509672165
0,1,0.5882046818733215
0,0,0.12122835963964462
1,1,0.9968216419219971
0,0,0.13415110111236572
1,0,0.12084290385246277
0,0,0.0006142397760413587
1,0,0.24865896999835968
1,1,0.8139851093292236
1,1,0.9896124005317688
0,0,0.0015008986229076982
1,1,0.9847378134727478
1,1,0.9918223023414612
1,1,0.9994640946388245
0,0,0.000379042059648782
1,1,0.9940133690834045
1,1,0.9865254163742065
0,0,0.0011162710143253207
1,1,0.9993200302124023
0,1,0.6541844606399536
1,1,0.9878330230712891
1,1,0.9999608993530273
0,1,0.7418419718742371
1,1,0.9128362536430359
0,0,0.052285339683294296
0,0,0.20643675327301025
0,0,0.036101385951042175
1,1,0.9957026839256287
1,1,0.8914226293563843
1,1,0.9999430179595947
0,0,0.32313933968544006
0,0,0.0008337056497111917
1,1,0.8869255185127258
1,1,0.9992213249206543
0,0,0.0096350172534585
0,0,0.0003034677356481552
0,0,0.013208326883614063
0,0,0.4857584238052368
1,1,0.8634920716285706
1,1,0.8269140124320984
1,1,0.9999619722366333
0,0,0.15189555287361145
1,1,0.8126910328865051
1,1,0.9669769406318665
0,0,0.003431953489780426
1,1,0.5883911848068237
1,1,0.7878204584121704
0,0,0.044112421572208405
1,1,0.9960533380508423
0,0,0.005473685450851917
0,0,0.420378178358078
0,0,0.01966547593474388
0,0,0.00014846300473436713
0,0,0.3995833992958069
1,1,0.9412322044372559
0,0,5.929112134595016e-08
0,1,0.5533867478370667
1,1,0.9948856234550476
0,0,0.03528337553143501
0,0,1.3264678955238196e-06
1,1,0.9999969005584717
1,1,0.9990267753601074
0,0,0.005075464956462383
1,1,0.8846091628074646
0,0,0.1628778725862503
1,1,0.9914411306381226
0,0,0.005642513278871775
0,0,7.354398258030415e-05
0,0,0.0008805840043351054
0,1,0.8133058547973633
0,0,0.00022342638112604618
1,1,0.6011034846305847
1,1,0.9997771382331848
1,1,0.9997989535331726
0,0,0.027470186352729797
1,1,0.9984561204910278
1,0,0.261199027299881
0,0,0.061434969305992126
0,0,4.5608420151665996e-08
1,1,0.9937036633491516
0,0,0.016263479366898537
1,1,0.5882841348648071
1,1,0.9973185658454895
0,0,0.0023010808508843184
1,1,0.959448516368866
0,0,5.180325388209894e-05
1,1,0.9993247985839844
0,0,0.010029196739196777
0,0,0.07918881624937057
0,0,0.0001797976001398638
0,0,3.96657333112671e-06
0,0,0.01756150834262371
1,1,0.9999898672103882
1,1,0.9998264908790588
1,1,0.9663178324699402
1,1,0.9697020053863525
1,1,0.9878193140029907
1,1,1.0
0,1,0.9301379323005676
1,1,0.9979162812232971
1,1,0.9209908843040466
0,0,0.028014840558171272
0,0,0.026835763826966286
1,0,0.39911186695098877
1,1,0.9840162992477417
1,1,0.9949240684509277
0,0,0.02972067892551422
0,0,0.009605364874005318
0,0,0.001857277355156839
1,1,0.9999194145202637
0,0,0.007769158575683832
0,0,0.028340712189674377
1,1,0.992901623249054
1,0,0.06471777707338333
0,0,0.016863126307725906
1,1,0.9107330441474915
0,0,6.366348679875955e-05
0,0,0.007584139704704285
0,0,0.0539495013654232
0,0,0.00859988946467638
1,1,0.9993243217468262
1,1,0.9917239546775818
1,1,0.8543493747711182
1,1,0.9966437816619873
1,1,0.9981462955474854
1,1,0.932981550693512
1,1,0.9832547307014465
0,0,0.281973272562027
0,0,0.032655030488967896
1,1,0.9998953342437744
0,0,0.1553170084953308
1,1,0.9942554831504822
1,1,0.9990900754928589
0,0,0.0011481203837320209
1,1,0.5008947849273682
1,1,0.9939000606536865
1,1,0.9988425970077515
0,0,0.0036053620278835297
1,1,0.9972932934761047
0,0,0.0015536922728642821
0,0,6.305843271547928e-05
1,1,0.9923902153968811
1,1,0.8558675050735474
1,1,0.9989049434661865
0,0,0.05290282890200615
1,1,0.9971563816070557
1,1,0.9700958728790283
1,1,0.9997825026512146
1,1,0.9991877675056458
1,1,0.9999991655349731
1,1,0.9995291233062744
1,1,0.9928038716316223
1,0,0.21856331825256348
0,0,0.00031005311757326126
1,1,0.9924526810646057
1,1,0.9999904632568359
1,1,1.0
0,0,4.570771579892607e-06
1,0,0.44151413440704346
0,0,0.009538009762763977
1,1,0.9854506254196167
0,0,0.016009394079446793
0,0,0.017588621005415916
0,0,0.0006168081308715045
0,0,3.2381412893300876e-05
0,0,0.01074166689068079
0,0,0.05615878105163574
0,0,0.01474972628057003
0,0,0.004552172962576151
0,0,0.20529933273792267
0,0,3.886560079990886e-05
0,0,0.0015132055850699544
1,1,0.9999995231628418
0,0,0.20409677922725677
1,1,0.959769070148468
1,1,0.9925236105918884
1,1,0.9936151504516602
1,1,0.9947644472122192
1,1,0.9841357469558716
1,1,0.98558109998703
0,0,1.6430783489340683e-06
1,1,0.9788150191307068
1,1,0.9999489784240723
0,0,0.003938556183129549
0,0,0.3573090732097626
0,0,0.0690145343542099
1,1,0.5746621489524841
1,1,0.9999865293502808
1,1,0.9998101592063904
1,1,0.974800169467926
0,0,2.6482869230903816e-08
0,0,0.010885295458137989
1,1,0.9553452730178833
0,0,0.1436341255903244
1,1,0.9420621991157532
0,0,1.7927737872014404e-06
1,0,0.4564134478569031
0,0,0.004286817274987698
1,1,0.997032880783081
1,1,0.9999512434005737
1,1,0.9999837875366211
0,0,0.007294928189367056
0,0,0.23567458987236023
1,1,0.9616127610206604
0,0,0.040607042610645294
0,0,0.02772282436490059
1,1,0.8513057827949524
1,1,0.9999487400054932
1,1,0.907910943031311
1,1,0.6479941606521606
0,0,0.0035531979519873857
0,0,0.2062067985534668
1,1,0.9876478910446167
0,0,0.015008055604994297
1,1,0.7159120440483093
1,1,0.629584014415741
0,0,0.004453158471733332
0,0,0.004885656293481588
0,0,0.17454300820827484
0,0,0.003414271166548133
1,1,0.9919999837875366
0,0,0.0034013851545751095
1,1,0.9863816499710083
1,1,0.9996799230575562
1,1,0.9760780334472656
0,0,0.00021590599499177188
1,1,0.9695563316345215
1,1,0.9672945737838745
1,1,0.9751272201538086
1,1,0.9999971389770508
1,1,0.9696751236915588
1,1,0.6150993704795837
1,1,0.9824800491333008
1,1,0.9991167187690735
0,0,0.1012251079082489
0,0,0.016569439321756363
0,0,0.0032665703911334276
1,1,0.9899256229400635
0,0,0.002410608110949397
0,0,0.0032131820917129517
0,0,0.0019035140285268426
0,0,0.004845600109547377
0,1,0.634267270565033
1,1,0.875374972820282
1,1,0.9948948621749878
1,1,0.9420310258865356
0,0,0.16919560730457306
1,1,0.9992570281028748
0,0,0.046349745243787766
0,0,0.060087669640779495
1,1,0.9997796416282654
0,0,0.29983529448509216
1,1,0.9767639636993408
1,1,1.0
1,1,0.9990643858909607
1,1,0.9940330386161804
1,1,0.8886159062385559
1,1,0.9994568228721619
0,0,0.20554232597351074
1,1,0.9342663884162903
0,0,0.005638974718749523
0,0,0.0023006442934274673
0,0,0.4381309747695923
1,1,0.9938282370567322
1,1,0.9987382292747498
0,0,0.0021351573523133993
0,0,0.14818809926509857
0,0,0.0001255901879630983
0,0,0.02253183163702488
1,1,0.994599461555481
1,1,0.752663791179657
1,1,0.999496579170227
0,0,0.015238185413181782
1,1,0.9951395988464355
0,0,0.018289461731910706
1,1,0.8796578645706177
0,0,0.012911250814795494
1,1,0.9999915361404419
1,1,0.9999953508377075
1,1,0.9533525109291077
0,0,0.2991825044155121
0,0,1.3145473531039897e-05
0,0,0.0823102816939354
0,0,0.0009797506500035524
0,0,0.00010231263877358288
0,0,0.002105857478454709
0,0,4.153679583396297e-06
0,0,0.004778697155416012
1,1,0.9988962411880493
1,1,0.6991907358169556
1,1,0.9671985507011414
1,1,1.0
0,0,0.019994540140032768
1,1,0.999902606010437
1,1,0.9628759622573853
0,0,3.079117405491161e-08
0,0,0.06343132257461548
1,1,0.9174376726150513
1,1,0.9323397874832153
0,1,0.6126748323440552
0,0,0.003597381291911006
0,0,0.007633930072188377
1,1,0.9998123049736023
1,1,0.6450954079627991
1,1,0.9701141119003296
1,1,0.9999892711639404
1,1,0.9998973608016968
1,1,0.9995273351669312
0,0,0.044827766716480255
0,0,0.20208331942558289
1,1,0.985489547252655
1,1,0.8323193788528442
1,1,0.9982976317405701
1,1,0.9999896287918091
0,0,0.006214135326445103
1,1,0.9998792409896851
1,1,0.8929696679115295
0,1,0.5545290112495422
0,0,0.03539341315627098
0,0,4.187750164419413e-06
1,1,0.9626103043556213
1,1,0.97474604845047
1,1,0.9997782111167908
1,1,0.9631180763244629
0,0,0.25649386644363403
0,0,0.003222282277420163
0,0,0.0025844392366707325
1,1,0.9870283603668213
0,0,0.21679478883743286
1,1,0.9994593262672424
0,0,0.00012925424380227923
0,0,0.08242903649806976
1,1,0.9999819993972778
0,1,0.7096720933914185
1,1,0.9645082354545593
1,1,0.9282106161117554
0,0,0.0011290970724076033
0,1,0.9988670349121094
0,0,0.005585304461419582
1,1,0.9679843783378601
1,1,0.999799907207489
1,1,0.9990649819374084
0,0,0.009227612987160683
1,1,0.9844128489494324
0,1,0.859054446220398
1,1,0.9964648485183716
0,0,0.021065087988972664
1,1,0.9997820258140564
0,0,0.12238166481256485
1,1,0.9979333877563477
1,1,0.8336374759674072
0,0,0.03905204311013222
1,1,0.9989148378372192
0,0,0.002937104320153594
1,1,0.9910897016525269
1,1,0.9401320219039917
0,0,0.00447006244212389
1,1,0.994513750076294
1,1,0.992864727973938
0,0,0.00044464008533395827
0,1,0.9326216578483582
1,1,0.9995311498641968
1,1,0.5292229652404785
0,0,0.15761470794677734
0,0,0.004094114061444998
1,1,0.9321547746658325
1,1,0.6292634606361389
0,0,0.010513062588870525
1,1,0.9994662404060364
1,1,0.9999990463256836
0,0,0.0003112309204880148
0,0,0.025589529424905777
0,0,0.0063439030200243
0,0,0.06120523810386658
1,1,0.9999810457229614
0,0,0.13832451403141022
0,0,0.05079764127731323
0,0,0.017904603853821754
1,1,0.9997877478599548
1,1,0.9676703214645386
0,0,0.10550771653652191
1,1,0.9976475834846497
1,1,0.9656227231025696
0,0,0.20188648998737335
0,0,4.133452966925688e-05
1,1,0.9975542426109314
1,1,0.9959657192230225
0,1,0.907361626625061
0,0,0.26482489705085754
1,1,0.9995608925819397
0,0,0.044370803982019424
0,0,6.528067024191841e-05
1,1,0.9993106126785278
1,1,0.9991944432258606
0,0,0.0030169649980962276
0,0,0.00020418055646587163
0,0,0.000991213135421276
0,0,0.04842190816998482
1,1,0.9941012263298035
1,1,0.9999140501022339
1,1,0.9877205491065979
1,1,0.9975849390029907
1,1,0.987437903881073
0,0,0.011705017648637295
1,1,0.9988872408866882
1,1,0.9961395859718323
1,1,0.9978688955307007
1,1,0.9490471482276917
0,0,4.212653038848657e-06
1,1,0.9999927282333374
0,0,0.17116793990135193
1,1,0.9995965361595154
1,1,0.7653853297233582
1,0,0.4148571789264679
1,1,0.9863779544830322
0,0,0.12087710201740265
1,1,0.9828397631645203
1,1,0.9999969005584717
0,0,0.00020244557526893914
0,0,0.021840406581759453
0,0,0.04983839392662048
0,1,0.7022179961204529
1,1,0.9999908208847046
1,1,0.9988698363304138
0,0,0.1872895061969757
1,1,0.9983396530151367
0,0,0.00268614012748003
0,0,0.006863950286060572
1,1,0.9996265172958374
1,1,0.9993621706962585
1,1,0.9999983310699463
0,0,2.766255238384474e-05
0,1,0.6413038372993469
0,0,0.001433821045793593
1,1,0.9988792538642883
1,1,0.9833074808120728
0,0,1.5481984519283287e-05
1,1,0.9651237726211548
0,0,0.47374972701072693
1,1,0.9338303208351135
0,0,0.0036521395668387413
0,0,0.0008390480070374906
0,0,0.00850693043321371
1,1,0.9890553951263428
1,1,0.726712167263031
1,1,0.9999479055404663
1,1,0.9806190729141235
0,0,0.22945661842823029
1,1,0.7557342648506165
1,1,0.9230248928070068
1,1,0.9999352693557739
1,1,0.9580047726631165
1,1,0.9740986227989197
0,0,0.013595815747976303
1,1,0.9998515844345093
1,1,0.9894866943359375
0,0,0.0019180751405656338
0,0,3.530658796080388e-05
1,0,0.3180224597454071
1,1,0.9998294115066528
1,1,0.686901867389679
0,0,0.06985245645046234
0,0,0.29869046807289124
0,0,0.0008540163398720324
0,0,0.01107208151370287
1,1,0.9999231100082397
1,1,0.9864044189453125
1,1,0.9999995231628418
1,1,0.9984316229820251
1,1,0.9992532134056091
0,0,0.0639457255601883
1,1,0.999234676361084
0,0,0.003345610573887825
0,0,0.00036086959880776703
0,0,0.4230511784553528
0,0,0.08792470395565033
1,1,0.9963787198066711
1,1,1.0
0,0,0.004117043688893318
1,1,0.9911234378814697
0,0,0.004765768069773912
1,1,0.9981482028961182
1,1,0.9556630849838257
1,1,0.999536395072937
1,1,0.9920002222061157
1,1,0.9740495085716248
0,0,0.014522995799779892
0,0,0.023432839661836624
0,0,0.061411742120981216
1,1,0.6248806715011597
1,1,0.9953794479370117
1,1,0.9935814142227173
1,1,0.8917244672775269
1,1,0.968679666519165
0,0,0.0395045131444931
1,1,0.9394180774688721
0,0,0.004293621052056551
1,1,0.999945878982544
1,1,0.9999721050262451
0,0,0.0011232108809053898
1,1,0.7984153032302856
0,0,0.17572954297065735
0,0,2.6943800548906438e-05
0,0,0.2465129792690277
1,1,0.9347736239433289
0,0,0.3087109327316284
1,1,0.9322996139526367
0,0,0.04316597059369087
1,1,0.936876118183136
1,1,0.9997127652168274
0,1,0.856402575969696
1,1,0.748213529586792
0,0,0.06817765533924103
0,0,0.0004497872432693839
1,1,0.9585432410240173
1,1,0.9611105918884277
1,1,0.9970012307167053
1,1,0.9984341263771057
0,0,0.0013850787654519081
1,0,0.4336583912372589
1,1,0.9999874830245972
0,0,0.28114333748817444
1,1,0.9984005093574524
0,0,0.23553776741027832
1,1,0.9783180952072144
1,1,0.996826708316803
1,1,0.9977241158485413
1,1,0.96340411901474
0,0,0.0016100353095680475
1,1,0.9995381832122803
0,0,0.00026547699235379696
0,0,0.002558973850682378
0,0,0.46108925342559814
1,1,0.5430657267570496
0,0,0.015222044661641121
0,0,0.03484451398253441
1,1,0.5701313614845276
0,0,0.023111796006560326
1,1,0.5114518404006958
0,0,0.0016295135719701648
1,1,0.9780948758125305
1,1,0.8059502243995667
1,1,0.9938422441482544
0,0,0.1485866904258728
0,0,0.009712682105600834
0,0,2.0151446733507328e-08
1,1,0.9999927282333374
1,0,0.49561744928359985
1,1,0.9970310926437378
1,1,0.6200658679008484
1,1,0.9253094792366028
0,0,0.0012848158366978168
0,0,0.22136887907981873
1,1,0.9870534539222717
1,1,0.9492539167404175
0,0,0.1084250807762146
1,1,0.9995384216308594
1,1,0.818193256855011
1,1,0.7504084706306458
1,1,0.9999871253967285
0,0,0.010017679072916508
0,0,0.0008747672545723617
0,0,0.08100233227014542
0,0,0.07314516603946686
0,0,0.1570606380701065
1,1,0.9290730357170105
1,1,0.8804624676704407
1,1,0.747299075126648
0,0,0.19466820359230042
0,0,0.0022375164553523064
1,1,0.8781490325927734
0,0,0.02396349608898163
1,1,0.9642879366874695
0,0,0.0250567439943552
1,1,0.9836028814315796
1,1,0.9918553829193115
1,1,0.8765355348587036
1,1,0.7017494440078735
1,1,0.7513971328735352
0,0,0.004836682230234146
0,0,0.09315899014472961
0,0,0.16407392919063568
0,0,0.050591278821229935
1,1,0.9852024912834167
1,1,0.9430760741233826
1,1,0.8511261940002441
1,1,0.9789943695068359
0,0,0.013398703187704086
0,0,0.11582712084054947
1,1,0.9899573922157288
0,0,0.00724626611918211
0,0,0.04937341809272766
1,1,0.8221235275268555
0,0,0.32960566878318787
0,0,0.026585770770907402
1,1,0.6986230611801147
0,0,0.11879261583089828
0,0,0.14188936352729797
0,0,0.04816018417477608
1,1,0.9999135732650757
0,0,0.0038282296154648066
0,0,0.0033827682491391897
1,1,0.9998683929443359
0,0,0.1260918527841568
0,0,0.16116979718208313
0,0,0.03647027537226677
1,1,0.9999964237213135
0,0,0.0011035390198230743
0,0,0.0006074425764381886
0,0,0.05458569526672363
1,1,0.9313188791275024
0,0,0.1548100858926773
0,0,0.0008299466571770608
1,0,0.42379626631736755
1,1,0.9796773791313171
1,1,0.9990569949150085
0,1,0.9830827713012695
0,0,0.3270183801651001
1,1,0.6973061561584473
0,0,0.017203865572810173
1,1,1.0
1,1,0.9921197891235352
1,1,0.9999555349349976
1,1,0.9980672001838684
1,1,0.9999996423721313
1,1,0.9615697860717773
0,0,0.012045389041304588
0,0,0.005149243399500847
1,1,0.6628211736679077
1,1,0.9969691634178162
1,1,0.9999446868896484
1,1,0.9959004521369934
1,1,0.9728845953941345
0,0,0.06574326753616333
1,1,0.9982814788818359
1,1,0.7500916123390198
1,1,0.8976860046386719
1,1,0.999998927116394
1,0,0.3599074184894562
1,1,0.9932443499565125
1,1,0.9997509121894836
1,1,0.9999592304229736
1,1,0.7520095705986023
1,1,0.9747350811958313
1,1,0.7984372973442078
0,0,0.14245636761188507
0,0,0.1378333419561386
0,0,0.04889598488807678
1,1,0.9999442100524902
0,0,3.6531483260660025e-07
1,1,0.9997113347053528
0,1,0.556894063949585
1,1,0.999062716960907
1,1,0.8436244130134583
1,1,0.9933357238769531
0,0,6.100838436395861e-05
0,0,0.1266518533229828
0,0,0.49567538499832153
0,0,0.053338173776865005
1,1,0.9999858140945435
1,1,0.9749239087104797
0,0,0.018935643136501312
0,0,0.16566237807273865
1,1,0.8973813056945801
1,1,0.9998636245727539
0,0,0.0011439304798841476
1,0,0.03550425544381142
1,1,0.9999990463256836
0,0,0.0602802149951458
0,0,0.0002864258422050625
0,0,0.028953490778803825
0,0,4.654813437809935e-06
0,0,0.0009420844726264477
0,0,0.010612042620778084
0,0,0.22812065482139587
1,1,0.9958906173706055
0,0,0.0011102722492069006
1,1,0.9999996423721313
0,0,0.0018894181121140718
1,1,0.9983065128326416
1,1,0.9857697486877441
0,0,0.004736058879643679
0,0,0.21321292221546173
1,1,0.9999995231628418
0,0,0.16031348705291748
0,0,0.11305384337902069
1,1,0.972663938999176
1,1,0.9754408597946167
0,0,0.05904193967580795
1,1,0.9999850988388062
1,1,0.9949747323989868
0,1,0.9813371300697327
0,0,0.08058223873376846
1,1,0.8949838876724243
0,0,0.0350039042532444
0,0,0.17178212106227875
0,0,0.02026584930717945
0,0,0.004196452908217907
1,1,0.9631632566452026
0,1,0.6921426057815552
0,0,0.11954730749130249
1,1,0.9696050882339478
0,0,0.341052383184433
0,0,0.238579660654068
0,0,4.770400323650392e-07
0,0,0.04842919111251831
0,0,0.01978917606174946
0,0,0.12293944507837296
0,0,0.047543544322252274
1,1,0.740529477596283
0,0,0.0012557217851281166
0,0,0.10036496073007584
0,0,4.333656033850275e-05
0,0,0.2592218518257141
0,0,1.2325566785875708e-05
0,0,0.19217488169670105
0,0,0.010368210263550282
1,1,0.9990401864051819
0,0,0.00023155855888035148
0,0,0.083697110414505
0,0,0.008555554784834385
0,0,0.4981120228767395
0,0,0.009428421035408974
1,1,0.9351900219917297
1,1,0.8198395371437073
1,1,0.9984846711158752
0,0,0.06742165237665176
0,0,0.008516338653862476
1,1,0.9981549382209778
0,0,0.2209458351135254
1,1,0.9999983310699463
1,1,0.9869368672370911
1,1,0.9864014983177185
1,1,0.9967511892318726
1,1,0.9593262672424316
0,0,0.0005249542882665992
0,0,0.01844875141978264
1,1,0.9998939037322998
1,1,0.9914737939834595
1,1,0.9995999932289124
1,1,0.954984188079834
1,1,0.999215841293335
0,0,1.4513827409246005e-05
0,0,0.11978387832641602
0,0,0.00012195797171443701
0,0,2.170560406966615e-07
0,0,0.02257847599685192
0,0,0.01750653050839901
0,0,0.010868462733924389
0,0,0.0006596793537028134
1,1,0.9999997615814209
0,0,0.004563136957585812
0,0,0.009168660268187523
1,1,0.9999797344207764
1,1,0.9999978542327881
1,1,0.9968737363815308
0,0,0.004441321827471256
1,1,0.9915101528167725
0,0,0.010663844645023346
0,0,0.012800644151866436
1,1,0.8770956993103027
0,0,0.05465371906757355
0,0,0.036599528044462204
0,0,0.0014007444260641932
1,1,0.9620518088340759
0,0,0.0004677217802964151
0,0,0.01822662353515625
0,0,0.000757239933591336
1,1,0.9266313314437866
1,1,0.98598712682724
0,0,0.4437119960784912
0,0,0.0036016791127622128
1,1,0.9944975972175598
0,0,0.1006644144654274
0,0,0.0016223761485889554
1,1,0.9471637606620789
1,1,0.9999978542327881
0,0,0.13132716715335846
0,0,0.001659967820160091
1,1,0.9629179239273071
1,1,0.8622787594795227
1,1,0.9999997615814209
1,1,0.9867165088653564
1,0,0.18797431886196136
1,1,0.9676395058631897
1,1,0.978146493434906
1,1,0.9969215989112854
0,0,0.0013167014112696052
1,1,0.9998903274536133
1,1,0.9282644391059875
1,1,0.992453396320343
1,1,0.9069150686264038
1,1,0.9999728202819824
1,1,0.999937891960144
0,0,0.03150402009487152
1,1,0.976201057434082
1,1,0.9999856948852539
1,1,0.9869595170021057
1,1,0.9613196849822998
0,0,0.03534898906946182
0,0,0.003984404262155294
1,1,0.9999892711639404
0,0,0.03440546244382858
0,0,0.007260285783559084
0,0,5.435551793198101e-05
1,1,0.9988866448402405
1,1,0.9999184608459473
0,0,0.04450191184878349
1,1,0.9101617932319641
1,1,0.9886489510536194
1,1,0.9990711212158203
0,0,0.00014715704310219735
1,1,0.92686527967453
1,1,0.8277461528778076
1,0,0.1263425350189209
0,0,0.050839170813560486
1,1,0.9974803328514099
0,0,0.04483306407928467
1,0,0.25124111771583557
1,1,0.998874843120575
0,1,0.8300589323043823
1,1,0.9098698496818542
0,0,0.005232017021626234
0,0,0.007316497154533863
1,1,0.9998677968978882
1,1,0.8377128839492798
0,0,0.12806464731693268
0,0,0.04817027226090431
1,1,0.9346655011177063
0,0,0.010085901245474815
0,0,0.013297815807163715
0,0,1.4607766388508026e-05
1,1,0.9996565580368042
0,0,0.0011712032137438655
1,1,0.9915282726287842
1,1,0.9999659061431885
1,1,0.9999749660491943
0,0,0.0764598399400711
0,0,0.012541364878416061
1,1,0.6158188581466675
1,0,0.26985445618629456
1,1,0.9828776121139526
1,1,0.9722768068313599
0,0,0.05764271691441536
1,1,0.9872297644615173
1,1,0.9999991655349731
0,0,0.17614856362342834
1,1,0.9988901019096375
0,0,0.0005686902441084385
0,0,0.006902063265442848
0,0,0.2774733603000641
1,1,0.9940973520278931
1,0,0.08273304998874664
0,0,1.39772623697354e-06
1,1,0.9838656783103943
0,0,0.0006443653837777674
0,0,0.03131154179573059
1,1,0.9915949702262878
0,0,0.01509697176516056
0,0,0.00802497286349535
0,0,0.008634568192064762
0,0,0.03657897561788559
0,0,0.006228808779269457
0,0,0.001980111701413989
0,0,0.001058173831552267
0,0,0.042582571506500244
0,0,0.005610225256532431
0,0,0.14329083263874054
0,0,0.33556991815567017
1,1,0.9992761015892029
1,1,0.9849890470504761
1,1,0.9999301433563232
1,1,0.782731294631958
0,0,0.009774705395102501
1,1,0.9481725692749023
1,1,0.9869950413703918
1,1,1.0
1,1,0.9999958276748657
1,1,0.9998667240142822
1,1,0.996454119682312
0,0,0.009005730971693993
1,1,0.9926506876945496
1,1,0.9997969269752502
0,0,0.014400753192603588
0,0,0.0013173981569707394
0,0,0.0006525900680571795
0,0,0.0051077306270599365
1,1,0.9999775886535645
1,1,0.9961679577827454
1,1,0.9834640622138977
1,1,0.9750785827636719
0,0,0.06892359256744385
1,1,0.9997653365135193
0,0,0.13018639385700226
1,1,0.9998862743377686
1,0,0.12283686548471451
1,1,0.9998775720596313
0,0,0.08503302931785583
1,1,0.9999037981033325
0,0,0.04242972284555435
1,1,0.9848344326019287
1,1,0.9705572724342346
1,1,0.8768937587738037
1,1,0.9715065956115723
1,1,0.9999434947967529
0,0,0.0005761599168181419
1,1,0.7989611625671387
0,1,0.9998239874839783
0,0,0.01023272518068552
1,1,0.8977797627449036
0,0,0.026700476184487343
0,0,3.5317429137649015e-05
0,0,0.29670479893684387
0,0,0.00033979248837567866
0,0,0.009331326931715012
1,1,0.9999998807907104
0,0,0.003482801839709282
0,1,0.7602205276489258
0,0,5.8390796766616404e-05
1,1,0.9990317821502686
0,0,0.0006428129272535443
1,1,0.9173111915588379
1,1,0.8294870853424072
0,0,0.11133164912462234
0,0,0.00019817381689790636
0,0,0.002834987360984087
1,1,0.9126664996147156
0,0,0.016946453601121902
1,1,0.9999228715896606
1,1,0.9998821020126343
1,1,0.9999978542327881
1,1,0.9960267543792725
1,1,0.9985491633415222
1,1,1.0
0,0,0.013324727304279804
1,1,0.9836888313293457
0,0,0.3983757495880127
1,1,0.9951608777046204
1,1,0.999957799911499
0,0,0.001960520166903734
0,0,0.10129920393228531
1,1,0.9804177284240723
0,0,0.000698931748047471
0,0,0.00011748977703973651
0,0,0.02780013345181942
1,1,0.9991909861564636
0,0,0.028709547594189644
0,0,0.008407692424952984
0,0,0.00030973870889283717
0,0,0.12558823823928833
1,1,0.7433599829673767
0,0,0.021658627316355705
1,1,0.9738272428512573
1,1,0.9757658243179321
0,0,0.004303723573684692
0,0,0.00013558076170738786
0,0,1.5083491007317207e-06
1,1,0.7693555355072021
1,1,0.9962299466133118
0,0,0.006273153703659773
1,1,0.9983230233192444
0,0,1.108687342821213e-06
1,1,0.9982876181602478
1,1,0.9299548268318176
1,1,0.9642038345336914
1,1,0.9238907098770142
0,0,0.060710690915584564
0,0,0.0025656057987362146
1,1,0.9975599050521851
0,0,0.02534802444279194
0,0,0.0019811191596090794
0,0,0.0003431878867559135
1,1,0.9955936074256897
1,1,0.9990791082382202
1,1,0.937760591506958
1,1,0.9999935626983643
1,1,0.8865260481834412
0,1,0.5260424017906189
1,1,0.9630780220031738
0,0,0.03592083230614662
1,1,0.8398992419242859
1,1,0.9970122575759888
1,1,0.9955540299415588
0,0,0.03784254193305969
0,0,0.22562165558338165
0,0,0.0026711912360042334
1,1,0.8844069838523865
0,0,0.0005312392022460699
1,1,0.9999239444732666
0,0,0.00014610757352784276
1,1,0.6696276068687439
0,1,0.7038958072662354
0,0,0.09513571858406067
1,1,0.9998774528503418
0,0,0.00013788412616122514
0,0,0.0001680847635725513
1,1,0.9990808963775635
1,1,0.9746406078338623
0,0,0.0005063467542640865
0,0,0.17878039181232452
0,0,0.3308841288089752
1,1,0.9921784400939941
1,1,0.9999744892120361
1,1,0.9725111722946167
1,1,0.9880529642105103
1,1,0.9887708425521851
1,1,0.9999988079071045
1,1,0.9999511241912842
1,1,0.9993867874145508
0,0,0.012131485156714916
0,0,0.0013542332453653216
0,0,0.011759635992348194
1,1,0.9848692417144775
0,0,0.00019143895769957453
1,1,0.9998965263366699
0,0,0.10234156250953674
1,1,0.9999884366989136
1,0,0.0023346373345702887
0,0,0.010636632330715656
1,1,0.9977685213088989
1,1,0.8006587028503418
0,0,0.08877530694007874
1,1,0.5027300119400024
1,1,1.0
1,1,0.9998194575309753
0,0,4.3976040586812815e-08
0,0,0.004984617233276367
0,0,0.027286840602755547
1,1,0.9994656443595886
1,1,0.9984303116798401
0,0,0.06886792182922363
1,1,0.9985477328300476
1,1,0.5663498640060425
1,1,0.9999510049819946
0,0,0.011154701001942158
1,1,0.9566717743873596
0,1,0.8917644619941711
0,0,0.0008039250387810171
1,1,0.9956957101821899
1,1,0.9994171857833862
0,0,0.032735977321863174
1,1,0.9966959953308105
1,1,0.9968495965003967
1,1,0.9999995231628418
1,1,0.8421679735183716
1,1,0.9924037456512451
1,1,0.9999657869338989
0,0,0.0016844181809574366
1,0,0.42146286368370056
1,1,0.9999765157699585
1,1,0.9475046396255493
0,0,0.0024108891375362873
0,0,5.273617653678286e-10
0,0,0.07003246992826462
0,0,1.00017427939747e-06
0,0,0.05319150909781456
1,1,0.9995318651199341
0,0,0.002016548067331314
1,1,0.9064924716949463
1,1,0.9241684079170227
0,0,0.0026292295660823584
0,0,0.2510683536529541
1,1,0.974297285079956
1,1,0.9861489534378052
1,1,0.9999611377716064
1,1,0.999725878238678
1,1,0.9192472100257874
0,0,0.0028392609674483538
0,0,0.08408788591623306
1,1,0.9929283261299133
0,0,8.085197009677358e-07
1,1,1.0
1,1,0.999032735824585
1,1,0.9253889322280884
1,1,0.9999374151229858
0,0,0.07642395049333572
0,1,0.5261675715446472
0,0,0.1009032130241394
0,0,0.007176797371357679
1,1,0.9142958521842957
0,0,0.0068315076641738415
1,1,1.0
1,1,0.998272180557251
1,1,0.7865205407142639
1,1,0.9999790191650391
1,1,0.9999798536300659
1,1,0.5898431539535522
0,0,0.0027256214525550604
0,0,0.035829272121191025
1,1,0.9994820952415466
1,1,0.9214208722114563
0,0,0.032923679798841476
1,1,0.5657591819763184
0,0,0.0035707533825188875
0,0,0.18079741299152374
0,0,0.2918415069580078
0,0,0.004869916941970587
0,0,0.04300844669342041
1,1,0.9999794960021973
1,1,0.9950488209724426
0,0,0.006081371568143368
1,1,0.9600127935409546
1,1,0.9952247142791748
1,1,0.9999898672103882
1,1,0.8169779777526855
0,0,0.4010816514492035
0,0,0.38995540142059326
1,1,0.8150603175163269
1,1,0.986538290977478
0,0,0.06121353060007095
1,1,0.9203455448150635
0,0,0.013786135241389275
0,0,6.195975288392219e-08
1,1,0.9998979568481445
1,1,0.9965652823448181
1,1,0.8675247430801392
0,0,0.020226038992404938
1,1,0.8646125197410583
0,0,3.9839247619966045e-05
1,1,0.9937604069709778
1,1,0.9998237490653992
0,1,0.5866947174072266
0,0,0.024526018649339676
0,0,0.0006888853968121111
0,0,0.483212411403656
1,1,0.5578819513320923
1,1,1.0
1,1,1.0
1,1,0.9998407363891602
1,1,0.9115883111953735
1,1,0.999962568283081
0,0,0.2677062749862671
0,0,0.11437754333019257
1,1,0.9999606609344482
0,0,0.005536939483135939
1,1,0.7817679047584534
1,1,0.9840394854545593
1,1,0.9947469830513
0,0,0.023676814511418343
0,0,0.06576906889677048
0,0,0.14257226884365082
1,1,0.9999994039535522
1,0,0.327513724565506
0,0,0.001610657898709178
0,0,0.07689593732357025
1,1,0.8968947529792786
1,1,0.8788313865661621
1,1,0.9999723434448242
1,1,0.9998751878738403
1,1,0.9959522485733032
1,1,0.9944276809692383
1,1,0.9771693348884583
0,0,0.060181308537721634
1,1,0.9996575117111206
1,1,0.9769957661628723
1,1,0.9641618132591248
1,1,0.9993768334388733
1,1,0.9999843835830688
0,0,2.5139252102235332e-05
0,0,0.002839570166543126
0,0,0.007024818565696478
0,0,0.0013731543440371752
1,1,0.9999783039093018
1,1,0.9816493391990662
1,1,0.9993415474891663
1,1,0.9999998807907104
1,1,0.997442364692688
1,1,0.833661675453186
1,1,0.9986289739608765
0,0,0.021433524787425995
0,0,0.044899988919496536
0,1,0.8526012301445007
0,0,0.18324051797389984
1,1,0.99752277135849
1,1,0.9997045397758484
1,1,0.9981480836868286
1,1,0.8868399858474731
0,0,0.11588548123836517
1,0,0.06617466360330582
1,1,0.9939658045768738
1,1,0.9871543645858765
0,0,0.13178223371505737
1,1,0.9973673224449158
0,0,0.08697843551635742
0,0,0.0005998319247737527
0,0,0.014213262125849724
0,0,0.4989964962005615
1,1,0.9922264814376831
0,0,0.0003064779448322952
0,0,0.29274481534957886
0,0,0.0016836556605994701
1,0,0.14386074244976044
0,0,0.011875324882566929
0,0,0.08698564767837524
1,0,0.06296896189451218
0,0,0.008294574916362762
0,0,0.008088670670986176
1,1,0.8742225170135498
0,1,0.6173220872879028
0,1,0.5211935639381409
0,0,0.03869154676795006
0,0,5.552743687076145e-07
1,1,0.7901152968406677
1,1,0.9998772144317627
1,1,0.9737845063209534
0,0,0.013519411906599998
1,1,0.9998968839645386
1,1,0.9775393009185791
0,0,0.0019374977564439178
1,1,0.9213179349899292
1,1,0.9993942975997925
1,1,0.9491448998451233
1,1,0.9945152401924133
1,1,0.9999998807907104
1,1,0.9899364709854126
1,1,0.9951489567756653
1,1,0.9998677968978882
1,1,0.9990476965904236
1,1,0.9761797189712524
1,1,0.9993855953216553
0,0,0.009578090161085129
0,0,0.07187669724225998
1,1,0.9186742901802063
0,1,0.6807368993759155
0,0,0.006064447574317455
0,0,0.01627364382147789
1,1,0.9854100942611694
1,0,0.002252227393910289
0,0,0.0002386035630479455
1,1,0.7812851667404175
0,0,0.09055523574352264
1,1,0.9866032600402832
0,0,0.001072766026481986
1,1,0.9997817873954773
1,1,0.9886248111724854
0,0,0.0005052044289186597
1,1,0.7458325028419495
0,0,0.12244386970996857
0,0,0.00014396097685676068
1,1,0.999805748462677
0,0,0.0006174674490466714
1,1,0.9999363422393799
1,1,0.9999849796295166
1,1,0.8440895080566406
0,0,0.000720171257853508
1,1,0.9845879077911377
1,1,0.9994577765464783
1,1,0.9935775399208069
1,1,0.9760697484016418
1,1,0.6518080234527588
0,0,0.193181112408638
1,1,0.9998195767402649
0,0,0.39153990149497986
1,1,0.7674033045768738
0,0,0.03789139911532402
0,0,0.004759297706186771
0,0,0.008788615465164185
1,1,0.680633008480072
0,0,0.0017166259931400418
1,1,0.9567320942878723
1,1,0.9900355935096741
1,1,0.9938037395477295
0,0,0.07078319787979126
0,0,0.0016186621505767107
0,0,0.09681656956672668
0,0,0.0031979884952306747
1,1,0.9998531341552734
0,0,0.004018090665340424
1,1,0.9252028465270996
1,1,0.915867805480957
0,0,8.226910722441971e-05
1,1,0.9898850917816162
1,1,0.6998685598373413
0,0,0.01884966529905796
0,0,0.0022423441987484694
0,0,0.00017667758220341057
1,1,0.9947763681411743
0,0,0.010800394229590893
0,0,0.0004316798585932702
0,0,0.07131873816251755
1,1,0.9999942779541016
1,1,0.9993942975997925
1,1,0.523614764213562
0,0,0.0010247959289699793
1,1,0.9980425834655762
0,0,0.0481027290225029
0,0,0.0149179482832551
0,0,0.008413005620241165
0,0,0.07862146198749542
1,1,0.9871168732643127
1,1,0.9970976114273071
1,1,0.9798550605773926
0,0,0.002483544172719121
1,1,1.0
1,1,0.9230810403823853
0,0,0.014783601276576519
1,1,0.9798926115036011
0,0,0.00036664213985204697
0,0,0.10239116847515106
0,0,0.06200147420167923
1,1,0.9999974966049194
0,0,0.0065159425139427185
1,1,0.9846962690353394
0,0,0.2100325971841812
1,1,0.9909789562225342
0,0,0.014715195633471012
1,1,0.9416550397872925
0,0,0.09204001724720001
0,0,0.00016689288895577192
0,0,0.12896595895290375
0,0,0.3250884711742401
1,1,0.9989219903945923
1,1,0.9814071655273438
0,0,0.02658289484679699
0,0,2.3135408255825496e-08
0,0,0.0453442707657814
0,0,0.3636415898799896
0,0,0.09697042405605316
1,1,0.8238101005554199
0,0,0.047365229576826096
1,1,0.9994267225265503
0,0,0.0011764437658712268
1,1,0.9995040893554688
1,1,0.8750252723693848
1,1,0.9994741082191467
0,0,0.10323619097471237
1,1,0.9999631643295288
1,1,0.9975661039352417
1,1,0.9714449644088745
0,0,7.801262836437672e-05
1,0,0.31722015142440796
1,1,0.9993315935134888
1,1,0.9957709908485413
1,1,0.9994316697120667
0,0,0.0021308884024620056
1,1,0.9615392684936523
1,1,0.9795776009559631
0,0,0.07587652653455734
0,0,0.07386668026447296
1,1,0.9966015815734863
1,1,0.9814386963844299
1,1,0.9776802659034729
0,0,0.0019584600813686848
1,1,0.9998117089271545
1,1,0.9863567352294922
1,1,0.9891126751899719
1,1,0.9976925849914551
1,1,0.9773692488670349
1,1,0.996707558631897
0,0,0.009658651426434517
1,1,0.730943500995636
0,0,0.007258719298988581
0,0,0.034321196377277374
0,0,2.7264335585641675e-05
1,1,0.9983970522880554
0,0,0.0014663683250546455
1,1,0.773219108581543
1,1,0.7812111377716064
0,0,0.00020300166215747595
0,0,0.004703864920884371
0,0,0.0003819154517259449
1,1,0.9998513460159302
0,0,0.0018539989832788706
0,0,0.04094110429286957
0,0,1.0538583410379943e-05
1,1,0.9818968772888184
1,1,0.9982739686965942
1,1,0.9088003635406494
0,0,0.0006239536451175809
1,1,0.9841857552528381
0,0,0.19267098605632782
1,1,0.990167498588562
0,0,0.016323810443282127
1,1,0.9999597072601318
0,0,0.0445919893682003
0,1,0.9378333687782288
0,0,0.03437088057398796
1,1,0.9997976422309875
1,1,0.9758120179176331
1,1,0.9631526470184326
1,1,0.9912944436073303
0,0,0.16348294913768768
1,1,0.7931410670280457
0,0,0.033361341804265976
0,0,0.02544671855866909
0,0,0.00024533274699933827
1,1,0.9998766183853149
0,0,0.02893202193081379
1,1,0.9713468551635742
0,0,0.3558405041694641
1,1,0.9999334812164307
1,1,0.9990181922912598
0,0,0.0024724630638957024
0,0,0.007966587319970131
0,0,0.0009960338938981295
1,1,0.756037712097168
0,0,0.0013596235075965524
1,1,0.9546170830726624
0,0,0.0016692961798980832
1,1,0.9797266721725464
0,0,0.01588188298046589
0,1,0.9997919201850891
1,0,0.32725828886032104
1,1,1.0
0,0,0.0005695706931874156
0,0,0.0003661834925878793
0,0,1.0993518117174972e-05
0,0,0.0176576916128397
1,1,0.9526056051254272
1,0,0.04431598260998726
0,0,0.38068798184394836
1,1,0.9999358654022217
0,0,0.001991050783544779
0,0,0.004191791173070669
0,0,0.023204391822218895
0,0,0.001542574493214488
0,0,0.0046668811701238155
1,1,0.999995231628418
1,1,0.9045101404190063
1,1,0.9995107650756836
1,1,0.9993403553962708
1,1,0.9999690055847168
1,1,0.9999828338623047
1,1,0.9984902143478394
0,0,0.007086419500410557
0,0,4.7225135801909346e-08
1,1,0.9952462315559387
1,1,0.9846915602684021
0,0,0.04147559776902199
0,0,0.05424332991242409
0,0,0.02199474349617958
0,0,0.18755021691322327
1,1,0.9999953508377075
0,0,0.0020510051399469376
0,0,2.2228177840588614e-05
0,1,0.8028188943862915
0,0,0.0008982366416603327
0,0,0.0003562283527571708
1,1,0.9994051456451416
0,0,0.0011366079561412334
0,0,0.0011050623143091798
1,1,0.9182258248329163
0,0,0.04996966943144798
0,0,0.010295519605278969
0,0,0.009877524338662624
1,1,0.999998927116394
0,0,0.008485616184771061
0,0,0.0067455158568918705
0,0,0.0008774339803494513
0,0,0.00026225033798255026
0,0,0.442449688911438
0,0,0.0010003147181123495
1,1,0.9937708973884583
0,0,0.005780287552624941
1,1,0.995141863822937
0,0,0.027060039341449738
1,1,0.9568535685539246
1,1,0.9999995231628418
1,1,0.8141129016876221
0,0,0.07067635655403137
0,0,0.002839417429640889
1,1,0.9999996423721313
0,0,0.024929611012339592
0,0,0.03749030455946922
1,1,0.9455001950263977
1,1,0.9999954700469971
1,1,0.9999487400054932
0,0,0.00032768145320005715
1,1,0.9900915622711182
1,1,0.9882330298423767
1,1,0.9929401874542236
1,1,0.6140301823616028
0,1,0.8406801223754883
1,1,0.995507001876831
1,1,0.568842887878418
1,1,0.9796593189239502
0,0,0.012406449764966965
1,1,0.995995044708252
0,0,0.16881714761257172
0,0,3.596287569962442e-05
0,0,0.00031850894447416067
0,0,0.0013604492414742708
1,1,0.9358372092247009
0,0,0.18976788222789764
1,1,0.822140097618103
1,1,0.9998806715011597
1,1,0.9194511771202087
1,1,0.993657648563385
1,1,0.9972066283226013
1,1,0.9999644756317139
0,0,0.011221617460250854
1,1,0.9997733235359192
1,1,0.9985613226890564
1,1,0.9622328281402588
0,0,0.13577336072921753
1,1,0.9614535570144653
0,0,0.004688713233917952
0,0,0.0028609188739210367
1,1,0.9999746084213257
0,0,6.334350473480299e-05
1,1,0.9999995231628418
0,0,0.024686463177204132
0,0,0.012591746635735035
0,0,0.002786822384223342
0,0,0.031811222434043884
0,0,0.0008885161951184273
0,0,0.16345079243183136
1,1,0.9987205862998962
1,1,0.8533732891082764
1,1,0.759064793586731
0,0,1.8413645648251986e-06
0,0,0.03304247930645943
0,0,1.290118518681993e-07
0,0,0.023878341540694237
1,1,0.9999456405639648
1,1,0.9995326995849609
1,1,0.9953136444091797
0,1,0.7647337913513184
1,1,0.7068744897842407
1,1,0.999998927116394
1,1,0.9995330572128296
1,1,0.8311139941215515
1,1,0.6846895813941956
1,1,0.9999204874038696
1,1,0.8786213397979736
0,0,0.0026032323949038982
0,0,0.13301323354244232
0,0,0.21693389117717743
1,1,0.9994783997535706
1,1,0.9991338849067688
1,1,0.9999780654907227
1,1,0.9998056292533875
1,1,0.9999998807907104
0,0,0.0071126436814665794
0,0,0.25321468710899353
0,0,0.0014082755660638213
0,0,0.4869832694530487
1,1,1.0
0,0,0.14409518241882324
1,1,0.9964377880096436
0,0,0.0008140586433000863
1,1,0.9702715873718262
1,1,0.9944873452186584
1,1,0.9260402917861938
1,1,0.9861459136009216
1,1,0.9999085664749146
0,0,0.10317855328321457
1,1,0.9999994039535522
1,1,0.76716548204422
0,0,0.000645384076051414
0,0,0.00851654727011919
0,0,0.028533954173326492
0,0,0.0009443896124139428
1,1,0.9918771982192993
0,0,5.42821794624615e-07
1,1,0.972150981426239
1,1,0.9990339279174805
0,0,0.006994522176682949
1,1,0.9980831146240234
1,1,0.9975842237472534
0,0,0.0013891375856474042
1,1,0.9999521970748901
0,0,0.003365003038197756
0,0,0.008611980825662613
1,1,0.9998481273651123
0,0,0.00479262787848711
1,1,0.9162219762802124
1,0,0.0017166580073535442
1,1,0.99985671043396
1,1,0.8532822132110596
0,0,0.00942696537822485
1,1,0.998586893081665
1,1,0.6296958327293396
1,1,0.9996254444122314
1,1,0.9776395559310913
1,1,0.9335035681724548
1,1,0.9859390258789062
1,1,0.9999334812164307
1,1,0.9998303651809692
0,0,0.072842076420784
1,1,0.9738510847091675
1,1,0.9112719297409058
1,1,0.9950013756752014
1,0,0.41390228271484375
1,1,0.9901570081710815
1,1,0.9982448816299438
1,1,0.9999933242797852
0,0,0.015160515904426575
0,0,0.0003826910105999559
1,1,0.8870937824249268
1,1,0.9991117119789124
1,1,0.9417745471000671
1,1,0.9999996423721313
0,0,0.0010403873166069388
1,1,0.9305276274681091
0,0,0.029066072776913643
1,1,0.9624918103218079
1,1,0.9993807077407837
0,0,0.004751922097057104
0,0,0.003147674025967717
1,0,0.45147594809532166
1,1,0.8900822997093201
1,1,0.9828547239303589
1,1,0.9999992847442627
1,1,0.9990143775939941
0,0,0.022701788693666458
0,0,4.354879638412967e-05
0,0,0.0005310582346282899
0,0,0.13694334030151367
0,0,0.06395265460014343
0,0,0.07337693125009537
1,1,0.9899328947067261
0,0,0.002238380955532193
0,0,0.00011850942246383056
1,1,0.9798135161399841
0,0,0.007913446985185146
1,1,0.9693631529808044
1,1,0.9982951283454895
0,0,0.0011802217923104763
1,1,1.0
0,0,0.0004499954520724714
1,1,0.8386310935020447
0,0,0.008964726701378822
0,0,0.005866748746484518
0,1,0.826110303401947
1,0,0.44526979327201843
1,1,0.9998205304145813
0,0,0.06215492635965347
1,1,0.9913169145584106
0,1,0.529362678527832
0,0,3.297282447078942e-10
0,0,0.0031293497886508703
0,0,0.0037247100844979286
0,0,0.0018574479036033154
0,0,0.04835809767246246
1,1,0.9733498096466064
1,1,0.997441291809082
0,0,0.2969021797180176
1,1,0.9924114942550659
1,1,0.9979755282402039
1,1,0.9997373223304749
1,1,0.9995835423469543
1,1,0.9582368731498718
1,1,0.9778211116790771
1,1,0.9768096804618835
1,1,0.9790986776351929
1,1,0.9923526644706726
1,1,0.9998408555984497
1,0,0.3655066192150116
0,0,0.0085361422970891
1,0,0.11471318453550339
0,0,0.07382573187351227
1,1,0.9999724626541138
1,0,0.2713219225406647
0,0,0.06468980759382248
1,1,0.9999943971633911
1,1,1.0
1,1,0.9967989921569824
0,0,2.0269739252398722e-05
0,0,0.04557224363088608
0,0,0.03767481818795204
0,0,0.003809141693636775
0,0,0.003795975586399436
0,0,0.03185191750526428
1,1,0.9991808533668518
1,1,0.9565387964248657
1,1,0.9772442579269409
1,1,0.9999858140945435
0,0,0.0005555847310461104
1,1,1.0
0,0,0.014873112551867962
0,0,0.005740293301641941
0,1,0.9912710189819336
1,1,0.9988394379615784
1,0,0.32230502367019653
1,1,0.9981153011322021
1,1,0.9999876022338867
0,0,0.020375067368149757
0,0,3.3898036235768814e-06
1,1,0.9998300075531006
0,0,0.06156592071056366
1,1,0.9992891550064087
1,1,0.9999911785125732
1,1,0.9983219504356384
1,1,0.8644585609436035
1,1,0.9785982966423035
1,1,0.9826039671897888
1,1,0.9989664554595947
1,1,0.996677041053772
1,1,0.7013036608695984
1,1,0.9978142976760864
1,1,0.9596605896949768
1,1,0.9744482636451721
0,0,0.0018945146584883332
1,1,0.9725334644317627
1,1,0.958783745765686
1,1,0.9914222359657288
1,1,0.9571094512939453
0,0,0.04895078390836716
1,0,0.11482971161603928
0,0,0.07435932755470276
0,0,0.08342226594686508
0,0,0.08179641515016556
1,1,0.9508808255195618
0,0,0.00041165651055052876
0,0,3.0732426239410415e-05
0,0,0.00021321317763067782
0,0,0.004028936382383108
1,1,0.9998281002044678
1,1,0.9999526739120483
1,0,0.204530268907547
0,0,0.002190015045925975
0,0,0.00980105809867382
0,0,0.0037930356338620186
0,0,0.1160229817032814
1,1,0.9958271384239197
1,1,0.9998821020126343
0,0,0.014815806411206722
0,0,0.003581345546990633
1,1,0.9999920129776001
0,0,0.003236809279769659
0,0,0.00014061640831641853
1,1,0.9999817609786987
1,1,0.9717251658439636
1,1,0.938831090927124
1,1,0.9999970197677612
0,0,0.0688890740275383
1,1,0.8638805150985718
0,1,0.6369168758392334
1,1,0.9903531670570374
1,1,0.9999909400939941
1,1,0.9999967813491821
0,0,0.4418388903141022
0,0,0.0040962062776088715
1,1,0.9992005228996277
1,0,0.2889723777770996
1,1,0.9997890591621399
1,1,0.999835729598999
0,0,0.0870962142944336
1,1,0.9836034774780273
0,0,0.0043515595607459545
1,1,0.9998784065246582
1,1,0.9517666101455688
0,0,0.0006900585722178221
0,0,0.000622584659140557
1,1,0.5450924038887024
0,0,0.08338628709316254
1,1,0.9995822310447693
1,1,0.5977481603622437
1,1,0.999924898147583
0,0,2.8839785954914987e-05
1,1,0.9962839484214783
1,1,0.9999990463256836
0,0,0.10153233259916306
1,1,0.99505615234375
0,0,0.05123170092701912
0,0,0.35369545221328735
1,1,0.5337607860565186
1,1,0.9925143122673035
0,0,0.028044478967785835
0,0,0.0007476253667846322
0,0,0.036560915410518646
0,0,0.07945896685123444
0,0,0.22446876764297485
1,1,0.9996647834777832
1,1,0.9871711134910583
1,1,0.9095373749732971
0,0,0.09242501109838486
1,1,0.9822956919670105
0,0,1.3838465747539885e-05
0,0,7.137428474379703e-05
0,0,9.549719834467396e-05
0,0,0.2962327003479004
1,1,1.0
1,1,0.9999160766601562
1,1,0.5969176292419434
0,0,0.10749558359384537
1,1,0.9999219179153442
1,1,0.9999922513961792
1,1,0.9815510511398315
0,0,0.21914042532444
1,1,0.9247229099273682
0,1,0.780917763710022
1,1,0.8838421702384949
0,1,0.5944547057151794
1,1,0.9591228365898132
1,1,0.9864576458930969
1,1,0.9962438344955444
1,1,0.9999997615814209
1,1,0.9998462200164795
0,0,0.00011193579848622903
1,1,0.999997615814209
0,1,0.6831103563308716
1,1,0.9742099046707153
1,1,0.7415931224822998
1,1,0.9999998807907104
1,1,0.9999998807907104
0,0,0.26364195346832275
0,0,0.0003247224085498601
1,1,0.9975492358207703
0,0,2.8060003387508914e-05
0,0,0.07575533539056778
0,0,6.199448398547247e-05
1,1,0.994094967842102
0,0,0.17184066772460938
0,0,0.0009751074831001461
0,0,0.00449257530272007
1,0,0.3450852334499359
1,1,0.8821837902069092
0,0,0.001303987461142242
0,0,0.01847257651388645
0,0,0.24175070226192474
0,0,0.006492159329354763
0,0,0.13173022866249084
1,1,0.9935091137886047
1,0,0.39744463562965393
0,0,0.019967712461948395
1,1,0.9862371683120728
0,0,0.1485244631767273
1,1,0.9997403025627136
0,1,0.6433124542236328
0,0,0.04603882133960724
0,0,4.691302990522672e-07
0,0,0.00037716227234341204
1,1,0.6490802764892578
1,1,0.9864600896835327
0,0,0.016046160832047462
1,1,0.9878382682800293
0,0,0.004955744370818138
0,0,0.003475045785307884
0,0,0.0051592267118394375
0,0,0.04303547739982605
0,0,4.414387512952089e-05
1,1,0.9132745862007141
1,1,0.9294875264167786
1,1,0.9694339632987976
0,0,0.005549185443669558
1,1,0.9997392296791077
1,0,0.15730002522468567
1,1,0.8739057183265686
0,0,0.029461057856678963
1,1,1.0
0,0,1.2237396731507033e-05
1,1,0.8499830961227417
0,0,0.0051614344120025635
1,1,0.9939991235733032
0,0,0.02085622027516365
1,1,0.9961938858032227
1,1,0.9999982118606567
1,1,0.9997791647911072
1,1,0.9693508148193359
1,1,0.9997246861457825
1,1,0.849174439907074
0,0,0.0006749829044565558
0,0,1.1486707080621272e-05
0,0,0.01791323348879814
0,0,0.014138961210846901
1,1,0.9999860525131226
1,1,0.9990565180778503
1,1,0.9999943971633911
1,1,0.9940729737281799
0,0,0.0012708366848528385
0,0,0.008164944127202034
1,1,0.9637112021446228
1,1,0.7641228437423706
0,0,3.2288390627854824e-08
1,1,0.996815025806427
0,0,0.07378444820642471
1,1,0.9999802112579346
0,0,0.015639545395970345
1,1,0.9818791747093201
1,1,0.9999967813491821
1,1,0.999674916267395
1,1,0.993923008441925
0,1,0.6317880749702454
1,1,0.9680298566818237
1,1,0.9992677569389343
1,1,1.0
1,0,0.21801920235157013
1,1,0.9928234815597534
0,0,0.020651500672101974
0,0,0.07679304480552673
0,0,0.0010435465956106782
0,1,0.7983925938606262
1,1,0.999523401260376
0,0,0.28487783670425415
0,0,0.005502435844391584
1,1,0.9594154953956604
1,1,0.9999969005584717
1,1,0.7299275398254395
0,0,2.2014226487954147e-05
1,1,0.7434925436973572
0,0,0.03515538200736046
1,1,0.9618544578552246
0,0,0.024179602041840553
0,0,7.679122791159898e-05
0,1,0.726076602935791
1,1,0.9978275895118713
1,1,0.7685232758522034
1,1,0.9999945163726807
1,1,0.9678174257278442
1,0,0.15047557651996613
1,1,0.9998006224632263
0,0,4.1502196836518124e-05
1,1,0.7064504027366638
1,1,0.9944164752960205
0,0,0.00036694059963338077
1,1,0.9996843338012695
1,1,0.9999983310699463
1,1,0.9994812607765198
1,1,0.9999973773956299
1,0,0.2909489572048187
1,1,0.9667844772338867
1,1,0.9999978542327881
1,1,0.9999828338623047
1,1,0.999403715133667
1,1,0.9999983310699463
1,1,0.7060166597366333
1,1,0.9999996423721313
1,1,0.9989000558853149
0,0,0.009529837407171726
0,0,0.005555857438594103
1,1,0.9990063309669495
1,1,0.9999028444290161
0,0,0.061129823327064514
0,0,3.5421408028923906e-07
0,0,0.015727126970887184
0,0,5.319034607964568e-05
0,0,0.06779595464468002
1,1,0.9986617565155029
1,1,0.9966661334037781
0,0,1.1486038431485213e-07
1,1,0.6139209866523743
1,1,0.9997524619102478
1,0,0.00047024019295349717
1,1,0.9854142665863037
0,0,0.007892167195677757
1,1,0.9962255954742432
0,0,0.021619342267513275
1,1,0.9983413219451904
1,1,0.9999150037765503
1,1,0.8495765328407288
1,1,0.9999582767486572
0,0,0.00011320134217385203
0,0,6.808662146795541e-05
0,0,0.10758793354034424
0,0,0.03548501804471016
0,0,0.00013193512859288603
1,1,0.8846253156661987
0,0,0.026041286066174507
0,0,0.10166532546281815
0,0,0.0004632935451809317
1,1,0.8876665830612183
1,1,0.9554674625396729
1,1,0.9983117580413818
0,0,0.05216390639543533
1,1,0.9717010855674744
1,1,0.962225615978241
0,0,0.008028006181120872
0,0,0.06662124395370483
0,0,0.016509832814335823
1,1,0.9999215602874756
1,1,0.9984601736068726
1,1,0.9826902151107788
0,1,0.5530312657356262
0,0,0.015736298635601997
1,1,0.9997665286064148
0,0,0.042284321039915085
0,0,0.030311670154333115
1,1,0.9999998807907104
1,1,0.999819815158844
1,1,0.8284076452255249
1,1,0.9999665021896362
1,1,0.9991365075111389
0,0,0.0010045708622783422
1,1,0.9588977098464966
1,1,0.8978073000907898
1,1,0.7922611832618713
1,1,0.9886916875839233
1,1,0.9999936819076538
1,1,0.9979502558708191
1,1,0.9801875948905945
0,0,0.001929555437527597
0,0,0.005502715241163969
1,1,0.9647403359413147
0,0,0.000203140705707483
0,0,0.015858119353652
1,1,0.9921220541000366
0,0,0.11055285483598709
0,0,6.675580266346515e-07
0,0,0.04373936727643013
1,0,0.25937503576278687
1,0,0.2345712035894394
0,0,2.345030770811718e-05
1,1,0.9911357164382935
1,1,0.6049633622169495
0,0,0.011280716396868229
0,0,0.05543579161167145
1,1,0.9997878670692444
0,0,0.014967993833124638
0,0,0.0114548085257411
1,1,0.9995750784873962
0,0,0.03654920309782028
1,1,0.9989221096038818
1,1,0.9999994039535522
0,0,0.016184009611606598
1,1,0.993654727935791
1,1,0.9938062429428101
0,0,0.04335356503725052
0,0,0.028297556564211845
1,1,0.6634994149208069
0,0,0.304869681596756
0,0,0.006925435736775398
1,1,0.9668077230453491
0,1,0.8022904992103577
0,0,9.31380782276392e-07
1,1,0.9995086193084717
1,1,0.9999599456787109
1,1,0.9955167174339294
0,0,8.635550329927355e-05
0,0,0.014229078777134418
1,1,0.9987486600875854
0,0,0.0144276674836874
1,1,0.9987500905990601
0,0,0.014825929887592793
0,0,0.00024049241619650275
0,0,0.28880593180656433
1,1,0.5705863833427429
1,1,0.9884110689163208
1,1,0.997184693813324
0,0,0.09124546498060226
1,1,0.8965505361557007
0,0,0.3932599425315857
0,0,0.001727698021568358
0,0,0.004794456996023655
1,1,0.926673412322998
1,1,0.7041332125663757
0,1,0.854231595993042
0,0,0.004705095663666725
0,0,0.08508959412574768
0,1,0.6915038824081421
1,0,0.33946648240089417
0,0,0.41894644498825073
0,0,0.4125817120075226
0,0,0.004141607321798801
0,0,2.0002171368105337e-05
0,0,0.01790209673345089
1,1,0.9999856948852539
0,0,0.2609705328941345
0,0,0.00033608992816880345
0,0,0.0025265479926019907
0,0,6.935702003829647e-06
1,1,0.9995205402374268
0,0,0.0062997061759233475
1,1,0.9983941912651062
1,1,0.9967329502105713
1,1,0.9989737272262573
0,0,0.015777207911014557
0,0,3.347982783452608e-05
1,1,0.9976546168327332
1,1,0.9825113415718079
0,0,0.005432182922959328
1,0,0.11262039095163345
1,1,0.9861646890640259
0,0,0.45589423179626465
0,0,0.00022729764168616384
1,1,0.9994698166847229
0,0,0.03960471972823143
0,0,0.0033555987756699324
1,1,0.9999697208404541
0,0,0.0007568460423499346
0,0,0.006327839568257332
0,0,0.0004405529471114278
0,0,0.056857313960790634
0,0,0.12374934554100037
1,1,0.9996674060821533
1,1,0.9999473094940186
1,1,0.9579868316650391
0,0,0.021358368918299675
0,0,6.380252671078779e-06
1,1,0.9999935626983643
1,1,0.8726816773414612
0,0,0.4358117878437042
0,0,0.11304517090320587
1,1,0.9959446787834167
1,1,0.5266618132591248
1,1,0.9870796799659729
1,1,0.999250590801239
1,1,0.9955644607543945
1,1,0.9801982045173645
1,1,0.999963641166687
0,0,0.010884515941143036
0,0,0.00023152431822381914
0,1,0.7014290690422058
1,1,0.999744713306427
1,1,0.9546866416931152
1,1,0.9945451021194458
1,1,0.9988445043563843
1,1,0.915461003780365
1,1,0.9997890591621399
0,0,0.33941394090652466
0,0,0.002209567232057452
1,1,0.9964243769645691
0,0,0.000748458260204643
0,0,0.0014199134893715382
0,0,0.006728570442646742
1,1,0.9846788644790649
1,1,0.9999744892120361
0,0,0.014145789667963982
0,0,0.023275483399629593
1,1,0.9999854564666748
0,0,0.1268385946750641
1,1,0.9912899732589722
1,1,0.9814536571502686
0,0,0.026504354551434517
1,1,0.9745844602584839
0,0,0.14569033682346344
0,0,0.18429796397686005
1,1,0.704547107219696
0,0,2.677339216461405e-05
0,0,0.0024197716265916824
0,0,0.02010272443294525
1,1,0.9620591998100281
1,1,0.9602711200714111
0,0,0.0004264939925633371
0,0,0.0006770806503482163
1,1,0.9999395608901978
1,1,0.9901695847511292
0,0,0.0004390076210256666
1,1,0.9163846373558044
1,1,0.9551270008087158
1,1,0.9996973276138306
1,1,0.9281507730484009
1,1,0.9805428981781006
1,1,0.9999949932098389
1,1,0.9987051486968994
0,0,0.28887468576431274
1,0,0.38449206948280334
0,0,0.0006906813359819353
1,1,0.9855850338935852
0,0,0.03273575007915497
0,0,0.014171525835990906
0,0,0.0014113930519670248
0,0,0.0006174169247969985
1,1,0.805730402469635
0,0,0.43717920780181885
0,0,0.0062100994400680065
0,0,0.0005329755949787796
1,1,0.9992733597755432
1,1,0.9941933751106262
1,1,0.9999998807907104
0,0,0.04780682548880577
0,0,0.47805243730545044
1,1,0.9015692472457886
1,1,0.8401089310646057
0,0,0.12955740094184875
0,0,0.019476160407066345
1,1,0.8533894419670105
0,0,0.22175849974155426
1,1,0.9999871253967285
1,1,0.9924721717834473
1,1,0.9978328347206116
1,1,0.9445931911468506
0,0,0.0186594370752573
1,1,0.9276788234710693
1,0,0.07981392741203308
1,1,0.9804717898368835
1,1,0.9965996146202087
0,0,0.33557185530662537
1,1,0.9998718500137329
1,1,0.9801402688026428
1,1,0.9762745499610901
0,0,0.007569729350507259
0,0,1.5282716049114242e-05
0,0,0.0019749985076487064
1,1,0.9992848038673401
0,1,0.5074211359024048
0,0,0.0017834515310823917
1,1,0.998562753200531
1,1,0.9998723268508911
0,0,0.0024612878914922476
1,1,0.9994947910308838
0,0,0.0013831898104399443
0,0,0.00018927764904219657
1,1,0.9991129040718079
0,0,0.19256359338760376
1,1,0.9996471405029297
0,0,0.0011268298840150237
0,0,0.05059324577450752
1,1,0.9856758117675781
1,1,0.9654259085655212
1,1,0.9999037981033325
1,1,0.9995455145835876
0,0,0.2975495457649231
1,1,0.9567731618881226
1,1,0.9999053478240967
0,0,0.0025015301071107388
1,1,0.9999879598617554
0,0,0.2884587049484253
0,0,1.1641486707958393e-05
0,0,0.002010342199355364
1,1,0.9965500831604004
1,1,0.9622671604156494
0,0,0.15604262053966522
1,1,0.9988805651664734
1,1,0.9995007514953613
0,0,0.010068148374557495
1,1,0.9996798038482666
1,1,0.8524386286735535
1,1,0.9919105172157288
1,1,0.7892481684684753
1,1,0.9965708255767822
0,0,0.16079393029212952
0,0,0.4958235025405884
0,0,0.00428067147731781
0,0,5.5297015933319926e-05
0,0,0.16530051827430725
1,1,0.9995988011360168
0,0,0.0004745766636915505
1,1,0.9998788833618164
0,0,0.17317737638950348
0,0,3.225056610656196e-10
1,1,0.9896442890167236
0,0,0.012867696583271027
0,0,0.04743875563144684
1,1,0.9925392270088196
1,1,0.7930389046669006
0,0,0.09583151340484619
1,1,0.9803256988525391
0,0,0.00022148669813759625
1,1,0.994721531867981
0,1,0.6236491799354553
1,1,0.9550634622573853
1,1,0.9985525012016296
1,1,0.9906961917877197
0,0,0.47296226024627686
1,1,0.9999924898147583
1,0,0.054115425795316696
0,0,0.02373802848160267
0,0,0.03925376012921333
0,0,0.07312443107366562
0,0,0.1273852437734604
1,1,0.9994495511054993
1,1,0.9985427856445312
1,1,0.99580979347229
1,0,0.31640949845314026
0,0,0.02502850443124771
0,0,3.17163830914069e-05
0,0,0.0005586497718468308
0,0,0.0024334003683179617
0,0,0.006841885391622782
0,0,0.3892124891281128
1,1,0.9998388290405273
1,1,0.9881584048271179
1,1,0.6506029963493347
0,0,0.24103571474552155
1,1,0.9687230587005615
1,1,0.9997193217277527
0,0,0.0007786641363054514
0,0,0.33780914545059204
1,1,0.9866096377372742
1,1,0.9989253878593445
0,0,3.616886169766076e-05
0,1,0.8602488040924072
0,0,0.06146598234772682
0,0,0.040657203644514084
0,0,0.01100071333348751
1,1,0.9931689500808716
0,0,0.04964311048388481
0,0,0.01798439957201481
0,0,0.033984314650297165
1,1,0.9810298681259155
1,1,0.9995003938674927
1,1,0.9997637867927551
0,0,0.000328244233969599
1,1,0.9661564826965332
1,1,0.9995399713516235
1,1,0.8592538237571716
1,1,0.8349571824073792
0,0,0.4379810094833374
0,0,0.1502990424633026
0,0,0.03071495145559311
0,0,0.003426114795729518
0,1,0.5532718896865845
0,0,0.0010300438152626157
1,1,0.915459394454956
1,1,0.8577795624732971
0,0,0.002164907054975629
0,0,0.00460502365604043
0,0,0.002150892047211528
1,1,0.9999994039535522
0,0,0.007694178726524115
1,1,0.9808934926986694
1,1,0.9685744047164917
0,0,0.005472296848893166
0,0,0.0005965152522549033
1,1,0.9998099207878113
1,1,0.9862145781517029
0,0,0.31255534291267395
0,0,0.062113720923662186
0,0,0.015123533084988594
0,0,0.012420393526554108
1,1,0.9998375177383423
1,1,0.8112971186637878
1,1,0.9999775886535645
0,0,1.3626990948978346e-05
1,1,0.9999973773956299
1,1,0.9999009370803833
0,0,9.971867257263511e-06
1,1,0.7629672884941101
1,1,0.9947972893714905
0,0,0.0658896341919899
0,0,0.005635248497128487
1,1,0.8146036267280579
1,1,0.9998869895935059
0,0,0.05254926532506943
0,0,0.0008834561449475586
0,0,0.07853499054908752
0,0,0.00013835418212693185
0,0,0.004849462304264307
1,1,0.993300199508667
0,0,0.044435590505599976
0,0,0.013667881488800049
1,1,0.9974979758262634
0,0,0.4922730326652527
0,0,0.008326035924255848
0,0,0.05054819956421852
1,1,0.9999921321868896
1,1,0.9124184250831604
0,0,0.0017752066487446427
1,1,0.9866383075714111
0,0,0.004710920620709658
0,0,0.16367392241954803
1,1,0.9956691265106201
0,0,0.001547976746223867
0,0,0.4357966184616089
1,1,0.9650165438652039
1,1,0.9974806904792786
1,1,0.999879002571106
1,1,0.9947797060012817
0,0,0.059016723185777664
1,1,0.9736238718032837
1,1,0.9806177020072937
1,1,0.9968709349632263
0,0,0.006076735910028219
0,0,0.009904192760586739
1,0,0.07849636673927307
1,1,0.9983439445495605
1,1,0.9993751645088196
0,0,0.00023875650367699564
1,1,0.9984269142150879
0,0,0.0007105758995749056
1,1,0.9999998807907104
1,1,0.9677428603172302
1,1,0.997002899646759
1,0,0.25427696108818054
1,1,0.9845581650733948
0,0,0.004200976807624102
0,0,0.00381920812651515
1,1,0.9982835054397583
0,0,0.2519558370113373
0,0,0.07603878527879715
0,0,0.007579597178846598
1,1,0.9089111089706421
0,0,0.0010480089113116264
1,1,0.5502321720123291
0,0,0.0006154460716061294
0,0,0.08112283796072006
0,0,4.21277254645247e-05
1,1,0.9984656572341919
0,0,0.0006983098573982716
0,0,0.001671645324677229
0,0,0.35650357604026794
1,1,0.9999614953994751
0,0,0.005986873060464859
1,1,1.0
0,1,0.6422879099845886
0,0,0.39523184299468994
1,1,0.9997512698173523
0,0,0.4196387529373169
0,0,0.05779724568128586
1,1,0.9993137121200562
0,0,0.23628507554531097
1,1,0.9561167359352112
1,1,0.9999345541000366
1,1,0.9996999502182007
0,0,0.05496244877576828
1,1,0.9985679388046265
1,1,0.9983865022659302
1,1,0.5865893363952637
1,1,0.9808347821235657
1,1,0.9529797434806824
0,0,0.01898355782032013
1,1,0.9267945885658264
1,1,0.9996669292449951
0,0,0.03083435446023941
0,0,0.29474106431007385
0,0,0.03719959035515785
0,1,0.5188930630683899
1,1,0.9996341466903687
1,1,0.9999316930770874
1,1,0.9973064661026001
1,1,0.9971634745597839
0,0,0.3740916848182678
1,1,0.9997515082359314
1,1,0.848224937915802
1,1,0.9959665536880493
0,1,0.8096185922622681
1,1,0.9896059036254883
0,0,0.019011281430721283
1,1,0.9999984502792358
0,0,0.01682201214134693
1,1,0.9618186354637146
1,1,0.8682774305343628
1,1,0.9999996423721313
1,1,0.8812633156776428
1,1,0.9260545969009399
0,0,0.06241278722882271
1,1,0.6595061421394348
0,0,0.08032041788101196
1,1,0.7643157243728638
0,0,0.00014100861153565347
1,0,0.4758881628513336
1,1,0.7325438261032104
1,1,0.999818742275238
1,1,0.9578597545623779
1,1,0.9920627474784851
1,1,0.999998927116394
1,1,0.999967098236084
1,1,0.9994648098945618
0,0,0.006438743323087692
1,1,0.9735130071640015
0,0,0.008765028789639473
0,0,0.001426432398147881
1,1,0.9986578226089478
1,1,0.9959249496459961
0,0,0.27076148986816406
1,1,0.9951130747795105
1,1,0.9999754428863525
1,1,0.9902958273887634
1,1,0.9990615248680115
1,1,0.9833508133888245
0,0,0.003579516429454088
0,0,0.4977448880672455
0,0,0.0004310843942221254
1,1,0.8521239161491394
0,0,0.058598365634679794
0,0,0.008187913335859776
0,0,0.0007477083127014339
0,0,0.00016979385691229254
0,0,0.27286624908447266
1,1,0.920621395111084
1,1,0.9858561754226685
1,1,0.9993298053741455
1,1,0.9534477591514587
1,1,0.9999219179153442
0,0,0.050445906817913055
1,1,0.9838972687721252
0,0,0.007055746391415596
0,0,0.460951030254364
1,1,0.6028798818588257
1,1,0.8888275623321533
0,0,0.0013871308183297515
0,0,0.005645775236189365
0,0,0.05140088498592377
0,0,0.050804682075977325
0,0,0.01633974350988865
0,0,0.005737828090786934
1,1,0.6152017712593079
0,0,0.1230914294719696
0,0,0.019252819940447807
0,0,2.1956016919930793e-13
0,0,0.002065967535600066
0,0,0.06943494081497192
1,1,0.998076319694519
0,0,0.03441746160387993
1,1,0.9971428513526917
1,1,0.9960741996765137
0,0,0.005178393330425024
1,1,0.9519787430763245
1,1,0.9999998807907104
1,1,0.9943670630455017
0,0,0.13781966269016266
0,0,0.35964637994766235
1,1,0.9923938512802124
1,1,0.9999946355819702
0,0,2.970285322589916e-06
1,1,0.9848490953445435
1,1,0.6460543870925903
1,1,0.9999068975448608
0,0,7.512839488299505e-07
1,1,0.7253025770187378
1,0,2.664740532054566e-05
1,1,0.9945307374000549
1,1,0.8507916927337646
1,1,0.9844286441802979
1,1,0.9991040825843811
1,1,0.9999983310699463
0,0,0.1370324194431305
1,0,0.12208893895149231
0,0,0.005273873917758465
1,1,0.9786587953567505
1,1,0.9976869821548462
1,1,0.9999200105667114
1,1,0.9830353260040283
1,1,0.9270380735397339
1,1,0.9443885684013367
0,0,0.005095221102237701
0,0,0.05877678096294403
0,0,0.0077013117261230946
1,1,0.9988852143287659
0,0,0.01029872614890337
1,1,0.9999809265136719
0,0,0.1667240858078003
0,0,0.026705551892518997
0,0,0.0008846307173371315
0,0,0.04030035063624382
1,1,0.9999874830245972
1,1,0.9999980926513672
1,1,0.9978485107421875
1,1,0.9982549548149109
1,1,0.9998096823692322
0,0,0.004415029659867287
0,0,0.038896750658750534
0,0,0.23028337955474854
0,0,0.0028043293859809637
0,0,0.007149016484618187
1,1,0.7769151329994202
1,1,0.9988805651664734
1,1,0.919914186000824
0,0,0.0025580478832125664
1,1,0.9998679161071777
0,0,0.004060796927660704
1,1,1.0
0,0,0.0022801526356488466
0,0,0.00027723261155188084
0,0,0.19470319151878357
1,1,0.9409834742546082
1,1,0.999526858329773
1,1,0.6559726595878601
1,0,0.3639690577983856
1,1,0.9627413749694824
0,0,0.03126596286892891
0,0,0.021511102095246315
1,1,0.9988932013511658
1,1,0.9962685108184814
0,0,0.023121509701013565
1,1,0.9743523001670837
1,1,0.9933000802993774
0,0,0.012927364557981491
0,0,0.2514103651046753
1,1,0.9980168342590332
1,0,0.24550151824951172
1,1,0.987784743309021
1,1,0.8349573612213135
1,1,0.9999511241912842
1,1,0.999958872795105
1,1,0.9999992847442627
1,1,0.9996559619903564
1,1,0.988821268081665
1,1,0.9999028444290161
1,1,0.999997615814209
0,0,0.042703188955783844
0,0,0.0003754751232918352
0,0,0.314545601606369
0,0,3.263245525886305e-05
0,0,0.12151952087879181
0,0,0.0019392300164327025
0,0,2.762304518455494e-08
0,0,0.01025717705488205
0,0,0.004461253993213177
0,0,0.045643050223588943
1,1,0.9990392923355103
0,0,0.029314640909433365
0,0,0.025409961119294167
0,0,0.003959548193961382
1,1,0.8995291590690613
0,0,0.007042882964015007
1,1,0.9969784021377563
1,1,0.9914669990539551
1,1,0.9999769926071167
1,1,0.8073360323905945
1,1,0.9830658435821533
0,0,0.0028501914348453283
1,1,0.9964565634727478
1,1,1.0
1,1,0.9692903757095337
0,0,0.0005192224634811282
0,0,0.11372924596071243
0,0,0.1924849897623062
0,0,0.11212515085935593
1,1,0.5927978157997131
1,1,0.9442746043205261
1,0,0.4713643789291382
1,1,0.875569760799408
1,1,0.6733084917068481
0,1,0.7485162615776062
0,0,0.00017357261094730347
0,0,0.24806571006774902
0,0,7.933124288683757e-05
1,1,0.9991152882575989
0,0,0.0023225799668580294
0,0,0.25240442156791687
1,1,0.9998363256454468
1,1,0.9943566918373108
1,1,0.959047794342041
1,1,0.9661890864372253
1,0,0.47746241092681885
0,0,0.00012417738616932184
1,1,0.8427268862724304
1,1,0.9361428022384644
0,1,0.5369998216629028
0,0,0.0011314323637634516
1,1,0.9921128749847412
1,1,0.9987252354621887
1,1,0.8738974332809448
1,1,0.8371312618255615
0,0,9.563699859427288e-05
0,0,0.057037536054849625
1,1,0.9947375655174255
0,0,0.006468538194894791
0,0,0.0054029496386647224
0,0,0.008341760374605656
0,0,0.2447587251663208
1,1,0.8338136672973633
0,0,0.017361057922244072
0,0,0.000647632172331214
1,1,0.9994550347328186
0,0,0.0015654147136956453
0,1,0.9178507328033447
1,1,0.9997839331626892
0,0,4.010646807728335e-05
0,0,0.0010530503932386637
0,0,0.012119284830987453
0,0,0.0014105875743553042
1,1,0.9999253749847412
0,0,0.07454679161310196
1,1,0.868267834186554
0,0,6.830004622315755e-06
0,1,0.7434393763542175
0,0,0.013750473037362099
1,1,1.0
1,1,0.9965793490409851
1,1,0.9999418258666992
0,0,0.003521657781675458
0,0,0.0005362876108847558
1,1,0.8904792070388794
1,0,0.19012266397476196
1,1,0.9999253749847412
0,0,0.06782505661249161
0,0,0.0218453761190176
0,0,0.0015101466560736299
1,1,0.992084264755249
0,0,0.1693260222673416
0,0,0.005872694309800863
0,0,0.007168229669332504
1,0,0.414739191532135
0,0,0.18942756950855255
1,1,0.935759425163269
0,0,0.056744784116744995
0,0,0.004626642446964979
1,1,0.9999961853027344
1,1,0.9782682061195374
1,1,0.9996032118797302
0,0,0.007284241262823343
0,0,0.44626370072364807
0,0,0.00019418963347561657
0,0,0.06538303196430206
0,0,0.28377023339271545
0,0,0.06847622245550156
0,0,0.030882107093930244
1,1,0.5918500423431396
0,0,0.002656590659171343
1,1,0.9296046495437622
0,0,0.044428735971450806
0,0,0.07126270979642868
1,1,0.9211138486862183
0,0,0.0010298220440745354
0,0,0.004919099155813456
0,0,0.014775319024920464
0,0,0.47870880365371704
1,1,0.9900357127189636
1,1,0.9388797283172607
1,1,0.9811688661575317
1,0,0.3047806918621063
0,0,0.09032750874757767
0,0,0.02678150311112404
0,0,0.004046014975756407
1,1,0.9999996423721313
0,0,0.05625516548752785
0,0,0.005460506770759821
1,1,0.9999696016311646
0,0,0.002042126376181841
0,0,2.6867312044487335e-05
0,0,0.003111685859039426
1,1,0.9630264043807983
0,0,0.001121385721489787
1,1,0.7232112288475037
1,1,0.977141261100769
1,1,0.9999339580535889
0,1,0.887010931968689
1,1,0.9997908473014832
0,1,0.519636332988739
1,0,0.06435563415288925
1,1,0.898367702960968
1,1,0.9059668779373169
1,1,0.9602193832397461
0,0,0.1372079700231552
0,0,5.98346050537657e-05
1,1,0.7663307189941406
1,1,0.9997112154960632
1,1,0.999152660369873
0,0,0.01493518240749836
0,1,0.7001191973686218
1,1,0.9889033436775208
1,1,0.9588097333908081
1,1,0.9959807395935059
1,1,0.956333339214325
1,1,0.9999803304672241
1,1,0.9924334287643433
1,1,0.9983012676239014
1,1,0.9834602475166321
1,1,0.9999755620956421
0,0,0.029162760823965073
1,1,0.9992469549179077
0,0,0.002797286957502365
0,1,0.7680906653404236
1,1,0.9994076490402222
0,0,1.5306766727007926e-05
0,0,0.002549334429204464
1,1,0.9997679591178894
0,0,0.014819489791989326
0,0,0.03619964420795441
1,1,0.9807397127151489
0,0,0.1609117090702057
1,1,0.9999864101409912
1,1,0.8326624631881714
0,0,0.2321380376815796
0,0,9.463742571824696e-06
1,1,0.6396333575248718
0,0,0.009740344248712063
0,0,0.00025877307052724063
0,0,0.04012756049633026
0,0,0.00029537445516325533
1,1,0.9668243527412415
1,1,0.8899644017219543
1,1,0.9238236546516418
1,1,0.9990432858467102
1,1,0.9993871450424194
0,0,0.030416352674365044
1,1,0.9999754428863525
1,1,0.9945565462112427
1,1,0.8237545490264893
1,1,0.9999101161956787
1,1,0.998075008392334
0,0,0.002602243097499013
1,1,0.9985847473144531
1,1,0.8749411106109619
1,1,0.9967828989028931
0,0,0.012121197767555714
1,1,0.988287627696991
1,1,0.9990774393081665
1,1,0.9989845156669617
0,0,0.034707020968198776
1,1,0.9876225590705872
0,0,0.0007698492263443768
0,0,0.037255074828863144
1,1,0.9997687935829163
0,0,0.07231497019529343
0,0,0.0025172135792672634
0,0,0.03764267638325691
0,0,0.01596604287624359
1,0,0.34111928939819336
1,1,0.9970840811729431
0,1,0.9822092056274414
0,0,1.4172415831126273e-05
0,0,0.11036542057991028
1,1,0.9999430179595947
1,1,0.9996839761734009
1,1,0.9999997615814209
0,0,0.00022978322522249073
1,1,0.8872338533401489
0,0,0.08053542673587799
1,1,0.9982587695121765
0,0,0.028960132971405983
1,1,0.9724640250205994
1,1,0.9996166229248047
1,1,0.7728816270828247
1,1,0.9659608602523804
0,0,0.2983357608318329
1,1,0.9295325875282288
1,1,0.8655539751052856
0,0,0.07814346998929977
0,0,0.01394267100840807
0,0,0.015685411170125008
0,0,0.007115032058209181
0,0,0.00041010603308677673
1,1,0.9932534098625183
0,0,0.0006357053644023836
1,1,0.9887685775756836
1,1,0.9991064667701721
0,0,0.0015974651323631406
0,0,1.0188597116211895e-05
1,1,0.9999961853027344
0,0,0.2442730963230133
1,1,0.9978273510932922
1,1,0.9995800852775574
0,0,0.0005236419383436441
1,1,0.9698277115821838
0,0,0.19364987313747406
1,1,0.9999997615814209
1,1,0.9878957271575928
1,1,0.9951633214950562
0,0,9.268836947740056e-06
0,0,0.0013004259672015905
0,0,0.0001229181361850351
0,0,4.284251645003678e-06
1,0,0.38489988446235657
1,1,0.9997449517250061
0,0,0.006543715018779039
0,0,0.05850866436958313
0,0,0.007174840196967125
1,1,0.9839874505996704
1,1,0.9890662431716919
1,1,0.9561560153961182
1,1,0.9974863529205322
0,0,0.040036607533693314
0,0,3.0847789389554237e-07
0,0,0.4955497086048126
1,1,0.9771364331245422
1,1,0.9971175193786621
1,1,0.9920738935470581
1,1,0.9997422099113464
1,1,0.9949382543563843
1,1,0.9830522537231445
1,1,0.9999080896377563
0,0,0.0005215378478169441
0,0,0.008004228584468365
1,1,0.8622462153434753
1,1,1.0
0,0,0.36811500787734985
0,1,0.5347952842712402
0,0,3.79647849513276e-06
1,1,0.9990069270133972
1,1,0.9954138398170471
1,1,0.9142869114875793
1,1,0.8482930660247803
0,0,3.116934749414213e-05
1,1,0.6307831406593323
0,0,0.003494626609608531
0,0,0.00394367566332221
1,1,0.9999994039535522
1,1,0.8079436421394348
1,1,0.9999982118606567
0,0,0.01871597021818161
1,1,0.9991586208343506
0,0,0.0012774537317454815
0,0,1.6312532125084545e-06
1,1,0.8116010427474976
1,1,0.8352295756340027
0,0,8.961539424490184e-05
1,1,0.892321765422821
0,0,0.045270029455423355
1,1,0.8776114583015442
1,1,0.9457187056541443
0,0,0.06829185783863068
1,1,0.9678972959518433
1,1,0.9996929168701172
0,0,0.0910605639219284
0,0,0.001329488935880363
0,0,0.0012147403322160244
1,1,0.9999678134918213
1,1,0.9941775798797607
0,0,0.1038985401391983
0,0,0.0021070241928100586
1,1,0.8267226219177246
0,0,0.0033444208092987537
0,0,0.023501314222812653
0,0,0.0610838420689106
1,1,0.9845470786094666
0,0,0.03387404605746269
0,0,0.014073674567043781
0,0,0.07026413828134537
0,0,0.011179143562912941
0,0,0.35454002022743225
0,0,0.00016362048336304724
0,0,3.4641327602003003e-06
0,0,9.638383424714903e-10
0,0,0.20554251968860626
0,1,0.7940795421600342
0,0,0.0009272970492020249
0,0,0.0007309549255296588
0,0,0.00011398958304198459
0,0,5.075657583120119e-08
0,0,0.00035516105708666146
0,0,0.00018942548194900155
0,1,0.9109607934951782
1,0,0.03544208034873009
0,0,0.04755692183971405
0,0,0.25984013080596924
0,0,0.05327955633401871
0,0,0.00417653052136302
0,0,0.0009174795122817159
0,0,0.005403995048254728
0,0,0.056016817688941956
1,1,0.9859252572059631
1,1,0.9999300241470337
1,1,0.9997519850730896
1,1,0.99997878074646
1,1,0.9925363063812256
1,1,0.9680016040802002
1,1,0.9995612502098083
0,0,0.024944985285401344
0,0,0.0011545500019565225
0,0,0.001301869167946279
0,0,0.03243062645196915
1,1,0.96988844871521
1,1,0.9949446320533752
1,1,0.9984762072563171
1,1,0.9999321699142456
1,1,0.9942966103553772
0,1,0.62650066614151
0,0,0.005460110493004322
0,0,0.015491855330765247
1,1,0.740105926990509
0,0,0.002213162137195468
0,0,0.0013634130591526628
0,0,0.019192323088645935
1,1,0.9997768998146057
1,1,0.7516058087348938
1,1,0.9998629093170166
1,0,0.20770618319511414
0,0,0.005824864376336336
0,0,0.01561419665813446
1,1,0.9732295274734497
1,1,0.8967999815940857
0,0,0.027806701138615608
0,0,5.361445801099762e-05
0,0,0.028855402022600174
0,0,0.0015833526849746704
1,1,0.7551767826080322
0,0,0.23601692914962769
1,1,0.9470782279968262
0,0,0.11477303504943848
0,0,0.013499337248504162
0,0,0.0007223371067084372
0,0,0.10098902136087418
1,1,0.9917007088661194
0,0,0.162750706076622
0,0,0.055859316140413284
0,0,0.0001187435700558126
0,0,0.0007651589112356305
1,1,0.9521865248680115
1,1,0.9344038963317871
0,0,0.005547327920794487
0,0,0.4287707805633545
0,0,1.780333877832163e-05
0,0,0.0008647820795886219
0,0,0.004734238609671593
1,1,0.9161210656166077
1,1,0.7843191027641296
0,0,0.04227535054087639
0,0,0.009091053158044815
1,1,0.9999651908874512
1,1,0.9996919631958008
1,1,0.9993945360183716
1,1,0.9999451637268066
0,0,0.23286469280719757
0,0,0.031042756512761116
0,0,0.09870176762342453
0,0,0.042765405029058456
0,0,0.037657637149095535
1,1,0.9828841686248779
1,1,0.9999388456344604
1,1,0.9992228746414185
1,1,0.9935966730117798
0,0,0.06574351340532303
0,0,0.035668857395648956
1,1,0.9985861778259277
1,1,0.9982485771179199
0,1,0.8610177040100098
1,1,0.9985374212265015
0,0,0.003976770211011171
1,1,0.9998760223388672
0,0,0.13674819469451904
1,1,0.9948770403862
0,0,0.05729474499821663
1,1,0.9883741140365601
1,1,0.8375707864761353
1,1,0.9200975894927979
0,0,0.011967314407229424
1,1,0.998051643371582
1,1,0.9999890327453613
0,0,0.1676216870546341
1,1,0.9997171759605408
0,0,0.02182014286518097
0,0,0.0055142841301858425
1,1,0.9989556074142456
0,1,0.560344398021698
1,1,0.9999270439147949
1,1,0.9957685470581055
1,1,0.9919174313545227
1,1,0.9803357124328613
0,0,0.010451401583850384
1,1,0.9993492960929871
0,0,0.45557230710983276
0,0,0.1718219667673111
0,0,0.0496511235833168
1,1,0.9944043159484863
1,1,0.9953704476356506
1,1,0.9953867793083191
0,0,0.006703656632453203
1,1,0.9890768527984619
0,0,0.007109819911420345
1,1,0.9385451078414917
1,1,0.6303849220275879
1,1,0.7367286086082458
1,1,0.9950839877128601
0,0,0.03267192095518112
1,1,0.9531696438789368
0,1,0.8022716045379639
0,0,0.006483202800154686
0,0,6.808324542362243e-05
0,0,9.408307232661173e-05
0,0,0.00011341809295117855
0,0,5.799092832603492e-07
0,0,0.10215230286121368
0,0,0.006214403547346592
1,1,0.9999773502349854
1,1,0.6921289563179016
1,1,0.9999516010284424
0,0,0.036074232310056686
0,0,0.05504945293068886
0,0,0.0007352147367782891
0,0,0.335906445980072
1,1,0.999976396560669
1,1,0.9999927282333374
0,0,0.0048636747524142265
0,0,0.002531416015699506
1,1,0.9784342646598816
1,1,0.9660625457763672
1,1,0.9769254922866821
1,1,0.9999942779541016
0,0,0.0008570346399210393
1,0,0.16236020624637604
1,1,0.8859973549842834
0,0,0.003061364172026515
1,1,0.9466203451156616
0,0,0.36355701088905334
0,0,0.0025981920771300793
0,0,0.11940488964319229
0,0,2.6029441869468428e-05
1,0,0.2567282021045685
0,0,0.03814305365085602
1,1,0.9496280550956726
0,0,0.05503852292895317
0,0,0.00033269968116655946
0,0,0.0243214201182127
0,0,0.0020091647747904062
1,1,0.9231261610984802
1,1,0.9929717183113098
1,1,0.9906145334243774
1,1,0.9999986886978149
1,1,0.9991258978843689
0,0,0.03712031617760658
0,0,2.4341163680219324e-06
0,0,2.4294315608131e-06
1,1,0.7243854403495789
0,0,0.00020089131430722773
1,1,0.5956476330757141
0,0,0.4388223886489868
0,0,0.007716561201959848
1,0,0.014580256305634975
0,0,0.19056634604930878
0,0,0.08629433065652847
1,1,0.9999301433563232
1,1,0.947983980178833
1,1,0.9997820258140564
1,1,0.9259580969810486
1,1,0.999860405921936
0,0,0.04046684503555298
0,0,0.020278317853808403
1,1,0.9981671571731567
0,0,4.564343544188887e-05
1,1,0.9999687671661377
1,1,0.9999077320098877
1,1,0.9820558428764343
1,1,0.990254819393158
0,0,0.23491978645324707
0,0,1.6921931091928855e-05
1,1,0.9987660646438599
1,1,0.6045326590538025
1,1,0.9501436948776245
1,1,0.9952801465988159
0,0,0.0002718887699302286
0,0,0.0002401253441348672
1,1,0.9996792078018188
1,1,0.9998400211334229
1,1,0.9999992847442627
1,1,0.9999780654907227
0,0,0.10060792416334152
0,0,1.087383679987397e-05
0,1,0.6903628706932068
0,0,0.29148730635643005
0,1,0.74296635389328
0,0,0.01162860356271267
1,1,0.9994568228721619
1,1,0.9998219609260559
1,1,0.9998346567153931
1,1,0.9999872446060181
1,1,0.9993314743041992
1,1,0.9200603365898132
0,0,0.003523006336763501
0,0,0.05280829593539238
1,1,0.9986806511878967
1,1,0.9749068021774292
0,0,0.0025768063496798277
0,0,0.00022146156697999686
0,0,0.14218921959400177
0,0,0.009870586916804314
1,1,0.9856422543525696
1,1,0.9513790607452393
0,0,0.02297867275774479
1,1,0.9976339340209961
1,1,0.9091996550559998
1,1,0.6976263523101807
0,0,0.021289482712745667
1,1,0.8817325830459595
0,0,6.921410289351115e-08
1,1,0.9998486042022705
0,0,0.15101386606693268
1,1,0.9933429956436157
1,1,0.9982591271400452
0,0,0.002128968946635723
1,1,0.8638526797294617
1,1,0.9746583700180054
0,0,2.1569880118477158e-05
0,0,0.0002590283111203462
0,0,0.17879252135753632
0,0,0.02920667640864849
0,0,8.221976895583794e-05
1,1,0.9977908134460449
1,1,0.9992660880088806
0,0,0.0027177457232028246
0,0,0.00028747913893312216
0,0,0.10997061431407928
1,0,0.2948386073112488
0,0,0.3115129768848419
0,0,0.010495665483176708
1,1,0.9999719858169556
1,1,0.999994158744812
1,1,0.9629526734352112
0,0,0.12699106335639954
0,0,0.005766998045146465
0,0,0.015382455661892891
0,0,0.3105578124523163
0,0,0.0006357805687002838
0,0,0.03802596032619476
0,0,0.004744736012071371
1,1,0.9999942779541016
1,1,0.9972860813140869
0,0,0.013594056479632854
0,0,7.504419045289978e-05
0,0,0.05142292007803917
0,0,0.3939417004585266
1,1,0.9961544871330261
1,1,0.9982927441596985
1,1,0.9955195188522339
1,1,0.9999994039535522
1,1,0.9999985694885254
0,0,0.09710172563791275
1,1,0.9997465014457703
0,0,0.002234678016975522
0,0,8.531907224096358e-05
1,1,0.999922513961792
1,1,0.89984530210495
0,0,0.01659432239830494
0,0,0.023734072223305702
1,1,0.9970182180404663
0,0,0.08040337264537811
1,1,0.9994255304336548
0,0,0.14856074750423431
1,1,0.9999542236328125
1,1,0.7228278517723083
0,0,0.004062407650053501
1,1,0.9238497018814087
0,0,0.0144965136423707
0,0,0.04801736772060394
1,1,0.9667035937309265
0,0,0.13590984046459198
0,0,0.0008738341857679188
0,0,0.04028000310063362
0,1,0.6014686226844788
0,0,3.250734835091862e-06
0,0,0.010746617801487446
0,0,0.034924834966659546
0,0,0.001476762699894607
1,1,0.9999290704727173
0,0,0.04452751204371452
1,1,0.6202192306518555
1,1,0.9995798468589783
1,1,0.9984996318817139
1,1,0.765525758266449
0,0,0.09755418449640274
0,0,0.0007097498746588826
0,0,0.009153857827186584
0,0,0.0032279170118272305
1,1,0.6250725984573364
0,0,0.00026415797765366733
0,0,0.0007118083885870874
1,1,0.9522151350975037
0,0,9.274947920800969e-09
1,1,0.9871456623077393
0,0,0.0004928036360070109
0,0,0.12341829389333725
1,1,0.9799403548240662
1,0,0.3963727653026581
0,0,0.003770074574276805
0,0,0.04601186513900757
0,0,0.1950569599866867
0,0,0.000700034317560494
0,0,0.00020455216872505844
1,1,0.9999648332595825
1,1,0.9728416204452515
1,0,0.3788420855998993
1,1,0.8566462397575378
0,0,0.36881205439567566
1,1,0.9969226717948914
1,1,0.9972203969955444
0,0,0.18186622858047485
1,1,0.9997404217720032
1,1,0.7849944233894348
1,1,0.9997166991233826
0,0,0.005552875809371471
1,1,0.9949163198471069
0,0,0.004481656476855278
1,1,0.9575220942497253
0,0,0.07874099165201187
0,0,0.0016467878594994545
1,1,0.9986255168914795
0,0,0.008907926268875599
1,1,0.9999973773956299
0,0,0.06435904651880264
1,1,0.9785431623458862
1,1,0.9699875116348267
0,0,0.07225243002176285
1,1,0.9978199005126953
1,1,0.9713850021362305
0,1,0.6770160794258118
0,0,9.621290519135073e-05
1,1,0.9916362762451172
0,1,0.9697697162628174
0,0,1.6177873476408422e-05
0,0,0.04870646819472313
0,0,0.12330526113510132
0,0,0.3546240031719208
0,0,0.2707275450229645
1,1,0.8682140111923218
0,0,0.07498595118522644
0,0,0.1265571266412735
1,1,0.9999892711639404
0,0,0.0034996166359633207
1,1,0.9823794364929199
0,0,0.004316501319408417
0,0,8.697136308910558e-07
0,0,0.01651674136519432
1,1,0.9999924898147583
0,0,0.16595621407032013
0,0,8.474870992358774e-05
1,1,0.8230576515197754
1,1,0.9999980926513672
0,0,0.40063363313674927
0,0,0.09131794422864914
0,0,0.008847600780427456
0,0,0.00042894502985291183
1,1,0.9975330829620361
1,1,0.9939663410186768
1,1,0.9976258873939514
0,0,0.00020199902064632624
0,0,0.0033583445474505424
1,1,0.9997875094413757
1,1,0.9987892508506775
0,0,0.005523452069610357
1,1,0.5982910990715027
1,1,0.9992992877960205
0,0,0.19507895410060883
1,1,0.9999619722366333
0,0,0.2284383773803711
1,1,0.9999326467514038
0,1,0.8904772400856018
1,1,0.9877849817276001
1,1,0.966179370880127
1,1,0.897811770439148
0,0,0.06362129002809525
1,1,0.9998220801353455
0,0,1.7425645637558773e-05
1,1,0.9999634027481079
1,1,0.9982073307037354
0,0,0.05375611409544945
0,0,8.024015187402256e-06
1,1,0.7862613797187805
0,1,0.658207893371582
1,1,0.999987006187439
1,1,0.9999998807907104
0,0,0.005181912332773209
0,0,0.05109791457653046
1,1,0.9999784231185913
1,1,0.6002721190452576
0,0,0.010739614255726337
0,0,0.0034145452082157135
1,1,0.999795138835907
1,1,0.9966022968292236
1,1,0.9997410178184509
1,1,0.9999532699584961
1,1,0.9999583959579468
1,1,0.9421491622924805
0,0,0.0036760123912245035
1,1,0.999970555305481
0,0,0.05987168848514557
0,0,0.0002482958952896297
1,1,0.8976173996925354
0,0,0.14520403742790222
1,1,0.9983277916908264
0,0,0.006950368173420429
1,0,0.19920670986175537
0,0,0.004972976632416248
1,1,0.9932912588119507
0,0,0.0043985010124742985
0,1,0.5663385391235352
1,0,0.4580340087413788
1,1,0.6691467761993408
1,1,0.9944522976875305
1,1,0.9968357682228088
1,1,0.9845222234725952
0,0,0.03123868629336357
0,0,0.019841274246573448
1,1,0.883508563041687
0,0,0.036123551428318024
0,0,0.009392078965902328
1,1,0.8921943306922913
1,1,0.9988008737564087
1,1,0.5862107276916504
1,1,0.9980087876319885
1,1,0.9438611268997192
1,0,0.2704513669013977
1,1,0.9996768236160278
0,0,0.08003543317317963
1,1,0.9925456643104553
0,0,0.12313079833984375
0,0,0.038838714361190796
0,0,0.014500990509986877
1,1,0.9684786796569824
1,1,0.9998410940170288
1,1,0.9966666102409363
0,0,0.0031043817289173603
1,1,0.9996739625930786
1,1,0.9979625940322876
1,1,0.9999488592147827
0,0,2.623701789161714e-07
1,1,0.9957451224327087
0,0,1.0983791653984554e-08
0,0,0.015751304104924202
0,0,0.0011147614568471909
0,0,0.003971713595092297
1,1,0.9994582533836365
1,1,0.9760423898696899
0,0,0.4508710205554962
1,0,0.34517958760261536
0,1,0.9768897294998169
0,0,0.06264713406562805
0,0,0.24717670679092407
1,1,0.894770085811615
0,1,0.8217366337776184
1,1,0.9084352254867554
0,0,0.01249958947300911
1,1,0.9529246687889099
1,1,0.999840259552002
0,0,0.003821414662525058
0,0,0.02428961917757988
1,1,0.9787443280220032
0,0,0.0028595139738172293
0,0,1.087286182155367e-05
1,1,0.9926623106002808
1,1,0.9805424213409424
0,1,0.9229047298431396
0,0,0.08211790770292282
0,0,0.048444125801324844
1,1,0.9997898936271667
1,1,0.9999181032180786
0,0,0.02180415391921997
1,1,0.9864680767059326
1,1,0.804755449295044
0,0,0.11012806743383408
0,0,0.005232270807027817
1,1,0.91234290599823
1,1,0.9902145862579346
0,0,0.06044430658221245
0,0,0.056756895035505295
0,0,0.0009239963255822659
0,0,0.0030852537602186203
0,0,0.20553559064865112
0,0,0.054648175835609436
1,1,0.9995778203010559
0,0,0.037869952619075775
0,0,0.058386657387018204
0,0,0.017811603844165802
1,1,0.9999996423721313
0,0,0.040870774537324905
0,0,0.05820527672767639
1,1,0.9999878406524658
1,1,0.9086028933525085
1,1,0.9605811238288879
1,1,1.0
0,0,4.093187817488797e-05
1,1,0.9998621940612793
1,1,0.9520359635353088
1,1,0.9689086675643921
1,1,0.9151453971862793
0,0,2.492711973900441e-05
0,0,0.1527494639158249
1,1,0.9864826202392578
0,0,0.2511306703090668
1,1,0.9998866319656372
0,0,0.09014222025871277
1,1,0.999466598033905
0,0,0.03824327141046524
0,0,0.11814738810062408
0,0,0.006090174429118633
0,0,0.0042675333097577095
0,0,0.0023919916711747646
0,0,0.03439522907137871
0,0,0.002895946381613612
1,0,0.04240252077579498
0,0,0.0018964201444759965
0,0,0.00046621233923360705
1,1,0.9931750893592834
1,1,0.9995549321174622
1,1,0.9565779566764832
1,1,0.6623780727386475
0,1,0.9596569538116455
1,1,1.0
0,0,0.00010739072604337707
1,1,0.9995255470275879
1,1,0.9999973773956299
1,1,0.9927235245704651
1,1,0.9810284972190857
1,1,1.0
1,1,0.8093949556350708
1,1,0.9999247789382935
1,0,0.32402893900871277
0,0,0.33600491285324097
1,1,0.9987173080444336
0,0,0.08540879189968109
1,1,0.9999721050262451
0,0,0.023051602765917778
1,1,0.9897525310516357
1,1,0.965414822101593
0,0,0.14979206025600433
0,0,0.00902708899229765
1,1,0.9995905756950378
0,0,0.0025419716257601976
1,1,0.9766006469726562
1,1,0.9007206559181213
1,1,0.9935249090194702
0,0,0.00012104628694942221
1,1,0.9748681783676147
1,1,0.8932327628135681
1,1,0.9923957586288452
0,0,0.005046603735536337
0,0,0.23662146925926208
0,0,0.006264506373554468
0,0,0.03421895578503609
1,1,0.9998836517333984
1,1,0.9139494299888611
0,0,0.07778584957122803
1,1,0.9429500102996826
0,0,0.004513268359005451
0,0,0.007094221655279398
0,0,0.007868148386478424
0,0,0.015433337539434433
0,0,1.8707663912209682e-05
0,0,0.006212201435118914
0,0,0.15125060081481934
1,1,0.9838946461677551
1,0,0.446697473526001
0,0,0.19825606048107147
0,1,0.510785698890686
1,1,0.9996193647384644
0,0,0.001779317855834961
1,1,0.9502133727073669
0,0,0.0015789165627211332
1,1,0.9962654709815979
1,1,0.9957892298698425
1,1,0.9983401298522949
1,1,0.9830822944641113
0,0,0.09994827210903168
0,0,0.020401133224368095
0,0,0.03286154940724373
1,1,0.992931604385376
1,1,0.8560347557067871
1,1,0.9147877097129822
1,1,0.9995397329330444
1,1,0.9914137125015259
1,1,0.9982346296310425
1,1,0.9989689588546753
1,1,0.9986452460289001
1,1,0.9860878586769104
1,1,0.9895867109298706
1,1,0.996415376663208
0,1,0.6649620532989502
1,1,0.9993754029273987
1,1,0.9828586578369141
0,0,0.09366215020418167
0,0,0.4034269452095032
0,0,0.014151541516184807
1,1,0.9991534948348999
1,1,0.9999741315841675
1,1,0.9956381916999817
0,0,2.7447602406027727e-05
1,1,0.6925703883171082
1,1,0.9794924259185791
0,0,0.17481780052185059
0,0,0.001778653939254582
0,0,9.866143955150619e-05
1,1,0.9996442794799805
1,1,0.9999998807907104
0,0,0.14744888246059418
0,0,0.021650327369570732
0,0,0.00032139732502400875
0,0,1.6334435031239991e-06
1,1,0.6424427628517151
0,0,0.0014824146637693048
0,0,0.04195818305015564
1,1,0.9683167934417725
1,1,0.8723334670066833
0,0,0.005754963960498571
1,1,0.9978400468826294
1,1,0.7957413196563721
0,1,0.9117886424064636
0,0,0.16226209700107574
0,0,1.1324286397496053e-08
0,0,0.3278648257255554
1,1,0.9999438524246216
1,1,0.9985546469688416
1,1,0.9913510084152222
1,1,0.9965351819992065
0,0,0.06494535505771637
0,0,0.019591044634580612
1,1,0.9999836683273315
0,0,0.05821709334850311
1,1,0.9990880489349365
0,0,0.0021952330134809017
1,1,0.9999797344207764
1,1,0.9973928928375244
0,0,0.004619202110916376
1,1,0.9992653727531433
1,1,0.9998495578765869
0,0,0.023229315876960754
1,1,0.9431449770927429
0,0,3.1298854992201086e-06
0,0,0.06887193024158478
0,0,1.3427503290586174e-05
1,1,0.9979358911514282
0,1,0.5670565962791443
1,1,0.999782145023346
1,1,0.9184325337409973
0,0,0.008559904992580414
0,0,0.2766166925430298
1,1,0.9983952641487122
1,1,0.9994012117385864
0,0,0.3582685887813568
0,0,0.004052932374179363
1,1,0.9939123392105103
0,0,0.00024050961656030267
1,1,0.9996973276138306
0,0,0.03336649388074875
0,0,0.00984152127057314
1,1,0.9999786615371704
1,1,0.9993971586227417
0,0,0.001125794486142695
1,1,0.9990819692611694
1,1,0.9975104331970215
1,1,0.9896836280822754
1,1,0.99979168176651
0,0,0.0030665115918964148
0,0,0.2988170385360718
1,1,0.9724732637405396
0,0,0.03347661718726158
0,0,0.015124335885047913
1,1,0.959466814994812
0,0,0.0008923897985368967
0,0,0.03488603234291077
0,0,0.00014054081111680716
0,0,0.11713637411594391
0,0,0.07007802277803421
1,1,0.6242558360099792
0,0,0.06449876725673676
0,0,0.0033457758836448193
1,1,0.9962945580482483
0,0,2.0899503851978807e-06
1,1,0.9999642372131348
1,1,0.9841775894165039
1,1,0.9895433187484741
1,1,0.9999953508377075
1,1,0.8456831574440002
1,1,0.9991434812545776
0,0,0.014682702720165253
0,0,2.5070852643693797e-05
1,1,0.9994717240333557
0,0,0.0011075062211602926
0,0,5.011958273826167e-05
1,1,0.7849759459495544
0,0,0.09530235826969147
0,0,0.10320939868688583
0,0,0.001065415795892477
0,1,0.7964881658554077
1,1,0.9999780654907227
1,1,0.9984682202339172
1,1,0.9966179728507996
1,1,0.9701933264732361
1,1,1.0
1,1,0.5723555088043213
0,0,0.06928516924381256
1,1,0.9953725934028625
1,1,0.9461970329284668
0,0,0.006018607411533594
1,1,0.9999831914901733
1,1,0.9919649362564087
1,1,0.9999997615814209
1,1,0.9397484064102173
1,1,0.9987151622772217
1,1,0.9304280281066895
0,0,0.007848648354411125
1,1,0.9998264908790588
1,1,0.9819936156272888
0,0,0.048498984426259995
1,1,0.980735719203949
1,1,0.9999877214431763
1,1,0.9902734160423279
0,0,0.0013152280589565635
0,0,0.04170777276158333
0,0,0.17426495254039764
1,1,0.9057824611663818
0,0,0.035342346876859665
1,1,0.955230712890625
1,1,0.9997978806495667
0,0,0.050987161695957184
1,1,0.7477595210075378
1,1,0.9254072904586792
1,1,0.7802205681800842
1,1,0.9996359348297119
0,0,0.17540857195854187
0,0,0.028783192858099937
1,1,0.9999997615814209
1,1,0.9999454021453857
0,0,0.06949570775032043
0,0,0.06683842837810516
0,0,0.04319128021597862
0,0,0.16510339081287384
0,0,0.37946152687072754
0,0,0.0341668538749218
0,0,0.14847104251384735
1,1,0.6290315985679626
1,1,0.9999992847442627
1,1,0.9991094470024109
0,0,0.001149941235780716
1,1,0.999777615070343
1,1,0.9999711513519287
0,0,0.05193640664219856
1,1,0.9899864792823792
0,0,0.0034556263126432896
0,0,0.11813168972730637
1,1,0.9999998807907104
0,0,0.0075061568059027195
0,0,0.0010988200083374977
1,1,0.997424840927124
0,0,0.04339342191815376
0,0,0.30186188220977783
0,0,0.15560981631278992
1,1,0.9999996423721313
0,0,0.00011195342085557058
1,1,0.9999963045120239
0,0,1.3161586309706763e-07
1,1,0.9999234676361084
1,1,0.9789513945579529
1,1,0.985824465751648
1,1,0.9990295171737671
1,1,0.9277159571647644
1,1,0.9999984502792358
0,0,3.95473325625062e-05
0,0,0.41679123044013977
0,0,2.369409594393801e-05
0,0,0.08580558747053146
0,0,0.37044841051101685
1,1,0.8838322162628174
0,0,0.12725162506103516
1,1,0.9999343156814575
0,0,0.4312504529953003
1,1,0.9999948740005493
0,0,0.19849473237991333
1,1,0.9972322583198547
1,1,0.998062789440155
1,1,0.9974899291992188
1,1,0.9997840523719788
0,1,0.9928629994392395
1,1,0.6652438640594482
1,1,0.8845723867416382
1,1,0.9994439482688904
1,1,0.9987653493881226
0,0,5.3264604503056034e-05
0,0,0.0013673902722075582
0,0,0.013588590547442436
0,0,0.31750282645225525
1,1,0.9165393710136414
1,1,0.9491544365882874
0,0,0.010835015214979649
0,0,0.035845596343278885
1,1,0.9998360872268677
1,1,0.9992177486419678
0,1,0.802080512046814
0,0,0.02345581352710724
0,0,0.04540281742811203
1,1,0.9988150596618652
0,0,0.00593266636133194
0,0,0.027727384120225906
1,1,0.9828954935073853
0,0,0.07199909538030624
0,0,0.2788173258304596
0,0,0.17897279560565948
1,1,0.9907063841819763
1,1,0.9998568296432495
1,1,0.9977704286575317
1,1,0.9285822510719299
0,0,2.2052739950595424e-05
0,0,0.010669686831533909
0,0,0.3391886055469513
0,0,0.4468221962451935
1,1,0.8411959409713745
0,0,0.011140099726617336
1,1,0.963780403137207
1,1,0.9985509514808655
0,0,0.009082285687327385
1,1,0.9997069239616394
0,0,0.3970213234424591
1,1,0.9998310804367065
1,1,0.8909540772438049
0,0,0.08124399930238724
0,0,0.051318492740392685
1,1,0.9827184081077576
1,1,0.9951228499412537
0,0,0.04407910630106926
1,1,0.6964899897575378
0,0,0.03634825348854065
1,1,0.9963070154190063
1,1,0.867175281047821
1,1,0.9999927282333374
0,0,0.2826663851737976
0,0,0.06395929306745529
1,1,0.9972587823867798
1,1,0.9719924926757812
0,0,0.009445291943848133
0,0,4.1143188855841117e-10
1,1,0.999992847442627
0,0,0.011118835769593716
0,0,0.001155621837824583
0,0,0.02900846302509308
0,0,0.04001602157950401
1,1,0.9939815402030945
1,1,0.9999966621398926
1,1,0.9880725145339966
1,1,0.9132167100906372
0,0,0.0015132070984691381
1,1,0.9996953010559082
1,1,0.5847256183624268
0,0,0.003695201361551881
1,1,0.8892855048179626
1,0,0.15880121290683746
1,1,0.9955599308013916
1,1,0.9985896944999695
0,0,0.0002470410836394876
1,1,0.9743141531944275
0,0,1.7397302372046397e-06
1,0,0.16661959886550903
0,0,0.01055598072707653
0,0,0.0019224855350330472
0,0,0.0005439952365122736
0,0,0.00497119314968586
1,1,0.9999927282333374
1,1,0.8969168663024902
0,0,0.021412640810012817
0,0,0.08002124726772308
0,0,0.36617058515548706
0,0,0.005480183754116297
0,0,6.220880459295586e-05
0,1,0.9334695339202881
0,0,0.00026609626365825534
0,0,0.00018519183504395187
0,1,0.5620002746582031
1,1,0.9978383183479309
1,1,0.9999691247940063
1,1,0.7651515603065491
0,0,0.0009853921364992857
0,0,0.03112873062491417
1,1,0.9994891881942749
1,1,0.9999984502792358
1,1,0.9992415904998779
1,1,0.9938203692436218
1,1,0.8124105930328369
1,1,0.9840366244316101
0,0,0.08978686481714249
0,0,0.0011057878145948052
1,1,0.9806616306304932
1,1,0.9999973773956299
0,0,2.5085655579459853e-05
1,1,0.9999706745147705
1,1,0.9922847747802734
0,0,0.20592597126960754
0,0,1.0694428056012839e-05
1,1,0.6834712028503418
0,0,0.05128997936844826
0,0,1.8636812910699518e-06
1,1,0.9997010231018066
0,0,0.23811335861682892
0,0,0.08472773432731628
0,0,0.000865835347212851
1,1,0.9981123208999634
1,1,0.9218949675559998
1,1,0.9531944990158081
0,0,1.1671529520640433e-08
1,1,1.0
1,1,0.8959748148918152
0,0,0.2676240801811218
1,1,0.8686272501945496
1,1,0.9999696016311646
1,1,0.9957523345947266
1,1,0.9969603419303894
1,1,0.8760507106781006
1,1,0.9999798536300659
0,0,0.0016359594883397222
0,0,0.3118526339530945
0,0,0.018997693434357643
1,1,0.9714851379394531
0,0,0.45861512422561646
1,1,0.9999992847442627
1,1,0.9923263788223267
1,1,0.9681886434555054
1,1,0.9833104610443115
1,1,0.9995019435882568
0,0,0.009242985397577286
0,0,0.004011041950434446
0,0,0.020709950476884842
0,0,0.010777260176837444
1,0,0.4781821668148041
1,1,0.9997350573539734
0,0,0.00023882708046585321
0,0,0.09983525425195694
0,0,0.0005462030530907214
0,1,0.5187574625015259
1,1,0.9346640706062317
0,0,0.03992664813995361
1,1,0.999956488609314
1,1,0.8777687549591064
1,1,0.6136236190795898
1,1,0.5803865194320679
0,0,0.002828913042321801
1,1,0.999935507774353
1,1,0.9812259674072266
0,0,0.0008862856193445623
1,1,0.9998252987861633
0,0,0.03654870763421059
0,0,0.1897212564945221
0,1,0.5193043351173401
0,0,0.004623914137482643
0,0,0.0017505490686744452
0,0,0.0032439695205539465
1,1,0.9978622794151306
1,1,0.9988037347793579
1,1,0.9999696016311646
0,0,3.9240778278326616e-05
0,0,0.059473615139722824
0,0,0.02009005658328533
0,0,0.44403448700904846
1,1,0.9947565793991089
1,1,0.9999035596847534
1,1,0.9999470710754395
1,1,0.9979156851768494
1,1,0.9999710321426392
0,0,0.0001400336914230138
0,0,0.018429644405841827
1,1,0.9996321201324463
1,1,0.9994893074035645
0,0,0.0024167164228856564
1,1,0.9996569156646729
1,1,0.9999908208847046
1,1,0.9638335704803467
0,0,0.02073298953473568
1,1,0.9798667430877686
1,1,0.773328959941864
1,1,0.9712055325508118
1,1,0.9999147653579712
0,0,0.17225517332553864
1,1,0.999995231628418
0,0,3.446917617111467e-05
0,0,0.10965272784233093
1,1,0.9999816417694092
1,1,0.987790584564209
0,0,0.028668206185102463
0,0,5.806763510918245e-06
1,1,0.9830912947654724
1,1,0.9996848106384277
1,1,0.9861664772033691
1,1,0.9999979734420776
0,0,0.03451452776789665
1,1,0.9992583394050598
0,0,0.013562607578933239
0,0,0.0048930407501757145
0,0,0.11607815325260162
1,1,0.9999901056289673
0,0,0.02170456573367119
0,0,0.10191690176725388
0,1,0.6103313565254211
1,0,0.011405288241803646
1,1,0.99146968126297
1,1,0.9483159184455872
1,1,0.9999375343322754
1,1,0.9999217987060547
0,0,0.08966806530952454
0,0,0.0064195930026471615
0,0,6.359467806760222e-05
1,1,0.9831686019897461
0,0,0.05054488033056259
0,0,9.885126019071322e-06
0,0,0.00938668753951788
