true_label,predicted_label,positive_probability
1,0,0.0866503044962883
0,0,0.00398262357339263
1,1,0.9921005368232727
0,0,0.0025043468922376633
1,1,0.5889425277709961
1,1,0.9995195865631104
0,0,1.545886516396422e-05
0,0,0.03421933203935623
0,0,0.03194646164774895
1,1,0.979468584060669
0,0,0.0003644604585133493
1,1,0.9983643889427185
0,0,0.006005844101309776
0,0,0.000430851912824437
1,1,0.979502260684967
0,0,0.0006061750464141369
0,0,0.010009851306676865
0,0,0.00035426896647550166
0,0,6.969582318561152e-05
1,1,0.9994660019874573
1,1,0.9981670379638672
1,1,0.9936078786849976
1,1,0.9979369640350342
0,0,9.983278869185597e-05
0,0,0.0012808132451027632
1,1,0.5570685863494873
1,1,0.9976098537445068
0,0,0.0006889881333336234
1,1,0.9756314754486084
0,0,0.00012686023546848446
0,1,0.5494876503944397
0,0,2.972508445964195e-05
1,0,0.3797076940536499
1,1,0.9191291928291321
1,1,0.996307373046875
0,0,0.18063877522945404
1,1,0.9997691512107849
1,1,0.9997895359992981
0,0,3.040580850210972e-05
1,1,0.9999314546585083
1,1,0.9981505274772644
1,1,0.983744740486145
1,1,0.9803649187088013
0,0,0.0003645799879450351
0,0,0.00026937099755741656
0,0,0.0006152548594400287
1,1,0.999968409538269
0,0,0.004205951001495123
1,1,0.9989435076713562
0,0,1.741295272950083e-05
0,0,4.6225282858358696e-05
0,0,0.013543585315346718
1,1,0.993094801902771
0,0,0.02446327917277813
1,1,0.9697197079658508
1,1,0.7220961451530457
1,1,0.9999668598175049
1,1,0.9999206066131592
0,0,0.004685357213020325
0,0,0.00023523226263932884
1,1,0.9997116923332214
0,0,3.7998961488483474e-05
1,1,0.9995699524879456
0,0,0.00019142363453283906
0,0,5.863575279363431e-05
1,1,0.9991856217384338
1,1,0.9593429565429688
1,1,0.9995181560516357
1,1,0.9985155463218689
0,0,0.0010881883790716529
1,1,0.9840935468673706
1,1,0.9914594888687134
0,0,0.05130299553275108
1,1,0.8985581398010254
1,0,0.06628916412591934
0,0,0.0022100601345300674
1,1,0.9971430897712708
1,1,0.9985182881355286
1,1,0.9999219179153442
0,0,3.4593754207890015e-06
0,0,4.3447333155199885e-05
0,0,0.0507105328142643
1,1,0.9999054670333862
1,1,0.999091625213623
0,0,0.01184461172670126
0,0,0.00039180080057121813
0,0,0.042191971093416214
0,0,0.0002354258904233575
0,0,0.07337196916341782
1,1,0.9886411428451538
1,1,0.6859184503555298
1,1,0.7546088695526123
1,1,0.8610407710075378
1,1,0.995017945766449
0,0,4.610470205079764e-05
1,1,0.5797867774963379
0,0,2.6512985641602427e-05
1,1,0.9979470372200012
0,0,0.0019480647752061486
0,0,0.07967570424079895
1,1,0.9979594945907593
1,1,0.9979541301727295
1,0,0.4321129024028778
1,1,0.9997128844261169
1,1,0.9995446801185608
0,0,0.000559827487450093
1,1,0.9071441888809204
0,0,0.00024244168889708817
0,0,0.0034442099276930094
0,0,0.0012030149810016155
0,0,0.3222186863422394
0,0,0.008304429240524769
0,0,0.0004326947673689574
0,0,3.6861185890302295e-06
1,1,0.9932193160057068
0,0,0.000105119172076229
1,1,0.999647855758667
0,0,1.9584329493227415e-05
0,0,0.00259767915122211
0,0,4.9250538722844794e-05
1,1,0.9997541308403015
1,1,0.9899154901504517
0,0,0.0014893598854541779
0,0,3.15099059662316e-05
1,1,0.9998421669006348
1,1,0.9416652321815491
0,0,0.00452556274831295
1,1,0.9984685778617859
1,1,0.6583648920059204
1,1,0.9972079396247864
0,0,7.38130211175303e-06
1,1,0.991376519203186
1,1,0.998842179775238
1,1,0.9787970781326294
1,1,0.9997369647026062
0,0,0.0014483773848041892
0,0,0.0014720879262313247
1,1,0.9999427795410156
0,0,1.4176187505654525e-05
0,0,6.035881597199477e-05
1,1,0.994737446308136
1,1,0.9962902069091797
1,1,0.81999671459198
1,1,0.9787667989730835
1,1,0.9951087832450867
1,1,0.999930739402771
0,0,0.2528437674045563
1,1,0.9984311461448669
1,1,0.9998111128807068
1,1,0.9992573857307434
0,0,2.3353828510153107e-05
0,0,0.004122447222471237
1,1,0.9955253005027771
1,1,0.6216277480125427
1,1,0.9988828301429749
1,1,0.9993529915809631
1,0,0.024206653237342834
0,0,0.004430051427334547
0,0,0.04682895913720131
0,0,6.0278416640358046e-06
0,0,0.007524569518864155
1,1,0.9708328247070312
1,1,0.9997722506523132
0,1,0.9932847023010254
0,0,7.571297464892268e-05
1,1,0.9745678305625916
1,1,0.9902670979499817
1,1,0.9990835189819336
0,1,0.5892351865768433
1,1,0.9992744326591492
1,1,0.9999452829360962
1,1,0.9996052384376526
1,1,0.5420639514923096
1,1,0.9994558691978455
1,1,0.9231568574905396
1,1,0.9949517250061035
0,0,0.00012765335850417614
1,1,0.9573546051979065
1,1,0.9955347776412964
0,0,1.5738658476038836e-05
1,1,0.9991558790206909
0,0,0.0002491828636266291
1,1,0.9970709085464478
1,1,0.9976426959037781
0,0,0.0006621790817007422
1,1,0.9938172698020935
1,1,0.9970067143440247
1,1,0.9967712759971619
0,0,5.735859667765908e-05
0,0,7.9412411650992e-06
1,1,0.9978082776069641
0,0,0.04863964393734932
0,0,2.7404375941841863e-06
1,1,0.9996001124382019
1,1,0.9996104836463928
1,1,0.8394989967346191
0,0,0.0008312358986586332
0,0,0.0003359209804330021
0,0,0.0011974935187026858
1,1,0.9912465214729309
1,1,0.999761164188385
0,1,0.5839009881019592
0,0,0.0025044456124305725
1,1,0.999810516834259
0,0,2.1440388081828132e-05
0,0,0.001057588728144765
1,1,0.8536390662193298
1,1,0.9999568462371826
0,0,5.070806946605444e-05
0,0,2.0029563529533334e-05
0,0,0.003181908745318651
0,0,0.013397284783422947
0,0,0.00018730135343503207
0,0,0.011327501386404037
0,0,0.03709317371249199
1,1,0.9827986359596252
0,0,0.004257343243807554
0,0,0.00018538774747867137
0,0,0.000229777317144908
1,1,0.997955322265625
0,0,0.013328194618225098
1,1,0.999354898929596
1,1,0.9994175434112549
1,1,0.9976876974105835
1,1,0.8828479051589966
0,0,8.064054418355227e-05
0,0,2.2474432626040652e-05
1,1,0.9974355101585388
0,0,4.402658305480145e-05
1,1,0.9973775148391724
1,1,0.9867948889732361
0,0,0.0015936193522065878
1,1,0.9968774318695068
1,1,0.9975347518920898
0,0,0.011280221864581108
0,0,0.12173592299222946
0,0,0.00019567826529964805
1,1,0.9978557229042053
0,0,0.0006213138112798333
0,0,2.1840725821675733e-05
1,0,0.3834192156791687
1,1,0.9075296521186829
0,0,0.00031439150916412473
1,1,0.9985906481742859
0,0,7.29943931219168e-05
0,0,3.250114241382107e-05
1,1,0.9967247843742371
0,0,0.09948614984750748
0,0,0.0009029631037265062
0,0,0.16672278940677643
1,1,0.9110105633735657
0,0,0.05305797606706619
1,1,0.9998586177825928
0,1,0.5822951793670654
1,1,0.9942086935043335
1,0,0.08857005834579468
0,0,5.035763751948252e-05
0,0,1.8012286091106944e-05
0,0,0.00045065328595228493
0,0,0.0036475672386586666
0,0,3.0052902729948983e-05
1,1,0.9997937083244324
1,1,0.9986741542816162
0,0,0.011670020408928394
1,0,0.002557306783273816
0,0,0.0013596551725640893
0,0,0.004819762427359819
0,0,0.0005009371670894325
1,1,0.9938503503799438
0,0,3.089156962232664e-05
0,1,0.6663185358047485
0,0,0.00042919660336337984
1,1,0.9998288154602051
1,1,0.9814673066139221
0,0,0.0008572261431254447
1,1,0.9760712385177612
1,1,0.9999881982803345
0,0,0.06905098259449005
1,1,0.9986134767532349
0,1,0.6439049243927002
1,1,0.9924929738044739
0,0,0.0008697472512722015
0,0,0.0006585398805327713
0,0,8.490101754432544e-05
0,0,2.6123640054720454e-05
1,1,0.9995682835578918
1,1,0.9816986322402954
0,0,1.462951422581682e-05
1,1,0.9791041612625122
0,0,0.0028110139537602663
0,0,0.46923133730888367
0,0,0.00031005070195533335
1,1,0.9998916387557983
1,1,0.9948497414588928
1,1,0.9234611988067627
1,1,0.9997820258140564
1,1,0.9995180368423462
1,1,0.9997456669807434
0,0,0.03623409941792488
1,1,0.9142786264419556
1,1,0.9979615211486816
1,1,0.9967344403266907
1,1,0.9995229244232178
0,0,6.10714268987067e-05
1,1,0.9999532699584961
1,1,0.9982327222824097
0,0,3.892536369676236e-06
1,1,0.561216413974762
0,0,0.001713530975393951
1,1,0.9995180368423462
1,1,0.9987527132034302
1,1,0.999943733215332
1,1,0.999931812286377
1,1,0.9994640946388245
1,1,0.999981164932251
0,0,5.741113272961229e-05
0,0,9.952264372259378e-05
0,0,0.0009279648074880242
0,0,0.0005702200578525662
1,1,0.999278724193573
1,1,0.9998083710670471
1,1,0.9986687898635864
1,1,0.9998346567153931
0,0,0.0005457596853375435
0,0,0.10669459402561188
1,1,0.968602180480957
1,1,0.9991461038589478
0,0,0.013566425070166588
0,0,6.395221134880558e-05
0,0,1.864561090769712e-05
0,0,0.00015648365661036223
0,0,0.00012872289516963065
0,0,0.00031011251849122345
0,0,0.00038706781924702227
0,0,0.0005125091993249953
1,1,0.9999655485153198
1,1,0.8085595965385437
0,0,0.00036907114554196596
1,1,0.9941781759262085
1,1,0.9986456036567688
0,1,0.854805052280426
1,1,0.9970129728317261
0,0,0.018637970089912415
1,1,0.9997522234916687
1,1,0.9974270462989807
1,1,0.9999735355377197
1,1,0.9997254014015198
0,0,0.403410941362381
1,1,0.998920202255249
1,1,0.9998618364334106
1,1,0.999580442905426
0,0,9.230907380697317e-07
0,0,0.005289320833981037
1,1,0.9857878684997559
1,1,0.9998495578765869
1,1,0.9998157620429993
0,0,0.0008997091208584607
0,0,0.0004929184797219932
1,1,0.9997734427452087
1,1,0.9807620644569397
1,1,0.9999376535415649
0,0,1.1728875506378245e-05
0,0,0.00024912203662097454
1,1,0.9217696189880371
1,1,0.9993984699249268
1,1,0.9926694631576538
1,1,0.9999719858169556
1,1,0.9890679717063904
0,0,0.35639509558677673
0,0,0.002065797336399555
0,0,5.4548891057493165e-06
1,1,0.9699289202690125
0,0,0.00023281799803953618
1,1,0.9970423579216003
1,1,0.999742329120636
0,0,0.0008524350705556571
0,0,0.0007507702684961259
0,0,0.0009139185422100127
0,0,0.08777448534965515
0,0,0.04173562303185463
0,0,0.0075327507220208645
0,0,0.00032140527036972344
0,0,0.0019180449889972806
0,0,0.004568812903016806
0,0,0.00010182296682614833
0,0,4.724581685877638e-06
1,1,0.9991917014122009
0,0,2.9290691600181162e-05
0,0,2.8570233553182334e-05
1,1,0.9940922856330872
0,0,0.0001438145845895633
0,0,0.0004321745946072042
0,1,0.9959326386451721
1,1,0.9997877478599548
0,0,0.07008705288171768
1,1,0.9383748173713684
1,1,0.9999557733535767
1,1,0.9999312162399292
1,1,0.9999682903289795
1,1,0.9938291907310486
1,1,0.998805046081543
0,0,0.0006180256605148315
0,0,0.290933758020401
0,0,7.095065029716352e-06
1,1,0.9990471005439758
1,1,0.9999380111694336
0,0,0.36671626567840576
0,0,5.402850001701154e-05
0,1,0.9844666719436646
1,1,0.9999755620956421
0,0,1.6527970728930086e-05
0,0,0.007549130357801914
0,0,0.0002108321787090972
0,0,0.003953683190047741
0,0,0.00025920517509803176
0,0,0.0007846966618672013
0,0,0.21542955935001373
1,1,0.9997649788856506
1,0,0.08287765830755234
0,0,1.3885271528124576e-06
1,1,0.9984475374221802
0,0,0.3666687607765198
1,1,0.9628613591194153
1,1,0.7998001575469971
1,1,0.5644922852516174
1,1,0.9999650716781616
1,1,0.7220392823219299
0,0,0.03958679363131523
0,0,0.0003643445670604706
0,0,0.0005070091574452817
1,1,0.999610960483551
1,0,0.11368568241596222
1,1,0.9971163272857666
0,0,0.006596158258616924
0,0,0.0001708918425720185
1,1,0.9353252649307251
1,1,0.9903871417045593
0,0,5.474108183989301e-05
1,1,0.995046854019165
1,0,0.25766807794570923
1,0,0.3500056564807892
1,1,0.9366475343704224
0,0,0.005674972198903561
1,1,0.8341184258460999
0,0,0.009103149175643921
1,1,0.9581644535064697
1,1,0.9973280429840088
0,0,0.004742533899843693
1,1,0.9972479939460754
0,0,0.0021219844929873943
0,0,0.11030521988868713
0,0,0.06536258012056351
0,0,0.0019965018145740032
1,0,0.004083655308932066
0,0,0.23220278322696686
0,0,0.11151331663131714
0,0,0.0009077723370864987
0,0,0.0043031517416238785
0,0,0.0003587612300179899
0,0,0.0001277054543606937
0,0,0.00018153332348447293
1,1,0.851872980594635
0,0,7.267143519129604e-05
0,1,0.6245735287666321
0,0,4.132144749746658e-05
1,0,0.44629237055778503
0,0,0.0002119617274729535
1,1,0.9994544386863708
1,1,0.9851996898651123
0,0,5.3665968152927235e-05
1,1,0.9997246861457825
0,0,0.024404680356383324
0,0,4.105071639060043e-05
0,0,0.0005106338066980243
0,0,1.9475226508802734e-05
0,0,7.396782166324556e-05
0,0,3.931192622985691e-06
1,1,0.9979661703109741
1,1,0.5790929794311523
0,0,0.006990503054112196
1,1,0.9999071359634399
0,0,0.00016066862735897303
0,0,0.014049642719328403
0,0,0.0004849366669077426
0,0,1.3479271729011089e-05
1,0,0.46461617946624756
1,1,0.6906401515007019
1,1,0.9997548460960388
1,1,0.9839509725570679
1,1,0.9995855689048767
0,0,0.00022991365403868258
1,1,0.9999113082885742
0,0,0.0005690646939910948
0,0,2.0001982193207368e-05
1,1,0.9977977275848389
1,1,0.995345413684845
0,0,0.007998686283826828
1,1,0.9746429920196533
0,0,0.00030586434877477586
0,0,0.04926940053701401
0,0,0.022240405902266502
0,1,0.6622133851051331
1,1,0.9887252449989319
1,1,0.9989216327667236
1,1,0.9992824196815491
0,0,1.8390868717688136e-05
0,0,0.0071424031630158424
0,0,0.01722068339586258
0,0,0.00021151192777324468
0,0,0.0001574278430780396
1,1,0.9997476935386658
1,1,0.9981901049613953
0,0,0.00017647165805101395
0,1,0.5327770709991455
1,1,0.9981811046600342
1,1,0.9992356300354004
1,1,0.9963510036468506
1,1,0.9416170120239258
1,1,0.942430317401886
1,1,0.982459306716919
0,0,0.00045568650239147246
0,0,2.555564060457982e-05
0,0,7.85800330049824e-06
0,0,0.0006522667245008051
0,0,5.0205926527269185e-05
0,0,0.00013146920537110418
0,0,0.00010889919212786481
1,1,0.6344889998435974
1,1,0.9956998825073242
1,1,0.9711207151412964
0,0,0.03319002315402031
1,1,0.9987077713012695
0,0,0.00021384430874604732
1,0,0.040128957480192184
0,0,0.14135204255580902
1,0,0.05361643061041832
1,1,0.9996097683906555
0,0,8.099458500510082e-05
1,1,0.9996140599250793
0,0,0.08294165134429932
0,0,0.001442171516828239
0,0,0.00026080210227519274
0,0,4.791196624864824e-05
0,0,0.06037250533699989
0,0,0.000653376686386764
1,1,0.9891519546508789
0,1,0.9979783892631531
1,1,0.997990608215332
0,0,0.0003846327599603683
1,1,0.999849796295166
0,0,0.04627668112516403
0,0,0.04704105108976364
0,0,0.019097739830613136
0,0,0.07526665925979614
0,0,0.007007988169789314
1,1,0.9996769428253174
1,1,0.9999350309371948
1,1,0.9179622530937195
0,1,0.5959954261779785
0,0,0.00045451842015609145
1,1,0.7429202198982239
1,1,0.9964146614074707
0,0,0.019740141928195953
0,0,0.0006147141684778035
1,1,0.993314802646637
1,1,0.9978836178779602
0,0,0.005227743182331324
0,0,3.0074690585024655e-05
1,1,0.9944773316383362
0,0,6.145158295112196e-06
0,0,0.00027331849560141563
0,0,0.0006381213897839189
1,1,0.9941249489784241
0,0,2.7200629119761288e-05
0,0,0.0007105586118996143
0,0,5.252273695077747e-05
0,0,0.0015782327391207218
1,1,0.9993700385093689
0,0,5.618984505417757e-05
1,1,0.9993378520011902
0,0,0.004004868678748608
1,1,0.9916198253631592
1,1,0.966117262840271
0,0,0.0012504850747063756
0,0,0.00011703769268933684
1,1,0.9998196959495544
1,1,0.9997283816337585
0,0,0.2582653760910034
0,0,0.03811375051736832
0,0,0.0005072085186839104
1,1,0.9949613809585571
1,1,0.5926851034164429
0,0,0.011494243517518044
0,0,0.027887769043445587
1,1,0.9997560381889343
1,1,0.9999727010726929
0,0,0.021260583773255348
0,0,0.39640602469444275
0,0,0.0004404267529025674
1,1,0.9933345317840576
0,0,0.018541695550084114
0,0,0.0002332152216695249
0,0,0.15605175495147705
0,0,0.0051325601525604725
0,0,5.107258402858861e-05
0,0,0.30464720726013184
1,1,0.9984482526779175
0,0,0.15560480952262878
1,1,0.9976174235343933
0,0,3.402932998142205e-05
1,1,0.9983686804771423
0,0,0.020410284399986267
1,1,0.9979706406593323
0,0,0.0005156853003427386
1,1,0.9999620914459229
1,1,0.9995908141136169
0,0,0.036731231957674026
1,1,0.9973236322402954
0,0,2.7962929380009882e-05
1,1,0.9996055960655212
1,1,0.9993876218795776
1,1,0.9993888139724731
1,1,0.9990230798721313
1,1,0.9990376234054565
0,0,0.007682916708290577
0,0,0.009890477173030376
1,1,0.99905925989151
0,0,0.00019481890194583684
1,1,0.9997076392173767
1,1,0.9872207045555115
0,0,9.293246694141999e-05
1,1,0.9975689053535461
1,1,0.9998879432678223
0,0,0.029197964817285538
0,0,0.006591426208615303
1,1,0.9645772576332092
0,1,0.7630577087402344
0,0,0.01676252670586109
1,1,0.9980531930923462
1,1,0.9818311333656311
1,1,0.9509015083312988
0,0,0.00032088602893054485
0,0,9.567357483319938e-05
0,0,0.0017224835464730859
0,1,0.8436139822006226
1,0,0.005081996787339449
0,0,4.9470227168058045e-06
0,0,0.10072933882474899
1,1,0.9991827607154846
1,0,0.0576566606760025
1,1,0.9407878518104553
0,0,1.6185604181373492e-05
0,0,8.540137059753761e-05
1,1,0.9995939135551453
0,0,2.0900655727018602e-05
0,0,0.004115694668143988
0,0,4.065873508807272e-05
0,0,2.2999140128376894e-05
0,0,0.006485943216830492
0,0,0.0836799144744873
1,1,0.9980043768882751
1,1,0.9996708631515503
0,0,0.0010446745436638594
0,0,0.044167157262563705
1,1,0.9967004656791687
1,1,0.9989437460899353
1,1,0.9962989687919617
1,1,0.999387264251709
1,1,0.9735562801361084
0,0,3.294225098215975e-05
0,0,0.000839769549202174
1,1,0.963749885559082
1,1,0.946963906288147
0,0,0.00017473050684202462
1,1,0.9977355003356934
0,0,0.039896946400403976
1,1,0.7923538088798523
0,0,0.0004228056059218943
1,1,0.9685782194137573
1,1,0.9969332218170166
1,1,0.9991752505302429
0,0,0.00013054939336143434
0,0,0.00015757592336740345
0,0,0.0011081367265433073
0,0,0.003450866090133786
1,1,0.9881653785705566
1,1,0.6831279397010803
0,0,0.001688665128313005
0,0,3.2142303098225966e-05
1,0,0.019713666290044785
1,0,0.07519514858722687
0,0,0.007912605069577694
0,0,0.40596431493759155
0,1,0.504388689994812
1,1,0.9965403079986572
1,1,0.9996787309646606
0,0,0.0034154218155890703
1,1,0.9991963505744934
0,0,0.0918126329779625
0,0,0.020596681162714958
1,1,0.9500342011451721
1,1,0.9997977614402771
0,0,0.04118967056274414
0,0,8.163282473105937e-05
0,0,0.00019310746574774384
1,0,0.3522186279296875
1,1,0.9982776641845703
1,1,0.9045875668525696
0,0,0.0008295535808429122
0,0,0.0007103619864210486
1,1,0.9999066591262817
0,0,7.732127414783463e-06
0,0,0.13049878180027008
0,0,4.1842413338599727e-05
1,1,0.9952612519264221
1,1,0.9993288516998291
0,0,0.004323374014347792
0,0,0.0003637136542238295
0,0,0.05458619445562363
0,0,0.014576207846403122
1,1,0.9996213912963867
0,0,0.2820424735546112
1,1,0.9987764954566956
0,0,0.00043122662464156747
0,0,0.0020186486653983593
0,0,2.4386670702369884e-05
1,1,0.9997667670249939
1,1,0.9684929251670837
1,1,0.999643087387085
0,0,0.0010226385202258825
0,0,0.008037242107093334
0,0,0.002851561876013875
0,0,0.00816653948277235
0,0,1.6123134628287517e-05
1,0,0.02681998908519745
1,1,0.9998354911804199
1,1,0.9996895790100098
0,0,0.09617005288600922
0,0,9.806891466723755e-05
0,0,0.00032977492082864046
1,1,0.6013152599334717
1,1,0.999110996723175
1,1,0.9998633861541748
1,1,0.999293327331543
0,0,0.05558506026864052
0,0,0.0010385558707639575
0,0,0.00024106106138788164
1,0,0.014719751663506031
1,1,0.9992320537567139
0,0,0.00014732679119333625
1,1,0.9993288516998291
1,1,0.9999709129333496
0,0,0.00010328475036658347
1,1,0.9746934175491333
1,0,0.2024272084236145
0,0,0.0006086711073294282
0,0,0.000324717431794852
0,1,0.5394757986068726
1,1,0.9956966638565063
0,1,0.6226086616516113
1,1,0.9996515512466431
1,1,0.9911510348320007
1,1,0.9495049118995667
1,1,0.9978199005126953
0,0,0.0013837312581017613
0,0,7.253261719597504e-05
1,1,0.9986143112182617
0,0,8.129242814902682e-06
0,0,0.008091628551483154
0,0,0.0094823706895113
1,0,0.25439736247062683
0,0,0.318072110414505
1,1,0.9986670017242432
1,1,0.9987708926200867
1,1,0.999483585357666
0,0,0.022970283403992653
1,1,0.9944571256637573
1,1,0.9983483552932739
1,1,0.9998160004615784
0,0,3.3123626508313464e-06
1,1,0.9994181394577026
0,0,0.08570554107427597
0,0,0.0010199201060459018
1,1,0.9997660517692566
0,0,2.099220364470966e-05
0,0,0.022035831585526466
0,0,0.0007329523214139044
0,0,1.7911514078150503e-05
0,0,0.004332308191806078
1,1,0.8071503639221191
0,0,0.027313660830259323
0,0,0.00046127045061439276
0,0,0.17611612379550934
0,0,0.007874463684856892
0,0,1.1214972801099066e-05
0,0,0.00019294512458145618
0,0,0.002099117496982217
0,0,0.2789570987224579
0,0,0.015539825893938541
0,0,0.00027242820942774415
0,0,0.0001955920597538352
0,0,0.005750458687543869
0,0,0.00013192354526836425
0,0,0.1340901404619217
0,0,0.003891586558893323
1,1,0.9991100430488586
0,0,0.0001363324117846787
0,0,5.756825703429058e-05
0,0,0.0002998961426783353
0,0,0.00011790930875577033
0,0,2.558724554546643e-05
1,1,0.9998799562454224
1,1,0.7974885106086731
0,0,0.00011267342779319733
0,0,2.0239722289261408e-05
1,1,0.9995465874671936
0,0,7.751770317554474e-05
0,0,0.005181659013032913
0,0,0.0006242754170671105
0,0,5.334685920388438e-05
1,1,0.874767005443573
1,1,0.99994957447052
0,0,0.02610350213944912
1,0,0.13771936297416687
1,1,0.9993671774864197
0,0,0.0002186890778830275
1,1,0.676365077495575
1,1,0.9987711310386658
0,0,0.0017042428953573108
0,0,0.00013856080477125943
0,0,0.05154784768819809
0,0,7.841123078833334e-06
0,0,0.00032716794521547854
0,0,0.15282206237316132
0,0,0.04929708316922188
1,1,0.999985933303833
0,0,0.017326461151242256
1,1,0.9826292991638184
1,1,0.9947563409805298
1,1,0.9989845156669617
1,1,0.9663024544715881
0,0,0.07462965697050095
1,1,0.9926487803459167
1,1,0.9988389611244202
0,0,0.0006054011173546314
1,1,0.9998310804367065
1,1,0.9997740387916565
1,1,0.7732946276664734
1,1,0.9905412793159485
1,1,0.9985572695732117
1,1,0.9987092018127441
0,0,4.725297912955284e-05
1,1,0.9992693066596985
0,0,0.004100860096514225
0,0,0.09236370027065277
1,1,0.9962859153747559
1,1,0.9996010661125183
0,0,0.003118464956060052
1,1,0.9974749684333801
1,1,0.9979709982872009
1,1,0.9999469518661499
1,1,0.9540449380874634
1,1,0.9999383687973022
1,0,0.4022708237171173
1,1,0.9296903610229492
1,1,0.9769938588142395
1,1,0.9985283613204956
1,1,0.9995026588439941
0,0,0.014441709034144878
1,1,0.999923586845398
1,1,0.987900972366333
1,1,0.9993058443069458
1,1,0.859238862991333
1,1,0.9996161460876465
1,1,0.9999849796295166
1,1,0.953208863735199
1,0,0.45694398880004883
0,0,0.007563544902950525
0,1,0.9848532676696777
0,0,0.006332578603178263
1,1,0.9991639852523804
1,1,0.9986571073532104
1,1,0.9822279810905457
0,0,4.366253051557578e-05
1,1,0.9989815354347229
0,0,0.013015086762607098
0,0,0.007801915984600782
0,0,0.00016845764184836298
0,0,0.1498890221118927
1,1,0.7179301977157593
1,1,0.9998643398284912
1,1,0.9965858459472656
0,0,1.3243495232018176e-05
1,1,0.9999138116836548
0,0,0.0025210045278072357
0,0,0.0025224366690963507
0,0,9.546442015562207e-05
1,1,0.6038576364517212
0,0,1.378222896164516e-05
1,1,0.9994813799858093
1,1,0.9937441945075989
0,0,0.0003164613153785467
1,1,0.9977536797523499
0,0,0.06383829563856125
0,0,0.0005657802103087306
0,0,0.005903732497245073
1,1,0.9998337030410767
0,0,0.0012166347587481141
1,1,0.9999035596847534
1,1,0.9995304346084595
1,1,0.9914196729660034
1,1,0.9875965118408203
1,0,0.01843705028295517
1,1,0.9998737573623657
1,1,0.8807916641235352
1,1,0.9051154255867004
1,1,0.9999817609786987
1,1,0.999471127986908
0,0,7.056480535538867e-05
1,1,0.9999010562896729
0,0,0.00019989677821286023
1,1,0.9746164679527283
0,0,1.0185362043557689e-05
0,0,0.0022221114486455917
1,1,0.9929619431495667
1,1,0.9998760223388672
1,0,0.06058881804347038
0,0,0.1414259374141693
0,0,0.0001641591516090557
0,0,0.0014529548352584243
1,1,0.9730170965194702
0,0,0.000533261860255152
0,0,5.894225250813179e-05
0,0,0.0035045621916651726
0,0,0.0014197566779330373
0,0,2.764625423878897e-05
0,0,0.002180176554247737
0,0,2.279606087540742e-05
1,1,0.9987027645111084
1,1,0.999152660369873
0,0,0.13386087119579315
1,1,0.9931592345237732
0,0,0.0001974233891814947
1,1,0.98974609375
1,1,0.8414561748504639
1,1,0.9990614056587219
0,0,0.3087156116962433
1,1,0.9459462761878967
0,1,0.900016188621521
0,0,0.0007196890073828399
1,1,0.5569602847099304
0,0,0.0020475091878324747
1,1,0.7085285186767578
1,1,0.5130382776260376
1,1,0.9864175319671631
1,1,0.9653329253196716
0,0,0.00012227808474563062
0,0,0.00077286665327847
0,0,0.00011447267752373591
0,0,0.0001318348804488778
0,0,0.0016630199970677495
0,0,0.017380664125084877
0,0,0.00011210895172553137
1,1,0.8344652652740479
0,0,0.004763396456837654
1,1,0.9976816177368164
0,0,3.5645403841044754e-05
0,0,0.0075784241780638695
0,0,0.005284004844725132
0,1,0.5197467803955078
0,1,0.5461300611495972
1,1,0.9997945427894592
0,0,0.0024315512273460627
0,0,3.416094841668382e-05
0,0,7.023335001576925e-06
1,1,0.9943166375160217
1,1,0.7873541116714478
1,1,0.9996719360351562
0,0,0.004997743759304285
0,0,9.116219007410109e-05
1,1,0.9997239708900452
1,1,0.9996466636657715
1,1,0.9973912239074707
1,1,0.8963482975959778
1,1,0.9933834671974182
1,1,0.9998137354850769
0,0,0.001293462235480547
1,1,0.8562851548194885
0,0,0.021332966163754463
0,0,0.006814989726990461
1,1,0.9997549653053284
0,0,0.00023837550543248653
0,1,0.5040788650512695
1,1,0.9999669790267944
0,1,0.9576854109764099
0,0,0.0009480303851887584
1,1,0.7919446229934692
0,0,0.0007198814419098198
0,0,3.5961606045020744e-05
0,0,0.0011420350056141615
0,0,8.592061021772679e-06
1,1,0.9999616146087646
0,0,1.5230889403028414e-05
0,0,0.0001829999528126791
0,0,0.001025663805194199
1,1,0.9916778802871704
0,0,0.0005002836114726961
0,0,0.012268345803022385
1,0,0.018251005560159683
0,0,5.267287633614615e-06
0,1,0.9400733113288879
1,1,0.9830145835876465
1,1,0.9902432560920715
1,1,0.9982465505599976
1,1,0.9981362819671631
0,0,0.00796659104526043
1,1,0.9999415874481201
0,0,0.00033245841041207314
1,1,0.998746395111084
1,1,0.9999616146087646
1,1,0.9984334111213684
1,1,0.9997609257698059
1,1,0.9958561062812805
0,1,0.9910610318183899
1,1,0.9973209500312805
1,1,0.9073716402053833
0,0,0.025158148258924484
1,1,0.996415376663208
1,1,0.9912371635437012
0,0,0.0014207399217411876
1,1,0.9577239155769348
0,0,0.0005841300007887185
1,1,0.9995725750923157
0,0,8.425900887232274e-05
0,0,0.00021541905880440027
0,0,0.011371397413313389
0,0,0.002299848711118102
1,1,0.9972653388977051
0,0,0.18282943964004517
1,1,0.9974082112312317
0,0,0.008793294429779053
1,1,0.9999866485595703
1,1,0.9999446868896484
1,1,0.9993959665298462
1,1,0.9999526739120483
1,1,0.9994400143623352
1,1,0.9986457228660583
0,0,0.001045865472406149
0,0,5.075298304291209e-06
1,1,0.999292254447937
0,0,0.011272752657532692
1,1,0.998027503490448
0,0,0.0002791148435790092
0,0,0.00020520715042948723
0,0,0.009996138513088226
0,0,6.472712266258895e-05
0,0,4.10108441428747e-05
0,0,0.004759358707815409
1,1,0.9866641759872437
1,1,0.9995125532150269
1,1,0.9968844056129456
1,1,0.9984381794929504
0,0,0.07072152197360992
1,1,0.9993529915809631
1,1,0.9204203486442566
0,0,0.0006914323894307017
1,1,0.9967272281646729
1,1,0.8891076445579529
0,0,0.41641291975975037
0,0,2.6653073291527107e-05
0,0,0.003243597922846675
0,0,0.0005764232482761145
0,0,0.01390010491013527
1,1,0.9919813275337219
1,0,0.3551269769668579
0,0,6.196877802722156e-05
0,0,0.0008089638431556523
1,1,0.999404788017273
0,0,0.001955069601535797
0,0,0.000713798392098397
0,0,0.009295242838561535
1,1,0.9899200201034546
1,1,0.9912832975387573
0,0,0.00014688675582874566
1,1,0.9995964169502258
0,0,6.0906193539267406e-05
1,1,0.9985615611076355
0,0,0.00048234581481665373
0,0,9.23665938898921e-05
1,1,0.9997512698173523
1,1,0.9998711347579956
0,0,0.0006777493981644511
1,1,0.9937934875488281
0,1,0.9958525896072388
0,0,0.005859094206243753
1,1,0.9997095465660095
1,1,0.955180287361145
1,1,0.9980058073997498
1,1,0.9999369382858276
0,0,0.008583532646298409
0,0,0.00019165832782164216
1,1,0.9990756511688232
1,1,0.9984139204025269
0,1,0.9609324932098389
1,1,0.9946627616882324
0,0,0.0001158601080533117
1,1,0.9901276230812073
1,1,0.9352964162826538
0,0,0.0002042198902927339
0,0,0.08524376153945923
0,0,0.00012009800411760807
0,0,1.658422661421355e-05
0,0,0.0006143908249214292
0,0,1.1275962606305256e-05
1,1,0.9787590503692627
1,1,0.9964727759361267
0,0,6.533273699460551e-05
0,0,8.827915735309944e-06
0,0,0.0004673565272241831
0,0,0.005072554107755423
0,0,7.886404637247324e-05
0,0,0.00012917588173877448
1,1,0.9996998310089111
1,1,0.8138492703437805
0,0,0.005501369014382362
1,1,0.9983094930648804
0,0,8.179443830158561e-05
1,1,0.9686132073402405
0,0,0.0001245059393113479
1,1,0.9995445609092712
1,1,0.9980764389038086
1,0,0.09275569021701813
1,1,0.9992110729217529
1,1,0.9999390840530396
1,1,0.9998738765716553
1,1,0.9948992133140564
1,1,0.9999363422393799
0,0,6.324560672510415e-06
0,0,0.0003895782574545592
0,0,0.029079150408506393
1,1,0.9999620914459229
1,1,0.99983811378479
1,1,0.9847065806388855
1,1,0.9982650876045227
0,0,0.0017325347289443016
0,0,0.003221037331968546
1,1,0.9081138372421265
1,1,0.9881682991981506
0,0,0.00016365184274036437
1,1,0.9992918968200684
0,0,0.0006423802115023136
0,1,0.6153438687324524
1,1,0.9978957176208496
1,1,0.999700665473938
0,0,0.0006038555293343961
0,0,0.08833969384431839
0,0,0.00011059387907152995
0,0,0.04553624242544174
1,1,0.9995942711830139
0,0,0.0004880417254753411
0,0,6.063064211048186e-05
0,1,0.8463350534439087
0,0,0.0031779517885297537
0,0,0.002119343960657716
0,0,0.0002646319044288248
0,0,0.0012496713316068053
1,0,0.032378580421209335
0,0,0.00047693008673377335
0,0,9.877107913780492e-06
0,0,0.00021082533930893987
0,0,0.0003284555277787149
0,0,0.0004278777341824025
0,0,0.015050537884235382
1,1,0.9998946189880371
1,1,0.9994439482688904
0,0,0.00034536528983153403
0,0,0.016397632658481598
0,0,5.38495478394907e-05
1,1,0.9995922446250916
0,0,0.0004409119428601116
0,0,0.0006149359396658838
1,1,0.9975123405456543
0,0,0.0037227501161396503
0,0,4.830522811971605e-06
0,0,0.00036587120848707855
0,0,0.12213399261236191
1,1,0.998640239238739
0,0,7.920002099126577e-05
1,1,0.9999880790710449
1,1,0.9960256814956665
1,1,0.9989839196205139
0,0,0.0016691643977537751
1,1,0.5272965431213379
1,1,0.9993300437927246
0,1,0.655474841594696
1,1,0.9986281394958496
0,0,0.18245194852352142
1,1,0.8060252666473389
1,1,0.9179829359054565
1,1,0.9788678884506226
0,0,0.0008941592532210052
1,1,0.9985526204109192
1,1,0.9946919083595276
1,1,0.9961424469947815
0,0,0.0028709687758237123
0,1,0.8215013146400452
1,1,0.9999678134918213
0,0,0.00016895953740458935
0,0,0.0002540597051847726
1,1,0.9956887364387512
1,1,0.9999544620513916
0,0,5.720370609196834e-06
1,1,0.9873320460319519
0,0,0.004899194929748774
0,1,0.9943723678588867
0,0,0.028178062289953232
0,1,0.7471711039543152
0,0,0.00013286140165291727
0,0,0.12847352027893066
0,0,0.00293801911175251
1,1,0.9986584186553955
1,1,0.9999940395355225
1,1,0.9691250920295715
0,0,0.0007662479183636606
0,0,0.00017558227409608662
0,0,0.016338948160409927
0,0,0.003034711815416813
0,0,0.00014171359362080693
0,1,0.8256423473358154
0,0,1.6434576082247077e-06
1,1,0.9999423027038574
0,0,0.001817322918213904
0,0,0.00019751339277718216
1,1,0.9938706159591675
0,0,0.0004287191550247371
0,0,0.0005566684994846582
0,0,0.0012205058010295033
0,0,0.0003784193831961602
1,0,0.004720568191260099
0,0,0.13667786121368408
0,0,0.05277559533715248
0,0,0.00028136823675595224
0,0,0.0010163694387301803
0,0,6.289753946475685e-05
1,1,0.9699769616127014
1,1,0.9997357726097107
0,0,1.744649671309162e-05
0,0,0.00023636127298232168
1,1,0.9821656346321106
0,0,0.00033483258448541164
1,1,0.9993347525596619
0,0,1.4354386621562298e-05
1,1,0.9988308548927307
0,1,0.7837890982627869
1,0,0.48448440432548523
1,1,0.99637371301651
0,0,0.35116225481033325
1,1,0.9988215565681458
0,0,0.0004964697291143239
1,1,0.9996911287307739
0,1,0.8974654078483582
1,1,0.9899277091026306
1,1,0.9185841679573059
0,0,0.00040394242387264967
0,0,2.1150750399101526e-05
1,1,0.9984177350997925
1,1,0.9994497895240784
1,1,0.9960777163505554
0,0,6.13412557868287e-05
1,1,0.9978371262550354
1,1,0.999869704246521
1,1,0.9988390803337097
0,0,0.012271558865904808
0,0,0.0006225650431588292
0,0,8.383812200918328e-06
1,1,0.9992571473121643
0,0,8.130598143907264e-05
0,1,0.912114143371582
1,1,0.9993571639060974
0,0,0.0007242874708026648
0,0,0.025441696867346764
1,1,0.999779999256134
0,0,0.28894707560539246
0,0,0.00011476811050670221
1,1,0.9991999268531799
0,0,1.6497184333275072e-05
0,0,0.0006698096403852105
0,0,0.00010682357242330909
1,1,0.9997462630271912
1,1,0.9981017708778381
0,0,0.00013785639021079987
1,1,0.9772427678108215
1,1,0.9994040727615356
1,1,0.9903175830841064
0,0,0.006816784385591745
1,1,0.9996503591537476
1,1,0.9998787641525269
1,1,0.8625092506408691
0,0,0.09290225803852081
0,0,0.0450826995074749
0,0,0.022378060966730118
1,1,0.9207796454429626
0,0,0.00030341799720190465
0,0,0.008186019957065582
0,0,0.26919788122177124
0,0,0.02120736800134182
0,0,0.007914281450212002
0,0,0.012399697676301003
1,1,0.9999074935913086
0,0,0.0007645447622053325
1,1,0.9993233680725098
1,1,0.9999202489852905
1,1,0.9999586343765259
1,1,0.9999392032623291
0,0,0.0011207397328689694
1,1,0.9996496438980103
1,1,0.9937722086906433
0,0,0.0012042067246511579
1,1,0.999104917049408
0,0,0.0008235277491621673
0,0,0.0024435727391391993
1,1,0.9996135830879211
1,1,0.9994901418685913
1,1,0.9998587369918823
0,0,0.017881225794553757
0,0,0.00012204593076603487
0,0,0.012167940847575665
1,1,0.9995946288108826
0,0,0.10421132296323776
1,1,0.999962329864502
1,1,0.9999816417694092
0,0,0.02526700124144554
1,1,0.99720299243927
1,1,0.9998120665550232
0,0,0.12644638121128082
1,1,0.9960933327674866
0,0,0.00925977248698473
1,1,0.9988131523132324
0,0,0.008022149093449116
0,0,0.20478548109531403
1,1,0.9942482709884644
1,1,0.9999489784240723
1,1,0.999129593372345
1,1,0.995630145072937
1,1,0.9987592697143555
1,0,0.06780411303043365
1,1,0.9999457597732544
1,1,0.9996054768562317
1,1,0.9999920129776001
1,1,0.9825778603553772
1,1,0.999964714050293
1,1,0.9995429515838623
1,1,0.9997286200523376
1,1,0.9998189806938171
1,1,0.9998447895050049
1,1,0.999861478805542
1,1,0.9985117316246033
1,1,0.9981878399848938
1,1,0.9984269142150879
1,1,0.887230396270752
1,1,0.9991610050201416
0,0,0.004401462152600288
1,1,0.9998443126678467
1,1,0.9957292675971985
0,0,4.515271939453669e-06
1,0,0.43688181042671204
1,1,0.9997991919517517
1,1,0.9997093081474304
1,1,0.999148964881897
0,0,0.0001255980896530673
0,0,0.00012460796278901398
0,0,0.0018236709292978048
0,0,0.2326803356409073
1,1,0.9998089671134949
1,1,0.9930530190467834
0,0,0.0037329101469367743
0,0,6.410527930711396e-06
0,1,0.5391451716423035
1,1,0.9622083306312561
1,1,0.9999574422836304
0,0,5.368020083551528e-06
0,0,1.0097891390614677e-05
0,0,0.002625915687531233
0,0,1.635323314985726e-05
1,1,0.9965366125106812
1,1,0.9920502305030823
1,1,0.9458045363426208
1,1,0.9995841383934021
1,1,0.9987249970436096
1,1,0.9999171495437622
1,1,0.991654634475708
0,0,6.590692646568641e-05
0,0,0.0006813126383349299
1,1,0.9977582693099976
0,0,0.0001022824872052297
0,0,0.007090084720402956
1,1,0.9995775818824768
0,0,0.23664361238479614
1,1,0.6947441101074219
1,0,0.06626152992248535
1,1,0.8119123578071594
0,0,0.00024593627313151956
0,0,0.00017856271006166935
1,1,0.9746355414390564
0,0,0.20887531340122223
1,0,0.033411771059036255
1,1,0.9148184657096863
1,1,0.9999192953109741
1,1,0.9995386600494385
0,0,0.0012393821962177753
1,1,0.9998557567596436
0,0,0.002459067851305008
1,1,0.9999457597732544
0,0,0.00012073619291186333
0,0,0.0029222615994513035
0,0,0.0005122793954797089
1,1,0.99997878074646
0,0,0.00010473436122993007
0,0,0.00034358614357188344
1,1,0.9990660548210144
1,1,0.9969484210014343
1,1,0.9971436858177185
0,0,0.00027214345755055547
0,0,0.008670876733958721
0,0,0.0020707694347947836
0,0,0.13677793741226196
0,0,0.0003003688179887831
1,1,0.9990442395210266
1,1,0.9996662139892578
1,1,0.9928834438323975
0,0,0.00014985911548137665
0,0,4.0388531488133594e-05
1,1,0.9928702712059021
0,0,0.0037049076054245234
1,1,0.9887218475341797
0,0,0.00027707620756700635
0,0,7.486750291718636e-06
0,0,6.0800055507570505e-05
0,0,0.007159126922488213
0,0,5.423993115982739e-06
0,0,4.227072167850565e-06
0,0,0.00011330565757816657
1,1,0.9997356534004211
0,0,0.06484567373991013
0,0,0.0001357004075543955
1,1,0.9841858744621277
1,1,0.9825101494789124
0,0,0.00017396728799212724
0,0,0.00024930809740908444
0,0,0.00032638318953104317
0,0,2.61099157796707e-05
1,1,0.9927517175674438
1,1,0.9355983734130859
0,0,0.0008483479032292962
1,1,0.9960916638374329
0,0,0.00046999953337945044
0,0,3.4976974347955547e-06
0,0,4.100220030522905e-05
0,0,1.0437603123136796e-05
1,1,0.8437967300415039
1,1,0.9966989159584045
0,0,8.936219819588587e-05
1,1,0.9998836517333984
0,0,0.0032719371374696493
0,0,0.0011069613974541426
1,1,0.9980127811431885
0,0,0.003738745115697384
1,1,0.9979853630065918
0,0,0.00035044862306676805
1,1,0.9999493360519409
1,1,0.9839913845062256
0,0,0.0007049150299280882
1,1,0.9980313181877136
0,0,0.0012992288684472442
0,0,0.0012022582814097404
0,0,0.00045892997877672315
0,0,5.849852823303081e-05
1,1,0.9763774275779724
0,0,0.006930724252015352
0,0,0.0001335327688138932
0,0,0.007855245843529701
0,0,0.002530168741941452
1,1,0.9998998641967773
1,1,0.9988138675689697
1,1,0.9998688697814941
1,1,0.9999407529830933
0,0,4.233395884511992e-05
1,1,0.9538299441337585
0,0,3.268907676101662e-05
1,1,0.9977806210517883
0,0,0.0006944669294171035
0,0,0.0002790413855109364
0,0,0.008480831049382687
0,0,0.015303091146051884
0,0,0.0008265619981102645
0,0,2.1619571271003224e-05
1,1,0.9999667406082153
1,1,0.9986140727996826
0,0,0.3093583583831787
1,1,0.9980852603912354
0,0,0.0002403592225164175
1,1,0.592788577079773
1,0,0.013917519710958004
0,0,0.0003416304534766823
0,0,0.03577476739883423
0,0,3.0181685360730626e-05
0,0,0.0001284053869312629
0,0,0.000404271821025759
1,1,0.9996359348297119
0,0,0.011595209129154682
1,1,0.9786592125892639
0,0,9.199389023706317e-05
1,1,0.9996715784072876
1,1,0.9998613595962524
1,1,0.9985080361366272
0,0,0.14898395538330078
1,1,0.9996854066848755
1,1,0.9996144771575928
1,1,0.9998200535774231
1,1,0.9953666925430298
1,1,0.6366996169090271
1,1,0.9942083358764648
0,0,0.0007458977634087205
1,1,0.9995525479316711
0,0,0.002292793709784746
1,1,0.999953031539917
0,0,0.014170892536640167
0,0,7.274049949046457e-06
1,1,0.9998992681503296
1,1,0.9982210993766785
0,0,0.00026126005104742944
0,0,2.8543898224597797e-05
1,1,0.999914288520813
1,1,0.7934533953666687
0,0,0.0002484429569449276
0,0,0.00021950188966002315
1,1,0.999687671661377
0,0,0.00033468863693997264
0,0,6.96221468388103e-05
0,0,0.0002792671148199588
1,1,0.999764621257782
0,0,0.00035874772584065795
1,1,0.9948282837867737
1,1,0.9932910203933716
0,0,0.005776720587164164
1,1,0.7300114035606384
0,0,0.0007712020887993276
1,1,0.9878073334693909
0,0,0.00014464801643043756
1,1,0.9963334798812866
1,1,0.9817929863929749
0,0,0.004776754416525364
1,1,0.9999312162399292
1,1,0.9998646974563599
1,1,0.999666690826416
1,1,0.99652099609375
1,1,0.99941086769104
1,1,0.9993182420730591
0,0,1.5848216207814403e-05
0,0,0.004580468870699406
0,1,0.9992173910140991
0,0,0.00011254994751652703
0,0,9.109536040341482e-05
1,1,0.9976947903633118
1,1,0.9997623562812805
0,0,0.00237663765437901
0,0,0.00010878876491915435
0,0,0.00016260967822745442
0,0,0.0004565830749925226
0,0,0.0004523117677308619
1,1,0.5889284610748291
0,0,0.00019666321168188006
1,1,0.9800993800163269
0,0,0.001710471697151661
1,1,0.9995367527008057
0,0,0.030430348590016365
0,0,0.004227079451084137
0,0,6.296247011050582e-05
1,0,0.3939336836338043
1,1,0.9998576641082764
0,0,0.0006815529777668417
0,0,9.303833940066397e-05
1,1,0.9980617165565491
1,1,0.9955262541770935
1,1,0.9924012422561646
0,0,5.226482971920632e-05
1,1,0.9548534154891968
1,1,0.9979658126831055
1,1,0.9861045479774475
0,0,0.00021144357742741704
0,0,0.00010431712871650234
0,0,0.003531190101057291
1,1,0.9995507597923279
1,1,0.9995918869972229
0,0,0.0032331207767128944
0,0,2.5617129722377285e-05
0,0,0.00021476586698554456
1,1,0.8118831515312195
0,0,0.0005287000676617026
1,0,0.18055178225040436
0,0,0.0005780763458460569
1,1,0.9997966885566711
1,1,0.9835470914840698
0,0,0.004268043674528599
1,1,0.8560966849327087
0,0,0.017622821033000946
1,1,0.9995993971824646
0,0,0.0004508993006311357
0,0,7.88951147114858e-05
1,1,0.9998045563697815
0,0,0.0014161316212266684
1,0,0.14197681844234467
1,1,0.9996150732040405
0,0,0.0003947187797166407
1,1,0.9999784231185913
0,0,2.6943414923152886e-05
1,1,0.999943733215332
1,1,0.999552309513092
1,1,0.9999333620071411
1,1,0.9999599456787109
0,0,0.0003287077124696225
1,1,0.9993792772293091
0,0,0.00026087500737048686
0,0,3.957558874390088e-05
0,0,6.668287824140862e-05
0,0,0.005338288377970457
1,1,0.9988957643508911
1,1,0.9980400204658508
1,1,0.9981791973114014
0,0,6.316405688266968e-06
1,1,0.9995941519737244
1,1,0.9987980127334595
0,0,0.0001552160392748192
0,0,0.00012589931429829448
1,1,0.9993875026702881
0,0,0.006917146500200033
1,1,0.9974364638328552
1,1,0.982452392578125
0,0,0.0004151061875745654
1,0,0.2788296043872833
0,0,0.0007254898664541543
1,1,0.9986295700073242
0,0,8.238607551902533e-05
0,0,0.00010164747072849423
0,0,1.8042199371848255e-05
0,0,1.7775684682419524e-05
1,1,0.7753033638000488
1,1,0.5535776615142822
0,0,0.0016324393218383193
0,0,0.0003850025241263211
1,1,0.9992693066596985
0,0,0.06431569159030914
0,0,0.0012900192523375154
1,1,0.9995905756950378
0,0,0.00010279563866788521
0,0,0.1342196762561798
0,0,0.0058320011012256145
0,0,3.9609796658623964e-05
0,0,0.00011141356662847102
0,0,0.030037088319659233
0,0,0.0028325081802904606
1,1,0.9981702566146851
0,0,0.00040471256943419576
1,1,0.9995951056480408
1,1,0.9994869232177734
0,0,0.0019369838992133737
0,0,0.0010728177148848772
0,0,0.003738681087270379
1,1,0.9995872378349304
1,1,0.837647557258606
1,1,0.9998637437820435
0,0,0.0012961055617779493
0,0,1.3354136171983555e-05
1,1,0.9805739521980286
0,0,0.0001954043545993045
0,0,0.0001307133206864819
0,0,9.760272951098159e-05
0,0,0.0005874287453480065
1,1,0.9998326301574707
0,0,9.46260570344748e-06
0,0,0.00029834703309461474
1,1,0.999977707862854
0,0,0.025052184239029884
1,1,0.9979321956634521
1,1,0.9996182918548584
1,1,0.9665388464927673
1,1,0.9979997277259827
0,0,2.0585615857271478e-05
1,1,0.9997755885124207
0,0,0.005622413940727711
1,1,0.9205426573753357
0,0,0.014690570533275604
0,0,0.025003714486956596
0,0,4.837041160499211e-06
0,0,8.321307177538984e-06
0,0,0.01068026665598154
0,0,0.002357889898121357
1,1,0.9994271993637085
0,0,0.00011144258314743638
0,0,0.010896447114646435
0,0,0.0009635657770559192
0,0,0.000918290636036545
0,0,2.7726786356652156e-05
0,0,0.00017533716163598
0,0,0.023962058126926422
0,0,0.0004904932575300336
0,0,0.0021370721515268087
0,0,0.04825485497713089
1,1,0.9936175346374512
0,1,0.6660675406455994
0,0,4.8602955757814925e-06
0,0,0.0352628156542778
0,1,0.6789736151695251
1,1,0.8112760186195374
1,1,0.8962050080299377
1,1,0.9683501124382019
1,1,0.9988715052604675
1,1,0.9930362105369568
0,0,0.45453065633773804
0,1,0.7214025855064392
0,0,0.00027370807947590947
0,0,0.08377145230770111
1,1,0.9932485818862915
0,0,0.0027220593765378
0,0,0.007990325801074505
0,0,0.27127206325531006
0,0,0.02014854922890663
0,0,0.00031671792385168374
0,0,0.001726254471577704
0,0,0.0015891569200903177
1,1,0.9972814321517944
1,0,0.41228532791137695
0,0,0.004619020037353039
0,0,0.0035049356520175934
1,1,0.6036773920059204
0,0,0.0017141804564744234
1,0,0.009689689613878727
0,0,0.01942739263176918
0,0,0.007088704966008663
0,0,0.08326097577810287
1,0,0.027357837185263634
1,1,0.999072790145874
0,0,0.01575642079114914
1,1,0.9366304874420166
1,0,0.012930285185575485
1,1,0.9969940185546875
1,1,0.6192635893821716
0,0,0.0014486215077340603
1,1,0.9765347242355347
1,1,0.9983441829681396
0,0,0.02239990048110485
1,1,0.999972939491272
1,1,0.9998188614845276
0,0,0.43732503056526184
0,0,0.04732309654355049
0,0,0.0014173985691741109
1,1,0.9971469044685364
0,0,0.1903771311044693
0,0,7.4573281381162815e-06
1,1,0.993263840675354
1,1,0.7695851922035217
1,1,0.9993627667427063
0,0,0.008862872608006
1,1,0.994828999042511
0,0,0.0007120771333575249
0,0,0.00015853747026994824
1,1,0.9996768236160278
1,1,0.9901490211486816
0,0,0.008200992830097675
0,0,0.031361173838377
1,0,0.06657321751117706
0,0,0.00466585997492075
0,0,0.04124801233410835
1,1,0.9998786449432373
0,0,0.00019579115905798972
1,1,0.8720576167106628
1,1,0.5295193195343018
0,0,3.9245907828444615e-05
0,0,0.0030140592716634274
1,1,0.9993521571159363
0,0,0.006684677209705114
0,0,0.00013616352225653827
0,0,0.00015558188897557557
1,1,0.9967678785324097
1,1,0.9993732571601868
0,0,0.012178118340671062
1,1,0.9996159076690674
1,1,0.999981164932251
1,1,0.854072630405426
1,1,0.9994926452636719
1,1,0.9996163845062256
0,0,0.00013480291818268597
1,0,0.03683061897754669
0,0,0.00014679365267511457
0,0,0.002047852147370577
0,0,0.0003009093925356865
0,0,0.005980658810585737
0,0,0.0001508867571828887
1,1,0.9999262094497681
1,1,0.9996079802513123
0,0,0.0063903010450303555
1,1,0.9991342425346375
0,0,0.00014851425657980144
0,0,0.00022298605472315103
0,0,0.0004791713727172464
1,1,0.999058187007904
0,0,5.940845312579768e-06
1,1,0.9841782450675964
1,1,0.9991880059242249
1,1,0.9995679259300232
1,1,0.9997546076774597
1,1,0.9998779296875
0,0,0.0005702950875274837
0,0,0.0003848069754894823
0,0,0.0003408147895243019
1,1,0.8827598094940186
1,1,0.9994354844093323
0,0,0.00013576963101513684
1,1,0.980435848236084
1,1,0.978409469127655
0,0,0.001340722432360053
1,1,0.9999483823776245
0,0,0.0799214169383049
1,1,0.9999181032180786
0,0,0.003618015442043543
1,0,0.11315781623125076
1,1,0.999788224697113
1,1,0.9990984201431274
0,0,0.00023558958491776139
1,1,0.9739668369293213
1,1,0.9997738003730774
1,1,0.6093234419822693
1,1,0.9999973773956299
0,0,0.0002032335032708943
0,0,0.13331088423728943
0,0,0.001109756762161851
0,0,0.007436512503772974
1,1,0.9966051578521729
0,0,6.35029482509708e-06
0,0,4.3829484638990834e-05
0,0,0.045206788927316666
0,0,0.00018916919361799955
0,1,0.5462113618850708
0,0,0.0014318000758066773
0,0,6.47542838123627e-05
0,0,0.006149228662252426
0,0,0.0006659561186097562
0,0,9.481701999902725e-05
1,1,0.998383641242981
1,1,0.9996312856674194
0,0,0.04248044639825821
0,0,0.0008041441906243563
1,1,0.9993922710418701
0,0,0.0002469122700858861
1,1,0.6388373970985413
0,0,0.23428593575954437
1,1,0.9992884397506714
0,0,0.017611432820558548
0,0,0.018938159570097923
0,0,0.000292277050903067
0,0,0.0008247033110819757
1,1,0.9991127848625183
1,1,0.9994481205940247
0,0,6.280619709286839e-05
0,0,0.0012234278256073594
1,1,0.9989675283432007
1,0,0.005919292569160461
0,0,0.007685440126806498
1,1,0.9995772242546082
1,1,0.9941244721412659
0,0,0.010647225193679333
0,0,1.5888097095739795e-06
0,0,5.601250904874178e-06
0,0,4.2711038986453786e-05
0,0,0.14482556283473969
1,1,0.9993896484375
0,0,5.543639417737722e-06
1,1,0.9960628151893616
1,0,0.005402747076004744
1,1,0.9964402318000793
0,0,0.0024288601707667112
1,1,0.9999274015426636
0,0,0.0008473399793729186
1,1,0.9977959394454956
0,0,3.488649554128642e-06
1,1,0.9992172718048096
1,1,0.9986507296562195
0,0,0.0006859213463030756
0,0,0.0017691447865217924
0,0,6.249421130632982e-05
0,0,0.0012933341786265373
0,0,0.0021433173678815365
1,1,0.9938179850578308
0,0,3.230701986467466e-05
0,0,0.005093705840408802
1,1,0.9590750932693481
1,1,0.9921717643737793
0,0,0.00040284451097249985
1,1,0.9946617484092712
0,0,0.00033308591810055077
0,0,0.0002570370561443269
1,1,0.9999310970306396
1,1,0.998956561088562
0,0,0.00018512368842493743
0,0,6.990685506025329e-06
0,0,0.0054573072120547295
1,1,0.9987961053848267
0,0,0.4396160840988159
0,0,0.0005513011710718274
1,1,0.9970126152038574
0,0,0.0008703835192136467
0,1,0.8983922004699707
0,1,0.9931782484054565
0,0,1.4635067600465845e-05
1,1,0.9951981902122498
0,0,8.162258382071741e-06
0,0,2.222658986283932e-05
1,1,0.9877527952194214
0,0,0.4677172899246216
0,0,0.00023801009228918701
1,1,0.9709941744804382
1,1,0.9997568726539612
0,0,0.14740115404129028
1,1,0.999945878982544
1,0,0.2123289853334427
0,0,0.0029695951379835606
0,0,0.0014214942930266261
1,1,0.9965233206748962
0,0,0.012400452047586441
1,1,0.9999133348464966
0,0,0.007711188867688179
0,0,0.002076289150863886
1,1,0.9994398951530457
0,0,0.0026853724848479033
0,0,3.1643845431972295e-05
1,1,0.9978623986244202
0,0,1.463993044126255e-06
0,0,0.018347449600696564
1,1,0.8685925602912903
0,0,0.0029387762770056725
0,0,0.008476870134472847
0,0,0.00013556136400438845
1,1,0.9990407824516296
1,1,0.9522475004196167
1,1,0.9991414546966553
0,0,0.0013251069467514753
0,0,2.3891270757303573e-05
0,0,1.0354412552260328e-05
1,1,0.9867550730705261
0,0,4.403002458275296e-05
0,0,1.307655475102365e-05
0,0,0.0007979627116583288
1,0,0.19533653557300568
0,0,0.06236303970217705
1,1,0.9029756784439087
0,0,0.07230185717344284
0,0,0.019676316529512405
1,1,0.9960667490959167
1,1,0.9993314743041992
0,0,0.0004644166328944266
0,0,5.250911999610253e-05
1,0,0.3102870583534241
1,1,0.9944785833358765
1,1,0.9818668365478516
1,1,0.9200094938278198
1,1,0.9948680400848389
0,0,0.007629259955137968
1,1,0.9987780451774597
0,0,0.000250687706284225
0,0,0.00014630233636125922
0,0,0.38185811042785645
0,0,0.00013409343955572695
0,0,0.00014429631119128317
0,0,0.00037293907371349633
0,0,8.686925866641104e-06
1,1,0.9997804760932922
0,0,0.4227423369884491
0,0,0.000805956544354558
1,1,0.9998323917388916
0,0,0.01937163434922695
1,1,0.9999632835388184
0,1,0.5301460027694702
0,0,0.13448527455329895
0,0,0.00011231310054427013
1,1,0.9989094734191895
0,0,0.012100237421691418
0,0,0.0015251792501658201
1,1,0.999243974685669
0,0,6.848703196737915e-05
1,1,0.9973403811454773
0,0,0.0001355779095320031
0,0,3.520921018207446e-05
1,0,0.27215999364852905
1,1,0.9849634766578674
1,1,0.9996427297592163
1,1,0.8226940631866455
0,0,0.041222117841243744
0,0,0.00047725639888085425
0,0,0.006032987497746944
1,1,0.9950711727142334
1,1,0.9999567270278931
1,1,0.9992026686668396
0,0,7.463504880433902e-05
0,1,0.5341010093688965
0,0,0.002482430310919881
0,0,0.07307665795087814
0,0,1.7871501768240705e-05
0,0,2.4710505385883152e-05
0,0,6.65450279484503e-05
1,1,0.999934196472168
0,0,0.061514101922512054
1,1,0.9973719120025635
0,0,0.027416180819272995
0,0,8.590827201260254e-05
0,0,0.025734219700098038
0,0,0.06523190438747406
0,0,0.06030312925577164
0,0,1.3516396393242758e-05
0,1,0.920577347278595
0,0,0.0009570741676725447
0,0,0.009313482791185379
0,0,0.0009125968208536506
1,1,0.9970754384994507
1,1,0.9999892711639404
1,1,0.9998525381088257
0,0,0.026731647551059723
1,1,0.999810516834259
0,0,0.00019996959599666297
0,0,0.00013861180923413485
0,0,0.00034121988574042916
0,0,0.00046688810107298195
0,0,0.0005670778336934745
1,1,0.9971445202827454
0,0,3.804179414146347e-06
0,0,0.00017718739400152117
1,1,0.9889160394668579
0,0,0.011731501668691635
0,0,8.730280387680978e-05
0,0,0.0018910346552729607
1,1,0.966402530670166
1,1,0.9995617270469666
1,1,0.9778328537940979
0,0,0.005561371799558401
0,0,0.30993691086769104
1,1,0.9577425122261047
1,1,0.9799395799636841
1,1,0.997844934463501
1,0,0.004693497903645039
0,0,0.007033674977719784
0,0,0.40694406628608704
0,0,0.003615838009864092
1,1,0.991101861000061
0,0,5.9861944464500993e-05
0,1,0.8155613541603088
0,0,0.004405885934829712
1,1,0.8898900151252747
0,0,0.00010628779273247346
0,0,0.0002711215056478977
1,1,0.9983249306678772
0,0,2.3227847123052925e-05
0,0,0.00038965922431088984
0,0,0.00014488738088402897
1,1,0.6817022562026978
0,0,0.0010052104480564594
1,1,0.9962567090988159
0,0,0.0013262925203889608
1,1,0.7220296263694763
0,0,7.102577365003526e-05
1,0,0.022739088162779808
0,1,0.8016290068626404
0,0,1.0460173143655993e-05
1,1,0.9999418258666992
0,0,0.0007945377146825194
0,0,3.041848913198919e-06
0,0,0.0010917738545686007
0,0,0.00011052935587940738
0,0,0.0055977473966777325
1,0,3.0016552045708522e-05
1,1,0.9985182881355286
0,0,1.0521486046854989e-06
1,1,0.928292989730835
0,0,2.230950485682115e-06
0,0,0.00032784862560220063
0,0,1.5891180737526156e-05
1,1,0.9960415363311768
0,0,0.0008768614497967064
1,1,0.9996809959411621
1,1,0.9353067278862
0,0,0.013408073224127293
0,0,0.00011259094753768295
1,1,0.9979670643806458
1,1,0.9795095324516296
1,1,0.9996778964996338
0,0,8.840022201184183e-05
0,0,0.006526285316795111
0,0,0.0012937781866639853
0,0,0.0005630613304674625
0,0,3.7862813769606873e-05
0,0,6.747447059751721e-06
0,1,0.6255950927734375
0,0,0.0006450542132370174
0,0,0.007137177977710962
0,0,0.00036727412953041494
0,0,0.00045619934098795056
1,1,0.691525936126709
0,0,0.0006232686573639512
0,0,0.002503887051716447
0,0,0.000150925901834853
1,1,0.999518632888794
0,0,0.0018407718744128942
0,0,0.010769153945147991
0,0,0.0006337333470582962
1,1,0.9998412132263184
0,0,0.0001555523631395772
1,1,0.9999420642852783
1,1,0.9927230477333069
0,0,0.07347872853279114
1,1,0.9972659349441528
0,0,0.34023112058639526
1,1,0.9996600151062012
1,1,0.9999872446060181
1,1,0.9997413754463196
0,0,0.005234030075371265
1,1,0.9949252605438232
0,0,0.00045139819849282503
0,0,0.004820146132260561
0,0,0.0001123502806876786
0,0,1.2804253856302239e-05
0,0,5.1725557568715885e-05
1,1,0.9991770386695862
0,0,1.2356802471913397e-05
1,1,0.9999408721923828
0,0,0.0010314711835235357
0,0,0.0003615802270360291
0,0,0.001334105501882732
1,1,0.9999152421951294
1,1,0.9169676303863525
1,1,0.9999221563339233
0,0,0.07112938165664673
1,1,0.9983615279197693
1,1,0.9831560850143433
0,0,9.535207209410146e-05
1,1,0.9998190999031067
1,1,0.998674750328064
0,0,0.09301477670669556
1,1,0.9997720122337341
1,1,0.9998911619186401
1,1,0.9962769150733948
0,0,0.0006939631421118975
1,1,0.9801063537597656
0,0,0.0037773598451167345
1,1,0.9973095655441284
0,0,0.03312735632061958
0,0,0.0014866323908790946
0,0,0.0008021810790523887
1,1,0.9961863160133362
1,1,0.9861867427825928
0,0,0.11478812992572784
0,0,0.004334962461143732
1,1,0.9968757629394531
0,0,4.4289514335105196e-05
0,0,0.00011699049355229363
0,0,0.007065739016979933
1,1,0.9981452226638794
1,1,0.8836784958839417
0,0,0.0006469063810072839
0,0,1.7332486095256172e-05
1,1,0.998971700668335
0,0,0.00020942551782354712
1,1,0.9977473616600037
1,1,0.8776273727416992
0,0,0.02225160226225853
1,1,0.9835589528083801
1,1,0.99834144115448
0,0,0.005934590008109808
0,0,0.00020102027337998152
0,0,9.110486644203775e-06
0,0,0.0005934224463999271
1,1,0.9996676445007324
0,0,4.361562605481595e-05
1,1,0.9998953342437744
0,0,0.0002594257239252329
1,1,0.9568329453468323
1,1,0.9990654587745667
0,0,0.0025813262909650803
0,0,0.0011177250416949391
1,1,0.9922885298728943
0,0,0.0007603553240187466
0,0,5.1719340262934566e-05
0,0,0.00026930886087939143
0,0,0.0005792074953205884
0,0,0.05731896311044693
0,0,0.0001152540571638383
1,1,0.9308750033378601
0,0,0.0010017013410106301
1,1,0.9995965361595154
1,1,0.9964913725852966
0,0,0.010722873732447624
0,0,4.844144859816879e-05
0,0,0.0008824015967547894
1,1,0.9803198575973511
1,0,0.1697045862674713
0,0,0.0034451852552592754
0,0,0.026736227795481682
0,0,0.0001301445736316964
1,1,0.9938515424728394
1,1,0.7873888611793518
0,0,0.0022300207056105137
0,0,4.057000114698894e-05
0,0,0.07911399006843567
1,1,0.9899054169654846
0,0,0.00023894368496257812
1,1,0.9763967394828796
1,1,0.9999592304229736
0,0,0.00012986936781089753
0,0,0.025356044992804527
1,1,0.9621670246124268
1,1,0.9956087470054626
1,1,0.9998840093612671
1,1,0.8335154056549072
0,0,0.00013344851322472095
1,1,0.9987230896949768
1,1,0.9992777705192566
1,1,0.9854206442832947
0,0,0.0007101954543031752
1,1,0.9981348514556885
1,1,0.9998314380645752
1,1,0.9878627061843872
0,0,2.5932191419997253e-05
0,0,0.0010338036809116602
1,1,0.9995985627174377
1,1,0.9999063014984131
1,1,0.9997203946113586
1,1,0.999690055847168
0,0,5.645811597787542e-06
0,0,0.09245781600475311
0,0,0.00036006412119604647
0,0,3.01773125102045e-05
1,1,0.9999632835388184
0,1,0.8935207724571228
1,1,0.9983835220336914
0,0,3.672741513582878e-05
1,1,0.9975112676620483
1,1,0.9999414682388306
0,0,0.0004273166414350271
1,1,0.9992996454238892
1,1,0.9119399189949036
0,0,9.826326277107e-06
1,1,0.9983781576156616
0,0,0.00012712653551716357
0,0,0.003533553332090378
0,0,0.00018645192903932184
1,1,0.8059319257736206
0,0,0.0008545254822820425
1,0,0.10289222747087479
0,0,0.010956894606351852
1,1,0.9973805546760559
0,0,0.1413712352514267
0,0,0.0019900971092283726
0,1,0.7509313225746155
0,0,0.0799650102853775
1,1,0.9780570864677429
0,0,0.003614091547206044
0,0,0.0169606301933527
1,1,0.9998148083686829
1,1,0.9598399996757507
1,1,0.9983704686164856
0,0,0.0013085533864796162
1,1,0.9999721050262451
0,0,0.00022362179879564792
0,0,0.009906642138957977
1,1,0.9739890098571777
1,1,0.999612033367157
1,1,0.9944045543670654
0,0,0.023822367191314697
1,1,0.9994738698005676
1,1,0.9998772144317627
1,1,0.9999356269836426
1,1,0.9998278617858887
0,0,0.0005829683504998684
1,1,0.9996023774147034
0,0,0.10322196781635284
1,1,0.999432384967804
1,1,0.9998370409011841
1,1,0.998589813709259
1,1,0.7713042497634888
0,0,0.01373905036598444
0,0,0.09826377034187317
0,0,3.0079509087954648e-05
1,1,0.9972754120826721
1,1,0.999944806098938
0,0,0.0009386238525621593
1,1,0.9984846711158752
1,0,0.15386682748794556
0,0,0.0015974666457623243
1,1,0.9396255016326904
1,1,0.9988872408866882
1,1,0.9952669143676758
1,1,0.8618834018707275
0,0,4.964238542015664e-05
1,1,0.9999302625656128
1,1,0.9989277720451355
1,1,0.9994910955429077
0,0,0.0008906381553970277
0,0,0.001556146307848394
0,0,0.00045578015851788223
1,1,0.9970297813415527
1,1,0.9974404573440552
0,0,0.0023832879960536957
0,0,0.12484917044639587
0,0,0.004533705301582813
0,0,0.0034032268449664116
0,0,0.0020896480418741703
0,0,0.0001363956107525155
0,0,9.017834236146882e-05
1,1,0.9996211528778076
0,0,0.03098602406680584
0,0,0.005722109694033861
0,0,0.003989478573203087
0,1,0.7359743714332581
0,0,0.003033755347132683
1,1,0.9999351501464844
1,1,0.99980229139328
1,1,0.9996104836463928
0,0,0.00012642332876566797
1,1,0.9913732409477234
0,0,0.01532997377216816
0,0,0.0002291551063535735
1,1,0.9979819059371948
1,1,0.7888627052307129
0,0,0.12005643546581268
1,1,0.9996813535690308
1,1,0.9879875183105469
1,1,0.9995662569999695
1,1,0.7383401989936829
0,0,2.4284116079797968e-05
0,0,0.00020942151604685932
0,0,0.0003252100432291627
0,0,0.00040650859591551125
0,0,0.01619725488126278
0,0,0.00037559555494226515
0,0,0.005671198479831219
1,1,0.7657972574234009
1,1,0.9997259974479675
0,0,0.0004770967352669686
0,0,0.00641969358548522
0,0,0.2037746012210846
0,0,9.828050679061562e-06
0,0,0.00015687193081248552
0,0,0.026155704632401466
1,1,0.9982895255088806
1,1,0.9989410042762756
0,0,0.0025811053346842527
0,0,0.010762587189674377
1,1,0.9943484663963318
1,1,0.9988101720809937
0,0,0.00016824832709971815
0,0,9.056138878804632e-06
0,0,0.0012600686168298125
0,0,0.0014143801527097821
0,0,0.02020782232284546
1,1,0.9756723046302795
0,0,0.003802770748734474
1,1,0.9995731711387634
1,1,0.5699201822280884
1,1,0.9997687935829163
0,0,0.0305559691041708
0,0,5.346939360606484e-06
1,1,0.9995788931846619
1,1,0.9334723353385925
0,0,2.4443737856927328e-05
1,1,0.9999532699584961
0,0,0.0013140423689037561
0,0,0.0016423098277300596
1,1,0.9999860525131226
1,1,0.9943143725395203
1,1,0.9997993111610413
1,1,0.9954094290733337
0,0,0.00039741629734635353
1,1,0.7590692639350891
0,1,0.545929491519928
1,1,0.9994738698005676
0,0,0.002375513082370162
0,0,2.863464715119335e-06
0,1,0.756354570388794
1,1,0.9708751440048218
0,0,0.030535582453012466
0,0,0.0011458790395408869
0,0,0.013665548525750637
1,1,0.9814767241477966
0,0,6.857769676571479e-06
1,1,0.9998527765274048
0,0,3.339312752359547e-05
0,0,0.00033662052010186017
0,0,0.00047507998533546925
0,0,0.008190489374101162
1,1,0.9999672174453735
0,0,0.00031376330298371613
0,0,0.0003807064495049417
0,0,0.0002956668904516846
1,1,0.9993390440940857
0,0,1.7395776012563147e-05
1,1,0.9998548030853271
0,1,0.9240334033966064
0,0,5.592181332758628e-05
1,1,0.9991092085838318
1,1,0.9997383952140808
0,0,0.011662201955914497
1,1,0.6387360692024231
0,0,0.019382644444704056
0,0,0.018921704962849617
1,1,0.9999639987945557
0,0,0.00018176126468461007
1,1,0.9941325783729553
1,1,0.9998160004615784
0,0,0.0019480999326333404
0,0,0.00011188031203346327
0,0,5.864297054358758e-05
0,0,0.00016885984223335981
1,1,0.9962502121925354
1,1,0.9999450445175171
1,1,0.9994939565658569
0,0,2.4124938136083074e-05
1,1,0.9985042810440063
1,1,0.9993281364440918
1,1,0.9956598877906799
1,1,0.99981290102005
1,1,0.9957159161567688
0,0,0.06160096079111099
1,1,0.9961070418357849
1,1,0.9992250204086304
0,0,3.215067044948228e-05
0,0,0.015374520793557167
0,0,0.00027855418738909066
1,1,0.999204695224762
0,0,0.00047413422726094723
1,1,0.9998196959495544
1,1,0.9996955394744873
1,1,0.9994223117828369
0,0,0.048576220870018005
0,0,0.0007934405584819615
1,1,0.9999171495437622
1,1,0.9992094039916992
1,1,0.999476969242096
1,1,0.9988634586334229
0,0,0.000955116527620703
0,0,0.006414844188839197
0,0,0.1438666731119156
0,0,0.004470875021070242
1,1,0.9858688116073608
1,1,0.999861478805542
0,0,0.09548740088939667
0,0,0.01227241475135088
0,0,1.0446745363879018e-05
0,0,1.648519901209511e-05
0,0,0.001284042140468955
0,0,0.006690939422696829
0,0,4.749848085339181e-05
1,1,0.9730068445205688
1,1,0.999430239200592
0,0,0.030815813690423965
1,1,0.9999773502349854
0,0,0.00023018475621938705
1,1,0.9999393224716187
1,1,0.9983823299407959
0,0,2.6769146188598825e-06
1,1,0.9958208799362183
1,1,0.9994658827781677
1,1,0.9998680353164673
0,0,1.8003955119638704e-05
0,1,0.569150447845459
0,0,0.00023460329975932837
0,0,0.0029670053627341986
0,0,0.0007228308240883052
0,0,9.046005288837478e-06
0,0,0.00012158385652583092
1,1,0.7744515538215637
1,1,0.9970303773880005
0,0,0.018181800842285156
0,0,0.08045081049203873
0,0,3.4624117688508704e-05
1,1,0.9998544454574585
1,1,0.9880148768424988
0,0,0.003905980847775936
0,0,0.00442079734057188
0,0,0.006188401952385902
1,1,0.9984116554260254
0,0,0.00022602044919040054
1,1,0.7402903437614441
1,0,0.3663251996040344
0,0,0.0028103762306272984
0,0,0.00015848410839680582
1,1,0.9994677901268005
0,0,0.005822790786623955
0,0,1.3332122762221843e-05
1,1,0.9999827146530151
1,1,0.9479080438613892
1,1,0.9437547922134399
1,1,0.971336305141449
0,0,0.0016484538791701198
0,0,0.0017442585667595267
0,0,0.0186774842441082
1,1,0.9942394495010376
1,1,0.9999529123306274
0,0,2.981218131026253e-05
0,1,0.7830124497413635
0,0,4.795753920916468e-05
1,1,0.7965695858001709
0,0,0.0033761837985366583
0,0,0.28665784001350403
1,1,0.9814755916595459
0,0,0.0007778535946272314
0,0,0.0001281702716369182
0,0,0.00032285175984725356
0,0,8.243283082265407e-05
1,1,0.9999663829803467
1,1,0.9979451298713684
1,1,0.9996336698532104
1,1,0.887703001499176
0,0,0.00019741170399356633
1,1,0.9989665746688843
0,0,0.00010842503979802132
0,0,0.0028215739876031876
0,0,0.0001599938259460032
0,0,0.045467570424079895
0,0,0.005080094560980797
0,1,0.7373042702674866
0,0,0.00045180798042565584
0,0,9.298317309003323e-05
1,1,0.9875161647796631
1,1,0.9999560117721558
1,1,0.9999078512191772
1,1,0.9940528273582458
1,1,0.9607265591621399
1,1,0.9975878000259399
1,1,0.9999169111251831
0,0,6.3425477492273785e-06
1,1,0.9999278783798218
1,0,0.30802595615386963
1,1,0.9996660947799683
1,1,0.9561375975608826
1,1,0.9999117851257324
0,0,0.00037742630229331553
0,0,0.022631697356700897
0,0,9.435885658604093e-06
1,1,0.9951249957084656
1,1,0.989739716053009
0,1,0.9064685702323914
0,0,0.0036572408862411976
1,1,0.9920603036880493
0,1,0.7332799434661865
1,1,0.9991753697395325
0,0,0.1560903638601303
0,0,0.045870739966630936
0,0,0.0029950293246656656
1,1,0.9997425675392151
1,1,0.695336639881134
1,1,0.9994953870773315
1,1,0.9980993866920471
1,1,0.9997226595878601
0,0,0.0001703314046608284
1,1,0.9996150732040405
1,1,0.9992308616638184
1,1,0.9697450399398804
0,0,0.06723274290561676
0,0,0.010753692127764225
1,1,0.9975963234901428
0,0,5.885081191081554e-05
1,1,0.9945461750030518
1,1,0.9980642199516296
1,1,0.9622730016708374
0,0,0.0090393777936697
0,0,0.0014517398085445166
0,0,0.477981835603714
0,0,0.005758842919021845
0,0,4.2780990042956546e-05
1,1,0.9997395873069763
0,0,0.00675331661477685
0,0,5.778705235570669e-05
0,0,9.49350869632326e-05
1,1,0.9996739625930786
0,0,0.0012502070749178529
1,1,0.9988256096839905
1,1,0.9990721940994263
1,1,0.8572505116462708
1,1,0.9999300241470337
1,1,0.9994955062866211
0,0,0.0043535842560231686
0,0,4.163972334936261e-05
0,0,0.0003794831281993538
1,1,0.9935211539268494
0,0,0.0010376549325883389
1,1,0.9982050657272339
1,1,0.9698484539985657
0,0,0.008152006193995476
0,0,1.783231164154131e-05
1,1,0.9972715973854065
1,1,0.9995229244232178
1,1,0.9994018077850342
0,0,6.688207940896973e-05
0,0,0.0001007507016765885
1,1,0.9861935973167419
1,1,0.9896501302719116
0,1,0.998782217502594
0,0,5.4332444960891735e-06
0,0,0.009336230345070362
0,0,0.0025033133570104837
1,0,0.055468712002038956
1,0,0.28597357869148254
1,1,0.9999344348907471
0,0,0.09164727479219437
1,1,0.9997472167015076
0,0,0.005058046896010637
1,1,0.9910579919815063
0,0,0.0003664777323137969
0,0,0.013303184881806374
0,0,1.6836713257362135e-05
0,0,1.813090784708038e-05
0,0,0.009580045007169247
0,0,0.004172587767243385
1,1,0.9974794983863831
1,1,0.7716963887214661
0,0,0.0008538654074072838
0,0,4.7505094698863104e-05
1,1,0.9293850660324097
0,0,0.0017187519697472453
0,0,0.006225967314094305
0,0,5.878501906408928e-05
1,1,0.9999603033065796
0,0,0.0004902894725091755
1,1,0.9981897473335266
0,0,2.697187301237136e-05
1,1,0.9780439734458923
1,1,0.9984877109527588
1,1,0.9558759927749634
0,0,0.000301663123536855
0,0,0.0001642368151806295
0,0,0.000732786429580301
0,0,0.003645034506917
1,1,0.9997208714485168
1,1,0.9996869564056396
0,0,0.00010605877469060943
0,0,0.00590089475736022
0,0,4.4974633055971935e-05
0,0,7.678881229367107e-05
1,1,0.9999833106994629
0,0,0.1352788209915161
0,0,6.491701060440391e-05
1,1,0.9998918771743774
1,1,0.999165415763855
0,0,0.0012483580503612757
1,1,0.9997785687446594
1,1,0.9988371729850769
1,1,0.6215364933013916
0,0,0.008156009018421173
0,0,0.010950515046715736
1,1,0.9957399368286133
1,1,0.9999755620956421
0,0,7.466900569852442e-05
0,0,0.008882480673491955
1,1,0.9996356964111328
1,1,0.995235025882721
0,1,0.841050922870636
0,1,0.8677452802658081
1,1,0.9999555349349976
1,1,0.9998776912689209
0,0,0.00011737554450519383
0,0,0.0060324473306536674
1,1,0.9995726943016052
1,1,0.9992333650588989
1,1,0.9961296319961548
1,1,0.9991108775138855
0,0,0.059623073786497116
0,0,0.4222073554992676
0,0,0.0005202514003030956
1,1,0.995863676071167
1,1,0.9898017048835754
0,0,0.002269171644002199
0,0,0.0013832564000040293
1,1,0.9996823072433472
1,1,0.9997300505638123
0,0,0.0017647864297032356
1,1,0.9995338916778564
0,0,0.0002896688529290259
0,0,0.015590576454997063
1,1,0.998572587966919
0,0,0.0005046961596235633
0,0,0.0011280504986643791
1,1,0.9845453500747681
0,0,0.0004066368273925036
1,1,0.9997859597206116
0,0,0.07436157763004303
0,0,2.776904329948593e-05
0,0,0.0003001361037604511
1,1,0.5332775115966797
0,0,0.0003163889632560313
1,1,0.995415449142456
0,0,1.473715474276105e-05
1,1,0.9961987137794495
0,0,0.0002857115468941629
1,1,0.9811990261077881
0,0,0.003644089214503765
0,0,0.00040876492857933044
1,1,0.9989413619041443
1,1,0.9778292179107666
1,1,0.99983811378479
0,0,0.0022178697399795055
0,0,0.0006345320143736899
1,1,0.9895851016044617
0,0,3.099680179730058e-05
0,0,0.011027680709958076
0,0,0.0020343309734016657
1,1,0.9994168281555176
0,0,3.902240132447332e-05
0,0,0.0002090988855343312
0,0,0.012920534238219261
0,0,0.03469116613268852
0,1,0.8912572860717773
1,1,0.9958853125572205
0,0,0.021112091839313507
0,0,0.0024447503965348005
1,1,0.9999794960021973
1,1,0.9990780353546143
0,0,0.0008171413210220635
0,0,0.017333095893263817
1,0,0.05660197138786316
1,1,0.9467583894729614
0,0,0.0001863854704424739
0,0,0.0007693314109928906
1,1,0.9762864708900452
0,0,2.9943015761091374e-05
1,1,0.9991078972816467
0,0,0.005152847617864609
0,0,0.0005877228104509413
0,0,0.00023552445054519922
0,0,8.361228537978604e-05
1,1,0.9863526821136475
1,1,0.9998862743377686
1,1,0.9927727580070496
0,0,0.0003161983622703701
1,1,0.9997405409812927
1,0,0.05172460153698921
0,0,7.621434633620083e-06
0,0,0.013785921968519688
1,1,0.9999823570251465
1,1,0.9793047308921814
0,0,0.00022428353258874267
0,0,0.003342034760862589
0,0,0.00011471680045360699
1,1,0.9972434043884277
1,1,0.9900888800621033
1,1,0.9874508380889893
0,0,0.00020614650566130877
1,1,0.9999597072601318
1,1,0.9998584985733032
1,1,0.9999822378158569
1,1,0.9824339747428894
0,0,0.0010345021728426218
0,0,0.0002515673986636102
1,0,0.36964231729507446
0,0,7.13076806277968e-05
0,0,0.0004160583484917879
1,1,0.997363269329071
0,0,0.0010184014681726694
0,0,0.0020165788009762764
0,0,0.00016247204621322453
0,0,8.34431284602033e-06
0,0,0.20112021267414093
0,0,0.007227684371173382
0,0,1.5499252185691148e-05
0,0,6.084696906327736e-06
1,1,0.7440306544303894
0,0,0.0004070869763381779
0,0,0.04332617297768593
1,1,0.9943458437919617
0,0,0.00031380695872940123
0,0,0.0010641422122716904
0,0,0.04049718379974365
1,1,0.9999731779098511
1,1,0.5577945709228516
0,0,0.003946073818951845
0,0,8.224526027333923e-06
0,0,0.002482864772900939
1,1,0.9895336031913757
0,0,0.0002338638441869989
0,0,0.0001757703721523285
1,1,0.9651610851287842
0,0,0.21439804136753082
1,1,0.9140987396240234
0,0,0.012876559980213642
0,0,0.0002801863884087652
0,0,0.15098339319229126
1,1,0.9995391368865967
0,0,0.007536597549915314
0,0,2.668180286491406e-06
0,0,0.00014799459313508123
0,0,2.063951615127735e-05
0,0,0.0025620341766625643
0,1,0.9802165627479553
0,0,0.17326860129833221
0,0,6.916818529134616e-05
0,0,8.017847721930593e-05
1,1,0.9936698079109192
0,0,0.0019633949268609285
1,1,0.9202367067337036
1,1,0.9998399019241333
1,1,0.9955443739891052
0,0,0.058708205819129944
0,0,0.0009280267404392362
0,0,0.003644585609436035
1,1,0.9991858601570129
0,0,0.0003243183600716293
1,1,0.9992214441299438
1,1,0.9866743683815002
1,1,0.997187077999115
1,1,0.9997696280479431
0,0,0.0025317349936813116
1,1,0.9996228218078613
0,1,0.9926977753639221
0,0,0.0008953528013080359
0,0,0.0032299705781042576
1,1,0.9998936653137207
1,1,0.992716908454895
1,1,0.9989602565765381
1,1,0.9826835989952087
0,0,0.0005055522196926177
0,0,0.0005785694229416549
0,0,0.026080382987856865
0,0,0.23150648176670074
1,1,0.9995311498641968
0,0,0.016894277185201645
0,0,0.26590651273727417
1,1,0.9997332692146301
0,0,0.0013425088254734874
1,1,0.9963259100914001
0,0,0.15968944132328033
1,1,0.9987683892250061
1,1,0.9995456337928772
1,1,0.9991577863693237
1,1,0.9962456822395325
1,1,0.9998562335968018
1,1,0.8394268155097961
0,0,0.002899371087551117
0,0,0.00013469818804878742
1,0,0.09868132323026657
1,1,0.9997567534446716
1,1,0.6606872081756592
0,0,0.00020303788187447935
1,1,0.9987751841545105
0,0,1.0056604878627695e-05
1,1,0.9612037539482117
0,0,0.00016591754683759063
1,1,0.9999234676361084
0,0,0.042890261858701706
1,1,0.9999042749404907
0,0,0.00014555870438925922
0,0,0.028247961774468422
0,0,0.024142006412148476
0,0,0.004022432025521994
0,0,0.01845923252403736
0,0,0.005307241342961788
1,1,0.9994832277297974
1,1,0.999357283115387
0,0,0.0028769797645509243
0,0,0.0007375986315310001
1,1,0.9989678859710693
0,0,0.00071248400490731
0,0,0.00027001023408956826
1,1,0.9994889497756958
0,0,0.009746361523866653
0,0,0.00012407300528138876
1,1,0.9998985528945923
0,0,0.008576937951147556
0,0,0.0001981039094971493
1,1,0.9996020197868347
1,1,0.9983081817626953
1,1,0.9992585778236389
1,1,0.9994081258773804
1,1,0.9805208444595337
0,0,0.00023821761715225875
1,1,0.9999336004257202
0,0,0.0013332772068679333
0,0,0.00028661105898208916
0,0,0.13294464349746704
0,0,0.21934881806373596
0,0,0.24465984106063843
1,1,0.9998586177825928
1,1,0.990641176700592
0,0,0.0010267015313729644
0,0,0.005767744965851307
0,0,0.00015271399752236903
0,0,0.0005158131243661046
0,1,0.5519900321960449
1,1,0.9978132247924805
0,0,0.004623538348823786
0,0,0.0003683446266222745
0,0,3.402193033252843e-05
0,0,2.1839310647919774e-05
0,0,0.010828168131411076
0,0,2.8478536478360184e-05
0,0,0.0001843062782427296
0,0,0.012688709422945976
0,0,0.045017726719379425
0,0,0.0019578367937356234
0,0,0.009567041881382465
0,0,0.0001028454425977543
0,1,0.5170591473579407
0,0,1.5452764046131051e-06
1,1,0.9959403276443481
0,0,0.0007525721448473632
0,0,1.9623328171292087e-06
1,0,0.22889114916324615
1,1,0.9907510876655579
0,0,0.0005179844447411597
1,1,0.9990382194519043
1,0,0.11332947760820389
0,0,0.003012034110724926
1,1,0.9986798167228699
0,0,3.0252487704274245e-05
1,1,0.9993627667427063
1,1,0.999889612197876
1,1,0.9960605502128601
1,0,0.014041402377188206
1,1,0.9952722191810608
1,1,0.9947381615638733
0,0,0.010516623966395855
1,0,0.15932691097259521
1,1,0.955794632434845
0,0,0.06354553997516632
0,0,0.002301625208929181
1,1,0.9697418212890625
1,1,0.9999518394470215
0,0,0.02865949086844921
0,0,0.000729622901417315
1,1,0.9999233484268188
0,0,0.0002219562156824395
0,0,0.015228478237986565
1,0,0.4380924701690674
0,0,0.00019861210603266954
1,1,0.896431028842926
0,0,0.0001329767401330173
1,1,0.9855297803878784
1,1,0.9998999834060669
1,1,0.9999324083328247
0,0,0.00020523885905276984
1,1,0.9999042749404907
0,0,0.053313035517930984
1,1,0.9997370839118958
1,1,0.9997698664665222
1,1,0.9966825842857361
0,0,1.3087521438137628e-05
0,0,0.0015812779311090708
0,0,0.003807066474109888
0,0,1.8738373910309747e-05
0,0,0.014390888623893261
0,0,1.761358907970134e-05
0,0,1.0692950127122458e-05
0,0,0.08608914166688919
1,1,0.996751070022583
0,0,0.005234439857304096
1,1,0.9988454580307007
0,0,0.0025673722848296165
0,0,0.0005845022387802601
0,0,0.002413448179140687
1,1,0.9584130644798279
0,0,0.0014596517430618405
0,0,0.0011930952314287424
1,1,0.9999897480010986
0,0,0.10319562256336212
1,1,0.9973504543304443
1,1,0.9999512434005737
0,0,0.16949929296970367
0,0,0.0007249614573083818
0,0,0.00024834301439113915
0,0,0.0006313189514912665
0,0,0.008426656015217304
0,0,0.0002888475719373673
0,0,0.0005757846520282328
1,1,0.9972701668739319
1,1,0.997010350227356
0,0,4.5264641812536865e-06
0,0,0.001225485815666616
0,0,0.014656877145171165
1,1,0.9946904182434082
1,1,0.9965816140174866
0,0,0.0333828404545784
1,1,0.9932990074157715
1,1,0.9999638795852661
1,1,0.9239567518234253
1,1,0.9899402260780334
0,0,4.38137685705442e-05
1,1,0.9986812472343445
1,1,0.999330997467041
1,1,0.9987636804580688
1,1,0.9990547299385071
0,0,0.0006540162139572203
0,0,9.76452647591941e-05
1,1,0.9989270567893982
0,0,3.3008760510711e-05
0,0,1.4323167306429241e-05
1,1,0.9899529814720154
1,1,0.9984790682792664
1,1,0.9917623996734619
1,1,0.9582253098487854
0,1,0.9859099388122559
0,0,0.005117643624544144
1,1,0.9989367127418518
1,1,0.9962299466133118
1,1,0.9999160766601562
1,1,0.9866558313369751
1,1,0.9927278757095337
0,0,4.155737042310648e-05
0,0,0.0005205646739341319
0,0,0.00015721349336672574
1,1,0.9943841695785522
0,0,0.0002704675425775349
0,0,0.0003093211562372744
1,1,0.9997665286064148
1,1,0.9882026314735413
0,0,0.025205429643392563
0,0,0.0004172059998381883
1,0,0.1894560307264328
0,1,0.5339770317077637
0,0,3.8551868783542886e-05
0,0,0.005110135301947594
1,1,0.9991719722747803
1,1,0.9972547888755798
0,0,0.0008964412263594568
1,1,0.994839608669281
0,0,1.74638771568425e-05
1,1,0.9968928098678589
0,0,0.0003432859084568918
0,0,0.010451658628880978
1,1,0.9977679252624512
1,1,0.9986249208450317
1,1,0.9924915432929993
1,1,0.9999392032623291
1,1,0.9996262788772583
1,1,0.999531626701355
1,1,0.9998652935028076
1,1,0.9992749094963074
1,0,0.000329525995766744
0,0,0.0004203557618893683
1,1,0.9999839067459106
0,0,0.00012465407780837268
1,1,0.992874026298523
0,0,0.040127094835042953
0,0,0.0024178328458219767
1,1,0.9866864681243896
0,0,0.0019870128016918898
0,0,0.02416544035077095
1,1,0.9987823367118835
1,1,0.9991531372070312
1,1,0.9990973472595215
1,1,0.9553278684616089
1,1,0.9935413599014282
0,0,0.0011904655257239938
0,0,0.0031022189650684595
0,0,0.004424187820404768
1,1,0.9994994401931763
1,1,0.7594521045684814
0,0,0.00043642695527523756
0,0,0.002366275992244482
0,0,0.005591557826846838
1,1,0.9930160045623779
1,1,0.9994381070137024
1,1,0.9980782270431519
0,0,3.5807344829663634e-05
1,1,0.993861198425293
0,0,0.0009397329413332045
1,1,0.9979800581932068
0,0,0.0005441142129711807
0,0,0.03277706727385521
1,1,0.999937891960144
0,0,0.00013199854583945125
0,0,0.012464089319109917
1,1,0.9986252784729004
0,0,0.00034211986348964274
1,1,0.9997054934501648
0,0,6.559655594173819e-05
1,1,0.9910613894462585
1,1,0.9980449676513672
0,0,8.103453001240268e-05
0,0,0.24867767095565796
0,0,0.019085001200437546
1,1,0.9990574717521667
0,0,0.0031845245976001024
0,0,0.0004716262046713382
0,0,0.0004079237696714699
0,0,5.8322846598457545e-05
0,0,0.000352806702721864
0,0,0.0312089454382658
1,1,0.9995278120040894
1,0,0.49152976274490356
0,0,0.0038077791687101126
0,0,0.05917143076658249
0,0,0.0003312097687739879
1,1,0.9992886781692505
1,1,0.9996596574783325
0,0,0.0005938926478847861
0,0,0.0007036720053292811
1,1,0.9994816184043884
0,0,0.0010120382066816092
1,1,0.9994983673095703
1,0,0.02497388795018196
1,0,0.14462293684482574
0,0,0.0008839592337608337
0,0,0.00013056059833616018
0,0,0.0009848943445831537
1,1,0.9368422031402588
0,0,0.013181312941014767
0,0,0.0003607502731028944
1,1,0.9976081848144531
1,1,0.9996647834777832
0,0,0.003511062590405345
0,0,0.0001389166573062539
0,0,8.602526213508099e-05
1,1,0.9596405625343323
1,1,0.9998846054077148
0,1,0.8425925374031067
1,1,0.9491731524467468
0,0,0.004228136967867613
1,1,0.5992995500564575
0,0,0.001432602759450674
0,0,0.036993008106946945
0,0,0.3904924988746643
1,1,0.9960944056510925
0,0,0.11373841017484665
1,1,0.9963964819908142
0,0,0.007810535375028849
0,0,0.0003455101978033781
1,1,0.9997583031654358
0,0,0.0011722249910235405
0,0,2.6262923711328767e-05
0,0,9.528098598821089e-05
0,0,0.0015258626081049442
0,0,0.00022535079915542156
0,0,1.461273950553732e-05
1,1,0.9997594952583313
0,0,0.03369824215769768
1,1,0.9353575110435486
0,0,0.0011205699993297458
1,1,0.9998728036880493
1,1,0.9989172220230103
1,1,0.9898779392242432
0,0,0.00020833153394050896
1,1,0.9997808337211609
1,1,0.9999881982803345
0,0,5.59069985683891e-06
0,0,0.09028467535972595
0,0,0.00022556167095899582
0,0,0.00088120048167184
1,1,0.8960068821907043
0,0,3.8143475649121683e-06
0,0,0.004936715122312307
0,0,0.00041806037188507617
0,0,0.0005783791420981288
0,0,0.0012913253158330917
1,1,0.999497652053833
0,1,0.9602115750312805
0,0,0.0016105928225442767
0,0,0.00044051636359654367
0,0,0.07492901384830475
0,1,0.9957855343818665
1,1,0.9994755387306213
0,0,0.0011120039271190763
1,1,0.9817311763763428
1,1,0.9998555183410645
0,0,3.551114787114784e-05
1,1,0.9988667964935303
1,1,0.999813973903656
1,1,0.9946574568748474
1,1,0.9951121211051941
1,1,0.997600257396698
0,0,0.0031583313830196857
0,0,3.181802458129823e-05
0,0,0.00012878084089607
0,0,0.1861807405948639
1,1,0.9754160046577454
1,1,0.9992042183876038
1,1,0.9810163378715515
1,1,0.9999456405639648
0,0,0.003754282835870981
0,0,4.951369646732928e-06
0,0,6.825407763244584e-05
0,0,0.00010273839870933443
0,0,8.231799438362941e-05
0,0,0.0001762133906595409
0,0,4.566292318486376e-06
0,0,0.00031801589648239315
0,0,0.0007328807259909809
1,1,0.9925659894943237
0,0,0.0015054510440677404
0,0,0.0007902198121882975
0,0,0.29844892024993896
1,1,0.9995051622390747
0,0,0.00039514739182777703
0,0,0.0016495711170136929
0,0,0.1032564714550972
1,1,0.8208326697349548
0,0,0.007876348681747913
1,1,0.9744584560394287
1,1,0.9979106783866882
0,0,6.4517248574702535e-06
0,0,1.8215014279121533e-05
0,0,0.009193272329866886
0,0,0.0005906062433496118
1,1,0.9981034994125366
1,1,0.995154857635498
1,1,0.9986445307731628
1,1,0.9966801404953003
0,0,0.0013840701431035995
1,1,0.9999150037765503
0,0,0.008849152363836765
1,1,0.9530081152915955
0,1,0.989840567111969
1,1,0.9999744892120361
1,1,0.9997931122779846
1,1,0.9944639801979065
0,0,7.196175283752382e-05
0,0,0.003794242860749364
1,1,0.950529158115387
0,0,0.0014393150340765715
1,0,0.0039214263670146465
1,1,0.9995014667510986
0,0,0.0004056341131217778
0,0,0.12220869213342667
1,1,0.9996316432952881
0,0,2.523931016185088e-06
0,0,0.042739011347293854
1,0,0.06664721667766571
0,0,4.909195558866486e-05
0,0,0.008594995364546776
0,0,6.332069006020902e-06
0,0,0.0012694073375314474
0,0,0.004118821583688259
0,0,9.938637504092185e-07
0,0,0.46777859330177307
0,0,0.007962455041706562
0,0,0.0014568362385034561
0,0,9.060311276698485e-05
0,0,2.862814881154918e-06
1,1,0.9876917004585266
1,1,0.9811133146286011
1,1,0.9624692797660828
1,1,0.9988620281219482
0,0,4.069244459969923e-05
0,1,0.9946146607398987
0,0,0.024192925542593002
0,0,3.796495002461597e-05
0,0,0.008682779036462307
0,0,0.0002198443398810923
1,1,0.9999804496765137
0,0,2.5885048671625555e-05
0,0,0.014576534740626812
1,1,0.9998575448989868
0,0,0.08635130524635315
1,1,0.9965881109237671
1,1,0.9955862760543823
0,0,0.0837751254439354
1,1,0.99549400806427
1,1,0.9984999895095825
1,1,0.996063768863678
0,0,0.00045158815919421613
1,1,0.9940409064292908
0,0,1.2474553841457237e-05
0,0,3.702739559230395e-05
0,0,0.004846030380576849
1,1,0.9999642372131348
0,0,0.011785492300987244
0,0,9.1458139650058e-05
0,0,0.0005127578624524176
0,0,0.0008213181863538921
1,1,0.999836802482605
0,0,0.00011374007590347901
1,1,0.9995515942573547
1,1,0.9994643330574036
0,0,0.0008570105419494212
0,0,0.005511333234608173
1,1,0.9905685782432556
1,1,0.999756395816803
0,0,1.662038812355604e-05
1,1,0.9636257886886597
1,1,0.996746301651001
1,1,0.9977885484695435
0,0,0.0020280038006603718
1,1,0.995010495185852
1,1,0.9091474413871765
0,0,0.0018233496230095625
1,1,0.9993773102760315
1,1,0.9955533146858215
0,0,0.007699974346905947
0,0,0.006008930504322052
1,1,0.9317672252655029
0,0,0.0013074197340756655
1,1,0.9865036010742188
1,1,0.9971374273300171
0,0,0.0003242713282816112
1,1,0.8041106462478638
1,1,0.9989064931869507
0,0,0.04195435717701912
0,0,5.1181890739826486e-05
1,1,0.9945915341377258
1,0,0.016074033454060555
0,0,5.033627530792728e-05
0,0,0.0012275594053789973
0,0,0.1586287021636963
0,0,0.0002953916264232248
0,0,0.0011816257610917091
1,1,0.9843906760215759
0,0,1.262622117792489e-05
0,0,0.028532134369015694
0,0,0.0006932839169166982
0,0,0.009008314460515976
0,0,0.022236471995711327
1,1,0.9997064471244812
0,0,0.0013615606585517526
0,0,0.004379275254905224
0,0,0.009144905023276806
1,1,0.9989848732948303
0,0,0.0001435711164958775
1,1,0.9969557523727417
0,0,0.005344472359865904
0,0,0.0023708187509328127
1,1,0.9999222755432129
1,1,0.9999887943267822
1,1,0.9997614026069641
1,1,0.9833359718322754
1,1,0.9676286578178406
0,0,0.00035576883237808943
1,1,0.9984728693962097
1,1,0.9999569654464722
1,1,0.9999924898147583
0,0,0.006640301086008549
1,1,0.9974082112312317
0,0,0.011604972183704376
1,1,0.9599438905715942
1,1,0.9983099699020386
1,1,0.9939889907836914
1,1,0.8510226607322693
0,0,3.307246879558079e-05
1,1,0.9993762373924255
1,1,0.9999750852584839
0,0,6.9159132181084715e-06
1,1,0.9998239874839783
0,0,4.686891406890936e-05
0,0,0.0015750187449157238
0,0,0.3611086905002594
0,0,4.4933905883226544e-05
0,0,0.041582949459552765
0,0,0.0016290233470499516
0,0,0.009956116788089275
1,1,0.9998420476913452
0,0,0.0007188612944446504
1,1,0.9982209801673889
1,1,0.9999887943267822
0,0,0.0009699727525003254
1,1,0.9997305274009705
0,0,0.004481784533709288
1,1,0.9980446100234985
0,0,0.0029876555781811476
1,1,0.9507032632827759
0,0,0.00024304624821525067
0,0,0.0019366061314940453
0,0,3.3324256946798414e-05
1,0,0.22692058980464935
1,1,0.9946852922439575
1,1,0.9987284541130066
0,1,0.5524596571922302
0,0,7.82160714152269e-06
0,0,0.24440525472164154
0,0,0.008542465046048164
0,0,0.0007512039737775922
0,0,2.6315345166949555e-05
1,1,0.9997568726539612
0,0,0.0014171791262924671
0,0,0.0022052221465855837
1,1,0.9976269602775574
0,0,0.0010378486476838589
1,1,0.9986182451248169
1,1,0.9971606731414795
0,1,0.5530097484588623
0,0,1.2336632607912179e-05
1,1,0.7664437890052795
1,1,0.9972672462463379
0,0,0.00026682313182391226
0,0,0.0009173955186270177
0,0,0.005902003031224012
0,0,0.0006501144380308688
1,1,0.9996368885040283
0,0,0.002353082876652479
0,0,3.308668965473771e-06
1,1,0.9999163150787354
1,1,0.6622462272644043
0,0,6.683349056402221e-05
0,0,0.035178445279598236
1,1,0.9992755055427551
0,0,0.00011164903844473884
0,0,0.0002447750302962959
0,0,0.000249113974859938
1,1,0.8475017547607422
0,0,0.00018302351236343384
1,1,0.9929249286651611
1,1,0.5498673319816589
0,0,0.0003670723526738584
1,1,0.9997584223747253
1,1,0.9690038561820984
0,0,0.0007542306557297707
1,1,0.9618924260139465
0,0,0.0010257776593789458
0,0,2.6373481887276284e-05
0,0,0.00035027461126446724
0,0,0.1107620969414711
1,1,0.995998740196228
0,0,6.594540172955021e-05
0,0,0.00023309607058763504
0,0,5.6453987781424075e-05
0,0,0.0804072767496109
0,0,0.0001044752134475857
1,1,0.9931598901748657
1,1,0.9994271993637085
0,0,0.002142853569239378
0,0,0.20253483951091766
1,1,0.9972949624061584
0,0,0.00039395096246153116
1,1,0.9911109209060669
0,0,0.0005783133092336357
0,0,0.01788538694381714
0,0,9.305176718044095e-06
0,0,0.02839471586048603
0,0,3.2549498428124934e-05
1,1,0.998236894607544
1,1,0.99960857629776
1,1,0.9937305450439453
1,1,0.9898908138275146
1,1,0.9999512434005737
1,1,0.9885298609733582
0,0,0.00144612742587924
1,1,0.9787362217903137
1,1,0.9990963935852051
0,0,0.004362367559224367
0,0,0.042240727692842484
0,0,1.8527171050664037e-05
0,0,0.00012623745715245605
1,1,0.9999392032623291
0,0,0.0015745649579912424
1,1,0.9996101260185242
1,1,0.9975818395614624
0,0,1.923941817949526e-05
0,0,0.0025432438123971224
0,0,0.003909945487976074
0,0,0.001419947948306799
0,0,0.3004721403121948
0,1,0.6962600350379944
0,0,4.764978075399995e-05
1,1,0.9992175102233887
0,0,0.0012144683860242367
0,0,0.00019050194532610476
0,0,0.0010390121024101973
1,1,0.9999481439590454
0,0,0.0001276068651350215
1,1,0.9969208240509033
0,0,0.027990635484457016
0,0,3.928584646928357e-06
0,0,0.07002890855073929
0,1,0.9819761514663696
1,1,0.9994215965270996
0,0,0.0020669123623520136
0,0,0.0003684185503516346
1,1,0.7546128034591675
0,0,0.000796859385445714
0,0,0.00017605720495339483
1,1,0.9981118440628052
0,0,0.00020074867643415928
0,0,0.00014958716928958893
0,0,0.0011445519048720598
0,0,0.0001676081446930766
1,1,0.999739944934845
1,1,0.9541266560554504
0,0,3.262625978095457e-05
1,1,0.9983128309249878
0,0,0.0007453219150193036
0,0,0.1767784208059311
0,0,0.00012798071838915348
0,0,0.06015705689787865
1,0,0.002595307072624564
0,0,0.001773663330823183
0,0,3.0491992220049724e-05
1,1,0.983308732509613
0,0,0.0005063527496531606
1,1,0.999954104423523
0,0,0.00010015861334977672
1,1,0.9999372959136963
1,1,0.9999457597732544
0,0,2.806669544952456e-05
0,0,4.820918547920883e-05
1,1,0.960330605506897
0,0,0.08474300056695938
0,0,0.02472606487572193
1,1,0.9997318387031555
0,0,0.00013691448839381337
0,0,0.0004640508850570768
0,0,0.004600579850375652
0,0,0.005170533899217844
0,0,0.00011152273509651423
0,0,0.000277787446975708
1,1,0.5344595313072205
0,0,0.0012051545782014728
0,0,0.024710558354854584
0,0,0.0017823583912104368
0,0,0.026093758642673492
0,0,3.593565634218976e-05
0,0,8.201389573514462e-05
0,0,0.0003962354676332325
1,1,0.9997401833534241
1,1,0.9999765157699585
1,1,0.9876948595046997
1,1,0.9999626874923706
1,1,0.9846264719963074
1,1,0.9996590614318848
0,1,0.8738454580307007
0,0,0.007153164595365524
0,0,0.0006147355306893587
1,1,0.9743614196777344
0,0,6.593469606741564e-06
0,0,0.0013046893291175365
1,1,0.999901533126831
0,0,5.7339675549883395e-05
1,1,0.9995328187942505
0,0,0.0006931223324500024
0,0,0.016974302008748055
0,1,0.6426548957824707
0,0,0.0028225400019437075
0,0,1.4999623090261593e-05
1,1,0.9987428784370422
1,1,0.9953587651252747
1,1,0.9997181296348572
0,0,0.014172977767884731
0,0,7.011278648860753e-05
0,0,0.05449998378753662
1,1,0.9979742169380188
1,1,0.9992433786392212
0,0,0.0005820458754897118
1,1,0.7878885269165039
0,0,0.41045111417770386
0,0,0.00011476471263449639
0,0,0.002603770699352026
0,0,8.129978232318535e-05
0,0,5.0687911425484344e-05
0,0,0.012827480211853981
0,0,0.11376945674419403
1,1,0.9995163679122925
0,0,1.2757839613186661e-05
0,0,0.0001532954047434032
0,0,0.001153868855908513
0,0,0.370776504278183
0,0,0.0010698569240048528
1,1,0.8852272033691406
1,1,0.9998544454574585
0,0,3.140867920592427e-05
1,1,0.9995250701904297
0,0,0.00010356079292250797
0,0,4.70374507131055e-05
0,0,0.005481244996190071
1,1,0.9996465444564819
0,0,0.0012513971887528896
1,1,0.9998185038566589
0,0,0.00024279006174765527
1,1,0.9997957348823547
0,0,0.0007871943525969982
0,0,0.0002665365464054048
0,0,0.00010844530333997682
1,1,0.9988620281219482
1,1,0.9999457597732544
0,0,0.000718632887583226
1,1,0.9494693279266357
0,0,0.0002161327429348603
0,0,7.557086792076007e-05
0,0,4.747901584778447e-06
0,0,0.000767851248383522
0,0,0.003947086166590452
0,0,9.547835361445323e-05
0,0,0.01965651474893093
0,0,0.0002062013663817197
1,1,0.9999725818634033
1,1,0.9588751196861267
1,1,0.9997268319129944
1,1,0.5555823445320129
0,0,0.005029971711337566
1,1,0.9998871088027954
1,1,0.9988864064216614
0,0,9.151886479230598e-05
0,0,0.23881611227989197
1,1,0.9982646107673645
1,1,0.9976601600646973
1,1,0.9999595880508423
0,0,0.00012471352238208055
0,0,0.00012635558960027993
0,0,6.647855479968712e-05
0,0,1.083931783796288e-05
0,0,0.0054770768620073795
0,0,0.42320939898490906
0,0,0.00011826106492662802
0,0,0.07872487604618073
0,0,4.0883624023990706e-05
0,0,0.0011816133046522737
0,0,3.174379889969714e-05
0,0,0.001504334737546742
1,1,0.9988434314727783
0,0,0.0006588917458429933
0,0,0.012291601859033108
1,1,0.98822021484375
1,1,0.9997264742851257
1,1,0.9998389482498169
0,0,0.04665089771151543
1,1,0.6346161961555481
1,1,0.9940589666366577
0,0,3.6785710108233616e-05
0,1,0.7108941674232483
1,1,0.9932693839073181
0,1,0.8788601160049438
1,1,0.9997087121009827
0,1,0.8294278979301453
0,0,9.687666533864103e-06
0,0,1.5604822692694142e-05
1,1,0.9977868795394897
1,1,0.999086856842041
0,0,0.0010028750402852893
0,0,3.1825900350668235e-06
0,0,0.0006156889721751213
1,1,0.998737633228302
0,0,0.0002015688078245148
0,0,0.000519597961101681
1,1,0.9997881054878235
0,0,4.481032374314964e-05
1,1,0.9987128973007202
1,1,0.9984936714172363
1,1,0.9999464750289917
0,0,0.00015472559607587755
1,1,0.9105901718139648
1,0,0.4962340295314789
0,0,0.005158910993486643
0,0,4.811952749150805e-05
0,0,0.0027885574381798506
0,0,7.806337816873565e-05
1,1,0.9830387830734253
0,0,0.0015580804320052266
1,1,0.9958608746528625
1,1,0.9999692440032959
0,0,0.0017341998172923923
0,0,9.123036579694599e-05
1,1,0.9957727789878845
1,1,0.669974684715271
1,1,0.9965127110481262
1,1,0.9260129928588867
1,1,0.999824583530426
1,1,0.9993481040000916
1,1,0.999405026435852
1,1,0.9964537620544434
0,0,0.0003951248072553426
1,1,0.999534010887146
0,0,1.996411447180435e-05
0,0,9.766015864443034e-05
1,1,0.810606837272644
1,1,0.9996013045310974
1,1,0.9976602792739868
1,0,0.34191587567329407
1,1,0.99468994140625
1,1,0.9998098015785217
0,0,0.00020176725229248405
0,0,0.0030683460645377636
1,1,0.994281530380249
0,0,9.299151133745909e-05
1,1,0.9997355341911316
0,0,0.011286338791251183
1,1,0.9996557235717773
0,0,0.0006993041606619954
0,0,8.718889876035973e-05
0,0,0.0003101728216279298
0,0,0.0004207590245641768
0,0,0.00043087900849059224
1,1,0.9980431795120239
1,1,0.9994326233863831
1,1,0.9999240636825562
0,0,0.0012672903249040246
0,0,0.12981759011745453
0,0,4.479537165025249e-05
0,0,0.00010989961447194219
0,0,0.006416792515665293
0,0,4.944739703205414e-05
0,0,4.6499757445417345e-05
0,0,0.0016761760925874114
0,0,7.992159680725308e-07
0,0,5.56613804292283e-06
0,0,1.5089510270627216e-05
0,0,5.437863728730008e-05
1,1,0.9990658164024353
1,1,0.9940264225006104
0,1,0.9982722997665405
1,1,0.9797817468643188
0,0,1.1230566087760963e-05
1,1,0.9996874332427979
0,0,0.0008223828044719994
1,1,0.9558741450309753
0,0,0.0003032739332411438
1,1,0.9999351501464844
1,1,0.8930475115776062
0,0,0.00017683935584500432
1,1,0.999648928642273
0,0,0.22754478454589844
0,0,0.0023363360669463873
0,0,8.841540693538263e-05
0,0,3.587169703678228e-05
1,1,0.9995343685150146
1,1,0.9998419284820557
1,1,0.9999802112579346
0,0,0.0006564041250385344
0,0,0.030807670205831528
1,1,0.9953259229660034
1,0,0.22345101833343506
1,1,0.9960642457008362
0,0,5.149993739905767e-05
0,0,0.0061504351906478405
0,0,0.0015762938419356942
0,0,0.005914325825870037
1,1,0.9999459981918335
0,0,0.004387886729091406
1,1,0.9999245405197144
0,0,0.026756906881928444
0,0,0.000377010612282902
0,0,0.0034532248973846436
0,0,0.0006976161967031658
0,0,0.0006170662236399949
1,1,0.9998015761375427
1,1,0.9973536729812622
0,0,0.0027121463790535927
0,0,0.007613391615450382
1,1,0.8316322565078735
1,1,0.9981714487075806
1,1,0.9988942742347717
1,1,0.9970250725746155
0,1,0.7782860994338989
1,1,0.9999806880950928
0,0,0.0003244018298573792
1,1,0.999729335308075
0,0,0.000228776567382738
1,1,0.9984195232391357
1,1,0.998725950717926
0,0,0.002423387486487627
0,0,1.1773960977734532e-05
1,0,0.06102488934993744
0,0,0.0008695521391928196
1,1,0.5874165296554565
0,0,0.02719273418188095
0,0,0.08295511454343796
1,0,0.39153245091438293
0,0,1.9977942429250106e-05
1,1,0.9999064207077026
1,1,0.9995230436325073
0,0,6.718495569657534e-05
1,1,0.9903475046157837
0,0,0.00014172926603350788
1,1,0.9990888833999634
1,1,0.5360748171806335
0,0,0.0024969913065433502
0,0,0.023911233991384506
0,0,0.30132707953453064
1,1,0.6982033252716064
0,0,0.15848994255065918
0,0,0.007357664871960878
1,1,0.9974825978279114
0,0,0.022980699315667152
0,0,0.0013326380867511034
0,0,0.013898828998208046
1,0,0.16239815950393677
0,0,0.07989659905433655
0,0,0.13909992575645447
1,1,0.9312244057655334
1,1,0.9996086955070496
0,0,9.136370863416232e-06
0,0,0.0003844584571197629
1,1,0.8363909125328064
1,1,0.9960216879844666
1,1,0.9999016523361206
1,0,0.4682442545890808
1,1,0.9999485015869141
0,0,0.003780192229896784
1,1,0.9996989965438843
1,1,0.9999161958694458
1,0,0.3646574318408966
0,0,0.02024730108678341
0,0,0.004681759979575872
0,0,0.0001219730984303169
0,0,0.004323312547057867
1,1,0.9869475364685059
1,1,0.9493657350540161
0,0,0.007213628850877285
0,0,0.06451031565666199
0,0,1.9505303498590365e-05
0,0,0.07122263312339783
0,1,0.9394766688346863
0,0,0.017623960971832275
1,1,0.9995840191841125
0,0,0.0006637257756665349
0,0,7.632683991687372e-05
0,0,6.017433406668715e-05
0,0,7.378247391898185e-05
0,0,0.2812610864639282
0,0,0.01280503161251545
0,0,0.0008240049355663359
0,0,0.000168787402799353
0,0,0.01716751977801323
0,0,5.26078583789058e-05
0,0,0.009541529230773449
0,0,0.007150364574044943
0,0,0.00037371276994235814
0,0,9.412822691956535e-06
0,0,0.006431115325540304
0,0,0.014252640306949615
0,0,0.0008916290826164186
0,0,0.00046418936108238995
1,1,0.9983665347099304
0,0,0.003263544524088502
0,0,0.0029600297566503286
1,1,0.8596453070640564
1,1,0.9992777705192566
0,0,0.009817129001021385
0,0,0.005015873815864325
1,1,0.9956841468811035
1,1,0.8342995047569275
0,0,0.001976313767954707
0,0,0.004188865888863802
0,0,0.0007404949865303934
0,0,0.0001438495673937723
0,0,0.0007871583220548928
0,0,0.00037594858440570533
0,0,0.00043753330828621984
1,1,0.9998612403869629
1,1,0.9998975992202759
0,0,0.000921402417588979
0,0,4.848965545534156e-05
1,1,0.9748851656913757
1,1,0.9990901947021484
1,1,0.9851626753807068
0,0,0.0004317749117035419
0,0,0.0008415919146500528
1,1,0.9990712404251099
1,1,0.9998499155044556
1,1,0.9995651841163635
1,1,0.9992772936820984
0,1,0.9690255522727966
1,1,0.9997732043266296
0,0,0.00013868558744434267
1,0,0.2270096093416214
0,0,0.06616836786270142
0,0,8.539282134734094e-06
1,1,0.9179996252059937
1,1,0.981440007686615
1,1,0.9991989731788635
0,0,0.006254824344068766
1,1,0.7305235266685486
1,1,0.9992699027061462
1,1,0.9985442161560059
0,0,0.00436515174806118
1,1,0.7189178466796875
1,1,0.9586844444274902
1,1,0.9783245921134949
1,1,0.9979997277259827
1,1,0.81915283203125
1,1,0.9986761212348938
0,0,9.6001485871966e-06
1,0,0.006441132165491581
0,0,0.003907051403075457
1,1,0.9965072274208069
0,0,7.707125041633844e-05
1,1,0.9998366832733154
0,0,0.001456747530028224
0,0,0.004063901025801897
1,1,0.9930826425552368
1,1,0.9994338154792786
1,1,0.999981164932251
0,0,0.0007246969034895301
0,0,1.1886112588399556e-05
1,1,0.9966408014297485
0,0,1.1545562301762402e-05
0,0,0.0001264044112758711
1,1,0.999704897403717
1,1,0.9996824264526367
1,1,0.9931353330612183
1,1,0.9999560117721558
0,0,0.0011329553090035915
0,0,0.36995238065719604
0,0,0.30786046385765076
0,0,0.0033952936064451933
0,0,0.0009641287033446133
1,1,0.9609794616699219
1,1,0.9064399600028992
1,1,0.9979978203773499
0,0,0.032349906861782074
1,1,0.7628872394561768
0,0,0.0001978696382138878
1,1,0.9940874576568604
1,1,0.9928479194641113
1,1,0.9981654286384583
1,1,0.9998205304145813
0,0,0.024469351395964622
1,1,0.995030403137207
1,1,0.9950650334358215
0,0,0.00043180579086765647
1,1,0.998996913433075
0,0,0.0014142765430733562
0,0,5.909020183025859e-05
1,1,0.9941298961639404
0,0,0.00030005312873981893
1,1,0.9999767541885376
1,1,0.9986710548400879
0,0,0.00013598990335594863
0,0,0.16064681112766266
0,0,2.6890304070548154e-05
0,0,4.9830632633529603e-05
0,0,0.00010111470328411087
0,0,3.0654420697828755e-05
1,1,0.9996218681335449
1,1,0.9976969361305237
1,1,0.5706927180290222
0,0,7.307824853342026e-05
1,0,0.14357370138168335
0,0,0.0028086381498724222
0,0,0.004403377417474985
0,0,4.2091345676453784e-05
0,0,0.012345904484391212
0,0,0.13154524564743042
1,0,0.021837875247001648
0,0,6.857598054921255e-05
1,1,0.9991705417633057
0,0,0.0070972079411149025
0,0,7.629088941030204e-05
1,1,0.999625563621521
0,1,0.9702966213226318
0,0,0.17805589735507965
0,0,2.214539335909649e-06
1,1,0.9929457306861877
0,0,0.0004480248608160764
0,1,0.6415138840675354
0,0,0.0007487311959266663
0,0,0.00043787213508039713
0,0,0.014214479364454746
0,0,0.00016857525042723864
0,0,0.002696347888559103
1,1,0.9509389400482178
1,1,0.9990721940994263
0,0,2.2585296392207965e-05
0,0,0.22595606744289398
1,0,0.0046898662112653255
1,1,0.9995662569999695
0,0,1.6645388313918374e-05
1,1,0.9985262155532837
0,0,5.6571036111563444e-05
0,0,0.0006987855304032564
1,1,0.9994763731956482
0,0,0.0005926704034209251
0,0,0.00043815645040012896
1,1,0.9215357303619385
0,0,1.7794700397644192e-05
0,0,5.051313928561285e-05
0,0,5.295061782817356e-05
1,1,0.998224675655365
1,0,0.19132564961910248
1,1,0.9920808672904968
1,0,0.09036502242088318
1,1,0.9985841512680054
1,1,0.9405255913734436
1,1,0.9517871141433716
1,1,0.9969185590744019
0,0,0.09394601732492447
0,0,6.459694122895598e-05
0,0,0.0009615957969799638
1,1,0.9999151229858398
0,0,0.0020626571495085955
0,0,0.05960451439023018
1,1,0.9922459721565247
0,0,4.4198925024829805e-05
0,0,0.0006565211224369705
0,1,0.7300198078155518
0,0,0.03952972590923309
1,1,0.9999580383300781
1,1,0.9997017979621887
1,1,0.6976574659347534
1,0,0.22691710293293
1,1,0.9999463558197021
1,1,0.9933627843856812
1,1,0.9997832179069519
0,0,0.00024329035659320652
1,1,0.7250884175300598
0,0,0.014606216922402382
0,0,8.147240805556066e-06
1,1,0.9958785772323608
1,0,0.46909913420677185
1,1,0.8863885998725891
0,0,0.004408088978379965
1,1,0.9105113744735718
0,0,5.1866722060367465e-05
0,0,1.4242600627767388e-05
1,1,0.9722520112991333
1,1,0.9999761581420898
1,1,0.64296555519104
0,0,3.649920836323872e-05
0,0,0.00019361688464414328
0,0,8.608726602687966e-06
1,0,0.26241862773895264
1,1,0.9998630285263062
1,1,0.9985212683677673
0,0,4.961237937095575e-05
0,0,0.00032366905361413956
0,0,0.00014875576016493142
0,1,0.5013536214828491
0,0,0.0019229422323405743
1,1,0.959233820438385
1,1,0.9933023452758789
0,0,5.5852691730251536e-05
0,0,0.004486593417823315
0,0,8.439837256446481e-05
1,1,0.9994696974754333
0,0,0.014225547201931477
1,1,0.9762108325958252
0,0,0.0009006907930597663
0,0,0.0007819869788363576
0,0,0.000745176337659359
1,1,0.9941744208335876
0,1,0.5110568404197693
1,1,0.9996999502182007
1,1,0.9274185299873352
1,1,0.9985482096672058
0,0,0.0004677645629271865
0,0,0.0006132895359769464
0,0,1.0407783520349767e-05
0,0,0.000299824052490294
0,0,0.004286805167794228
0,0,0.00014270197425503284
0,0,8.043067282414995e-06
0,0,0.22545328736305237
0,0,2.1552109501499217e-06
0,0,0.0013626465806737542
0,0,0.00019504861847963184
0,0,0.0002705114020500332
0,0,8.511105261277407e-05
0,0,0.03511454164981842
1,1,0.9997063279151917
0,0,1.4899384041200392e-05
0,0,0.03417620435357094
0,0,0.0007433543214574456
0,0,0.017675932496786118
0,0,6.535691500175744e-05
0,0,0.0005439791129902005
0,0,0.0002598267456050962
0,0,9.992659761337563e-05
1,1,0.9243233799934387
0,0,0.005943077616393566
1,1,0.9998247027397156
1,1,0.9864174127578735
0,0,0.0008990175556391478
0,1,0.8416764736175537
0,0,4.464073936105706e-05
0,0,2.4945169570855796e-05
1,0,0.43095943331718445
1,1,0.9454911351203918
0,0,0.00013665571168530732
0,0,0.1610635370016098
1,1,0.9931894540786743
1,1,0.9998455047607422
0,0,2.4883702280931175e-05
0,0,2.760460483841598e-05
0,0,3.9685488445684314e-05
0,0,0.0012549004750326276
0,0,8.258799061877653e-05
0,0,0.2857900857925415
1,1,0.9984377026557922
0,0,0.0001859175827121362
0,0,0.00011683017510222271
0,0,0.00013625234714709222
0,0,0.00012754093040712178
0,0,0.000345546257449314
0,0,0.02323688194155693
0,0,1.258409974980168e-05
0,0,7.119353540474549e-05
0,0,0.2170782834291458
0,0,0.0045210993848741055
1,1,0.9998558759689331
1,1,0.9998237490653992
0,0,2.4832828785292804e-05
1,1,0.9647093415260315
1,1,0.995672881603241
1,1,0.9999217987060547
0,0,0.0010709362104535103
0,0,4.8545778554398566e-05
1,1,0.999640703201294
0,0,5.638199581881054e-05
0,0,0.00010588829900370911
0,0,0.39146310091018677
1,1,0.9822824001312256
1,1,0.9999772310256958
0,0,0.02773263119161129
0,0,3.40816804964561e-05
0,0,0.03287079557776451
1,1,0.9921388030052185
1,1,0.9994465708732605
1,1,0.982258677482605
1,1,0.9997157454490662
1,0,0.010128016583621502
0,0,0.00014861923409625888
0,0,0.00442810682579875
0,0,0.0024549993686378
0,0,3.40738806698937e-05
0,0,0.000314539298415184
1,0,0.32016757130622864
0,0,0.002200472168624401
0,0,2.844881237251684e-05
0,0,9.752537152962759e-06
1,1,0.9978687763214111
0,0,0.00016956993204075843
1,1,0.9988749623298645
0,0,3.934127380489372e-05
1,1,0.9990893602371216
0,0,0.004758766852319241
0,0,0.003891052445396781
0,0,0.034335922449827194
0,0,0.0016266923630610108
0,0,0.0020777566824108362
1,1,0.9988986253738403
1,1,0.9998637437820435
1,1,0.9995718598365784
0,0,0.001735998666845262
1,1,0.9995879530906677
1,1,0.9993595480918884
0,0,0.0003709629236254841
1,1,0.9998753070831299
1,1,0.9996738433837891
1,1,0.9999384880065918
0,0,1.4274241948442068e-05
1,1,0.7036464214324951
0,0,1.1810249816335272e-05
0,0,6.762693374184892e-05
1,1,0.9930564761161804
0,1,0.9988226294517517
1,1,0.9823766946792603
0,0,0.04844548553228378
1,1,0.9937645196914673
1,1,0.9973196387290955
0,0,0.003301669145002961
1,1,0.9975523352622986
1,1,0.999352753162384
1,1,0.9969125986099243
0,0,0.0011296635493636131
0,0,0.002963654464110732
0,0,5.4330645070876926e-05
1,1,0.999782145023346
1,0,0.1883293241262436
0,0,0.004820313770323992
0,0,6.506799400085583e-05
0,0,1.6866990335984156e-05
0,0,0.1104319617152214
0,0,0.001099903485737741
0,0,7.650055340491235e-05
0,0,0.0017160288989543915
0,0,2.6684303520596586e-05
0,0,0.009373570792376995
0,0,5.0202525017084554e-05
0,0,0.010714207775890827
1,1,0.9962412118911743
0,0,0.44830432534217834
0,0,0.2163986712694168
0,0,0.008489970117807388
1,1,0.9997828602790833
0,0,1.8083437680616044e-05
1,1,0.9998544454574585
0,0,0.008750478737056255
0,1,0.997969925403595
1,1,0.9988678693771362
1,1,0.9972108006477356
0,0,0.00029248223290778697
1,1,0.9935164451599121
1,1,0.9981828331947327
0,0,0.16131924092769623
0,0,0.001876641996204853
0,0,0.012862233445048332
1,1,0.9993901252746582
1,1,0.9996821880340576
0,0,9.62680860538967e-06
0,0,0.42129048705101013
1,1,0.9909172654151917
0,0,0.01720643788576126
1,1,0.9983773231506348
1,1,0.9993717074394226
0,0,2.4975804990390316e-05
1,1,0.9491028785705566
0,0,4.708232154371217e-06
1,1,0.9962347149848938
0,0,0.005869916174560785
0,0,8.358756895177066e-05
1,1,0.965614378452301
0,0,0.0007653433713130653
0,0,0.000886544119566679
0,0,0.0014821415534242988
1,1,0.9996600151062012
0,0,0.0003051105886697769
0,0,0.001617018599063158
1,1,0.9983293414115906
0,0,0.0003543630300555378
0,0,1.0556920642557088e-05
0,0,6.904821816533513e-07
1,1,0.999967098236084
1,1,0.9525004625320435
0,0,0.0028395378030836582
0,0,0.0019142130622640252
0,0,1.5495439583901316e-05
1,1,0.996837854385376
0,0,0.007956452667713165
0,0,0.00031500111799687147
1,1,0.988560140132904
0,0,0.053404826670885086
1,1,0.9996354579925537
0,0,0.0009258201462216675
1,0,0.009571000002324581
0,0,0.001359306275844574
0,0,3.126571391476318e-05
0,0,0.0009300041128881276
1,1,0.999589741230011
0,0,0.013847782276570797
0,0,3.471867967164144e-05
0,0,9.840530401561409e-05
0,0,0.0002112503134412691
1,1,0.9995856881141663
0,0,6.305523857008666e-05
1,1,0.9999303817749023
1,1,0.9996907711029053
0,0,0.015564560890197754
0,0,0.07388772070407867
0,0,1.0584189112705644e-05
1,1,0.99944669008255
0,0,0.004435638897120953
0,0,9.939415576809552e-06
1,1,0.9992954730987549
0,1,0.6433815360069275
1,1,0.9906022548675537
0,0,0.040820829570293427
0,0,0.00023173434601631016
0,0,0.014551776461303234
1,1,0.9999700784683228
1,1,0.9986777901649475
0,1,0.903132975101471
1,1,0.9997922778129578
1,1,0.9999890327453613
0,0,0.017321640625596046
1,1,0.9661421179771423
1,1,0.9827950596809387
0,0,0.003602002514526248
1,1,0.9896867871284485
0,0,5.5572440032847226e-05
0,0,0.0011642444878816605
1,1,0.999853253364563
0,0,1.2013966625090688e-05
0,0,0.0004352791584096849
0,1,0.757278561592102
0,0,0.0003525382198859006
0,0,5.7195058616343886e-05
0,0,1.039753533405019e-05
0,0,0.007002704311162233
0,0,0.0018933276878669858
0,0,0.002083028433844447
0,0,0.0009021487203426659
1,1,0.9999189376831055
0,0,0.005000433884561062
0,0,0.0046641528606414795
0,0,0.008148114196956158
0,0,0.0004034258017782122
1,1,0.9410685896873474
1,1,0.9970487952232361
1,1,0.9985275268554688
1,1,0.999950647354126
0,0,0.05704671889543533
1,1,0.9998175501823425
1,1,0.9999208450317383
0,0,0.0438726432621479
1,1,0.9960447549819946
0,0,2.2881113181938417e-05
1,1,0.9985937476158142
0,0,0.002239460125565529
0,0,1.4351799109135754e-06
0,0,0.11204208433628082
1,1,0.9892962574958801
1,1,0.999146580696106
0,0,1.5658129996154457e-05
0,0,0.0004861603956669569
1,1,0.9991926550865173
0,0,0.0007404314819723368
1,1,0.9998921155929565
1,1,0.9826306700706482
1,1,0.9904576539993286
0,1,0.8465109467506409
1,1,0.9916653037071228
0,0,0.0013473782455548644
0,0,0.00033042856375686824
1,1,0.9981305003166199
0,0,0.004209303297102451
0,0,0.036655910313129425
0,0,3.440772707108408e-05
1,1,0.999961256980896
1,1,0.8421187996864319
0,0,0.23548434674739838
1,1,0.9999065399169922
0,0,2.138074705726467e-05
0,0,3.0414857974392362e-05
1,1,0.9988833069801331
0,0,0.010631084442138672
0,0,0.09728306531906128
0,0,0.0013622480910271406
0,0,0.007243272382766008
0,0,0.007035613525658846
1,1,0.9982544779777527
0,0,5.2935665735276416e-05
0,0,0.00015483569586649537
0,0,0.0006946466164663434
0,0,0.00120107876136899
0,0,0.0003804513835348189
0,1,0.9154388904571533
0,0,0.017535479739308357
1,1,0.6800253391265869
1,1,0.986412763595581
0,0,0.0024704739917069674
0,0,3.7564444937743247e-05
1,1,0.9913443326950073
0,0,0.008784720674157143
1,0,0.48625653982162476
1,1,0.9997908473014832
1,1,0.9825008511543274
0,0,8.028522643144242e-06
0,0,0.0005035383510403335
0,0,7.031117274891585e-05
1,1,0.9987503290176392
1,1,0.9999542236328125
1,1,0.9985494017601013
1,1,0.9999299049377441
0,0,0.024176856502890587
1,1,0.9985799789428711
0,0,0.0020360511261969805
0,0,0.009017338044941425
0,0,0.1446153074502945
1,1,0.9987006187438965
1,1,0.8826382160186768
1,1,0.9955931305885315
0,0,0.002404766157269478
0,0,0.0024936776608228683
0,0,5.789560964331031e-05
0,0,0.003936511930078268
1,1,0.9940004348754883
0,0,0.02616097405552864
0,0,4.9536458391230553e-05
0,0,2.3990975023480132e-05
0,0,0.003716627135872841
0,0,0.029329221695661545
0,1,0.5075200796127319
0,0,0.006773166358470917
0,0,4.3434200051706284e-05
1,1,0.9987068176269531
0,0,0.3166040778160095
0,0,0.011167473159730434
0,0,0.00012862645962741226
0,0,0.00016136521298903972
0,0,0.0003991065314039588
0,0,1.755869743647054e-05
0,0,0.04972795397043228
0,0,1.1933065252378583e-05
0,0,5.551332378672669e-06
0,0,6.886330538691254e-06
0,0,2.7775426133302972e-05
0,0,0.000532026868313551
1,1,0.9927593469619751
0,0,0.1520323008298874
1,1,0.99962317943573
1,1,0.9994035959243774
0,0,1.2076928214810323e-05
0,0,0.02582220733165741
0,0,0.0034776886459439993
0,0,0.00012559282185975462
0,0,0.0024882785510271788
0,0,0.0003952698898501694
0,0,0.01800638437271118
0,0,0.0003029104555025697
0,0,0.0002631708048284054
1,1,0.9920873045921326
0,0,0.000539932050742209
1,1,0.9998340606689453
0,0,0.0004234057851135731
0,0,0.00043254034244455397
1,1,0.9955975413322449
0,0,0.01970689557492733
1,1,0.9999576807022095
0,0,0.011835417710244656
1,1,0.9924329519271851
0,1,0.7888613939285278
0,0,0.00018370994075667113
1,1,0.9945204854011536
0,0,0.0018250594148412347
1,1,0.9995403289794922
0,0,0.00022450709366239607
0,0,0.0706237182021141
0,0,1.1337530850141775e-05
0,0,0.0008951728814281523
0,0,0.002169145504012704
1,1,0.5322108864784241
1,1,0.6424933075904846
0,0,0.007388165686279535
0,0,0.23639266192913055
1,1,0.9935737252235413
1,1,0.985202968120575
1,1,0.995707094669342
1,1,0.9997949004173279
0,0,0.013156265020370483
1,1,0.9995076656341553
1,0,0.1299438178539276
1,1,0.9663233160972595
1,1,0.9961304664611816
1,1,0.9990746974945068
0,0,0.019978228956460953
1,1,0.9475398063659668
0,0,0.00014326846576295793
1,1,0.9860674738883972
0,0,0.004191608168184757
0,0,0.05564697086811066
0,0,6.825466243753908e-06
1,1,0.9902772903442383
1,1,0.99527907371521
0,0,0.014981970191001892
0,1,0.6986087560653687
1,1,0.9517349600791931
0,0,0.004202201496809721
0,0,0.005777657497674227
0,0,7.151060708565637e-05
0,0,0.001203845371492207
1,1,0.6979562640190125
0,0,1.118445743486518e-05
0,0,0.0011363074881955981
0,0,8.013819751795381e-05
0,0,0.0008225767523981631
1,1,0.9788929224014282
1,1,0.9998301267623901
0,0,0.0003019459545612335
1,1,0.9994974136352539
0,0,5.043078272137791e-05
1,1,0.9998313188552856
1,1,0.9647437334060669
0,0,0.0036943061277270317
0,1,0.5418113470077515
0,0,0.06872843950986862
1,1,0.9998196959495544
1,1,0.9898515939712524
1,1,0.9998823404312134
0,0,0.0005676320870406926
0,0,0.0008468779269605875
0,0,0.0021533791441470385
0,0,0.012513264082372189
1,1,0.9987142086029053
1,1,0.9984235763549805
1,1,0.9785181283950806
1,1,0.994299054145813
1,1,0.9827059507369995
0,0,0.3733832538127899
1,1,0.9999687671661377
1,1,0.9999310970306396
1,1,0.9799181818962097
0,0,0.00011943925346713513
1,1,0.9973573088645935
1,1,0.9804344773292542
1,1,0.9997552037239075
1,1,0.9999523162841797
0,0,0.0018150476971641183
1,1,0.9955263733863831
1,1,0.9998975992202759
1,1,0.9999010562896729
0,0,0.00010396349534858018
0,0,6.130289693828672e-05
0,0,0.00010678822582121938
0,0,0.02565189264714718
1,1,0.9978365302085876
0,0,0.00017351303540635854
0,0,0.02732079289853573
0,0,0.003962838556617498
0,0,0.4200686812400818
0,1,0.991998016834259
0,0,0.0016588064609095454
0,0,2.6661842639441602e-05
0,0,0.044672660529613495
1,1,0.9930391907691956
0,0,0.021657781675457954
1,1,0.9982885718345642
0,0,0.0006190622807480395
0,0,0.02032480202615261
1,1,0.9999512434005737
0,0,0.0016268581384792924
0,0,0.0017312262207269669
1,1,0.9999916553497314
1,1,0.9990847110748291
0,0,0.0011165932519361377
0,0,2.063127249130048e-05
0,0,0.0024681624490767717
0,0,0.003128635697066784
0,0,0.012864413671195507
0,1,0.9659122824668884
1,1,0.9999744892120361
1,1,0.6927832365036011
1,1,0.9997509121894836
1,1,0.9998311996459961
1,1,0.9999831914901733
0,0,0.0009472444071434438
0,0,0.00022576887567993253
0,0,0.002082094782963395
0,0,2.685642357391771e-05
0,0,8.002776303328574e-05
0,0,5.987176336930133e-06
0,0,0.005951024126261473
0,0,0.012843744829297066
0,0,0.03864913061261177
0,0,1.0157193173654377e-05
1,1,0.9992809891700745
0,0,0.0001551596651552245
1,0,0.2042672336101532
1,1,0.9985905289649963
0,0,0.00024724440299905837
0,0,5.62344393983949e-05
0,0,0.005918189883232117
0,0,0.14361870288848877
0,0,0.00016982265515252948
1,1,0.9997538924217224
1,1,0.9998785257339478
0,0,1.3925405255577061e-05
0,0,0.00013830406533088535
1,1,0.9999135732650757
0,0,0.022664234042167664
1,1,0.9886412024497986
1,1,0.9931731820106506
0,0,2.9593177259812364e-06
1,1,0.9968243837356567
0,0,0.10710880160331726
1,1,0.9975975155830383
1,1,0.9980564117431641
0,0,0.00023992074420675635
0,0,0.0007633162313140929
0,0,0.023799259215593338
0,0,0.00957452692091465
1,1,0.9969916343688965
1,1,0.9991483688354492
1,0,0.2535859942436218
1,1,0.994644284248352
1,1,0.8955801129341125
0,0,0.005408417899161577
0,0,2.005839087360073e-05
0,0,1.3528584759114892e-06
0,0,0.0005599436117336154
0,1,0.8489938974380493
0,0,0.038418374955654144
0,0,0.00035190966445952654
1,1,0.9996228218078613
1,1,0.999757707118988
1,1,0.9799914360046387
1,1,0.9999707937240601
1,1,0.9687609076499939
0,0,0.000315427576424554
1,1,0.9997939467430115
0,0,0.0005575332324951887
1,1,0.8901967406272888
0,0,3.836797259282321e-05
0,0,0.0013655890943482518
0,0,0.0009953019907698035
1,1,0.998968243598938
1,1,0.9371268153190613
0,0,8.598039130447432e-05
1,1,0.999853253364563
1,1,0.999426007270813
0,1,0.9892094731330872
0,0,0.12219667434692383
0,0,0.01426026038825512
0,0,0.0017600064165890217
0,0,0.0001288667117478326
0,0,2.536925057938788e-05
1,1,0.9566616415977478
0,0,0.018961669877171516
0,0,0.001208396628499031
0,0,0.0008900507818907499
1,1,0.9987640380859375
0,0,0.0004893528530374169
0,0,0.013528864830732346
0,0,0.001610234729014337
0,0,0.00024358027440030128
1,1,0.9982197880744934
0,0,0.00030301150400191545
1,1,0.9984685778617859
0,0,0.00019717958639375865
0,0,0.007657170761376619
0,0,0.03860222548246384
0,0,4.759701187140308e-05
1,1,0.9998881816864014
0,0,0.0004384698113426566
1,1,0.9958838820457458
1,1,0.6945260763168335
1,1,0.999506950378418
0,0,0.00010780009324662387
1,1,0.9999008178710938
1,1,0.9958763122558594
0,0,0.00023441680241376162
1,1,0.9999504089355469
0,0,0.004145265091210604
0,0,0.00029795788577757776
1,1,0.9900819659233093
0,0,0.0023070438764989376
0,0,1.5547502698609605e-06
0,1,0.7248091697692871
1,0,0.11817760020494461
1,1,0.9969018697738647
1,1,0.9995112419128418
1,1,0.9994514584541321
1,1,0.9990478157997131
1,1,0.9997379183769226
1,1,0.9999041557312012
1,1,0.9999513626098633
0,0,7.265196472872049e-05
1,1,0.8562695980072021
0,0,0.1584312915802002
0,0,1.7378781194565818e-05
0,0,0.00020414318714756519
1,1,0.9997997879981995
0,0,0.495123028755188
0,0,0.002354550873860717
1,1,0.9994367957115173
1,1,0.9999176263809204
0,0,9.351706103188917e-05
1,1,0.9999082088470459
1,1,0.9998536109924316
0,0,0.014493032358586788
1,1,0.9551824331283569
1,1,0.999954104423523
0,0,0.002636873396113515
0,0,0.0001002052376861684
0,1,0.9670931100845337
1,1,0.8905888795852661
0,0,0.012579042464494705
1,1,0.9998663663864136
0,0,1.9461338524706662e-05
1,1,0.999472439289093
0,0,0.0015746940625831485
1,1,0.9952087998390198
1,1,0.6084384918212891
0,0,2.8291027774685062e-05
0,0,0.0145637271925807
0,0,0.25866517424583435
1,1,0.9636534452438354
0,1,0.9992591738700867
0,0,0.024311281740665436
0,0,0.000518288929015398
0,0,4.525635631580371e-06
0,1,0.9461349844932556
0,0,0.00011313228606013581
1,1,0.9957031607627869
0,0,0.0007529731374233961
1,1,0.9852633476257324
0,1,0.9837613701820374
1,1,0.9997311234474182
0,0,0.00090385926887393
1,1,0.9998812675476074
1,1,0.6093181371688843
0,0,0.00010981267405441031
0,0,0.020608052611351013
1,1,0.9997438788414001
1,1,0.9068953394889832
0,0,9.270852751797065e-05
1,1,0.9990037083625793
1,1,0.975159764289856
1,1,0.9994916915893555
1,1,0.9970477223396301
1,1,0.9996297359466553
1,1,0.9465102553367615
0,0,0.00016769542708061635
0,0,0.03719961270689964
0,0,0.0005119181587360799
1,1,0.9990208148956299
1,1,0.9998942613601685
1,1,0.9860292077064514
0,0,8.65043475641869e-05
0,0,0.0003036630805581808
0,0,0.0013176617212593555
0,0,0.000295975711196661
0,0,0.0003641685179900378
1,1,0.9979439377784729
1,1,0.9996390342712402
0,0,0.0005501284613274038
0,0,0.04771387577056885
0,0,0.0007334404508583248
1,1,0.9985193610191345
1,1,0.9915359020233154
1,1,0.9995075464248657
1,1,0.9998999834060669
0,0,0.018066294491291046
1,1,0.9957028031349182
1,1,0.9938262104988098
1,1,0.9950844645500183
0,0,0.00036208436358720064
0,0,1.2796916053048335e-05
0,0,0.0001232066861120984
0,0,3.108720920863561e-05
1,1,0.9999854564666748
0,0,0.004352158401161432
0,1,0.9524160027503967
1,1,0.97865891456604
1,1,0.9774385094642639
1,1,0.9997071623802185
1,1,0.972701370716095
1,1,0.9283992648124695
1,1,0.9995430707931519
1,1,0.9989581108093262
0,0,2.6101151888724416e-05
0,0,0.0005169161595404148
0,0,0.12444652616977692
0,0,0.00012019194400636479
1,1,0.9985774755477905
1,1,0.9886609315872192
1,1,0.9424670338630676
0,0,0.0003158311010338366
1,1,0.9991961121559143
1,1,0.9958034157752991
1,1,0.9537729024887085
0,0,6.65699117234908e-05
0,0,0.00042781021329574287
1,1,0.9495614171028137
1,1,0.9980255365371704
0,0,6.174797454150394e-05
0,0,0.0003144889196846634
0,0,0.00013731390936300159
0,0,0.006842222064733505
1,1,0.9994816184043884
0,0,0.0005536993267014623
0,0,0.0011661429889500141
0,0,0.00020358143956400454
1,1,0.9993822574615479
0,1,0.6270262598991394
1,1,0.9991969466209412
1,1,0.9999364614486694
1,1,0.99886155128479
1,1,0.9998416900634766
1,1,0.9998990297317505
0,0,1.635251464904286e-05
1,1,0.9780013561248779
1,1,0.9989528656005859
0,0,0.0035263930913060904
0,0,0.0005859039374627173
0,0,0.003949368372559547
0,0,0.3734270930290222
1,1,0.9980466365814209
1,1,0.9999929666519165
0,0,0.4918902516365051
0,0,0.00015575377619825304
1,1,0.9907999634742737
1,1,0.9859302639961243
1,1,0.9999516010284424
0,0,0.0013781447196379304
0,0,6.488885264843702e-05
1,1,0.9639887809753418
1,1,0.9972645044326782
0,0,0.00018743945111054927
1,1,0.9944625496864319
1,1,0.9058017134666443
0,1,0.9264962077140808
1,1,0.9997231364250183
0,0,0.00027265248354524374
0,0,5.909612082177773e-05
0,0,0.0004334434634074569
0,0,0.001997517654672265
1,0,0.1609785109758377
0,1,0.5152813792228699
0,0,0.0006496347486972809
0,0,0.0018226886168122292
0,0,0.0005524423322640359
1,1,0.9603304266929626
0,0,0.0006615023012273014
1,1,0.9995463490486145
1,1,0.9999371767044067
0,0,0.006325267720967531
1,1,0.9997183680534363
0,0,2.0770567061845213e-05
0,0,9.916852286551148e-05
1,1,0.9979144930839539
1,1,0.9989758729934692
0,0,0.0213833749294281
1,1,0.9953083395957947
0,0,7.845524669392034e-05
1,1,0.9901576638221741
0,0,0.0009303333354182541
1,1,0.9818168878555298
1,1,0.9999730587005615
0,0,0.00023743078054394573
1,1,0.9965315461158752
0,0,0.27333757281303406
1,1,0.9969114661216736
0,0,0.0008871077443473041
0,0,0.0004015620215795934
1,1,0.9984955787658691
1,1,0.999860405921936
1,1,0.9741625189781189
1,0,0.18228240311145782
1,1,0.9986938834190369
1,1,0.9712954759597778
0,0,0.001775172771885991
1,1,0.9947444200515747
0,0,5.391764716478065e-06
1,1,0.9992347955703735
1,1,0.8750143051147461
1,1,0.9573695659637451
1,1,0.9976491332054138
0,0,0.00013597654469776899
0,0,0.000154581677634269
1,1,0.9985566735267639
1,1,0.995319664478302
0,0,0.0026688980869948864
0,0,0.0004095721524208784
1,1,0.9870943427085876
0,0,0.0006829430349171162
1,1,0.9981864094734192
1,1,0.9837747812271118
1,1,0.9674934148788452
0,0,0.0035717645660042763
0,0,5.2096336730755866e-05
1,1,0.9995038509368896
1,1,0.9997352957725525
0,0,0.00696447491645813
1,1,0.9933241009712219
0,0,0.013992924243211746
1,1,0.998514711856842
1,1,0.9997103810310364
1,1,0.9472822546958923
1,1,0.9978173971176147
1,1,0.9679425358772278
0,0,0.013140970841050148
1,1,0.9995899796485901
1,1,0.9961183071136475
0,0,0.0013822601176798344
0,0,0.38751354813575745
0,0,0.00022828803048469126
0,0,0.00012462245649658144
0,0,0.0021199702750891447
0,0,0.000995404552668333
0,0,0.0008940552943386137
0,0,1.2140429134888109e-05
1,1,0.9996128678321838
1,1,0.9989662170410156
0,0,7.457038009306416e-05
0,0,7.028581421764102e-06
0,0,0.0015447329496964812
0,0,3.598814146243967e-06
1,1,0.9987127780914307
1,0,0.1505582183599472
1,1,0.9740608334541321
1,1,0.9984739422798157
1,1,0.9610567688941956
0,0,0.0012984074419364333
1,1,0.76412433385849
0,0,0.2544107437133789
0,0,0.14234964549541473
1,1,0.9994410872459412
1,1,0.8748423457145691
1,1,0.9711280465126038
0,0,0.007864761166274548
0,0,9.236902769771405e-06
1,1,0.9989162683486938
1,1,0.9999758005142212
0,1,0.6674820184707642
1,1,0.9995548129081726
0,0,0.0027650846168398857
0,0,0.000526160525623709
1,1,0.9972690939903259
1,1,0.9983518123626709
1,1,0.9998063445091248
0,1,0.524005651473999
1,1,0.9844979643821716
0,0,1.4981552340032067e-05
0,0,6.818057590862736e-05
0,0,0.10533324629068375
1,1,0.9032022356987
0,0,7.610105058120098e-06
0,0,0.00021458265837281942
1,1,0.9514374732971191
1,0,0.4513308107852936
0,0,0.010939902625977993
1,1,0.9728221893310547
0,0,0.03815766051411629
0,0,0.00023426800908055156
0,0,5.233859337749891e-05
0,0,0.000801656860858202
0,0,0.0001917928602779284
1,1,0.9989525079727173
0,0,0.03915153816342354
0,0,0.007707628421485424
1,1,0.9994269609451294
0,0,2.1387924789451063e-05
0,0,0.23227860033512115
0,0,0.00880785658955574
1,1,0.9967958331108093
0,0,0.0012753315968438983
0,0,0.00027669340488500893
0,0,7.794630073476583e-05
1,1,0.9995135068893433
1,1,0.9998736381530762
1,1,0.9832951426506042
1,1,0.9771879315376282
1,1,0.9988841414451599
1,1,0.9960771203041077
1,1,0.9818364977836609
1,1,0.9992985725402832
0,0,3.404685776331462e-05
1,1,0.9976296424865723
1,1,0.9978750944137573
1,1,0.6136392951011658
1,1,0.9962369203567505
1,1,0.99996018409729
0,0,6.61164231132716e-05
0,0,8.314842125400901e-05
1,1,0.9853760600090027
1,1,0.9999032020568848
0,1,0.9026287198066711
0,0,0.00019594300829339772
0,0,0.0011979903792962432
0,0,9.672536180005409e-06
0,0,2.58642967310152e-06
0,0,0.0008981006685644388
0,0,0.004535868763923645
0,0,1.579644413141068e-05
0,0,0.0001442928914912045
0,0,0.0002998257987201214
0,0,0.0011299395700916648
1,1,0.7156339287757874
0,0,0.00012714046170003712
1,1,0.9987677335739136
0,0,8.46644543344155e-05
0,0,2.9457225537043996e-05
1,1,0.9962361454963684
0,0,0.0001265286118723452
1,1,0.9952580332756042
1,1,0.9994606375694275
1,1,0.999397873878479
0,0,0.20155012607574463
0,0,0.00034054098068736494
1,1,0.9937917590141296
1,1,0.9883621335029602
0,0,0.019641080871224403
1,1,0.9999284744262695
1,1,0.9994298815727234
1,1,0.9951621890068054
1,1,0.9997962117195129
0,0,0.1199597418308258
0,0,7.359702431131154e-05
0,0,0.003583989106118679
0,0,0.30164140462875366
0,0,0.0020881311502307653
1,1,0.9991855025291443
0,0,0.0006878764252178371
1,1,0.9349636435508728
1,1,0.5726609826087952
1,1,0.9996939897537231
1,1,0.9998310804367065
0,0,0.00010675901285139844
1,1,0.9999172687530518
0,0,2.0753261196659878e-05
0,0,0.32064172625541687
0,0,0.0017666253261268139
1,1,0.9322305917739868
0,0,0.07344447076320648
0,0,0.003925861790776253
1,1,0.9842066764831543
1,1,0.9091679453849792
0,0,0.0016248550964519382
0,0,0.2436961680650711
1,1,0.9998594522476196
1,1,0.9967039227485657
0,0,0.0012926703784614801
0,0,0.0004782899923156947
0,0,3.998007014160976e-05
0,0,0.001938484376296401
1,1,0.9999316930770874
0,0,0.0017574664670974016
0,0,0.18659478425979614
0,0,0.00031207059510052204
1,1,0.9997251629829407
1,1,0.9985681772232056
1,1,0.9957061409950256
1,1,0.9950523972511292
1,1,0.9988526105880737
0,0,0.3432065546512604
0,0,0.4622860848903656
1,1,0.9970472455024719
1,1,0.9996551275253296
1,1,0.8127020597457886
0,0,0.0014780196361243725
1,1,0.9994718432426453
0,0,0.0006233874009922147
1,1,0.9933904409408569
0,0,0.30487674474716187
0,0,2.955371019197628e-05
0,0,0.000594119424931705
1,1,0.9716413021087646
0,0,0.00013196140935178846
0,0,0.0009715108317323029
0,0,0.01828964613378048
0,0,0.016382534056901932
0,0,0.00020645356562454253
1,1,0.999823272228241
0,1,0.8898361325263977
1,1,0.999560534954071
1,1,0.9999223947525024
0,0,0.2543511986732483
1,1,0.9812162518501282
1,1,0.9989776611328125
1,1,0.9963640570640564
0,0,0.27633991837501526
0,0,0.0005012447363696992
1,1,0.9999619722366333
1,1,0.9993884563446045
1,1,0.9768931865692139
0,0,0.0007700509740971029
1,1,0.9993194341659546
1,1,0.9946877956390381
0,0,0.07655299454927444
1,1,0.9959061145782471
1,1,0.9022729992866516
1,1,0.9941072463989258
0,0,0.0002543626760598272
0,0,0.0005118630360811949
1,1,0.9993834495544434
0,0,0.0038398471660912037
0,1,0.9229810237884521
0,0,2.4730687073315494e-05
0,0,0.00595818180590868
0,0,0.00017390906577929854
0,0,0.03292129933834076
0,0,0.00026570563204586506
1,1,0.9998378753662109
0,0,0.006580918561667204
1,1,0.9920069575309753
1,1,0.9996532201766968
0,0,0.02154078520834446
1,1,0.9921378493309021
0,0,0.01497744582593441
0,0,0.20049461722373962
0,0,2.285465961904265e-05
0,0,8.207225619116798e-06
0,0,0.00040702702244743705
0,0,0.09612050652503967
0,0,0.01056946162134409
1,1,0.9982717037200928
0,0,0.017676766961812973
0,0,2.4433764338027686e-05
0,0,0.0004314229590818286
1,1,0.9988922476768494
0,0,4.854425060329959e-05
1,1,0.9987651109695435
1,1,0.9842731952667236
1,1,0.9757083654403687
1,1,0.9992941617965698
1,1,0.9850504398345947
0,0,4.241445640218444e-05
1,1,0.9983147382736206
1,1,0.9997475743293762
1,1,0.9997846484184265
1,1,0.9999629259109497
1,1,0.9996696710586548
1,1,0.9829962849617004
1,0,0.21307894587516785
1,1,0.9995762705802917
0,0,0.0006682503153569996
1,1,0.9996970891952515
1,1,0.9999028444290161
1,1,0.9994040727615356
1,1,0.999077558517456
1,1,0.998984158039093
1,1,0.999383807182312
0,0,0.10461334139108658
1,1,0.9998859167098999
1,0,0.014218442142009735
0,0,9.089500963455066e-05
1,1,0.9626434445381165
1,1,0.9082446098327637
1,1,0.9857080578804016
1,1,0.9937399625778198
0,0,9.766947914613411e-05
0,0,0.00016625534044578671
0,0,0.084213025867939
0,0,0.009668773040175438
1,1,0.841934859752655
1,1,0.9729631543159485
0,0,0.07720772922039032
0,0,0.2473093569278717
0,0,0.00048598245484754443
0,0,3.769172326428816e-05
1,0,0.30427786707878113
1,1,0.9786281585693359
1,1,0.9993841648101807
0,0,0.0007705703028477728
1,1,0.9093021750450134
1,1,0.9874847531318665
0,0,0.008388029411435127
1,1,0.9998742341995239
1,1,0.9961292743682861
1,1,0.9998326301574707
0,0,0.0008777964394539595
1,0,0.4009873867034912
1,1,0.9753265380859375
1,1,0.7822198867797852
1,1,0.9995890259742737
0,0,2.2061616618884727e-05
0,0,1.9549826902220957e-05
0,0,3.7871950553380884e-06
1,1,0.9998757839202881
0,0,0.004545930307358503
0,0,0.00027347594732418656
1,1,0.9717785120010376
1,1,0.5534561276435852
1,1,0.9552550911903381
1,1,0.9999327659606934
0,0,0.016993273049592972
0,0,0.004114477429538965
1,1,0.9781976342201233
0,0,0.0006549075478687882
1,1,0.9960123300552368
0,0,0.0031311798375099897
0,0,9.666757250670344e-05
1,1,0.9999465942382812
1,1,0.9998226761817932
0,0,4.611419626598945e-06
1,1,0.9848018288612366
1,1,0.7623074054718018
0,0,5.376954868552275e-05
1,1,0.9118920564651489
1,1,0.9805694818496704
1,1,0.9905866980552673
0,0,0.003046697936952114
1,0,0.25642988085746765
0,0,0.0518324114382267
0,0,0.001388976234011352
1,1,0.7994493842124939
0,0,0.0004349948139861226
1,1,0.9978680610656738
0,0,0.0010022312635555863
0,0,0.008245255798101425
1,1,0.9995405673980713
1,1,0.9997014403343201
1,1,0.8842046856880188
0,0,0.015117432922124863
1,1,0.9992693066596985
0,0,0.0035830901470035315
1,1,0.9936150312423706
0,0,0.07072553038597107
0,0,0.03993190452456474
0,1,0.9228976368904114
1,1,0.535901665687561
1,1,0.9786938428878784
1,1,0.9997435212135315
1,1,0.9990732669830322
0,0,0.011500518769025803
1,1,0.9791425466537476
1,1,0.981092631816864
1,1,0.9995949864387512
0,0,0.010721093975007534
1,1,0.9959230422973633
1,1,0.9999840259552002
0,0,1.4545198609994259e-05
1,0,0.11459261924028397
1,1,0.9996575117111206
1,1,0.9922037124633789
0,0,0.0010718757985159755
0,0,0.041404206305742264
1,1,0.9994944334030151
1,1,0.9922129511833191
1,1,0.9999974966049194
1,1,0.9998043179512024
1,1,0.9999703168869019
1,1,0.9977303147315979
0,0,0.00013799172302242368
0,0,0.008890900760889053
1,1,0.9540482759475708
0,1,0.9996857643127441
1,1,0.9988241791725159
0,0,8.929915929911658e-05
0,0,0.000357847340637818
0,0,0.0011934334179386497
0,0,0.3224959373474121
0,0,0.05229935422539711
1,1,0.9999823570251465
1,1,0.9953836798667908
0,0,0.1522769182920456
0,0,0.009321308694779873
0,0,1.114365932153305e-05
1,1,0.9997742772102356
1,1,0.999342143535614
0,0,0.0004228578181937337
0,0,0.007832590490579605
0,0,1.736378726491239e-05
0,0,0.012205890379846096
1,1,0.8333918452262878
1,1,0.7624467015266418
1,1,0.986388623714447
0,0,5.677857552655041e-05
0,0,0.0002569902571849525
0,0,0.007197167258709669
0,0,0.0019019716419279575
0,0,0.0028903447091579437
1,1,0.9905315637588501
0,0,0.003401244757696986
1,1,0.9999014139175415
0,0,0.00014362546789925545
1,1,0.9973804354667664
1,1,0.9996696710586548
1,1,0.9907354116439819
0,0,0.0012842812575399876
1,1,0.9999393224716187
0,0,0.1282290667295456
0,0,0.00010145989654120058
1,1,0.9378094673156738
0,0,0.0017427406273782253
1,1,0.9996770620346069
0,0,6.649256829405203e-05
0,0,1.0067611583508551e-05
1,1,0.9585216045379639
0,0,0.009539838880300522
1,1,0.9998034834861755
0,0,0.10809081047773361
0,0,0.00010606949217617512
1,1,0.9988264441490173
0,0,0.002773256739601493
0,0,3.763999848160893e-05
1,1,0.9986612796783447
0,0,1.0249593287880998e-05
0,0,0.0004412607231643051
0,0,0.03593966364860535
0,0,0.0009223321103490889
0,0,3.052059037145227e-05
0,0,0.00023343588691204786
0,1,0.9025710225105286
0,0,0.0006739971577189863
1,1,0.9989330172538757
1,1,0.9876294136047363
0,0,0.0008604114991612732
0,0,3.794507938437164e-05
0,0,0.1268564760684967
0,0,0.0010782404569908977
1,1,0.9996393918991089
1,1,0.9815258979797363
1,1,0.9993118047714233
1,1,0.9979812502861023
0,0,6.582025525858626e-05
0,0,2.735280395427253e-05
0,0,0.0003261166566517204
1,1,0.9996856451034546
1,1,0.9455892443656921
1,1,0.9929333925247192
0,0,9.376458183396608e-05
1,1,0.9493169784545898
1,1,0.9985502362251282
1,1,0.9959303736686707
0,0,3.454957186477259e-05
0,0,0.23966588079929352
1,1,0.5087798833847046
1,1,0.9827730655670166
0,0,3.111206024186686e-05
1,1,0.9993662238121033
0,0,0.001778902136720717
1,1,0.997668445110321
0,0,4.407018423080444e-06
0,0,0.00013267328904476017
1,1,0.9993884563446045
0,0,0.00030316354241222143
0,0,7.309915963560343e-05
0,0,0.049001213163137436
0,0,0.0001572430192027241
0,0,0.023833753541111946
0,0,0.0014730575494468212
0,0,0.01471527200192213
0,0,0.00015271750453393906
0,0,1.8719103536568582e-05
0,0,0.05345199257135391
0,0,0.008868440985679626
1,1,0.9996252059936523
0,0,0.00010073589510284364
1,1,0.9991685152053833
1,1,0.9996185302734375
1,1,0.9994474053382874
0,0,0.008307025767862797
0,0,0.4428011476993561
1,1,0.8571398854255676
1,1,0.9934918284416199
0,0,0.0008959339465945959
0,0,0.0026824050582945347
0,0,0.03569335117936134
0,0,8.026630530366674e-05
1,1,0.9989701509475708
1,1,0.9971080422401428
1,1,0.8879668116569519
1,1,0.999922513961792
0,0,0.00010182549158344045
0,0,4.563651600619778e-05
0,0,0.00017989655316341668
1,0,0.3194006681442261
1,1,0.9979596138000488
0,0,0.0012072887038812041
1,1,0.9983841180801392
1,1,0.9986270666122437
1,1,0.9991055130958557
0,0,0.19657760858535767
1,1,0.9994996786117554
1,1,0.9998975992202759
1,1,0.9979606866836548
1,1,0.9829095602035522
0,0,0.0022380477748811245
1,1,0.9950005412101746
1,1,0.9999512434005737
0,0,0.00014918416854925454
0,0,0.00027996956487186253
0,0,0.01724184863269329
0,0,0.0034011087846010923
0,0,1.5236395483952947e-05
0,0,0.00031427762587554753
0,0,9.398265319759957e-06
0,0,0.0006407421315088868
0,0,1.887423059088178e-05
0,1,0.7504396438598633
1,1,0.9983972907066345
1,1,0.9923783540725708
1,1,0.9892129302024841
1,1,0.9961948394775391
0,0,7.045749225653708e-05
1,1,0.995984673500061
1,1,0.9992613196372986
0,0,0.03169087693095207
1,1,0.9981117248535156
0,0,0.10641065239906311
1,1,0.999573290348053
0,0,0.0003292176697868854
0,0,0.00033919536508619785
1,1,0.9993069171905518
1,1,0.9995705485343933
0,0,0.00013875370495952666
0,0,0.0006030149525031447
0,0,0.0001390819379594177
1,1,0.9960681200027466
0,0,0.0037912700790911913
0,0,4.693770461017266e-05
0,0,0.00028022780315950513
0,0,0.04031232371926308
0,0,2.4243137886514887e-05
0,0,3.6419896787265316e-05
0,0,0.0003558424359653145
0,0,0.44860804080963135
0,0,0.02686387114226818
0,0,0.00019459424947854131
0,0,0.0003996628220193088
0,0,0.0006176308379508555
1,1,0.9590556025505066
1,1,0.9943460822105408
0,0,0.00015774054918438196
1,1,0.9999732971191406
0,1,0.8687682151794434
0,1,0.8898783326148987
0,0,0.04110373184084892
1,1,0.9993345141410828
0,0,0.00020196936384309083
1,1,0.9999707937240601
1,1,0.9986152648925781
0,0,0.0020783490035682917
0,0,0.059159960597753525
1,1,0.9993823766708374
0,0,2.8272550480323844e-05
0,0,0.0002743429795373231
1,1,0.9889398217201233
0,0,0.028630301356315613
1,1,0.874400794506073
0,0,0.0003619609633460641
0,0,4.1975898056989536e-05
0,0,1.9165436242474243e-05
1,1,0.9999135732650757
0,0,0.008223308250308037
0,0,4.6394779928959906e-05
0,0,0.06425616145133972
1,0,0.11949491500854492
1,1,0.9997865557670593
1,1,0.9955529570579529
1,1,0.8372224569320679
1,1,0.9800807237625122
0,0,0.00040678109508007765
1,1,0.9994149208068848
0,0,0.00025566198746673763
1,1,0.9981918931007385
0,0,0.00011739347246475518
0,0,0.00044556971988640726
0,0,0.003954511135816574
1,0,0.38235148787498474
1,1,0.9996515512466431
0,1,0.9980689883232117
1,1,0.9996204376220703
0,0,0.044659435749053955
1,1,0.9999058246612549
1,1,0.9922367930412292
1,1,0.9999148845672607
0,0,0.00013456455781124532
1,1,0.9979293346405029
1,0,0.0023733002599328756
1,1,0.9845383167266846
0,0,0.0008692091796547174
0,0,0.00012205977691337466
0,0,0.00027510858490131795
1,0,0.020017195492982864
1,1,0.9995152950286865
1,1,0.999927282333374
1,1,0.9756153225898743
1,1,0.9999619722366333
0,0,0.00014987526810728014
0,0,0.0010609142482280731
0,0,0.00011370050197001547
1,1,0.7339231967926025
1,1,0.9962692260742188
0,0,0.0007796632125973701
1,1,0.9997493624687195
0,0,0.00017295438738074154
1,1,0.9998182654380798
0,0,0.009334537200629711
0,0,0.0005117137334309518
1,1,0.9971473813056946
1,0,0.01902189292013645
0,0,0.0010846643708646297
1,1,0.9976444840431213
1,1,0.9491598010063171
0,0,0.005127213429659605
1,1,0.9996538162231445
0,0,2.1051946532679722e-05
0,0,1.705562499410007e-05
1,0,0.452349990606308
1,1,0.9991405010223389
1,1,0.9949678778648376
0,0,0.005703061819076538
0,1,0.9702754020690918
1,1,0.9852107167243958
1,1,0.9992374181747437
1,1,0.9694690108299255
0,0,9.445991599932313e-05
0,0,0.0002653059200383723
1,1,0.9637248516082764
1,1,0.557456374168396
0,0,0.008913126774132252
1,1,0.989967942237854
1,1,0.9996716976165771
1,1,0.7588706016540527
0,0,2.943740037153475e-05
1,1,0.9990028738975525
1,1,0.9973487854003906
1,1,0.9968255758285522
0,0,1.587445876793936e-05
1,1,0.999653697013855
0,0,0.00011377934424672276
1,1,0.9999828338623047
1,1,0.9969275593757629
1,1,0.9983406066894531
0,0,0.0016004606150090694
1,1,0.9077575206756592
1,1,0.9933711290359497
1,1,0.9952676296234131
0,1,0.9712226390838623
0,0,0.0005630275118164718
0,0,0.0001258203265024349
0,0,0.0005640803137794137
0,0,5.063080971012823e-05
1,1,0.9877219796180725
1,1,0.9994884729385376
1,1,0.9969565868377686
1,1,0.9996963739395142
0,0,4.5294862502487376e-05
0,0,0.0006149585242383182
1,1,0.991447925567627
0,0,0.008575627580285072
0,0,0.044489309191703796
0,0,0.0014567822217941284
1,1,0.9985931515693665
1,1,0.9857537746429443
0,0,2.5273724531871267e-05
0,0,0.0031167876441031694
0,0,0.00766877643764019
1,1,0.980816662311554
1,1,0.5298427939414978
0,0,0.0010257043177261949
1,1,0.9978160858154297
0,0,6.161839701235294e-05
1,1,0.9998675584793091
1,1,0.9979642629623413
1,1,0.9987533092498779
1,1,0.9993345141410828
1,1,0.9999620914459229
0,0,0.003193874843418598
0,0,0.0005435911589302123
0,0,0.014692813158035278
0,0,0.012385114096105099
0,0,2.074504845950287e-05
0,0,0.002172136679291725
1,0,0.02167455665767193
0,0,0.00014201687008608133
0,0,0.004006919451057911
1,1,0.9925231337547302
0,0,0.0001423368084942922
1,1,0.9997783303260803
0,0,0.0012882419396191835
1,1,0.999855637550354
1,1,0.9915307760238647
1,1,0.9996249675750732
1,1,0.9975010752677917
1,1,0.9993711113929749
1,1,0.9993452429771423
1,1,0.9628335237503052
0,0,0.0004465646925382316
1,1,0.9969412684440613
0,0,0.2175186574459076
1,0,0.2065812349319458
1,1,0.999925971031189
0,0,0.0034006484784185886
0,0,0.12001413851976395
1,1,0.9998400211334229
1,1,0.6982567310333252
0,0,0.0038005495443940163
0,0,0.015217313542962074
1,1,0.9998797178268433
0,0,0.0026311108376830816
0,0,0.13403327763080597
0,0,0.001686863019131124
1,1,0.9997642636299133
0,1,0.9843815565109253
1,1,0.918247640132904
1,1,0.9998983144760132
1,1,0.9955215454101562
0,1,0.8360540270805359
1,1,0.9977865219116211
1,1,0.9976897239685059
0,0,0.056732650846242905
0,0,0.010837540030479431
0,0,2.1377749362727627e-05
0,0,3.3789641747716814e-05
1,1,0.9991937279701233
0,0,1.2988090020371601e-05
1,1,0.9866881966590881
1,0,0.0036304371897131205
0,0,0.004499370697885752
0,0,0.0012130903778597713
1,1,0.8647739887237549
0,0,0.0003040933224838227
0,0,0.00018732046009972692
0,0,0.03570190444588661
0,0,7.755819751764648e-06
1,1,0.9994007349014282
1,0,0.033454529941082
1,1,0.9999395608901978
1,0,0.004442200530320406
1,1,0.993955671787262
0,0,0.0021527153439819813
0,0,0.000439801428001374
0,0,2.7935049729421735e-05
0,0,0.23735980689525604
1,1,0.9988517761230469
1,1,0.8869720101356506
1,0,0.4150840640068054
1,1,0.999322772026062
0,0,6.188019324326888e-05
0,0,0.00026526342844590545
0,0,0.013105584308505058
0,0,0.02726036310195923
0,0,4.048995833727531e-05
0,0,0.005451986566185951
0,0,4.475095465750201e-06
0,0,0.00013241797569207847
1,1,0.9970279335975647
1,1,0.9987176656723022
0,0,7.052867658785544e-06
1,0,0.36560705304145813
0,0,0.04928163066506386
1,1,0.9967014193534851
1,1,0.9999467134475708
0,0,5.4569707572227344e-05
0,0,0.02000681310892105
1,1,0.9986929297447205
0,0,0.00012022058945149183
1,1,0.9981591105461121
1,1,0.9998821020126343
0,0,4.692481525125913e-05
1,1,0.9999744892120361
0,0,2.8999165806453675e-05
0,0,0.00040392932714894414
1,1,0.999904990196228
1,1,0.9999226331710815
1,1,0.9994538426399231
1,1,0.9839365482330322
0,0,0.0008132504299283028
0,0,0.0006854835082776845
1,1,0.9997666478157043
0,0,0.002085274551063776
1,1,0.9993833303451538
0,0,0.00018893179367296398
1,1,0.9995763897895813
1,1,0.9993021488189697
0,0,0.006925423163920641
1,1,0.9586127996444702
1,1,0.9996998310089111
0,0,6.628902337979525e-05
0,0,4.9448481149738654e-05
0,0,0.00024276877229567617
0,0,6.102670886320993e-05
0,0,9.348370804218575e-05
0,0,1.7775670130504295e-05
1,1,0.9998201727867126
0,0,0.2902517318725586
0,0,8.97896388778463e-05
1,1,0.931773841381073
1,1,0.9931620359420776
0,0,4.9935431889025494e-05
0,1,0.7969837188720703
0,0,0.0014759275363758206
0,0,0.0006200552452355623
1,1,0.9991227984428406
0,0,0.0006773300701752305
0,0,0.0001655596133787185
0,0,0.00016891202540136874
0,0,0.012121814303100109
1,1,0.5582131147384644
0,0,0.0012599341571331024
0,1,0.947365939617157
0,0,0.00016309383499901742
0,0,0.0036049317568540573
0,0,1.3120124094712082e-05
1,0,0.16447453200817108
0,0,3.059300433960743e-05
0,0,0.00039051100611686707
0,0,0.003954772371798754
1,1,0.6242305040359497
1,1,0.9607020020484924
1,1,0.9990800619125366
0,0,0.006635937374085188
1,1,0.5531616806983948
0,0,0.02275480329990387
0,0,0.002008727053180337
1,1,0.999659538269043
0,0,0.0003301250108052045
0,0,8.055461512412876e-05
0,0,0.00016055561718530953
0,0,4.321613232605159e-05
0,0,2.4234055672422983e-05
1,0,0.11114484071731567
0,0,5.343462817108957e-06
1,1,0.998011589050293
0,0,0.0005878129741176963
1,1,0.9878756999969482
0,0,0.008690227754414082
1,1,0.9579517245292664
1,1,0.9714145660400391
1,1,0.9897521734237671
0,0,0.005221826955676079
1,0,0.32699382305145264
1,1,0.9997696280479431
1,1,0.9991245865821838
1,1,0.9969051480293274
0,0,0.0985836535692215
0,0,0.00011236421414650977
1,1,0.9946789741516113
0,0,0.00013413077977020293
1,1,0.997297465801239
0,0,0.0017998171970248222
0,0,0.46700212359428406
0,0,0.00022488931426778436
1,1,0.9617221355438232
0,0,0.21059800684452057
0,0,0.0007973831379786134
1,1,0.5414336919784546
1,1,0.767324686050415
1,1,0.999640703201294
0,0,1.481866911490215e-05
1,1,0.9998294115066528
0,0,0.00022784834436606616
1,1,0.982084333896637
0,0,0.15065062046051025
1,1,0.9959651231765747
0,0,0.00639303820207715
0,1,0.8938606977462769
1,1,0.9977825284004211
0,0,9.608949767425656e-05
0,0,0.3947034180164337
0,0,0.13106171786785126
0,0,3.9974045648705214e-05
1,1,0.9981974959373474
1,1,0.9992515444755554
1,1,0.9999613761901855
0,1,0.843406617641449
0,0,0.012472709640860558
1,1,0.9975571632385254
0,0,0.0021535358391702175
1,1,0.9995471835136414
1,1,0.9996554851531982
0,1,0.872754693031311
0,0,0.043705567717552185
1,1,0.9949966669082642
0,0,0.00426857452839613
0,0,0.0005206894711591303
0,0,0.0022632600739598274
0,0,6.05885998083977e-06
0,0,0.00037203641841188073
1,1,0.9999927282333374
1,1,0.9942875504493713
1,1,0.9990240335464478
1,1,0.9999395608901978
0,0,1.9937820979976095e-05
0,0,0.00096317840507254
0,0,0.005227068439126015
1,1,0.9983772039413452
1,1,0.9993728995323181
1,1,0.9996954202651978
1,1,0.9998643398284912
1,1,0.9971381425857544
1,1,0.9935649037361145
1,1,0.9987597465515137
0,0,0.0015878864796832204
1,1,0.9992554783821106
0,0,0.019708136096596718
0,0,0.3045935332775116
1,1,0.9958335161209106
1,1,0.9999009370803833
1,1,0.972337007522583
0,0,0.0007198845269158483
0,0,0.000421218981500715
0,0,0.0001376128930132836
1,1,0.9987381100654602
0,0,0.00014641984307672828
0,0,0.00015576269652228802
1,1,0.9998867511749268
0,0,0.000787026307079941
0,0,5.467779192258604e-05
0,0,0.08466704934835434
0,0,0.3434818983078003
0,0,2.9791915949317627e-05
0,0,2.910730108851567e-05
1,1,0.7351318001747131
0,0,4.166248254477978e-05
0,0,0.0018613924039527774
0,0,7.277323311427608e-05
1,1,0.9998216032981873
0,0,0.011059030890464783
1,1,0.97849440574646
0,1,0.9954959154129028
1,1,0.9995762705802917
1,1,0.999788224697113
0,0,4.991822606825735e-06
0,0,0.0005205907509662211
1,1,0.9998862743377686
1,1,0.9999599456787109
1,1,0.9819914698600769
1,1,0.9627553820610046
0,0,0.03131552040576935
1,1,0.9996836185455322
1,1,0.9618807435035706
0,0,0.07141276448965073
1,1,0.9998551607131958
0,0,0.027584297582507133
1,1,0.9918992519378662
1,1,0.9942757487297058
1,1,0.9996814727783203
0,0,1.1685979188769124e-05
0,0,0.00037615292239934206
0,0,0.014342933893203735
1,1,0.9904648065567017
0,0,0.000866302871145308
1,1,0.9987770915031433
1,1,0.9912163019180298
1,1,0.9996205568313599
1,1,0.9999524354934692
1,1,0.9996546506881714
1,1,0.9998955726623535
1,1,0.9013433456420898
0,0,0.00043250591261312366
1,0,0.3744167983531952
0,0,0.015377068892121315
0,0,5.093015261081746e-06
1,1,0.9898694157600403
1,1,0.951569139957428
0,0,0.29306864738464355
1,1,0.9984654188156128
1,1,0.9997438788414001
1,1,0.9980838298797607
0,0,0.001305723562836647
0,0,0.0004752417153213173
0,0,7.703761184529867e-06
1,1,0.9989567995071411
1,1,0.9989487528800964
0,0,0.0007419526227749884
0,0,0.02967182733118534
0,0,8.431575406575575e-05
1,1,0.9998780488967896
1,1,0.9997476935386658
0,0,0.002206855220720172
0,0,0.000534550694283098
1,1,0.9999701976776123
1,1,0.9549838900566101
0,0,0.000342392799211666
0,0,0.07581537216901779
0,0,0.12757790088653564
0,0,2.945570849988144e-05
0,0,0.11800079047679901
0,0,0.02749180980026722
0,0,9.17976867640391e-05
0,0,0.01332895364612341
1,1,0.9987820982933044
1,1,0.9994692206382751
0,0,5.6131895689759403e-05
0,0,0.0028647766448557377
0,0,0.00017805895186029375
1,1,0.9997140765190125
1,1,0.996636152267456
1,1,0.9801274538040161
0,0,0.3204507529735565
0,0,0.10421982407569885
0,0,0.000475771987112239
0,0,0.001465747132897377
1,1,0.9997473359107971
1,1,0.9997509121894836
1,1,0.9954938888549805
0,0,0.00021766287682112306
0,0,0.0002635165583342314
0,0,3.2668107451172546e-05
1,1,0.9941098690032959
1,1,0.998615026473999
1,1,0.993465006351471
0,0,0.03765939176082611
1,1,0.9675023555755615
1,1,0.999347984790802
1,1,0.9901260137557983
1,1,0.998695433139801
1,1,0.9975687861442566
1,1,0.9999508857727051
1,0,0.4030536115169525
1,1,0.9997668862342834
0,0,0.0002771358995232731
0,0,0.0061716558411717415
0,0,0.00027928120107389987
0,0,0.0063464464619755745
0,0,0.0003068963414989412
1,1,0.9993632435798645
0,0,7.524282409576699e-05
1,1,0.9995415210723877
0,0,0.0001753893302520737
0,0,0.03823507949709892
1,1,0.99950110912323
1,1,0.9994865655899048
1,1,0.9999828338623047
1,1,0.9375414252281189
0,0,0.0009648987324908376
0,0,0.0052652680315077305
1,1,0.9998158812522888
0,0,0.08470117300748825
0,0,0.0011726890224963427
1,1,0.9999505281448364
0,0,0.050654973834753036
0,0,5.592164961853996e-05
1,1,0.994719386100769
1,1,0.9829322099685669
0,0,9.441110159968957e-05
0,0,7.320030272239819e-05
1,1,0.9370096325874329
0,0,0.00013691488129552454
1,1,0.9994261264801025
0,0,3.8371301343431696e-05
0,0,6.6584275373315904e-06
1,1,0.9787868857383728
1,1,0.9617523550987244
1,1,0.5909322500228882
1,1,0.9995800852775574
0,0,0.0008814120665192604
1,1,0.9996967315673828
0,0,0.0007914783782325685
1,1,0.8499484658241272
1,1,0.9999148845672607
1,1,0.9996557235717773
0,0,5.3269381169229746e-05
0,0,0.0038293064571917057
1,1,0.9998830556869507
1,1,0.9862924814224243
1,1,0.9938886165618896
1,1,0.8115255236625671
1,1,0.6112338900566101
0,0,0.0013668902684003115
0,1,0.8883266448974609
1,1,0.9903879761695862
0,0,3.4111009881598875e-05
0,0,0.010255645960569382
0,0,9.75127550191246e-05
0,0,3.758021193789318e-05
1,1,0.999934196472168
1,1,0.9527608752250671
0,0,0.00027850744663737714
0,0,6.648686394328251e-05
0,0,0.005543556995689869
0,0,0.00034643025719560683
0,0,0.0008861839887686074
0,0,0.0001259691925952211
1,1,0.999920129776001
1,1,0.9998863935470581
1,1,0.8146635293960571
0,0,3.187511902069673e-05
0,0,2.4532670067856088e-05
0,0,6.668745481874794e-05
0,1,0.9372371435165405
1,1,0.9438183903694153
1,1,0.9991233944892883
0,0,3.0009970942046493e-05
0,0,0.1291511356830597
1,1,0.9994826316833496
1,1,0.9990231990814209
0,0,0.0002529228222556412
0,0,0.00010781531454995275
1,1,0.9860746264457703
0,0,0.0001865678932517767
0,0,5.113047154736705e-05
0,0,0.010146777145564556
0,0,0.002337067387998104
0,0,0.00016685899754520506
0,0,5.6452587159583345e-05
0,0,0.0005657829460687935
0,0,0.00020791837596334517
0,0,0.0009962350595742464
0,0,7.448161341017112e-05
0,0,4.345959678175859e-05
0,0,0.00030656764283776283
1,1,0.9936259984970093
0,0,0.0013887017266824841
1,1,0.9994366765022278
1,1,0.9711953997612
0,1,0.9626157283782959
0,0,0.005673148203641176
0,0,0.00015527910727541894
1,1,0.9902905821800232
0,0,0.00035633175866678357
1,1,0.9995493292808533
1,1,0.9988874793052673
1,1,0.9621492624282837
0,0,0.07483591884374619
0,0,0.00013716419925913215
0,0,0.000183559357537888
0,0,0.0011574581731110811
1,1,0.9908643364906311
1,1,0.9319340586662292
0,0,0.0013853359268978238
0,0,9.425443749933038e-06
0,0,0.001579409814439714
1,1,0.5917337536811829
0,0,0.1535879373550415
0,0,0.00015422934666275978
0,0,1.1834603355964646e-05
0,0,0.1619901806116104
1,1,0.9999289512634277
0,0,3.5531304547475884e-06
0,0,0.00013949394633527845
1,1,0.9906526803970337
0,0,0.02520468458533287
0,0,0.019792133942246437
0,0,0.002465631579980254
0,0,0.00044202187564224005
0,0,0.000302420201478526
0,0,0.03967275097966194
0,0,0.000820697343442589
1,1,0.9997268319129944
1,1,0.9997119307518005
0,0,0.002172972774133086
0,0,4.479878771235235e-05
1,1,0.9998308420181274
0,0,0.0004004060465376824
1,1,0.9995211362838745
1,1,0.9999309778213501
1,1,0.9870742559432983
1,1,0.9991722106933594
0,0,0.0021920884028077126
1,1,0.9743539690971375
0,0,0.04968550056219101
0,0,0.004784399643540382
0,0,0.04208793863654137
0,0,0.001105511444620788
1,1,0.9929991960525513
0,0,5.6478056649211794e-05
1,1,0.9835429191589355
0,0,0.01611972227692604
1,1,0.9991361498832703
0,0,1.151229389506625e-05
0,0,0.013874897733330727
0,0,0.0033772317692637444
0,0,0.017520010471343994
0,0,0.000947214663028717
1,1,0.9995679259300232
0,0,0.019779523834586143
0,1,0.9861964583396912
0,0,0.0010385855566710234
0,1,0.6411372423171997
1,0,0.32943207025527954
0,0,0.00014522986020892859
1,1,0.9997847676277161
0,0,0.0010180833050981164
1,0,0.08687178790569305
0,0,1.6226018487941474e-05
1,1,0.9764164090156555
1,1,0.9999309778213501
0,0,8.271157275885344e-05
0,0,0.00013881655468139797
0,0,0.07961710542440414
1,1,0.8775092959403992
0,0,0.052455782890319824
1,1,0.989340603351593
1,1,0.999934196472168
0,0,0.0008155700052157044
0,0,0.00029475835617631674
1,1,0.9999417066574097
0,0,8.204275945900008e-05
0,0,0.041878871619701385
0,0,4.822895789402537e-06
0,0,0.0001630506303627044
0,0,0.0010376103455200791
0,0,0.0057815806940197945
0,0,3.603706500143744e-05
1,1,0.9324598908424377
1,1,0.9982695579528809
0,0,0.0028144025709480047
0,0,1.3681460586667527e-05
1,1,0.996070384979248
0,0,0.0015427573816850781
1,1,0.9982154369354248
1,1,0.9990062117576599
1,1,0.9980834722518921
1,1,0.9962421655654907
0,0,0.0060821352526545525
1,1,0.9988064765930176
0,0,0.34466060996055603
1,1,0.9996875524520874
0,0,0.06572162359952927
0,0,0.00038862237124703825
0,0,0.0009300803649239242
0,1,0.7428235411643982
0,0,0.0063579804264009
0,0,3.487676804070361e-05
1,1,0.9988516569137573
0,0,0.0074227070435881615
0,0,1.2163246537966188e-05
0,0,0.005676457658410072
1,1,0.6809748411178589
0,0,8.579022687627003e-05
0,0,2.0154646335868165e-05
1,1,0.9912340044975281
1,1,0.7085884809494019
1,1,0.9999005794525146
0,0,0.0007380517199635506
1,1,0.9947618842124939
1,1,0.999462902545929
1,1,0.9996789693832397
1,1,0.9986494183540344
1,1,0.7473431825637817
0,0,4.411437112139538e-05
0,0,0.0025486310478299856
1,1,0.9999175071716309
1,1,0.9998924732208252
1,1,0.9998507499694824
0,0,5.314466397976503e-05
0,0,0.000271981320111081
0,0,0.0007754966500215232
1,1,0.9989369511604309
1,1,0.9997904896736145
1,1,0.998210072517395
0,0,9.274310286855325e-05
0,0,0.010392311029136181
0,0,0.0014105977024883032
0,0,0.04305701330304146
1,1,0.9998922348022461
0,1,0.9351254105567932
0,0,0.35211798548698425
1,1,0.999213457107544
1,0,0.0030516725964844227
0,0,0.0002468887250870466
0,0,0.002426762832328677
0,0,0.0002635275886859745
0,0,0.37010788917541504
1,1,0.9993128776550293
0,0,7.891038694651797e-05
0,0,0.00036842472036369145
1,1,0.9999346733093262
0,0,1.7544251022627577e-05
0,0,0.0005260401521809399
0,0,3.933154403057415e-06
0,0,0.00046834166278131306
0,0,0.00040575669845566154
0,0,0.0022221177350729704
0,0,0.0003353053471073508
0,0,0.0008404323598369956
1,0,0.4170709550380707
0,0,0.02274107001721859
1,1,0.989404559135437
1,1,0.9920437932014465
0,0,0.0026450329460203648
1,1,0.9998480081558228
1,1,0.9998760223388672
1,1,0.9999078512191772
1,1,0.9962273836135864
1,1,0.9999364614486694
0,0,0.0003728221054188907
1,1,0.9938790798187256
0,0,0.013279289938509464
0,0,0.0005783174419775605
0,0,0.007669390644878149
0,0,0.0016189750749617815
1,1,0.6609141230583191
1,1,0.861393392086029
1,1,0.999987006187439
1,1,0.9984727501869202
1,1,0.9998849630355835
0,0,0.020960787311196327
0,0,0.024559540674090385
1,1,0.9985635876655579
1,1,0.6407175660133362
1,1,0.9975438714027405
1,1,0.9998893737792969
1,1,0.9969269633293152
1,0,0.0193786658346653
0,0,0.0013696313835680485
0,0,0.09274914860725403
1,1,0.9999524354934692
1,1,0.9101445078849792
0,0,0.0013125669211149216
1,1,0.9994809031486511
1,1,0.999616265296936
1,1,0.9997143149375916
0,0,0.0002272831479785964
1,1,0.9999780654907227
1,1,0.986122727394104
0,0,0.027400953695178032
1,1,0.9792295098304749
1,1,0.8875524401664734
1,1,0.9966270923614502
1,0,0.16183039546012878
1,1,0.9975413084030151
0,0,0.011007936671376228
1,1,0.999893307685852
1,1,0.9932019114494324
0,0,0.00030037370743229985
0,0,0.0006095122662372887
1,1,0.9993075132369995
1,1,0.9996598958969116
1,1,0.9998093247413635
0,0,0.12196525186300278
1,1,0.999269425868988
1,1,0.999338686466217
1,1,0.9959558844566345
0,0,0.00022997897758614272
1,1,0.9960301518440247
0,0,0.19246412813663483
1,1,0.9994884729385376
0,0,7.478408952010795e-05
0,0,0.0007946561672724783
1,1,0.9990741014480591
0,0,1.538743958917621e-06
0,0,0.01007902342826128
1,1,0.9999402761459351
1,1,0.999360978603363
0,0,0.00010635286889737472
1,1,0.9999935626983643
0,0,0.0002109753550030291
1,1,0.8723501563072205
0,0,6.626880349358544e-05
0,0,7.718436972936615e-05
0,0,1.6947657059063204e-05
0,0,6.582690548384562e-05
0,0,2.850271630450152e-05
0,0,0.23756687343120575
0,0,0.004645489156246185
1,1,0.9997467398643494
1,1,0.9997475743293762
1,1,0.7355986833572388
0,0,0.0027180961333215237
0,0,0.005804689601063728
0,0,0.17313005030155182
0,1,0.9995655417442322
0,0,0.001600790536031127
1,1,0.9929192662239075
0,0,0.003406513249501586
0,0,0.45447832345962524
0,0,0.007262121420353651
1,1,0.9285434484481812
1,1,0.9901310205459595
0,0,0.0020842142403125763
1,1,0.9953649044036865
1,1,0.9999568462371826
1,1,0.9991288781166077
1,1,0.9503167271614075
1,1,0.9997417330741882
0,0,0.000474774424219504
1,1,0.9999874830245972
1,1,0.9996253252029419
0,0,0.0009570254478603601
0,0,0.13554741442203522
0,0,0.02908184938132763
1,1,0.9998564720153809
0,0,0.00012402379070408642
0,0,0.002828450407832861
1,1,0.9998714923858643
1,1,0.9661076068878174
0,0,0.021416693925857544
1,1,0.9989325404167175
1,1,0.9992377758026123
1,1,0.9988683462142944
1,1,0.8848357796669006
1,1,0.9999376535415649
1,1,0.9977434873580933
0,0,0.0007009345572441816
0,0,0.00018265322432853281
0,0,0.0004933589952997863
0,0,0.0005847825668752193
0,0,0.006390143185853958
0,0,0.0019047417445108294
0,0,0.0001400181936332956
1,1,0.9993195533752441
1,0,0.33351048827171326
1,1,0.9798219203948975
1,1,0.9902547001838684
1,1,0.999769389629364
0,0,0.000215043721254915
1,1,0.9999595880508423
0,0,0.00033825793070718646
1,1,0.994228720664978
0,0,0.014188997447490692
1,1,0.9734284281730652
1,1,0.9996815919876099
0,0,0.00041134856292046607
1,1,0.9999014139175415
0,0,6.186804239405319e-05
0,0,0.003384361742064357
0,0,0.00016048796533141285
1,1,0.9862728714942932
1,1,0.999890923500061
0,0,0.33626285195350647
0,0,0.00031668858719058335
0,0,0.00014547116006724536
1,1,0.6130425333976746
0,0,0.39390531182289124
0,0,0.00017537613166496158
0,0,6.30759313935414e-05
0,0,0.2791813313961029
1,1,0.8297905921936035
0,0,0.0008419717196375132
0,0,0.00023787056852597743
0,0,0.0023865210823714733
1,1,0.9998272061347961
0,0,0.00019228854216635227
0,0,0.0005638932925648987
0,0,0.043043285608291626
0,0,0.0025718759279698133
0,0,6.24741951469332e-05
0,0,0.00014389304851647466
0,0,0.018577072769403458
0,0,0.0004965459229424596
0,0,2.6634574169293046e-05
1,1,0.9997106194496155
0,0,4.36562804679852e-05
1,1,0.9967997074127197
1,1,0.9999431371688843
0,0,0.30051425099372864
1,0,0.06206943839788437
1,1,0.9989798665046692
0,0,2.4580345780123025e-05
1,1,0.9997677206993103
1,1,0.9914637207984924
1,1,0.9994003772735596
1,1,0.9994340538978577
1,1,0.9978895783424377
1,1,0.9583116769790649
1,0,0.041546229273080826
0,0,0.028082555159926414
0,0,2.090643647534307e-05
1,1,0.96723473072052
1,1,0.9999865293502808
1,1,0.999882698059082
1,1,0.9990645051002502
0,0,1.9120161596219987e-05
0,0,0.000685293460264802
0,0,0.0016897693276405334
1,1,0.9819374084472656
0,0,1.762718238751404e-05
0,0,6.047611532267183e-05
0,0,6.640075753239216e-06
0,0,4.4411026465240866e-05
0,0,0.000400780321797356
0,0,0.014470377936959267
0,0,0.03343576937913895
0,0,0.0033369131851941347
0,0,0.0003642431693151593
0,0,4.523382449406199e-05
1,1,0.7546361684799194
0,0,1.2598797184182331e-05
0,0,4.337475911597721e-05
0,0,0.008741321973502636
0,0,0.003150922479107976
1,1,0.999489426612854
1,1,0.9997596144676208
1,1,0.999476969242096
0,0,0.010717387311160564
0,0,0.0002409934822935611
0,0,0.002438526600599289
0,0,0.020616158843040466
0,0,0.0002839074586518109
0,0,2.4092383682727814e-05
0,0,8.172114758053795e-05
0,0,0.0002323405642528087
1,1,0.9980809688568115
1,1,0.9995352029800415
1,1,0.9827429056167603
1,1,0.9998430013656616
0,0,0.00019623839762061834
1,1,0.9966509938240051
0,0,0.00012850240455009043
1,1,0.9980524778366089
1,1,0.9969412684440613
1,1,0.9846879839897156
1,1,0.9986547231674194
0,0,0.000256882980465889
0,0,0.024496741592884064
0,0,0.00016016325389500707
0,0,0.2283380925655365
1,1,0.9997825026512146
0,0,0.0008746485109440982
1,1,0.9997937083244324
0,0,6.706154090352356e-05
0,0,0.0013616696232929826
0,0,0.00895297434180975
0,0,0.18675746023654938
0,0,9.679957292973995e-05
0,0,0.0060274600982666016
0,0,0.0018775369971990585
0,0,0.00011190388613613322
0,0,0.0006745134596712887
0,0,0.00026851866277866066
1,1,0.9989527463912964
1,1,0.9998661279678345
1,1,0.9992815852165222
1,1,0.9991360306739807
1,1,0.9996788501739502
1,1,0.9869622588157654
1,1,0.8701074123382568
1,1,0.8591899275779724
0,0,0.0010389111703261733
1,1,0.9999399185180664
1,1,0.9988914132118225
0,0,0.43231454491615295
0,0,0.08744969218969345
0,0,0.0014958939282223582
1,1,0.9997254014015198
1,1,0.9997243285179138
1,1,0.9266589283943176
0,0,0.0019661204423755407
0,0,0.002221302594989538
1,1,0.9996685981750488
1,1,0.9708441495895386
0,0,0.00031998296617530286
1,1,0.9445898532867432
0,0,0.0004941454390063882
0,0,1.759113001753576e-05
0,0,0.013984808698296547
1,1,0.9997252821922302
1,1,0.9996172189712524
1,1,0.9989460110664368
1,1,0.999955415725708
1,1,0.6278082132339478
0,0,2.341403887839988e-05
1,1,0.9925236105918884
1,1,0.9999849796295166
0,0,0.0004105995176360011
1,1,0.998856782913208
0,0,0.013826681300997734
1,1,0.9871487021446228
1,1,0.9992972612380981
0,0,0.025413380935788155
1,1,0.98628169298172
0,0,0.0005162425222806633
0,0,0.00033623914350755513
0,0,4.7161858674371615e-05
0,0,0.05593935400247574
0,0,0.0017118158284574747
1,1,0.999441921710968
1,1,0.9995474219322205
0,0,0.0186321921646595
1,1,0.9998711347579956
1,1,0.9948325157165527
0,0,0.013294074684381485
0,0,1.675499152042903e-05
1,1,0.9995692372322083
1,1,0.9988743662834167
1,1,0.9934583306312561
1,1,0.9985895752906799
0,0,9.37644927034853e-06
0,0,0.00012898165732622147
0,0,0.0009830723283812404
0,0,0.0026436622720211744
0,0,8.217572030844167e-05
0,0,5.2222880185581744e-05
1,1,0.9999784231185913
1,1,0.9925973415374756
1,0,0.3803662657737732
1,1,0.9999250173568726
1,1,0.9999037981033325
1,1,0.9999324083328247
0,0,7.672571518924087e-05
1,1,0.8976031541824341
1,1,0.9999376535415649
1,1,0.9997382760047913
0,0,1.1305852240184322e-05
0,1,0.8802563548088074
0,0,3.7216719647403806e-05
0,0,0.00017414269677828997
0,1,0.8458706140518188
0,0,0.00012025499017909169
0,0,1.8271486624144018e-05
0,0,0.0018039604183286428
0,0,0.0015867529436945915
1,1,0.9521217942237854
0,0,6.776459485990927e-06
1,1,0.9701184034347534
0,0,0.021163122728466988
1,1,0.5634034276008606
0,0,0.00925429631024599
0,0,0.0005276647279970348
0,0,0.00119039008859545
0,0,0.0009708621655590832
0,1,0.781104326248169
0,0,0.00014453937183134258
1,1,0.9613199830055237
1,1,0.9983188509941101
0,0,0.0002535517851356417
0,0,0.00025829882360994816
0,0,8.490085747325793e-05
0,0,0.0025151141453534365
1,1,0.9998745918273926
1,1,0.5796524882316589
0,0,0.00018959426961373538
0,0,0.0016643013805150986
0,0,0.0012959038140252233
1,1,0.8547656536102295
1,1,0.97271728515625
0,0,4.0042530599748716e-05
1,1,0.9680356979370117
0,1,0.8705426454544067
1,0,0.21195122599601746
0,0,0.0011686276411637664
0,0,0.0010500246426090598
0,1,0.6302828788757324
1,1,0.8721431493759155
1,1,0.9999808073043823
0,0,0.010433795861899853
1,0,0.3290591835975647
1,1,0.651931643486023
0,0,0.25269871950149536
1,1,0.9900062680244446
1,1,0.9705238342285156
0,0,0.00028973238659091294
0,0,0.12039456516504288
1,1,0.9996784925460815
0,0,9.273576142732054e-05
1,1,0.9930413961410522
1,1,0.999650239944458
0,0,6.203227530932054e-05
0,0,0.00028292497154325247
0,0,0.00040918681770563126
1,1,0.997603714466095
1,1,0.9984999895095825
1,1,0.9996259212493896
0,0,0.05947696417570114
1,1,0.9999551773071289
1,1,0.9678569436073303
1,1,0.9997730851173401
1,1,0.9999876022338867
1,1,0.9993283748626709
1,1,0.9997550845146179
1,1,0.999523401260376
0,0,0.0005398767534643412
1,1,0.9942319989204407
1,1,0.988840639591217
1,1,0.9997187256813049
1,1,0.9984448552131653
1,1,0.9939700365066528
0,0,9.19169033295475e-05
0,0,4.883952715317719e-05
0,1,0.9216201901435852
0,0,9.083495388040319e-05
1,1,0.9835398197174072
0,0,8.124910891638137e-06
1,1,0.9991427659988403
1,0,0.010939675383269787
0,0,0.005963148549199104
0,0,0.0017478024819865823
0,0,0.1649423986673355
0,0,0.0022205039858818054
0,0,8.421281563641969e-06
0,0,5.680506092176074e-06
0,0,0.3142658770084381
0,0,0.012553475797176361
1,1,0.9978100657463074
0,0,0.016262082383036613
1,1,0.9979973435401917
0,0,0.12190419435501099
1,1,0.9970579147338867
1,1,0.9998364448547363
1,1,0.9997233748435974
1,1,0.9990930557250977
0,0,0.00585769210010767
1,1,0.9999866485595703
1,1,0.9989109039306641
0,0,0.016949454322457314
1,0,0.003540548263117671
1,1,0.9992497563362122
1,1,0.999700665473938
1,1,0.9954550266265869
1,1,0.9971374273300171
0,0,0.0002802702656481415
1,1,0.999832034111023
1,1,0.999894380569458
0,0,0.0004964082036167383
1,1,0.999966025352478
1,1,0.9983592629432678
1,1,0.998842716217041
1,1,0.9997292160987854
0,0,0.00018063893367070705
1,1,0.9990624785423279
0,0,0.000142162389238365
1,1,0.9977204203605652
0,0,1.7105468941736035e-05
1,1,0.9999003410339355
0,0,4.5082197175361216e-05
0,0,0.0012431548675522208
1,1,0.9994291663169861
0,0,0.00016677803068887442
1,1,0.9992139339447021
0,0,0.07121025025844574
1,1,0.976423978805542
1,1,0.9998859167098999
1,1,0.9997418522834778
0,0,7.321936573134735e-05
0,0,0.0005787461996078491
1,1,0.9994518160820007
0,0,0.4926625192165375
1,1,0.9991637468338013
1,1,0.9999418258666992
1,1,0.9986677169799805
0,0,0.00020287725783418864
0,1,0.6864091753959656
1,1,0.9996570348739624
1,1,0.9997588992118835
1,1,0.9896227121353149
1,1,0.996982991695404
0,0,0.0012570919934660196
0,0,0.008147619664669037
0,0,0.000175681576365605
0,0,8.887576404958963e-05
0,0,0.0005749543779529631
1,1,0.5565063953399658
0,0,0.0013290909118950367
0,0,0.00022170855663716793
0,0,0.00027801719261333346
1,1,0.999445378780365
1,1,0.9998304843902588
1,1,0.8333752751350403
1,1,0.999931812286377
1,1,0.9986833930015564
1,1,0.9977720379829407
1,1,0.9997695088386536
0,0,1.196384346258128e-05
1,1,0.9959542751312256
1,1,0.9893187880516052
1,1,0.9954354166984558
1,1,0.9982095956802368
0,0,0.002131379209458828
0,0,2.5999495846917853e-05
0,0,0.04364050552248955
1,1,0.99947589635849
0,0,0.0031173592433333397
0,0,0.01314051914960146
1,1,0.9984322190284729
1,1,0.7499598860740662
0,0,0.005935529712587595
1,1,0.9998708963394165
1,1,0.9998815059661865
1,1,0.9989401698112488
0,0,1.2647070434468333e-05
0,0,0.3084073066711426
0,1,0.6661518216133118
0,0,0.0001044139644363895
0,0,3.389370476725162e-06
0,0,0.00053669314365834
1,1,0.9999477863311768
1,1,0.9969642758369446
1,1,0.9999451637268066
1,1,0.9998047947883606
1,1,0.9998800754547119
0,0,5.149232947587734e-06
1,1,0.9984207153320312
1,1,0.9987657070159912
1,1,0.9958950281143188
1,0,0.4026879668235779
1,1,0.9974633455276489
1,0,0.00016284675803035498
1,1,0.9966680407524109
0,0,0.0008783055818639696
1,1,0.9975771307945251
1,1,0.9992920160293579
1,1,0.824413537979126
0,0,0.001813966315239668
1,1,0.9998362064361572
1,1,0.9983002543449402
1,1,0.9999669790267944
1,1,0.9997112154960632
1,1,0.9996501207351685
1,1,0.9458863139152527
0,0,0.25134798884391785
1,1,0.9996495246887207
1,0,0.49791765213012695
1,1,0.9962062835693359
0,0,4.736025584861636e-05
0,0,0.005174501333385706
0,0,0.005134595558047295
0,0,0.06075378134846687
0,0,0.00538457278162241
0,0,0.27882033586502075
1,1,0.9970021843910217
0,0,0.02900271862745285
0,0,0.03182658925652504
1,1,0.999653697013855
0,0,0.00038291726377792656
1,1,0.9976838827133179
1,1,0.990464448928833
0,0,0.00170717085711658
1,1,0.9997628331184387
0,0,0.007592829875648022
0,0,0.029561810195446014
1,1,0.9997759461402893
1,1,0.9989157915115356
1,1,0.9987143278121948
1,1,0.9997038245201111
1,1,0.996864378452301
1,1,0.999267041683197
1,1,0.9992524981498718
1,1,0.9999542236328125
1,1,0.9939281940460205
1,1,0.971673309803009
1,1,0.8638126254081726
1,1,0.9572967886924744
1,0,0.08857345581054688
1,0,0.17003746330738068
1,1,0.9999662637710571
0,0,0.002105159219354391
1,1,0.9982082843780518
1,1,0.9999861717224121
1,1,0.9602136611938477
1,1,0.999948263168335
1,1,0.9996190071105957
0,0,0.0026209023781120777
1,1,0.9995960593223572
1,1,0.9996082186698914
0,0,0.48003876209259033
0,0,0.0001227356551680714
0,0,0.0010313709499314427
0,0,0.0031113089062273502
1,1,0.9992427825927734
0,0,0.04695301875472069
0,0,0.0002518923720344901
1,1,0.9998204112052917
0,0,0.0030647162348031998
0,0,0.0004191029875073582
0,0,0.0001251965732080862
1,1,0.9906489253044128
1,1,0.998465895652771
0,0,0.00040109106339514256
1,1,0.5704206824302673
0,1,0.9224188327789307
0,0,5.4227584769250825e-05
0,1,0.6091973185539246
0,0,0.00017437680799048394
1,1,0.9996094107627869
1,1,0.9429750442504883
1,1,0.9988433122634888
1,1,0.9997223019599915
0,0,0.0058838543482124805
1,1,0.9988067150115967
1,1,0.9967999458312988
0,0,0.007127068005502224
0,0,4.144246304349508e-06
0,0,7.994439329195302e-06
0,0,4.2116076656384394e-05
1,1,0.9980390667915344
1,1,0.9061193466186523
0,0,0.042300380766391754
1,1,0.9973269701004028
1,0,0.16420432925224304
0,0,0.00015915968106128275
1,1,0.9288244247436523
1,1,0.9066655039787292
1,1,0.9999419450759888
0,0,0.0025841540191322565
1,1,0.9160858988761902
0,0,0.0003262661921326071
1,1,0.9999475479125977
1,1,0.9989573955535889
1,1,0.99930739402771
1,1,0.9982852339744568
1,1,0.9991084933280945
0,0,0.00014271572581492364
0,1,0.9804033041000366
1,1,0.6223046183586121
0,0,1.6405436326749623e-05
0,0,0.0013534828322008252
0,0,4.9063641199609265e-05
1,1,0.9999008178710938
0,0,9.601979400031269e-05
1,1,0.999731719493866
0,0,0.038537897169589996
1,1,0.998561441898346
0,0,0.0001559050433570519
0,0,0.0007749227224849164
1,1,0.9994213581085205
1,1,0.9988654851913452
0,0,0.0010221510892733932
1,1,0.9999053478240967
0,0,0.07938804477453232
1,1,0.9978013634681702
0,0,0.0003016930422745645
0,0,2.6185272872680798e-05
1,1,0.9998840093612671
1,1,0.9915531277656555
0,0,0.07601865381002426
1,1,0.9998657703399658
0,0,0.01991363614797592
1,1,0.999842643737793
1,1,0.9997383952140808
1,0,0.49660640954971313
0,0,0.004707534797489643
0,0,0.00012467356282286346
0,0,2.6069015802931972e-05
1,1,0.7852649092674255
0,0,4.9751575716072693e-05
1,1,0.7502270936965942
1,1,0.997974693775177
0,0,0.0008761674398556352
0,0,0.00019517960026860237
0,0,0.0004530360456556082
0,0,0.09366387873888016
1,0,0.010531575419008732
0,0,0.00939852837473154
0,0,0.002156225498765707
0,0,8.65921720105689e-06
1,1,0.9995100498199463
0,0,1.1201643246749882e-05
1,1,0.9997249245643616
1,1,0.9981062412261963
0,0,0.0005980104324407876
0,0,2.4815665256028296e-06
1,1,0.7047373056411743
1,1,0.9999139308929443
1,1,0.9955476522445679
0,0,0.0003756897640414536
0,0,0.009088604710996151
1,1,0.9998887777328491
0,0,0.039102353155612946
1,1,0.9841142892837524
1,0,0.4183814227581024
0,0,0.0004437769530341029
1,1,0.9950119256973267
0,0,1.7131753338617273e-05
1,1,0.9172849059104919
1,1,0.9999574422836304
1,1,0.9983034133911133
0,0,0.0014580069109797478
0,0,0.0009159810724668205
0,0,0.04845689609646797
1,1,0.9603266716003418
0,0,8.915001671994105e-05
1,1,0.9994890689849854
1,1,0.9485362768173218
0,0,5.903236160520464e-05
0,1,0.6846211552619934
0,0,0.00014035237836651504
0,0,0.0015023320447653532
0,0,0.00010831240797415376
0,0,0.06421338021755219
0,0,3.647189078037627e-05
0,0,0.0012826455058529973
0,0,0.0745643600821495
0,0,7.50148537917994e-05
1,1,0.9998577833175659
0,0,0.00028914958238601685
1,1,0.9376544952392578
1,1,0.982890784740448
0,0,0.000188771344255656
1,1,0.9993910789489746
0,0,0.010420776903629303
1,1,0.9995892643928528
1,1,0.9878289699554443
1,1,0.9385586380958557
0,0,0.2755591571331024
1,1,0.999100923538208
1,1,0.9911324381828308
0,0,0.00030456858803518116
1,1,0.8734444975852966
1,1,0.9982663989067078
0,0,0.00035024387761950493
0,0,0.005417641717940569
0,0,0.00042160542216151953
0,0,0.24538563191890717
0,0,2.930631126218941e-05
0,0,2.273654899909161e-06
0,0,2.0898482034681365e-05
0,0,5.744579539168626e-05
1,1,0.9984900951385498
1,1,0.998802661895752
1,1,0.9948522448539734
0,1,0.9890189170837402
1,1,0.9657180905342102
1,1,0.996640682220459
0,0,0.0010265713790431619
1,1,0.9774938821792603
0,0,1.8362057744525373e-05
0,0,0.022281739860773087
0,0,0.001066596363671124
0,0,0.006429018918424845
1,1,0.9998630285263062
1,1,0.986911416053772
0,0,0.00011031244503101334
0,0,0.2585503160953522
1,1,0.9998495578765869
0,0,0.00021366210421547294
0,1,0.9898237586021423
0,0,0.0006782967248000205
1,1,0.9409497976303101
1,1,0.9996471405029297
1,1,0.9997574687004089
0,0,0.035027727484703064
1,1,0.9978758096694946
0,0,9.487634088145569e-05
0,0,0.00023648551723454148
1,1,0.999992847442627
1,1,0.999774158000946
1,1,0.9690054059028625
1,1,0.9998483657836914
1,1,0.9998660087585449
0,0,0.004968182183802128
0,0,8.515342778991908e-05
0,0,0.00013710156781598926
0,0,0.000675760384183377
1,0,0.10182508826255798
0,0,0.0005816690973006189
1,1,0.9965873956680298
1,1,0.9940422177314758
1,0,0.3932027518749237
0,1,0.7342831492424011
0,0,0.0021420300472527742
0,0,1.4926262338121887e-05
0,0,0.011096104048192501
0,0,5.4061529226601124e-05
0,0,6.220678915269673e-05
0,0,0.00582173652946949
1,1,0.9957450032234192
1,0,0.0013747140765190125
1,1,0.9997214674949646
1,1,0.998002827167511
1,1,0.9990441203117371
1,1,0.9988139867782593
1,1,0.9986473917961121
1,1,0.9010940790176392
1,1,0.9994662404060364
1,1,0.9983953833580017
1,1,0.9998842477798462
1,1,0.9963915944099426
0,0,0.00040040150634013116
0,0,0.018991105258464813
1,1,0.9970261454582214
0,0,0.0008474640198983252
0,1,0.8752562403678894
0,0,0.00014965420996304601
0,0,0.00035377941094338894
0,0,0.0048628137446939945
1,1,0.9981943964958191
0,0,0.00010754331015050411
0,0,0.0003578879404813051
0,0,0.4975140392780304
0,0,0.00011539977276697755
1,1,0.9993348717689514
1,1,0.9991242289543152
0,0,0.01626867614686489
0,0,0.004955459386110306
0,0,0.058575116097927094
0,0,0.0019749505445361137
1,1,0.9995535016059875
1,1,0.99224454164505
0,0,0.0009262784151360393
0,0,0.002280739601701498
1,0,0.28503409028053284
0,0,0.011414416134357452
1,1,0.9905704259872437
1,1,0.8862057328224182
0,0,0.013734251260757446
1,1,0.9999474287033081
0,0,0.004322430118918419
1,1,0.9978346228599548
0,0,0.0035900596994906664
1,1,0.9918481111526489
0,0,0.003388575278222561
0,0,0.03263876214623451
0,0,0.005788182374089956
0,0,0.0005280989571474493
0,0,0.0003057366411667317
0,0,0.0001401616755174473
0,0,0.00027159342425875366
1,1,0.9939385652542114
0,0,0.0012430482311174273
1,1,0.999913215637207
1,1,0.990126371383667
0,0,0.00020552593923639506
0,0,0.0010121423983946443
1,1,0.9905684590339661
1,1,0.9923722743988037
1,0,0.19284096360206604
0,0,2.403824510111008e-05
0,0,0.0002545844472479075
0,0,0.30023059248924255
1,1,0.9988927245140076
1,1,0.9998314380645752
0,0,0.003666926408186555
0,0,0.0001624991709832102
1,1,0.9785357117652893
0,0,0.0005761096836067736
1,1,0.9585383534431458
1,1,0.9969692826271057
0,0,6.200755160534754e-05
1,1,0.9996545314788818
0,0,0.009789790958166122
0,0,0.0006654723547399044
1,1,0.9942928552627563
1,1,0.9885398745536804
0,0,4.6303728595376015e-05
0,0,8.459392847726122e-05
1,1,0.9987508058547974
0,0,0.0014638465363532305
1,1,0.9988510608673096
0,0,0.20446771383285522
1,1,0.9996728897094727
0,0,0.005918644834309816
1,1,0.9315451383590698
1,1,0.9997183680534363
0,0,0.00018532501417212188
1,1,0.9992914199829102
1,1,0.9988382458686829
0,0,0.002607663394883275
1,1,0.9998632669448853
1,1,0.9981874823570251
0,0,0.00019454897847026587
0,0,6.400663551175967e-05
0,0,0.00012999388854950666
1,1,0.7618021368980408
0,0,4.917385376757011e-05
0,0,1.0358432518842164e-05
0,0,0.0005279152537696064
0,0,0.0020325039513409138
0,0,0.31863388419151306
1,1,0.9995643496513367
1,0,0.3410937786102295
0,0,0.06626123934984207
0,0,0.00042705723899416625
0,0,0.00617677578702569
0,1,0.6529730558395386
0,0,0.006505431607365608
0,0,0.015948595479130745
1,1,0.9999173879623413
1,1,0.9999639987945557
1,1,0.9985200762748718
1,1,0.9886944890022278
1,1,0.7842260599136353
0,0,0.2058815062046051
0,0,0.00020171974028926343
0,0,5.879584023205098e-06
1,1,0.9277433156967163
0,0,0.08423998951911926
0,0,0.0016761849401518703
0,0,2.0541572666843422e-05
0,0,0.004500724840909243
0,0,0.00025847420329228044
1,1,0.9987210631370544
1,1,0.9521293640136719
1,1,0.9970633387565613
1,1,0.9994896650314331
0,0,1.730894382490078e-06
0,0,3.308496161480434e-05
0,0,0.00011304514191579074
0,0,0.000363912753527984
0,0,3.276301140431315e-05
1,1,0.9992675185203552
0,0,0.0023611339274793863
0,0,0.0012945258058607578
0,0,0.003077654168009758
0,0,9.940777817973867e-05
0,0,0.01056720782071352
0,0,0.007954999804496765
0,0,2.3544622308691032e-05
0,0,5.506679735844955e-05
0,0,0.00024593391572125256
1,1,0.9988597631454468
1,1,0.9995414018630981
0,0,0.0001744032633723691
0,0,0.004273463971912861
0,0,0.14057429134845734
1,1,0.9997593760490417
0,0,0.04231809079647064
0,0,0.012939929030835629
0,0,0.00010573583858786151
0,0,1.517670534667559e-05
1,1,0.9998449087142944
0,0,0.0010871419217437506
1,0,0.011939517222344875
0,0,1.4062379705137573e-05
0,0,6.047041097190231e-05
1,1,0.6570470929145813
1,1,0.9998579025268555
1,1,0.9772891402244568
1,1,0.9988638162612915
0,0,0.09468493610620499
0,0,0.22751812636852264
0,1,0.6221219897270203
1,1,0.9539046883583069
1,1,0.9995007514953613
0,0,0.3773767352104187
1,1,0.9986990690231323
0,0,0.0004140006494708359
0,0,5.069680992164649e-05
0,0,0.0009970113169401884
0,0,0.0001854360307333991
0,0,0.04580973833799362
1,1,0.6757456660270691
1,1,0.5077199935913086
1,1,0.9977211356163025
1,1,0.9781934022903442
1,1,0.9993983507156372
0,0,0.0003181396168656647
1,1,0.966597855091095
0,0,0.00028088019462302327
0,0,0.003674851031973958
0,0,0.012161191552877426
1,1,0.9999300241470337
0,0,7.156865649449173e-06
1,1,0.9739001393318176
0,0,6.785208370274631e-06
0,0,0.0008485879516229033
0,0,0.0014564201701432467
0,0,0.00018804360297508538
0,0,7.675807137275115e-05
0,0,0.0033342232927680016
1,1,0.9998534917831421
0,0,5.8286013882025145e-06
1,1,0.9997361302375793
1,1,0.9961413741111755
0,0,9.864685853244737e-05
0,0,7.257586548803374e-05
1,1,0.999186098575592
1,1,0.999707043170929
1,1,0.9999665021896362
0,0,0.01574287936091423
1,1,0.9976740479469299
0,0,0.008583894930779934
0,0,0.01055533904582262
0,0,0.00040466702193953097
0,0,0.004347033333033323
0,0,0.00011727798846550286
0,0,0.00010056429164251313
1,1,0.9982708692550659
1,1,0.999982476234436
0,0,9.831291390582919e-05
1,1,0.9955885410308838
1,1,0.8930118083953857
1,1,0.9982413053512573
1,1,0.9425663948059082
0,0,0.0012458254350349307
1,1,0.9996902942657471
1,1,0.9961766004562378
1,1,0.997412383556366
1,1,0.9938775897026062
1,1,0.9350093007087708
1,1,0.9987437129020691
1,1,0.9955931305885315
1,1,0.999946117401123
1,1,0.9997978806495667
0,0,0.010664432309567928
0,0,0.4244094789028168
0,0,0.001963377930223942
0,0,1.050129321811255e-05
1,1,0.9542521238327026
0,0,6.522149487864226e-05
0,0,0.17765285074710846
1,1,0.9984121322631836
0,0,0.00017181826115120202
1,1,0.8878615498542786
1,1,0.9997647404670715
0,0,0.07941094785928726
0,0,0.00018989895761478692
0,1,0.8226972818374634
1,1,0.9397605657577515
0,0,0.028600027784705162
0,0,0.004914409946650267
0,0,0.2694796025753021
0,1,0.5262629389762878
0,1,0.8579508662223816
1,1,0.9037110805511475
1,1,0.8554742932319641
1,1,0.9431490302085876
0,0,0.012686015106737614
1,0,0.22621120512485504
1,1,0.9989847540855408
1,1,0.9992227554321289
1,0,0.0005353835877031088
1,0,0.03914574533700943
0,0,0.0019745456520467997
0,0,0.16694387793540955
1,1,0.996241569519043
0,0,0.017389021813869476
0,0,0.024567555636167526
0,0,0.10224844515323639
0,0,0.005598630756139755
0,0,0.021706242114305496
0,0,0.0009659515344537795
0,0,0.00047670394997112453
0,1,0.5000579953193665
1,1,0.8525729775428772
1,1,0.9868971705436707
0,0,0.0011110382620245218
0,0,0.000503673916682601
1,1,0.9187673926353455
0,0,0.00042408035369589925
0,0,0.0017824016977101564
0,0,0.00018023290613200516
0,0,0.003278902033343911
1,1,0.9209024310112
0,1,0.9131335020065308
1,1,0.7514108419418335
0,0,0.00017405471589881927
0,0,3.4474895073799416e-05
0,0,0.00030642826459370553
0,0,0.000433348206570372
0,1,0.868887722492218
0,0,8.531899766239803e-06
1,0,0.49108293652534485
1,1,0.992599368095398
0,0,0.03886162117123604
0,0,0.010218092240393162
0,0,0.03338835388422012
0,0,0.002649289555847645
0,0,0.0006904345354996622
0,0,0.000807992008049041
1,1,0.9930576086044312
0,0,0.00011822656233562157
0,0,0.0018777943914756179
1,1,0.9934619665145874
0,1,0.8577885627746582
0,0,0.001383790629915893
0,0,0.0019927809480577707
0,0,4.335466292104684e-05
1,1,0.9906437993049622
1,1,0.9220880270004272
0,0,2.620840496092569e-05
1,1,0.9777707457542419
0,0,0.014350129291415215
1,1,0.9995124340057373
0,0,0.0023712485563009977
1,1,0.9988247752189636
1,1,0.8251611590385437
1,1,0.9975858926773071
1,1,0.9991575479507446
1,1,0.999860405921936
0,0,0.004810128826647997
0,0,0.018621884286403656
1,1,0.9155177474021912
1,1,0.9983684420585632
0,0,2.0864690668531694e-05
0,0,0.004026124719530344
0,1,0.9716775417327881
0,0,9.312967449659482e-05
1,1,0.9986281394958496
0,0,0.0007913747103884816
0,0,8.20019340608269e-05
0,0,0.006056301761418581
0,0,0.0098592359572649
1,1,0.9239466786384583
1,1,0.9936234354972839
1,1,0.9991140961647034
0,0,0.08242513984441757
1,1,0.9988806843757629
1,0,0.35683688521385193
1,1,0.9999822378158569
0,1,0.9503917694091797
0,0,0.005030282307416201
0,0,0.0003223743988201022
0,0,0.0035814354196190834
1,1,0.8007926344871521
1,1,0.9992141723632812
1,1,0.8234254717826843
0,0,0.0008017263608053327
1,1,0.986962616443634
1,1,0.9985851049423218
1,1,0.7638767957687378
0,0,4.150164750171825e-05
1,1,0.9347038269042969
0,0,0.02425287291407585
0,0,0.0035085193812847137
1,1,0.9999620914459229
1,1,0.9926391839981079
1,1,0.9998893737792969
1,1,0.9998242259025574
0,0,0.0007704274612478912
1,1,0.9993626475334167
1,1,0.9998281002044678
0,0,0.003300606971606612
0,0,0.00011245317000430077
0,1,0.9194203019142151
0,0,0.000590238836593926
0,0,0.00037968720425851643
1,1,0.9997722506523132
0,0,0.0028879998717457056
0,0,0.004404035396873951
1,1,0.8415191769599915
0,0,0.0001106172931031324
1,1,0.9963646531105042
0,0,0.00037039275048300624
0,1,0.9506528973579407
0,0,0.00047608642489649355
0,0,0.001782529870979488
0,0,0.0008327032555826008
0,0,0.3044270873069763
0,0,0.0003061610332224518
0,0,0.00012839118426200002
0,0,0.00018402970454189926
0,0,2.323407170479186e-05
0,0,0.0019285236485302448
0,0,0.012209782376885414
1,1,0.9989822506904602
0,0,1.60152958414983e-05
1,1,0.9803587198257446
0,0,0.0001179173996206373
0,0,0.0014968286268413067
1,1,0.9902151823043823
1,1,0.996638298034668
1,1,0.9930150508880615
0,0,0.04686632379889488
1,0,0.27954789996147156
0,0,0.059282831847667694
0,0,0.0029052607715129852
1,1,0.8953747153282166
0,0,0.00021474251116160303
1,1,0.9988836646080017
0,0,0.0001998396182898432
1,1,0.7974302172660828
0,0,0.08215848356485367
0,0,0.00022167748829815537
1,1,0.9993048906326294
0,0,5.400892405305058e-05
1,1,0.9804006814956665
0,0,0.0027579371817409992
1,1,0.999882698059082
0,0,0.0017161931609734893
0,0,0.1061892881989479
1,1,0.9997004270553589
1,1,0.9450777173042297
0,0,0.12163938581943512
0,0,0.005900011397898197
0,0,0.00018139906751457602
0,1,0.502138078212738
0,0,0.015905525535345078
0,0,0.007761494256556034
0,0,0.0001383660564897582
1,1,0.9995583891868591
1,1,0.9985489249229431
1,1,0.994102418422699
1,1,0.99399733543396
0,0,0.03947363421320915
0,0,5.439949018182233e-05
0,0,0.0015704871620982885
1,1,0.9245880246162415
0,0,1.6526348190382123e-05
1,1,0.9999220371246338
1,1,0.6690976023674011
0,0,0.0017921662656590343
1,1,0.9999655485153198
1,1,0.9999523162841797
1,1,0.990221381187439
0,0,5.496863377629779e-05
1,1,0.962547242641449
1,0,0.021071569994091988
0,1,0.9923912882804871
0,0,0.001574886729940772
0,1,0.8971239924430847
1,1,0.9997453093528748
0,1,0.574604332447052
1,1,0.9961497783660889
1,0,0.4258837401866913
0,0,0.054599229246377945
0,0,7.274069503182545e-05
0,0,0.03500346466898918
0,0,0.0009257473284378648
0,0,4.5155820771469735e-06
0,0,0.00015747816360089928
1,1,0.982331395149231
1,1,0.9988617897033691
0,0,0.00037394725950434804
0,0,0.0007609413587488234
1,1,0.9999164342880249
0,0,0.0006650611758232117
0,0,0.010445047169923782
1,1,0.9988407492637634
1,1,0.9991757273674011
0,0,0.00018678682681638747
0,0,0.0003001340664923191
0,0,0.030586233362555504
0,0,0.0007401782204397023
0,0,0.007170276716351509
1,1,0.8399590253829956
1,1,0.9998900890350342
1,1,0.9371790289878845
0,0,0.051573894917964935
1,0,0.00681191124022007
1,1,0.9998045563697815
0,0,0.00021142684272490442
1,1,0.984288215637207
0,0,0.0001292271335842088
1,1,0.9999294281005859
1,1,0.9994539618492126
0,0,0.0868985503911972
0,0,5.786447582067922e-05
1,1,0.9999347925186157
1,0,0.012977254576981068
1,1,0.9465309977531433
1,1,0.9987286925315857
0,0,1.136984155891696e-05
0,0,0.0010343396570533514
1,1,0.9951575398445129
1,1,0.9998670816421509
0,0,0.09376411139965057
0,0,0.001355515792965889
0,0,4.23548772232607e-05
0,0,5.2046088967472315e-05
0,0,0.09950285404920578
0,0,0.0014717704616487026
1,1,0.9873155355453491
1,1,0.9847882986068726
0,0,0.0021680837962776423
1,1,0.9993911981582642
1,1,0.8579478859901428
1,1,0.6457799673080444
0,0,1.2216873983561527e-05
0,0,0.001632226281799376
0,0,0.05834447592496872
1,1,0.8957970142364502
1,0,0.3639097213745117
1,1,0.9993821382522583
1,1,0.998789370059967
1,1,0.9996098875999451
1,1,0.9866040945053101
0,0,0.00013613262854050845
1,1,0.999731719493866
1,1,0.9998663663864136
1,1,0.999478280544281
0,0,9.525567293167114e-06
1,1,0.999249279499054
1,1,0.9984012246131897
0,0,0.0805220901966095
1,0,0.3396313488483429
1,1,0.9995858073234558
0,0,0.0015360211255028844
0,0,2.390018016740214e-05
1,1,0.9992561936378479
0,0,1.7270216631004587e-05
1,1,0.9999589920043945
1,1,0.9983049631118774
0,1,0.8589126467704773
1,1,0.9986081719398499
1,1,0.9883298873901367
0,0,1.7317534002359025e-05
0,0,4.427769090398215e-05
1,1,0.9993757605552673
1,1,0.9988154172897339
1,1,0.9558055400848389
1,1,0.9975728392601013
1,1,0.6848150491714478
0,0,1.3932763977209106e-05
1,1,0.9992639422416687
0,0,0.04919877648353577
0,0,0.00012545350182335824
0,0,0.06763143092393875
1,1,0.9996634721755981
1,1,0.9998911619186401
1,1,0.9761962890625
1,1,0.989345371723175
1,1,0.7000954747200012
0,0,0.0021829179022461176
1,1,0.9909718036651611
0,0,4.9378642870578915e-05
1,1,0.9996874332427979
0,0,0.0015214462764561176
1,1,0.9990158081054688
1,1,0.9990285634994507
1,1,0.9974886178970337
0,0,0.0020867078565061092
1,0,0.19824638962745667
1,1,0.9787179231643677
0,0,2.0585814127116464e-05
1,1,0.9878540635108948
0,0,0.00016346873599104583
0,0,0.0005719657056033611
0,0,0.13303552567958832
1,1,0.8892804980278015
1,1,0.9996792078018188
0,0,3.6282861401559785e-05
0,0,0.01519931759685278
1,1,0.9763379693031311
0,0,0.1395389288663864
0,0,0.04549824818968773
0,0,0.0024422944989055395
0,0,0.00028150860453024507
0,0,0.009919264353811741
0,0,0.0001692659134278074
0,0,2.8976162866456434e-05
1,1,0.998217761516571
1,1,0.9997640252113342
0,0,0.008791366592049599
0,0,0.01472628116607666
0,0,2.636823637658381e-06
0,0,0.0010365364141762257
0,0,2.3027119823382236e-05
0,0,0.0004953182651661336
1,1,0.9971261620521545
1,1,0.9997425675392151
0,0,0.005664622411131859
0,1,0.8670364618301392
1,0,0.008205404505133629
0,0,0.1626529097557068
0,0,0.0014951463090255857
1,1,0.7855137586593628
0,0,2.0513851268333383e-05
0,0,2.613996684885933e-06
0,0,0.0003770130861084908
1,1,0.9496033787727356
0,0,1.283134042751044e-05
0,0,0.00013840010797139257
1,1,0.9876320362091064
0,0,0.001921189483255148
0,0,0.0003209043643437326
0,0,0.00014817067130934447
0,0,0.007205164525657892
1,1,0.9979002475738525
0,0,0.0004895345773547888
0,0,0.00021466186444740742
0,0,2.332435906282626e-05
0,0,0.012119689956307411
0,0,0.000615703291259706
0,0,0.00027812321786768734
1,0,0.0009671241277828813
0,0,0.11374993622303009
1,1,0.9799088835716248
0,0,7.798049045959488e-05
0,0,0.0006796857924200594
0,0,9.528329428576399e-06
1,1,0.9992477893829346
0,0,0.0015284918481484056
0,0,0.09834498167037964
0,0,0.0015652828151360154
1,1,0.9998077750205994
1,1,0.9873443841934204
0,0,6.271606252994388e-05
1,1,0.9999798536300659
0,1,0.9898542761802673
0,0,0.0017849026480689645
0,0,0.0007684225565753877
1,1,0.9988013505935669
0,0,0.09683792293071747
0,0,0.005666255950927734
1,1,0.9832332730293274
0,0,0.0005077483365312219
1,1,0.999950647354126
0,0,0.0005454591009765863
0,0,2.510264857846778e-05
1,1,0.9969856142997742
1,1,0.9998218417167664
1,1,0.9996769428253174
0,0,4.3590011046035215e-05
0,0,0.2014109492301941
1,1,0.9998430013656616
1,1,0.7539924383163452
0,0,0.007307439111173153
0,0,0.0008930260082706809
0,0,9.238041820935905e-05
1,1,0.9993377327919006
0,0,6.362161366268992e-05
1,1,0.996651828289032
0,0,0.012373140081763268
0,0,0.00018868713232222944
0,0,0.00019474720465950668
1,1,0.9967376589775085
0,0,0.0019561881199479103
1,1,0.9990922212600708
1,1,0.9998012185096741
1,1,0.9954076409339905
1,0,0.008174746297299862
1,1,0.7253464460372925
1,1,0.9977174997329712
1,1,0.9917362332344055
0,0,0.00010438291064929217
0,0,7.771606760798022e-05
0,0,7.209762407001108e-05
1,1,0.999962329864502
0,1,0.5988017916679382
0,0,0.011808567680418491
0,0,0.05200852453708649
0,0,0.012278427369892597
1,1,0.900144636631012
1,1,0.9493050575256348
1,1,0.9932199120521545
0,0,0.0012454250827431679
1,1,0.9910470843315125
1,1,0.9805284142494202
1,1,0.9999207258224487
0,0,3.903538890881464e-05
1,0,0.26708248257637024
0,0,0.00044915295438840985
0,0,0.00011953609646297991
0,0,0.014976538717746735
1,1,0.9991236329078674
0,0,0.006153222639113665
1,1,0.9875949621200562
0,0,0.0012789712054654956
1,1,0.999889612197876
1,1,0.999805748462677
1,1,0.8398187756538391
1,1,0.9997387528419495
1,1,0.9998931884765625
0,0,2.4546730855945498e-05
1,1,0.9994441866874695
0,0,0.04027875140309334
0,0,0.0008875891799107194
1,1,0.9067813754081726
1,1,0.94444739818573
0,1,0.9872446656227112
1,1,0.9702306985855103
1,1,0.9996731281280518
1,1,0.9999169111251831
0,0,0.34167277812957764
0,0,0.0024165452923625708
0,0,0.31739896535873413
0,0,0.000165360834216699
0,0,0.0004716961120720953
1,1,0.9601368308067322
0,0,0.009258183650672436
0,0,0.031115621328353882
0,0,8.924552821554244e-05
0,0,0.00022563243692275137
0,0,0.0016573650063946843
0,0,0.0006919195875525475
0,1,0.9766051173210144
0,0,0.00017000478692352772
0,0,0.024684302508831024
0,1,0.775968611240387
0,0,0.0006282440153881907
1,1,0.9979731440544128
0,0,0.00023286794021259993
0,0,4.454971076484071e-06
0,0,0.00012260522635187954
0,0,1.8501639715395868e-05
0,1,0.8405148386955261
0,0,0.004173958674073219
0,0,0.044309452176094055
0,0,0.0024301819503307343
0,0,0.0011192726669833064
0,1,0.8662104606628418
0,0,5.395736479840707e-06
0,0,0.022463643923401833
0,0,0.0002935555239673704
0,0,1.5032029295980465e-05
0,0,0.0004205962468404323
0,0,0.0308966226875782
0,0,0.00024604183272458613
0,0,0.0010779907461255789
0,0,2.9740482204942964e-05
0,0,0.001088680000975728
0,0,0.011606061831116676
0,0,3.214496609871276e-05
0,0,0.00012189240078441799
0,0,0.004444776102900505
0,0,0.42443543672561646
0,0,0.04661296680569649
0,0,0.015842031687498093
0,0,0.003466426394879818
0,0,0.006915512960404158
0,0,1.305106434301706e-05
0,0,0.0014642815804108977
0,0,0.0021395322401076555
0,0,0.006585066206753254
1,1,0.678641676902771
1,1,0.999351441860199
1,1,0.994010865688324
1,1,0.970633864402771
0,0,0.00010332356760045514
1,1,0.9987371563911438
1,1,0.9855300188064575
0,0,0.12078464776277542
1,1,0.9993821382522583
1,1,0.9993816614151001
0,0,0.00012136179429944605
1,1,0.9996718168258667
0,0,1.5396190065075643e-05
0,0,0.00029728453955613077
1,1,0.9996787309646606
1,1,0.9999611377716064
0,0,0.01228425744920969
1,1,0.9971868395805359
1,1,0.9999929666519165
1,1,0.9961613416671753
1,1,0.9993506073951721
1,1,0.8009669184684753
1,1,0.9985824823379517
1,1,0.9519044756889343
1,1,0.8917978405952454
1,1,0.9761270880699158
1,1,0.9999524354934692
1,1,0.9998869895935059
0,0,1.660761881794315e-05
1,1,0.9997392296791077
1,1,0.9705175161361694
1,1,0.9960094690322876
1,1,0.9985277652740479
1,1,0.9687370657920837
1,1,0.999860405921936
1,1,0.9885275363922119
1,1,0.9972085356712341
0,0,0.0012256479822099209
1,1,0.9999841451644897
1,1,0.9999724626541138
1,1,0.97877436876297
1,1,0.9999189376831055
1,1,0.9992921352386475
1,1,0.994952917098999
1,1,0.9999786615371704
1,1,0.999940037727356
1,1,0.9997550845146179
0,0,2.5466355509706773e-05
1,1,0.9995878338813782
1,1,0.9964492321014404
1,1,0.9997296929359436
0,0,0.00031339048291556537
0,1,0.8978471159934998
0,0,0.00018932671810034662
1,1,0.9957482218742371
0,0,0.005813793744891882
1,1,0.9995321035385132
0,0,0.023197712376713753
0,0,0.0015641446225345135
0,0,5.503324791789055e-05
1,0,0.01980765350162983
1,1,0.9975893497467041
0,0,0.002674225252121687
0,0,7.812288095010445e-05
0,0,8.339410123880953e-05
1,1,0.9692251682281494
0,0,0.0752253457903862
0,0,0.00016642585978843272
0,0,8.219766459660605e-05
0,0,0.00039626742363907397
0,0,0.00013971571752335876
0,0,0.012123321183025837
0,0,0.012081362307071686
0,0,0.004922173917293549
0,0,0.003963761031627655
1,1,0.9865587949752808
1,1,0.9999434947967529
1,1,0.9853530526161194
1,1,0.965523898601532
0,0,0.0019742711447179317
1,1,0.9458078145980835
1,1,0.9993517994880676
1,1,0.9999773502349854
0,0,0.00019945090753026307
1,1,0.9968543648719788
1,1,0.9996312856674194
1,1,0.9994457364082336
0,0,0.0007508722483180463
0,0,0.0018713963218033314
1,0,0.11950544267892838
1,1,0.9985613226890564
1,1,0.9962611794471741
0,1,0.8691316843032837
1,1,0.9977239966392517
1,1,0.9983270764350891
0,0,0.1453365683555603
1,1,0.9977715015411377
0,0,2.5407845896552317e-05
1,1,0.9975005984306335
0,0,0.0002820052905008197
0,0,7.980973168741912e-05
0,0,6.79824297549203e-05
0,0,0.012879724614322186
1,1,0.999929666519165
0,0,0.0004311941738706082
0,0,0.003959032706916332
1,1,0.9968104958534241
1,1,0.9997565150260925
1,1,0.9922255277633667
1,1,0.5894875526428223
0,0,0.04739423841238022
1,1,0.9628573656082153
0,0,0.0015967413783073425
0,0,0.013093742541968822
0,0,6.9819170676055364e-06
0,0,0.025179369375109673
0,0,0.00012541282922029495
0,0,0.002361681079491973
0,0,0.0005010724999010563
0,0,0.009953892789781094
0,0,0.00035799219040200114
1,1,0.9893596172332764
0,0,0.035402096807956696
1,1,0.9965885877609253
0,0,0.0002763796946965158
0,0,0.0013505547540262341
1,1,0.9993818998336792
1,1,0.9990635514259338
1,1,0.5878588557243347
0,0,0.008193852379918098
0,0,7.490134885301813e-05
1,1,0.9493545889854431
0,0,0.0014643978793174028
1,1,0.8284413814544678
0,0,0.07278688251972198
0,0,0.29294225573539734
0,0,0.42100435495376587
0,0,9.597474854672328e-05
0,0,0.024537166580557823
0,0,0.0005265407962724566
0,0,0.00033662753412500024
0,0,1.2601561138581019e-05
0,0,0.16226740181446075
0,0,0.00023775061708875
0,0,0.0421622171998024
0,0,0.010564316995441914
0,0,3.712257603183389e-05
0,0,0.0002504046424292028
0,0,0.0004604406130965799
0,0,0.01536822784692049
0,0,8.896898179955315e-06
0,0,0.0036888234317302704
0,0,2.4357545044040307e-05
0,0,0.0015441477298736572
0,0,0.030674248933792114
0,0,8.97601967153605e-06
0,0,0.0033542788587510586
1,1,0.9988126754760742
0,0,0.0006017911946401
0,0,7.675411325180903e-05
1,1,0.9990629553794861
1,1,0.9993013143539429
1,1,0.9999837875366211
1,1,0.9999693632125854
0,0,8.948635513661429e-05
1,1,0.9955809712409973
0,0,0.020461106672883034
1,1,0.9996944665908813
0,0,0.18408969044685364
0,0,0.0028975135646760464
1,0,0.13780024647712708
0,0,0.007985452190041542
0,0,0.0018709874711930752
1,1,0.8549335598945618
1,1,0.9996110796928406
0,0,0.00016361642337869853
0,0,8.789321145741269e-05
1,1,0.9716346859931946
0,0,0.0006590267876163125
1,1,0.9951398372650146
1,1,0.9993268251419067
1,1,0.9998549222946167
0,0,0.054094135761260986
0,0,0.00039523516898043454
0,0,7.995940904947929e-06
0,0,0.0008923328132368624
0,0,0.003533717943355441
1,1,0.9998658895492554
1,1,0.9996335506439209
1,1,0.9994865655899048
1,1,0.9393616914749146
1,0,0.23631170392036438
1,1,0.9995518326759338
0,0,0.002565954811871052
1,1,0.9996455907821655
1,1,0.999203622341156
0,0,0.00035525092971511185
1,1,0.9956067204475403
1,1,0.9945472478866577
0,0,0.00023365567903965712
0,0,6.753052730346099e-05
0,0,0.00027528119971975684
1,0,0.03361838683485985
0,0,6.774466601200402e-05
0,0,0.0005766430986113846
1,1,0.9100066423416138
1,1,0.9894720911979675
0,0,0.054902929812669754
0,0,0.10254976898431778
1,1,0.997077465057373
0,0,2.3026505004963838e-05
0,0,0.0030125968623906374
0,0,0.0026405889075249434
0,0,0.0004915250465273857
0,0,0.00209828675724566
1,1,0.9992840886116028
0,0,0.008376234211027622
0,0,2.5051398552022874e-05
1,1,0.9966636300086975
0,0,0.00800283532589674
1,0,0.35318300127983093
1,1,0.9996387958526611
1,1,0.717232882976532
1,1,0.9932085871696472
0,0,0.0004533174796961248
0,0,3.1703501008450985e-05
0,0,0.24262674152851105
0,0,0.002347155474126339
0,1,0.7555375695228577
1,1,0.9719770550727844
1,1,0.5876704454421997
1,1,0.9888701438903809
1,1,0.9916545152664185
1,1,0.6578333973884583
0,0,3.8813523133285344e-05
1,1,0.9938575625419617
1,1,0.9890909790992737
0,0,0.00018156484293285757
0,0,0.00015875515236984938
0,0,3.294931593700312e-05
1,1,0.9997110962867737
0,0,0.01939314231276512
1,1,0.9992445707321167
1,1,0.7245692610740662
0,0,0.0009347661980427802
0,0,0.004715472459793091
0,0,1.7471205865149386e-05
0,0,0.002069979440420866
1,1,0.9888145327568054
0,0,0.2869473397731781
1,1,0.5833423137664795
1,0,0.4478212893009186
1,1,0.9545249938964844
1,1,0.9988553524017334
1,1,0.999966025352478
1,1,0.9998865127563477
1,1,0.9995824694633484
1,1,0.9232524633407593
0,0,2.1057207050034776e-05
0,0,0.008766577579081059
0,0,0.4518747925758362
0,0,0.27335047721862793
1,0,0.12337124347686768
1,1,0.9902122616767883
0,0,0.2070654183626175
1,0,0.07396142929792404
1,1,0.9998999834060669
1,1,0.9884089231491089
1,1,0.9998921155929565
1,1,0.8842775821685791
1,1,0.9996503591537476
0,1,0.9049229025840759
0,0,0.0006590945995412767
1,1,0.999880313873291
0,0,9.287992725148797e-05
1,1,0.9992218017578125
1,1,0.9978961944580078
0,0,0.0019284775480628014
1,1,0.973739743232727
1,1,0.9998875856399536
1,1,0.9890691637992859
1,1,0.9991772770881653
0,0,0.032461125403642654
0,0,0.0009546452783979475
0,0,0.03990652784705162
0,0,0.0010866739321500063
0,0,0.07702036947011948
1,1,0.9999372959136963
1,1,0.9998584985733032
1,1,0.9969937801361084
0,0,0.00011613497918006033
0,0,0.0005327531252987683
1,1,0.991156816482544
1,1,0.9967041611671448
1,1,0.7700595855712891
1,1,0.9931138157844543
0,0,5.94635603192728e-05
0,0,0.000579605926759541
1,1,0.9491326212882996
0,0,0.008189300075173378
1,1,0.9892479777336121
0,0,0.42415931820869446
1,1,0.9920450448989868
1,1,0.9960820078849792
1,1,0.9999936819076538
1,1,0.9970619082450867
0,0,0.0009038936696015298
0,0,0.000794018036685884
1,1,0.9900113940238953
1,1,0.7784355282783508
1,1,0.9987589120864868
1,1,0.939814031124115
0,0,0.00042931665666401386
1,1,0.9999966621398926
1,1,0.9995681643486023
1,1,0.998559296131134
1,1,0.9996305704116821
1,1,0.96004319190979
0,0,0.00035201600985601544
0,1,0.9069998860359192
0,0,1.2565044016810134e-05
0,0,0.0009021817822940648
0,0,0.031466126441955566
1,1,0.9955734014511108
1,1,0.9997965693473816
0,0,0.009109250269830227
0,0,0.009758206084370613
0,0,0.0002154093817807734
0,0,2.0716581275337376e-05
0,0,0.009484373964369297
0,0,0.05049382150173187
0,0,0.00020626094192266464
0,0,0.0017030701274052262
0,0,0.013763236813247204
0,0,0.00013037933968007565
0,0,0.16074486076831818
0,0,0.0004171025939285755
0,0,0.0010103576350957155
0,0,0.0004671131609939039
0,0,3.922379619325511e-05
0,0,0.04324615001678467
0,0,0.005508693866431713
0,0,2.1774965716758743e-05
0,0,0.0001924126991070807
0,0,0.012479276396334171
0,0,0.00014832602755632252
0,0,0.0001638249959796667
0,0,0.11638255417346954
0,0,1.6277894246741198e-05
0,0,1.4575997738575097e-05
0,1,0.9833732843399048
0,0,0.0016783599276095629
1,1,0.9992498755455017
0,0,0.017430802807211876
1,1,0.9999231100082397
1,0,0.13810747861862183
1,1,0.9997407793998718
1,1,0.998842179775238
1,1,0.9997251629829407
1,1,0.9887807369232178
0,0,0.03320496529340744
0,0,0.0001036363682942465
0,0,0.00010075117461383343
0,0,0.002322848653420806
0,0,0.0011003882391378284
0,0,0.004107531160116196
0,0,5.6971173762576655e-05
1,1,0.9981682300567627
0,0,0.008858049288392067
1,1,0.9878579378128052
1,1,0.9029884934425354
1,0,0.45852717757225037
1,1,0.9993975162506104
0,0,4.9911337555386126e-05
0,0,0.00029176034149713814
0,0,0.01910056173801422
0,0,0.004806140437722206
1,1,0.9945000410079956
0,0,0.2375558465719223
0,0,0.1165190115571022
1,1,0.9996511936187744
1,1,0.9877771139144897
1,1,0.970698356628418
1,1,0.9983251690864563
0,0,2.0375617168610916e-05
0,0,0.1051679402589798
0,0,0.032610684633255005
0,0,0.0004963325336575508
1,1,0.996455729007721
0,0,0.05155699700117111
1,1,0.948171079158783
1,1,0.9994321465492249
1,0,0.3811127841472626
0,0,0.00114726391620934
0,0,0.0007940123905427754
1,1,0.8977055549621582
0,0,1.7247453797608614e-05
1,1,0.9998728036880493
0,0,0.0015248785493895411
1,1,0.9998007416725159
1,1,0.9962214231491089
1,1,0.9995984435081482
1,1,0.9992673993110657
1,1,0.9801331758499146
1,1,0.9967212080955505
1,1,0.9921924471855164
1,1,0.9999887943267822
1,1,0.9721439480781555
0,0,3.7045021599624306e-05
1,1,0.9988021850585938
0,0,0.0015501775778830051
0,0,5.497665551956743e-05
1,1,0.999826967716217
0,0,1.2239053830853663e-05
0,0,0.003236064687371254
1,1,0.9996525049209595
0,0,0.14577780663967133
0,0,0.000296705198707059
0,0,0.0033025823067873716
0,0,8.03701623226516e-05
0,0,0.00021372568153310567
0,0,9.553587915434036e-06
1,1,0.9920772910118103
0,0,0.008220937103033066
1,1,0.9941877126693726
0,0,0.07830525934696198
0,0,0.00016026743105612695
0,0,0.0010254576336592436
0,0,9.197240433422849e-05
0,0,2.1382295017247088e-05
1,1,0.9964415431022644
1,1,0.9969519376754761
0,0,0.0003344000142533332
1,1,0.9994545578956604
1,0,0.14381632208824158
0,0,0.0002099483390338719
1,1,0.987214207649231
0,0,0.013241742737591267
1,1,0.998044490814209
0,0,0.006018861662596464
0,0,0.004499355796724558
1,1,0.9998764991760254
0,0,4.187370723229833e-05
0,0,0.00042848222074098885
1,1,0.9997996687889099
1,0,0.2813991904258728
1,1,0.9991804957389832
0,0,0.0004392190312501043
0,0,0.00013337803829926997
1,1,0.9991025924682617
1,1,0.9974281191825867
1,1,0.9696654677391052
0,0,0.0011227170471102
1,1,0.9981971383094788
0,0,4.170473766862415e-05
0,0,0.001798878307454288
0,0,0.10224045813083649
0,0,7.485950482077897e-05
1,1,0.9994440674781799
0,0,0.0002627493522595614
0,0,7.878270480432548e-06
0,0,0.04016401991248131
1,1,0.999667763710022
0,0,0.004966817330569029
0,0,2.9859269488952123e-05
0,0,8.718823664821684e-05
0,0,5.2111048717051744e-05
0,0,0.19384092092514038
1,1,0.9782400727272034
1,1,0.9997244477272034
0,0,0.40353718400001526
0,0,0.00018063736206386238
0,0,0.002656978787854314
0,0,0.0018817756790667772
1,1,0.6667953729629517
0,0,1.4888673831592314e-05
0,0,3.2160118280444294e-05
1,1,0.9997356534004211
1,1,0.9909172654151917
1,0,0.3190097510814667
1,1,0.9994035959243774
1,1,0.9994556307792664
1,1,0.9991922974586487
0,1,0.9356802105903625
1,1,0.9997411370277405
1,1,0.9999315738677979
1,1,0.9614351391792297
1,1,0.995917022228241
0,0,6.251620652619749e-05
1,1,0.9996060729026794
1,1,0.9998371601104736
1,1,0.9985324144363403
0,0,4.380883910926059e-05
0,0,0.0003651236474979669
1,1,0.9999130964279175
1,1,0.997485876083374
1,1,0.9984586238861084
1,1,0.9997890591621399
1,1,0.999815046787262
1,1,0.9999018907546997
0,0,1.6121306543936953e-05
1,1,0.9994738698005676
1,1,0.9996694326400757
0,0,0.02049412578344345
0,0,0.00011000562517438084
1,1,0.9999344348907471
0,1,0.901617169380188
1,1,0.9123490452766418
1,1,0.9637581706047058
0,0,0.0004177167429588735
0,0,3.448686584306415e-06
0,1,0.7015975117683411
1,1,0.9999769926071167
1,0,0.45993101596832275
1,1,0.9999083280563354
0,0,0.0008134185336530209
1,0,0.37510836124420166
1,1,0.9999500513076782
0,0,0.0002946535823866725
0,0,0.0011325166560709476
0,0,0.0016040373593568802
1,1,0.9827064275741577
0,0,6.242177914828062e-05
0,0,0.0007090086000971496
0,1,0.9977982044219971
1,1,0.9978907704353333
1,1,0.9800992608070374
0,0,0.005378582514822483
1,1,0.6146346926689148
1,0,0.0029736454598605633
1,1,0.973097562789917
1,1,0.9931789636611938
0,0,0.0008233378757722676
0,0,0.006548850331455469
0,0,3.5072600894636707e-06
1,1,0.9998910427093506
0,0,0.0006319616222754121
0,0,0.00017810189456213266
1,1,0.9991975426673889
0,0,0.00016039572074078023
0,0,0.00011812955199275166
0,0,0.031540777534246445
0,0,0.1645326316356659
0,0,0.0003279874217696488
0,0,0.03495210036635399
0,0,0.001565250800922513
0,1,0.9937082529067993
1,1,0.9941558837890625
1,1,0.9819651246070862
0,0,0.00388117553666234
1,1,0.814922034740448
1,1,0.9997937083244324
0,0,8.005044037417974e-06
0,0,0.10164311528205872
0,0,0.0034643649123609066
0,0,0.0002382743841735646
0,0,1.4585090866603423e-05
0,0,0.004476009868085384
0,0,6.184668745845556e-05
0,0,0.0006513492553494871
0,0,0.0001244005688931793
0,0,0.4277423024177551
0,0,0.0002876691287383437
0,0,0.00016248784959316254
0,0,0.0002571640652604401
0,0,0.0007334970287047327
0,0,0.0004070607537869364
0,0,0.00021802472474519163
0,0,0.00034985161619260907
0,0,0.0005967225297354162
0,0,5.8047360653290525e-05
0,0,0.010395807214081287
0,0,1.681851426837966e-05
0,0,6.386140739778057e-05
0,0,0.0002678119926713407
0,0,5.7041463151108474e-05
1,1,0.9999251365661621
1,1,0.9979100823402405
0,0,0.1550595760345459
1,1,0.999396562576294
1,1,0.9999226331710815
1,1,0.9999046325683594
1,1,0.9714481234550476
1,1,0.9198170304298401
1,1,0.999854326248169
1,1,0.9979498982429504
1,1,0.9181526303291321
1,1,0.9995629191398621
0,0,0.0006057883729226887
0,0,0.3626742660999298
0,0,0.0004118578799534589
1,1,0.9843891263008118
1,1,0.9993895292282104
0,0,0.0024597172159701586
0,0,0.0001233457587659359
0,0,0.00030415653600357473
0,0,1.6027030142140575e-05
0,0,2.353192030568607e-05
0,0,0.00018504814943298697
0,0,0.0016272501088678837
0,0,0.0005618146387860179
0,0,0.0108091551810503
1,1,0.9999631643295288
1,1,0.860260009765625
0,0,7.687511970289052e-05
1,1,0.9922256469726562
0,0,0.00015438928676303476
1,1,0.9993560910224915
1,1,0.9984903335571289
1,1,0.9994388222694397
1,1,0.9999945163726807
1,1,0.9998257756233215
1,1,0.9999738931655884
1,1,0.9045798778533936
0,0,0.011975012719631195
1,1,0.8388139009475708
1,1,0.9986718893051147
0,0,0.0010651849443092942
0,0,0.027133852243423462
1,1,0.9943049550056458
0,0,0.27298152446746826
1,1,0.9997308850288391
1,1,0.9912219047546387
1,1,0.9989714622497559
1,1,0.9991942048072815
0,0,0.0005191063974052668
0,1,0.993069589138031
0,0,0.00955694355070591
1,1,0.9999159574508667
0,0,5.386100383475423e-05
1,1,0.9999277591705322
1,1,0.9992703795433044
0,0,1.465144941903418e-05
0,0,9.12014875211753e-05
0,1,0.7973086833953857
0,0,1.1753038961614948e-05
0,0,8.243080628744792e-06
0,0,3.2950450986390933e-05
0,0,0.004379874095320702
0,0,0.02419535256922245
0,0,4.66234159830492e-05
0,0,0.0004722215817309916
1,1,0.9997606873512268
1,1,0.9842581748962402
1,1,0.8483403325080872
0,0,0.0003282279649283737
0,0,0.013314067386090755
1,1,0.9902526140213013
1,1,0.9975443482398987
1,1,0.9976303577423096
1,1,0.9922212958335876
1,1,0.9997740387916565
0,0,7.99132976680994e-05
1,1,0.994383692741394
1,1,0.6041419506072998
0,0,0.009416671469807625
1,1,0.9895105361938477
0,0,2.293846227985341e-05
1,0,0.2343587726354599
0,0,0.00033367204014211893
0,0,4.380683458293788e-05
0,0,0.0001477419282309711
0,0,0.0012810680782422423
1,1,0.9958447813987732
0,1,0.8083621859550476
0,0,7.457428728230298e-05
0,0,9.632058208808303e-05
0,0,1.923065065057017e-05
0,0,0.11059234291315079
1,1,0.9998739957809448
1,1,0.9999524354934692
1,1,0.9999257326126099
1,1,0.9980042576789856
1,1,0.9997658133506775
1,1,0.999836802482605
1,1,0.9997641444206238
0,0,0.00010923407535301521
1,1,0.9978260397911072
1,0,0.3790740966796875
1,1,0.9923675656318665
1,1,0.9993119239807129
0,0,0.000434747344115749
0,0,0.00011853225441882387
1,1,0.8399794697761536
0,0,0.014777484349906445
1,1,0.9984305500984192
1,1,0.9960793852806091
1,1,0.9863716959953308
0,0,9.8457581771072e-05
0,0,0.0007154066115617752
1,0,0.19052331149578094
0,0,8.769796841079369e-05
0,0,0.0005188803188502789
1,1,0.9994686245918274
1,1,0.9999459981918335
1,1,0.999956488609314
0,0,3.762277265195735e-05
0,0,0.00027534921537153423
0,0,0.003656723303720355
0,0,0.00116405647713691
0,0,0.00555333960801363
0,0,0.003275008639320731
0,0,0.00010194616334047168
0,0,0.0004522809467744082
0,0,4.877685114479391e-06
0,0,6.591484998352826e-05
0,0,0.0001687072654021904
1,1,0.9879761338233948
1,1,0.9995670914649963
1,1,0.9900310039520264
1,1,0.9998267292976379
0,0,0.005294235423207283
1,1,0.9877410531044006
1,1,0.9968923926353455
1,1,0.9241893291473389
0,0,0.00017338468751404434
1,0,0.012006253004074097
0,0,9.814394616114441e-06
0,0,4.994695700588636e-05
1,1,0.9959681034088135
1,1,0.9989386200904846
0,1,0.5573211312294006
1,1,0.9990732669830322
0,0,0.0061083706095814705
0,0,0.020130833610892296
0,0,1.5644920495105907e-05
0,0,8.737384632695466e-05
0,0,0.005980120040476322
1,1,0.999193012714386
0,0,0.002704076701775193
1,1,0.942783772945404
0,0,0.0013581234961748123
1,1,0.9992979764938354
0,1,0.990165650844574
1,1,0.9998769760131836
0,0,0.0007972308085300028
0,0,0.12266545742750168
1,1,0.9638782143592834
1,1,0.9975829124450684
0,0,5.526791937882081e-05
1,1,0.9990481734275818
1,1,0.9998021721839905
0,0,0.013786764815449715
1,1,0.9999368190765381
0,0,0.008504287339746952
1,1,0.9971423745155334
0,0,0.012237402610480785
1,1,0.9978381991386414
1,1,0.99962317943573
1,1,0.9993990659713745
1,1,0.6713811159133911
1,1,0.999963641166687
1,0,0.0020196442492306232
1,1,0.999847412109375
1,1,0.9998342990875244
0,0,2.808883618854452e-05
0,0,1.2942709872731939e-05
0,0,0.00041033755405806005
0,0,0.0003891455999109894
0,0,0.0036493451334536076
0,0,2.8678299713646993e-05
0,0,0.00016262363351415843
1,1,0.9996610879898071
1,1,0.9985948204994202
0,0,0.0005476796650327742
0,0,0.00014792053843848407
0,0,4.446688399184495e-05
1,1,0.8186081051826477
0,0,0.0001673160877544433
0,1,0.8907899260520935
0,0,0.004299122374504805
0,0,0.001617562840692699
0,0,1.3570356713898946e-05
1,1,0.8888536691665649
1,1,0.9796623587608337
1,1,0.9999735355377197
1,1,0.9984240531921387
1,1,0.9989132881164551
1,1,0.9999570846557617
0,0,0.0001905320823425427
0,0,0.0016801615711301565
1,1,0.9983564019203186
1,1,0.9893293976783752
0,0,0.0006359926774166524
0,0,0.0008144807070493698
1,1,0.9997732043266296
0,0,6.7594651227409486e-06
0,0,0.00024147095973603427
0,0,9.494776168139651e-05
0,0,0.0015491291414946318
1,1,0.8755236864089966
0,0,0.0001016293463180773
1,1,0.9884236454963684
0,0,0.006893922574818134
0,0,0.0001714052341412753
0,0,0.005655884277075529
0,0,0.0010845998767763376
0,0,0.009691272862255573
0,0,0.0017993443179875612
1,0,0.24250932037830353
0,0,0.0016358785796910524
0,0,0.00012617812899407
0,0,1.164854893431766e-05
0,0,0.0008528705802746117
0,0,0.0001432015560567379
0,1,0.9595227837562561
1,1,0.9997766613960266
1,0,0.00632172916084528
1,1,0.9960518479347229
1,1,0.8970414996147156
1,1,0.9955329895019531
0,0,2.457573100400623e-05
0,1,0.6731060147285461
0,0,0.00013503395894076675
0,0,0.02345641516149044
0,0,0.008229167200624943
1,1,0.9952738881111145
0,1,0.9567265510559082
1,1,0.9995719790458679
0,0,8.99571823538281e-05
0,0,0.0013859160244464874
0,0,0.2792569398880005
1,1,0.9997527003288269
0,0,2.2544971216120757e-05
1,1,0.9540047645568848
0,0,2.3471942768082954e-05
1,1,0.9960622191429138
1,1,0.999841570854187
1,1,0.9998370409011841
1,1,0.9997333884239197
0,0,0.003417413681745529
1,1,0.9984623193740845
0,0,0.0010430923430249095
0,0,1.4484583516605198e-05
0,1,0.7256372570991516
1,1,0.999077558517456
0,0,0.0010218375828117132
1,1,0.99839848279953
1,1,0.999782383441925
1,1,0.9993212223052979
1,1,0.97272127866745
1,1,0.9986262321472168
1,1,0.9999371767044067
1,1,0.9998267292976379
1,1,0.9913977384567261
0,0,0.0001664529845584184
1,1,0.9999432563781738
0,0,0.000595255580265075
1,1,0.9895550012588501
0,0,6.69911751174368e-05
1,1,0.9996891021728516
0,0,0.000515465100761503
0,0,0.00011270147660980001
0,0,0.00017798409680835903
1,1,0.999921441078186
0,0,3.305188147351146e-05
1,1,0.9997411370277405
0,0,0.0011772233992815018
1,1,0.9979199767112732
1,1,0.9999704360961914
0,1,0.516745388507843
0,0,0.0037592940498143435
0,0,1.7611204384593293e-05
1,1,0.9993496537208557
0,0,0.009160437621176243
0,0,0.0005392192397266626
0,0,0.00022798329882789403
1,1,0.9997417330741882
1,1,0.9953937530517578
0,0,0.0001372068509226665
1,1,0.9489141702651978
0,0,4.9588681577006355e-05
0,0,0.0003488908405415714
1,0,0.15148958563804626
1,1,0.9485774636268616
1,1,0.973601758480072
1,1,0.9996026158332825
0,0,3.328859020257369e-05
0,0,0.00043290702160447836
0,0,0.00010180666140513495
1,1,0.9999487400054932
1,1,0.9612477421760559
1,0,0.48601728677749634
0,0,0.0007473638979718089
0,0,0.02633398212492466
1,1,0.9933405518531799
0,0,6.935265992069617e-05
0,0,0.0028926944360136986
0,0,0.0005683134077116847
1,1,0.999005138874054
0,0,0.0015107500366866589
1,1,0.719510018825531
0,0,0.0001639726833673194
1,1,0.8843870759010315
1,1,0.997978150844574
0,0,0.010787573643028736
1,1,0.9984254837036133
1,1,0.9987461566925049
1,1,0.9994634985923767
0,0,0.040912456810474396
0,0,5.823820174555294e-05
0,0,0.003058481262996793
0,0,0.00014842294331174344
0,0,0.0008883312693797052
1,1,0.7971611618995667
1,1,0.9886562824249268
1,1,0.9753585457801819
1,1,0.9999179840087891
0,0,7.154682680265978e-05
1,1,0.9996898174285889
0,0,0.001870489213615656
0,0,6.069572555134073e-05
0,0,0.0003197240876033902
0,1,0.6213268041610718
0,0,0.029206588864326477
0,0,9.094860615732614e-06
0,0,1.9534303646651097e-05
1,1,0.9999794960021973
1,1,0.9986451268196106
0,0,1.4336861568153836e-05
0,0,0.0005919492105022073
1,1,0.9990918636322021
0,0,0.004194765817373991
0,0,0.015925943851470947
1,0,0.28874602913856506
0,0,0.015161369927227497
0,0,0.0011668301885947585
0,0,0.0005149737698957324
0,0,0.00010704576561693102
0,0,0.09762870520353317
0,0,0.40251943469047546
0,0,0.17875653505325317
0,0,0.018411649391055107
0,0,0.0021390884649008512
1,1,0.999714195728302
1,1,0.9992741942405701
1,1,0.9995694756507874
0,0,0.00013188972661737353
1,1,0.9995346069335938
1,1,0.9993484616279602
0,0,0.06402791291475296
0,0,0.0005343715893104672
1,1,0.9999376535415649
0,0,0.011319605633616447
1,1,0.9939976930618286
1,1,0.9985948204994202
0,0,0.0013131352607160807
0,0,0.001519467099569738
0,0,0.026447879150509834
1,1,0.9996172189712524
1,1,0.999962568283081
1,1,0.9997370839118958
0,0,9.42432670854032e-05
1,1,0.9996962547302246
1,1,0.9999939203262329
1,1,0.9999493360519409
1,1,0.9999833106994629
0,0,0.01358703151345253
0,0,0.0007183058769442141
1,1,0.9958015084266663
1,1,0.9982798099517822
1,1,0.9673715829849243
0,1,0.8846147656440735
0,0,0.15927359461784363
0,0,0.013887790031731129
1,0,0.43269795179367065
0,0,0.0004380635218694806
1,1,0.9962174296379089
1,1,0.8239786028862
0,0,0.007485429756343365
1,1,0.9898340702056885
1,1,0.9998818635940552
1,1,0.9899877905845642
0,0,6.219172064447775e-05
1,1,0.9994251728057861
1,1,0.9989625215530396
1,1,0.9875615835189819
1,1,0.9996955394744873
0,0,0.005131476558744907
0,0,0.0033847640734165907
1,1,0.9992861151695251
1,1,0.9999122619628906
0,0,2.7897272957488894e-05
1,0,0.002130773849785328
1,1,0.9948945045471191
0,0,0.015742672607302666
1,1,0.9995216131210327
1,1,0.9999666213989258
0,0,3.6210760299582034e-05
1,1,0.9999837875366211
1,1,0.9989209175109863
1,1,0.9929273724555969
0,0,0.0007329701911658049
1,1,0.9996364116668701
0,0,0.0001893225562525913
0,0,0.0003302717232145369
0,0,0.0002628455695230514
1,1,0.9812219738960266
1,1,0.998414158821106
0,0,6.46321932435967e-05
1,1,0.9992282390594482
1,1,0.9990789890289307
1,1,0.9977695941925049
0,0,3.88988628401421e-05
0,0,0.0030951867811381817
1,1,0.9872455596923828
1,1,0.9832756519317627
0,0,0.04409213364124298
0,0,0.0027334534097462893
0,0,0.00765300914645195
0,0,2.172452150261961e-05
1,1,0.9844531416893005
0,0,0.00035949546145275235
1,1,0.8650620579719543
1,1,0.9996360540390015
1,1,0.9806801080703735
1,1,0.9826791286468506
0,0,0.02023540996015072
1,1,0.9993599057197571
1,1,0.9998713731765747
1,1,0.9999444484710693
1,1,0.9997088313102722
0,0,0.0009324125130660832
0,0,0.00306711089797318
0,0,0.002101949183270335
0,0,0.011044011451303959
1,1,0.9977226853370667
1,1,0.9993035793304443
1,1,0.9934385418891907
1,1,0.9994530081748962
0,0,0.0033843715209513903
1,1,0.5622320771217346
1,1,0.9973913431167603
0,0,0.07316850125789642
0,0,0.00045445820433087647
0,0,0.00015094720583874732
0,0,6.76647323416546e-05
1,1,0.9975005984306335
0,0,1.3949304047855549e-05
1,1,0.9950087070465088
1,1,0.9956780076026917
0,0,0.00020401047368068248
1,1,0.9982439279556274
1,1,0.9800859689712524
1,1,0.9997873902320862
0,0,0.0026074587367475033
0,0,1.920482191053452e-06
1,0,0.005484791472554207
0,0,0.0028925843071192503
0,0,0.0001324732875218615
1,1,0.9998364448547363
0,0,0.00018471672956366092
0,0,0.004726078361272812
1,1,0.9993706345558167
0,0,0.30918657779693604
0,0,0.00012845938908867538
0,0,0.0003982037596870214
0,0,0.00020395583123899996
1,1,0.9999600648880005
0,0,0.0036615473218262196
1,1,0.9875516295433044
0,0,3.733007542905398e-05
1,1,0.9972810745239258
0,0,0.002571833087131381
1,1,0.999872088432312
1,1,0.9996671676635742
0,0,0.000307879236061126
0,0,1.5057094969961327e-05
0,0,3.50908849213738e-05
1,1,0.9996325969696045
0,0,0.0006856207037344575
0,0,2.1764210032415576e-05
1,1,0.9980326294898987
1,1,0.9994021654129028
1,1,0.9998669624328613
0,0,0.010435850359499454
0,0,3.0195042199920863e-05
0,0,0.03587041795253754
1,1,0.992784857749939
0,0,0.10969246178865433
1,1,0.995283305644989
0,0,1.1389191058697179e-05
1,1,0.9999443292617798
0,0,0.00012279396469239146
1,1,0.99910968542099
0,0,0.0030597159639000893
1,1,0.9787830114364624
1,1,0.9990010857582092
1,0,0.13298682868480682
0,0,0.00019644170242827386
1,1,0.9998074173927307
0,0,1.5054984032758512e-05
0,0,0.0002276433806400746
0,0,0.0007888741674833
1,1,0.9910613894462585
0,1,0.6043508052825928
0,0,0.0001426633243681863
0,0,0.01120939664542675
1,1,0.9982618689537048
1,1,0.9999457597732544
1,1,0.9972153902053833
0,0,0.00014394520258065313
0,0,0.0012030113721266389
1,1,0.9992875456809998
1,1,0.9025887846946716
0,0,0.011453146114945412
1,1,0.9996559619903564
1,1,0.9999654293060303
0,0,0.00020102408598177135
0,0,0.0006221318035386503
0,0,0.012230820022523403
0,0,0.19330830872058868
1,1,0.997901439666748
1,1,0.998677670955658
1,1,0.6657031774520874
1,1,0.9547268152236938
0,0,0.3995872139930725
1,0,0.28302624821662903
1,1,0.8213216662406921
1,1,0.9995135068893433
1,1,0.9182167649269104
1,1,0.9676905274391174
1,1,0.9954907298088074
0,0,4.301909211790189e-05
0,0,3.493670192256104e-06
0,0,0.0002210934180766344
0,0,0.001131113967858255
1,1,0.9921833872795105
0,0,0.00013520041829906404
1,1,0.9999758005142212
0,0,0.3970542550086975
0,0,0.0005334876477718353
0,0,2.795591535686981e-05
0,0,1.4923530216037761e-05
1,1,0.993980884552002
1,1,0.9893577694892883
1,1,0.9997921586036682
1,1,0.9989369511604309
1,1,0.98471999168396
1,1,0.9942089319229126
0,0,0.012370739132165909
1,1,0.6555449962615967
1,1,0.9934367537498474
1,1,0.9995771050453186
1,1,0.8477548360824585
0,0,0.00956529751420021
1,1,0.9564189314842224
1,1,0.9282612800598145
0,1,0.7362942695617676
1,1,0.9998106360435486
0,0,5.723342110286467e-05
1,1,0.9992790818214417
0,0,7.399674359476194e-05
0,0,0.0026983837597072124
1,1,0.9953873753547668
1,1,0.9742796421051025
0,0,0.010645417496562004
0,0,0.1581464260816574
0,0,0.00010234395449515432
0,0,2.434491580061149e-05
1,1,0.9995786547660828
0,0,0.486072838306427
0,0,0.0002139487478416413
0,0,4.398163582663983e-05
0,0,1.3250038364276406e-06
0,0,0.0005351144936867058
0,0,0.003337677801027894
0,0,0.00012224112288095057
0,0,0.003129037097096443
0,0,0.002435380360111594
0,0,0.0006959967431612313
0,0,0.0007423646165989339
1,1,0.968609631061554
0,0,3.3535307011334226e-06
0,0,1.2921387678943574e-05
0,0,4.2574229155434296e-06
1,1,0.7498476505279541
1,1,0.8760625123977661
0,0,0.0030371376778930426
0,0,0.0005807740963064134
1,0,0.11246094852685928
1,1,0.9983978867530823
1,1,0.7248777747154236
0,0,0.0015840914566069841
0,0,0.007696404587477446
1,1,0.9997785687446594
0,0,3.966755321016535e-05
1,1,0.9622848033905029
0,0,0.43884655833244324
1,1,0.9862796068191528
0,0,0.000959067780058831
0,0,0.00030571362003684044
0,1,0.561295747756958
0,0,0.0006149520631879568
1,1,0.9999943971633911
1,1,0.9527398943901062
1,1,0.9999356269836426
1,1,0.999600350856781
1,1,0.6687294840812683
0,0,0.03353099152445793
1,1,0.999782145023346
1,1,0.9959191679954529
1,1,0.9787856340408325
1,1,0.999658465385437
1,1,0.9966260194778442
1,1,0.9961942434310913
1,1,0.9988940358161926
0,0,0.001072678598575294
0,0,0.0013350637163966894
0,0,4.289435310056433e-05
0,0,0.009088502265512943
0,0,2.0952182239852846e-05
0,0,0.002754691755399108
0,0,5.4492949857376516e-05
0,0,0.001187408808618784
0,0,0.0005053561180830002
1,1,0.9838808178901672
1,1,0.9998018145561218
0,0,0.00029202469158917665
0,1,0.652718722820282
0,0,5.814882115373621e-06
0,0,0.0003934225533157587
0,0,7.458560139639303e-05
0,0,0.003091651713475585
1,1,0.9963372945785522
0,0,7.252632349263877e-05
0,0,0.0059028309769928455
1,1,0.9990817308425903
1,1,0.9985975623130798
0,0,0.0030819408129900694
1,1,0.9972854852676392
0,0,0.0016322620213031769
0,0,0.004575714003294706
0,0,0.003937740810215473
0,0,0.0007506393594667315
0,0,0.18782025575637817
1,1,0.9999606609344482
1,1,0.9999516010284424
1,1,0.9997014403343201
0,0,0.0016804337501525879
1,1,0.9923409223556519
0,0,0.0011468421434983611
0,0,9.538880112813786e-05
0,0,9.344556701762485e-07
1,1,0.999607264995575
0,0,0.0022579042706638575
1,1,0.9998807907104492
1,1,0.9980748891830444
0,0,0.012927114963531494
0,0,4.866647577728145e-05
0,0,0.012843696400523186
0,0,0.00024837994715198874
0,0,2.8101321731810458e-05
1,1,0.9666918516159058
1,1,0.9999092817306519
0,0,0.006194780580699444
1,0,0.28596553206443787
1,1,0.9999657869338989
0,0,0.012338233180344105
0,0,0.0029465293046087027
0,0,2.134833084710408e-05
0,0,3.38182071573101e-05
0,0,0.0023355402518063784
0,0,0.02393169142305851
0,0,0.00027025927556678653
0,0,0.00044175185030326247
0,0,0.00013096984184812754
0,0,0.002472028136253357
1,1,0.9995162487030029
0,0,0.00018712588644120842
0,0,0.00020265339117031544
0,0,0.0009391896310262382
0,0,0.04706818610429764
1,1,0.7682040333747864
1,1,0.9990259408950806
0,0,0.000612118688877672
0,0,2.5289682525908574e-05
1,1,0.9575203657150269
1,1,0.9971737861633301
0,0,0.10264481604099274
0,0,9.506862261332572e-05
1,1,0.9989191293716431
1,1,0.9984644651412964
0,1,0.8853462338447571
1,1,0.8542981147766113
1,1,0.9988810420036316
1,1,0.9993244409561157
1,1,0.9995222091674805
0,0,8.607473864685744e-05
0,0,0.001573303947225213
0,0,0.010350484400987625
0,0,6.7889368438045494e-06
1,1,0.9984338879585266
1,1,0.9908241033554077
1,1,0.9998045563697815
1,1,0.9997984766960144
0,0,0.014763896353542805
0,0,8.164270548149943e-05
1,1,0.9997261166572571
0,0,0.15971167385578156
1,1,0.9994072914123535
1,1,0.9953675270080566
1,1,0.9994480013847351
0,0,0.0007056916947476566
1,1,0.9991170763969421
0,0,9.068350482266396e-05
0,0,0.0013128957943990827
0,0,0.016468113288283348
0,0,0.0018825479783117771
0,0,0.006257985252887011
1,1,0.9968247413635254
1,1,0.9989379048347473
1,1,0.9966095685958862
0,0,0.008230327628552914
1,1,0.999430239200592
1,1,0.9992068409919739
0,0,0.0029912455938756466
0,0,0.48529794812202454
0,0,0.00013837053847964853
0,0,0.00013649278844241053
0,0,0.006349304225295782
1,1,0.999618649482727
1,1,0.9993194341659546
0,0,0.00024468658375553787
0,0,0.00029933510813862085
0,0,0.00025067362003028393
0,0,0.024596327915787697
0,0,0.00249060639180243
1,1,0.998823344707489
0,0,0.020854195579886436
1,1,0.9972967505455017
1,1,0.9807964563369751
0,0,0.06064679101109505
1,1,0.9984978437423706
1,1,0.9998639822006226
0,0,0.0014327045064419508
0,1,0.9353809952735901
1,1,0.9996192455291748
0,0,6.175169255584478e-05
0,0,0.006184262223541737
1,1,0.979732871055603
0,0,0.0799221619963646
1,1,0.996711015701294
0,0,0.04097602888941765
1,1,0.9989014863967896
0,0,1.0141648090211675e-05
0,0,0.0005369395366869867
0,0,2.024526293098461e-05
1,1,0.9993752837181091
1,1,0.9998677968978882
1,0,0.18571892380714417
1,1,0.9935970306396484
1,1,0.999639630317688
0,0,0.0008162875892594457
0,0,8.449975575786084e-05
1,1,0.9710755348205566
1,1,0.9989786148071289
0,0,0.022120317444205284
0,0,1.4230095985112712e-05
1,1,0.9998747110366821
1,1,0.9998025298118591
1,1,0.9060183167457581
1,1,0.9968661665916443
0,0,0.00021766683494206518
1,1,0.999752938747406
0,0,0.00876581110060215
1,1,0.9686671495437622
0,0,0.00014261450269259512
0,0,0.09683283418416977
1,0,0.484800785779953
1,1,0.9998217225074768
1,1,0.9918227791786194
1,1,0.9995678067207336
0,0,0.0018187705427408218
0,0,3.3514294045744464e-05
1,1,0.7142972946166992
1,1,0.9988417029380798
1,1,0.9241898655891418
0,0,0.000284266599919647
0,0,0.0018621376948431134
0,0,0.00016772707749623805
1,1,0.9997231364250183
0,0,0.04197399690747261
1,0,0.15142475068569183
1,1,0.9998182654380798
0,0,0.00019135938782710582
0,0,0.0008511903579346836
1,1,0.9980227947235107
1,1,0.9931089878082275
1,1,0.999565064907074
1,1,0.7689121961593628
1,1,0.9919833540916443
1,1,0.9998692274093628
1,1,0.997833788394928
1,1,0.9999676942825317
1,1,0.9964019060134888
1,1,0.999862790107727
1,1,0.9819248914718628
1,1,0.9996851682662964
0,1,0.9776080250740051
0,0,0.34100207686424255
1,1,0.9987697005271912
1,1,0.9997803568840027
1,1,0.999552309513092
0,0,0.0068322946317493916
1,0,0.013224851340055466
0,0,0.0015748071018606424
1,1,0.9999885559082031
1,1,0.9998353719711304
0,0,0.0001779187732608989
1,1,0.9997010827064514
1,1,0.999380350112915
0,0,8.293484279420227e-05
0,0,0.00032073920010589063
1,1,0.999404788017273
1,1,0.9998946189880371
1,1,0.9998306035995483
1,1,0.993827760219574
1,1,0.9995741248130798
0,0,0.00044659728882834315
1,1,0.9989418387413025
1,1,0.9524608254432678
0,0,5.2351420890772715e-05
1,1,0.9965730905532837
0,0,0.37618595361709595
1,1,0.9999371767044067
0,0,0.0036405345890671015
0,0,0.08268924057483673
1,1,0.9998779296875
1,0,0.24204857647418976
0,0,0.07306015491485596
1,1,0.5885379314422607
0,0,0.007325527258217335
0,0,8.374027675017715e-05
1,1,0.9999501705169678
1,1,0.9756364226341248
0,0,0.0002433186600683257
0,0,0.00509006017819047
0,0,4.408762470120564e-05
0,0,0.0002988879568874836
1,1,0.999948263168335
0,0,0.0007045483216643333
0,0,0.001095843967050314
0,0,0.0010621307883411646
0,0,3.679244764498435e-05
1,1,0.9991925358772278
0,0,0.0004453879955690354
0,0,0.0010304281022399664
1,0,0.09295275807380676
1,1,0.9995348453521729
0,0,0.00014563811419066042
0,0,2.8674037821474485e-05
1,1,0.9898930191993713
1,1,0.9995408058166504
0,0,0.0006365181179717183
0,0,0.0003811905044130981
1,1,0.9802556037902832
0,1,0.9590715765953064
0,0,0.08332403749227524
0,0,0.029772955924272537
0,0,0.00018071127124130726
1,1,0.9989250302314758
1,1,0.9997981190681458
0,0,8.807061931292992e-06
0,0,6.532725092256442e-05
0,0,1.581552714924328e-05
0,0,0.014877166599035263
0,0,0.06290838867425919
0,0,0.00010590586316538975
1,1,0.9913478493690491
0,0,0.034351665526628494
0,0,0.00047483594971708953
0,0,9.843618317972869e-05
0,0,0.0027088040951639414
1,1,0.7397607564926147
0,0,0.48032328486442566
0,0,0.023395594209432602
0,0,0.019894851371645927
0,0,2.127360312442761e-05
0,0,0.026501266285777092
0,1,0.8126345872879028
0,0,0.007030978333204985
0,0,0.006439798977226019
1,1,0.9991868138313293
0,0,6.192618457134813e-05
0,0,2.9272123356349766e-05
0,0,0.005955974105745554
0,0,0.0006176826427690685
0,0,2.602192216727417e-05
0,0,0.0003680617082864046
0,0,0.007396849803626537
1,1,0.9196163415908813
0,0,5.235940989223309e-05
1,1,0.9980586171150208
0,0,3.9757574086252134e-06
1,1,0.9849373698234558
0,1,0.8157340884208679
0,0,0.0009353613131679595
1,1,0.9993496537208557
1,1,0.999858021736145
1,1,0.9996050000190735
1,1,0.9989675283432007
1,1,0.927134096622467
0,0,0.001949238940142095
1,1,0.9979106783866882
1,1,0.967545747756958
0,0,0.0001346537610515952
1,1,0.9997144341468811
1,1,0.998977541923523
1,1,0.9999722242355347
1,1,0.9999922513961792
1,1,0.9955136179924011
1,1,0.9999758005142212
0,0,0.06466293334960938
1,1,0.9993295669555664
0,0,0.0013899734476581216
1,1,0.9996001124382019
0,1,0.5362039804458618
1,1,0.9874194264411926
1,1,0.57084059715271
1,1,0.9992604851722717
0,0,0.003073939122259617
1,1,0.9886022210121155
1,1,0.9967592358589172
1,1,0.9997902512550354
0,0,0.00017707710503600538
1,1,0.9989450573921204
0,0,0.0005451592151075602
0,0,1.1896069736394566e-05
1,1,0.9920040965080261
1,1,0.9998762607574463
0,0,0.00035610489430837333
0,0,8.254036220023409e-05
1,1,0.9950976967811584
1,1,0.9992840886116028
0,0,0.0008253876585513353
1,0,0.18120798468589783
0,0,0.010842774994671345
0,0,0.00011566935427254066
1,1,0.9939085245132446
0,0,0.002381720580160618
1,1,0.9976614713668823
0,0,7.540531078120694e-05
1,1,0.9767073392868042
1,1,0.999510645866394
1,1,0.9773781299591064
1,1,0.994667649269104
1,0,0.47547534108161926
1,1,0.9949092268943787
1,1,0.9997934699058533
0,0,4.281437213649042e-06
1,1,0.9998757839202881
1,1,0.9999315738677979
0,1,0.9398205280303955
1,1,0.9996871948242188
1,1,0.9999395608901978
0,0,4.344608896644786e-05
1,1,0.9754651188850403
0,0,0.08147301524877548
1,1,0.993089497089386
0,0,0.0040536061860620975
1,1,0.9788844585418701
1,1,0.9993574023246765
0,0,7.249708141898736e-05
0,0,8.79865820024861e-06
1,1,0.9997982382774353
1,1,0.999964714050293
0,0,0.015413230285048485
1,1,0.7427371740341187
1,1,0.9740177392959595
0,0,0.00030083596357144415
1,1,0.9981164932250977
0,0,0.01267089694738388
0,0,0.000147852988447994
1,1,0.9998117089271545
1,0,0.14635062217712402
1,1,0.9998973608016968
1,1,0.9999822378158569
0,0,0.0009594533476047218
1,1,0.8849323391914368
1,1,0.9511120915412903
1,1,0.999269425868988
0,0,0.00011024284322047606
0,0,0.0008095052326098084
1,1,0.9995039701461792
1,1,0.9999709129333496
1,1,0.9967865943908691
1,1,0.9993706345558167
1,1,0.9998364448547363
1,1,0.9998244643211365
1,1,0.9999617338180542
0,0,0.0006688979919999838
1,1,0.9999103546142578
1,1,0.9999794960021973
0,0,0.0028182542882859707
0,0,0.00016676356608513743
0,0,5.2604842494474724e-05
0,0,0.00047079724026843905
0,0,0.00011078197712777182
1,1,0.999891996383667
0,1,0.9724516272544861
0,0,0.0006379094556905329
0,0,0.0001861858181655407
1,1,0.9079936146736145
1,1,0.9975956082344055
0,0,0.2991367280483246
1,1,0.9989994168281555
0,0,0.011081495322287083
1,1,0.8180217742919922
0,1,0.8883907198905945
1,0,0.45191270112991333
1,1,0.9962292313575745
1,1,0.9860703349113464
0,0,0.00013131673040334135
1,1,0.9994106292724609
1,1,0.9189900159835815
0,0,0.02192547544836998
0,0,0.057980015873909
1,1,0.9999376535415649
1,1,0.998449444770813
1,1,0.9981287121772766
1,0,0.3040812313556671
1,1,0.9995874762535095
1,1,0.9998220801353455
1,1,0.9961148500442505
0,0,0.0005075138760730624
1,1,0.9991281628608704
1,1,0.9996299743652344
1,1,0.8625102043151855
1,1,0.9201099872589111
0,0,0.38830310106277466
0,0,0.0018230953719466925
1,1,0.994714081287384
0,0,0.10369402915239334
1,1,0.9985784292221069
1,1,0.9994534850120544
1,1,0.998475968837738
0,0,2.5452418412896805e-05
1,1,0.9913175106048584
0,0,0.027306342497467995
1,1,0.9999498128890991
0,0,1.660709676798433e-05
0,0,0.004473541397601366
0,0,0.0006211592699401081
0,0,0.0033135060220956802
0,0,0.46375682950019836
0,0,0.00011653399997157976
1,1,0.9999860525131226
1,1,0.999967098236084
1,1,0.9999455213546753
0,0,2.304643021489028e-05
0,0,0.0008231637184508145
1,1,0.9997443556785583
0,0,0.0015978942392393947
0,0,0.006354267243295908
1,1,0.9997758269309998
1,1,0.7626489996910095
1,1,0.999870777130127
0,0,0.0004290628421586007
1,1,0.9996926784515381
1,1,0.7737424969673157
0,0,1.0655915502866264e-05
0,0,0.0018495683325454593
0,0,0.0001277759874938056
1,1,0.9885291457176208
1,1,0.9868950843811035
0,0,0.0009308476583100855
1,1,0.9954664707183838
0,0,0.0007838218589313328
1,1,0.9997333884239197
1,1,0.999923586845398
1,0,0.027826718986034393
1,1,0.9965003728866577
0,0,6.757041319360724e-06
1,1,0.9999648332595825
1,1,0.9972400665283203
1,1,0.9978697299957275
1,1,0.9999516010284424
1,1,0.9982656836509705
1,1,0.9997468590736389
1,1,0.9882289171218872
1,1,0.9998098015785217
1,1,0.9999736547470093
0,0,0.04365675523877144
0,0,0.0013301026774570346
0,0,8.832111052470282e-05
0,0,0.0007443828508257866
1,1,0.9996441602706909
1,1,0.9882816672325134
0,0,0.01001949142664671
1,1,0.9977693557739258
1,1,0.9993770718574524
1,1,0.9999058246612549
1,1,0.9997988343238831
0,0,1.5436295143445022e-05
0,0,0.00017106790619436651
1,1,0.9796084761619568
0,0,0.0019680883269757032
0,0,0.002794560045003891
0,0,0.009558257646858692
1,1,0.9966443777084351
0,0,0.11566071212291718
1,1,0.9771646857261658
0,0,0.00014828643179498613
0,1,0.9874933362007141
0,0,0.002568725496530533
0,0,7.964611722854897e-05
0,0,0.0004824336210731417
0,1,0.7130843997001648
0,0,0.0001167896407423541
1,1,0.9990484118461609
0,0,2.1789006495964713e-05
0,0,8.476608491037041e-05
1,1,0.989315390586853
1,1,0.9998942613601685
1,1,0.9994801878929138
1,1,0.9944592714309692
1,0,0.34666797518730164
0,0,0.003310823580250144
0,0,0.009307936765253544
0,0,0.0017602284206077456
0,0,0.0008900079410523176
1,1,0.998745322227478
1,0,0.3046693801879883
0,0,0.038733016699552536
1,1,0.9997606873512268
0,0,0.18088693916797638
1,1,0.999834418296814
1,1,0.999901294708252
0,0,0.00011053620255552232
1,1,0.9999103546142578
0,1,0.5322108864784241
1,1,0.9997699856758118
1,1,0.9224964380264282
1,1,0.9806215167045593
0,0,0.00041220494313165545
1,1,0.9997740387916565
1,1,0.999387264251709
1,1,0.9974595904350281
1,1,0.99958735704422
1,1,0.9994993209838867
1,1,0.9996668100357056
1,1,0.7727450728416443
0,0,0.0003501916362438351
1,1,0.9973680377006531
0,0,0.38793909549713135
0,0,0.011892901733517647
0,0,5.572788268182194e-06
0,0,0.43916213512420654
0,0,0.002153717214241624
1,1,0.9902453422546387
1,1,0.9978450536727905
1,1,0.9984726309776306
0,0,0.008235945366322994
0,0,0.00045171432429924607
1,1,0.9989472031593323
1,1,0.9946887493133545
1,1,0.9993996620178223
0,0,0.0006914699915796518
1,1,0.9995571970939636
1,1,0.8861183524131775
1,1,0.9957081079483032
1,1,0.9665238261222839
1,1,0.9985381364822388
0,0,0.3520011007785797
0,0,0.0006973339477553964
0,0,0.002338179387152195
0,0,0.002552653895691037
1,1,0.996837854385376
1,1,0.9997598528862
1,1,0.9999966621398926
1,1,0.8319576978683472
1,1,0.995595395565033
1,1,0.9999167919158936
1,1,0.9985901713371277
1,1,0.9998230338096619
0,0,0.0001380159374093637
0,0,0.0040706791914999485
1,1,0.9990899562835693
1,0,0.3463954031467438
0,0,0.0012530096573755145
1,1,0.9992844462394714
0,0,0.037983328104019165
1,1,0.9862980842590332
0,1,0.9235768914222717
1,1,0.9879599809646606
0,1,0.659498393535614
0,0,0.27923583984375
1,1,0.9989198446273804
1,1,0.9392701983451843
0,1,0.9348874092102051
1,1,0.999444305896759
1,1,0.9960876703262329
0,0,3.411042416701093e-05
0,0,6.902862514834851e-05
1,1,0.998201847076416
0,0,0.0042080325074493885
1,1,0.9828636050224304
1,1,0.9990056157112122
1,1,0.9712404608726501
0,0,0.028130099177360535
0,0,0.0008932413184083998
0,0,0.007047782652080059
0,0,0.0002408852888038382
0,0,0.000443561642896384
0,0,0.014643874019384384
0,0,0.3414720892906189
1,1,0.993842601776123
0,0,0.006687375716865063
1,1,0.9985294342041016
1,1,0.9989014863967896
1,1,0.9984661340713501
1,1,0.9993435740470886
0,0,0.0002932855859398842
1,1,0.8575225472450256
0,0,0.28711870312690735
1,1,0.9999810457229614
0,0,0.05949978902935982
1,1,0.9989281296730042
0,0,0.011206137016415596
1,1,0.930007815361023
1,1,0.9997450709342957
1,1,0.8485522866249084
1,1,0.9999798536300659
1,1,0.9999872446060181
1,1,0.9999144077301025
1,1,0.9997356534004211
0,0,0.0063554528169333935
0,0,0.0003343400894664228
1,0,0.00786884780973196
1,1,0.989176332950592
1,1,0.9999891519546509
1,1,0.9984496831893921
1,1,0.9994827508926392
1,1,0.9992682337760925
0,0,1.9606080968515016e-05
0,0,0.30834832787513733
1,1,0.8495429754257202
0,0,0.0013314904645085335
0,0,0.0005095286760479212
0,0,0.13720977306365967
1,1,0.9338576793670654
1,1,0.9976493716239929
1,0,0.4205533564090729
0,0,0.20896849036216736
0,0,4.658344096242217e-06
1,1,0.9996700286865234
0,0,0.0012380576226860285
0,0,2.281574415974319e-05
0,0,0.0025064393412321806
1,1,0.9832305908203125
0,0,0.00020458962535485625
0,0,0.0004233105282764882
0,0,0.00011849540896946564
0,0,0.1417338252067566
1,1,0.9997088313102722
1,1,0.9840660691261292
1,1,0.9171598553657532
0,0,0.000479957670904696
0,0,0.0018872595392167568
1,1,0.9997187256813049
1,1,0.9998975992202759
0,0,0.2562515139579773
1,1,0.9993526339530945
0,0,0.00021291919983923435
1,1,0.9999802112579346
1,1,0.9998656511306763
0,0,1.4538126379193272e-05
1,0,0.002860015956684947
1,1,0.968397319316864
1,1,0.9995731711387634
0,0,0.017090409994125366
1,1,0.775447428226471
0,0,0.04568859934806824
0,0,0.005089874379336834
1,1,0.8643708825111389
0,0,0.0004138307995162904
0,0,0.019691504538059235
0,0,6.4920233853627e-05
1,1,0.9914776682853699
0,0,0.00040465735946781933
1,1,0.9991673231124878
1,1,0.9999855756759644
1,1,0.9997212290763855
0,0,0.00019657528901007026
1,1,0.8595265746116638
1,1,0.9998899698257446
1,1,0.9996250867843628
1,1,0.9994068145751953
1,0,0.3423379361629486
1,1,0.9915589094161987
1,1,0.9999145269393921
0,0,0.0018996774451807141
1,1,0.9994651675224304
1,1,0.9999676942825317
1,1,0.9986217021942139
0,0,0.09526702761650085
0,0,0.00017239722365047783
1,1,0.9959598183631897
0,0,0.0004831791447941214
0,0,3.6547065974446014e-05
0,0,0.01429697871208191
1,0,0.15456651151180267
0,0,0.0005002476391382515
1,1,0.9987579584121704
0,0,0.001174173434264958
1,1,0.9989076852798462
1,1,0.9997734427452087
1,1,0.9863412976264954
1,1,0.9984889030456543
1,1,0.9876605272293091
1,1,0.9994165897369385
0,0,0.0007401994080282748
0,0,2.1488882339326665e-05
0,0,7.74802319938317e-05
0,0,0.05490218847990036
1,1,0.9998301267623901
1,0,0.011677238158881664
1,1,0.990744948387146
1,1,0.9902850985527039
0,0,0.004261141177266836
0,0,0.09453053027391434
1,1,0.9510735869407654
0,0,0.0001053265732480213
0,0,0.016314884647727013
1,1,0.9974111914634705
1,1,0.9978556036949158
0,0,8.493168024870101e-06
0,0,9.85264268820174e-05
0,0,0.00035460246726870537
0,1,0.691362738609314
0,0,0.020564300939440727
0,0,0.02175600454211235
0,0,0.0001124547707149759
0,0,4.542360784398625e-06
0,0,0.003029649378731847
0,0,0.018066786229610443
0,0,0.0012160241603851318
0,0,0.0013469953555613756
0,0,0.23626191914081573
0,0,0.017088305205106735
0,0,0.07342080771923065
1,1,0.998629093170166
1,1,0.9996148347854614
0,0,0.05008315667510033
0,0,0.05073034390807152
0,0,4.027535851491848e-06
1,0,0.048347555100917816
0,0,0.012956669554114342
0,0,0.0006513507687486708
0,0,6.71897578286007e-05
1,1,0.9621005058288574
0,0,0.01194786187261343
0,0,4.259591605659807e-06
1,1,0.6757928729057312
0,0,6.891865632496774e-05
0,1,0.9384374618530273
1,1,0.9584363698959351
0,0,0.277188777923584
0,0,0.15797971189022064
0,0,0.0018630739068612456
0,0,0.0017166236648336053
0,0,0.00012402946595102549
0,0,0.0020985521841794252
0,0,0.00033231836277991533
0,0,0.005997532047331333
0,0,0.00020227151981089264
0,0,0.0016931695863604546
0,0,0.03864287585020065
0,0,6.71642628731206e-05
1,1,0.9864262342453003
1,1,0.9999563694000244
0,0,0.0003044008044525981
0,0,0.28632351756095886
0,0,0.0010223122080788016
0,0,0.259272962808609
1,1,0.9932430386543274
0,0,0.0001821610057959333
1,1,0.9978430271148682
0,0,3.207053669029847e-05
0,0,0.00200126925483346
0,0,0.0008370293071493506
0,0,7.77756667957874e-06
0,0,4.563042602967471e-05
0,0,0.0018141736509278417
1,1,0.96685791015625
1,1,0.869412899017334
0,0,5.1588460337370634e-05
0,0,0.0006239637150429189
1,1,0.9998859167098999
1,1,0.9997196793556213
0,0,0.00018206340610049665
0,0,0.004759634379297495
0,0,0.000102438178146258
0,0,0.0002001954853767529
0,0,0.003290055552497506
0,0,0.019789375364780426
1,1,0.6920739412307739
1,1,0.9962689876556396
0,0,0.0002148301573470235
0,1,0.9966894388198853
0,0,0.0004605824069585651
1,0,0.39308884739875793
1,0,0.4408692419528961
0,0,0.11101605743169785
0,0,0.0007638955139555037
1,1,0.9608187675476074
1,1,0.9999947547912598
1,1,0.9815483689308167
0,0,0.23143614828586578
0,0,0.00015286814596038312
1,1,0.9998996257781982
0,0,4.175113281235099e-05
0,1,0.9439942836761475
0,0,0.0011466416763141751
0,0,0.0006778541137464345
1,0,0.1526767909526825
1,1,0.793910562992096
0,0,3.162960638292134e-05
1,1,0.9879989624023438
0,0,0.010147634893655777
0,0,4.2688563553383574e-05
1,1,0.9850821495056152
1,1,0.9063783884048462
1,1,0.9569187164306641
1,1,0.9993308782577515
1,1,0.9906103014945984
0,0,0.007609408348798752
0,0,0.009799474850296974
0,0,0.10289222747087479
0,0,0.00030598597368225455
0,0,4.959039415552979e-06
0,0,0.00318093947134912
0,0,0.00023233280808199197
0,0,0.005454487167298794
0,0,0.01431126520037651
0,0,2.8207861760165542e-05
0,0,4.662657738663256e-05
1,1,0.9999896287918091
0,0,3.802259743679315e-05
1,0,0.27784982323646545
1,1,0.9843454957008362
0,0,0.00010940097126876935
0,0,0.00021540200395975262
0,0,0.0004092154558748007
0,0,0.00029787523089908063
1,1,0.9998791217803955
1,1,0.9994404911994934
0,0,0.000569045078009367
1,1,0.999160647392273
1,1,0.9182372689247131
1,1,0.9993278980255127
0,0,0.0008912035264074802
1,0,0.3517966866493225
1,1,0.9918318390846252
0,0,3.7052792322356254e-05
1,0,0.2510994076728821
1,1,0.9903838634490967
1,1,0.9836289286613464
0,0,0.002822196576744318
1,1,0.9998568296432495
1,1,0.9998188614845276
1,1,0.993862509727478
0,0,0.0026102405972778797
1,1,0.999592125415802
1,1,0.9988177418708801
1,1,0.9998117089271545
1,0,0.40055230259895325
1,1,0.9889188408851624
1,1,0.9949695467948914
1,1,0.983918309211731
1,1,0.999643087387085
1,1,0.9981740713119507
1,1,0.9978020787239075
1,1,0.9973179697990417
0,0,0.09913641959428787
1,1,0.9964689016342163
1,1,0.9999141693115234
1,1,0.9881585240364075
1,1,0.9998706579208374
1,1,0.974677324295044
1,1,0.9835643768310547
0,0,0.0007651078049093485
0,0,4.672086561186006e-06
1,1,0.9985901713371277
1,1,0.9996681213378906
1,1,0.9998675584793091
1,1,0.8285119533538818
0,0,0.00019862118642777205
1,1,0.8610352277755737
1,0,0.46865764260292053
1,1,0.9991094470024109
1,1,0.9998345375061035
0,0,0.0010845765937119722
0,0,2.1477982954820618e-05
1,1,0.9999741315841675
0,0,2.6866697226068936e-05
0,1,0.9839513301849365
1,1,0.9909911155700684
0,0,0.1214529275894165
0,0,0.0004731003427878022
1,0,0.06612645089626312
0,0,0.0002472484193276614
1,1,0.9999227523803711
1,1,0.9901858568191528
0,0,0.09523811936378479
1,1,0.9964393973350525
0,0,0.00030167377553880215
1,1,0.9989511966705322
0,0,3.84259365091566e-05
1,1,0.9960848093032837
1,1,0.9999126195907593
1,1,0.9742001891136169
1,0,0.47091466188430786
0,0,0.10055536031723022
1,1,0.9990729093551636
1,1,0.9959138035774231
0,0,0.009563643485307693
1,1,0.9824773669242859
0,0,0.0017597685800865293
1,1,0.9681462645530701
1,0,0.32294079661369324
1,1,0.658169686794281
0,0,4.8203208280028775e-05
0,0,0.0003262596728745848
1,1,0.9885472059249878
1,1,0.9934367537498474
1,1,0.8375287055969238
1,1,0.999126136302948
0,0,1.656197309785057e-05
1,1,0.8602101802825928
1,1,0.9813041687011719
1,0,0.3795579969882965
1,1,0.9941914677619934
1,1,0.9531154036521912
1,1,0.9997976422309875
1,1,0.9919633865356445
1,1,0.9754433631896973
0,0,0.0017016308847814798
1,1,0.6126687526702881
0,0,0.00023964160936884582
0,0,0.0005697509041056037
0,0,0.00018936913693323731
0,0,0.0019111881265416741
1,1,0.9968333840370178
1,1,0.9761053919792175
0,0,0.0006371887866407633
1,1,0.9947530031204224
1,0,0.19141384959220886
1,1,0.999618649482727
1,1,0.9991520643234253
1,1,0.9966202974319458
0,0,0.0013858843594789505
1,1,0.9994773268699646
1,1,0.9994126558303833
1,1,0.9920423626899719
0,0,0.2559668719768524
1,1,0.9979804158210754
1,1,0.9998266100883484
0,0,0.03859153389930725
0,0,0.0002260706532979384
1,1,0.9999563694000244
0,0,0.0034369505010545254
0,0,0.00012582381896208972
1,1,0.9999724626541138
0,0,0.0002554227539803833
1,1,0.9998481273651123
0,0,0.001231372356414795
1,1,0.9998490810394287
0,0,0.07126441597938538
0,0,0.0018353445921093225
1,1,0.9998347759246826
1,1,0.9996496438980103
0,0,0.0022931350395083427
1,1,0.9995878338813782
1,1,0.9995625615119934
0,0,0.00026737546431832016
0,0,0.0002884966670535505
1,1,0.9707790017127991
1,1,0.9971776008605957
1,1,0.9976288676261902
0,1,0.7188425064086914
1,1,0.9003446102142334
1,1,0.999630331993103
1,1,0.681438148021698
1,0,0.4809851348400116
0,0,0.0036602290347218513
1,1,0.9991418123245239
1,1,0.7208393812179565
1,1,0.9977188110351562
0,0,0.0005609374493360519
0,0,0.028961198404431343
0,0,0.13373667001724243
1,1,0.9233399629592896
0,0,0.08407443761825562
1,1,0.993572473526001
0,0,0.004545013420283794
0,0,4.821249240194447e-05
1,0,0.48914864659309387
0,0,0.0033086794428527355
0,0,0.0002793089079204947
0,0,0.00024492538068443537
1,1,0.9969589710235596
0,0,9.363982826471329e-06
0,0,0.04464832320809364
1,1,0.9987156391143799
1,1,0.9579518437385559
1,1,0.9998026490211487
0,0,5.0247454055352136e-05
0,0,1.8822263882611878e-05
0,1,0.989642322063446
1,1,0.9875763654708862
0,0,0.00018846182501874864
0,0,0.00019844363851007074
0,0,0.000627246918156743
0,0,4.011981582152657e-05
0,0,0.00043248015572316945
0,0,0.0009682078962214291
1,0,0.011198931373655796
0,0,1.4679560990771279e-05
1,0,0.2751636803150177
1,1,0.9937552213668823
1,1,0.9987241625785828
0,0,0.002590912627056241
0,0,0.00012824202713090926
1,1,0.998467743396759
0,0,0.000680397090036422
1,1,0.9991123080253601
0,1,0.5427036285400391
0,0,0.0003849583154078573
1,1,0.9940457344055176
0,0,0.18211089074611664
1,1,0.9645346403121948
0,0,0.002724558813497424
0,0,0.2964382469654083
1,1,0.9983723759651184
0,0,0.0026096152141690254
0,0,0.0004648609028663486
1,0,0.025964785367250443
1,1,0.9993844032287598
0,0,2.5590366931282915e-05
1,1,0.944373369216919
0,0,0.006347165443003178
1,1,0.982982337474823
0,0,0.00010950994328595698
0,0,0.0002189204387832433
0,0,0.021117407828569412
1,1,0.9189236760139465
1,1,0.9995108842849731
1,1,0.998619794845581
1,1,0.715887725353241
1,1,0.9949711561203003
0,0,0.00908154807984829
0,0,0.008468170650303364
1,1,0.9970777034759521
1,1,0.8365027904510498
0,0,0.0016401807079091668
1,1,0.9974121451377869
0,0,0.036255694925785065
0,0,0.04260408133268356
1,1,0.9881304502487183
0,0,0.0030740455258637667
1,0,0.09515545517206192
0,0,0.00025015813298523426
0,0,0.12475663423538208
1,1,0.9940090179443359
1,1,0.9999678134918213
1,1,0.9929577112197876
0,0,0.1160207986831665
1,1,0.9748036861419678
1,1,0.9907997250556946
0,0,0.006312509998679161
0,0,0.06954088062047958
1,0,0.2369869500398636
0,0,3.595570888137445e-05
0,0,0.0015500254230573773
0,0,0.00781380757689476
0,0,8.541553688701242e-05
1,1,0.8428535461425781
1,1,0.9999456405639648
0,0,0.0006659707287326455
1,0,0.029584404081106186
0,0,0.00014157987607177347
1,1,0.9999603033065796
0,1,0.537718653678894
0,0,0.0002877750084735453
0,0,0.0018838421674445271
1,0,0.24174751341342926
0,0,0.000535026250872761
0,0,0.002660005586221814
1,1,0.783044695854187
1,1,0.9995864033699036
1,1,0.9220016598701477
0,0,0.4406754970550537
0,0,0.0014241161989048123
0,0,0.00019455976143945009
1,1,0.9993928670883179
0,0,0.002837166655808687
0,0,0.00042838972876779735
1,1,0.9491159915924072
0,0,0.00044848935795016587
0,0,0.005299350246787071
1,1,0.8670454025268555
0,1,0.9966574907302856
1,0,0.007826333865523338
0,1,0.9650707244873047
0,0,0.0011354370508342981
0,0,0.009198985993862152
0,0,0.12492471933364868
0,0,0.009658240713179111
1,0,0.020313061773777008
1,1,0.995898425579071
0,0,2.2892352717462927e-05
0,0,0.00019502817303873599
1,1,0.9896829128265381
0,0,3.53441500919871e-05
0,0,7.223146531032398e-05
0,0,0.0008324450463987887
0,0,0.0050132423639297485
0,0,0.012305103242397308
0,0,0.0002015038626268506
0,0,0.0010562923271209002
0,0,0.007709653116762638
1,0,0.003152471501380205
0,0,0.02023131214082241
0,0,0.0007352042593993247
0,0,0.0002817443455569446
0,0,0.0018615882145240903
0,0,0.001498861936852336
0,1,0.9958458542823792
0,0,0.020493173971772194
0,0,0.0015967002836987376
0,1,0.8844886422157288
0,0,0.0005402059177868068
0,0,5.6216345001303125e-06
0,0,0.19433538615703583
0,0,2.004202178795822e-05
1,1,0.9936177730560303
1,1,0.9808987379074097
1,1,0.9999397993087769
1,1,0.999995231628418
1,1,0.9976235032081604
0,0,4.957185228704475e-05
1,1,0.9990209341049194
0,0,0.00021801723050884902
1,1,0.9802519679069519
1,0,0.0107731269672513
1,1,0.9997854828834534
1,1,0.9995154142379761
0,0,0.0009491275995969772
1,1,0.9723963141441345
1,1,0.9882362484931946
1,1,0.9983174800872803
1,1,0.9999206066131592
0,0,8.019698725547642e-05
1,1,0.9995531439781189
1,1,0.8671912550926208
1,1,0.9985432624816895
1,1,0.9996811151504517
1,1,0.999605119228363
1,1,0.9998849630355835
1,1,0.999816358089447
1,1,0.9999946355819702
1,1,0.9992903470993042
1,1,0.9970741271972656
1,1,0.9984748959541321
1,1,0.9978982210159302
1,1,0.9982705116271973
1,1,0.9987292885780334
1,1,0.9996757507324219
1,1,0.998869001865387
1,1,0.9999673366546631
0,0,0.019370870664715767
1,1,0.9994528889656067
0,0,0.0468495674431324
1,1,0.9944925308227539
1,1,0.9999243021011353
1,1,0.9933456182479858
1,1,0.9999840259552002
0,0,0.007178498897701502
1,1,0.9981593489646912
1,1,0.9996956586837769
1,1,0.9945363998413086
1,1,0.9999896287918091
1,1,0.9990710020065308
1,1,0.9856675267219543
1,1,0.9998433589935303
0,0,0.0003612868022173643
0,0,0.056432098150253296
1,1,0.9998844861984253
0,0,0.0002086277090711519
0,0,0.00026495405472815037
1,1,0.9964966177940369
1,1,0.9992871880531311
1,1,0.999762237071991
0,0,0.0001090288715204224
1,1,0.8267782330513
1,1,0.9998648166656494
1,1,0.9988364577293396
0,0,0.009574503637850285
1,1,0.968200147151947
1,1,0.9994458556175232
1,1,0.9995718598365784
0,0,0.013541215099394321
0,0,0.0003298557421658188
0,0,6.72273063173634e-06
1,1,0.9999914169311523
0,0,0.014851373620331287
1,1,0.9994058609008789
1,1,0.9999184608459473
0,0,0.00021534942789003253
1,1,0.9999939203262329
1,1,0.9934645295143127
1,1,0.9998258948326111
0,0,0.00010251918865833431
1,1,0.9998414516448975
1,1,0.8790007829666138
1,1,0.999160885810852
1,1,0.9999134540557861
1,1,0.9837577939033508
1,1,0.9748730659484863
1,1,0.9999731779098511
1,1,0.9468719959259033
1,1,0.9989538192749023
0,0,0.0004555372870527208
0,0,8.34389720694162e-05
0,0,0.008581346832215786
0,0,0.00010555953485891223
0,0,0.09297659993171692
0,0,0.06673405319452286
0,1,0.9382019639015198
0,0,0.013959923759102821
0,1,0.8097813725471497
1,1,0.9772257208824158
0,0,0.2133328765630722
1,1,0.9998102784156799
1,1,0.99835604429245
1,1,0.9998879432678223
1,1,0.9715516567230225
1,1,0.999879002571106
1,1,0.9998738765716553
1,0,0.14450006186962128
1,1,0.9989983439445496
0,0,0.03667158633470535
1,1,0.9996063113212585
1,1,0.9989749193191528
1,1,0.9999523162841797
0,0,1.6001433323253877e-05
1,1,0.9124444127082825
0,0,0.000321578438160941
1,1,0.9993591904640198
1,1,0.9985992312431335
0,0,0.00011508592433528975
1,1,0.9985866546630859
0,0,0.0780334547162056
0,0,1.629317739570979e-05
0,0,0.0033482296857982874
0,0,0.053127042949199677
0,0,9.310774476034567e-05
0,0,0.3637961745262146
0,0,0.0371541827917099
0,0,0.00022487729438580573
1,1,0.9999501705169678
0,0,0.00018150564574170858
1,1,0.9985302686691284
0,0,6.67913191136904e-05
1,1,0.9990265369415283
1,1,0.9984983205795288
0,0,0.1983540803194046
0,0,9.150429104920477e-05
0,0,0.00015307644207496196
1,1,0.99622642993927
1,0,0.3320676386356354
0,0,0.0020930643659085035
0,0,0.007083655800670385
0,0,0.000265428883722052
0,0,0.00010104425018653274
0,0,0.0012147438246756792
0,0,4.331285708758514e-06
0,0,0.0022185135167092085
0,0,0.056379709392786026
0,0,3.5100676996080438e-06
0,0,0.0031040420290082693
0,0,7.69003509049071e-06
1,1,0.9920737743377686
0,0,0.00010880680929403752
0,0,0.0003524639760144055
0,0,0.0017271683318540454
0,0,0.003159900661557913
0,0,0.17612892389297485
0,0,0.16299878060817719
0,0,0.00209416332654655
0,0,0.01494197640568018
0,0,0.0065764463506639
0,0,6.70057997922413e-05
1,1,0.8910313248634338
0,0,0.0006636277539655566
0,0,0.002706078579649329
0,0,0.00018771577742882073
0,0,1.3561909327108879e-05
1,0,0.006057248916476965
0,0,0.009676273912191391
0,0,4.4482952944235876e-05
0,0,0.000883165281265974
0,0,0.001985945738852024
0,0,0.47075554728507996
0,0,0.00226314808242023
0,0,0.014046539552509785
0,0,0.04890451207756996
0,0,0.01648840680718422
0,0,9.887370651995298e-06
0,0,2.6495137717574835e-05
0,0,0.004990625660866499
0,0,0.04913799464702606
0,0,0.006740709766745567
0,0,0.00013790451339446008
0,0,0.0004787470097653568
0,0,0.00011492943303892389
0,0,0.0024992157705128193
0,0,4.398826422402635e-05
0,0,2.058761856460478e-05
0,0,0.00014880158414598554
0,0,5.256417716736905e-05
0,0,6.770281470380723e-05
0,0,2.7244528610026464e-05
0,0,5.2161840358166955e-06
0,0,0.008992301300168037
0,0,9.68080639722757e-05
0,0,0.0003502813051454723
0,0,0.03759225830435753
0,0,0.00021430848573800176
0,0,0.0025668484158813953
0,0,0.002289713127538562
0,0,0.00034654306364245713
0,0,0.0008236721041612327
0,0,4.466177415451966e-05
0,0,0.023936443030834198
0,0,2.5452320187469013e-05
0,0,0.004828477278351784
0,0,0.017925141379237175
0,0,0.0017334858421236277
0,0,0.06474703550338745
0,0,0.006212648469954729
0,0,1.5613128198310733e-05
1,0,0.13693541288375854
1,0,0.06384262442588806
0,0,0.001127684023231268
0,0,0.00042829292942769825
0,0,0.00018529038061387837
0,0,0.0007438956527039409
0,0,0.0026542458217591047
1,1,0.9510303735733032
0,0,0.002596377395093441
0,0,0.0014149938942864537
1,1,0.9722701907157898
0,0,0.00020093328203074634
0,0,0.0017920382088050246
0,0,7.285232277354226e-05
0,0,0.0011082787532359362
0,0,5.215986675466411e-05
1,1,0.6711006760597229
0,0,0.0002331636642338708
1,1,0.9998093247413635
0,0,0.0016396372811868787
0,0,1.796894684957806e-05
1,1,0.9998648166656494
0,0,0.00043319971882738173
0,0,0.0003135972947347909
0,0,0.00044601698755286634
0,0,0.0016148976283147931
0,0,0.0011926719453185797
1,0,0.21725541353225708
0,0,0.0025637908838689327
0,0,0.002005369635298848
0,0,0.001268809544853866
0,0,0.07918897271156311
0,0,0.006742619443684816
1,1,0.9994949102401733
0,0,0.0012910719960927963
0,0,0.00590688968077302
0,0,2.473816039127996e-06
0,0,0.02488846704363823
0,0,1.2421395695128012e-05
1,1,0.9999661445617676
1,1,0.999372661113739
0,0,2.2266134692472406e-05
1,1,0.9989198446273804
1,1,0.8759459257125854
1,1,0.997393012046814
0,0,0.00015863197040744126
1,1,0.9997145533561707
1,1,0.9849730730056763
1,1,0.9973451495170593
0,0,0.004454414360225201
1,1,0.8013432025909424
1,1,0.9753453731536865
0,0,0.0025166699197143316
0,0,0.05845502018928528
1,0,0.14923235774040222
0,0,0.007565854582935572
1,1,0.9863964319229126
0,0,0.025405067950487137
1,1,0.997246503829956
0,1,0.9936990737915039
0,0,1.2543936463771388e-05
0,0,0.0054724812507629395
0,0,6.261304224608466e-05
0,0,0.058101557195186615
0,0,0.005706854164600372
0,0,0.013046602718532085
1,1,0.998304009437561
0,0,0.0011765038361772895
0,0,0.001577666262164712
1,1,0.9969947338104248
0,0,0.004334575496613979
0,0,0.00012582943600136787
0,0,6.571834092028439e-05
1,1,0.9781507253646851
1,1,0.9928774237632751
0,0,2.296269485668745e-06
0,0,0.00469243573024869
1,1,0.9999443292617798
1,1,0.9972443580627441
0,0,0.00014692064723931253
0,0,8.45311296870932e-06
0,0,0.00038119396776892245
1,1,0.6832314729690552
1,1,0.9871166348457336
1,1,0.9997666478157043
0,1,0.9357849955558777
1,0,0.006884686648845673
1,1,0.8844410181045532
1,1,0.994787335395813
1,1,0.9963902831077576
1,1,0.999984860420227
0,1,0.9340872764587402
0,0,0.005835230927914381
0,0,0.001249679597094655
1,1,0.9203899502754211
1,1,0.9997913241386414
1,0,0.20162978768348694
1,1,0.9986757636070251
0,0,0.0035482514649629593
0,0,8.747504762141034e-05
0,0,0.0008905898430384696
1,1,0.9995014667510986
1,1,0.8508157134056091
0,0,0.043016139417886734
1,1,0.9993661046028137
0,0,0.005874615628272295
1,1,0.9959030747413635
0,0,0.0003896842827089131
0,0,0.0002904043940361589
1,1,0.996867835521698
1,1,0.9999366998672485
0,0,0.0003522503247950226
0,0,3.799925252678804e-05
1,1,0.9950968623161316
1,1,0.9868406057357788
1,1,0.9992300271987915
0,0,0.009499710984528065
1,1,0.9999568462371826
1,1,0.997602641582489
1,1,0.9999326467514038
1,1,0.9999330043792725
0,0,0.00042373017640784383
0,0,0.0032162321731448174
0,0,0.0025703373830765486
0,0,1.3087933439237531e-05
0,0,0.411222368478775
0,0,0.00010193644266109914
1,1,0.9707499146461487
0,0,0.0008922962588258088
0,0,0.0027326138224452734
0,0,4.784662451129407e-05
1,0,0.04722246900200844
1,1,0.999422550201416
1,1,0.9993690848350525
1,1,0.9830423593521118
1,0,0.03061387687921524
0,0,0.0233604833483696
1,1,0.9450052976608276
1,1,0.9999595880508423
1,1,0.9999116659164429
1,1,0.9943912625312805
1,1,0.999897837638855
0,0,0.021060967817902565
1,1,0.9797534346580505
1,1,0.9999938011169434
1,1,0.8842187523841858
1,1,0.9981184005737305
1,0,0.4721399247646332
1,1,0.9806475043296814
1,1,0.9998558759689331
0,0,3.845500395982526e-05
0,0,5.285743100102991e-05
1,1,0.9995538592338562
0,0,0.0006675421609543264
1,1,0.9999477863311768
0,0,0.00027996874996460974
1,1,0.9997640252113342
1,1,0.9995588660240173
1,1,0.9999861717224121
1,0,0.0004911597352474928
1,1,0.9998373985290527
1,1,0.999527096748352
1,1,0.8772261738777161
0,0,7.044761150609702e-05
1,1,0.999419093132019
1,1,0.9992007613182068
1,1,0.9992547631263733
0,0,0.0007655413937754929
0,0,3.182916043442674e-05
1,1,0.9996824264526367
0,0,0.000375957548385486
1,1,0.9998414516448975
0,0,0.0006814282387495041
0,0,0.0012986238580197096
1,1,0.97870934009552
1,1,0.9998360872268677
1,0,0.3009381592273712
0,1,0.6453970074653625
0,0,0.006585895083844662
1,1,0.9986675977706909
0,0,0.0008848499273881316
0,1,0.5409831404685974
1,1,0.9999234676361084
0,0,7.277358236024156e-05
1,1,0.9998688697814941
1,1,0.994223415851593
0,0,0.00013225330621935427
0,1,0.9959601759910583
1,1,0.9996514320373535
0,0,0.0004989185836166143
0,0,0.00024664142983965576
1,1,0.9983513355255127
0,0,0.00026298820739611983
0,0,0.129670187830925
1,1,0.9999054670333862
1,1,0.9997121691703796
0,0,4.131695459363982e-05
1,1,0.9999483823776245
0,0,0.0007110822480171919
0,0,0.0005263147177174687
1,1,0.9997953772544861
0,0,0.00021638121688738465
1,1,0.8392794132232666
1,1,0.9865891933441162
1,1,0.9999877214431763
0,0,1.8391272533335723e-05
1,1,0.9991207718849182
0,0,0.0006331335753202438
0,0,0.0027656934689730406
1,1,0.9990370273590088
0,0,0.0007808852242305875
1,1,0.9999542236328125
1,1,0.961467981338501
1,1,0.9980698227882385
1,1,0.8916870951652527
1,1,0.8651397824287415
1,0,0.31187155842781067
1,0,0.3205431401729584
1,0,0.032833755016326904
1,0,0.002640306483954191
1,1,0.8743993639945984
0,0,0.006670666392892599
1,1,0.9800565838813782
0,0,0.0006227971171028912
1,1,0.9995514750480652
0,0,5.2381430577952415e-05
1,1,0.9683181643486023
0,0,0.12500916421413422
0,0,0.0002150318177882582
0,0,3.3849353258119663e-06
0,0,0.00010697821562644094
1,1,0.9979141354560852
1,1,0.9993701577186584
1,1,0.9990735054016113
1,0,0.0006940599996596575
1,1,0.9998249411582947
1,1,0.9984433054924011
0,0,0.09911121428012848
1,1,0.9079374074935913
1,1,0.9473987817764282
1,0,0.4913308620452881
0,0,0.0009673305321484804
1,1,0.9997555613517761
1,1,0.9983223080635071
1,1,0.999411940574646
0,0,0.005884749349206686
0,0,5.788755515823141e-06
0,0,1.4465545973507687e-05
0,0,0.0014275998109951615
1,1,0.9880861043930054
0,0,0.05543415620923042
1,1,0.9978283047676086
0,0,0.0707208588719368
1,1,0.9999446868896484
1,1,0.9966210126876831
0,0,3.808283872785978e-05
1,1,0.9657368063926697
0,0,0.0001760645827744156
1,1,0.99974125623703
1,1,0.9998154044151306
0,0,0.0061553106643259525
0,0,1.0901372661464848e-05
1,1,0.9922766089439392
0,0,6.394209049176425e-05
0,0,0.03733179718255997
0,0,0.0006182218203321099
0,0,0.0012715673074126244
0,0,0.0595923475921154
0,0,0.002601080108433962
0,1,0.7205361723899841
0,1,0.8337546586990356
1,1,0.9998939037322998
1,1,0.8890087008476257
1,1,0.9986746311187744
0,0,0.0001227514585480094
1,1,0.999049961566925
0,0,0.010537579655647278
0,0,0.19377940893173218
0,0,0.0028221725951880217
0,0,0.0010188445448875427
0,0,0.16864466667175293
0,0,0.04868420213460922
0,0,0.00014978984836488962
0,0,0.0009103131596930325
0,1,0.6868025064468384
1,1,0.9986769556999207
0,0,0.048190437257289886
1,1,0.9987080097198486
1,1,0.9991052746772766
1,1,0.9975047707557678
1,1,0.996071457862854
0,0,1.0680291779863182e-05
1,1,0.9964891672134399
0,0,1.7213980754604563e-05
1,1,0.6394563317298889
1,1,0.978783905506134
1,1,0.9893882274627686
1,1,0.9999204874038696
1,1,0.9995936751365662
0,1,0.8347154259681702
0,0,0.0007142039248719811
0,0,0.00014233872934710234
0,0,0.06824923306703568
0,0,0.00025867833755910397
1,1,0.9129253625869751
1,1,0.8618593215942383
0,0,9.01137445907807e-06
1,1,0.7500469088554382
0,0,1.0845821634575259e-05
0,0,0.0007712700171396136
0,0,0.003769025206565857
0,0,0.0020083982963114977
1,1,0.9988916516304016
0,0,9.313971531810239e-05
1,1,0.9994333386421204
0,0,7.76466476963833e-05
0,0,0.016910910606384277
1,1,0.9954314231872559
1,1,0.8209041953086853
0,0,3.470570300123654e-05
1,1,0.9992824196815491
1,1,0.9996330738067627
1,1,0.9138087630271912
0,0,0.0007351624662987888
0,0,0.0010115158511325717
0,0,8.4217797848396e-05
1,0,0.09472214430570602
1,1,0.9995792508125305
1,1,0.9998012185096741
1,1,0.9999271631240845
1,1,0.9996455907821655
0,0,0.0024161634501069784
1,1,0.9993112087249756
1,1,0.9995133876800537
1,1,0.9999346733093262
0,0,1.4683789231639821e-05
0,0,0.017961163073778152
1,1,0.9826086759567261
0,0,0.00044858769979327917
0,0,0.0012317982036620378
1,1,0.9981866478919983
0,0,0.005393185652792454
0,0,6.954988930374384e-05
0,0,0.0007929349667392671
0,0,0.0003763947170227766
1,0,0.4515722393989563
0,0,7.317632480408065e-06
1,1,0.9987984895706177
1,1,0.9867820739746094
1,1,0.9992629885673523
1,1,0.9957576394081116
1,1,0.9988150596618652
0,0,0.0014807843836024404
0,0,0.0008248998201452196
1,1,0.9954961538314819
1,1,0.9311628937721252
1,1,0.999889612197876
0,0,2.481270712451078e-05
0,0,0.00017895337077789009
0,0,0.0018350965110585093
0,0,0.12528766691684723
1,1,0.9961996674537659
0,1,0.9998679161071777
1,1,0.9267002940177917
1,1,0.9990561604499817
1,1,0.9996836185455322
0,0,0.0007094175089150667
1,1,0.9922492504119873
1,1,0.9995809197425842
1,1,0.9896029829978943
0,0,0.002884527901187539
0,0,4.976440777682001e-06
1,1,0.9988273978233337
1,1,0.9994034767150879
1,1,0.9977362155914307
0,0,0.00043707562144845724
1,1,0.998426079750061
1,1,0.999943733215332
0,0,0.00014593951345887035
1,1,0.9996756315231323
0,0,0.000584133027587086
1,1,0.9972944855690002
0,0,3.0005303415236995e-05
1,1,0.9962105751037598
1,1,0.8703775405883789
0,1,0.995864987373352
1,1,0.9989064931869507
1,1,0.9992607235908508
0,0,0.006300198845565319
0,0,0.008639308623969555
0,1,0.9418786764144897
1,1,0.9633559584617615
0,0,0.031153278425335884
1,1,0.9857660531997681
1,1,0.9999470710754395
1,1,0.9745792150497437
0,0,0.0013758647255599499
0,0,0.00016565766418352723
1,1,0.9963029623031616
1,0,0.0036008320748806
0,0,0.00014137804100755602
0,0,0.00495857372879982
0,1,0.9007390737533569
1,1,0.9998413324356079
0,0,0.002008509123697877
0,0,2.0847066480200738e-05
0,0,0.001603047945536673
0,0,0.1939975768327713
0,1,0.9028339982032776
0,0,0.03763965144753456
0,0,0.00019570883887354285
0,0,6.933897384442389e-05
1,1,0.9985802173614502
0,0,4.856658051721752e-06
0,0,7.556481432402506e-05
0,0,0.04846407473087311
1,1,0.9994437098503113
1,1,0.8427668809890747
0,0,9.885751933325082e-05
0,0,3.9578346331836656e-05
0,0,0.0001516416814411059
1,1,0.7770191431045532
0,0,0.005308331456035376
0,0,0.0015318227233365178
1,1,0.9941959381103516
1,1,0.9970800280570984
0,0,0.00018403795547783375
0,0,3.226373155484907e-05
0,0,0.00034463018528185785
0,0,0.047481317073106766
0,0,3.4908462112070993e-06
0,0,0.0014593173982575536
0,0,5.616343332803808e-05
0,0,0.000632821989711374
1,1,0.9998175501823425
1,1,0.9979559183120728
1,1,0.9548243880271912
0,0,0.04031343758106232
1,1,0.9998263716697693
1,1,0.9996538162231445
0,0,0.0025246762670576572
1,1,0.9635511636734009
0,0,0.0004537655913736671
0,0,0.0004531287122517824
1,1,0.9145132899284363
1,1,0.9999750852584839
1,1,0.8284898996353149
1,1,0.9998084902763367
1,1,0.9998489618301392
1,1,0.9984219074249268
1,1,0.9996362924575806
0,0,0.1843620091676712
0,0,0.0008090517367236316
0,0,0.0007382280309684575
0,0,0.04581459239125252
0,1,0.8176316618919373
0,0,0.26287323236465454
1,1,0.992496132850647
1,1,0.973699152469635
1,1,0.7175896167755127
1,1,0.9981086254119873
0,0,0.0003559682809282094
0,0,0.20910753309726715
0,0,0.017310118302702904
0,0,0.07659818977117538
0,0,0.030429741367697716
0,0,0.045338768512010574
0,0,0.0010272255167365074
1,1,0.8961895108222961
1,1,0.9988566637039185
0,0,0.00010865968943107873
0,0,0.011024659499526024
0,0,0.002167787868529558
1,1,0.975781261920929
0,0,0.0038491059094667435
0,0,0.0002149947249563411
1,1,0.9989450573921204
0,0,0.06633148342370987
0,0,0.08015163242816925
1,1,0.9971678853034973
1,1,0.9962806105613708
0,0,0.05439784377813339
0,0,0.0013287883484736085
0,0,0.07255012542009354
0,0,0.3920518457889557
0,0,0.0016821719473227859
0,0,0.16289876401424408
1,1,0.9982298016548157
1,1,0.9817934036254883
1,1,0.9967111349105835
0,0,0.0035573334898799658
1,1,0.9980044960975647
1,1,0.9830880761146545
0,0,0.002135289367288351
1,0,0.40111154317855835
0,0,0.001994250575080514
1,1,0.9957872033119202
1,1,0.974135160446167
0,0,4.1236729884985834e-05
0,0,0.10337115079164505
0,0,0.001532280701212585
0,0,0.00019447146041784436
1,1,0.9998053908348083
0,0,0.002463188488036394
1,1,0.9962878227233887
1,1,0.9999674558639526
0,0,2.2621619791607372e-05
0,0,0.015396155416965485
0,0,0.0007615427603013813
0,0,0.19211813807487488
0,0,0.0010507231345400214
1,1,0.9888775944709778
0,0,0.04024122282862663
0,0,0.01708178035914898
1,1,0.9990794658660889
1,1,0.999993085861206
1,1,0.9999833106994629
1,1,0.9983127117156982
1,1,0.9999011754989624
1,1,0.9990047812461853
1,1,0.9997703433036804
1,1,0.9997473359107971
0,0,0.0002944999432656914
1,1,0.9999173879623413
1,1,0.9643096923828125
1,1,0.9988254904747009
1,1,0.9992658495903015
0,1,0.8507519364356995
0,0,0.0019632240291684866
0,0,0.0008058916428126395
0,0,0.00013959320494905114
0,0,3.195629324181937e-05
1,1,0.9999665021896362
0,0,2.119313103321474e-05
0,0,0.00010814583220053464
0,0,6.301821122178808e-05
0,0,0.0020065486896783113
0,0,0.4405166208744049
0,0,0.016023598611354828
1,1,0.9919437170028687
0,0,0.005071332212537527
1,1,0.9957120418548584
1,1,0.9999524354934692
0,0,8.638506551505998e-05
0,0,0.00011443862604210153
0,1,0.9824579358100891
0,0,0.4087495803833008
1,1,0.998626708984375
1,1,0.7474530935287476
0,0,1.3241348824521992e-05
1,0,0.13644982874393463
1,1,0.998700737953186
0,0,0.009333819150924683
0,0,0.01330934651196003
1,1,0.9999028444290161
1,1,0.9008147120475769
0,0,0.005321010947227478
1,1,0.998090922832489
0,0,0.28555548191070557
0,0,0.008757553994655609
0,0,4.572534453473054e-05
1,0,0.48184165358543396
1,0,0.06713150441646576
1,1,0.999967098236084
1,1,0.9921016097068787
1,1,0.9781764149665833
0,0,0.0007479224586859345
0,0,1.6450194380013272e-05
1,1,0.9995172023773193
1,1,0.9997765421867371
1,1,0.9999024868011475
0,0,0.4216424226760864
1,1,0.9992849230766296
1,1,0.9998278617858887
0,0,0.012703842483460903
0,0,0.0016771643422544003
0,0,0.0001657104294281453
1,1,0.993420422077179
0,0,0.001716579427011311
0,0,0.00018110164091922343
1,1,0.9989060163497925
1,1,0.6982283592224121
1,1,0.5904234051704407
0,1,0.9632881283760071
1,1,0.9999151229858398
0,0,0.0005067458259873092
0,0,0.003080670954659581
0,0,0.0037060906179249287
1,1,0.9985840320587158
0,1,0.7739692330360413
0,0,0.00204616691917181
0,0,0.0009583954233676195
0,0,0.004429919179528952
0,0,0.006246135104447603
0,0,0.005836448632180691
0,0,0.0013944880338385701
0,0,0.0014182309387251735
0,0,0.00022914614237379283
0,0,0.00021274853497743607
1,1,0.9987271428108215
1,1,0.9990822076797485
0,0,0.0001363409828627482
0,0,0.0004004178917966783
1,1,0.9988194108009338
1,1,0.9975265860557556
0,0,3.496316594464588e-06
1,1,0.9982470273971558
0,0,0.0036344584077596664
0,0,2.948378460132517e-05
1,1,0.953841507434845
1,1,0.9630301594734192
0,0,7.045063739496982e-06
1,1,0.9998801946640015
1,1,0.9830134510993958
0,0,0.007598781958222389
0,0,0.0001223767758347094
1,1,0.9993903636932373
0,1,0.9795857071876526
0,0,0.00014978698163758963
0,0,0.005552083719521761
0,0,8.759750926401466e-05
1,1,0.9959619641304016
1,1,0.9999762773513794
1,1,0.9963691234588623
1,1,0.9434528350830078
1,1,0.999988317489624
1,1,0.9687501192092896
1,1,0.9998834133148193
0,1,0.5833127498626709
0,0,9.810250048758462e-06
1,1,0.9922601580619812
0,0,1.2552205589599907e-05
0,0,0.0010993991745635867
0,0,0.0003948582161683589
0,0,0.0005814321339130402
0,0,0.00387964746914804
0,0,1.9242190319346264e-05
0,0,0.0071887425146996975
0,0,0.0002565951144788414
0,1,0.9887102246284485
0,0,0.0012684403918683529
1,1,0.9998911619186401
1,1,0.9866366982460022
0,0,0.1841844767332077
0,0,7.83327195676975e-05
1,1,0.5417661070823669
1,1,0.9954447746276855
1,1,0.9996228218078613
1,1,0.9993388056755066
0,0,0.0008454576600342989
0,0,0.0005612173699773848
1,0,0.0020256456919014454
0,1,0.7457653284072876
0,0,0.009073608554899693
0,0,0.01670805551111698
0,0,0.0011461141984909773
0,0,9.693236506791436e-07
0,1,0.5909371376037598
0,0,0.02114253304898739
0,0,0.002871721051633358
0,0,0.004585102200508118
0,0,3.14993885695003e-05
0,0,2.6255387638229877e-05
0,0,0.13372981548309326
0,0,0.008195782080292702
0,0,0.0003070771927013993
0,0,0.007385857868939638
0,0,0.00038889216375537217
0,0,2.1479104361787904e-06
0,0,0.0006679880316369236
0,0,0.00010208701860392466
0,0,0.0005028704181313515
0,0,0.00010811799438670278
0,0,0.0073534585535526276
0,1,0.9912523627281189
0,0,2.29168858822959e-06
1,1,0.7535908818244934
0,0,0.2973088026046753
0,0,0.00243342574685812
1,1,0.9394949674606323
1,1,0.9741414785385132
0,0,0.00047198531683534384
1,1,0.9975460171699524
0,0,0.00582311162725091
1,1,0.9995410442352295
1,1,0.9820890426635742
1,1,0.9749351143836975
1,1,0.9993546605110168
1,1,0.9970303773880005
1,1,0.9976250529289246
0,0,0.0007351537933573127
1,1,0.9999376535415649
1,0,0.1325807273387909
1,1,0.999462902545929
1,1,0.9975435137748718
1,1,0.9990197420120239
1,1,0.9978456497192383
0,0,0.0006010783836245537
1,1,0.9999604225158691
0,0,6.844851304776967e-05
0,0,0.0001352628314634785
1,1,0.9684951305389404
1,1,0.9999241828918457
0,0,0.0060782539658248425
1,1,0.995933473110199
0,0,0.00011764381633838639
1,1,0.9940312504768372
0,0,0.00854052696377039
0,0,0.0005068627069704235
1,1,0.9979403614997864
0,0,7.458488835254684e-05
0,0,0.0008296437445096672
0,0,0.02990111894905567
0,0,0.11341004073619843
0,1,0.5153545141220093
0,0,0.0493118092417717
0,0,0.0010033146245405078
0,0,0.0005371898296289146
1,1,0.9999126195907593
1,1,0.9938177466392517
1,1,0.9998290538787842
1,1,0.9840108752250671
1,1,0.9995391368865967
1,1,0.9023053050041199
1,1,0.7162748575210571
1,1,0.9996532201766968
0,0,0.0002746140817180276
0,0,0.19131025671958923
0,1,0.9850298762321472
0,0,0.0025259037502110004
0,0,0.004797770641744137
0,0,0.0036595456767827272
1,1,0.9984843134880066
0,0,0.0005047331796959043
1,1,0.9921243786811829
0,0,0.02541319839656353
1,1,0.9999768733978271
0,0,0.10037971287965775
1,1,0.9999949932098389
1,1,0.9908995628356934
0,0,0.00011758739856304601
1,1,0.9994045495986938
1,1,0.9952902793884277
1,1,0.9994483590126038
1,0,0.0017401418881490827
1,1,0.9962937235832214
0,0,0.4733183681964874
1,1,0.9950233697891235
1,1,0.9996905326843262
0,0,0.0039046730380505323
0,0,0.0002032532647717744
1,1,0.9954015016555786
0,0,0.004731709137558937
0,0,0.00044035265455022454
1,1,0.9999473094940186
0,0,0.054811786860227585
1,1,0.9935922026634216
1,1,0.9938942790031433
1,1,0.9995169639587402
1,1,0.9520547986030579
1,1,0.9994500279426575
1,1,0.9954789876937866
1,1,0.9995182752609253
1,1,0.999816358089447
1,1,0.9997629523277283
1,1,0.9998921155929565
1,1,0.9961318969726562
1,1,0.9987021684646606
1,1,0.9996094107627869
0,0,0.0008833757601678371
0,0,1.4717076055603684e-06
0,0,0.009166148491203785
0,0,1.4040403584658634e-05
1,1,0.9490077495574951
0,0,0.03596065193414688
1,1,0.9997473359107971
1,1,0.9998916387557983
1,1,0.9999804496765137
0,0,2.8797518098144792e-05
0,0,0.0004701573052443564
0,0,1.9724380763364024e-05
0,0,0.00034559963387437165
1,0,0.3333320617675781
0,0,0.0011697587324306369
0,1,0.860550045967102
1,1,0.9791104197502136
0,0,0.004923886153846979
1,1,0.9929072856903076
1,1,0.9998390674591064
1,1,0.9987082481384277
1,1,0.9991858601570129
1,1,0.9991725087165833
1,1,0.9952800273895264
0,0,0.0035762868355959654
1,1,0.9993898868560791
1,1,0.9988657236099243
1,1,0.9997145533561707
1,1,0.9911020994186401
1,1,0.9990801811218262
1,1,0.9959996938705444
0,0,0.0009808087488636374
0,0,0.09637931734323502
0,0,4.6602744987467304e-05
0,0,0.002459183568134904
1,1,0.9934466481208801
1,1,0.9876630902290344
1,1,0.9649944305419922
0,0,0.014484168030321598
1,1,0.9044095873832703
1,1,0.9957196116447449
1,0,0.051784299314022064
1,1,0.9968236684799194
1,1,0.9989676475524902
1,1,0.6285884976387024
1,1,0.9077466130256653
0,0,0.002310148673132062
0,0,0.00012041907757520676
0,0,6.055637186364038e-06
0,0,2.9209327294665854e-06
0,0,0.339603990316391
1,1,0.99983811378479
1,1,0.9984442591667175
1,1,0.9969624876976013
1,1,0.9992814660072327
1,1,0.9997602105140686
1,1,0.9984148740768433
1,1,0.9999747276306152
1,1,0.9875729084014893
1,1,0.9854283928871155
1,1,0.9945712685585022
1,1,0.9999078512191772
1,1,0.9999334812164307
0,0,0.027025124058127403
1,1,0.9999668598175049
1,1,0.9486352801322937
0,0,0.03128727525472641
1,1,0.9999257326126099
0,0,0.00016374517872463912
1,1,0.9996999502182007
1,1,0.9999039173126221
0,0,3.159026528010145e-05
1,1,0.9978839755058289
1,1,0.988062858581543
1,1,0.9997089505195618
1,1,0.9997772574424744
1,1,0.9997947812080383
1,1,0.9999188184738159
1,1,0.9996852874755859
0,0,0.18898403644561768
1,1,0.9999265670776367
0,0,0.00040677859215065837
1,1,0.9996343851089478
1,1,0.9780620336532593
1,1,0.9997970461845398
1,1,0.9962252378463745
1,1,0.999748170375824
1,1,0.9991798996925354
1,1,0.9431689977645874
1,1,0.999907374382019
1,1,0.9980308413505554
1,1,0.99965500831604
1,1,0.9967141151428223
0,0,0.0041953097097575665
0,0,0.0004910375573672354
0,0,9.472005331190303e-05
1,1,0.999862551689148
0,0,0.0001962595561053604
1,1,0.9996906518936157
0,0,1.118594991567079e-05
0,0,0.004040511790663004
0,0,0.11737070232629776
0,0,0.2886504530906677
0,1,0.5843885540962219
0,0,0.0027090925723314285
0,0,0.006737958639860153
1,1,0.9259606599807739
0,0,0.0015024493914097548
1,1,0.9980508089065552
1,1,0.9998524188995361
0,0,0.006087017245590687
0,0,0.004148667678236961
0,0,0.00030445243464782834
0,0,0.0002238583838334307
1,1,0.9987921118736267
0,0,0.00037885780329816043
1,1,0.9998965263366699
0,0,3.524068961269222e-05
1,1,0.9979148507118225
0,0,0.0010246456367895007
0,0,1.5608542526024394e-05
0,0,2.0205528926453553e-05
1,1,0.9997815489768982
0,0,0.00184893817640841
0,0,0.00038718184805475175
0,0,0.016506457701325417
0,0,3.276838469901122e-05
0,0,0.0007645149598829448
0,0,0.11763795465230942
1,1,0.9997678399085999
1,1,0.9990981817245483
0,0,1.3060602213954553e-05
1,1,0.9998506307601929
0,0,0.0016406797803938389
0,0,0.0008978726109489799
0,0,0.0009095415589399636
0,0,2.8777256375178695e-05
1,1,0.9999970197677612
1,1,0.9997217059135437
0,0,1.446062287868699e-05
1,1,0.9985072016716003
0,0,0.06523813307285309
1,0,0.0953764021396637
0,0,8.07362357591046e-06
0,0,0.0004968051216565073
0,0,0.0003958966408390552
0,0,1.7840613509179093e-05
0,0,7.933746928756591e-06
0,0,0.024032674729824066
0,0,0.007278351113200188
0,0,2.5120751161011867e-05
1,1,0.9978628754615784
1,1,0.9993701577186584
1,1,0.9988139867782593
1,1,0.9199811220169067
1,1,0.9999638795852661
0,0,8.477328083245084e-05
1,1,0.9987989664077759
0,0,0.0008656051941215992
1,1,0.9999011754989624
1,1,0.7769114375114441
1,1,0.9945471286773682
1,1,0.9971502423286438
1,1,0.971083402633667
1,1,0.96952885389328
1,1,0.9998511075973511
1,1,0.961521327495575
1,1,0.9915689826011658
1,1,0.9395655989646912
1,1,0.9679825305938721
0,0,0.005092884413897991
1,1,0.9952386617660522
1,1,0.999474823474884
1,1,0.9997370839118958
1,1,0.9969136714935303
0,0,0.0006867513293400407
0,0,0.00011485656432341784
0,0,0.0006652174633927643
0,0,0.0002501523995306343
1,0,0.09389325976371765
1,1,0.9997537732124329
1,1,0.9980377554893494
0,0,0.020130030810832977
0,0,0.0012543124612420797
1,1,0.9984766840934753
1,1,0.9982000589370728
1,1,0.9980615973472595
1,1,0.9884516000747681
1,1,0.9687536358833313
1,1,0.9676909446716309
0,0,0.012539345771074295
1,1,0.9996973276138306
0,0,0.025118712335824966
0,0,0.0002851781318895519
0,0,0.012988394126296043
1,1,0.9906623959541321
0,0,0.0006448860513046384
1,1,0.9909839630126953
0,0,0.0003583325888030231
1,1,0.8966845870018005
0,0,6.276314525166526e-05
0,0,0.0009635519236326218
1,1,0.7236635684967041
1,1,0.6695976853370667
1,0,0.0036569819785654545
1,1,0.9977967739105225
0,0,0.1459503322839737
1,1,0.9998112320899963
0,0,0.0003547871019691229
0,0,0.00013085549289826304
1,1,0.9999793767929077
0,0,0.0394170880317688
1,1,0.9998407363891602
1,1,0.9969831109046936
0,0,6.203463999554515e-05
1,1,0.9998297691345215
1,1,0.5198333263397217
1,1,0.9216910600662231
1,1,0.9996697902679443
1,1,0.9997377991676331
1,1,0.9997426867485046
1,1,0.9992527365684509
0,0,0.005856409203261137
1,1,0.5358227491378784
1,1,0.9822843074798584
0,0,0.0003516410361044109
1,1,0.9979977011680603
0,0,3.559041579137556e-05
0,0,0.0030698105692863464
1,1,0.999858021736145
1,1,0.9998149275779724
1,1,0.9987576007843018
0,0,0.002588342409580946
1,1,0.9997020363807678
0,0,0.05924341455101967
0,0,0.0003633516898844391
0,0,0.0005419672233983874
0,0,0.0009113099076785147
1,1,0.9997305274009705
0,0,2.6242920284857973e-05
0,0,0.23241937160491943
1,1,0.999991774559021
0,0,5.138705455465242e-05
0,0,0.0014210869558155537
0,0,0.00010944719542749226
0,0,0.0024917202536016703
0,0,9.097975635086186e-06
1,1,0.9998788833618164
1,1,0.9969814419746399
0,0,0.00029992929194122553
1,1,0.9993085861206055
0,0,0.09121956676244736
1,1,0.9991542100906372
1,1,0.999610960483551
0,1,0.7957931160926819
1,1,0.9997054934501648
1,1,0.9612477421760559
1,1,0.9933699369430542
1,1,0.9974295496940613
0,0,0.056287046521902084
0,0,0.03345930948853493
1,1,0.998572587966919
0,0,0.0008925109286792576
0,0,8.584170427639037e-05
0,0,0.01151861809194088
0,0,0.00904922466725111
1,1,0.5872805714607239
0,0,0.013367198407649994
1,1,0.9693790674209595
1,1,0.9958295226097107
1,1,0.994236171245575
0,0,3.0155333661241457e-05
1,1,0.9999604225158691
0,0,5.382495146477595e-05
0,0,0.44282278418540955
1,1,0.9999959468841553
1,1,0.9983835220336914
0,0,0.0020632282830774784
1,1,0.9999526739120483
1,1,0.9991276860237122
1,1,0.9990113973617554
0,0,0.003367521334439516
0,0,0.03662256523966789
1,1,0.9988597631454468
1,1,0.9767887592315674
1,1,0.6971176266670227
1,1,0.999832272529602
0,0,3.1486593798035756e-05
0,0,0.017972251400351524
1,1,0.9977309107780457
1,1,0.9991432428359985
0,0,0.013831532560288906
1,1,0.995444655418396
0,0,0.0061632911674678326
0,0,0.016134006902575493
0,0,1.786160282790661e-05
0,0,0.0005861781537532806
0,0,0.001038616755977273
1,1,0.9994807839393616
1,1,0.9603028297424316
1,1,0.9998539686203003
1,1,0.999467670917511
0,0,9.646011312725022e-05
0,0,0.01351677905768156
0,0,0.00269419327378273
1,1,0.9962303042411804
1,1,0.9993982315063477
0,0,0.007702692411839962
1,1,0.9993352293968201
1,1,0.9953054785728455
1,1,0.9999098777770996
0,0,0.0004514222964644432
0,0,0.0031500852201133966
0,0,0.18189723789691925
0,0,0.002196876797825098
1,1,0.9989614486694336
1,1,0.9995412826538086
1,1,0.999990701675415
1,1,0.9809195399284363
0,0,0.07647566497325897
0,0,0.0011564184678718448
1,1,0.9952675104141235
1,1,0.9963827133178711
0,0,1.8982229448738508e-05
0,0,0.017704186961054802
0,0,2.3678037905483507e-05
0,0,0.00043574770097620785
0,1,0.7828825116157532
0,0,0.11430951207876205
0,0,0.00033697846811264753
0,0,0.05995875597000122
0,0,0.004558919463306665
1,1,0.9999808073043823
1,1,0.9975994229316711
1,1,0.9550588726997375
1,1,0.994487464427948
0,0,0.0004427050007507205
1,0,0.0022252420894801617
1,1,0.9806961417198181
0,0,0.00015837913088034838
0,0,0.003429881064221263
0,0,0.0006905197515152395
0,0,0.003536084434017539
1,1,0.570756196975708
0,0,0.010723172686994076
0,0,8.774449270276818e-06
0,0,4.257123509887606e-05
0,0,0.02271352708339691
0,0,0.0005793634336441755
0,0,0.00013287673937156796
0,0,0.00030642416095361114
1,1,0.9537829756736755
1,1,0.9995461106300354
0,0,0.0014195321127772331
1,1,0.9961138963699341
1,1,0.9997703433036804
0,0,0.0009510384406894445
0,0,5.065240657131653e-06
1,1,0.9974696636199951
0,0,0.0005215286510065198
1,1,0.9988241791725159
0,0,1.4064107745070942e-06
0,0,0.004357900470495224
1,1,0.9994012117385864
1,1,0.6720383763313293
1,1,0.9892750382423401
1,1,0.9999277591705322
1,1,0.9995904564857483
1,1,0.90546715259552
0,0,0.00028077952447347343
1,0,0.04056303948163986
1,1,0.9994180202484131
0,0,6.207985279615968e-05
1,1,0.9921162724494934
0,0,8.934734978538472e-07
0,0,0.0022832821123301983
1,1,0.9977516531944275
1,1,0.9883882403373718
1,1,0.9888315200805664
1,1,0.9999676942825317
0,0,0.00037359772250056267
0,0,0.002456400077790022
0,0,0.0037687404546886683
0,0,6.634771125391126e-05
0,0,0.00026825026725418866
0,0,0.0013623966369777918
1,1,0.9972902536392212
0,0,0.019945591688156128
0,0,1.9217412045691162e-05
0,0,0.010897798463702202
0,0,0.0002771739673335105
0,0,9.562431660015136e-05
0,1,0.6973117589950562
0,0,0.001525981817394495
0,0,5.096712357044453e-06
1,1,0.9996830224990845
1,1,0.9998396635055542
0,0,0.00011110230116173625
0,0,3.994775397586636e-05
1,1,0.9999597072601318
1,0,0.29892662167549133
1,1,0.9989475607872009
1,1,0.999333918094635
1,1,0.9997841715812683
0,0,1.0942953849735204e-05
0,0,0.0001451447169529274
0,0,3.814084266196005e-05
1,1,0.9999527931213379
1,1,0.6143264770507812
0,0,0.002180603099986911
0,0,0.11679597198963165
1,1,0.9997734427452087
1,1,0.999326229095459
1,1,0.9999452829360962
1,1,0.9995788931846619
1,1,0.9999856948852539
1,1,0.9834291338920593
0,1,0.9465395212173462
0,0,0.0013768000062555075
1,1,0.9999825954437256
0,0,0.0009608342661522329
1,1,0.9999964237213135
1,1,0.9996989965438843
1,1,0.5768066048622131
0,0,0.0017276043072342873
0,0,0.005301849916577339
0,0,0.0004829696554224938
0,0,0.00016930641140788794
1,1,0.9995871186256409
0,0,0.00035275676054880023
1,1,0.9739372134208679
0,0,0.0028858052100986242
1,1,0.9996163845062256
1,1,0.9498652815818787
1,1,0.998473584651947
1,1,0.9482124447822571
1,1,0.9988614320755005
1,1,0.9450415968894958
1,1,0.9939647316932678
0,0,0.004278476350009441
0,0,0.00014174885291140527
1,1,0.5473524928092957
1,1,0.9985756874084473
1,1,0.8817143440246582
0,0,0.0004166382714174688
1,1,0.9997627139091492
0,0,0.002728505525738001
0,0,0.000665915897116065
1,1,0.9999253749847412
1,1,0.9996009469032288
0,0,0.0005271672853268683
1,1,0.9998668432235718
1,1,0.9989116191864014
1,1,0.9999841451644897
1,0,0.02988196536898613
1,1,0.997723400592804
1,1,0.9999103546142578
1,1,0.9701099991798401
0,0,0.0002973832015413791
1,1,0.9994865655899048
1,1,0.9998751878738403
0,0,0.001742705819196999
0,0,0.002709845080971718
1,1,0.9989144802093506
1,0,0.13263386487960815
1,1,0.9987983703613281
1,1,0.9988351464271545
0,0,0.012826568447053432
1,1,0.9997755885124207
0,0,0.0010131996823474765
0,0,0.0036554811522364616
0,0,0.0017678668955340981
1,1,0.9999383687973022
1,1,0.9999783039093018
1,1,0.9997624754905701
0,0,0.005781114567071199
1,0,0.003921947907656431
1,1,0.9999376535415649
1,1,0.9998382329940796
1,0,0.00010137575736735016
1,1,0.9992870688438416
1,0,0.2194594144821167
0,0,1.114083261199994e-05
0,0,0.012051724828779697
0,0,0.006838609930127859
1,1,0.9974965453147888
0,0,0.0041579632088541985
1,1,0.9928491115570068
0,0,2.3615299141965806e-05
0,0,4.3364711018512025e-05
0,0,0.00012323794362600893
0,0,0.02924635261297226
1,1,0.9948617815971375
1,1,0.9929584264755249
1,1,0.895816445350647
0,0,5.030690590501763e-05
1,0,0.2607089579105377
0,0,0.00064106221543625
0,0,0.0005766699905507267
0,0,0.0001098277498385869
0,0,0.00014785720850341022
1,1,0.9992582201957703
0,0,0.00015909961075522006
0,1,0.6046510338783264
0,0,0.010260057635605335
0,0,0.08608564734458923
0,0,7.152404577936977e-05
0,1,0.9773195385932922
0,0,0.0009566702647134662
0,0,0.0005588242202065885
0,0,1.4129460396361537e-05
1,1,0.9505174160003662
0,0,0.0002529192133806646
0,0,0.0019282868597656488
1,1,0.9981613755226135
1,1,0.9997662901878357
1,1,0.9999487400054932
1,1,0.9591209292411804
0,0,1.5484036339330487e-05
1,1,0.999367892742157
1,1,0.9175904393196106
1,1,0.9958349466323853
1,1,0.9995156526565552
0,0,5.864565173396841e-05
0,0,6.616448081331328e-05
1,1,0.9998290538787842
1,1,0.8443784713745117
0,0,0.002267126925289631
1,1,0.996441662311554
0,0,0.005362527910619974
0,0,0.10032415390014648
0,0,0.004816154483705759
1,1,0.9985368251800537
0,0,0.0003595588495954871
0,0,7.801983883837238e-05
0,0,0.000179253940586932
0,0,0.004129612352699041
1,1,0.9999548196792603
0,0,0.0005561164580285549
1,1,0.9984042048454285
0,0,0.00034187830169685185
1,1,0.9824063777923584
0,0,0.07515260577201843
1,1,0.9997863173484802
1,1,0.9988827109336853
1,1,0.999754011631012
0,0,0.055731866508722305
0,0,0.024249695241451263
0,0,3.717216895893216e-05
1,1,0.9720855355262756
0,0,2.4644519726280123e-05
1,1,0.998367965221405
1,1,0.9910372495651245
1,0,0.27434760332107544
0,0,2.2996355255600065e-06
0,0,2.348602720303461e-05
0,0,4.856865416513756e-05
1,1,0.9862403273582458
0,0,0.0003417106345295906
1,1,0.997687578201294
0,0,0.0010685129091143608
0,0,0.15399834513664246
1,1,0.9984374642372131
0,0,0.003155861282721162
0,0,0.01579945720732212
1,1,0.9938483834266663
1,1,0.7733403444290161
1,1,0.9995635151863098
1,1,0.99937504529953
1,1,0.9778254628181458
0,0,0.01363505981862545
1,1,0.9930691719055176
1,1,0.9994072914123535
0,0,0.07357875257730484
0,0,0.0002020575775532052
0,0,0.010446939617395401
1,1,0.9988787770271301
1,1,0.9987332224845886
0,0,0.12367893755435944
1,1,0.9998506307601929
0,0,0.0002067545719910413
1,1,0.9996755123138428
1,0,0.19696985185146332
1,1,0.9981479644775391
1,1,0.9885233044624329
1,1,0.9990398287773132
0,0,1.78913523996016e-05
1,1,0.8894392848014832
1,1,0.9996054768562317
1,1,0.9976250529289246
1,1,0.9989562034606934
1,1,0.9988866448402405
1,1,0.9999369382858276
1,1,0.9999122619628906
1,1,0.9926725029945374
1,1,0.9919577836990356
1,1,0.9999865293502808
0,0,6.437623960664496e-05
1,1,0.9950307607650757
0,0,0.0014437050558626652
1,1,0.7744506597518921
0,0,0.010788504965603352
0,0,0.13755184412002563
1,1,0.9981069564819336
1,1,0.9798554182052612
1,1,0.9804391264915466
1,1,0.9987651109695435
0,0,0.00030210003023967147
0,0,0.001966762589290738
1,1,0.9991218447685242
1,1,0.994872510433197
1,1,0.9725350737571716
1,1,0.9959563612937927
0,0,0.0002617577265482396
1,1,0.999150276184082
0,0,0.0007105065160430968
0,0,0.0040064649656414986
0,0,3.6899793485645205e-05
1,1,0.9996650218963623
0,0,6.288698205025867e-05
0,0,9.253029566025361e-05
0,0,0.0036892355419695377
1,1,0.9895714521408081
1,1,0.9819666147232056
0,0,0.003027247963473201
0,0,0.0006641187355853617
1,1,0.9997321963310242
0,0,0.0001959930668817833
1,1,0.9986955523490906
1,1,0.5577564835548401
1,1,0.9951232075691223
0,0,0.011770009063184261
0,0,0.011688679456710815
0,0,6.692138413200155e-05
0,0,0.008432012982666492
0,0,0.005685559473931789
0,0,2.624752596602775e-05
0,0,0.001860378310084343
0,0,0.02176184020936489
1,1,0.9983168840408325
0,0,0.0012634624727070332
1,0,0.14106833934783936
1,1,0.9999736547470093
0,0,0.4775313436985016
0,0,0.006168334279209375
0,0,0.0021754587069153786
0,1,0.7038765549659729
0,0,0.01244781818240881
1,1,0.9463936686515808
1,1,0.9845991134643555
0,0,0.00019121331570204347
1,1,0.9816491007804871
1,1,0.9998286962509155
0,0,0.009752511978149414
0,0,6.421830221370328e-06
1,1,0.9991557598114014
0,0,0.00011996636021649465
1,1,0.9999133348464966
0,0,0.005884342361241579
0,0,0.00019365840125828981
1,1,0.999640941619873
0,0,0.003491305513307452
1,1,0.9971210360527039
0,0,3.8205912460398395e-06
0,0,0.09141366928815842
0,0,0.000453736400231719
1,1,0.9995765089988708
1,1,0.9997397065162659
1,1,0.9863564968109131
1,1,0.9981502294540405
0,0,0.001453324337489903
1,1,0.9996203184127808
0,0,6.542326445924118e-05
0,0,0.000523448281455785
0,0,0.0014373179292306304
1,1,0.9990708827972412
0,0,0.0015170852420851588
0,0,0.037909988313913345
1,1,0.8554593920707703
0,0,0.0009720043162815273
0,0,0.00010770608787424862
0,0,0.00020725491049233824
0,0,0.0019983837846666574
0,0,2.7139582016388886e-05
0,0,0.00021466596808750182
1,1,0.9913827776908875
0,1,0.773358941078186
0,0,0.0003658014175016433
0,0,0.0011010827729478478
0,0,3.132534402539022e-05
0,0,0.009271043352782726
1,1,0.9644970297813416
0,0,0.04773355647921562
1,0,0.30311712622642517
1,1,0.9957276582717896
1,1,0.9996956586837769
1,1,0.991209864616394
1,1,0.9991758465766907
1,1,0.9996600151062012
0,0,0.00012839313421864063
0,0,0.2694563567638397
1,0,0.008415204472839832
0,0,2.877403858292382e-06
1,1,0.9988928437232971
1,1,0.9999114274978638
1,1,0.9994097948074341
0,0,0.00029806216480210423
0,0,0.006883082911372185
0,0,0.0006118238670751452
1,0,0.2452482432126999
1,1,0.9980006814002991
0,0,9.102624608203769e-05
1,1,0.9902957081794739
0,0,6.198661867529154e-05
1,0,0.033409714698791504
0,0,2.583410059742164e-05
0,0,0.00040347539470531046
0,0,0.004480189178138971
0,0,7.387265213765204e-05
0,0,7.455473678419366e-05
0,0,0.024776192381978035
0,0,0.00012000720744254068
0,0,3.3685796552163083e-06
0,0,0.000706895487383008
1,1,0.9983620047569275
1,1,0.9993440508842468
0,0,0.0002478687383700162
1,1,0.9949244260787964
1,1,0.9992865920066833
0,0,0.003558631055057049
1,1,0.9989678859710693
1,1,0.9986196756362915
1,1,0.9999462366104126
1,1,0.9999926090240479
1,1,0.9999873638153076
0,0,0.0002495007065590471
1,1,0.9993560910224915
0,0,0.0008247992373071611
1,0,0.4768844246864319
0,0,0.0001945122639881447
0,0,0.0003393655060790479
0,0,9.216721809934825e-05
1,1,0.9994423985481262
1,1,0.9998146891593933
0,0,0.000753567845094949
0,0,0.029296504333615303
1,1,0.9109702706336975
1,1,0.9896929860115051
0,0,0.012347342446446419
0,0,5.8273923059459776e-05
1,1,0.8680479526519775
0,0,0.0026559983380138874
0,0,0.15239565074443817
1,0,0.006007945165038109
1,1,0.9997890591621399
0,0,3.867050963890506e-06
0,0,0.001352924038656056
0,1,0.7639669179916382
1,1,0.999913215637207
0,0,0.0010272631188854575
1,1,0.9999018907546997
0,0,0.008951514959335327
1,1,0.9999594688415527
0,0,0.0028135101310908794
0,0,0.0006535445572808385
1,1,0.9997615218162537
1,1,0.9994532465934753
0,0,0.0044693853706121445
0,0,0.00018776448268909007
0,0,0.0010376449208706617
1,1,0.9853135943412781
1,1,0.9793345928192139
0,0,0.004406614229083061
0,0,0.23476791381835938
0,0,0.05238495394587517
0,0,0.0030401018448174
1,1,0.614987850189209
0,1,0.9066359996795654
1,1,0.9998276233673096
1,1,0.9996858835220337
1,1,0.9991426467895508
0,0,4.787684520124458e-05
1,1,0.9973791837692261
0,0,0.0002582362503744662
0,0,0.00035696467966772616
1,1,0.8174963593482971
0,0,0.00027195748407393694
1,1,0.9997331500053406
1,1,0.9997780919075012
0,0,0.04587334766983986
0,0,0.00018966080097015947
0,0,1.244595114258118e-05
0,0,0.0030003851279616356
1,1,0.9973235726356506
0,0,0.011530416086316109
0,0,2.4351613774342695e-06
0,0,0.33390769362449646
0,0,0.00037033396074548364
0,0,0.05144423991441727
0,0,0.00028288745670579374
1,1,0.9385150671005249
1,0,0.0514422170817852
1,1,0.9631659388542175
0,1,0.9954749941825867
0,0,0.002214457606896758
0,0,0.07005029171705246
0,0,0.0027390122413635254
0,0,0.032265566289424896
0,0,1.0896041203523055e-05
0,0,0.005047115962952375
1,1,0.9999969005584717
0,0,3.526963701006025e-05
0,0,1.0649856676536729e-06
0,0,0.0077965958043932915
0,0,0.0033779186196625233
0,0,0.002711172914132476
1,1,0.9958884119987488
0,0,0.001431670505553484
1,1,0.9983304142951965
1,1,0.9996981620788574
1,1,0.9990660548210144
1,1,0.9999202489852905
0,0,0.0010767063358798623
0,0,0.018336348235607147
0,0,0.005554598290473223
0,0,0.13650736212730408
1,1,0.8378113508224487
1,1,0.9793193936347961
0,0,0.08438478410243988
0,0,0.00010774069232866168
1,1,0.9727129936218262
1,1,0.9981451034545898
1,1,0.997731626033783
0,0,0.0037643727846443653
0,0,0.0005708266398869455
0,0,0.00015086661733221263
0,1,0.9711501002311707
0,0,7.04397534718737e-05
1,1,0.9991589784622192
1,1,0.9994888305664062
1,1,0.9979110360145569
0,0,0.00023733051784802228
0,0,0.0004363387415651232
0,0,0.0027966643683612347
1,1,0.9828007221221924
0,0,0.00028556393226608634
0,0,2.2661630282527767e-05
1,1,0.869540274143219
0,0,0.0019433996640145779
1,1,0.9986057877540588
0,0,0.0035666991025209427
1,1,0.9994702935218811
0,0,0.006378225516527891
1,1,0.999829888343811
1,1,0.9991704225540161
0,0,5.979360139463097e-05
1,1,0.9989388585090637
0,0,5.601767770713195e-05
0,0,0.0015204339288175106
0,0,0.0005388144054450095
1,1,0.9947981834411621
1,1,0.9966508746147156
1,1,0.9938088059425354
1,1,0.9813963770866394
1,1,0.9999315738677979
0,0,0.002134817885234952
1,0,0.22129550576210022
1,1,0.9988119602203369
1,1,0.9999858140945435
1,1,0.9963020086288452
0,0,0.000951435009483248
0,0,0.016917116940021515
1,1,0.997892439365387
0,0,1.2482526472012978e-05
0,0,0.0008099110564216971
1,1,0.9986114501953125
0,0,0.0010369690135121346
0,0,1.540664743515663e-05
0,0,0.04365035519003868
1,1,0.9995704293251038
0,0,0.0010501666693016887
1,0,0.4523790180683136
1,1,0.9997232556343079
1,1,0.9993463158607483
1,1,0.999514102935791
1,0,0.02672770246863365
1,0,0.005662251263856888
1,0,0.018747173249721527
1,1,0.9988147020339966
1,1,0.9952567219734192
0,0,0.14964163303375244
0,0,0.13692978024482727
1,1,0.9844837784767151
1,0,0.02146157994866371
1,1,0.9996949434280396
1,1,0.9967973828315735
1,1,0.9997649788856506
0,0,0.0003805047017522156
0,0,0.008051198907196522
1,1,0.9990604519844055
1,1,0.9968199729919434
0,0,0.004382359329611063
1,1,0.9993517994880676
1,1,0.9577398896217346
1,1,0.9187788367271423
1,1,0.9985554814338684
0,0,0.0009995287982746959
1,1,0.995101809501648
1,1,0.9816060662269592
1,1,0.9905732274055481
1,1,0.9940379858016968
0,0,3.840853605652228e-05
0,0,0.00016341109585482627
0,0,0.02712070569396019
0,0,0.021109752357006073
1,1,0.9996583461761475
1,1,0.9999709129333496
0,0,1.6914103980525397e-05
1,1,0.9995373487472534
1,1,0.9988991022109985
1,1,0.9972532391548157
1,1,0.9999679327011108
1,1,0.9988358616828918
1,1,0.999875545501709
1,1,0.9607648253440857
1,1,0.7135446071624756
0,0,0.00018263615493196994
1,1,0.9999691247940063
1,1,0.9999431371688843
1,1,0.997955322265625
1,1,0.9998112320899963
0,1,0.9003044962882996
1,1,0.9999746084213257
0,0,0.0012210279237478971
1,1,0.9999699592590332
0,0,0.2467406541109085
1,1,0.995022177696228
1,1,0.9762740135192871
1,1,0.98857182264328
1,1,0.9993389248847961
1,1,0.9999673366546631
0,0,1.1326054845994804e-05
0,0,2.5466259103268385e-05
1,1,0.995725154876709
1,1,0.9999361038208008
0,0,1.0529221071919892e-05
0,0,0.00029081112006679177
0,0,0.0006764482241123915
0,0,3.952184124500491e-05
0,0,0.00037143714143894613
1,1,0.9988524913787842
1,1,0.9997352957725525
1,1,0.9999425411224365
1,1,0.9970263838768005
1,1,0.9807604551315308
0,0,0.00020758558821398765
0,0,0.0010181085672229528
0,0,0.00014266428479459137
1,1,0.9998181462287903
1,1,0.9999901056289673
1,1,0.9992502331733704
1,1,0.984877347946167
0,1,0.9989538192749023
1,1,0.999022364616394
1,1,0.999703586101532
1,1,0.9931622743606567
1,1,0.9987566471099854
1,1,0.9988999366760254
1,1,0.9927329421043396
1,1,0.9087517857551575
0,0,0.000630921043921262
1,1,0.9999349117279053
1,1,0.9996145963668823
0,0,0.0003787341120187193
1,1,0.9999005794525146
0,0,0.0006587608368135989
0,0,0.0004720258293673396
1,1,0.9956676959991455
1,1,0.9916844367980957
1,1,0.9972044825553894
1,1,0.9998922348022461
1,1,0.923393189907074
1,1,0.999279797077179
1,1,0.80246502161026
1,1,0.999332845211029
0,0,0.00036803926923312247
1,0,0.23854872584342957
0,0,6.35052538200398e-06
0,0,1.0977970305248164e-05
0,0,7.816639845259488e-05
1,1,0.9823242425918579
0,0,2.3606315153301693e-05
0,0,4.5103312004357576e-05
0,0,1.8700564396567643e-05
0,0,0.1064584031701088
0,0,0.008696070872247219
1,1,0.9994295239448547
1,1,0.9770789742469788
0,0,0.0003972951089963317
1,1,0.5618495941162109
0,0,0.005132798105478287
0,0,8.603083551861346e-05
1,1,0.7420996427536011
0,0,0.00944055151194334
1,1,0.9785861968994141
0,0,0.0026204038877040148
1,1,0.9519210457801819
1,1,0.9999630451202393
1,1,0.9997350573539734
1,1,0.99994957447052
1,1,0.8980550169944763
1,1,0.9996721744537354
1,1,0.9994588494300842
1,1,0.999916672706604
1,1,0.9976281523704529
1,1,0.9999659061431885
1,1,0.9995958209037781
1,1,0.9987853169441223
1,1,0.9988213181495667
1,1,0.9999245405197144
0,0,9.890409273793921e-05
0,1,0.8762679100036621
1,1,0.9949210286140442
1,1,0.9998581409454346
1,1,0.9960610270500183
0,0,0.04041476547718048
1,1,0.676656186580658
0,0,4.6113716962281615e-05
0,0,0.0023850142024457455
0,0,6.979498721193522e-05
0,0,0.021206822246313095
0,0,0.0001444293011445552
0,1,0.6080138683319092
0,0,0.005133733619004488
0,0,0.00043489571544341743
1,1,0.9998284578323364
0,0,0.0005462316912598908
1,1,0.9999551773071289
1,1,0.9997096657752991
1,1,0.9999433755874634
1,1,0.9998553991317749
1,1,0.9950786828994751
0,0,5.444931593956426e-05
1,1,0.9999305009841919
1,0,0.1157441958785057
0,0,0.0013062676880508661
0,0,0.23291446268558502
0,0,0.02058536373078823
1,1,0.9998080134391785
1,1,0.9981271624565125
1,0,0.20287629961967468
1,0,0.10566257685422897
1,1,0.9274638295173645
1,1,0.9247763156890869
1,1,0.9923835396766663
0,0,0.00031254906207323074
0,0,0.0007859979523345828
0,0,3.4797765692928806e-05
1,1,0.9998944997787476
0,0,0.0002340920764254406
0,0,1.1465355783002451e-05
0,0,8.547828474547714e-05
1,1,0.9999676942825317
1,1,0.9983294606208801
1,1,0.840775728225708
1,1,0.9975928664207458
1,1,0.9999041557312012
0,0,0.00044761598110198975
1,1,0.8048752546310425
0,0,3.837081294477684e-06
0,0,0.00011308029934298247
0,0,0.0003475765115581453
1,1,0.9986361861228943
0,0,0.00027794294874183834
1,1,0.9604637622833252
0,0,7.468452531611547e-05
1,1,0.9985118508338928
1,1,0.9968166947364807
1,1,0.9994845390319824
1,1,0.996843695640564
1,1,0.9983192086219788
1,1,0.997655987739563
0,1,0.5490286946296692
1,1,0.9997989535331726
1,1,0.9985130429267883
1,1,0.9893084168434143
0,0,4.9855898396344855e-06
0,0,0.00011649111547740176
1,1,0.998786985874176
1,1,0.9992753863334656
1,0,0.002963569713756442
0,0,0.006526402663439512
1,1,0.9999223947525024
0,0,0.003017008537426591
0,0,0.030732862651348114
0,0,5.740202595916344e-06
0,0,0.2149619460105896
0,0,0.03474345803260803
0,0,0.0012998632155358791
0,0,0.15552140772342682
1,1,0.7007206082344055
0,0,0.47253257036209106
0,0,0.0007876385352574289
1,0,0.4080374240875244
1,1,0.998995840549469
0,0,0.0032285002525895834
1,1,0.9995444416999817
0,0,0.00677355146035552
1,0,0.0816662535071373
0,0,0.026707615703344345
1,0,0.01595975086092949
1,1,0.9995680451393127
1,1,0.9999277591705322
1,1,0.9838768839836121
0,0,0.0013790348311886191
0,0,3.717794606927782e-05
1,1,0.996755063533783
0,0,0.013069014064967632
0,0,0.43705981969833374
1,1,0.9989315867424011
1,1,0.9820283651351929
1,1,0.9807860255241394
1,1,0.9998059868812561
1,1,0.9997648596763611
1,1,0.9967895150184631
0,0,0.0006812288775108755
1,1,0.9999717473983765
1,1,0.9985408782958984
1,0,0.48203763365745544
1,1,0.9987027645111084
1,1,0.9999597072601318
1,1,0.9961232542991638
0,0,0.000560150423552841
0,0,0.0037596921902149916
0,0,0.00025653711054474115
0,0,8.91466606844915e-06
0,0,0.00016354733088519424
1,1,0.9986674785614014
0,0,0.0021847663447260857
0,0,0.00015956463175825775
0,0,0.002737459959462285
1,1,0.9934856295585632
0,0,0.006279556546360254
0,0,0.01490202359855175
0,1,0.8900039792060852
0,0,0.00019882735796272755
0,1,0.9730336666107178
0,0,4.40798066847492e-05
1,0,0.1536589413881302
1,1,0.9999489784240723
1,1,0.9995784163475037
1,1,0.9997575879096985
1,1,0.9977939128875732
1,1,0.9989038705825806
1,1,0.9987925291061401
1,1,0.9971932768821716
0,0,0.08447542041540146
0,0,0.0010435206349939108
1,1,0.9997785687446594
1,1,0.9994376301765442
1,1,0.7436861991882324
1,1,0.9992378950119019
1,1,0.9998486042022705
1,1,0.9888104200363159
1,1,0.9994163513183594
1,1,0.9990783929824829
0,0,0.005518937949091196
1,1,0.9999291896820068
0,0,0.00012661080108955503
1,1,0.9928088188171387
0,0,0.0003579072072170675
1,1,0.9997842907905579
0,0,0.0008364174282178283
1,1,0.9896524548530579
0,0,1.1909350178029854e-05
1,1,0.9953914880752563
0,0,2.8516960810520686e-05
0,0,0.0044088843278586864
1,1,0.9658957123756409
0,0,2.2496735255117528e-05
0,0,1.0676380952645559e-05
0,0,6.46970329398755e-06
0,0,0.003672875463962555
1,1,0.9994118213653564
1,1,0.997654378414154
0,1,0.947125256061554
0,0,0.000236404113820754
1,1,0.9606791138648987
1,1,0.9999711513519287
1,1,0.9678764939308167
1,1,0.945065438747406
1,1,0.9960132837295532
1,1,0.9883604049682617
0,0,0.00014490105968434364
0,0,0.0009126946097239852
1,1,0.8497712016105652
0,0,2.1764459233963862e-05
1,1,0.9927599430084229
1,1,0.9851561784744263
0,0,0.00017271231627091765
0,0,8.22794663690729e-06
0,0,0.0002182997268391773
1,1,0.9830071926116943
1,1,0.5894674062728882
1,1,0.9998477697372437
0,0,0.012025312520563602
1,1,0.8515032529830933
1,1,0.9990004897117615
1,1,0.9997629523277283
0,0,5.4584954341407865e-05
1,0,0.45152318477630615
0,0,8.845233969623223e-05
1,1,0.9998136162757874
0,0,0.03760724514722824
0,0,0.0015322471735998988
0,0,0.00135228899307549
0,0,0.00012424633314367384
1,1,0.9995301961898804
1,1,0.9953417778015137
1,1,0.9999898672103882
1,1,0.9999455213546753
0,0,0.00029347886447794735
0,0,0.014186697080731392
0,0,0.04364999756217003
0,0,0.11216537654399872
0,0,0.04074086621403694
0,0,7.100504444679245e-05
1,1,0.999325156211853
1,1,0.9987824559211731
0,0,6.438459240598604e-05
1,1,0.998134195804596
0,1,0.8202323913574219
0,0,0.0007829283131286502
1,1,0.9995724558830261
1,1,0.9959529638290405
1,1,0.9989579916000366
1,1,0.9969286322593689
1,1,0.99985671043396
1,1,0.9786968231201172
1,1,0.9962888956069946
0,0,0.001791868475265801
0,0,0.3964017629623413
1,1,0.9994827508926392
1,1,0.9985866546630859
0,0,2.3685466658207588e-05
0,0,3.708110671141185e-05
0,1,0.6418375372886658
0,0,0.008690938353538513
1,1,0.9993135929107666
0,1,0.9270754456520081
1,0,0.0035304285120218992
1,1,0.9995977282524109
1,1,0.9994357228279114
1,1,0.9998272061347961
1,1,0.9998241066932678
1,1,0.9346132278442383
1,1,0.9999310970306396
1,1,0.9713292121887207
0,0,0.0020369745325297117
0,0,0.003053118009120226
0,0,0.014726565219461918
0,0,0.024521376937627792
0,0,0.00013846544607076794
0,0,9.633629815652966e-05
0,0,0.02589159458875656
0,0,0.01749243773519993
0,0,0.0003462086897343397
0,0,4.3264339183224365e-05
1,1,0.9999356269836426
0,0,9.005480933410581e-06
1,1,0.992461621761322
0,0,0.24563080072402954
1,1,0.9851629137992859
0,0,0.0005280810873955488
1,1,0.9994239807128906
0,0,0.0002508708566892892
1,1,0.9999649524688721
0,0,0.0006688932771794498
1,1,0.9969127178192139
1,1,0.999586284160614
1,1,0.7016011476516724
1,1,0.9888788461685181
1,1,0.8749129772186279
0,0,0.0006914159748703241
0,0,6.791276973672211e-05
0,0,0.00014964792353566736
1,1,0.998464822769165
1,1,0.9999804496765137
1,1,0.9270482063293457
1,1,0.997670590877533
0,0,0.0034524649381637573
1,1,0.996758759021759
1,1,0.9989381432533264
1,1,0.9995757937431335
0,0,0.00025736220413818955
1,1,0.9997319579124451
0,1,0.9049519896507263
1,1,0.9869362711906433
1,1,0.9722735285758972
0,0,4.6688866859767586e-05
0,0,0.002899529878050089
1,1,0.7229273915290833
0,1,0.9496437907218933
1,1,0.9993591904640198
0,0,0.0005571685614995658
1,1,0.9998992681503296
1,1,0.9821658730506897
1,1,0.8691745400428772
0,0,0.0034113586880266666
0,0,0.003896167501807213
0,1,0.8384329676628113
1,1,0.9774590134620667
0,0,0.00022514032025355846
0,0,0.00044709586654789746
1,1,0.9996017813682556
1,1,0.9974184036254883
0,0,0.05363581329584122
1,1,0.9986579418182373
0,1,0.756755530834198
0,0,0.000708170176949352
0,0,6.480373940576101e-06
1,1,0.9998199343681335
1,1,0.9994879961013794
1,1,0.9766355752944946
1,1,0.9998651742935181
0,0,0.046598948538303375
1,0,0.057783275842666626
0,0,0.0008978670812211931
0,0,0.0007435444858856499
1,1,0.9862913489341736
1,1,0.9348502159118652
1,1,0.9782869219779968
0,0,0.013201156631112099
0,0,0.08219382166862488
0,0,0.0002568954660091549
0,0,0.04325167462229729
1,1,0.9908177852630615
1,1,0.9941591024398804
1,1,0.999828577041626
0,0,0.0002595461846794933
1,1,0.9824068546295166
1,1,0.9998639822006226
1,1,0.9995861649513245
0,0,0.05468663200736046
0,0,5.087418230687035e-06
1,1,0.9951983094215393
1,1,0.999853253364563
0,0,1.0870548976527061e-05
0,0,0.03723279759287834
0,0,9.804610454011708e-05
0,0,8.703181811142713e-05
0,0,0.001380467088893056
1,1,0.9984511137008667
0,0,0.0038169934414327145
1,1,0.9985970854759216
1,1,0.9999014139175415
1,1,0.9876629710197449
1,1,0.9990791082382202
1,0,0.02460230514407158
0,0,0.00012165354564785957
1,1,0.9976125955581665
0,0,5.9421225159894675e-05
0,1,0.9972597360610962
1,1,0.9858173727989197
1,1,0.9996538162231445
1,1,0.9993426203727722
1,1,0.9898026585578918
0,0,0.14903628826141357
0,0,0.0006807375466451049
0,0,1.046638863044791e-05
0,0,8.287997479783371e-05
1,1,0.9985344409942627
1,1,0.9998891353607178
0,0,0.0008144787861965597
0,0,0.0039512598887085915
1,1,0.9976988434791565
0,0,0.011034532450139523
0,0,0.0018626267556101084
0,0,0.0007642307900823653
0,0,1.5363173133664532e-06
1,0,0.06257757544517517
1,1,0.9623703360557556
0,0,8.167370106093585e-05
0,0,0.004750526510179043
0,0,2.183635297114961e-05
1,1,0.6879094243049622
1,1,0.9990604519844055
1,1,0.9999716281890869
1,1,0.9998899698257446
0,0,2.19086286961101e-05
1,1,0.9998002648353577
1,1,0.9983053207397461
1,1,0.9998667240142822
1,1,0.9980146884918213
1,1,0.9441236853599548
0,0,9.13325566216372e-05
1,1,0.9958462119102478
1,1,0.9923539161682129
1,1,0.8106818199157715
0,0,0.00011699405877152458
0,0,0.010613113641738892
0,0,0.0009177763131447136
1,1,0.9990518689155579
1,1,0.9999459981918335
1,1,0.9963670969009399
1,1,0.998455286026001
1,1,0.999957799911499
1,1,0.9996055960655212
1,0,0.39523372054100037
1,1,0.9545816779136658
1,1,0.9998621940612793
0,0,0.0013775501865893602
1,1,0.9996228218078613
1,1,0.9998428821563721
0,0,0.28095507621765137
0,0,0.0003258074284531176
0,0,0.0015021002618595958
1,0,0.4914868474006653
1,1,0.9999603033065796
0,0,0.00028702642885036767
1,1,0.9999195337295532
1,1,0.9996511936187744
1,1,0.9899907112121582
0,0,8.568066550651565e-05
1,0,0.20121680200099945
1,1,0.9955363273620605
1,1,0.9997414946556091
0,0,0.0023663986939936876
1,1,0.9950621724128723
1,1,0.9989745616912842
0,0,1.2631256140593905e-05
0,0,0.005131252575665712
1,1,0.9368603229522705
1,1,0.9801635146141052
0,0,7.699060915911105e-06
0,0,0.002472003223374486
0,0,0.00038144696736708283
1,1,0.9994770884513855
1,1,0.9626709818840027
0,0,5.104249430587515e-05
1,1,0.9994730353355408
0,0,0.0006081336177885532
0,1,0.7894124984741211
1,1,0.9948588609695435
1,1,0.9902266263961792
1,0,0.007682477124035358
0,0,0.007611043285578489
0,0,0.24874170124530792
1,1,0.8192430138587952
0,0,0.0013080063508823514
0,0,6.264809053391218e-05
1,1,0.9998277425765991
1,1,0.9872447848320007
1,1,0.9999479055404663
1,1,0.992620587348938
1,1,0.9143286943435669
0,0,0.001321338233537972
0,0,0.005372988525778055
0,0,0.00013316785043571144
1,1,0.9999421834945679
0,0,0.015083965845406055
0,0,0.002920492086559534
0,0,4.8977766709867865e-05
1,1,0.9990781545639038
1,1,0.9977637529373169
0,0,0.00152451335452497
0,0,0.000760431052185595
1,1,0.9783573150634766
0,0,0.0005766375688835979
0,0,0.030533021315932274
1,1,0.7078524827957153
1,1,0.926039457321167
1,1,0.9440885186195374
1,1,0.9998230338096619
0,0,0.018863458186388016
1,0,0.10352802276611328
1,1,0.9970661997795105
0,0,0.01787254400551319
0,0,0.11670377850532532
0,0,0.001706650829873979
0,0,9.661403601057827e-05
0,0,0.014699911698698997
1,0,0.08948134630918503
1,1,0.9980430603027344
1,1,0.9894675612449646
0,0,1.0219220712315291e-05
0,0,0.0002744096564128995
0,0,2.3556412998004816e-05
0,0,0.0004901913343928754
1,0,0.012846441939473152
1,1,0.9943864345550537
0,0,0.0003249500005040318
1,1,0.999462902545929
0,0,0.057204823940992355
1,1,0.9769531488418579
0,0,0.041108209639787674
1,1,0.9995875954627991
0,0,0.389541357755661
0,0,0.00025857676519080997
1,1,0.9995647072792053
0,0,0.12749014794826508
1,1,0.9367345571517944
0,0,0.0009492270182818174
0,0,0.00022193654149305075
1,1,0.999723494052887
1,0,0.4660342037677765
1,1,0.9999185800552368
1,1,0.9997825026512146
1,1,0.9866970181465149
1,0,0.2871454358100891
0,0,0.0017753535648807883
0,0,2.7225620215176605e-05
1,1,0.9989614486694336
1,1,0.9978493452072144
1,1,0.9885635375976562
0,0,0.0005295867449603975
0,0,0.0027450297493487597
0,0,0.007399469614028931
0,0,0.0005494071519933641
1,1,0.9992064833641052
0,0,2.4957849745987915e-05
1,1,0.9823945164680481
1,1,0.9996849298477173
1,1,0.5485132336616516
1,1,0.9987514019012451
1,1,0.998561680316925
1,1,0.9809041619300842
1,1,0.9997753500938416
0,0,0.00015362097474280745
1,1,0.9998993873596191
0,0,0.00021253363229334354
0,0,0.0007212063064798713
1,1,0.9930463433265686
0,0,0.010230952873826027
0,0,0.0050775837153196335
0,0,0.00040861591696739197
1,1,0.9895239472389221
1,1,0.999908447265625
0,0,0.005314261186867952
0,0,0.0002579537685960531
0,0,0.4790251553058624
1,1,0.9924030303955078
1,1,0.9997996687889099
0,0,1.0985384506057017e-05
1,1,0.9999803304672241
0,0,0.006874490063637495
0,0,0.00021966666099615395
1,1,0.9999227523803711
1,0,0.2056480199098587
0,0,7.999114313861355e-05
1,1,0.9994100332260132
1,1,0.9905821084976196
1,1,0.5277108550071716
1,1,0.9938766360282898
1,1,0.999879002571106
1,1,0.9989660978317261
1,1,0.9976524710655212
0,0,0.0032330271787941456
0,1,0.9681162238121033
0,0,0.0012032234808430076
1,1,0.9997199177742004
0,0,3.446677510510199e-05
0,0,0.00013485972885973752
0,0,0.023503297939896584
1,1,0.9991287589073181
1,1,0.8984459042549133
0,0,0.0042952545918524265
0,0,0.003810062538832426
1,0,0.22454561293125153
0,0,7.56012013880536e-06
0,0,1.8077436834573746e-05
1,1,0.9771620631217957
0,0,4.355647979537025e-05
0,1,0.9691669344902039
0,0,0.00014063196431379765
0,0,8.56739716255106e-05
0,0,0.003521888516843319
0,0,3.49665860994719e-05
0,0,1.4394509889825713e-05
0,0,0.0040540145710110664
0,1,0.7554267644882202
1,1,0.9997344613075256
1,1,0.7170231938362122
0,0,0.0012760303216055036
0,0,0.0003646216937340796
0,0,0.00021234931773506105
0,0,0.001107839634642005
0,0,1.0913664709732984e-06
0,0,0.0010404373751953244
0,0,0.00017703286721371114
1,1,0.9731125831604004
0,0,0.3973914682865143
0,0,0.0029609573539346457
0,0,0.0603482685983181
1,1,0.999625563621521
0,0,0.001082902424968779
1,1,0.9995889067649841
0,0,0.0002925921289715916
1,1,0.9994176626205444
0,0,0.028814882040023804
1,1,0.9949206709861755
1,1,0.9932904243469238
1,1,0.9997875094413757
1,1,0.9994485974311829
1,1,0.9999485015869141
1,1,0.9981412887573242
0,0,0.0003759391256608069
1,1,0.9527218341827393
1,1,0.9968909621238708
0,0,0.0020173448137938976
1,1,0.998986542224884
1,1,0.8112141489982605
1,1,0.9999634027481079
1,1,0.9975941777229309
0,0,0.00012328755110502243
0,0,0.0030434783548116684
1,1,0.9996127486228943
1,1,0.994327962398529
0,0,0.0001554109330754727
1,1,0.9940075874328613
0,0,0.0019036108860746026
1,1,0.9303719997406006
0,0,0.003895621979609132
1,0,0.3729565739631653
0,0,0.0008568419143557549
1,1,0.9998540878295898
0,0,0.21686004102230072
0,0,0.2779080867767334
1,1,0.9997289776802063
1,1,0.9999676942825317
1,1,0.9998158812522888
1,1,0.9999686479568481
1,1,0.999593198299408
1,1,0.9992972612380981
0,0,3.8830108678666875e-05
0,0,0.00019364641048014164
0,0,0.06710247695446014
0,0,0.0016522015212103724
0,0,0.0009119353489950299
0,0,0.005067750811576843
0,0,0.0007651206105947495
1,1,0.9999475479125977
0,0,3.608655242715031e-05
0,0,0.025052981451153755
0,0,0.28667664527893066
1,1,0.999194324016571
0,0,9.844801388680935e-05
1,1,0.9802907705307007
1,1,0.9985357522964478
1,1,0.9935222268104553
1,1,0.9998642206192017
1,1,0.9957219362258911
1,0,0.4842158257961273
0,0,0.00037567238905467093
0,0,0.005262549500912428
0,0,0.0004921636427752674
1,1,0.9998394250869751
0,0,0.00032917872886173427
0,0,8.353747944056522e-06
1,1,0.992691695690155
1,1,0.9999327659606934
1,1,0.9999688863754272
1,1,0.9975359439849854
0,0,0.0007285057217814028
0,0,0.0030306430999189615
1,1,0.9993175268173218
1,1,0.9966835379600525
0,0,8.926740702008829e-05
0,0,4.2926232708850875e-05
0,0,0.004948868416249752
0,0,0.0087180370464921
1,1,0.9904829263687134
1,1,0.9998177886009216
1,1,0.9106869697570801
1,1,0.9998977184295654
1,1,0.9973239898681641
0,0,0.0023787280078977346
1,1,0.9999576807022095
1,1,0.9889172315597534
1,1,0.9995425939559937
0,0,0.005826303735375404
1,1,0.9858494997024536
0,0,0.0004559858934953809
1,1,0.9991562366485596
0,0,0.00043632875895127654
0,0,0.003509248374029994
0,0,0.053874798119068146
0,0,0.002275640144944191
1,1,0.99936443567276
0,0,0.053366824984550476
1,1,0.9891166090965271
0,0,0.005606340244412422
0,0,0.0077597941271960735
1,1,0.9999270439147949
1,1,0.9999569654464722
1,1,0.9907197952270508
0,0,2.32448655879125e-05
1,1,0.9998748302459717
1,1,0.9998372793197632
1,1,0.9997928738594055
0,0,0.009625931270420551
1,1,0.9991378784179688
0,0,0.0053365821950137615
1,1,0.9966140389442444
1,1,0.9999805688858032
1,0,0.20512259006500244
1,1,0.9999560117721558
1,1,0.9962092638015747
0,0,0.00024708276032470167
0,0,0.14226193726062775
1,1,0.9999829530715942
1,1,0.9982377290725708
1,1,0.998994767665863
0,0,0.00047190170153044164
0,0,0.17256112396717072
0,0,0.0004092228482477367
1,1,0.9979200959205627
1,1,0.9973576664924622
0,0,0.003919638693332672
1,1,0.9945555925369263
1,1,0.9760668277740479
1,1,0.9999057054519653
0,0,0.0015329296002164483
1,1,0.9917935729026794
0,1,0.9919399619102478
0,0,5.0204002945974935e-06
1,1,0.993800938129425
1,1,0.9997805953025818
0,0,3.0321776648634113e-05
1,1,0.998803973197937
1,1,0.9986796975135803
1,1,0.9984022974967957
1,1,0.9775853157043457
0,0,0.03764460235834122
1,1,0.9959205389022827
1,1,0.9974531531333923
0,0,0.42725297808647156
0,0,0.00018964562332257628
0,0,0.00032671226654201746
1,1,0.999864935874939
1,1,0.9991834759712219
1,1,0.9998005032539368
1,1,0.9278375506401062
1,1,0.999536395072937
0,0,0.0031237287912517786
0,0,0.044951193034648895
0,0,0.000832792604342103
0,0,2.8389708859322127e-06
1,1,0.9997760653495789
0,0,6.487468635896221e-05
1,1,0.9968300461769104
0,0,0.0047262306325137615
1,1,0.9990449547767639
1,1,0.914193868637085
1,1,0.9999856948852539
1,1,0.9999936819076538
1,1,0.9981834292411804
1,1,0.9996333122253418
1,1,0.9999239444732666
0,0,0.0001052062216331251
0,0,0.0004430503468029201
0,0,0.0003612585715018213
0,0,4.156351133133285e-05
0,0,0.012339784763753414
1,1,0.9989385008811951
1,1,0.9995309114456177
1,1,0.9747812747955322
0,0,0.006009038537740707
1,1,0.998200535774231
0,0,0.00014800476492382586
1,1,0.8857529163360596
1,1,0.9997784495353699
0,0,0.01594993658363819
0,0,0.0006799137918278575
0,0,7.847694359952584e-05
1,1,0.999854326248169
1,1,0.9996635913848877
0,0,0.00014547434693668038
1,1,0.9975044131278992
0,0,0.02408667840063572
0,0,0.0004470877756830305
0,0,0.0006952483672648668
1,1,0.9998263716697693
0,0,0.004924895707517862
0,0,0.00028473150450736284
1,1,0.9998226761817932
0,0,0.00017790061247069389
0,0,0.00023992604110389948
1,1,0.6544384956359863
1,1,0.9994059801101685
0,0,0.000692587869707495
0,0,4.485975296120159e-05
0,0,0.0003137175226584077
0,0,0.0001331452513113618
1,1,0.9991023540496826
0,0,0.002007957547903061
0,0,6.018432941345964e-06
1,1,0.9972947239875793
1,1,0.9993840456008911
1,1,0.9999812841415405
1,1,0.9998329877853394
0,0,0.0004815661523025483
0,0,0.006060534156858921
0,0,0.00020543621212709695
0,0,0.0487760528922081
1,1,0.9983263611793518
0,0,0.000399638811359182
0,0,7.047233521007001e-05
0,0,0.0005015546921640635
0,0,2.1481546355062164e-05
1,1,0.9977651834487915
1,1,0.9958283305168152
1,1,0.9950992465019226
0,0,0.3941451907157898
1,1,0.9983779191970825
1,1,0.9970625042915344
1,1,0.9945101737976074
1,1,0.9966489672660828
0,0,1.2789425454684533e-05
0,0,0.03865266963839531
0,0,0.007544198539108038
0,0,0.001496715354733169
0,0,0.005280401557683945
1,1,0.9998936653137207
1,1,0.9992398023605347
0,0,0.0013780135195702314
1,1,0.9908512234687805
0,0,1.2823487850255333e-05
0,0,0.0007619453244842589
1,1,0.9715660214424133
1,1,0.9867716431617737
1,1,0.989409327507019
0,0,0.040782298892736435
0,0,0.00013876693265046924
1,0,0.373635470867157
0,0,0.0004036721948068589
0,0,0.0009400352137163281
1,1,0.9880267381668091
1,1,0.9964216947555542
1,1,0.9992617964744568
1,1,0.9999520778656006
1,1,0.9967555403709412
1,1,0.9998586177825928
1,1,0.9996696710586548
1,1,0.9990309476852417
1,1,0.9986472725868225
0,0,0.0001915530883707106
1,1,0.9857016801834106
1,1,0.9998100399971008
1,1,0.9996789693832397
0,0,1.9244960640207864e-05
1,1,0.9772721529006958
0,0,5.7454071793472394e-05
0,0,0.0024420435074716806
0,0,3.888454375555739e-05
1,1,0.9993860721588135
0,0,0.0007092150044627488
0,0,1.3515338650904596e-05
0,0,0.014185923151671886
0,0,8.912400517147034e-05
1,1,0.9993929862976074
1,1,0.9992983341217041
1,0,0.2159736454486847
1,1,0.9442108273506165
0,0,0.02711651846766472
1,1,0.9983269572257996
1,1,0.9992085099220276
0,0,0.05963744595646858
1,1,0.9984608888626099
0,0,0.002893592929467559
1,1,0.9999649524688721
0,0,3.751475742319599e-05
0,0,0.06148047000169754
1,1,0.9988215565681458
1,1,0.9998754262924194
1,1,0.9951879978179932
0,0,0.00017945334548130631
1,1,0.5995181798934937
1,1,0.9997077584266663
0,0,0.0002866536960937083
1,1,0.9959096908569336
0,0,8.079679537331685e-05
0,0,0.00022288785839919
0,0,1.058434099832084e-05
0,0,0.000164735087309964
1,1,0.995566189289093
1,1,0.9998021721839905
1,1,0.9978300929069519
1,1,0.9923743605613708
1,0,0.23985853791236877
1,1,0.9986518025398254
1,1,0.9909191131591797
1,1,0.9502009749412537
0,0,0.0028411950916051865
0,0,0.00022402343165595084
1,1,0.9959122538566589
1,1,0.9996048808097839
1,0,0.0585450679063797
0,0,0.000921383558306843
0,0,0.0006558072636835277
0,0,0.006791099905967712
1,1,0.9875614643096924
1,1,0.9999109506607056
1,0,0.13213416934013367
0,0,3.5637012842926197e-06
1,1,0.9970055222511292
1,1,0.999528169631958
1,1,0.9850740432739258
0,0,3.0015946776984492e-06
0,0,0.002700777957215905
1,1,0.9998490810394287
0,0,0.0007783210021443665
1,1,0.9999758005142212
1,1,0.9971812963485718
0,0,0.003896615467965603
0,0,0.0026728687807917595
0,0,0.0006351358606480062
0,0,0.0001822638587327674
0,0,0.004993830341845751
1,1,0.9996380805969238
0,0,0.00010950920841423795
0,0,0.0004971781745553017
1,1,0.9998021721839905
1,1,0.9978100657463074
1,1,0.9994634985923767
0,1,0.6072506904602051
1,1,0.9973893761634827
1,1,0.9997027516365051
0,0,9.343308920506388e-05
1,1,0.9986805319786072
0,0,0.0005508068716153502
1,1,0.9944939017295837
1,1,0.8258991241455078
1,1,0.9995800852775574
0,0,0.0001233225775649771
1,1,0.9715381264686584
1,1,0.9428703188896179
0,0,2.1526377167901956e-05
1,1,0.9999587535858154
1,1,0.8980576395988464
1,1,0.9993733763694763
1,0,0.4992534816265106
1,0,0.00988240260630846
0,0,0.004266939591616392
1,1,0.9997817873954773
1,1,0.9988067150115967
0,0,0.0057826112024486065
1,1,0.9325605630874634
0,0,0.001890122308395803
1,1,0.9994173049926758
0,0,0.07959210872650146
0,0,0.03529827669262886
1,1,0.9971917271614075
0,0,0.000726262922398746
1,1,0.9993144273757935
1,1,0.6992468237876892
0,0,0.0006328174495138228
1,1,0.9738240242004395
0,0,0.0016336333937942982
0,0,0.0010984966065734625
0,0,4.4371485273586586e-05
0,0,0.019402112811803818
1,1,0.9835991859436035
1,1,0.997442364692688
0,0,0.00024964919430203736
1,1,0.9991227984428406
0,0,0.05730133876204491
0,0,6.974590633035405e-06
1,1,0.9998370409011841
0,0,0.020332803949713707
0,0,0.12598170340061188
0,0,9.204232628690079e-05
0,0,2.0011082597193308e-05
1,1,0.9884421229362488
0,0,0.0008158839773386717
1,1,0.9951386451721191
1,1,0.9996968507766724
1,1,0.9998328685760498
1,1,0.9998220801353455
0,0,0.05834805220365524
1,1,0.9979497790336609
1,1,0.9999260902404785
1,1,0.9972972273826599
1,1,0.9932692646980286
0,0,0.002654904732480645
0,0,0.0010074543533846736
0,0,1.3221813787822612e-05
0,0,0.0034951730631291866
1,1,0.9991074204444885
0,0,0.001685733557678759
0,0,0.0007420607726089656
0,0,0.009471547789871693
1,1,0.9946282505989075
1,1,0.9999450445175171
1,1,0.999976634979248
1,1,0.9998680353164673
1,1,0.9994136095046997
1,0,0.29939398169517517
1,1,0.9972561001777649
1,1,0.9979096055030823
1,1,0.999381422996521
1,1,0.9995848536491394
0,0,5.9549369325395674e-05
0,0,7.823836494935676e-05
1,1,0.9979931116104126
1,1,0.9985243678092957
0,0,6.103626219555736e-05
0,0,2.397713797108736e-05
1,1,0.9999948740005493
1,0,0.4352928102016449
0,0,0.0004171922628302127
0,0,0.03382498770952225
1,1,0.9984911680221558
1,1,0.9999727010726929
1,1,0.7391667366027832
1,1,0.9996128678321838
1,1,0.9983497858047485
1,1,0.9995957016944885
0,0,0.07384197413921356
0,0,0.00014225296035874635
1,1,0.9377958178520203
0,0,0.001731799216940999
1,1,0.9999101161956787
1,1,0.9990973472595215
1,1,0.9993435740470886
1,1,0.5096509456634521
0,0,3.119096436421387e-05
0,0,0.00028341173310764134
1,1,0.9995380640029907
0,0,0.00018953751714434475
0,1,0.5342589020729065
1,1,0.9843841791152954
1,1,0.9982460737228394
0,0,0.0005035634967498481
0,0,0.0003190861316397786
1,1,0.9995749592781067
0,0,0.00035432621371001005
1,1,0.9998156428337097
0,0,0.00029705901397392154
0,0,0.08809801936149597
1,1,0.9962266683578491
0,0,0.00024048920022323728
0,0,0.00010278043919242918
0,1,0.9252711534500122
0,1,0.9561761617660522
0,0,0.006703510414808989
0,0,0.0013525048270821571
1,1,0.999569833278656
1,1,0.9999361038208008
0,0,0.2894280254840851
0,0,4.012050703749992e-05
1,1,0.9997926354408264
1,1,0.9498326182365417
0,0,4.759648618346546e-06
1,1,0.5695755481719971
1,1,0.9995204210281372
0,0,0.0015265310648828745
0,0,6.59343140796409e-06
0,0,2.042954520220519e-06
0,0,0.0006619696505367756
0,0,0.003664175048470497
0,0,0.2726082503795624
0,0,0.06480758637189865
0,0,0.00015640385390724987
1,1,0.9993758797645569
0,0,0.00024691649014130235
1,1,0.9722413420677185
0,0,8.959574188338593e-05
0,0,0.00013411261897999793
1,1,0.9617100358009338
1,1,0.9999939203262329
1,1,0.9997716546058655
0,0,0.000193579398910515
1,1,0.9986149072647095
1,1,0.9994813799858093
0,0,0.001151949749328196
1,0,0.3926585614681244
1,1,0.9999253749847412
1,1,0.9992820620536804
1,1,0.9999909400939941
1,1,0.9961519837379456
1,1,0.9989036321640015
1,1,0.9999076128005981
0,1,0.6237380504608154
0,0,0.0032313293777406216
1,1,0.9998148083686829
1,1,0.9727352261543274
1,1,0.999698281288147
0,0,5.91872631048318e-05
0,0,0.0013005523942410946
1,1,0.9994896650314331
1,1,0.9991413354873657
0,0,0.0001369859091937542
0,0,0.00017117087554652244
1,1,0.9998237490653992
1,1,0.9976907968521118
0,0,0.0005325992242433131
0,0,0.0013253063661977649
1,1,0.9990646243095398
1,1,0.9912762641906738
1,1,0.9432957172393799
0,0,0.00014054281928110868
1,1,0.8661888241767883
1,1,0.9882275462150574
1,1,0.9997894167900085
0,0,0.0005036105867475271
0,0,0.00020241855236236006
1,1,0.9999760389328003
0,0,0.0007470982964150608
0,0,0.00017454582848586142
0,0,0.0007464285590685904
0,0,0.0011579979909583926
0,0,0.2995058596134186
0,0,0.00010588404984446242
0,1,0.7548635005950928
0,0,0.1353728324174881
0,0,0.003817571559920907
0,1,0.8495730757713318
0,0,0.07623960077762604
0,0,4.143133628531359e-05
0,0,0.003434017300605774
1,1,0.9743688106536865
0,0,1.713998972263653e-05
0,0,0.00010968373680952936
1,1,0.9768205881118774
1,1,0.9983664155006409
1,1,0.9987394213676453
0,0,0.0019817876163870096
0,0,0.00015187291137408465
1,1,0.9997774958610535
1,1,0.9998831748962402
0,0,5.322490324033424e-05
1,1,0.9965439438819885
1,1,0.9349693655967712
1,1,0.9950227737426758
0,0,0.0011738194152712822
1,1,0.99996018409729
1,1,0.9996291399002075
1,1,0.9978224039077759
1,1,0.9970478415489197
0,0,1.6365884221158922e-05
0,1,0.9660187363624573
0,0,4.79993577755522e-05
0,0,0.013248973526060581
0,0,9.74573558778502e-05
1,1,0.9986577033996582
0,0,1.0229050531052053e-06
0,0,1.884913581307046e-05
1,1,0.9858388304710388
1,1,0.5813568830490112
0,0,0.0026220143772661686
0,0,0.0004648116882890463
0,0,0.0016680840635672212
1,1,0.9973723888397217
0,0,1.918527777888812e-05
0,0,0.0017076056683436036
1,1,0.9862236380577087
0,0,0.0007950072758831084
0,0,0.004378048703074455
0,0,0.0004917157930321991
1,1,0.9980512857437134
1,1,0.9993521571159363
1,1,0.963411271572113
1,1,0.999993085861206
1,1,0.99998939037323
1,1,0.9999175071716309
1,1,0.9599093794822693
1,1,0.99529629945755
1,1,0.9998519420623779
1,1,0.9987213015556335
1,1,0.9996985197067261
1,1,0.9999103546142578
1,1,0.9996813535690308
1,1,0.9786251187324524
1,1,0.9958102703094482
0,0,0.005817523691803217
1,1,0.8674524426460266
1,1,0.9780439734458923
1,1,0.9996553659439087
1,1,0.9999479055404663
0,0,0.00011404177348595113
1,1,0.9999842643737793
0,0,0.012912338599562645
0,0,8.367482223547995e-05
0,0,0.048723749816417694
0,0,1.5917510609142482e-05
0,0,0.21992366015911102
1,1,0.9998750686645508
0,0,0.0008017864311113954
0,0,0.3073066771030426
0,0,2.1640405975631438e-05
0,0,0.02272297814488411
1,1,0.9992400407791138
1,1,0.9961438179016113
1,1,0.9991270899772644
1,0,0.39324474334716797
1,1,0.9981244206428528
0,0,0.02820291928946972
0,1,0.998085618019104
1,1,0.9865309596061707
1,1,0.9999128580093384
0,0,0.41303542256355286
1,1,0.9994075298309326
1,1,0.9831389784812927
1,1,0.9993682503700256
0,0,0.0036619962193071842
1,1,0.999984860420227
0,0,6.448327621910721e-05
1,1,0.9996546506881714
0,0,0.005189348477870226
0,0,0.001501462422311306
0,0,0.021457837894558907
1,1,0.9464678764343262
0,0,0.001738188206218183
0,0,0.0007658197428099811
0,0,0.00015311090101022273
1,1,0.9999834299087524
0,0,1.0953499440802261e-05
1,1,0.8126392364501953
1,1,0.9968499541282654
1,1,0.9997920393943787
1,1,0.9974489808082581
0,0,0.0012905943440273404
0,0,0.004484389442950487
1,1,0.995669960975647
1,1,0.9999852180480957
0,0,0.0014551294734701514
0,0,0.00043926716898567975
1,1,0.9896643757820129
0,0,0.036180246621370316
0,0,0.00015997965238057077
0,0,0.0001567461877129972
1,1,0.9949104189872742
0,0,0.08277898281812668
0,0,0.001797797391191125
1,1,0.9900537729263306
1,1,0.9998931884765625
0,1,0.565696656703949
1,1,0.9983949065208435
1,1,0.9999769926071167
1,1,0.9999016523361206
1,1,0.9998537302017212
1,1,0.9644739031791687
0,0,0.002822084119543433
1,0,0.05730024352669716
0,0,0.061106666922569275
1,1,0.9998525381088257
1,1,0.9943707585334778
1,1,0.8327109217643738
0,0,4.966013875673525e-05
1,1,0.9995858073234558
0,0,5.510477421921678e-05
1,1,0.9976860284805298
0,1,0.6154894232749939
0,0,1.3753297025687061e-06
1,1,0.9571762084960938
0,0,0.001880980678834021
1,1,0.9625297784805298
0,0,0.0007002287893556058
0,0,0.02840557135641575
0,0,3.0677550967084244e-05
0,0,3.903754986822605e-05
0,1,0.5971022248268127
1,1,0.9789149165153503
1,1,0.9590771794319153
1,1,0.9999687671661377
1,1,0.9999552965164185
1,1,0.99958735704422
1,1,0.9999328851699829
1,1,0.9999536275863647
1,1,0.9893715381622314
0,0,0.02307710237801075
1,1,0.9847120046615601
0,0,0.01254605408757925
0,0,0.0017258953303098679
0,0,2.344572203583084e-05
0,0,0.005850917659699917
0,0,0.029517952352762222
0,0,9.156111627817154e-05
0,0,0.0002645794302225113
0,1,0.9729145169258118
0,0,0.003670806298032403
1,1,0.972359299659729
0,0,0.00019633478950709105
0,0,6.82715981383808e-05
1,1,0.9999138116836548
1,1,0.9901403784751892
0,0,0.1973632425069809
1,1,0.9061082601547241
0,0,8.882941619958729e-05
0,0,0.018332267180085182
1,1,0.9998914003372192
1,1,0.9992491602897644
0,0,0.1728355884552002
0,0,2.458763810864184e-05
0,0,0.011684708297252655
0,0,9.338371455669403e-06
0,0,2.7948506613029167e-05
0,0,0.0026231820229440928
0,0,0.000273782730801031
0,1,0.5238200426101685
1,1,0.9999778270721436
1,1,0.9996987581253052
1,1,0.9988712668418884
1,0,0.47004926204681396
1,1,0.9553856253623962
1,1,0.9951097369194031
0,0,0.0062004076316952705
0,0,0.014653791673481464
0,0,0.1075553223490715
0,0,0.0003666437405627221
0,0,0.0001193430507555604
1,1,0.9933276176452637
1,0,0.10375630110502243
0,0,0.0062117925845086575
1,1,0.9970017075538635
0,0,0.004253029357641935
0,0,0.0029065830167382956
1,1,0.9992332458496094
1,1,0.9956272840499878
1,1,0.996182382106781
1,1,0.9998458623886108
1,1,0.999869704246521
1,1,0.9999760389328003
1,1,0.9995449185371399
0,0,0.14274615049362183
1,1,0.9998514652252197
0,0,0.0001608124002814293
0,1,0.5098097920417786
0,0,0.003703440073877573
1,1,0.9998410940170288
1,1,0.99998939037323
0,0,0.00043482586625032127
0,0,0.0026584877632558346
0,0,0.007916169241070747
1,1,0.9575834274291992
0,0,0.019248778000473976
1,1,0.9948878884315491
0,0,0.0001231510250363499
0,0,0.003727772505953908
1,1,0.9990436434745789
1,0,0.21431806683540344
1,1,0.9831231236457825
1,1,0.9993846416473389
1,1,0.9980974793434143
0,0,3.3160136808874086e-05
1,1,0.9987897276878357
0,0,9.69449756667018e-05
1,0,0.3136816918849945
1,1,0.9823071360588074
0,0,0.0005343958036974072
1,1,0.993252694606781
1,1,0.999702513217926
1,1,0.9997944235801697
0,0,0.000543053902219981
1,1,0.9944674968719482
0,0,7.5121657573618e-05
1,1,0.9978024363517761
0,0,0.002118017990142107
1,1,0.999760091304779
1,1,0.9999948740005493
1,1,0.9969357252120972
1,0,0.03353237360715866
1,1,0.9999150037765503
1,0,0.20051448047161102
1,0,0.28485894203186035
0,0,0.17357854545116425
0,0,0.0029814550653100014
1,1,0.9749759435653687
0,0,0.0003699777589645237
0,0,0.0003986769006587565
1,1,0.9996497631072998
0,0,0.00010696311801439151
0,0,0.007982887327671051
1,1,0.9989302754402161
1,1,0.9997490048408508
0,0,0.10003643482923508
0,0,0.0010555232875049114
1,1,0.9955726861953735
1,1,0.9959105253219604
0,0,0.0015822012210264802
1,1,0.9934091567993164
0,0,0.0038134376518428326
1,1,0.9999676942825317
0,0,0.0005088634788990021
0,0,0.006144864484667778
1,1,0.9995989203453064
1,1,0.9992489218711853
1,1,0.9966775178909302
1,1,0.9870132803916931
1,1,0.9994631409645081
1,1,0.9998216032981873
0,0,0.0007060734205879271
1,1,0.9730737209320068
1,1,0.9999488592147827
1,1,0.9998726844787598
1,1,0.9989731311798096
0,0,2.0241363017703407e-05
0,0,0.018864590674638748
1,1,0.9990341663360596
0,0,0.0008182395249605179
1,1,0.9999363422393799
1,1,0.9997690320014954
1,1,0.7963227033615112
1,1,0.9971997737884521
1,1,0.9996882677078247
1,1,0.9990434050559998
1,1,0.9999704360961914
1,1,0.9996618032455444
1,1,0.9997935891151428
1,1,0.9844176769256592
1,1,0.9999209642410278
1,1,0.9988277554512024
0,0,1.8277029084856622e-05
1,1,0.9864647388458252
1,1,0.9996750354766846
0,0,0.05972162261605263
1,1,0.9993541836738586
1,1,0.9976708292961121
1,1,0.9913653135299683
1,1,0.9950020909309387
1,1,0.9787594676017761
1,1,0.999891996383667
1,1,0.9985530972480774
1,1,0.9999533891677856
0,0,0.2829384207725525
0,0,3.419761196710169e-05
0,0,5.331456122803502e-05
1,0,0.029478726908564568
1,1,0.9991776347160339
0,0,0.003999109845608473
0,0,0.04107637703418732
0,0,0.00020284920174162835
1,1,0.9993403553962708
1,1,0.9991998076438904
0,0,0.0002535880485083908
0,0,0.00011445653217379004
0,0,0.0011980285635218024
1,1,0.9988893866539001
1,0,0.06104468181729317
1,1,0.7722488045692444
1,1,0.9993144273757935
0,1,0.8939976692199707
1,1,0.9720284938812256
0,0,0.022120369598269463
1,1,0.9965884685516357
0,0,0.06314846128225327
1,1,0.9960238933563232
0,0,0.0024651072453707457
1,1,0.9729571342468262
1,1,0.9999561309814453
1,1,0.9993667006492615
1,1,0.9848426580429077
1,1,0.9998486042022705
1,1,0.9984644651412964
1,1,0.9981610178947449
0,0,0.0002557873376645148
1,1,0.9995848536491394
1,1,0.9999628067016602
0,1,0.8564518094062805
1,1,0.9996720552444458
1,1,0.7819886207580566
0,0,1.864642763393931e-05
1,1,0.998914361000061
0,0,0.009228682145476341
0,0,0.13182322680950165
0,0,0.03939058631658554
0,0,4.474642537388718e-06
0,0,0.000503169372677803
0,0,0.0001053311862051487
1,1,0.9998636245727539
1,1,0.9999867677688599
1,1,0.9997119307518005
0,0,0.15631510317325592
1,1,0.9999599456787109
1,1,0.9999030828475952
1,1,0.9995212554931641
0,0,0.42143651843070984
1,1,0.9996616840362549
1,1,0.9755831360816956
1,1,0.999388575553894
0,0,0.059841059148311615
1,1,0.9999203681945801
0,0,7.047448889352381e-05
1,1,0.9979890584945679
1,1,0.9732540249824524
0,0,0.0011456143110990524
1,1,0.9998798370361328
1,1,0.9503676295280457
0,0,0.13016043603420258
1,1,0.9999014139175415
1,1,0.9945003986358643
0,0,0.002657451434060931
0,0,0.00034691544715315104
0,0,0.00018025953613687307
1,0,0.004430840257555246
1,1,0.9997352957725525
1,1,0.9984599351882935
1,1,0.5848878026008606
1,0,0.3445696234703064
0,0,9.278556535718963e-05
1,1,0.9976321458816528
0,0,0.004490315448492765
0,0,0.00023334955039899796
0,0,0.0744168758392334
1,1,0.9997492432594299
1,1,0.8653526306152344
1,1,0.9992852807044983
1,1,0.999914288520813
1,1,0.9999581575393677
1,1,0.9717730283737183
1,1,0.9970064759254456
0,0,0.03430834412574768
0,0,0.0008410371956415474
1,1,0.9844322204589844
1,1,0.9998819828033447
0,0,0.13166093826293945
0,0,0.0008841041126288474
0,0,0.0034419470466673374
1,1,0.9997959733009338
1,1,0.9999459981918335
0,0,2.1621777705149725e-05
0,0,4.8960489948512986e-05
0,0,3.69333392882254e-05
0,0,3.385021409485489e-05
1,1,0.9818971157073975
1,1,0.9999808073043823
0,0,0.002228879602625966
0,0,0.10156247019767761
0,1,0.815875768661499
1,1,0.999879002571106
1,1,0.9961494207382202
0,0,7.27185033611022e-05
0,0,7.331724918913096e-05
0,0,0.005794837139546871
1,1,0.9943537712097168
0,0,5.624997356790118e-06
0,0,0.0010817054426297545
0,0,0.00199161097407341
1,1,0.9998698234558105
0,0,0.020276334136724472
0,0,0.00041066488483920693
1,1,0.9996026158332825
1,1,0.9999610185623169
1,1,0.9999581575393677
1,1,0.9613730907440186
1,1,0.9990332126617432
0,0,0.0008644830086268485
1,1,0.9996007084846497
0,0,4.07991828978993e-05
0,0,0.0002020622050622478
0,1,0.998457670211792
1,1,0.6860111951828003
0,0,0.0005104984738864005
0,0,0.002621348714455962
0,0,0.003133049700409174
0,0,0.03243430331349373
0,0,0.027285372838377953
0,0,1.2967060683877207e-05
0,0,0.0001649982441449538
0,0,7.523637032136321e-05
0,0,0.002958673285320401
1,1,0.9941819310188293
1,1,0.9999251365661621
1,1,0.9995755553245544
0,0,7.11185930413194e-06
1,1,0.9540449380874634
1,0,0.08167893439531326
0,0,0.0016137632774189115
0,0,1.5173434803728014e-05
0,0,0.16067655384540558
0,1,0.7774064540863037
0,0,0.003014232497662306
0,1,0.8396124839782715
0,0,0.015605035237967968
0,0,0.037170711904764175
1,1,0.9998973608016968
0,1,0.6879932284355164
1,1,0.5533716082572937
0,0,0.0013578984653577209
1,1,0.9998565912246704
1,1,0.9994382262229919
1,1,0.9534838795661926
0,0,0.007781214080750942
1,0,0.14485061168670654
0,0,9.559788304613903e-05
0,0,0.012707634828984737
0,0,0.007313044276088476
0,0,0.41846299171447754
1,1,0.9993205070495605
1,0,0.15504615008831024
1,1,0.9052748680114746
1,1,0.9997772574424744
1,1,0.9996322393417358
1,1,0.9999229907989502
1,1,0.998752236366272
1,1,0.9999241828918457
1,0,0.39051029086112976
0,0,0.02655816823244095
0,0,0.0644814595580101
0,0,0.0002766528050415218
0,0,0.005021281074732542
1,1,0.8494700789451599
0,0,0.001601208234205842
0,0,0.0003809861955232918
0,0,0.10453154891729355
1,1,0.999775230884552
0,0,1.7988699255511165e-05
1,1,0.9993748068809509
1,1,0.9736762046813965
0,0,0.0006049670628271997
1,1,0.8696457147598267
1,1,0.9834594130516052
1,1,0.9824079871177673
1,1,0.9849407076835632
0,0,0.0008415454067289829
1,1,0.7216141223907471
1,1,0.7630600333213806
0,0,3.623307202360593e-05
1,1,0.9999701976776123
1,1,0.8697425127029419
0,0,1.2002549738099333e-05
1,1,0.9989225268363953
0,0,0.001104063238017261
1,1,0.9987471103668213
1,1,0.983500599861145
1,1,0.9926509261131287
1,1,0.9998183846473694
1,1,0.942347526550293
0,0,0.0003377555694896728
0,0,0.054912883788347244
1,0,0.07296259701251984
1,1,0.9993865489959717
1,1,0.7666436433792114
0,1,0.6702620387077332
1,1,0.9998390674591064
1,1,0.9986710548400879
0,0,0.001370902988128364
1,1,0.9998500347137451
0,0,1.628161953703966e-05
1,1,0.9992684721946716
0,0,0.02593396045267582
1,1,0.9084694385528564
1,1,0.9840473532676697
0,0,0.00025645276764407754
1,1,0.9357039332389832
0,0,0.006999356206506491
0,0,0.00020635024702642113
0,0,0.00012225465616211295
0,0,0.0007972945459187031
0,1,0.8904443979263306
0,0,0.00022487129899673164
0,0,5.215211058384739e-05
1,1,0.9895357489585876
1,1,0.9783980846405029
1,1,0.999723494052887
0,0,1.1407790225348435e-05
1,0,0.33007121086120605
0,0,0.0011597985867410898
0,0,0.0001448720577172935
0,0,0.02900761179625988
1,1,0.955431342124939
1,1,0.997003972530365
1,1,0.9991017580032349
1,1,0.9998237490653992
0,0,6.972513801883906e-05
1,1,0.9998177886009216
1,0,0.038959018886089325
0,0,0.4197864234447479
1,1,0.9997711777687073
1,1,0.9999065399169922
0,0,2.408838554401882e-05
0,1,0.5322310328483582
1,1,0.9996846914291382
1,1,0.9997827410697937
0,0,0.11463149636983871
0,0,0.00017864684923551977
1,1,0.9723953604698181
1,1,0.8223986625671387
0,0,0.00210116826929152
0,0,0.008605941198766232
1,1,0.9974440336227417
1,1,0.998902440071106
0,0,0.00041560668614692986
1,1,0.9994256496429443
0,0,0.0012546972138807178
0,0,0.0010103147942572832
0,0,0.00033113997778855264
0,0,0.0010080611100420356
0,0,3.611405918491073e-05
0,0,0.00502915121614933
0,0,0.0012469117064028978
1,1,0.9989643096923828
1,1,0.946887195110321
1,1,0.9998260140419006
1,1,0.9940925240516663
0,0,0.00020114392100367695
1,1,0.9992156028747559
1,1,0.9999710321426392
0,0,0.0004441709315869957
1,1,0.9993417859077454
0,0,0.004517979454249144
0,0,0.01020801905542612
0,0,6.792770818719873e-06
0,0,0.0007421283517032862
0,0,1.4246282262320165e-05
0,0,0.27427494525909424
0,0,0.000612732139416039
1,1,0.9877980351448059
1,1,0.9997239708900452
1,0,0.035529933869838715
0,0,0.0030502353329211473
0,1,0.9102516770362854
1,1,0.9982218146324158
1,1,0.939795732498169
1,1,0.9997605681419373
1,0,0.02301924116909504
1,1,0.9991747736930847
0,0,0.01600748673081398
0,0,0.0006871726945973933
1,1,0.9962855577468872
0,0,5.4419309890363365e-05
0,0,0.0036227575037628412
0,1,0.9235222339630127
1,1,0.9999961853027344
1,1,0.9935064315795898
0,0,0.00039404447306878865
0,0,0.00031652170582674444
1,1,0.9997187256813049
0,0,0.00038433331064879894
1,1,0.9997183680534363
0,0,0.16072632372379303
1,1,0.9967572093009949
1,1,0.9962993264198303
1,1,0.9991810917854309
0,0,1.928284291352611e-05
0,0,0.00010212110646534711
0,0,7.212904893094674e-05
0,1,0.9908887147903442
1,1,0.9969792366027832
0,1,0.8628616333007812
0,0,0.00023041704844217747
0,0,0.0053426045924425125
0,0,0.06484203785657883
0,0,0.02440069429576397
0,0,6.299922097241506e-05
1,1,0.9997115731239319
0,0,7.494243618566543e-05
0,0,0.00046955799916759133
0,0,0.29062482714653015
0,0,0.13170619308948517
1,1,0.9923964142799377
1,1,0.999961256980896
0,1,0.9115390777587891
1,1,0.9474301338195801
0,0,0.0006369519978761673
0,0,2.2562667254533153e-06
0,0,0.04218040779232979
0,0,0.05015939474105835
1,1,0.9994229078292847
0,0,0.001658631139434874
0,0,0.0367962084710598
0,0,0.07348056137561798
1,1,0.9546263217926025
1,1,0.9997145533561707
1,0,0.005377281457185745
0,0,0.0004433169087860733
1,1,0.99983811378479
0,0,0.0007049983250908554
1,1,0.9987758994102478
1,1,0.5814565420150757
0,0,0.0021350006572902203
0,0,0.008175276219844818
0,0,0.02899188920855522
0,0,5.762142245657742e-05
0,0,0.275017648935318
0,0,0.014027046039700508
1,1,0.999843955039978
0,0,0.0016742541920393705
0,0,0.00021288612333592027
1,0,0.09093387424945831
1,1,0.9910987019538879
0,0,0.00047278235433623195
1,1,0.9999336004257202
0,0,0.0007402692572213709
0,0,1.1107596947113052e-05
0,0,0.1329113095998764
0,0,0.0002926579618360847
0,0,0.0002078307734336704
0,0,0.001243110396899283
0,0,9.306427273259033e-06
0,0,6.001376732456265e-06
0,0,0.00024574011331424117
1,1,0.9995788931846619
1,1,0.9999309778213501
1,1,0.9999195337295532
0,0,2.2625586098001804e-06
1,1,0.9995110034942627
0,0,0.0022465086076408625
0,0,0.045324891805648804
0,0,0.00028471628320403397
0,0,0.00011755948071368039
1,1,0.9989474415779114
0,0,0.008920425549149513
0,0,0.0002005686255870387
0,0,0.00019061878265347332
0,0,0.0001058131965692155
0,0,4.3938161979895085e-06
0,0,0.006259378977119923
0,0,0.0008277426240965724
0,0,4.106758933630772e-05
0,0,0.0018790605245158076
0,0,0.0005438054213300347
0,0,3.614920569816604e-05
0,0,0.0001487475383328274
1,1,0.9997139573097229
0,0,2.5893148631439544e-05
0,0,3.5091775316686835e-06
0,0,0.00022583690588362515
0,0,0.0005402128444984555
1,1,0.9999141693115234
0,0,0.0013256990350782871
1,1,0.8152628540992737
1,1,0.9993752837181091
1,1,0.9984643459320068
0,0,0.013897751457989216
1,0,0.42951375246047974
0,0,0.40489131212234497
0,0,0.0010519480565562844
1,1,0.8776804208755493
1,1,0.9461711049079895
0,0,0.011032424867153168
1,1,0.9659527540206909
0,0,6.818128895247355e-05
1,0,0.028209486976265907
1,1,0.9509502649307251
1,1,0.9660335183143616
1,1,0.9837719798088074
0,1,0.8183576464653015
1,1,0.9890600442886353
0,0,0.0006274409824982285
1,1,0.7066081762313843
1,1,0.9985392093658447
0,0,1.5943885955493897e-05
1,1,0.5833242535591125
0,0,0.006641905289143324
0,0,2.111735739163123e-05
0,0,0.00047798847663216293
0,0,0.003911755047738552
0,0,7.724136230535805e-05
0,0,0.01602320745587349
0,0,0.009700567461550236
0,0,5.833302566315979e-05
1,1,0.9999738931655884
0,0,0.0015772134065628052
0,0,2.9534721761592664e-05
0,0,0.0003274724876973778
0,0,0.09360568225383759
0,0,3.593068686313927e-05
0,0,0.022113094106316566
0,0,0.0009935725247487426
0,0,0.0005966395256109536
1,0,0.12154641002416611
1,0,0.07810141891241074
0,0,0.0009032677626237273
0,0,1.2836849236919079e-05
1,1,0.9999562501907349
0,0,0.01676567830145359
1,1,0.9997561573982239
1,1,0.945245623588562
0,0,7.863783139328007e-06
1,1,0.9999330043792725
1,1,0.9998062252998352
1,1,0.7285209894180298
1,1,0.9998190999031067
1,1,0.9945818781852722
0,0,0.04548006132245064
0,0,0.07056384533643723
1,1,0.9982277750968933
0,0,0.08655957132577896
1,1,0.9994862079620361
1,1,0.9996222257614136
0,0,0.0008802199154160917
0,0,8.916622391552664e-06
0,0,0.056202344596385956
0,0,8.060941036092117e-05
0,0,0.03314760699868202
0,0,0.010770820081233978
0,0,0.0010537032503634691
1,1,0.9950260519981384
0,0,0.00024176950682885945
1,1,0.9994667172431946
1,1,0.9994008541107178
0,0,0.0028933559078723192
0,0,1.0649301657394972e-05
1,1,0.999380350112915
0,0,0.00024575533461757004
0,0,0.014442422427237034
1,1,0.994481086730957
1,1,0.99994957447052
0,0,0.01820177026093006
0,0,0.004193445667624474
0,0,0.00025036546867340803
1,1,0.9985893368721008
1,1,0.860859215259552
1,0,0.42559316754341125
0,0,3.8612062780885026e-05
0,0,0.00016702423454262316
1,1,0.9998984336853027
0,0,0.014472343027591705
1,1,0.9988964796066284
0,0,0.003989852033555508
0,0,5.8750443713506684e-05
1,1,0.9994416832923889
0,0,0.0028707790188491344
0,0,5.257986776996404e-05
0,0,0.013901647180318832
0,1,0.6523887515068054
1,1,0.9938623905181885
0,1,0.9566076397895813
1,1,0.9828677177429199
0,0,0.00020409298304002732
1,1,0.9999681711196899
0,0,0.00015132925182115287
1,1,0.9995081424713135
0,0,0.0004052524163853377
1,1,0.9924551248550415
1,1,0.9957037568092346
0,0,0.00020348033285699785
1,1,0.999272882938385
0,0,0.00043442213791422546
1,1,0.9988773465156555
1,1,0.9987743496894836
1,1,0.9995148181915283
1,1,0.9995719790458679
0,0,0.0025594362523406744
0,0,2.3191281798062846e-05
1,1,0.9990631937980652
0,0,0.08564906567335129
1,1,0.9998382329940796
1,1,0.9989750385284424
0,0,0.0008055726066231728
0,0,0.00039624437340535223
1,1,0.9997592568397522
0,0,0.0016804137267172337
1,1,0.9995403289794922
0,0,0.009942326694726944
0,0,0.000993763329461217
1,1,0.9953492283821106
0,0,0.029406793415546417
1,0,0.1648912876844406
1,1,0.9996150732040405
1,1,0.921907901763916
1,1,0.9999593496322632
1,1,0.9999408721923828
0,1,0.7918713688850403
0,0,1.3451918675855268e-05
0,0,0.0009331906330771744
1,1,0.9942814111709595
0,0,0.003946742974221706
0,0,7.280960562638938e-05
0,1,0.975639283657074
0,0,0.00016530012362636626
0,0,0.003972856793552637
0,0,0.00016398770094383508
0,0,3.517507138894871e-06
1,1,0.9965466856956482
1,1,0.9995740056037903
1,1,0.9983437061309814
0,0,0.0004733464156743139
0,0,6.21910248810309e-06
1,1,0.9948654770851135
1,1,0.98990797996521
0,0,0.008727879263460636
1,1,0.9998064637184143
1,1,0.9627881050109863
0,0,0.0002992401132360101
1,1,0.9815948009490967
1,1,0.9975206255912781
0,0,0.021206950768828392
1,1,0.9998737573623657
0,0,1.1992276085948106e-05
0,0,0.03703919053077698
0,0,0.0007344731711782515
0,0,0.03776611015200615
0,0,0.0003643520758487284
0,0,0.0003350717597641051
1,1,0.9995099306106567
1,1,0.9998866319656372
1,1,0.9996346235275269
1,1,0.9542676210403442
0,0,0.0012016819091513753
0,0,0.011346506886184216
0,0,0.0018225549720227718
0,0,0.00024815864162519574
1,1,0.8164044618606567
1,1,0.9999710321426392
1,1,0.9979866743087769
1,1,0.9988452196121216
1,1,0.9999358654022217
0,0,0.07071354240179062
1,1,0.999875545501709
1,1,0.9995648264884949
0,1,0.828289806842804
1,1,0.9991869330406189
1,1,0.9999772310256958
1,0,0.059553202241659164
1,1,0.8501781821250916
1,1,0.9991700649261475
0,0,0.0016720605781301856
0,0,0.0002723466604948044
0,0,0.0003230389265809208
0,0,0.00027134132687933743
0,1,0.789623498916626
1,1,0.9555943012237549
1,1,0.997969925403595
0,0,0.0025610558222979307
1,1,0.999993085861206
0,0,0.010421346873044968
0,0,3.584936712286435e-05
0,0,0.0018487408524379134
0,0,9.509237861493602e-05
0,0,0.0014513907954096794
0,0,4.9606893298914656e-05
1,1,0.99062180519104
0,0,0.00010660591215128079
0,0,3.822645157924853e-05
0,1,0.9932851791381836
0,1,0.9540264010429382
0,0,0.07355806976556778
0,0,0.00015856589016038924
1,1,0.9998326301574707
0,0,0.00011152539809700102
0,0,0.00011622792953858152
0,0,0.0028659210074692965
0,0,0.014169726520776749
0,0,4.029535557492636e-05
1,1,0.9999188184738159
0,0,0.07951347529888153
1,1,0.9943814873695374
1,1,0.9998910427093506
1,1,0.9972687363624573
1,1,0.9987432360649109
0,0,0.0002633407129906118
0,0,0.0013131966115906835
0,0,0.022764457389712334
0,0,0.0022645958233624697
0,0,0.002182974014431238
0,0,0.00011847486166516319
1,1,0.9955574870109558
0,0,2.8408416255842894e-05
0,0,0.0066876281052827835
1,1,0.9800745248794556
1,1,0.9998010993003845
0,0,0.00028062055935151875
0,0,0.00024839723482728004
1,1,0.997649610042572
1,1,0.9988884329795837
1,1,0.9977195858955383
1,1,0.6126108765602112
0,0,0.0016261551063507795
0,0,2.4933920030889567e-06
1,1,0.9999649524688721
1,1,0.9999864101409912
1,1,0.6365414261817932
1,1,0.9992895126342773
1,0,0.44223877787590027
1,1,0.99885094165802
1,1,0.9975461363792419
1,1,0.9838849306106567
0,0,0.00012637874169740826
0,0,0.00011160944268340245
0,0,0.00016111860168166459
1,1,0.9991641044616699
0,0,2.7499187126522884e-05
0,0,0.0009130472899414599
0,1,0.9814736247062683
0,0,0.002009954769164324
0,0,0.012261869385838509
0,0,0.00884840078651905
1,1,0.9942277669906616
1,1,0.9867852330207825
1,1,0.9768067002296448
1,1,0.9988629817962646
1,1,0.9826510548591614
0,0,1.4226392522687092e-05
1,1,0.9996463060379028
1,1,0.9968293309211731
1,1,0.9594005346298218
0,0,0.08930793404579163
1,1,0.9931079149246216
0,0,0.0003568044339772314
1,1,0.9999595880508423
0,0,0.00016932451399043202
0,0,0.0011739077745005488
1,1,0.9999728202819824
1,1,0.9998691082000732
1,1,0.9998713731765747
1,1,0.9998805522918701
1,1,0.9997186064720154
1,1,0.9998903274536133
0,0,4.057924888911657e-05
1,1,0.9990330934524536
1,1,0.9999631643295288
0,0,6.553841376444325e-05
1,1,0.9999593496322632
1,1,0.9998321533203125
1,1,0.7132854461669922
0,0,3.644792968771071e-06
0,0,0.00017679805750958622
0,0,9.708929428597912e-05
0,0,0.0015417896211147308
0,0,3.8955437048571184e-05
0,0,0.00022675259970128536
0,0,0.00018432000069878995
1,0,0.33998629450798035
0,0,0.00012685515685006976
1,1,0.9868755340576172
1,1,0.9985985159873962
0,0,0.010961365886032581
1,1,0.9965541362762451
1,1,0.9946532249450684
1,1,0.9932437539100647
1,0,0.341287225484848
1,1,0.990019679069519
0,0,1.9090946352662286e-06
0,0,5.845369378221221e-05
0,0,0.0001545717823319137
0,0,9.131606020673644e-06
0,0,0.010210620239377022
0,0,0.005115757696330547
0,0,0.060972489416599274
0,0,0.02118193916976452
0,0,8.2731457951013e-05
1,1,0.9965417981147766
1,1,0.9998509883880615
0,0,0.005825988948345184
0,0,0.0005540961283259094
1,1,0.951947808265686
0,0,0.013469820842146873
1,1,0.9911344051361084
0,0,0.0016130820149555802
1,1,0.9996591806411743
0,0,0.0011809280840680003
1,1,0.9741038084030151
1,1,0.9998929500579834
1,1,0.9993820190429688
1,1,0.9979038238525391
1,1,0.999980092048645
1,1,0.9734974503517151
1,1,0.9983810186386108
0,0,0.0003281494427938014
0,0,1.3285593922773842e-06
1,1,0.974958598613739
0,0,0.0002423028345219791
0,0,0.0002661429753061384
0,0,9.490566299064085e-05
0,0,0.0001650956692174077
1,1,0.9999639987945557
0,0,0.00013922338257543743
0,0,9.442790542379953e-06
1,1,0.96903395652771
0,0,0.00035052347811870277
1,1,0.9969488978385925
0,0,0.0007397530134767294
1,1,0.858762264251709
1,1,0.9848828911781311
0,0,0.016822287812829018
1,1,0.9998633861541748
0,0,0.012341528199613094
1,1,0.9967589974403381
1,1,0.9973025321960449
0,0,0.00029338960302993655
0,0,0.1726919710636139
1,1,0.8886633515357971
1,1,0.9993696808815002
0,0,0.0003188872360624373
0,0,3.939920134143904e-05
0,0,2.4629105610074475e-05
0,0,8.432588947471231e-05
0,0,8.428777800872922e-05
0,0,5.63181602046825e-05
0,0,0.00010260780254611745
0,0,0.00013835603022016585
0,0,0.00015731650637462735
0,0,0.08178208768367767
0,0,0.0004622190026566386
0,0,0.0044753639958798885
1,1,0.9998130202293396
1,1,0.9997943043708801
1,1,0.9972088932991028
0,0,0.0019719996489584446
1,1,0.9932803511619568
1,1,0.9998784065246582
0,0,3.841564466711134e-05
0,0,0.0001270614448003471
1,1,0.9994445443153381
1,1,0.999977707862854
1,1,0.993105947971344
0,0,0.001657994813285768
0,0,6.851433863630518e-05
0,0,0.002289816737174988
1,1,0.995992124080658
0,0,0.010497082956135273
1,1,0.9999427795410156
0,0,0.00010332850069971755
1,1,0.9426335096359253
0,0,0.013200945220887661
1,1,0.9918563365936279
1,1,0.9907896518707275
1,1,0.996319055557251
1,1,0.9986593723297119
0,0,0.009457940235733986
0,1,0.5501392483711243
0,0,0.00034712618798948824
1,1,0.9998477697372437
0,0,0.0012531791580840945
1,1,0.9991210103034973
1,1,0.9903134107589722
0,0,0.0002485540753696114
0,0,0.0015314631164073944
0,0,0.00018610167899169028
0,0,0.0002961877326015383
0,0,0.02019180729985237
0,0,3.609605482779443e-05
0,0,0.007116784807294607
0,0,0.00010042170470114797
0,0,0.0001867298415163532
0,0,6.458697316702455e-05
0,0,0.006433852482587099
0,0,2.5651206669863313e-05
0,0,0.10488955676555634
0,0,0.0049412548542022705
0,0,6.713037691952195e-06
0,1,0.994800329208374
0,0,0.00022676796652376652
0,0,0.00016936585598159581
0,0,3.4248785141244298e-06
0,0,0.022632384672760963
0,0,1.747323949530255e-05
0,0,0.0007767128990963101
0,0,0.00046797620598226786
0,0,0.03435017913579941
1,1,0.9406992197036743
0,0,0.0005464087007567286
0,0,7.143400580389425e-05
1,1,0.9998990297317505
1,1,0.9975676536560059
1,1,0.9998180270195007
0,0,0.03298989310860634
0,0,0.005906050093472004
1,1,0.9945291876792908
1,1,0.9996627569198608
1,1,0.8418834209442139
0,0,5.9152280300622806e-05
1,1,0.9982301592826843
1,1,0.9998621940612793
1,1,0.998786985874176
1,1,0.9997711777687073
1,1,0.9974339604377747
1,1,0.9985479712486267
1,1,0.961950421333313
1,1,0.996737539768219
1,1,0.9431713819503784
1,1,0.9263690710067749
1,1,0.9995085000991821
1,1,0.9998703002929688
1,1,0.9984024167060852
0,0,0.24005432426929474
0,0,0.0324367955327034
1,1,0.9988548755645752
0,0,0.13486580550670624
0,0,0.00013600288366433233
0,0,0.00018440737039782107
0,0,0.00015152098785620183
0,0,0.00020995274826418608
0,0,0.006700723897665739
0,0,0.003442336106672883
1,1,0.9995588660240173
0,0,0.012099873274564743
0,0,0.22804103791713715
0,0,2.3684655388933606e-05
0,0,0.19791534543037415
1,1,0.9777054190635681
0,0,0.00010227430175291374
0,0,0.0008466382860206068
1,1,0.954099178314209
0,0,0.0001999131782213226
1,1,0.9997624754905701
1,1,0.9997517466545105
1,0,0.4293299913406372
1,1,0.9996659755706787
0,0,0.0023841476067900658
0,0,0.0058188592083752155
0,0,0.00012852935469709337
0,0,0.012292550876736641
0,0,0.0007701063877902925
1,1,0.9575732350349426
1,1,0.9967260360717773
0,0,0.036794282495975494
0,0,0.0006756168440915644
1,1,0.9314269423484802
1,0,0.1772717386484146
0,0,0.001108401222154498
0,0,0.00035398383624851704
1,1,0.9995356798171997
0,0,3.298794354122947e-06
0,0,0.00040930829709395766
1,1,0.9976067543029785
1,1,0.9997318387031555
0,0,0.00018139768508262932
0,0,1.8671018551685847e-05
0,0,0.005797714926302433
1,1,0.9998633861541748
0,0,0.0058835893869400024
1,1,0.9998748302459717
0,0,0.02829677425324917
0,0,0.001050526974722743
1,1,0.9688878655433655
1,1,0.9999150037765503
0,0,0.0005712291458621621
0,0,0.001284500234760344
1,1,0.9913790225982666
0,0,5.800917642773129e-05
0,0,0.0056883604265749454
0,0,0.0021166549995541573
0,0,0.0005052441265434027
1,1,0.9999295473098755
0,0,0.0008568852208554745
0,0,0.00014327175449579954
0,0,0.05960097908973694
0,0,1.5499652363359928e-05
0,0,0.0001165535650216043
0,0,2.15821619349299e-05
1,1,0.6482858061790466
1,1,0.985539972782135
1,1,0.9984468817710876
0,0,0.00035107493749819696
1,1,0.9983475208282471
0,0,0.00012372140190564096
0,0,0.0012129014357924461
1,1,0.999657392501831
1,1,0.9993785619735718
0,0,0.00011911884212167934
0,0,0.0003502595645841211
0,0,0.00019881180196534842
0,0,0.09619253128767014
1,1,0.6572083234786987
0,0,2.5212191758328117e-05
1,1,0.999756395816803
1,1,0.9992865920066833
1,1,0.9942388534545898
0,0,0.0028693571221083403
0,0,7.656986781512387e-06
0,0,0.00026027674903161824
0,0,0.00019134243484586477
1,1,0.9981030225753784
0,0,0.05419977754354477
1,1,0.9989915490150452
0,0,0.007008688990026712
0,0,2.1582020053756423e-05
0,0,0.00029053480830043554
0,0,0.00011063100100727752
0,0,0.0003964589850511402
0,0,0.0009941060561686754
0,0,3.8435649912571535e-05
1,1,0.9999717473983765
1,0,0.03331410512328148
0,0,3.075975473620929e-05
0,0,0.000390008557587862
1,1,0.9990701079368591
1,1,0.9998162388801575
1,1,0.6147614121437073
0,0,0.005526839755475521
0,0,5.166235860087909e-05
1,1,0.998335063457489
1,1,0.999248206615448
1,0,0.13835832476615906
1,1,0.9999089241027832
0,0,0.00843694619834423
0,0,0.0002590280491858721
1,0,0.18394266068935394
1,1,0.9992419481277466
0,0,0.3354225754737854
1,1,0.9988904595375061
1,1,0.9988699555397034
1,1,0.9994474053382874
0,0,8.285666990559548e-05
1,1,0.9534258842468262
1,1,0.9999005794525146
0,0,0.00010229732288280502
0,0,0.0006848422344774008
0,0,0.0033167358487844467
0,0,5.092002538731322e-05
1,1,0.9989528656005859
0,1,0.5152154564857483
0,0,0.00013348986976779997
0,0,0.0006810685154050589
0,0,0.4587189555168152
1,1,0.9977085590362549
0,0,0.41095566749572754
0,0,0.000246408540988341
0,0,0.002055788179859519
1,1,0.9986823201179504
0,0,0.0002936554665211588
1,1,0.9994809031486511
0,0,0.00028322346042841673
0,0,0.001071567414328456
1,1,0.9998044371604919
1,1,0.9996483325958252
1,1,0.9999779462814331
0,0,0.0003438710991758853
0,0,0.0012435000389814377
0,0,0.00022322982840705663
1,1,0.9992461204528809
1,0,0.3923928737640381
0,0,1.079149114957545e-05
0,1,0.9994683861732483
0,0,0.06045649200677872
0,0,0.08914981037378311
1,1,0.9712836742401123
0,0,0.3566533625125885
1,1,0.9350929856300354
1,1,0.893123209476471
0,0,0.0016760356957092881
0,0,0.0003212067822460085
0,0,0.001021981704980135
1,1,0.9926528930664062
0,0,0.023493368178606033
0,0,0.0005575278773903847
1,1,0.9981886744499207
0,0,0.0019852500408887863
1,1,0.9957962036132812
0,0,0.0005001756362617016
0,0,0.006504316348582506
1,1,0.9998747110366821
0,0,0.0001301809388678521
1,1,0.9856584668159485
1,1,0.9989350438117981
0,0,1.3276423487695865e-05
1,1,0.9996894598007202
0,0,0.049133382737636566
1,1,0.9999223947525024
0,0,0.0006505982601083815
1,1,0.999954342842102
0,0,7.982112947502173e-06
1,1,0.9962435960769653
1,1,0.9970219731330872
1,1,0.950055718421936
1,1,0.9997082352638245
0,0,0.006257243920117617
1,1,0.9999569654464722
0,0,0.0006774875801056623
1,1,0.9986240863800049
1,1,0.9997822642326355
0,0,0.06121983379125595
0,0,0.009214561432600021
1,1,0.9993196725845337
1,1,0.9999167919158936
0,0,0.00032972588087432086
1,1,0.9532431960105896
1,1,0.99909508228302
1,1,0.8513588905334473
0,0,0.006395153235644102
0,0,2.877503357012756e-05
0,0,0.0005707360687665641
0,0,0.0005102871218696237
0,0,0.00030800988315604627
1,1,0.9962672591209412
0,0,0.00045557270641438663
0,0,0.0002455173816997558
0,0,3.4530337870819494e-05
1,1,0.9641962647438049
1,1,0.9992446899414062
1,1,0.9893056154251099
1,1,0.9998169541358948
1,1,0.9620561003684998
0,0,0.00011318990436848253
0,0,8.649419760331511e-05
1,1,0.9148539900779724
1,1,0.9963411688804626
1,1,0.9992581009864807
0,0,0.002237394219264388
0,0,7.247122266562656e-05
1,1,0.9994070529937744
1,1,0.821530282497406
0,0,0.003179678926244378
1,1,0.6782516837120056
0,0,0.00010356208076700568
1,1,0.9968605041503906
0,0,0.04589579254388809
0,0,0.18019922077655792
0,0,0.00015337890363298357
0,0,0.0007220494444482028
0,0,0.027233021333813667
0,0,0.0018469117349013686
0,0,2.7807566311821574e-06
1,1,0.9998950958251953
0,0,0.006773991044610739
0,0,0.0007274820236489177
1,1,0.9997498393058777
0,0,0.14731356501579285
1,1,0.9997667670249939
0,0,0.0013377086725085974
0,0,0.0022300907876342535
0,0,0.0007268241024576128
1,1,0.9993683695793152
1,1,0.9887005686759949
1,1,0.973024308681488
0,0,0.08757343888282776
1,1,0.9994344115257263
1,1,0.8904137015342712
1,1,0.9459581971168518
0,0,0.0022601548116654158
1,1,0.9978918433189392
0,0,0.00030811328906565905
0,0,0.016157686710357666
1,0,0.1769333928823471
0,0,0.00013980687072034925
1,1,0.8535621166229248
0,0,7.586531864944845e-05
0,0,0.00034717467497102916
1,1,0.9121211171150208
1,1,0.9925131797790527
1,1,0.9984024167060852
1,1,0.9988349080085754
0,0,0.0002437382354401052
0,0,0.07175993174314499
0,0,0.0021314341574907303
0,0,0.00019566014816518873
0,0,3.506270559228142e-06
1,1,0.9999009370803833
0,0,0.0008277500746771693
0,0,2.1268489945214242e-05
0,0,8.402840467169881e-05
1,1,0.9987115859985352
0,0,0.007469186093658209
0,0,0.0003789075999520719
0,0,0.00509765325114131
1,1,0.9996966123580933
0,0,0.0002033515484072268
0,0,0.00034068484092131257
0,0,0.0031960189808160067
0,0,0.03467894345521927
0,0,2.0203216990921646e-05
0,0,0.001716145663522184
1,1,0.8328210115432739
1,1,0.9972798824310303
0,0,0.002384813269600272
0,0,0.0003389096527826041
0,0,0.004744641482830048
0,0,0.06559183448553085
1,1,0.9942052960395813
0,0,0.0003320444084238261
1,1,0.9996950626373291
1,1,0.9998515844345093
0,1,0.8768216371536255
0,0,0.0006530605023726821
0,0,0.0002748183615040034
1,1,0.9965863227844238
0,0,0.015026058070361614
0,0,2.8638345611398108e-05
0,1,0.8081710934638977
1,1,0.9998849630355835
0,0,0.0011123541044071317
0,0,1.9555029211915098e-05
0,0,0.00016343899187631905
0,0,0.0003948328085243702
0,0,0.00021936067787464708
1,0,0.35912081599235535
0,0,4.5862208935432136e-05
0,0,0.002870081691071391
1,1,0.9998950958251953
0,0,0.0044339923188090324
1,1,0.9996101260185242
0,1,0.5164721608161926
1,1,0.9662436842918396
0,0,0.00036646900116465986
1,1,0.975212574005127
1,1,0.9926438927650452
0,0,5.791367129859282e-06
1,1,0.9908876419067383
0,0,1.730318763293326e-05
1,1,0.9995348453521729
0,0,0.0014203747268766165
0,0,0.0002562999725341797
0,0,0.001965109258890152
0,0,0.005231193266808987
1,1,0.9967992305755615
0,0,0.0011947164312005043
0,0,0.0032871640287339687
0,0,1.1667628314171452e-05
0,0,9.346374281449243e-05
1,1,0.9996815919876099
1,1,0.9243764281272888
0,0,0.060251541435718536
0,0,0.0008820736547932029
0,0,0.0015865745954215527
0,0,1.1207371244381648e-05
1,1,0.9992337226867676
0,0,3.503514381009154e-05
0,1,0.9818938970565796
0,0,0.0037245883140712976
1,1,0.9975680708885193
0,0,0.00045425791176967323
0,0,0.015725163742899895
0,0,0.005825377535074949
1,1,0.9657089114189148
0,0,4.3923540943069384e-05
1,1,0.9999080896377563
0,0,0.00032610574271529913
0,0,0.002412711037322879
0,0,0.0010421883780509233
1,1,0.9858637452125549
1,1,0.9974411725997925
1,1,0.9984791874885559
0,0,0.001976125640794635
1,1,0.9995061159133911
1,1,0.9985706806182861
0,0,4.1575836803531274e-05
0,0,2.5614370315452106e-05
0,0,0.1881103664636612
0,0,0.008204697631299496
0,0,0.28706517815589905
1,1,0.9997655749320984
1,1,0.9958871006965637
1,1,0.8282930254936218
0,0,0.005167235620319843
1,1,0.9982705116271973
1,1,0.9930186867713928
1,1,0.9945453405380249
0,0,3.877138806274161e-05
0,0,0.00038268518983386457
0,1,0.6672595739364624
0,0,0.0019112244481220841
1,1,0.9994097948074341
0,0,0.01596900075674057
0,0,0.0013014314463362098
1,1,0.9952864050865173
1,1,0.9940604567527771
0,1,0.6775096654891968
0,0,3.109639874310233e-05
1,1,0.977354109287262
0,0,0.12084860354661942
0,0,0.0007903754012659192
1,1,0.995769739151001
0,0,0.0006830126512795687
1,1,0.9996016621589661
1,1,0.998519241809845
1,1,0.9997995495796204
0,0,0.0011623898753896356
0,0,0.0028194980695843697
1,1,0.9908368587493896
0,0,0.0006125631043687463
0,0,0.013244153931736946
0,0,0.0006510761450044811
0,0,0.00819745659828186
1,1,0.9922014474868774
1,1,0.9984064698219299
0,0,0.022550417110323906
1,1,0.9975492358207703
0,0,0.0002840980887413025
1,1,0.9685946702957153
0,0,8.592957601649687e-05
0,0,0.001539836754091084
0,0,5.366745244828053e-05
1,1,0.9314395785331726
1,1,0.9986571073532104
1,1,0.999174177646637
1,1,0.9984934329986572
1,1,0.9812090992927551
1,1,0.5795539617538452
1,1,0.9983941912651062
1,1,0.9994537234306335
0,0,0.011268708854913712
1,1,0.997326135635376
0,0,0.35162708163261414
0,0,0.0004173681081738323
0,0,0.4126945734024048
0,1,0.7735970616340637
1,0,0.04981568455696106
1,1,0.9999822378158569
1,0,0.06695159524679184
0,1,0.8861075043678284
1,1,0.999445378780365
1,1,0.999627947807312
1,1,0.9992048144340515
0,0,7.209067553048953e-05
1,1,0.9999470710754395
1,1,0.9996800422668457
1,1,0.9726094603538513
1,1,0.9999635219573975
1,1,0.9993550181388855
1,1,0.9863567352294922
0,0,2.0290646716603078e-05
0,0,4.391391485114582e-05
0,0,2.3595128368469886e-05
0,0,0.0010470697889104486
1,1,0.9994008541107178
1,1,0.9981338381767273
1,1,0.9778950810432434
0,0,0.2123309075832367
1,0,0.3433632254600525
1,1,0.99982750415802
1,1,0.9739184379577637
0,0,0.0027752313762903214
1,1,0.9983780384063721
1,1,0.9991212487220764
0,0,0.21330991387367249
0,0,0.0009889958892017603
1,1,0.9997401833534241
0,0,0.0008547352044843137
1,1,0.9933947920799255
0,0,0.0019066018285229802
0,0,0.0005128695629537106
0,0,6.33186791674234e-05
0,0,3.376976746949367e-05
0,0,0.0006623324588872492
1,1,0.999893069267273
0,1,0.6610600352287292
1,1,0.9999183416366577
1,1,0.9838502407073975
0,0,0.00017507087613921613
1,1,0.9992145299911499
1,1,0.9997453093528748
1,1,0.9960527420043945
1,1,0.9967868328094482
1,1,0.9951990246772766
0,0,0.00023518965463154018
0,0,0.00012076968414476141
0,0,0.0029826487880200148
0,0,5.9240795962978154e-05
1,1,0.9973729848861694
1,1,0.9997826218605042
1,1,0.9998918771743774
0,0,0.00015322832041420043
1,1,0.9892577528953552
0,0,0.0006030158838257194
1,1,0.9999192953109741
0,0,0.0005701613845303655
0,0,3.218122219550423e-05
1,1,0.9998754262924194
0,0,0.0011374815367162228
0,0,7.974704203661531e-05
0,0,1.1369797903171275e-05
1,1,0.9998427629470825
0,0,0.0024623931385576725
0,0,0.0032917445059865713
1,1,0.9999213218688965
1,0,0.3161652982234955
0,0,0.0028383079916238785
0,0,9.777609375305474e-05
1,1,0.9999276399612427
0,0,0.0043931459076702595
1,1,0.9997387528419495
0,0,0.0031510170083492994
0,0,0.014392315410077572
0,0,0.0012937185820192099
0,0,0.005561266094446182
1,1,0.9988055229187012
1,1,0.9999551773071289
1,1,0.9932268261909485
0,0,0.013804606162011623
0,0,6.481556920334697e-05
0,0,0.04963412508368492
0,0,0.0001410886470694095
0,0,0.0028663119301199913
0,0,5.656057328451425e-05
0,0,0.00018321190145798028
0,0,0.00010573664621915668
0,0,0.00020462081010919064
1,1,0.9970020651817322
1,1,0.9996918439865112
1,1,0.9999158382415771
1,1,0.9998582601547241
1,1,0.9994950294494629
0,0,0.0008806008845567703
0,0,7.087978247000137e-06
1,1,0.9964195489883423
0,0,0.0004946484696120024
0,0,0.03614629805088043
0,0,2.2304357116809115e-06
1,1,0.9985765218734741
1,1,0.9995891451835632
0,0,0.00024723639944568276
1,1,0.9947223663330078
0,0,7.487494258384686e-06
0,0,0.0015048583736643195
0,0,0.0010867634555324912
1,0,0.01843813806772232
1,1,0.994059681892395
1,1,0.9997430443763733
1,1,0.9984620809555054
1,1,0.6916338205337524
1,1,0.984636664390564
0,0,0.00010637396917445585
0,0,0.00026116540539078414
0,0,6.891467819514219e-06
0,0,0.0016677164239808917
1,1,0.9998818635940552
0,0,3.9985829062061384e-05
0,0,2.0825051251449622e-05
0,0,0.012065482325851917
0,0,4.006904055131599e-05
0,0,1.0584169103822205e-05
0,0,7.788900984451175e-05
0,0,0.00020435781334526837
0,0,0.00030377108487300575
0,0,1.7687383660813794e-05
1,1,0.9999139308929443
0,0,0.000313517200993374
0,0,4.764828190673143e-05
0,0,0.00102815602440387
0,0,2.5963099687942304e-05
0,0,0.012152286246418953
0,0,0.0003757384547498077
1,1,0.5029143691062927
1,1,0.9996881484985352
0,0,0.001452937605790794
1,1,0.9970148801803589
0,0,1.355793938273564e-05
0,0,7.616803486598656e-05
0,1,0.6942092776298523
1,1,0.9999382495880127
1,1,0.9973602890968323
0,0,0.0006433918024413288
0,0,5.215762939769775e-05
0,0,0.00011515167716424912
0,0,0.06483588367700577
0,0,6.898789433762431e-05
0,1,0.8803810477256775
1,1,0.9843579530715942
0,0,0.0001381335168844089
1,0,0.09817897528409958
1,1,0.9995259046554565
1,1,0.9962077140808105
0,0,0.00014611092046834528
0,0,8.534617518307641e-05
1,1,0.9920977354049683
0,0,0.3228725492954254
1,1,0.9998010993003845
1,1,0.9579995274543762
1,1,0.9715463519096375
1,1,0.877824068069458
1,1,0.9153627157211304
0,0,0.483014315366745
0,0,0.0011920359684154391
0,0,0.3806285858154297
0,0,0.003934937994927168
0,0,0.0032307596411556005
1,1,0.9997814297676086
1,1,0.9985985159873962
0,0,0.007010079454630613
0,0,0.10314233601093292
0,0,0.45478424429893494
1,1,0.968801736831665
0,0,0.010367325507104397
0,0,1.7127487808465958e-05
1,1,0.9999943971633911
0,0,0.00047044106759130955
1,1,0.9943917393684387
0,0,0.00012126092769904062
0,0,0.001515587093308568
0,0,0.12447439134120941
1,0,0.12456244230270386
1,1,0.9999812841415405
1,1,0.7350682616233826
0,0,0.00022440608881879598
0,0,0.447031170129776
1,1,0.9998348951339722
1,1,0.9890232086181641
1,1,0.999833345413208
0,0,0.001017097383737564
0,0,0.0011412884341552854
1,1,0.9979098439216614
1,0,0.057366255670785904
1,1,0.9997822642326355
0,0,6.5838685259222984e-06
1,1,0.9999815225601196
0,0,0.0021503667812794447
1,1,0.9973958730697632
0,0,0.00018846507009584457
0,0,0.17932578921318054
1,1,0.9993904829025269
0,0,0.00023959227837622166
0,0,0.00012416733079589903
0,0,0.00030752396560274065
0,0,0.000102833284472581
1,1,0.9159685969352722
0,0,0.0049580843187868595
0,0,0.007782711181789637
0,0,0.03520813211798668
0,0,0.002549867844209075
0,0,0.02237185463309288
1,1,0.9217060208320618
1,1,0.9971047043800354
1,1,0.9972585439682007
0,0,0.4125989079475403
0,0,0.0014223339967429638
0,0,0.0012395301600918174
1,1,0.9998733997344971
0,0,5.4942636779742315e-05
1,1,0.9995017051696777
0,1,0.9978692531585693
0,0,0.0001131677781813778
0,0,0.0004394426941871643
1,1,0.99741131067276
0,0,2.8914111680933274e-05
0,0,0.0018234722083434463
1,1,0.9991949200630188
1,1,0.9999929666519165
0,0,0.004550580400973558
1,1,0.9969839453697205
1,0,0.3521161377429962
1,1,0.9999310970306396
0,0,0.0009458037675358355
0,1,0.5446023941040039
1,1,0.99932861328125
0,1,0.8664436936378479
0,0,0.0019396881107240915
0,0,0.0007033876609057188
1,1,0.9990587830543518
0,0,2.786422373901587e-05
0,0,0.009441951289772987
0,0,0.028804855421185493
0,0,0.0019260930130258203
0,0,4.4568514567799866e-05
1,1,0.998045802116394
0,0,0.0006143416394479573
0,0,0.0002589838404674083
0,0,0.0007785302586853504
0,0,0.00019388899090699852
0,0,0.00014433058095164597
0,0,6.883047262817854e-06
1,0,0.47054848074913025
0,0,0.0038505427073687315
1,1,0.994195818901062
1,1,0.999437153339386
0,0,0.03279276564717293
1,1,0.997523844242096
1,1,0.9969748258590698
0,0,0.0001741554879117757
1,1,0.9991903901100159
1,1,0.9997865557670593
0,0,0.16064269840717316
1,1,0.9999059438705444
1,1,0.9974716901779175
0,0,0.0011729811085388064
0,0,0.00012521447206381708
0,0,0.0004962499369867146
0,0,0.0001414783764630556
0,0,0.06268919259309769
1,0,0.24316802620887756
1,1,0.999852180480957
1,1,0.9832968711853027
0,0,0.001928271260112524
0,0,0.00015217573672998697
1,1,0.9982026815414429
1,1,0.9053244590759277
0,0,0.00012509131920523942
1,1,0.7504177093505859
1,1,0.9969841837882996
1,1,0.5444841980934143
0,0,0.02350323647260666
1,1,0.9999724626541138
1,1,0.9837037920951843
1,0,0.10213056951761246
1,1,0.9999865293502808
0,0,0.0016006549121811986
0,0,0.00030708598205819726
0,0,0.00031930889235809445
1,1,0.9988930821418762
1,1,0.9995738863945007
0,0,0.0005738848703913391
0,0,0.0022708748001605272
0,0,0.000243547503487207
0,0,9.57769007072784e-05
0,0,5.19396344316192e-05
0,0,3.20924082188867e-05
0,0,6.360189581755549e-05
0,0,0.0005613481625914574
1,1,0.999812662601471
0,0,0.0007331909146159887
1,1,0.958551824092865
1,0,0.0031293733045458794
0,0,0.0075494092889130116
0,0,0.005539258010685444
0,0,0.025953402742743492
0,0,0.01994149014353752
0,0,0.013913554139435291
0,0,0.11569638550281525
1,1,0.9871822595596313
0,0,0.0005458038649521768
0,0,0.21873144805431366
0,0,0.015729865059256554
1,1,0.9341853260993958
1,1,0.9999109506607056
0,0,0.0006120731704868376
1,1,0.9887429475784302
1,1,0.999968409538269
1,1,0.9999352693557739
0,0,0.002405124017968774
1,1,0.9903941750526428
1,1,0.9928017854690552
0,0,0.00011236978753004223
1,1,0.9938667416572571
1,1,0.7932711839675903
0,0,0.0036305543035268784
0,0,0.0011173684615641832
0,0,0.00674129743129015
0,0,0.00926398579031229
0,0,3.297610237495974e-05
0,0,0.001640364178456366
1,1,0.9998493194580078
0,0,0.00019310819334350526
1,1,0.9980064034461975
1,1,0.9995552897453308
1,1,0.9150381684303284
0,0,0.00020246546773705631
0,0,3.848949199891649e-05
0,0,2.6748253731057048e-05
0,0,0.000524519884493202
1,1,0.8938623666763306
0,0,0.00017907116853166372
0,0,1.2751002032018732e-05
0,0,0.028601067140698433
0,0,0.0004695714742410928
1,1,0.9924377799034119
0,0,0.010749654844403267
0,0,0.00801065657287836
0,0,0.00028868071967735887
1,1,0.7235516309738159
1,1,0.9992263317108154
0,0,0.05878661945462227
0,0,0.0001269800413865596
1,1,0.9991992115974426
0,0,0.00016609326121397316
0,0,0.0061467234045267105
1,0,0.03703112155199051
1,1,0.9996566772460938
0,0,0.0010487070539966226
0,0,0.0013377583818510175
0,0,2.860070890164934e-05
1,1,0.9986132383346558
0,0,0.0007270332425832748
0,0,0.03530634194612503
1,1,0.9985085129737854
0,0,0.0004992213798686862
1,1,0.9998167157173157
1,1,0.9999569654464722
0,0,0.002679733792319894
0,0,0.0018162565538659692
0,0,0.04479437321424484
0,0,0.00051731092389673
0,0,0.0006169209955260158
1,1,0.9991832375526428
1,1,0.9994294047355652
1,1,0.9994969367980957
0,0,6.320272950688377e-05
0,0,0.17753522098064423
1,1,0.9997161030769348
1,1,0.9972713589668274
0,0,0.02292264811694622
0,0,0.0009686604025773704
0,0,0.0052311960607767105
0,0,9.404486627317965e-05
0,0,0.0012640125351026654
1,1,0.9992058873176575
1,0,0.19350190460681915
0,0,0.27311596274375916
1,1,0.995598554611206
1,0,0.008870637975633144
0,0,0.013092928566038609
0,0,0.0017058970406651497
1,1,0.9968992471694946
0,0,0.0021690374705940485
0,0,0.00011511193588376045
0,0,0.0003056206332985312
1,1,0.9997949004173279
0,0,0.007838306948542595
1,1,0.592802882194519
0,0,0.0010624980786815286
0,0,9.573389252182096e-05
0,0,0.003793012350797653
0,0,0.0001609090541023761
1,1,0.9977678060531616
0,0,0.10629025101661682
1,0,0.29850295186042786
1,1,0.9994264841079712
1,1,0.9988493919372559
0,0,5.101587521494366e-05
0,0,0.0017344026127830148
1,0,0.00739237992092967
1,1,0.9995656609535217
1,1,0.9828422665596008
1,1,0.9917305111885071
0,0,0.0015562345506623387
0,0,0.00377265433780849
0,0,0.0018570609390735626
0,0,1.836487717810087e-05
0,0,5.416494605015032e-05
0,0,0.0025774536188691854
1,1,0.7334359288215637
0,0,0.005023477599024773
0,0,0.2757951021194458
0,0,0.0020381526555866003
0,0,0.00011540207196958363
1,1,0.9470152258872986
1,0,0.36273109912872314
0,0,0.019719205796718597
1,1,0.8877450227737427
1,1,0.9884814023971558
0,0,9.258078353013843e-05
0,0,0.0018489467911422253
1,1,0.9935491681098938
1,1,0.932325005531311
0,0,2.234373096143827e-05
0,0,7.986896525835618e-05
0,0,0.03034660965204239
1,1,0.9997695088386536
1,1,0.9996904134750366
1,1,0.9938752055168152
1,1,0.998441755771637
0,0,1.463545959268231e-05
1,1,0.9847458600997925
0,0,0.0020854126196354628
0,0,0.0001667211327003315
1,1,0.9516147971153259
0,0,0.00039228182868100703
0,0,2.3787897589500062e-05
1,0,0.017350053414702415
0,0,0.061984989792108536
1,1,0.7648702263832092
1,1,0.9937644004821777
1,1,0.9994364380836487
0,0,0.009962162934243679
1,1,0.9988415837287903
0,0,6.746302005922189e-06
0,0,0.00013222075358498842
1,1,0.996910035610199
0,0,0.00025268876925110817
0,0,0.0004829908430110663
1,1,0.9996366500854492
0,0,0.0002769198617897928
0,0,0.00010458097676746547
0,0,0.00010973071039188653
1,1,0.9990007281303406
0,0,0.00014160443970467895
0,0,0.007168250158429146
1,1,0.9998273849487305
0,0,7.168423326220363e-05
0,0,1.3901879356126301e-05
1,1,0.9999051094055176
1,1,0.9998168349266052
0,0,3.142629793728702e-05
0,0,0.02129962481558323
0,0,0.002314941259101033
0,0,0.07295913994312286
1,1,0.9939604997634888
0,0,0.34943830966949463
1,1,0.9994444251060486
1,1,0.9999399185180664
0,0,0.00035946955904364586
1,1,0.9999450445175171
0,0,0.00010716199176385999
0,0,0.01859774999320507
0,0,0.0013818021398037672
0,0,0.0004634803917724639
0,0,0.03520149365067482
1,1,0.9972659349441528
1,1,0.9907596111297607
0,0,0.13040590286254883
0,0,4.819341847905889e-05
0,0,2.0862142264377326e-05
1,1,0.9752547740936279
1,1,0.9990084767341614
0,1,0.9924732446670532
0,0,0.010157271288335323
0,0,0.011907131411135197
1,1,0.9799200892448425
0,0,4.038664701511152e-05
0,0,4.704740786110051e-05
1,1,0.9998155236244202
1,1,0.9938861727714539
0,1,0.8993148803710938
0,0,0.00012978097947780043
0,0,0.001797060715034604
1,1,0.9993661046028137
1,1,0.917784571647644
1,1,0.999771773815155
1,1,0.999953031539917
1,1,0.9994763731956482
1,0,0.0023225657641887665
0,0,8.155213436111808e-05
1,1,0.9997331500053406
1,1,0.9996494054794312
1,1,0.9999533891677856
0,0,1.605266697879415e-05
0,0,0.00017320392362307757
0,0,0.0003075113636441529
0,0,0.0015204730443656445
0,0,2.4328435756615363e-05
0,0,0.005678762216120958
0,0,0.4470944106578827
0,0,0.004654818680137396
0,0,0.22273126244544983
0,0,0.0020445201080292463
0,0,0.004101637285202742
1,1,0.9987026453018188
0,0,0.0009409698541276157
0,0,0.4844634234905243
0,0,0.00025576393818482757
1,1,0.9988390803337097
0,0,0.016233457252383232
0,0,4.355814235168509e-05
0,0,3.199541606591083e-05
0,0,0.002898260485380888
0,0,1.1091263331763912e-05
0,0,0.010384350083768368
0,0,0.00010813624976435676
0,0,0.033844269812107086
0,0,0.07136239111423492
0,0,0.0215770211070776
1,1,0.9982853531837463
0,0,2.0868174033239484e-06
1,1,0.9961865544319153
0,0,8.742760110180825e-05
0,0,0.0016997171333059669
0,0,0.006693073082715273
1,1,0.9996328353881836
0,0,0.3823587894439697
0,0,0.0020479029044508934
1,1,0.9963453412055969
1,0,0.45700061321258545
0,0,0.00021855023805983365
0,0,0.009826278313994408
0,0,4.964437539456412e-05
0,0,1.3009076610615011e-05
0,0,0.06543436646461487
0,0,0.0022098361514508724
1,1,0.9995713829994202
0,0,0.00013303330342750996
0,0,0.0063429297879338264
0,0,1.0886617474170635e-06
1,1,0.9999473094940186
0,0,0.00028869780362583697
1,1,0.9993665814399719
1,1,0.9937201738357544
0,0,9.702570969238877e-05
0,0,1.6249201507889666e-05
0,0,4.5729488192591816e-05
0,1,0.9785948395729065
0,0,0.003047711681574583
0,1,0.6307161450386047
1,1,0.999701201915741
0,0,0.45005568861961365
0,0,0.00048727059038355947
0,0,0.015396488830447197
0,0,0.0038142348639667034
1,1,0.9903488159179688
0,0,9.268519352190197e-05
1,1,0.8748414516448975
0,0,0.06329359114170074
1,1,0.9634881615638733
1,1,0.9635136723518372
1,1,0.6546608209609985
1,1,0.7383921146392822
1,1,0.9993411898612976
0,0,0.0002558839332778007
1,1,0.9994242191314697
1,1,0.9999059438705444
0,0,0.00020891116582788527
1,1,0.9995338916778564
1,0,0.3064258396625519
0,0,0.0008422336541116238
1,1,0.8131367564201355
0,0,0.001212097005918622
0,0,0.0003826463071163744
1,1,0.9994502663612366
1,1,0.9214275479316711
0,0,0.00016419656458310783
1,1,0.9995187520980835
1,1,0.9899020195007324
1,1,0.9999240636825562
0,0,0.030467143282294273
0,0,0.00012058948777848855
1,1,0.9823566675186157
1,1,0.9987731575965881
0,0,0.000827551819384098
1,1,0.9850869178771973
1,1,0.9995198249816895
1,1,0.8544726371765137
1,1,0.9994398951530457
0,0,0.00042708939872682095
1,1,0.9992202520370483
1,1,0.9976937174797058
1,1,0.9980487823486328
1,1,0.9915661811828613
1,1,0.9358102679252625
1,1,0.9337716698646545
1,1,0.999880313873291
0,0,0.00010772282257676125
1,1,0.9997010827064514
0,0,0.0002474297652952373
0,0,6.354103243211284e-05
1,0,0.33155032992362976
1,1,0.9623660445213318
0,0,0.004795578774064779
0,0,2.881784712371882e-05
1,1,0.8740483522415161
0,0,3.0627565138274804e-05
1,1,0.9988217949867249
0,0,0.0008559829439036548
1,1,0.9988216757774353
0,0,6.995524017838761e-05
0,0,0.05373072251677513
0,0,0.00019984226673841476
1,1,0.9993531107902527
0,0,9.16685676202178e-05
0,0,3.5111806937493384e-05
1,1,0.9999274015426636
1,1,0.9997864365577698
1,1,0.9998868703842163
0,0,0.0004570629680529237
0,0,8.61136504681781e-05
0,0,0.3182217478752136
0,0,0.25171053409576416
0,0,4.982783138984814e-05
1,1,0.9913365840911865
0,0,0.024387260898947716
0,0,0.205372154712677
0,0,0.1870473176240921
0,0,0.0011585551546886563
0,0,0.0005640964373014867
1,1,0.9968512654304504
1,1,0.9970464110374451
0,0,0.00027017167303711176
0,0,0.005536763463169336
0,0,0.12205179035663605
0,0,0.0004424458893481642
1,1,0.9853838086128235
0,0,0.001782730920240283
0,0,0.0475725494325161
1,1,0.9981953501701355
0,0,0.0008954129880294204
0,0,0.00020716027938760817
0,0,6.554484571097419e-05
0,0,0.0005404680850915611
0,1,0.975832462310791
1,1,0.9991853833198547
0,0,6.726713763782755e-05
0,0,0.005271140486001968
0,0,0.048177752643823624
0,0,0.0018823499558493495
0,0,0.0001880149357020855
0,0,2.8958567781955935e-05
0,0,5.683870767825283e-05
0,0,0.00047325846389867365
0,0,0.00151093490421772
0,1,0.8897104859352112
0,0,0.1046690046787262
0,0,0.1305038332939148
0,0,0.034062713384628296
0,0,0.009089017286896706
1,1,0.9910266995429993
0,0,0.000606901419814676
0,0,0.01018593367189169
0,0,8.06275875220308e-06
1,1,0.9996286630630493
0,0,0.0012506138300523162
1,1,0.8411376476287842
1,1,0.9999544620513916
1,1,0.9976754784584045
1,1,0.9982228875160217
0,0,7.961680967127904e-05
0,0,0.0006477213464677334
0,0,0.0006290468154475093
1,1,0.9999254941940308
1,1,0.9997565150260925
1,1,0.997420072555542
0,0,0.4346226453781128
1,1,0.998363196849823
0,0,0.00245278631336987
0,0,0.0003576196904759854
0,0,0.001182053005322814
0,0,0.005057648755609989
1,1,0.9993065595626831
1,1,0.9295369386672974
1,1,0.9398770928382874
0,0,0.0002887611335609108
0,0,0.015735626220703125
0,0,0.0005172189557924867
0,0,5.137818516232073e-05
1,1,0.990715503692627
0,0,0.005940765142440796
1,1,0.9970654845237732
1,1,0.9992652535438538
0,0,0.0018027046462520957
1,0,0.020302072167396545
0,0,0.012159639038145542
0,0,0.1711450219154358
0,0,0.00027826245059259236
0,0,0.006772884167730808
0,0,0.1726098358631134
1,1,0.9999676942825317
1,1,0.9860861301422119
0,0,4.0349033952225e-05
1,1,0.9998272061347961
0,0,0.48577749729156494
1,1,0.9999654293060303
0,0,0.008682127110660076
0,0,0.0019231947371736169
0,0,9.812317148316652e-05
0,0,0.00013103704259265214
1,0,0.23042583465576172
0,0,0.0017289097886532545
0,0,5.6804847190505825e-06
1,1,0.9955808520317078
0,0,0.0027746297419071198
1,1,0.9942235350608826
0,0,0.05604568123817444
0,0,3.962255959777394e-06
0,0,0.0006280496600084007
1,1,0.9966727495193481
0,0,0.00010318867134628817
0,1,0.905711829662323
1,1,0.9994975328445435
1,1,0.9942652583122253
0,0,0.00265656691044569
1,1,0.9999010562896729
1,1,0.5114352703094482
1,1,0.9983987212181091
0,0,0.00011791807628469542
1,1,0.991715133190155
1,1,0.9940547347068787
1,1,0.969900369644165
1,1,0.9983982443809509
0,0,0.0015365325380116701
1,1,0.9989075660705566
1,1,0.999670147895813
0,0,0.002814915496855974
1,1,0.7882028222084045
0,0,3.1522195058641955e-05
0,0,8.692623669048771e-05
0,0,0.05302160233259201
0,0,0.0002320113853784278
1,1,0.9958822727203369
0,0,9.185494855046272e-05
1,1,0.9972429275512695
1,1,0.9994953870773315
0,0,5.4062667913967744e-05
1,1,0.9999550580978394
0,0,3.1987958664103644e-06
0,0,0.00012150805559940636
0,0,1.0765145816549193e-05
1,0,0.40440136194229126
1,1,0.9994858503341675
1,0,0.36094361543655396
1,1,0.9991487264633179
0,0,0.08445834368467331
1,1,0.9830684661865234
1,1,0.9999691247940063
1,1,0.9719035029411316
1,1,0.6803396344184875
1,1,0.9991917014122009
0,0,0.008645067922770977
1,1,0.9979522228240967
1,1,0.9902593493461609
1,1,0.9943177103996277
1,1,0.9913603663444519
1,1,0.9997584223747253
0,0,0.160732701420784
1,1,0.8965486884117126
1,1,0.9998480081558228
0,0,0.00014667387586086988
1,1,0.8814883232116699
1,1,0.986531674861908
0,0,0.00031967167160473764
0,0,1.0419551472296007e-05
0,0,0.00878751091659069
0,0,0.007456506136804819
0,0,4.170044121565297e-05
0,0,0.0004767107602674514
1,1,0.9974574446678162
1,1,0.9998748302459717
0,0,0.0024343496188521385
0,0,0.09748516976833344
1,1,0.9981240630149841
0,0,2.4893957743188366e-05
1,1,0.9983823299407959
1,1,0.9980493783950806
1,1,0.9991288781166077
1,1,0.9967747330665588
1,1,0.9930063486099243
1,1,0.9987849593162537
0,0,8.711086411494762e-05
1,1,0.9994122982025146
0,0,0.036766357719898224
1,0,0.06466414034366608
1,1,0.9980071187019348
1,1,0.9999774694442749
1,1,0.9846740961074829
0,0,0.0024014327209442854
1,1,0.9950815439224243
1,1,0.9999525547027588
1,1,0.9999431371688843
1,1,0.8669877648353577
1,1,0.9822033643722534
0,0,0.0037162494845688343
1,1,0.9999042749404907
0,0,0.0034877785947173834
0,0,0.0014291831757873297
1,1,0.9574331641197205
0,0,0.0004890804993920028
1,1,0.9988484382629395
0,0,0.0028034185525029898
1,1,0.9970207810401917
1,1,0.9988309741020203
0,0,0.000484933378174901
0,0,0.00019486944074742496
1,1,0.9999823570251465
1,1,0.9984466433525085
0,0,0.003631960367783904
1,1,0.9981685876846313
0,0,0.0033166820649057627
1,1,0.9999469518661499
1,1,0.999884843826294
1,1,0.9999303817749023
1,1,0.9765173196792603
1,1,0.9999361038208008
0,0,0.0001125102280639112
0,0,5.65550089959288e-06
1,1,0.9995912909507751
1,1,0.9785857200622559
1,1,0.999679684638977
1,1,0.9942101240158081
1,1,0.9997654557228088
1,1,0.9999704360961914
1,1,0.9995571970939636
1,1,0.9982749223709106
0,0,8.760034688748419e-05
1,0,0.0008459496311843395
1,0,0.09052234888076782
0,0,0.011080036871135235
1,1,0.9950084686279297
1,1,0.9985615611076355
1,1,0.9988870024681091
0,0,0.1100684255361557
1,1,0.927075982093811
1,1,0.9554992914199829
0,0,0.049181338399648666
1,1,0.964513897895813
0,0,2.6194062229478732e-05
0,0,0.004352931398898363
1,1,0.9980473518371582
1,1,0.9999905824661255
1,1,0.999969482421875
0,0,0.0006918011931702495
0,0,0.0010108741698786616
1,0,0.07222694158554077
0,0,7.89455370977521e-05
1,1,0.9999300241470337
0,0,2.7207373932469636e-05
0,0,9.035669063450769e-05
1,1,0.9998487234115601
1,1,0.9994939565658569
0,0,0.2102421522140503
1,1,0.9998888969421387
1,1,0.9985866546630859
1,1,0.999038815498352
1,1,0.9999603033065796
0,0,1.4512082998408005e-05
1,1,0.9961957931518555
1,0,0.41639605164527893
0,0,0.04258567467331886
1,0,0.14994601905345917
1,1,0.9997065663337708
0,0,0.0005634875851683319
0,0,4.216446177451871e-05
0,0,0.10154210776090622
1,1,0.9999876022338867
1,1,0.9963293671607971
0,0,0.0415925458073616
1,1,0.9998756647109985
1,1,0.999695897102356
0,0,9.42159749683924e-06
1,1,0.9996826648712158
0,1,0.9306414127349854
0,0,0.0004877088067587465
0,0,2.6962768970406614e-05
0,1,0.9112895727157593
0,1,0.9888196587562561
1,1,0.7833109498023987
0,0,0.0015934266848489642
1,1,0.999922513961792
1,1,0.9881608486175537
1,1,0.9992935657501221
1,0,0.23561450839042664
0,0,0.0005819868529215455
0,0,0.1881350874900818
0,0,0.0026663888711482286
0,0,0.019193651154637337
0,0,0.001880353083834052
1,1,0.9970331192016602
0,0,0.0033900055568665266
0,0,0.0006758429226465523
1,1,0.9979962706565857
0,0,0.00030260824132710695
0,0,0.012871596962213516
1,1,0.9373083710670471
0,0,0.0010185411665588617
1,1,0.9600661993026733
0,0,0.03836927190423012
0,0,0.011778387241065502
0,0,0.0001452811120543629
0,0,0.014953602105379105
0,0,9.462977322982624e-05
0,0,0.005624245852231979
1,0,0.2641488015651703
1,1,0.9926169514656067
0,0,0.00021864133304916322
0,0,1.1562398867681623e-05
0,0,0.0010062092915177345
0,0,0.01293891854584217
1,1,0.9970749616622925
0,0,6.138259323051898e-06
1,1,0.9911720156669617
1,1,0.9899061322212219
1,0,0.2297825664281845
0,0,0.00292238499969244
0,0,0.0005961782298982143
0,0,0.016877789050340652
0,0,0.0033691555727273226
0,0,1.2464279279811308e-05
0,0,0.013421761803328991
0,0,0.0008752253488637507
0,0,0.0013821667525917292
0,0,0.21585893630981445
0,0,0.00022679410176351666
1,1,0.9985172152519226
0,1,0.9192985892295837
1,1,0.9829423427581787
1,0,0.032040003687143326
0,0,7.186060975072905e-05
0,0,0.003049978520721197
1,1,0.9915967583656311
0,0,0.000673170608934015
0,0,0.04618551582098007
1,1,0.9999029636383057
0,0,0.0028170377481728792
0,0,0.01788613386452198
0,0,0.0008028284064494073
1,1,0.9997256398200989
1,1,0.9998723268508911
0,0,0.0001927437842823565
1,1,0.9999582767486572
0,0,0.0038458469789475203
0,0,0.0004378819139674306
1,1,0.9959372282028198
0,0,0.004003005567938089
1,1,0.999277651309967
1,1,0.9901573657989502
0,0,0.004254227038472891
0,0,3.687826028908603e-05
0,0,0.0015953774563968182
1,1,0.9983041286468506
1,1,0.9923580288887024
1,1,0.9982017278671265
1,1,0.999479353427887
1,1,0.9986043572425842
0,0,0.006746887695044279
1,1,0.9994866847991943
0,0,6.460810254793614e-05
0,0,6.24690655968152e-05
0,0,0.08000538498163223
1,1,0.9676588177680969
1,0,0.08520464599132538
0,0,0.38421162962913513
0,0,0.00030811503529548645
0,0,0.005358777940273285
0,0,0.010123093612492085
1,1,0.9799981713294983
1,1,0.9919430017471313
0,0,5.517123645404354e-05
0,0,0.0025797076523303986
1,1,0.985536515712738
1,1,0.9817690849304199
0,0,0.0030251501593738794
0,0,0.0004361148166935891
0,0,0.002219261135905981
1,1,0.9975516200065613
1,1,0.9795497059822083
0,0,3.2071836812974652e-06
1,1,0.9973995685577393
0,1,0.9917230010032654
1,1,0.9995303153991699
0,0,0.004728665109723806
0,0,0.003133237361907959
1,1,0.9291727542877197
1,1,0.9848361611366272
0,0,8.404331310885027e-05
1,0,0.04062662646174431
1,1,0.9998506307601929
1,1,0.9993568062782288
1,1,0.9922379851341248
0,0,0.0008105873712338507
1,1,0.9973152279853821
0,0,0.006514072418212891
0,0,4.4926535338163376e-05
0,0,0.0008589152712374926
1,1,0.9967848062515259
1,1,0.9978000521659851
0,0,0.0003247152781113982
1,1,0.9993478655815125
1,0,0.11579665541648865
1,1,0.9997310042381287
0,0,0.040367744863033295
1,1,0.9999600648880005
0,0,2.2557660486199893e-05
0,1,0.6441991329193115
0,0,5.3071407819516025e-06
0,0,0.0004931314615532756
0,0,1.1655462003545836e-05
1,1,0.8845759630203247
1,1,0.9966452717781067
1,1,0.9814940690994263
0,0,0.004748650826513767
0,1,0.5709118247032166
0,0,0.02153409831225872
0,0,0.044222425669431686
1,1,0.9982367753982544
1,1,0.9991674423217773
0,0,5.809514914290048e-05
1,1,0.9996505975723267
0,0,0.0003383327566552907
0,1,0.762086808681488
0,0,0.005950228311121464
0,0,0.0015144028002396226
0,0,2.2819856894784607e-05
0,0,0.013848264701664448
0,0,0.0013063306687399745
0,0,0.3703392744064331
0,0,0.000123012054245919
0,0,4.330474621383473e-05
1,1,0.995724081993103
1,1,0.9993017911911011
1,1,0.9575202465057373
0,0,0.0004925376269966364
0,0,3.787480090977624e-05
0,0,0.0004259998968336731
0,0,0.0006212853477336466
0,0,0.000600304629188031
0,0,0.0004775152774527669
0,0,0.0001403792848577723
0,0,0.0002626552013680339
1,1,0.9997687935829163
1,1,0.999601423740387
0,1,0.9828392863273621
0,0,1.4315356565930415e-05
1,1,0.9989207983016968
0,0,6.197645689098863e-06
1,1,0.9876874089241028
0,0,0.002266062656417489
0,0,6.225823744898662e-05
0,0,9.887266969599295e-06
0,0,0.00029762316262349486
1,1,0.9974048733711243
0,0,0.0006639009807258844
1,1,0.9995261430740356
0,0,0.0024338841903954744
0,0,8.396601333515719e-05
0,0,0.0022432736586779356
1,1,0.9997120499610901
1,1,0.9995583891868591
1,1,0.9994818568229675
1,1,0.9490756392478943
0,0,0.002101998310536146
1,1,0.9997841715812683
1,1,0.9997460246086121
1,1,0.9987285733222961
1,1,0.9998260140419006
0,0,3.161287850161898e-06
1,0,0.050922125577926636
1,1,0.9994809031486511
0,0,0.0005560812423937023
0,0,0.004664091393351555
0,0,0.00018985186761710793
0,0,0.03663824871182442
0,0,0.004163125529885292
0,0,0.00321605964563787
0,0,0.0007906266255304217
0,0,7.921318683656864e-06
1,1,0.9991760849952698
0,0,0.0014710866380482912
1,1,0.9991899132728577
0,0,0.0011005726410076022
0,0,0.0009369043400511146
1,1,0.9982665181159973
1,1,0.9942334294319153
1,1,0.9617168307304382
1,1,0.9934256076812744
1,1,0.9990317821502686
1,1,0.9950876832008362
0,0,0.3607024848461151
0,0,7.144203846110031e-05
0,0,7.13613417246961e-06
1,1,0.9985018968582153
1,1,0.9995231628417969
1,1,0.6091654896736145
0,0,4.32419401477091e-05
0,0,2.311530442966614e-05
0,0,0.00842333398759365
0,0,0.0017262897454202175
1,1,0.99996018409729
1,1,0.9992951154708862
0,0,1.7770199747246807e-06
0,0,0.003831968642771244
0,0,0.0007476758910343051
0,0,0.0009830634808167815
0,0,0.005534230265766382
1,1,0.8049502372741699
0,0,0.0011092129861935973
1,1,0.9995613694190979
1,1,0.9995803236961365
0,0,0.001433915109373629
1,1,0.9996054768562317
1,1,0.9360607862472534
1,1,0.9813584685325623
0,0,0.0035450898576527834
0,0,0.0001059273854480125
1,1,0.9999381303787231
0,0,0.00036220173933543265
0,0,2.57160409091739e-05
0,0,8.169395732693374e-05
1,1,0.9951812624931335
1,1,0.9977855682373047
1,1,0.9958198070526123
1,1,0.8757602572441101
1,0,0.11881425976753235
0,0,0.00015163040370680392
0,0,8.674000855535269e-05
0,0,0.06735575199127197
1,1,0.9990851879119873
0,0,0.2928738296031952
0,0,8.586252988607157e-06
1,1,0.9808618426322937
1,1,0.9918730854988098
0,0,1.2634026461455505e-05
1,1,0.9992726445198059
1,1,0.9995855689048767
0,0,0.00069140869891271
0,0,0.0031636443454772234
1,1,0.9882845878601074
0,0,5.633040564134717e-05
1,1,0.5292053818702698
0,0,0.0039009281899780035
1,0,0.04004757106304169
1,1,0.9995982050895691
1,1,0.8719321489334106
1,1,0.9999663829803467
0,0,2.9837636247975752e-05
1,1,0.9999164342880249
0,0,0.00020510778995230794
1,1,0.9999946355819702
1,1,0.8781483769416809
0,0,0.000702191493473947
1,1,0.9986794590950012
0,0,0.00016858377784956247
0,0,0.01467868871986866
1,1,0.998588502407074
0,0,0.021085765212774277
0,0,0.004396757576614618
0,0,0.028210291638970375
1,1,0.9995936751365662
0,0,0.0032246874179691076
0,0,0.033736784011125565
1,1,0.9905592203140259
1,1,0.9990079998970032
0,0,0.0023555592633783817
1,1,0.9898087978363037
1,1,0.9999642372131348
0,0,5.890504780836636e-06
0,1,0.7920144200325012
0,0,3.7413926747831283e-06
1,1,0.9696959853172302
0,0,0.021205071359872818
1,1,0.9941885471343994
1,1,0.9962255954742432
0,0,4.683683073380962e-05
1,1,0.9998345375061035
1,1,0.9100052118301392
1,1,0.9994148015975952
1,1,0.9964948296546936
0,0,0.0056166318245232105
0,0,0.00014661795285064727
0,0,0.0003165766247548163
1,1,0.9998825788497925
0,0,0.007344105746597052
1,1,0.9975875616073608
1,1,0.9979413151741028
1,1,0.997062623500824
1,0,0.4744678735733032
0,0,0.004127937369048595
1,1,0.9806744456291199
1,1,0.9960305094718933
0,1,0.6754106283187866
1,1,0.999891996383667
1,1,0.994950532913208
0,0,0.1189030334353447
1,1,0.998634397983551
1,1,0.9998642206192017
1,1,0.997805655002594
1,1,0.9998276233673096
1,0,0.04776449128985405
1,1,0.9998983144760132
0,0,0.002316557103767991
0,0,0.016610585153102875
0,0,4.002394052804448e-05
1,1,0.991866409778595
0,0,0.00015518600412178785
0,0,5.6432458222843707e-05
1,1,0.9963619112968445
1,1,0.9958093166351318
1,1,0.9928107857704163
1,1,0.5574890375137329
1,0,0.07906077057123184
0,0,0.0007944253156892955
1,1,0.7858774662017822
0,0,0.0005814440664835274
1,1,0.9361192584037781
1,1,0.9999713897705078
1,1,0.9989305138587952
1,1,0.997016191482544
1,1,0.9998325109481812
1,1,0.9998553991317749
1,1,0.9956269264221191
0,0,0.013516664505004883
0,0,0.006676190998405218
1,1,0.9998643398284912
0,0,2.2203836124390364e-05
0,0,8.133584924507886e-05
0,0,0.2441527247428894
1,1,0.9998038411140442
1,1,0.9996252059936523
1,1,0.9929251670837402
1,1,0.9983568787574768
0,0,0.10071495175361633
1,1,0.9789551496505737
0,0,1.0735905561887193e-05
0,0,0.0017960439436137676
1,1,0.9997518658638
0,0,0.0006192467408254743
0,0,0.0003976556472480297
0,0,5.90672752878163e-05
1,1,0.9892575144767761
0,0,0.0001730715302983299
1,1,0.8356245756149292
0,0,0.0019067480461671948
1,1,0.9979015588760376
0,0,0.009903131052851677
1,1,0.9993560910224915
0,0,2.7571322789299302e-05
0,0,0.00018854344671126455
1,1,0.9998401403427124
1,1,0.9721217751502991
1,1,0.9465131163597107
0,0,0.00013140590453986079
0,0,0.00012540482566691935
1,0,0.1918032467365265
0,0,0.0002503074938431382
1,0,0.0001754508848534897
0,0,7.759070285828784e-05
0,0,0.0009032514062710106
0,0,0.006471103988587856
1,1,0.9682251811027527
0,0,0.00701034115627408
0,0,0.00019496011373121291
1,1,0.9992585778236389
0,0,7.805771929270122e-06
0,0,0.0004904490779154003
0,0,0.0007573365583084524
0,0,2.573019446572289e-05
0,0,0.081231988966465
0,1,0.5685792565345764
1,0,0.02416069805622101
1,0,0.3828221261501312
0,0,0.00017102975107263774
0,0,0.0002857396029867232
0,0,0.0053445990197360516
0,0,0.00022931596322450787
1,1,0.9943150877952576
0,1,0.6227523684501648
0,0,0.0054091825149953365
1,1,0.9988413453102112
0,0,5.887074166821549e-06
0,0,0.0013164285337552428
0,0,0.004544342402368784
0,0,9.032033995026723e-05
1,1,0.9996180534362793
1,1,0.7431724667549133
0,1,0.9938545227050781
0,0,0.00216858834028244
0,0,0.031898368149995804
1,1,0.9943627119064331
1,1,0.9990196228027344
1,1,0.9999382495880127
1,1,0.9984778761863708
0,0,0.07124051451683044
1,1,0.9987812638282776
1,1,0.9519500732421875
1,1,0.9999409914016724
1,1,0.8994140028953552
1,1,0.9998714923858643
1,1,0.9311820864677429
1,1,0.9980109333992004
1,1,0.9994213581085205
0,0,0.007773691788315773
0,0,0.0021146887447685003
1,1,0.9998542070388794
1,1,0.998734176158905
1,1,0.999921441078186
0,0,0.005681492388248444
1,1,0.9987061023712158
0,0,0.0005060948897153139
1,1,0.9988375306129456
1,1,0.9928354620933533
1,1,0.998946487903595
1,1,0.8917391300201416
1,1,0.9872272610664368
1,1,0.9955689311027527
0,0,0.2212725728750229
0,0,2.907287489506416e-05
1,1,0.9976365566253662
1,1,0.9997898936271667
0,0,0.07246508449316025
0,0,0.14400215446949005
0,0,3.6713059671455994e-05
0,0,0.0006143893697299063
1,1,0.9599591493606567
1,1,0.9982208609580994
1,1,0.9999722242355347
1,1,0.9999356269836426
0,0,0.0008895585779100657
0,0,6.874897371744737e-05
1,1,0.9993999004364014
1,1,0.9930123686790466
0,0,0.0012193744769319892
0,0,0.051283471286296844
0,0,0.004820389207452536
1,1,0.9998862743377686
0,0,0.00022311067732516676
0,0,0.001401364104822278
0,0,0.00016378829604946077
0,0,6.62103047943674e-05
0,0,0.000510241137817502
1,1,0.9985752105712891
1,0,0.08173295855522156
0,0,0.0084884287789464
0,0,0.48694825172424316
0,1,0.8231280446052551
1,1,0.945895791053772
1,1,0.9371665716171265
1,1,0.9909201860427856
0,1,0.9169477820396423
0,0,3.312533954158425e-05
0,1,0.9915499687194824
0,1,0.9859486818313599
0,0,0.0014051810139790177
1,1,0.8897220492362976
0,0,2.4515687982784584e-05
0,0,7.735000690445304e-05
1,1,0.927762508392334
1,1,0.999626874923706
1,1,0.9998923540115356
1,1,0.9996510744094849
0,0,0.2894163727760315
1,1,0.999961256980896
0,1,0.7554320096969604
0,0,0.000283337984001264
0,0,4.7460674977628514e-05
1,1,0.9997802376747131
1,1,0.9988062381744385
1,1,0.9999927282333374
1,1,0.9915419816970825
0,0,0.0005893309134989977
0,0,0.00016530042921658605
1,1,0.9997408986091614
1,1,0.9929795861244202
0,0,4.20605247200001e-05
1,1,0.9993256330490112
1,1,0.6725645065307617
1,1,0.9993707537651062
0,0,0.0004575258935801685
1,1,0.9998669624328613
1,0,0.0054842084646224976
1,1,0.9996992349624634
1,1,0.9907246232032776
0,0,1.7498269926363719e-06
0,0,1.829317170631839e-06
0,0,1.1770535820687655e-05
1,1,0.9103600978851318
1,1,0.996702253818512
0,0,0.00018110076780430973
1,1,0.9982628226280212
1,1,0.9967219233512878
0,0,0.0010935214813798666
1,1,0.7912541031837463
1,1,0.9999421834945679
1,1,0.9965240359306335
1,1,0.7309514880180359
0,0,0.00531395897269249
0,0,0.001990161370486021
0,0,9.308620064985007e-06
1,1,0.9653884768486023
1,1,0.999937891960144
0,0,0.00013442948693409562
1,1,0.99970942735672
0,0,5.176621925784275e-05
1,1,0.9995563626289368
0,0,0.007197684608399868
0,0,0.10692118108272552
1,1,0.9967511892318726
0,0,2.587779272289481e-05
1,1,0.9999545812606812
1,0,0.048510897904634476
1,0,0.22383984923362732
1,1,0.9997598528862
0,0,0.0008602774469181895
0,0,0.000985626014880836
0,0,0.06336625665426254
0,1,0.9155749082565308
1,1,0.9989363551139832
0,0,0.001016738940961659
1,1,0.9924442172050476
0,0,0.3638708293437958
1,1,0.9931811690330505
1,1,0.9112523198127747
0,0,0.010533076710999012
0,0,1.898172195069492e-05
0,0,0.006594252306967974
1,1,0.9999499320983887
1,1,0.9995330572128296
1,1,0.9993985891342163
1,1,0.8387941122055054
1,1,0.9999586343765259
1,1,0.9999872446060181
1,1,0.990230143070221
1,1,0.9820100665092468
1,1,0.9997760653495789
1,1,0.9999672174453735
1,1,0.9999343156814575
0,0,0.0028454125858843327
0,0,0.008385499007999897
0,0,0.0001734627439873293
1,1,0.9998419284820557
0,0,0.0012074295664206147
1,1,0.999790370464325
1,1,0.9995166063308716
1,1,0.9321812987327576
1,1,0.9998062252998352
0,0,8.81836342614406e-07
0,0,0.00044241981231607497
0,0,0.003817942226305604
0,0,0.0023568221367895603
0,0,9.186783427139744e-05
0,0,0.0033984705805778503
0,0,0.004241387825459242
0,0,0.07212749123573303
0,0,7.513255695812404e-05
0,0,0.029333656653761864
0,0,0.00021124527847860008
1,1,0.9979814291000366
1,0,0.36517077684402466
0,0,0.2304016500711441
0,0,0.000355399155523628
0,0,1.061029342963593e-05
0,0,0.012263255193829536
1,1,0.9698721766471863
0,0,0.0038821084890514612
0,0,0.0003872067609336227
1,1,0.9609599709510803
0,0,1.5353023627540097e-05
0,0,0.007142102811485529
0,0,0.00013846794900018722
1,1,0.9955505132675171
1,1,0.9995341300964355
0,0,0.02736038714647293
1,1,0.999699592590332
1,1,0.9994210004806519
0,0,0.03349041938781738
0,0,3.789221591432579e-05
1,1,0.9958648681640625
1,1,0.9998910427093506
1,1,0.9998133778572083
1,1,0.9998636245727539
1,1,0.9996998310089111
0,0,0.011593799106776714
1,1,0.9999496936798096
1,1,0.9996950626373291
1,1,0.9986333250999451
1,1,0.6372243762016296
1,1,0.9998962879180908
1,1,0.9792104363441467
1,1,0.9955617189407349
1,1,0.9924099445343018
0,0,6.466622289735824e-05
1,1,0.9964498281478882
0,0,0.0016603557160124183
1,1,0.9996933937072754
0,1,0.5546358823776245
1,1,0.9960463643074036
0,0,0.00023067690199241042
0,0,0.0010159298544749618
0,0,1.830106157285627e-05
0,0,0.0005879023228771985
1,1,0.9951115250587463
1,1,0.9972857236862183
0,0,0.0007532056770287454
0,0,0.007103819865733385
1,1,0.9976860284805298
1,1,0.9998917579650879
0,0,0.0021217481698840857
0,0,0.00047702621668577194
0,0,0.010528023354709148
0,0,0.007488930132240057
1,1,0.9999237060546875
1,0,0.0029515991918742657
1,1,0.9972288012504578
1,1,0.9997556805610657
1,1,0.9997586607933044
1,1,0.9870291948318481
1,1,0.9996480941772461
1,1,0.971140444278717
1,1,0.7578754425048828
1,1,0.9997684359550476
1,1,0.9906499981880188
1,1,0.9976394176483154
1,1,0.6574704051017761
1,1,0.9992726445198059
0,0,0.00018165625806432217
1,1,0.9962916374206543
1,1,0.9999561309814453
1,1,0.9994915723800659
1,1,0.9997857213020325
1,1,0.9666500091552734
1,1,0.9970629811286926
0,0,0.00018833394278772175
1,1,0.9996864795684814
1,1,0.9985148310661316
0,0,0.005370364058762789
1,1,0.9997915625572205
1,1,0.9978917241096497
0,0,2.479213071637787e-05
0,0,0.0028742807917296886
1,1,0.826322078704834
0,0,0.040189724415540695
0,0,0.07260109484195709
1,1,0.9999529123306274
1,1,0.9998313188552856
1,1,0.9993804693222046
1,1,0.9997712969779968
1,0,0.11945679783821106
1,1,0.9995927214622498
1,1,0.9949942231178284
1,1,0.9928097724914551
0,0,0.17278924584388733
1,1,0.9975776076316833
1,1,0.9868647456169128
1,1,0.9999449253082275
1,0,0.03691544011235237
0,0,0.00016427563969045877
1,1,0.9998414516448975
1,1,0.9993879795074463
0,0,0.00149237597361207
0,0,0.004386891145259142
1,1,0.950253427028656
1,1,0.9994069337844849
1,1,0.9998486042022705
1,1,0.9860959649085999
1,1,0.9597628712654114
0,0,8.055918442551047e-06
1,1,0.9972077012062073
0,0,6.4220134845527355e-06
1,1,0.9999333620071411
1,1,0.6510852575302124
1,1,0.9996790885925293
1,1,0.9987002611160278
1,1,0.8751866221427917
1,1,0.9972199201583862
0,0,0.08888618648052216
1,1,0.9992057681083679
1,1,0.9864121675491333
1,1,0.8985267281532288
1,1,0.9990823268890381
1,1,0.9949634075164795
1,1,0.9996234178543091
1,1,0.9985520243644714
1,1,0.9999555349349976
0,0,0.022339360788464546
1,1,0.9997952580451965
1,1,0.9980524778366089
0,0,0.0006952761905267835
0,0,0.2717180550098419
0,0,0.017118750140070915
1,1,0.9992805123329163
1,1,0.9995701909065247
0,0,0.033811502158641815
1,1,0.6326112747192383
1,1,0.9740700125694275
0,0,1.6011289289963315e-06
0,0,2.3684517145738937e-05
1,1,0.997848629951477
0,0,3.79189737031993e-06
0,0,0.00027415913064032793
1,1,0.983985960483551
1,1,0.9999469518661499
1,1,0.9955148100852966
0,0,0.026331130415201187
0,1,0.9642735123634338
0,0,0.0001551518216729164
1,1,0.9943249821662903
0,0,0.4369557201862335
0,0,7.968873251229525e-05
1,1,0.9999269247055054
0,0,4.195040673948824e-06
0,0,0.00011091198393842205
1,1,0.9999715089797974
0,0,5.38893582415767e-05
1,1,0.9980429410934448
0,0,1.7761434719432145e-05
0,0,0.00020048602891620249
0,0,0.00014028468285687268
0,0,0.2086997926235199
0,0,0.00014542053395416588
0,0,2.1653368094121106e-05
0,0,0.46203675866127014
1,1,0.9110381603240967
0,0,9.15029704628978e-06
1,1,0.9999054670333862
1,1,0.9997865557670593
1,1,0.9946932196617126
0,0,0.010345137678086758
0,0,0.00025353344972245395
1,1,0.8365689516067505
0,0,0.006927295587956905
0,0,0.002638885285705328
1,1,0.9973335266113281
1,1,0.9991777539253235
0,0,0.0059344773180782795
0,0,0.002370139118283987
1,1,0.999640941619873
1,1,0.9717704057693481
0,0,0.0003457734710536897
0,0,0.00032417121110484004
0,0,0.007984956726431847
0,0,7.772858953103423e-05
0,0,0.0004948701825924218
0,1,0.6406387686729431
1,1,0.9973904490470886
0,0,0.2464825063943863
1,1,0.9994975328445435
0,0,8.692647679708898e-05
0,0,0.00011574183736229315
1,1,0.9928529858589172
1,1,0.9993390440940857
0,0,0.09206140041351318
0,0,0.00011961317068198696
0,0,0.009571650065481663
0,0,0.015419470146298409
0,0,0.00017935172945726663
0,0,0.00010833471606019884
1,1,0.9893565773963928
0,0,0.0018534704577177763
0,0,0.00033214985160157084
1,1,0.9324900507926941
0,0,0.008095120079815388
1,1,0.9991220831871033
0,0,0.00035150093026459217
0,0,0.01576991379261017
1,1,0.9995860457420349
1,1,0.9930303692817688
0,0,0.00035264831967651844
0,0,0.00022349775827024132
1,1,0.9999637603759766
1,1,0.9999607801437378
0,0,5.136206709721591e-06
1,1,0.9992638230323792
0,0,0.00010391572868684307
1,1,0.9999735355377197
1,1,0.9994421601295471
0,0,0.011547792702913284
0,1,0.8527531623840332
0,0,0.03596094995737076
0,0,1.5165289369178936e-05
1,1,0.9976893663406372
1,1,0.998824417591095
1,1,0.9963674545288086
1,1,0.9020402431488037
1,1,0.9981257319450378
1,1,0.9993172883987427
1,1,0.996397078037262
1,1,0.9941249489784241
1,1,0.9974121451377869
0,0,9.938369476003572e-05
1,1,0.9999244213104248
1,1,0.9995123147964478
1,1,0.9952994585037231
0,0,0.0013728406047448516
0,0,0.07180466502904892
1,1,0.9999827146530151
0,0,0.00011448513396317139
0,0,0.0023522726260125637
0,0,0.0007955975597724319
0,0,0.002349333604797721
1,1,0.9993335604667664
1,1,0.980010449886322
1,1,0.9999319314956665
1,1,0.9995611310005188
1,0,0.04465043172240257
1,1,0.9985271692276001
0,0,7.190297037595883e-05
0,0,0.0045832437463104725
1,0,0.11820709705352783
1,1,0.99994957447052
1,1,0.9973449110984802
0,0,0.0924907773733139
0,0,0.08566923439502716
0,0,0.00020387204131111503
0,0,0.004260550253093243
1,1,0.9914141297340393
1,1,0.998761773109436
1,1,0.9992243051528931
1,1,0.999895453453064
0,0,0.47767993807792664
1,1,0.9915142059326172
0,0,0.007767294999212027
0,0,0.0004617614031303674
0,0,0.004669060930609703
0,0,0.0018826590385288
1,1,0.9997108578681946
1,1,0.9994315505027771
0,0,0.00804848875850439
0,0,1.3233824574854225e-05
1,1,0.9942030310630798
0,0,0.1986701786518097
0,0,4.408199311001226e-05
0,0,0.007451764773577452
0,0,0.14684836566448212
0,0,0.0007590333698317409
0,0,0.00014804569946136326
0,0,0.016620760783553123
0,0,0.0018174293218180537
1,1,0.9996486902236938
0,0,3.373986328369938e-05
0,0,0.0018897795816883445
0,0,6.689177098451182e-05
1,1,0.995421826839447
1,1,0.9862977266311646
0,1,0.9844145774841309
0,0,0.0005605272017419338
0,0,1.3282908184919506e-05
1,0,0.3553689122200012
1,1,0.8468477725982666
0,0,2.5567316697561182e-05
1,1,0.9999831914901733
1,1,0.9999852180480957
1,1,0.9999496936798096
1,1,0.9996613264083862
1,1,0.9993324875831604
0,0,0.002503802301362157
0,0,0.0033652354031801224
0,1,0.8279528617858887
0,0,2.5797144189709798e-06
1,1,0.9998607635498047
1,1,0.999735414981842
1,1,0.9970755577087402
1,1,0.9997847676277161
0,0,2.5966264729504474e-06
0,0,0.0031126891262829304
1,1,0.9998444318771362
1,1,0.9967412352561951
0,0,0.0001835831644712016
1,0,0.007440043147653341
1,1,0.9988495111465454
0,0,0.00025965040549635887
1,1,0.9993066787719727
1,1,0.9965685606002808
0,0,0.009822024963796139
0,0,0.021663740277290344
1,0,0.08163077384233475
0,0,1.5063097634993028e-05
0,0,0.00017766497330740094
1,0,0.1988896131515503
1,1,0.9954456090927124
1,1,0.998167872428894
0,0,0.008490187115967274
0,0,0.06878185272216797
1,1,0.9995056390762329
0,0,7.575644849566743e-05
1,1,0.9955204725265503
1,1,0.9998891353607178
0,0,0.001141088898293674
0,1,0.9721238017082214
0,0,0.0144045976921916
0,0,0.0013656554510816932
1,1,0.9988962411880493
1,1,0.9999688863754272
0,0,4.3574011215241626e-05
1,1,0.9999673366546631
1,1,0.9999171495437622
0,0,5.3286694310372695e-06
0,0,0.022304940968751907
0,0,0.00034788434277288616
1,1,0.6916284561157227
1,1,0.9893990755081177
0,0,3.156572347506881e-05
1,1,0.9981820583343506
1,1,0.9999426603317261
1,0,0.2331952601671219
0,0,0.001495108474045992
0,0,0.0009302212274633348
0,0,0.01300808135420084
1,1,0.9998519420623779
1,1,0.9999178647994995
1,1,0.9913729429244995
1,0,0.123283751308918
0,0,0.0008404187392443419
0,0,0.0007020154735073447
0,0,0.008040102198719978
0,0,4.103716855752282e-05
0,0,0.006531042512506247
1,1,0.9998365640640259
1,1,0.999478280544281
1,1,0.9996371269226074
0,0,0.0032362723723053932
0,0,0.0001590513566043228
0,0,0.001000688411295414
0,0,0.00033171946415677667
0,0,0.0280348788946867
1,1,0.9998929500579834
1,1,0.9989218711853027
1,1,0.9924019575119019
1,1,0.9976166486740112
1,1,0.9998911619186401
1,0,0.002123461104929447
1,1,0.9979473948478699
1,1,0.9861196279525757
1,1,0.8800147771835327
0,0,0.000475740700494498
0,0,3.526472573867068e-05
0,0,0.4916405975818634
0,0,0.001478766556829214
0,1,0.7447962760925293
0,0,0.10915283113718033
0,0,0.005123641341924667
0,0,4.2654301068978384e-05
0,0,0.0007601970573887229
0,0,0.0006719041266478598
1,1,0.9998618364334106
0,0,0.00044360902393236756
0,0,0.00017890220624394715
0,0,5.9226786106592044e-05
1,1,0.9925238490104675
1,1,0.972385823726654
0,0,8.518810318491887e-06
1,1,0.9889349341392517
0,0,0.001646955730393529
0,0,0.00010773864050861448
0,0,5.786111614725087e-06
1,1,0.9997485280036926
0,0,7.282078877324238e-05
1,1,0.982613742351532
1,1,0.9602153897285461
1,1,0.9832949042320251
1,1,0.999974250793457
0,0,0.00013340296573005617
0,1,0.7433674335479736
0,0,0.03891550004482269
0,0,0.0011959323892369866
0,0,0.006341979373246431
1,1,0.9965971112251282
1,1,0.9999707937240601
1,1,0.9999725818634033
1,1,0.9994637370109558
0,0,0.0008091295603662729
1,1,0.999934196472168
1,1,0.9994433522224426
0,0,7.597000512760133e-05
0,0,0.00085803511319682
1,1,0.9994778037071228
1,1,0.998219907283783
1,1,0.9996165037155151
1,1,0.9980455636978149
1,1,0.9999579191207886
0,0,6.356841913657263e-05
0,0,0.0019882197957485914
1,1,0.9997288584709167
1,1,0.9997847676277161
0,0,0.0001578541414346546
0,0,2.0773439246113412e-05
0,0,0.1259148120880127
0,0,0.0013494349550455809
0,0,0.0005484431749209762
0,0,0.0003393603255972266
1,1,0.9961728453636169
0,0,1.5026466826384421e-05
1,1,0.9979496598243713
1,1,0.9999332427978516
1,1,0.9984265565872192
1,1,0.9997972846031189
1,0,0.0596192367374897
0,0,0.011809909716248512
0,0,0.0008510772604495287
0,0,0.0011750685516744852
0,0,0.0005679349415004253
1,1,0.9994866847991943
1,1,0.9999762773513794
0,0,4.623096901923418e-05
0,0,0.0013045178493484855
1,1,0.9999116659164429
0,0,3.333366294100415e-06
1,1,0.9997815489768982
0,0,0.002460634568706155
0,0,5.068468453828245e-06
1,1,0.9888575077056885
1,1,0.9974806904792786
0,0,0.0005248676752671599
1,1,0.9953108429908752
1,1,0.9436884522438049
1,1,0.9883245229721069
0,0,0.00010074186138808727
0,0,0.00443302234634757
1,1,0.9995989203453064
1,1,0.9994637370109558
0,0,4.610879113897681e-05
1,1,0.941096305847168
1,1,0.9977157115936279
1,1,0.9562520384788513
1,1,0.9991264939308167
1,1,0.9984911680221558
0,0,0.00010971250594593585
0,0,0.00017077049415092915
0,1,0.768515408039093
0,0,0.000577146711293608
0,0,0.0006354085635393858
0,0,4.546779746306129e-05
1,1,0.9999662637710571
1,1,0.9997590184211731
1,1,0.9981762170791626
1,1,0.9998201727867126
1,1,0.999620795249939
1,1,0.9998051524162292
0,0,0.0012839902192354202
0,0,5.404575858847238e-05
0,0,0.0010259055998176336
1,1,0.9930379986763
0,0,1.1171878213644959e-05
0,0,0.0002909575414378196
0,0,0.20302549004554749
1,1,0.9996234178543091
1,1,0.9956933856010437
1,1,0.9999052286148071
1,1,0.9993436932563782
0,0,0.0005294363363645971
1,1,0.9572376012802124
1,1,0.9963292479515076
1,1,0.9998985528945923
1,1,0.9999099969863892
0,0,0.0002259153116028756
0,1,0.5725244283676147
1,1,0.9986459612846375
0,0,0.1107548177242279
0,0,0.00048763767699711025
0,0,0.0002862178080249578
0,0,0.018759815022349358
0,0,0.042827170342206955
0,0,0.012335089966654778
0,0,0.0006150473491288722
1,1,0.5477359890937805
0,0,0.011328094638884068
0,0,0.04684314876794815
0,0,0.0010001660557463765
0,0,0.00014839181676506996
0,0,0.00010137749632121995
0,0,0.0012840720592066646
0,0,0.008680793456733227
1,1,0.9997501969337463
0,0,0.011416363529860973
0,0,8.80738371051848e-05
0,0,5.0779402954503894e-05
1,1,0.9942768216133118
0,0,8.277675078716129e-05
1,1,0.9998375177383423
1,1,0.9873465895652771
1,0,0.08602641522884369
0,0,0.0007612580084241927
1,1,0.995648205280304
1,1,0.963787853717804
0,1,0.8071114420890808
0,1,0.9483889937400818
1,1,0.9974709749221802
0,0,0.010297575034201145
1,1,0.989087700843811
0,0,0.24458608031272888
0,0,5.67382485314738e-05
0,0,8.758062904234976e-05
0,0,0.0008433411712758243
0,0,1.1203716894669924e-05
0,0,1.579053969180677e-05
1,1,0.9999052286148071
0,1,0.8472988605499268
0,0,7.83132272772491e-05
0,0,0.048604194074869156
1,1,0.9427077174186707
1,1,0.9960781931877136
0,0,0.005117444321513176
0,0,0.0008528807084076107
1,1,0.9985824823379517
1,1,0.9988592863082886
0,0,1.3894903077016352e-06
1,1,0.9999344348907471
0,0,0.0006413415540009737
1,1,0.9984419941902161
0,0,8.9118184405379e-06
0,0,0.0007458392065018415
0,0,0.06402891129255295
0,0,8.206333404814359e-06
1,1,0.9965292811393738
1,1,0.9922562837600708
1,1,0.9993948936462402
1,1,0.9999372959136963
1,1,0.992279052734375
1,1,0.9989051818847656
0,0,0.0008859150693751872
0,0,0.0003237974306102842
0,0,0.0008769195410422981
0,0,0.002614178927615285
1,1,0.9989147186279297
1,1,0.9913554787635803
1,1,0.9992615580558777
1,1,0.9995167255401611
0,0,0.004368999972939491
0,0,0.026523899286985397
0,0,4.794048436451703e-05
1,1,0.9997304081916809
1,1,0.9976868629455566
0,1,0.5682603716850281
0,0,0.0002823795366566628
0,0,0.001005643862299621
1,1,0.99652498960495
0,0,0.0404231995344162
1,1,0.9170384407043457
1,1,0.9968959093093872
1,1,0.9716958999633789
0,0,0.012257776223123074
1,1,0.9995734095573425
0,0,0.041714612394571304
1,1,0.9964287877082825
1,1,0.9928326606750488
0,0,0.00033112673554569483
1,1,0.9878397583961487
1,1,0.9975479245185852
0,0,0.002560687018558383
0,0,4.21201330027543e-05
0,0,6.481767195509747e-05
1,1,0.980223536491394
0,0,6.175581074785441e-05
1,1,0.9999843835830688
1,1,0.9999642372131348
0,0,1.6103798543554149e-06
1,1,0.996353268623352
1,1,0.9838917851448059
0,0,0.00029112957417964935
0,0,5.385063559515402e-06
0,0,0.001248487620614469
1,1,0.9994422793388367
0,0,6.644953100476414e-05
0,0,3.032825406990014e-05
1,0,0.00016100787615869194
1,1,0.6256126761436462
0,0,2.3770637199049816e-05
0,0,0.10190409421920776
0,0,0.0017342441715300083
1,1,0.9418420195579529
1,1,0.9556401371955872
0,0,0.0007303095189854503
0,0,1.8618888134369627e-05
0,0,7.457228548446437e-06
0,0,0.0011147164041176438
1,1,0.9253056049346924
0,0,0.002307037590071559
0,0,0.0031614257022738457
0,0,0.0001472572621423751
0,0,0.018209872767329216
0,0,0.00022344915487337857
0,0,0.0008863072143867612
0,0,0.00967797264456749
0,0,0.0007378312875516713
0,0,0.0008666492067277431
0,0,0.03888443857431412
0,0,0.007894194684922695
0,0,0.001285591279156506
0,0,0.000266794377239421
0,1,0.6014717221260071
0,0,0.0018181430641561747
0,0,0.04955786466598511
1,1,0.9079504609107971
0,0,5.9356378187658265e-05
0,0,0.0010574633488431573
0,0,0.17846894264221191
0,0,0.00011389126302674413
0,0,0.0012465078616514802
0,0,0.0005593083333224058
0,0,0.00022886534861754626
1,1,0.999922513961792
0,0,0.0010233119828626513
0,0,4.815601641894318e-06
0,0,0.011575410142540932
1,1,0.9994970560073853
0,0,7.321196608245373e-05
1,1,0.9959278702735901
0,0,0.11933485418558121
0,0,0.0010572673054412007
0,0,4.7900404751999304e-05
0,0,7.590686436742544e-05
1,1,0.9993228912353516
1,1,0.988219141960144
1,1,0.9955577254295349
1,1,0.9998598098754883
0,0,0.10609222948551178
0,0,0.0022859787568449974
0,0,0.000821335706859827
1,1,0.9986535310745239
1,1,0.9998244643211365
1,1,0.9997074007987976
0,0,0.0005363026866689324
0,0,1.1893018381670117e-05
1,1,0.9998319149017334
1,1,0.9969680905342102
1,1,0.9997797608375549
1,1,0.9992876648902893
1,1,0.9999948740005493
1,1,0.9998601675033569
1,1,0.9996912479400635
1,1,0.999548614025116
1,1,0.9999499320983887
0,0,6.061420663172612e-06
1,1,0.999948263168335
1,1,0.6475979089736938
1,1,0.9973505735397339
1,1,0.9983474016189575
1,1,0.9999423027038574
1,1,0.9996416568756104
1,1,0.9999173879623413
1,1,0.9970621466636658
1,1,0.9990536570549011
1,1,0.9995552897453308
1,0,0.04945480450987816
1,1,0.9997164607048035
1,1,0.9905087947845459
1,1,0.9998682737350464
1,1,0.9998378753662109
1,1,0.9999305009841919
1,1,0.9998093247413635
1,1,0.9973102807998657
1,1,0.9988447427749634
1,1,0.9999710321426392
1,1,0.9999592304229736
1,1,0.9891543984413147
1,1,0.79092937707901
1,1,0.9999539852142334
1,1,0.9997623562812805
1,1,0.9974552989006042
1,1,0.9897328019142151
1,1,0.999982476234436
1,1,0.9797558784484863
1,1,0.9999396800994873
0,0,0.000197678804397583
1,1,0.9998143315315247
1,0,0.3061482906341553
0,0,0.00037666771095246077
0,0,0.00017311245028395206
1,1,0.9993906021118164
0,0,0.000587905989959836
0,0,0.0003103328635916114
0,0,0.003281606826931238
0,0,0.03175298497080803
1,1,0.9952378273010254
1,1,0.7417412400245667
1,1,0.9999018907546997
1,1,0.9998569488525391
0,0,6.723218393744901e-05
1,1,0.9999003410339355
1,1,0.9974195957183838
1,1,0.9999486207962036
1,1,0.9975680708885193
1,1,0.9915636777877808
0,0,0.00012991482799407095
1,0,0.43617767095565796
0,0,0.000271968892775476
1,1,0.9997977614402771
1,1,0.9976335763931274
0,0,0.009133091196417809
1,1,0.9801152944564819
1,1,0.9945626854896545
1,1,0.999293327331543
1,1,0.9993684887886047
1,1,0.9992815852165222
0,0,7.686809112783521e-05
1,1,0.9529204368591309
0,0,0.16196590662002563
0,0,0.005004254635423422
1,1,0.9993675351142883
0,0,0.00010954857862088829
0,0,6.685440894216299e-05
0,0,0.002351397881284356
1,1,0.9935411214828491
1,1,0.9998728036880493
0,0,0.012357592582702637
0,0,0.005385211203247309
1,1,0.9999088048934937
1,1,0.9999507665634155
0,0,0.4590987265110016
0,0,0.00024520669830963016
1,0,0.44192180037498474
0,0,0.005622536409646273
0,0,0.0006015649414621294
0,0,5.0669983465922996e-05
1,1,0.9902706146240234
1,1,0.9990094900131226
0,0,2.271188895974774e-05
1,1,0.9993683695793152
1,1,0.9999829530715942
0,0,9.77751478785649e-05
0,0,1.64802186191082e-05
1,1,0.9976237416267395
0,0,0.017153942957520485
0,0,0.0039058695547282696
1,1,0.9959740042686462
0,0,0.0029214280657470226
1,0,0.45010244846343994
1,1,0.9162483215332031
1,1,0.999933123588562
1,1,0.9975500702857971
0,0,0.0004569183220155537
0,0,8.122570761770476e-06
0,0,0.00019201940449420363
1,1,0.9976170063018799
0,0,0.0006757971132174134
0,0,2.1911802832619287e-05
0,0,1.3618222510558553e-05
0,0,0.0075521827675402164
0,0,0.0016798522556200624
1,1,0.985288679599762
0,0,0.00037485244683921337
1,1,0.8702055811882019
0,0,7.831658149370924e-05
0,0,0.000879408442415297
1,1,0.9948923587799072
1,1,0.9911296367645264
0,0,5.155929466127418e-05
0,0,0.01688901148736477
0,0,0.017276082187891006
1,1,0.9996212720870972
1,1,0.9964749217033386
0,0,0.0026143728755414486
1,1,0.9998704195022583
1,1,0.9992498755455017
1,1,0.9996899366378784
0,0,5.6083634262904525e-05
1,0,0.14167183637619019
0,0,0.0001605289726285264
1,1,0.998490571975708
1,1,0.8854595422744751
0,0,0.005498390179127455
1,1,0.9940500855445862
0,0,0.45993050932884216
1,1,0.998877227306366
1,1,0.9813747406005859
0,0,0.0019892591517418623
1,1,0.9999762773513794
0,0,0.003070811741054058
1,1,0.9999984502792358
1,1,0.9961773157119751
0,0,0.0009145060903392732
0,0,7.881261808506679e-06
0,1,0.6421760320663452
0,0,0.011386695317924023
0,0,0.0014007964637130499
0,0,0.004027459770441055
0,0,0.06687626987695694
1,1,0.9852016568183899
0,0,0.00018520878802519292
0,0,0.00011740231275325641
1,1,0.9917154908180237
0,0,0.037388019263744354
0,0,0.162217915058136
1,1,0.9974843263626099
0,0,0.0015544180059805512
0,0,0.026307344436645508
0,1,0.7353112697601318
1,1,0.9967541098594666
1,1,0.9870815873146057
0,0,9.141556802205741e-06
0,0,0.00024729676079005003
1,1,0.9998176693916321
1,1,0.9738128781318665
1,1,0.9851593375205994
1,1,0.9927420616149902
1,1,0.9997422099113464
0,0,3.7313915527192876e-05
0,0,0.00034657970536500216
1,1,0.5121718049049377
1,1,0.9999377727508545
1,1,0.9978612065315247
1,1,0.973828136920929
0,0,0.021715570241212845
1,1,0.9977444410324097
1,1,0.9906959533691406
0,0,0.0002745436504483223
1,1,0.9965468049049377
1,1,0.9945893287658691
1,1,0.9870297312736511
1,1,0.9999966621398926
1,1,0.9942618608474731
1,1,0.9995635151863098
1,1,0.7694613337516785
1,1,0.9992142915725708
1,1,0.9540806412696838
1,0,0.472801148891449
1,1,0.9988424181938171
1,1,0.9999076128005981
1,1,0.985454797744751
0,0,0.0011388524435460567
1,1,0.9999754428863525
0,0,4.785967757925391e-05
1,1,0.9999638795852661
1,1,0.9999680519104004
1,1,0.9994019269943237
1,1,0.9978245496749878
0,0,4.2979158024536446e-05
0,0,0.00015242277004290372
0,0,4.704888488049619e-05
0,0,0.4697122573852539
1,1,0.9981098175048828
0,0,1.786001848813612e-05
1,1,0.7796855568885803
0,0,0.0001402243651682511
0,0,0.0025065848603844643
1,0,0.010723643004894257
0,1,0.6234391331672668
0,0,0.019292887300252914
1,1,0.9859226942062378
1,1,0.9995296001434326
1,1,0.9994762539863586
0,0,0.002923998748883605
1,1,0.7810380458831787
1,1,0.9954541921615601
0,0,8.081606210907921e-05
0,0,0.0001076074258890003
0,0,8.461210200039204e-06
1,1,0.9965311884880066
0,0,0.0009967738296836615
0,0,0.004665829241275787
0,0,0.002932996256276965
0,0,4.88640534967999e-06
1,1,0.9117206931114197
0,0,0.0006891309167258441
1,1,0.9994226694107056
1,1,0.9981299042701721
1,1,0.9994637370109558
0,0,6.692293936794158e-07
0,0,0.00726231699809432
0,0,0.0033512692898511887
1,1,0.9761613011360168
0,0,0.00011445116979302838
1,0,0.051877543330192566
0,0,0.0007099565118551254
0,0,0.0010437284363433719
1,1,0.9998743534088135
0,0,9.452425001654774e-05
1,1,0.9962016940116882
0,0,8.890797471394762e-05
0,0,0.05260438472032547
1,1,0.9997560381889343
1,1,0.9981978535652161
0,0,8.971945499069989e-05
1,1,0.9997219443321228
1,1,0.9963356256484985
1,1,0.9989662170410156
1,1,0.9997445940971375
0,0,0.0002323234803043306
1,1,0.999969482421875
1,1,0.9993550181388855
0,0,0.0001971054880414158
0,0,0.00036451846244744956
1,1,0.9992223978042603
1,1,0.9999750852584839
0,0,0.004373038187623024
0,0,6.894323450978845e-05
0,0,0.0005712264101020992
1,1,0.9998693466186523
0,0,0.029317552223801613
1,0,0.11191295087337494
0,0,0.0011569384951144457
1,0,0.08057976514101028
0,0,3.068990190513432e-05
0,0,0.0019232990453019738
1,1,0.9995229244232178
1,1,0.7081451416015625
1,1,0.9999672174453735
1,1,0.9996911287307739
1,1,0.9924367070198059
0,0,0.47531354427337646
1,1,0.9997110962867737
1,0,0.32674139738082886
0,0,0.0009675638284534216
0,0,2.1207364625297487e-05
0,0,0.008789222687482834
0,0,4.646071829483844e-06
0,0,0.00020242240861989558
0,0,3.2536652724957094e-05
1,0,0.0014464861014857888
1,1,0.999834418296814
1,1,0.9997920393943787
0,0,0.00025902484776452184
1,1,0.9989509582519531
1,1,0.9999169111251831
1,1,0.9964221715927124
0,0,0.0010123675456270576
0,0,0.0002639764570631087
0,0,0.05413525179028511
0,0,0.00034220272209495306
1,1,0.999561607837677
0,0,0.014268849976360798
0,0,1.4549405022989959e-06
1,1,0.9978792667388916
0,0,0.0005041278200224042
1,1,0.9982064962387085
1,1,0.9976755976676941
1,1,0.999393105506897
1,0,0.2887117564678192
1,1,0.9973840117454529
1,1,0.9992546439170837
1,1,0.9999502897262573
1,1,0.9827411770820618
0,0,0.01532063540071249
1,1,0.9970230460166931
1,1,0.889300525188446
1,1,0.9993997812271118
1,0,0.004251099657267332
1,1,0.9963621497154236
1,1,0.9975179433822632
0,0,0.00019332503143232316
1,1,0.993686854839325
0,0,6.200950156198815e-05
1,1,0.9998657703399658
1,0,0.10945955663919449
0,0,0.003622835036367178
1,1,0.9978466033935547
1,1,0.9999521970748901
0,0,4.684987652581185e-05
1,1,0.9967604279518127
1,1,0.9997231364250183
1,1,0.9995587468147278
1,1,0.9937856197357178
0,0,0.0021344705019146204
1,1,0.999272882938385
1,1,0.5127256512641907
1,1,0.9995656609535217
0,0,0.0026061187963932753
0,0,4.946309854858555e-05
1,1,0.977977991104126
0,0,0.011741528287529945
1,1,0.9982495903968811
0,0,7.032711891952204e-06
1,1,0.9815125465393066
0,0,0.0008622055174782872
0,0,0.00012144538050051779
1,1,0.9997949004173279
0,0,5.2828152547590435e-05
0,0,6.194903835421428e-05
0,0,0.027911687269806862
1,1,0.6527266502380371
1,1,0.9984671473503113
1,1,0.9996283054351807
1,1,0.8914811611175537
0,0,0.0024442458525300026
0,0,9.06547938939184e-05
1,1,0.9997124075889587
0,0,0.033114150166511536
0,0,0.023560330271720886
0,0,0.0006737476796843112
1,1,0.9999442100524902
1,1,0.9931488633155823
1,1,0.9993332028388977
1,1,0.9754406213760376
1,1,0.9994277358055115
1,1,0.9999649524688721
0,0,0.02665053866803646
1,1,0.7495072484016418
1,1,0.9991611242294312
0,0,9.622317156754434e-05
0,0,0.0014600736321881413
0,0,0.01689179241657257
1,1,0.853892982006073
0,0,8.138820703607053e-05
1,0,0.07306019961833954
1,1,0.9999520778656006
0,0,0.0011371586006134748
1,1,0.9955926537513733
1,1,0.9907979965209961
1,0,0.3038804531097412
1,1,0.9871606826782227
1,0,0.4948848485946655
0,0,0.000343557185260579
1,1,0.9745229482650757
0,0,0.001562504912726581
1,1,0.9998794794082642
0,0,0.00018292598542757332
0,0,3.202770358257112e-06
1,1,0.9999850988388062
0,0,0.05753765627741814
1,1,0.9999604225158691
1,1,0.9992619156837463
0,0,6.500088784378022e-05
1,1,0.9999868869781494
0,0,0.004791474901139736
1,1,0.9996188879013062
1,1,0.9999101161956787
1,1,0.9999288320541382
0,1,0.5854071974754333
1,1,0.9992653727531433
0,0,0.0035564186982810497
1,1,0.9979496598243713
0,1,0.7035133838653564
1,1,0.9995404481887817
0,0,0.00013072554429527372
1,1,0.7773615717887878
0,0,8.07523974799551e-06
0,0,0.0001962866954272613
1,1,0.9941369295120239
0,0,0.04074392840266228
0,0,0.0006160592893138528
0,0,0.009460571222007275
1,1,0.9988466501235962
0,0,0.0030320684891194105
1,1,0.9997815489768982
0,0,0.27858468890190125
1,1,0.8830708861351013
0,0,0.00011937024828512222
1,1,0.9998705387115479
1,1,0.9942664504051208
0,0,7.592481415485963e-05
1,1,0.9752628207206726
0,0,0.00011789828567998484
1,1,0.9995418787002563
1,1,0.9992901086807251
0,0,0.002281645778566599
0,0,0.2931777536869049
1,1,0.9916151762008667
1,1,0.9349318742752075
1,1,0.9970980882644653
0,1,0.9496367573738098
1,1,0.998018741607666
1,1,0.9858070611953735
1,1,0.9999003410339355
1,1,0.9998719692230225
0,0,0.2797565162181854
1,1,0.9998984336853027
1,1,0.9998408555984497
0,0,0.0005836291238665581
1,1,0.9995427131652832
1,1,0.9986121654510498
0,0,0.00013366297935135663
1,1,0.8393948078155518
1,1,0.9995608925819397
1,1,0.9519856572151184
1,1,0.9986817240715027
1,1,0.9985118508338928
1,1,0.9978475570678711
0,0,0.004559951834380627
0,0,8.338034967891872e-05
0,0,0.000210441168746911
0,0,6.153078720672056e-05
0,0,0.003051130101084709
0,0,0.053741104900836945
0,0,0.0033119316212832928
0,0,0.28238263726234436
1,1,0.9996745586395264
0,0,0.0007894013542681932
0,0,0.001511443522758782
0,1,0.9231734871864319
1,1,0.9999434947967529
1,1,0.9991768002510071
1,1,0.9998620748519897
0,0,0.311230331659317
1,1,0.9981980919837952
1,1,0.9442930221557617
0,0,0.001458540209569037
0,0,0.019800405949354172
0,1,0.9791961312294006
0,0,0.272807240486145
0,0,7.404276402667165e-05
1,1,0.9931753277778625
1,1,0.9962435960769653
0,0,1.1616113624768332e-05
1,1,0.9992449283599854
0,0,0.0007622913690283895
1,1,0.9963060617446899
1,1,0.9991555213928223
0,0,2.0242869140929542e-05
1,1,0.9994588494300842
0,0,0.008182254619896412
1,1,0.9999650716781616
1,1,0.9734766483306885
0,0,3.134306098218076e-06
0,0,0.025512998923659325
0,0,9.908940410241485e-05
1,1,0.9919906258583069
1,1,0.9964693784713745
1,1,0.9901513457298279
0,0,0.0004280023567844182
0,0,0.0011888252338394523
0,0,0.00020156496611889452
0,0,0.00044912550947628915
0,0,0.0001278279087273404
0,0,8.895690552890301e-05
0,0,0.011043215170502663
1,1,0.9998968839645386
1,1,0.9999808073043823
1,1,0.9948965907096863
0,0,0.2370203733444214
1,1,0.9998553991317749
0,0,0.3653905391693115
0,0,0.0001243145961780101
1,1,0.9999228715896606
1,1,0.9999949932098389
1,1,0.9997332692146301
1,1,0.9999371767044067
0,0,0.0015779727837070823
1,1,0.9997945427894592
1,1,0.8238587379455566
1,1,0.8696916103363037
1,1,0.9994454979896545
0,0,0.0012550438987091184
0,0,0.0006374178337864578
1,1,0.9970188140869141
1,1,0.9947019219398499
1,1,0.8996018171310425
1,1,0.9976847171783447
1,1,0.9975982308387756
1,1,0.9891762137413025
1,1,0.9996925592422485
0,0,0.005642194766551256
0,0,0.002698934404179454
0,0,0.01417719665914774
1,1,0.9998817443847656
1,1,0.9947964549064636
1,1,0.9994773268699646
1,1,0.9988383650779724
1,1,0.985872745513916
1,1,0.9998984336853027
0,0,1.0036388630396686e-05
0,0,5.4309195547830313e-05
1,1,0.6472960710525513
1,1,0.9966332316398621
1,1,0.9709290862083435
1,1,0.9989786148071289
1,1,0.9957441687583923
1,1,0.9979287385940552
0,0,0.012182134203612804
1,1,0.9864485859870911
0,0,0.005347996950149536
1,0,0.11003496497869492
1,1,0.9994797110557556
1,1,0.9999717473983765
1,1,0.996802568435669
1,1,0.9994361996650696
1,1,0.9965935349464417
1,1,0.9987068176269531
1,1,0.9775246381759644
0,0,0.00022123681264929473
0,0,5.3305819164961576e-05
1,1,0.973734974861145
1,1,0.9720882177352905
0,0,0.07309757173061371
0,0,0.00100545899476856
1,1,0.8709008693695068
1,1,0.9995875954627991
0,0,0.0072225299663841724
1,1,0.9269949197769165
0,0,2.201067763962783e-05
0,0,0.010548488236963749
0,0,0.007424994371831417
0,0,0.0029917575884610415
1,1,0.9769489169120789
1,1,0.9965785145759583
1,0,0.0997878760099411
1,1,0.9986374974250793
1,1,0.9044584631919861
1,1,0.953148365020752
1,1,0.9999635219573975
1,1,0.9999244213104248
1,1,0.9999401569366455
1,1,0.999377965927124
1,1,0.9997751116752625
1,1,0.9991766810417175
0,0,1.45702024383354e-05
1,1,0.9715073108673096
0,0,0.00017740073963068426
0,0,0.0002980382996611297
1,1,0.9998769760131836
1,1,0.9951509237289429
0,0,5.770885309175355e-06
0,0,9.997416782425717e-05
0,0,0.0002820098598022014
1,1,0.9957976341247559
0,0,0.008374297060072422
1,1,0.9986176490783691
0,0,0.0878562182188034
0,0,7.511278090532869e-05
0,0,0.00022796678240410984
1,0,0.23253338038921356
1,1,0.9997541308403015
0,0,0.0001738710852805525
1,1,0.615872323513031
1,1,0.998284637928009
0,0,0.0011773227015510201
0,0,0.0009919689036905766
0,0,1.0520870091568213e-05
1,1,0.9960376024246216
0,0,0.10818188637495041
1,1,0.997368335723877
0,0,0.00032774577266536653
1,1,0.9994970560073853
1,1,0.9004346132278442
1,1,0.9875125288963318
1,1,0.9985858201980591
1,1,0.9994553923606873
1,1,0.9988653659820557
1,1,0.5789910554885864
1,1,0.9981281161308289
1,0,0.43495824933052063
0,0,0.001119554741308093
1,1,0.9998358488082886
1,1,0.9733908176422119
0,0,0.28502190113067627
1,1,0.9997591376304626
0,0,0.014640359207987785
1,1,0.851697564125061
0,0,0.0003149023395963013
0,0,9.521698302705772e-06
0,0,0.0007280670688487589
0,0,0.0033011571504175663
1,1,0.6009922623634338
0,0,0.000144932433613576
0,0,0.07763703167438507
0,0,0.0001127656432799995
1,1,0.9991165995597839
0,0,5.661922386934748e-06
1,1,0.9989637136459351
0,0,0.01132389809936285
0,0,8.914517093217e-05
0,0,6.524370110128075e-05
0,0,6.492456304840744e-05
0,0,0.015328952111303806
0,0,0.029290951788425446
0,0,3.57721874024719e-05
0,0,0.25474366545677185
0,0,0.012761896476149559
0,0,0.40122076869010925
0,0,0.09581329673528671
0,0,0.0006631239084526896
0,0,0.006224179640412331
0,0,6.655709148617461e-05
0,0,0.00015628337860107422
0,0,6.870408105896786e-05
0,0,3.4251886518177344e-06
1,1,0.9993064403533936
0,0,0.0015747405122965574
0,0,0.005412908736616373
1,1,0.9874738454818726
0,0,5.28520395164378e-05
1,1,0.9965366125106812
0,1,0.9915688633918762
0,0,0.09580131620168686
1,1,0.9941131472587585
1,1,0.9999663829803467
1,1,0.9997084736824036
1,1,0.7985464930534363
0,0,0.0005375878536142409
1,1,0.9999853372573853
0,0,3.9496564568253234e-05
1,1,0.999099612236023
0,0,2.2674146748613566e-05
1,1,0.9995481371879578
1,1,0.9996787309646606
1,1,0.9996500015258789
1,1,0.9997772574424744
1,1,0.9960302710533142
1,1,0.9999828338623047
1,1,0.9620413184165955
1,1,0.9936011433601379
0,0,0.00033303326927125454
0,0,0.05363954231142998
0,0,0.0004758169234264642
0,0,0.0008390464936383069
1,1,0.9997523427009583
0,0,0.0004902626387774944
0,0,3.402958463993855e-05
0,0,5.304431397235021e-05
1,1,0.9988177418708801
0,0,0.003020235802978277
0,0,9.629569103708491e-05
0,0,0.0008388737915083766
1,1,0.989285409450531
1,1,0.9972936511039734
1,1,0.9998207688331604
0,0,0.006290602497756481
1,1,0.9972615242004395
1,1,0.9999725818634033
0,0,0.014820831827819347
0,0,0.0011353148147463799
0,0,0.06438805907964706
1,1,0.6623247861862183
0,0,0.039090316742658615
0,0,0.039790332317352295
0,0,0.0003833118826150894
0,0,0.005867882631719112
1,0,0.48566028475761414
0,0,1.0366476089984644e-05
0,0,7.518970960518345e-06
1,1,0.9997047781944275
1,1,0.999954342842102
0,0,0.2609334886074066
0,0,0.18856525421142578
0,0,0.0005204317276366055
1,1,0.9993845224380493
1,1,0.9996814727783203
1,1,0.9998047947883606
1,1,0.9995573163032532
0,0,0.0025008521042764187
1,1,0.9992319345474243
1,1,0.9997729659080505
0,0,0.004786075558513403
0,0,0.0009387285099364817
1,1,0.9980669617652893
0,0,0.00030231382697820663
1,1,0.9955064058303833
0,0,0.0002244039496872574
0,0,0.0003216272161807865
0,0,0.0022977301850914955
1,1,0.9981560111045837
0,0,0.0056137884967029095
1,1,0.9139948487281799
0,0,7.669762999285012e-05
0,0,7.764857582515106e-05
0,0,0.0007614963105879724
0,0,7.4558420237735845e-06
0,0,0.020963886752724648
0,0,0.0006803788710385561
0,0,8.389954928134102e-06
0,0,0.00015678309137001634
0,0,0.016519149765372276
1,1,0.9888956546783447
0,0,0.0005811736336909235
0,0,0.004980816040188074
0,0,0.00121384859085083
1,1,0.9997472167015076
1,1,0.9346628189086914
0,0,3.65629603038542e-05
1,1,0.9998822212219238
0,1,0.9805949330329895
0,0,0.01412955392152071
1,1,0.9389296770095825
1,1,0.9945337772369385
1,1,0.9851793646812439
0,0,1.5097928553586826e-05
0,1,0.9867607355117798
0,1,0.955467700958252
0,0,0.0011508963070809841
1,1,0.9995014667510986
0,0,0.00023912216420285404
0,0,0.005399913992732763
0,0,2.0856750779785216e-05
0,0,6.065984780434519e-05
0,0,0.001694677397608757
0,0,0.0013675002846866846
0,0,0.006219287868589163
0,0,0.0006810059421695769
1,1,0.9999048709869385
0,0,0.00010927116818493232
1,1,0.9987234473228455
0,0,0.003361972514539957
0,0,0.0017217645654454827
1,1,0.8972118496894836
0,0,0.19161733984947205
0,0,0.17891013622283936
0,0,0.00012101142056053504
0,0,0.001904278644360602
0,0,3.887549974024296e-05
0,0,4.340922896517441e-05
0,0,5.546877218876034e-05
0,0,4.2430514440638945e-05
1,1,0.9889914989471436
1,1,0.9995219707489014
0,0,0.00013682142889592797
1,1,0.9855157732963562
0,0,0.0003625786630436778
1,1,0.9996553659439087
0,0,0.005476593971252441
1,1,0.9937490224838257
0,0,0.004507207311689854
0,0,0.019022218883037567
1,1,0.9985775947570801
0,0,0.0010970502626150846
0,0,0.22144463658332825
0,0,0.00019103873637504876
0,0,0.18456508219242096
0,0,0.0003747922310139984
0,0,0.00802210345864296
1,1,0.9758056402206421
1,1,0.9979573488235474
1,1,0.9979829788208008
1,1,0.99875807762146
1,1,0.9998823404312134
1,1,0.9998478889465332
0,0,0.003181396285071969
0,0,0.009461854584515095
0,0,0.0001404427457600832
0,0,0.008355505764484406
0,0,6.826670869486406e-05
0,0,0.0009076361893676221
1,1,0.9998948574066162
0,0,0.1698434203863144
0,0,0.0007111466838978231
1,1,0.999721348285675
1,1,0.9892680048942566
0,0,0.0038922722451388836
0,0,0.0002660082536749542
0,0,0.22138993442058563
0,0,0.002978656906634569
1,1,0.9993571639060974
1,1,0.9998064637184143
0,0,0.0001664136361796409
0,0,0.00019532872829586267
0,0,0.0001794379495549947
0,0,0.001620899187400937
0,0,0.00010606149589875713
0,0,0.08733882755041122
0,0,0.0001280815777136013
0,0,0.00018386363808531314
0,0,0.00032465215190313756
1,1,0.9546499848365784
0,0,0.05397581681609154
1,1,0.9550321698188782
1,0,0.22471332550048828
0,0,0.12849293649196625
0,0,0.00573773356154561
0,0,2.953626972157508e-05
1,1,0.999722421169281
1,1,0.9534497261047363
1,1,0.9991635084152222
0,0,0.08419593423604965
0,0,3.7265657738316804e-05
0,0,4.3503946471901145e-06
0,0,0.010520624928176403
0,0,6.50513029540889e-05
0,0,0.00034613607567735016
0,0,0.000620553910266608
1,1,0.9998974800109863
0,0,3.0989911465439945e-05
0,0,0.00010181413381360471
0,0,6.906662747496739e-05
0,0,0.14610381424427032
0,1,0.6994175910949707
0,0,0.0028608725406229496
1,1,0.999262273311615
0,0,0.0001398942113155499
1,1,0.9995560050010681
1,1,0.999975323677063
1,1,0.9999467134475708
0,0,0.04574855789542198
1,0,0.037251971662044525
1,1,0.9992361068725586
1,1,0.9899745583534241
1,1,0.9985236525535583
1,1,0.5457001328468323
0,0,0.0002572709636297077
0,0,0.0005832946044392884
0,1,0.5004670023918152
0,0,5.375386172090657e-05
0,0,0.00021826122247148305
1,1,0.7728809714317322
0,0,0.00019209283345844597
0,0,0.005387712270021439
0,0,0.46935829520225525
0,0,8.564856398152187e-05
0,0,0.00032776486477814615
0,0,0.00018165452638641
0,0,2.867096327463514e-06
1,1,0.998499870300293
1,1,0.9971069693565369
0,0,0.005905019585043192
1,1,0.9950686693191528
0,0,0.0012801667908206582
0,0,0.020703734830021858
0,0,0.0001259075797861442
0,0,0.00015602906933054328
0,0,0.0007657175301574171
0,0,0.0006443263846449554
0,0,0.047705717384815216
0,0,1.8647408069227822e-05
0,0,0.0005374587490223348
0,0,0.005510329734534025
0,0,0.000739046314265579
0,0,0.00039643706986680627
0,0,0.3519830107688904
0,0,0.0005831512389704585
0,0,6.213232700247318e-05
0,0,0.030606700107455254
0,0,0.00133391167037189
0,0,1.0219258911092766e-05
0,0,0.00035369323450140655
0,0,0.0020574391819536686
0,0,0.005519061349332333
0,0,3.9490798371843994e-05
0,0,0.17137034237384796
0,0,0.014796447940170765
0,0,0.00846649706363678
1,1,0.9617512822151184
1,1,0.9871111512184143
1,1,0.9998942613601685
0,0,0.051290348172187805
0,0,0.00038058648351579905
0,0,0.005139840301126242
1,1,0.9999170303344727
1,1,0.9997016787528992
1,1,0.9999762773513794
0,0,0.0014780097408220172
0,0,0.0006830933853052557
0,0,0.001701157889328897
1,1,0.9997395873069763
0,0,0.0001837292074924335
1,1,0.9985743761062622
1,0,0.2796870470046997
1,1,0.9340028166770935
1,1,0.9999327659606934
1,1,0.9514802694320679
1,1,0.9998297691345215
0,0,0.004734968766570091
1,1,0.9793848991394043
1,1,0.9981991648674011
0,0,0.00035848518018610775
1,1,0.9997987151145935
1,1,0.9998574256896973
0,0,0.014106031507253647
0,0,0.0630485862493515
1,0,0.12543390691280365
0,0,0.0001572607143316418
1,1,0.9184590578079224
0,0,2.1494026441359892e-05
0,0,0.012090294621884823
1,1,0.9997052550315857
1,0,0.2857179045677185
0,1,0.9510045647621155
1,1,0.9971185922622681
1,0,0.04790575057268143
0,0,0.003105785232037306
0,0,8.199653166229837e-06
1,1,0.9994714856147766
0,0,1.5060498299135361e-05
1,1,0.9997274279594421
1,1,0.9986955523490906
1,1,0.9995909333229065
1,1,0.9995040893554688
0,0,0.16982996463775635
0,1,0.8998867273330688
0,0,0.0012239902280271053
1,1,0.999976396560669
1,1,0.9998325109481812
1,1,0.998001754283905
1,1,0.9753284454345703
1,1,0.9999557733535767
1,1,0.9535621404647827
0,0,0.00044034505845047534
1,1,0.9977279305458069
1,1,0.9996013045310974
1,1,0.9911035299301147
0,0,9.315249917563051e-05
1,1,0.9825813174247742
1,1,0.9767903089523315
1,1,0.999405026435852
0,0,0.00011081747652497143
1,1,0.9982526898384094
0,0,0.0037701192777603865
1,1,0.9999804496765137
0,0,0.005807810463011265
0,1,0.6594172716140747
0,0,0.00028355172253213823
1,1,0.8167159557342529
0,0,0.0007962514064274728
0,0,0.0165692288428545
1,1,0.9979813694953918
1,1,0.9970898628234863
1,1,0.9999574422836304
0,0,1.3246677781353355e-06
0,0,0.000260577944573015
0,0,0.00010317853593733162
1,1,0.9988288283348083
1,1,0.9999306201934814
1,1,0.9609742164611816
0,0,1.2085361959179863e-05
1,1,0.9999253749847412
0,0,0.0013297456316649914
0,0,0.0721122995018959
0,0,0.0004439893236849457
0,0,0.0016175215132534504
1,1,0.9896774291992188
0,0,0.004609909374266863
0,0,0.000526637420989573
0,0,0.011896414682269096
1,1,0.9985992312431335
1,0,0.17440667748451233
0,0,0.0003529282985255122
0,0,0.0022250472102314234
1,1,0.8686720728874207
1,1,0.9991766810417175
1,1,0.933477520942688
1,1,0.9993665814399719
1,1,0.9939939379692078
0,0,0.17630478739738464
0,0,0.012772325426340103
0,1,0.9908369779586792
1,1,0.9929720759391785
1,1,0.9905053973197937
0,0,0.0009545898647047579
0,0,0.02384856343269348
1,1,0.9995373487472534
0,0,0.0012113485718145967
1,1,0.9995651841163635
1,1,0.9999607801437378
1,0,0.40504053235054016
1,1,0.9995988011360168
0,0,6.720244709867984e-05
1,1,0.900023877620697
1,1,0.9977701902389526
1,1,0.999129593372345
1,1,0.9995942711830139
1,1,0.9992145299911499
1,1,0.9974470138549805
1,1,0.9984233379364014
0,0,0.0005360277718864381
0,0,0.011701122857630253
1,1,0.998751163482666
1,1,0.9997817873954773
1,1,0.9943365454673767
1,0,0.3981211185455322
0,0,0.0026095702778548002
1,1,0.9901565313339233
0,1,0.6764287352561951
0,0,0.000679323507938534
1,1,0.9830227494239807
0,0,0.0002871753240469843
1,1,0.9998499155044556
0,0,0.003886203747242689
1,1,0.9980344176292419
1,1,0.9856981635093689
1,1,0.9991428852081299
1,1,0.9996477365493774
0,0,0.00043002591701224446
1,1,0.998106837272644
0,0,1.487422559875995e-05
0,0,0.0010945157846435905
0,0,0.0012642196379601955
1,1,0.9999548196792603
0,0,0.027595490217208862
0,0,5.4754127631895244e-05
0,0,0.0010716118849813938
1,1,0.9999427795410156
0,0,9.744918543219683e-07
1,1,0.9429036974906921
0,0,0.0012051711091771722
0,0,0.013675139285624027
0,0,0.00021747681603301316
1,1,0.9992302656173706
0,0,0.003710399614647031
1,1,0.999832034111023
1,1,0.9996449947357178
1,1,0.9987409710884094
0,0,1.7437530914321542e-05
0,0,0.00044937070924788713
0,0,0.0006171909626573324
0,0,1.2646991081055603e-06
0,0,1.3771535122941714e-05
0,0,0.001513211289420724
0,0,2.7353955829312326e-06
1,1,0.842561662197113
0,0,0.00033462391002103686
0,0,3.00674560094194e-06
1,1,0.9959145188331604
1,1,0.659101128578186
1,1,0.9916523098945618
1,1,0.9951183795928955
0,0,8.762641664361581e-05
0,0,0.0009036008268594742
1,1,0.5219835042953491
0,0,0.07234031707048416
1,1,0.9810494184494019
1,1,0.8967106342315674
1,1,0.9958486557006836
1,1,0.9999301433563232
0,0,4.0062136577034835e-06
0,0,0.00014810626453254372
0,0,0.00043701956747099757
0,0,9.295516065321863e-05
0,0,0.00693358713760972
0,0,0.1741754710674286
1,1,0.9812145233154297
1,1,0.9993175268173218
1,0,0.009761459194123745
1,1,0.9964843988418579
1,1,0.9579577445983887
0,0,6.331469194265082e-05
0,0,9.414573469257448e-06
1,1,0.9586053490638733
1,1,0.998719334602356
0,0,0.011050081811845303
1,1,0.9985913634300232
1,1,0.9996415376663208
0,0,0.019559457898139954
0,0,7.410202670143917e-05
0,0,0.0012728688307106495
1,1,0.9920893907546997
1,1,0.9899570345878601
1,1,0.9987209439277649
0,0,0.021927496418356895
1,1,0.9997466206550598
1,1,0.9317091703414917
1,1,0.9960065484046936
0,0,0.00015550579701084644
1,1,0.9999767541885376
0,0,9.919906733557582e-05
1,0,0.18615080416202545
0,0,4.29955507570412e-05
1,1,0.9439138770103455
1,1,0.9992563128471375
0,0,0.05202709883451462
1,0,0.028913309797644615
1,1,0.9949054718017578
1,1,0.9881369471549988
1,1,0.9024487733840942
0,0,0.0003239833458792418
1,1,0.9999430179595947
0,0,1.7294592908001505e-05
0,0,1.4461767023021821e-05
0,0,4.122196514799725e-06
1,1,0.9986395239830017
0,0,0.00020914236665703356
0,0,0.0006697936914861202
0,0,0.004904365167021751
1,1,0.9986947178840637
0,0,0.004565944895148277
1,1,0.9958974123001099
1,1,0.9987408518791199
0,0,3.055072738789022e-05
0,0,0.07048426568508148
0,0,0.0048194508999586105
1,1,0.7250303030014038
1,1,0.9994787573814392
0,0,0.0039137303829193115
0,0,0.0030600125901401043
0,0,0.0022685392759740353
0,0,0.0011152916122227907
1,1,0.9995854496955872
1,1,0.9745312333106995
1,1,0.9915685057640076
0,0,0.036978233605623245
0,0,0.000699278200045228
0,0,4.946909029968083e-05
0,0,0.001137621235102415
0,0,3.515043863444589e-05
0,0,0.00468285521492362
1,1,0.7984561920166016
1,1,0.9842185378074646
1,1,0.9971978664398193
1,1,0.9760110378265381
1,1,0.9978629946708679
1,1,0.9922000765800476
0,0,0.0009047621861100197
0,0,7.173791527748108e-05
1,1,0.9996360540390015
1,1,0.999869704246521
1,1,0.9999135732650757
0,0,0.00011886490392498672
1,1,0.995491087436676
1,1,0.9948515295982361
0,0,0.022367820143699646
1,1,0.9721499681472778
0,0,0.000690689601469785
0,0,0.00016901221533771604
0,0,0.003324350109323859
0,0,0.0014244153862819076
0,0,0.0005229715025052428
1,1,0.9945758581161499
1,1,0.9598146080970764
1,1,0.9998512268066406
1,1,0.983445942401886
1,1,0.9976944327354431
0,0,0.012015866115689278
1,1,0.9407314658164978
1,1,0.9934642910957336
1,1,0.9347891211509705
0,0,1.2503950529207941e-05
0,0,0.012075535021722317
0,0,0.003573175286874175
0,0,0.0002961693680845201
0,0,6.926554488018155e-05
1,1,0.9996053576469421
1,1,0.9990484118461609
1,1,0.9910176992416382
0,0,0.00011870056914631277
0,0,0.0005389181897044182
1,1,0.999531626701355
1,1,0.7411206364631653
0,0,0.00012965752102900296
0,0,2.566750299592968e-05
0,0,0.01172721292823553
0,0,7.024534625088563e-06
0,0,0.001222150633111596
1,1,0.9999433755874634
0,0,0.2290351390838623
1,1,0.9561241865158081
1,1,0.9980587363243103
0,0,0.008994128555059433
0,0,0.03544160723686218
0,0,0.0008237938163802028
0,0,0.0008674456039443612
0,0,0.2697715163230896
0,0,1.0342669156671036e-05
0,0,0.010682448744773865
1,1,0.994696855545044
1,0,0.009233898483216763
1,1,0.9991911053657532
1,1,0.994621753692627
1,1,0.9783390760421753
0,0,6.219978968147188e-05
0,0,0.007100538816303015
0,0,0.00040462941979058087
0,0,7.949557766551152e-05
0,1,0.9791219830513
0,0,0.11695509403944016
1,1,0.9997400641441345
0,0,0.06616486608982086
0,0,0.003442913992330432
0,0,0.0006005798932164907
0,0,1.092456113838125e-05
0,0,0.0002699008327908814
1,1,0.9996473789215088
1,1,0.9999775886535645
0,0,0.004915051162242889
1,1,0.9957318902015686
1,1,0.999629020690918
0,0,0.0008606169139966369
1,1,0.9981226325035095
0,0,0.002113363007083535
1,1,0.9991023540496826
1,1,0.9887771010398865
0,0,0.0001664123556111008
0,0,1.648608122195583e-05
0,0,4.425937731866725e-06
1,1,0.9768350124359131
1,1,0.9998210072517395
0,0,0.00018594914581626654
0,0,5.839219011249952e-05
1,1,0.9992586970329285
1,1,0.9995399713516235
1,1,0.9540483951568604
0,0,2.581139597168658e-05
1,1,0.946574330329895
1,1,0.9963024854660034
0,0,0.010826555080711842
1,1,0.9786277413368225
0,0,0.0007400269387289882
1,0,0.29126524925231934
1,1,0.9641238451004028
0,0,0.0004022297798655927
0,0,0.002772448118776083
1,1,0.999580442905426
0,0,0.0004609764146152884
0,0,6.37125049252063e-05
1,1,0.9722431302070618
0,0,8.797977898211684e-06
0,0,8.53404781082645e-05
1,1,0.9999426603317261
1,1,0.9997386336326599
1,1,0.8570554256439209
1,1,0.9996163845062256
1,1,0.709784984588623
1,1,0.9998286962509155
1,1,0.9991230368614197
0,0,0.00015419979172293097
1,1,0.999638557434082
1,1,0.9996819496154785
0,1,0.8589779734611511
0,0,0.00025882833870127797
0,0,0.0005452231271192431
0,0,0.00026757613522931933
1,1,0.9965078234672546
1,0,0.40174731612205505
0,0,0.0023732585832476616
1,1,0.9400618672370911
0,0,0.00015857374819461256
1,1,0.999768078327179
1,1,0.998955249786377
1,1,0.9999562501907349
0,0,0.02393750660121441
0,0,4.856429950450547e-05
1,1,0.6373898983001709
1,1,0.994213879108429
1,1,0.9993972778320312
0,0,0.01384248398244381
0,0,4.7761041059857234e-06
0,0,5.762185901403427e-05
1,1,0.9998145699501038
1,1,0.9601877331733704
0,0,7.334529072977602e-05
0,0,0.00011555150558706373
1,1,0.9999672174453735
1,1,0.9999381303787231
0,0,0.0006071351817809045
1,1,0.9999144077301025
0,0,7.747521158307791e-05
1,1,0.9999388456344604
0,0,0.004190889187157154
1,1,0.9998346567153931
0,0,1.3987882084620651e-05
0,0,0.0007424413342960179
0,0,0.015101805329322815
0,0,1.7208121789735742e-05
0,0,0.019003817811608315
1,1,0.9968486428260803
0,0,0.002983939368277788
0,0,0.001175607554614544
0,0,0.005902881268411875
0,0,8.972236537374556e-05
0,0,0.12811948359012604
0,0,0.0007077499176375568
0,0,5.7975936215370893e-05
0,0,0.00010922450019279495
1,1,0.977527916431427
1,1,0.9994845390319824
0,0,0.0004051713040098548
1,1,0.6423346400260925
1,1,0.9992454051971436
1,1,0.9993038177490234
1,1,0.9996048808097839
1,1,0.9980219602584839
1,1,0.9998760223388672
1,1,0.848889172077179
1,0,0.45458313822746277
1,1,0.9882135391235352
1,1,0.9994515776634216
1,1,0.9817243814468384
0,0,0.0031044790521264076
0,0,0.03159748762845993
1,1,0.9978687763214111
0,0,0.004578123334795237
1,1,0.9851843118667603
0,0,5.1945327868452296e-05
1,0,0.05876507982611656
1,1,0.9996066689491272
1,1,0.9999709129333496
0,0,0.003229457652196288
1,1,0.9998953342437744
0,0,0.00033493313821963966
1,1,0.9997795224189758
1,1,0.9999808073043823
1,1,0.9964434504508972
1,1,0.9983585476875305
1,1,0.9628592729568481
0,0,0.002464817836880684
1,1,0.995771586894989
0,0,0.005399447865784168
1,1,0.9993751645088196
1,1,0.9980574250221252
1,1,0.9958919286727905
0,0,7.83721698098816e-05
1,1,0.9998347759246826
1,1,0.9997252821922302
0,0,0.00013089118874631822
0,0,0.10379195958375931
1,1,0.9928712248802185
1,1,0.9945407509803772
1,1,0.9995588660240173
1,1,0.8559187650680542
1,1,0.9999405145645142
0,0,0.0003613055741880089
0,0,0.0010393516859039664
0,1,0.9953798055648804
0,0,0.0015697933267802
0,0,0.004798421636223793
1,1,0.9247310757637024
1,1,0.9991401433944702
0,0,0.082717165350914
0,0,0.19939574599266052
1,1,0.9977210164070129
1,1,0.9855157732963562
1,1,0.9980103373527527
0,0,0.0036297885235399008
1,1,0.8679722547531128
0,0,0.00042524829041212797
1,1,0.7594501376152039
0,1,0.9661021828651428
0,0,0.0010789822554215789
0,0,0.004875447601079941
0,0,0.0018907171906903386
0,0,0.0016729062190279365
1,1,0.9404100179672241
0,0,0.0014262695331126451
1,1,0.9997244477272034
1,1,0.9972279667854309
1,1,0.996639609336853
1,1,0.9944846034049988
1,1,0.9616990089416504
0,0,6.805844896007329e-05
1,1,0.997998058795929
0,0,2.9217710107332096e-05
1,1,0.9880780577659607
1,1,0.9996337890625
1,1,0.9999595880508423
1,1,0.9315376281738281
0,0,0.0016474983422085643
0,0,0.009251704439520836
1,1,0.9993529915809631
0,0,0.00999666191637516
1,1,0.9999657869338989
1,1,0.9995689988136292
1,1,0.9399436712265015
0,0,0.012388964183628559
0,0,0.0010784381302073598
1,1,0.9973526000976562
1,1,0.6293815970420837
1,1,0.9993129968643188
1,0,0.3368282616138458
1,1,0.5338491201400757
1,1,0.9998559951782227
0,0,0.0003527668595779687
1,1,0.9866179823875427
0,0,0.0019026569789275527
1,1,0.9992086291313171
0,0,0.00043917589937336743
0,0,0.00014720966282766312
1,1,0.9624952673912048
0,0,0.00023112844792194664
0,0,0.03300146386027336
0,0,0.0030316358897835016
0,0,0.002014011377468705
1,1,0.9996970891952515
0,0,0.0016778461867943406
1,1,0.9992086291313171
1,1,0.9998345375061035
0,0,0.0010154909687116742
0,0,2.2157519197207876e-06
1,1,0.9953591227531433
0,0,0.006040266249328852
0,0,0.008020376786589622
0,0,0.005716277286410332
0,0,8.594678365625441e-05
0,0,1.7194699921674328e-06
0,0,1.2640775821637362e-05
0,0,0.01856808550655842
0,0,0.0012940129963681102
1,1,0.9999090433120728
1,1,0.9991125464439392
1,1,0.9995303153991699
0,0,1.0895656487264205e-05
1,1,0.9999047517776489
0,0,0.0002660896861925721
0,0,0.0009324253187514842
0,0,0.42614346742630005
0,0,0.0004673917137552053
1,1,0.9996999502182007
1,1,0.9975839853286743
0,0,0.000776688102632761
1,1,0.9997988343238831
0,0,0.004693248309195042
0,0,0.0011855440679937601
1,1,0.9964973330497742
1,1,0.9998747110366821
1,1,0.7362567782402039
1,1,0.9997071623802185
1,1,0.9881311655044556
1,1,0.999519944190979
1,1,0.9990010857582092
1,1,0.9985081553459167
1,1,0.9994181394577026
0,0,0.003279837081208825
1,1,0.9997308850288391
0,0,0.00534452311694622
1,1,0.9287104606628418
0,0,0.003769612405449152
0,0,0.00040042016189545393
1,1,0.7588719129562378
0,0,0.0005994787206873298
0,0,0.00026543799322098494
0,0,0.0012614964507520199
1,1,0.9994014501571655
0,0,0.45352643728256226
1,1,0.5051751136779785
1,1,0.9977214932441711
1,1,0.9919205904006958
0,0,0.0003732712648343295
1,0,0.39596861600875854
0,0,0.0035785778891295195
0,0,0.22831931710243225
0,0,9.557233170198742e-06
0,0,0.0012963154586032033
0,0,0.0003141688648611307
0,0,3.0265036912169307e-05
0,0,2.08721321541816e-05
1,1,0.9890224933624268
0,0,1.2072357094439212e-05
0,0,0.0009433595114387572
0,1,0.9773329496383667
0,0,0.004435937386006117
0,0,0.001926518278196454
1,1,0.999835729598999
1,1,0.9996007084846497
1,1,0.9995366334915161
1,1,0.9999144077301025
1,1,0.999816358089447
0,0,0.0191205982118845
1,1,0.9980481863021851
0,0,0.0868067741394043
1,0,0.4416893422603607
1,1,0.9958580136299133
1,1,0.9931015968322754
0,0,4.793078005604912e-06
1,1,0.999454915523529
1,1,0.9930101037025452
0,1,0.9852247834205627
0,1,0.9986686706542969
0,0,7.426281808875501e-05
0,0,0.007029619999229908
1,1,0.9998929500579834
0,0,2.719684380281251e-05
0,0,0.00015448530029971153
0,0,0.0020546645391732454
1,1,0.9930292963981628
1,1,0.9929124712944031
1,0,0.05425899848341942
1,1,0.9978061318397522
0,0,0.0009101549512706697
0,0,0.01560120563954115
0,0,0.00028365961043164134
1,1,0.9999862909317017
1,1,0.9955116510391235
0,0,0.2838382124900818
0,0,0.0732569620013237
0,0,0.00013899151235818863
0,0,0.13815173506736755
1,0,0.04185968264937401
0,0,0.0008382081286981702
1,1,0.9986442923545837
0,0,2.821792622853536e-05
0,0,0.00022519765479955822
0,0,0.000852051714900881
0,0,7.854664727346972e-05
0,0,0.001778051140718162
0,0,2.060001133941114e-05
1,1,0.9999128580093384
0,0,0.02453768067061901
0,0,0.008233464322984219
1,1,0.999932050704956
1,1,0.9999263286590576
0,0,0.022247225046157837
1,1,0.9997830986976624
0,0,0.00017977137758862227
0,0,0.0013525157701224089
0,0,1.4003164324094541e-05
1,1,0.9933527708053589
0,0,0.004364710301160812
1,1,0.8645136952400208
1,1,0.9999856948852539
1,0,0.07192665338516235
0,0,3.4266235161339864e-05
0,0,0.029391124844551086
0,0,8.356605394510552e-05
1,0,0.06641149520874023
1,1,0.9855879545211792
0,0,5.1153885578969494e-05
0,0,2.708660304051591e-06
1,1,0.99989914894104
1,1,0.8316230773925781
0,0,0.00016603323456365615
1,1,0.9979444146156311
0,0,0.018751798197627068
1,1,0.9952282905578613
0,0,0.4657594561576843
1,1,0.9986085295677185
0,0,0.08312515914440155
1,1,0.9999101161956787
0,0,1.1806127986346837e-05
1,1,0.9699528217315674
1,1,0.9993785619735718
0,0,4.4588916352950037e-05
1,1,0.9999736547470093
1,1,0.9935401082038879
0,0,2.983541889989283e-05
1,1,0.9998238682746887
1,1,0.9994372725486755
0,0,0.00022408325457945466
0,0,0.0001872618740890175
0,0,0.020310234278440475
0,0,0.00011100423580501229
1,1,0.9998972415924072
1,1,0.9938254356384277
1,1,0.9997338652610779
1,0,0.32326796650886536
1,1,0.999832272529602
0,0,0.00012018873530905694
1,1,0.9995180368423462
1,1,0.9998041987419128
0,0,0.0026476418133825064
0,0,1.7604437744012102e-05
0,0,5.382484960136935e-05
0,0,0.008792742155492306
0,0,0.00016465689986944199
0,0,0.006882150191813707
0,0,2.8846607165178284e-05
1,1,0.9983271956443787
1,1,0.9985767602920532
1,1,0.9998262524604797
1,1,0.9996142387390137
1,1,0.9778286218643188
1,1,0.8305726051330566
1,1,0.9908518195152283
0,1,0.9318271279335022
0,0,0.0008893568301573396
0,0,0.0006091499235481024
1,0,0.3345974385738373
1,1,0.9933843016624451
0,0,0.0009187182295136154
0,0,0.06197820231318474
0,0,8.485266334901098e-06
0,0,0.09707050770521164
1,1,0.9917532205581665
1,1,0.9996022582054138
1,1,0.971195638179779
0,0,9.413287625648081e-05
0,0,5.650730599882081e-05
0,0,0.0016890887636691332
1,1,0.9994223117828369
0,0,0.14431132376194
1,1,0.9966652989387512
0,0,0.00022058426111470908
1,1,0.9998751878738403
1,1,0.9994331002235413
1,1,0.9981231093406677
1,1,0.9996123909950256
1,1,0.9994195699691772
1,1,0.9919065237045288
0,0,0.38914602994918823
1,1,0.9911666512489319
0,0,0.0001595416833879426
0,0,0.0021361173130571842
0,0,2.3379969206871465e-05
0,0,0.1940358281135559
1,1,0.9994725584983826
0,0,5.9548005083343014e-05
0,0,0.0005286572268232703
1,0,0.0345672182738781
0,0,0.0016502063954249024
0,0,6.694624971714802e-06
1,1,0.999874472618103
0,0,0.07200323790311813
0,0,0.0004194039502181113
1,1,0.990568995475769
0,0,5.4199514124775305e-05
0,0,0.004016545135527849
0,0,0.00010720327554736286
1,1,0.9379018545150757
1,1,0.9965324401855469
0,0,0.0013392913388088346
0,0,0.0012939816806465387
1,1,0.9999305009841919
0,0,0.2550739347934723
0,0,0.0005121704889461398
0,0,0.0004404550709296018
1,1,0.6012535691261292
1,1,0.9957910776138306
1,1,0.9996662139892578
0,0,0.0007076992769725621
0,0,0.0010175431380048394
1,1,0.9776284098625183
1,1,0.9991706609725952
1,1,0.9950791597366333
0,0,0.00331380357965827
1,1,0.969544529914856
0,0,4.982516838936135e-05
1,1,0.8835209012031555
1,1,0.9999464750289917
1,1,0.994920551776886
1,1,0.9925850033760071
1,1,0.988578200340271
1,1,0.9672923684120178
0,0,2.04592270165449e-05
1,1,0.9105183482170105
1,1,0.965961754322052
0,0,1.7686286810203455e-05
0,0,0.00841252040117979
1,1,0.9962252378463745
1,1,0.999967098236084
1,1,0.9994756579399109
1,1,0.7351860404014587
1,1,0.9989200830459595
0,0,5.852831236552447e-06
0,0,8.912765042623505e-05
0,0,0.0180029459297657
0,0,2.6688072466640733e-05
1,1,0.798353910446167
1,1,0.9981807470321655
1,1,0.9990015625953674
0,0,0.00010616521467454731
0,0,0.0810166597366333
0,0,0.0007331007509492338
1,1,0.9999608993530273
0,0,0.0007268101908266544
0,0,0.010117562487721443
1,1,0.9996393918991089
0,0,0.00015848335169721395
0,0,0.0001366976648569107
1,1,0.9997555613517761
0,0,0.00028817832935601473
0,0,0.0006698798388242722
0,0,0.03637552261352539
0,0,0.027675647288560867
0,0,5.594262802333105e-06
0,0,1.5417141185025685e-05
1,1,0.9988296627998352
1,1,0.9998791217803955
0,0,0.004606650210916996
1,1,0.9998212456703186
1,1,0.999909520149231
0,0,0.00036578960134647787
0,0,3.221223596483469e-05
0,0,0.00011065358557971194
0,0,0.0006024178583174944
0,0,8.173166133929044e-05
1,1,0.9925218224525452
0,0,6.6845582296082284e-06
1,1,0.992868959903717
0,0,0.00047108903527259827
1,1,0.999021053314209
1,1,0.9849370121955872
1,0,0.03684929758310318
1,1,0.784813642501831
0,0,0.0022271464113146067
0,0,0.00019948113185819238
0,0,0.00010684240987757221
0,0,0.03830250725150108
0,0,0.001545252394862473
0,0,4.917840487905778e-05
1,1,0.6015726327896118
1,1,0.9997500777244568
1,1,0.952362596988678
0,0,0.011998375877737999
1,1,0.9993053674697876
0,0,0.0015013930387794971
0,0,0.00038412160938605666
1,1,0.8299338817596436
0,0,0.0007995946798473597
0,0,0.02042095921933651
0,1,0.961237907409668
1,1,0.9992209672927856
1,1,0.9772218465805054
0,0,0.002486840821802616
1,1,0.9745672345161438
0,1,0.756632387638092
1,1,0.9989767074584961
0,0,0.000367676664609462
0,0,3.459737854427658e-05
0,0,0.009412028826773167
0,0,0.00011520493717398494
0,1,0.964067280292511
0,0,2.5056344384211116e-05
0,0,6.645503890467808e-05
0,1,0.9847167730331421
1,1,0.9980870485305786
1,1,0.9993593096733093
0,1,0.9399378895759583
0,0,0.00025380306760780513
1,1,0.9751135110855103
0,0,0.0523558109998703
0,1,0.5151873826980591
0,0,0.0017408760031685233
1,1,0.9993502497673035
0,0,0.002698617521673441
0,0,0.0008813714375719428
1,1,0.9993513226509094
1,1,0.9892870187759399
1,1,0.9999562501907349
1,1,0.9991251826286316
0,0,0.001534665934741497
0,0,0.051837265491485596
1,1,0.9730028510093689
1,1,0.911537230014801
0,0,0.0007889154949225485
1,0,0.0015832026256248355
1,1,0.94547438621521
0,0,0.29507607221603394
0,0,0.0003091699327342212
0,0,0.000608795031439513
0,0,0.024071818217635155
0,0,0.004280589986592531
1,1,0.989180862903595
0,0,0.0007945127435959876
1,1,0.9998456239700317
1,1,0.9999125003814697
1,1,0.9948967099189758
0,0,0.0014399682404473424
1,1,0.9932684302330017
0,0,0.0002628022339195013
0,0,0.0005747270188294351
1,1,0.9970743656158447
1,1,0.9989411234855652
1,1,0.9990283250808716
1,1,0.9011695384979248
1,1,0.9932977557182312
0,0,6.878215936012566e-05
0,0,0.00015477339911740273
1,1,0.9998958110809326
1,1,0.9999629259109497
0,0,0.00012002232688246295
0,0,0.0018597543239593506
1,1,0.9996670484542847
0,0,0.000444135774159804
0,0,0.00010587951692286879
0,0,3.991184348706156e-05
0,0,0.02522384747862816
1,1,0.9996700286865234
0,0,0.01285236794501543
1,1,0.9999897480010986
0,0,0.00022324302699416876
1,1,0.948566198348999
0,0,9.14977408683626e-06
0,0,0.0006159612676128745
1,1,0.9995483756065369
1,1,0.9996565580368042
1,1,0.9994981288909912
0,0,0.012410534545779228
0,0,0.018485894426703453
0,0,6.431021756725386e-05
1,1,0.9672010540962219
0,0,0.0037374948151409626
0,0,0.03695273771882057
0,0,0.0032223190646618605
0,0,0.00014179821300785989
1,1,0.9998375177383423
1,1,0.5902632474899292
1,1,0.9982385635375977
0,0,0.02199976146221161
1,1,0.9904584884643555
1,1,0.9867908954620361
1,1,0.9998691082000732
1,1,0.999754011631012
1,1,0.9998928308486938
1,1,0.9956989288330078
1,1,0.9935876131057739
1,1,0.9995802044868469
1,1,0.9999836683273315
1,1,0.9998698234558105
0,0,0.030882325023412704
1,1,0.9979296922683716
1,1,0.9995775818824768
1,1,0.8472438454627991
0,0,0.08215823024511337
1,0,0.10233652591705322
1,1,0.9993013143539429
0,0,0.17783790826797485
0,0,0.0008027041330933571
1,1,0.8832961320877075
1,1,0.9992209672927856
0,0,0.0006956300931051373
0,0,3.7477739169844426e-06
1,0,0.06976015120744705
0,0,9.999149369832594e-06
1,1,0.999171257019043
0,0,4.9194586608791724e-05
0,0,0.004616145044565201
1,1,0.9921633005142212
1,1,0.9911634922027588
1,0,0.4463931620121002
0,0,2.1216223103692755e-05
0,0,0.0003500177408568561
0,0,0.015975026413798332
0,0,0.10988908261060715
1,1,0.9994519352912903
1,1,0.9998014569282532
1,1,0.9997292160987854
0,0,0.0006140712066553533
0,0,0.003564103739336133
0,0,3.44274849339854e-05
1,1,0.9995540976524353
1,1,0.9985527396202087
1,1,0.9324444532394409
0,0,0.4244528114795685
0,0,4.231155980960466e-05
1,1,0.9998990297317505
1,1,0.9994947910308838
1,1,0.9764721989631653
1,1,0.9999392032623291
1,1,0.9682556986808777
1,1,0.9990826845169067
1,1,0.9976673126220703
1,1,0.7996104955673218
0,0,0.0010610922472551465
0,0,2.5088289476116188e-05
1,1,0.9999390840530396
1,1,0.6910991072654724
1,1,0.9961584210395813
0,0,2.4775795282039326e-06
1,1,0.9999154806137085
0,0,0.012412101961672306
0,0,0.006477597169578075
1,1,0.9987934827804565
0,0,0.0029340072069317102
0,0,0.3016951084136963
0,0,0.00280654220841825
0,0,0.0009935928974300623
1,1,0.9814631938934326
0,0,5.201891781325685e-06
0,0,0.0002886229776777327
1,1,0.9999747276306152
1,1,0.9870508909225464
1,1,0.9969189167022705
1,1,0.9999645948410034
1,1,0.9942002296447754
0,0,0.00012603995855897665
1,1,0.9993714690208435
1,1,0.9994934797286987
1,1,0.9995729327201843
0,0,0.0018882763106375933
0,0,0.07081149518489838
0,0,0.0001401254558004439
1,1,0.9800497889518738
0,0,1.9440011556071113e-07
0,0,9.301616955781356e-05
0,0,0.0013132246676832438
1,1,0.9724958539009094
1,1,0.7019861340522766
0,0,0.0003671507292892784
0,0,0.0017567354952916503
1,1,0.7438068985939026
0,1,0.5404144525527954
1,1,0.9998227953910828
0,0,0.06474198400974274
0,0,0.0008787240367382765
1,1,0.9993330836296082
1,1,0.9995768666267395
1,1,0.9941157102584839
1,1,0.9368879199028015
1,1,0.9999451637268066
1,1,0.9809110164642334
0,0,0.016730820760130882
1,1,0.9998276233673096
1,1,0.999972939491272
0,0,0.0003766402369365096
1,1,0.9997157454490662
1,1,0.9999349117279053
1,1,0.5075605511665344
1,1,0.9998847246170044
1,1,0.9896498918533325
0,0,0.009825638495385647
0,0,0.02100367844104767
0,0,0.0005427219439297915
1,1,0.9998210072517395
0,0,0.01894642412662506
0,0,3.6338336940389127e-05
1,1,0.9980716109275818
0,0,0.15008635818958282
1,1,0.9986686706542969
0,0,4.454884401638992e-05
0,0,0.14349894225597382
0,0,0.0002445839927531779
0,0,9.006833715829998e-05
1,1,0.9998881816864014
1,1,0.9932265877723694
0,0,9.015762043418363e-05
0,0,5.77054415771272e-05
1,1,0.9998810291290283
0,1,0.8691462874412537
0,0,0.4030478000640869
0,0,0.005473711062222719
1,1,0.999548614025116
0,0,6.409086199710146e-05
0,0,0.0006906158523634076
1,1,0.9959278702735901
1,1,0.9997001886367798
0,0,4.892483048024587e-05
1,1,0.9863081574440002
1,1,0.99775630235672
0,0,2.638028263390879e-06
1,1,0.9999680519104004
0,0,0.00486372783780098
0,0,0.09347795695066452
0,0,0.0018494469113647938
1,1,0.7132329344749451
1,1,0.9934272766113281
1,1,0.9998012185096741
0,0,0.0008390704751946032
1,1,0.9993798732757568
1,1,0.9979709982872009
1,1,0.9991289973258972
1,1,0.9962926506996155
1,1,0.9985476136207581
1,1,0.9999274015426636
1,1,0.9998179078102112
1,1,0.9962730407714844
1,1,0.9999836683273315
0,0,0.006454105023294687
1,1,0.9997099041938782
1,1,0.9994028806686401
1,1,0.9995372295379639
1,1,0.9999010562896729
0,0,0.004934155847877264
1,1,0.9915673136711121
1,1,0.9999942779541016
1,1,0.998755693435669
1,1,0.9986070990562439
0,0,0.0017446089768782258
1,1,0.9938987493515015
1,1,0.9999278783798218
0,0,0.006524863187223673
0,0,0.0008312707068398595
0,0,0.004060006700456142
1,1,0.9918805956840515
1,1,0.9939138293266296
0,0,0.0009684730903245509
1,1,0.9990370273590088
0,0,0.00179824058432132
1,1,0.9997602105140686
1,1,0.9877614974975586
0,0,0.0005496832309290767
1,1,0.9999719858169556
0,0,0.2628883421421051
1,1,0.9997394680976868
0,0,0.06508976966142654
0,0,0.015789533033967018
0,0,0.08440940827131271
0,0,0.0019527495605871081
0,0,0.00011715527216438204
1,1,0.5290409922599792
0,0,0.014677247032523155
1,1,0.9995232820510864
0,0,0.00042903624125756323
1,1,0.9640734195709229
1,1,0.9985617995262146
1,1,0.9990228414535522
0,0,0.00353454053401947
0,0,0.0010170048335567117
0,0,7.605466089444235e-05
0,0,0.0010832702973857522
0,0,8.562529546907172e-05
1,1,0.9989827275276184
1,1,0.9998012185096741
1,1,0.9860365986824036
0,0,0.1890196055173874
1,1,0.9990468621253967
1,1,0.9994065761566162
0,1,0.9635937809944153
0,0,0.28362125158309937
1,1,0.9330461025238037
1,1,0.9997615218162537
0,0,0.00047374682617373765
0,0,3.1668238079873845e-05
0,0,6.3598590713809244e-06
0,0,0.012695137411355972
0,0,0.0002775494649540633
0,0,0.0009780125692486763
0,0,0.000310855801217258
0,0,0.0002479535760357976
0,0,8.673223783262074e-05
0,0,0.0003162206558045
1,1,0.999438464641571
1,1,0.9992082715034485
0,0,0.0071307942271232605
1,1,0.9998952150344849
1,0,0.1334570199251175
0,0,0.052984561771154404
1,1,0.9992971420288086
1,1,0.9999322891235352
1,1,0.996138870716095
0,0,0.00021042028674855828
0,0,0.00024694428429938853
0,1,0.9673076272010803
0,0,0.0001006375823635608
0,0,0.0029551745392382145
0,0,0.10207957774400711
0,0,0.005936725530773401
1,1,0.9746167063713074
0,0,2.2679574612993747e-05
0,0,0.003981551621109247
0,0,0.0004508726706262678
1,1,0.9985754489898682
1,1,0.815528154373169
0,0,0.00019668684399221092
0,0,0.1213814914226532
1,1,0.9980130195617676
0,1,0.8623208403587341
1,1,0.9963086247444153
1,1,0.9993911981582642
1,0,0.44343101978302
0,0,0.012819216586649418
1,1,0.9951848387718201
0,1,0.9932087063789368
1,1,0.9959961175918579
1,1,0.9998881816864014
0,0,0.12219298630952835
0,0,0.21020449697971344
0,0,0.00016428505477961153
0,0,0.0017105003353208303
1,1,0.6247079968452454
1,1,0.9963456988334656
1,1,0.9644556045532227
0,0,0.00013818411389365792
0,0,0.003878403687849641
0,0,7.638974784640595e-05
1,1,0.9983230233192444
1,1,0.999739944934845
1,1,0.9996596574783325
1,1,0.999420166015625
1,1,0.944011926651001
0,0,0.002122966106981039
0,0,0.0007694693049415946
1,1,0.998748779296875
0,0,5.20539288118016e-05
0,0,1.0400295877843746e-06
1,1,0.9993984699249268
1,1,0.5618254542350769
1,1,0.999847412109375
0,0,0.0009727166616357863
1,1,0.9999305009841919
0,0,0.0007707976037636399
0,0,4.2405234125908464e-05
0,0,0.00021653702424373478
1,1,0.9999333620071411
0,0,0.003910008817911148
0,0,1.2180751582491212e-05
0,0,1.9250571767770452e-06
1,1,0.9691104292869568
1,1,0.9763299226760864
0,0,0.004507091362029314
0,0,0.0002262882626382634
0,0,0.010166035033762455
1,1,0.9947211742401123
1,1,0.9999178647994995
1,1,0.9997865557670593
0,0,0.036837171763181686
0,0,0.0016998620703816414
0,0,0.0009686285629868507
0,0,3.0112601962173358e-05
0,0,0.0012662133667618036
0,0,0.0017034822376444936
0,0,0.2273556888103485
0,0,0.00794289167970419
0,0,1.5340699974331073e-05
1,1,0.9597780704498291
0,0,0.0015165653312578797
1,1,0.9989340901374817
0,0,0.00120789953507483
0,0,0.0008290616679005325
0,0,1.5236395483952947e-05
0,0,0.010626059025526047
1,1,0.9999560117721558
1,1,0.9996780157089233
1,1,0.9997320771217346
1,1,0.996301531791687
0,0,1.8394850485492498e-05
1,1,0.9992627501487732
0,0,0.0001686273462837562
1,1,0.9999336004257202
0,0,0.0018316435161978006
0,0,0.0008970504277385771
1,1,0.9946476817131042
0,0,0.010649616830050945
0,0,0.00290683307684958
1,1,0.9986063838005066
1,1,0.9949801564216614
0,0,0.026415547356009483
0,0,0.004100678954273462
0,0,0.025224480777978897
0,0,2.4502085580024868e-05
1,1,0.9993809461593628
0,0,0.003308895044028759
0,1,0.9320340156555176
1,1,0.9992157220840454
1,1,0.9801888465881348
1,1,0.9998175501823425
1,0,0.4237992763519287
1,1,0.9999085664749146
1,1,0.9996974468231201
1,1,0.9979661703109741
0,1,0.9761402010917664
0,0,0.007125111762434244
0,0,0.001888089464046061
1,0,0.0628553256392479
1,1,0.9999498128890991
1,1,0.9957109689712524
0,0,0.1551813781261444
1,1,0.9893129467964172
1,1,0.99089515209198
1,1,0.9988180994987488
1,1,0.9834420084953308
1,1,0.9996728897094727
0,1,0.6095890998840332
0,0,3.544436185620725e-05
1,1,0.9999287128448486
0,0,0.0005162673769518733
1,1,0.9960822463035583
0,0,0.00035979560925625265
0,0,8.938844075601082e-06
0,0,2.7784162739408202e-06
0,0,4.999912107450655e-06
1,1,0.9831262230873108
0,0,0.0010299711721017957
0,0,7.919820927781984e-05
0,0,0.11567918211221695
0,0,0.18860812485218048
0,0,0.00048694509314373136
1,1,0.9999334812164307
1,1,0.995144784450531
1,0,0.23361286520957947
0,0,8.467608131468296e-05
0,0,0.00018964000628329813
1,1,0.9975107908248901
1,1,0.9983803033828735
1,1,0.9992617964744568
1,0,0.049642425030469894
1,1,0.9986265897750854
1,1,0.9994107484817505
1,0,0.281766802072525
0,0,0.0010361730819568038
1,1,0.9795328974723816
1,1,0.9957108497619629
0,0,8.332782272191253e-06
1,1,0.9845395684242249
0,0,9.291945389122702e-06
1,1,0.9991963505744934
1,1,0.9993525147438049
0,0,0.011922772042453289
1,1,0.7023928761482239
1,1,0.9929273724555969
1,1,0.9968703389167786
0,0,2.715112714213319e-05
1,1,0.9993675351142883
0,0,0.0013941599754616618
0,0,0.0004604967834893614
0,0,0.0007152951438911259
1,1,0.9998136162757874
1,1,0.9909570217132568
1,1,0.9999551773071289
0,0,0.007540939841419458
1,1,0.9630087018013
0,0,0.1777673363685608
0,0,1.3872677300241776e-05
0,0,0.08796311914920807
1,1,0.9991043210029602
1,1,0.9989270567893982
0,0,0.0002496220404282212
0,0,6.823775038355961e-05
1,1,0.9998788833618164
1,0,0.06408648192882538
1,1,0.9996657371520996
0,0,0.0010342223104089499
0,0,0.008826806209981441
1,1,0.9999732971191406
1,1,0.999962568283081
1,1,0.9991872906684875
1,1,0.9885469675064087
1,1,0.9994497895240784
1,1,0.9999712705612183
1,1,0.9966320395469666
1,1,0.9974466562271118
1,1,0.9998693466186523
1,1,0.9998716115951538
1,1,0.9948920011520386
0,0,0.015739385038614273
1,1,0.9869294166564941
0,0,0.0004025792586617172
0,0,0.0033826446160674095
0,0,0.011312250047922134
0,0,0.16417565941810608
1,1,0.9933661818504333
1,1,0.9999823570251465
1,1,0.9999347925186157
1,0,0.3430113196372986
0,0,0.00041339430026710033
0,0,0.0003867533814627677
0,0,0.21415764093399048
0,0,0.003409052500501275
0,0,4.876862021774286e-06
0,0,0.03145323321223259
0,0,8.57709237607196e-05
0,0,0.005424174014478922
1,1,0.9995726943016052
0,0,0.07189853489398956
0,0,0.007674487307667732
0,0,0.00011295398871880025
0,0,0.0001829798857215792
0,0,0.0007225939189083874
1,1,0.9818118214607239
1,1,0.9999805688858032
0,0,0.010307594202458858
1,1,0.9999300241470337
0,0,0.0002827680145855993
1,1,0.9993982315063477
1,1,0.9998071789741516
0,0,0.00013709555787499994
0,0,0.13954021036624908
1,1,0.9993023872375488
0,0,0.0016170794842764735
0,0,0.0007224961300380528
1,1,0.9999560117721558
0,0,2.8078660761821084e-05
0,0,0.005192894488573074
0,0,0.00047003611689433455
1,1,0.9996411800384521
0,0,0.10762940347194672
1,1,0.9707685112953186
0,0,0.005410029087215662
0,0,0.0007801061728969216
1,1,0.9702109694480896
0,0,0.24956199526786804
1,0,0.0024638320319354534
1,1,0.9998038411140442
1,1,0.9992972612380981
0,0,1.5386238374048844e-05
1,1,0.9997947812080383
1,1,0.9998579025268555
1,1,0.9999942779541016
0,0,0.0022594204638153315
0,0,0.043476760387420654
1,1,0.5394996404647827
0,0,0.002004708396270871
1,1,0.9934764504432678
1,1,0.9986886382102966
0,0,0.0006876683328300714
0,0,0.0044388300739228725
1,1,0.9968738555908203
0,0,0.02678479626774788
1,1,0.9999160766601562
1,1,0.9994877576828003
1,1,0.8867923021316528
1,0,0.024281717836856842
1,1,0.9981780052185059
1,1,0.6948778033256531
0,0,0.00016172858886420727
1,0,0.005423441529273987
1,1,0.999841570854187
1,1,0.991856575012207
1,1,0.9998461008071899
1,1,0.9997478127479553
1,1,0.9993559718132019
0,0,0.0019157587084919214
0,0,0.003240374382585287
1,1,0.6190733313560486
1,1,0.9996098875999451
0,0,7.960754010127857e-05
0,0,0.0004257694527041167
1,1,0.9996325969696045
0,0,0.0005226080538704991
0,0,5.650574166793376e-05
0,0,0.001927053788676858
0,0,0.00035733581171371043
0,0,0.00018152847769670188
0,0,5.601374141406268e-06
1,1,0.851165771484375
0,1,0.9684315323829651
0,0,2.6221730877296068e-05
0,0,0.00012053465616190806
0,0,0.0003850495268125087
0,0,0.0027400879189372063
0,0,4.06650860895752e-06
0,0,0.0008933877106755972
0,1,0.9883902072906494
0,0,0.03404095023870468
0,0,0.0006750067113898695
0,0,0.0893026813864708
1,1,0.9303765296936035
1,1,0.9998980760574341
1,1,0.9993323683738708
1,1,0.9990577101707458
1,1,0.9964742064476013
1,1,0.999956488609314
0,0,0.00015489904035348445
1,1,0.9999831914901733
1,1,0.9994713664054871
0,0,0.0013157242210581899
0,0,0.021229585632681847
1,1,0.9991974234580994
1,1,0.9988977909088135
0,0,0.09048311412334442
0,0,0.00029279192676767707
1,1,0.9981923699378967
1,1,0.996736466884613
1,1,0.9994508624076843
0,0,0.007368370890617371
1,1,0.995026171207428
1,1,0.9477664828300476
0,0,0.0020336059387773275
1,1,0.9992637038230896
1,1,0.9824272394180298
1,1,0.9660229682922363
1,1,0.9991710186004639
0,0,0.06850361824035645
0,0,0.00020121701527386904
1,1,0.9976837635040283
1,1,0.9999696016311646
1,1,0.9995408058166504
1,1,0.9574297666549683
1,1,0.9999489784240723
1,1,0.9835119843482971
1,1,0.9986880421638489
0,0,6.726732681272551e-05
1,0,0.2729875147342682
0,0,0.0001352963736280799
0,0,0.0024597521405667067
0,0,0.00010014400322688743
1,1,0.9999395608901978
0,0,0.004823555704206228
1,1,0.9992320537567139
0,0,0.00021473698143381625
1,1,0.9991693496704102
1,0,0.02151242271065712
0,0,0.03700690343976021
0,0,0.00022616788919549435
0,1,0.8515098690986633
0,0,0.0015248676063492894
0,0,0.04604674130678177
0,0,0.0003533562121447176
0,0,0.007827289402484894
0,0,0.0003455594414845109
1,1,0.9868893623352051
1,1,0.991619348526001
0,0,0.00897334422916174
0,0,2.647440487635322e-05
1,1,0.9769769310951233
0,0,0.0005562277510762215
0,0,0.10383003205060959
1,1,0.9840124845504761
0,0,7.106851990101859e-05
0,1,0.9809224009513855
0,0,0.17263689637184143
0,0,0.0071083251386880875
0,0,0.0032554222270846367
0,0,0.0610760860145092
1,1,0.9827240109443665
1,1,0.9962238073348999
1,1,0.9914681911468506
0,1,0.568774938583374
1,1,0.9953631162643433
1,1,0.9676676392555237
1,1,0.9999836683273315
0,0,0.00044975962373428047
1,1,0.9988837838172913
0,1,0.5294198393821716
1,1,0.9997588992118835
0,1,0.5605139136314392
0,0,0.0030818497762084007
0,0,0.0013766898773610592
1,1,0.979504406452179
0,0,9.097081601794343e-06
0,0,0.0003063999174628407
0,0,0.00019747723126783967
1,1,0.9974038004875183
1,1,0.9988251328468323
0,0,0.0007590427994728088
0,0,7.006238593021408e-05
1,1,0.9999687671661377
1,1,0.822221577167511
0,0,0.005140671972185373
0,0,0.004789893049746752
0,0,0.0017976408125832677
0,0,0.012091206386685371
0,0,0.002150819171220064
1,1,0.9945657253265381
1,1,0.9997127652168274
0,0,0.04070259630680084
1,1,0.9994521737098694
1,1,0.9995368719100952
0,1,0.9664784669876099
0,0,0.1788599193096161
0,0,0.013762169517576694
1,1,0.9978494644165039
1,1,0.9844486713409424
1,1,0.9997618794441223
1,1,0.9996311664581299
1,1,0.861602783203125
1,1,0.9989217519760132
0,1,0.993367612361908
0,0,1.547036663396284e-05
1,0,0.21502870321273804
1,1,0.9992421865463257
0,0,9.225787653122097e-05
0,0,0.11684639006853104
0,0,0.015030193142592907
1,1,0.9998798370361328
0,0,0.0001111355668399483
1,1,0.7143722772598267
0,0,0.0008031715988181531
1,1,0.9999138116836548
1,1,0.8842841982841492
0,0,5.074449654784985e-05
1,1,0.9963453412055969
0,0,7.99001099949237e-06
1,0,0.14693988859653473
1,1,0.9937018156051636
1,1,0.9985020160675049
0,0,0.0048229587264359
0,0,0.13434401154518127
0,0,0.033072084188461304
0,0,0.1692989319562912
1,1,0.9388710260391235
0,1,0.8041794300079346
0,0,0.02668723836541176
1,1,0.9465961456298828
1,1,0.9972617626190186
1,1,0.9979374408721924
1,1,0.9999123811721802
0,0,0.00020070599566679448
1,1,0.9997877478599548
0,0,0.013134566135704517
0,0,0.006911661941558123
0,0,7.103606185410172e-05
1,1,0.9999221563339233
1,1,0.9998300075531006
1,1,0.9988258481025696
0,0,0.0011934145586565137
0,0,0.38772499561309814
1,1,0.993240237236023
0,0,3.7726927985204384e-05
1,1,0.9964518547058105
0,0,0.0002386720443610102
1,1,0.9996471405029297
1,1,0.9761407375335693
1,1,0.9992709755897522
1,1,0.9999799728393555
1,1,0.9951677322387695
1,1,0.9608991146087646
1,1,0.996855616569519
1,1,0.9999059438705444
1,1,0.9951914548873901
1,1,0.9979514479637146
1,1,0.999846339225769
1,1,0.9948095083236694
1,1,0.9996923208236694
1,1,0.9998316764831543
0,0,0.06092839688062668
0,0,1.876208625617437e-05
0,0,7.09604355506599e-05
0,0,0.0005025043501518667
1,1,0.9995059967041016
0,0,0.0004498496709857136
1,1,0.9999922513961792
1,1,0.9990000128746033
1,1,0.7669805884361267
1,0,0.3798551857471466
1,1,0.9996060729026794
1,1,0.9999358654022217
0,1,0.8452733755111694
0,0,0.02203989401459694
1,0,0.028732016682624817
1,1,0.9834895133972168
1,1,0.9952765703201294
1,0,0.25011056661605835
1,0,0.17802546918392181
1,1,0.9997218251228333
0,0,0.00017192083760164678
1,1,0.9994024038314819
1,1,0.9984160661697388
0,0,0.010142995975911617
1,1,0.9993304014205933
1,1,0.8655294179916382
0,0,0.00034779097768478096
1,1,0.9999226331710815
0,0,0.0030445752199739218
1,1,0.9960007071495056
1,1,0.9984126091003418
1,1,0.9747998714447021
1,1,0.8874356746673584
0,0,0.00010973154712701216
0,1,0.5194469690322876
1,1,0.995701014995575
1,1,0.9997392296791077
1,1,0.9781529903411865
0,0,0.0011762931244447827
1,1,0.998963475227356
1,1,0.983751118183136
0,0,0.0005246576038189232
1,1,0.999384880065918
1,1,0.9967308044433594
1,1,0.9999815225601196
1,1,0.99444180727005
0,0,0.2810821235179901
1,1,0.9709308743476868
1,1,0.9622608423233032
1,1,0.9507672190666199
1,1,0.7988447546958923
1,1,0.9753845930099487
1,1,0.9725345969200134
0,0,8.989364869194105e-05
0,0,0.17428387701511383
0,0,0.09020371735095978
0,0,0.0006312037585303187
0,0,0.0010671004420146346
1,1,0.9560461640357971
1,1,0.987720787525177
1,1,0.9911249279975891
0,0,0.08562231063842773
0,0,0.40333765745162964
0,0,0.0026583359576761723
1,1,0.9999477863311768
1,1,0.9998247027397156
1,1,0.998304009437561
1,1,0.9997109770774841
0,0,0.0016641747206449509
1,1,0.9986696243286133
1,1,0.9444848299026489
0,0,0.013767043128609657
1,1,0.9947493672370911
0,0,0.0008536088280379772
0,0,0.0013265098677948117
1,1,0.9931601285934448
1,1,0.970115065574646
1,1,0.99982088804245
1,1,0.9985993504524231
1,1,0.9849490523338318
0,0,0.021242186427116394
1,1,0.9998835325241089
1,1,0.999782383441925
1,1,0.9927610158920288
1,1,0.9507609009742737
1,1,0.9978910088539124
0,0,0.00012814240471925586
1,1,0.9991573095321655
0,1,0.8813740611076355
1,1,0.9919237494468689
1,0,0.0802299976348877
0,0,0.017737453803420067
0,0,0.025470569729804993
1,1,0.9997640252113342
0,1,0.8077743053436279
1,1,0.9967555403709412
1,1,0.9685214161872864
1,1,0.9959314465522766
1,1,0.9972049593925476
1,1,0.8435606360435486
0,0,0.00011148934572702274
0,0,8.201100717997178e-05
0,0,0.0007165914867073298
0,0,0.001279237912967801
0,0,0.0007919318159110844
1,1,0.9987469911575317
1,1,0.9987075328826904
0,0,0.12235748767852783
0,0,0.00027612317353487015
1,1,0.9997403025627136
1,1,0.9999924898147583
1,1,0.9999576807022095
1,1,0.9995488524436951
1,1,0.9999500513076782
1,1,0.9994334578514099
1,1,0.9918522238731384
1,1,0.9998518228530884
0,0,0.020724935457110405
1,0,0.1931118369102478
1,1,0.9999251365661621
1,1,0.999836802482605
1,1,0.9994895458221436
1,1,0.8833160400390625
0,0,1.8614768123370595e-05
1,1,0.98200523853302
1,1,0.914677083492279
0,0,0.00010837811714736745
1,1,0.9935479760169983
1,1,0.9996305704116821
1,1,0.9993879795074463
1,0,0.33767789602279663
1,1,0.9905872941017151
0,0,0.00016826034698169678
1,1,0.999602735042572
0,0,0.0006820588023401797
1,1,0.9898409247398376
0,0,5.851962123415433e-05
1,1,0.8887724876403809
1,1,0.9998506307601929
1,1,0.7639694809913635
0,0,0.0023441200610250235
1,1,0.9957959651947021
1,1,0.9995662569999695
0,0,0.0005628872313536704
0,0,0.008474322035908699
0,0,0.00037019539740867913
1,1,0.9995243549346924
1,1,0.9937538504600525
1,1,0.9995884299278259
0,0,3.405874304007739e-05
1,1,0.9977900981903076
1,1,0.997387707233429
1,1,0.947501003742218
1,1,0.9999233484268188
1,1,0.999925971031189
0,0,0.0004063545784447342
1,1,0.9690719842910767
1,1,0.9997337460517883
0,0,2.371930531808175e-05
0,0,0.002785604912787676
1,1,0.6574428677558899
1,1,0.9991834759712219
1,1,0.9971749782562256
1,1,0.9995285272598267
1,1,0.9989078044891357
1,1,0.7645580768585205
1,1,0.9995100498199463
0,0,0.07728052884340286
1,1,0.9993953704833984
0,0,0.0015623249346390367
0,0,0.0009124994394369423
0,0,9.169287295662798e-06
0,0,0.00012457850971259177
0,0,0.007463610265403986
1,1,0.9999246597290039
1,1,0.9990832805633545
1,1,0.999749481678009
0,0,0.00022536089818459004
0,0,0.07291364669799805
0,0,1.8635832020663656e-05
0,1,0.9631860852241516
1,1,0.9999727010726929
0,0,0.00013211742043495178
1,1,0.8287034034729004
1,1,0.9997530579566956
0,0,0.01582021825015545
0,0,0.003370813326910138
1,1,0.9986758828163147
1,1,0.9999088048934937
1,1,0.9998675584793091
1,1,0.9942910671234131
1,1,0.9983046054840088
1,1,0.9999605417251587
1,1,0.9995670914649963
1,1,0.992414653301239
0,0,0.08488067239522934
1,0,0.05342309921979904
1,1,0.9980712532997131
1,0,0.4197542071342468
1,1,0.9993185997009277
1,1,0.9991907477378845
1,1,0.998498797416687
0,0,1.6075893654488027e-05
0,0,0.00013615858915727586
1,1,0.6079273819923401
1,1,0.9991864562034607
0,0,1.9079143385170028e-05
0,0,0.0006321143009699881
1,1,0.9778741002082825
1,1,0.9973471164703369
1,1,0.9999688863754272
1,1,0.9691420793533325
0,1,0.9701873064041138
1,1,0.9997028708457947
0,0,6.525273056467995e-05
1,1,0.9148188233375549
1,1,0.9996401071548462
1,1,0.9967867136001587
1,0,0.04814367741346359
1,1,0.9898138642311096
1,1,0.9998934268951416
1,1,0.571561336517334
0,0,0.025923479348421097
0,0,2.129166568920482e-05
1,1,0.7171863317489624
1,1,0.9997983574867249
1,1,0.9951991438865662
1,1,0.9989681243896484
1,1,0.8567007184028625
0,0,3.928681962861447e-06
1,1,0.9968745708465576
0,1,0.7501954436302185
1,1,0.9942514896392822
1,1,0.7436385750770569
1,1,0.9977368116378784
1,1,0.9992714524269104
1,1,0.9632567167282104
0,0,0.004926127381622791
1,1,0.9999912977218628
0,0,0.0005607818602584302
0,0,0.029103931039571762
0,0,0.046158380806446075
1,1,0.9929497241973877
0,0,2.4198727714974666e-06
0,0,0.0013168524019420147
1,1,0.9642056226730347
0,0,0.0016821959288790822
1,1,0.9995005130767822
1,1,0.9992225170135498
1,1,0.9991735816001892
1,1,0.9995211362838745
0,0,0.005543285980820656
0,0,0.001287170685827732
0,0,0.0011098535032942891
0,1,0.8439415097236633
1,1,0.9832944869995117
0,0,4.651453764381586e-06
1,1,0.9521242380142212
1,1,0.9028796553611755
0,0,0.0011842370731756091
0,0,0.06045055761933327
1,1,0.9763542413711548
0,0,0.016807878389954567
1,1,0.999472439289093
1,1,0.9990243911743164
0,0,1.4073462807573378e-05
0,0,4.708160849986598e-05
0,0,0.0014100255211815238
0,0,0.05462189018726349
1,1,0.6325246691703796
0,0,0.12605531513690948
0,0,0.05899718031287193
0,0,0.001968060154467821
1,1,0.999842643737793
0,0,1.7209697034559213e-05
1,1,0.999580442905426
0,0,0.0002730788546614349
1,0,0.126069575548172
0,1,0.9807819128036499
1,1,0.9916442036628723
0,0,5.871436951565556e-05
0,0,3.238051795051433e-05
0,0,6.465200840466423e-06
1,1,0.9899953603744507
1,1,0.987650454044342
0,0,5.009951564716175e-05
1,1,0.9997479319572449
0,0,0.0010450702393427491
0,0,0.008709629997611046
1,1,0.9996398687362671
1,1,0.9996774196624756
0,0,0.00036469678161665797
0,0,0.12123077362775803
0,0,0.0015439646085724235
0,0,0.002085847081616521
0,0,1.3613118426292203e-05
0,0,0.001281578792259097
1,1,0.9962949156761169
1,1,0.9985902905464172
1,1,0.9999321699142456
1,1,0.7589749693870544
1,1,0.9986780285835266
0,1,0.7675647735595703
0,1,0.5020179152488708
1,1,0.9853759407997131
1,1,0.9996335506439209
1,1,0.9988403916358948
1,1,0.9961901903152466
1,1,0.9999080896377563
0,0,0.00016731083451304585
1,1,0.9612879157066345
1,1,0.9617079496383667
1,1,0.999518632888794
1,1,0.99913090467453
1,1,0.9998824596405029
0,1,0.6014277935028076
0,0,0.0775674507021904
1,1,0.9933481812477112
1,1,0.9991699457168579
1,1,0.9992994070053101
1,1,0.9999659061431885
1,1,0.994541585445404
0,0,0.008237655274569988
0,0,4.320533844293095e-05
1,1,0.9981585144996643
0,0,0.0009695865446701646
1,1,0.9997175335884094
1,1,0.9994159936904907
0,0,0.000823585782200098
1,1,0.9998347759246826
1,1,0.9267466068267822
1,1,0.9837592840194702
1,1,0.9984145164489746
0,0,0.014943224377930164
1,1,0.9988024234771729
0,0,0.0005244825733825564
0,0,0.0001193206335301511
0,0,0.0007171127363108099
1,1,0.9997740387916565
1,1,0.9995725750923157
1,0,0.20176750421524048
1,1,0.9995597004890442
0,0,7.162191650422756e-06
1,1,0.9990420937538147
0,0,4.6602744987467304e-05
1,1,0.9998118281364441
0,0,0.00012241388321854174
0,0,0.0033527903724461794
0,0,0.11685295403003693
0,0,0.00019801438611466438
1,1,0.9992091059684753
0,0,0.09322561323642731
0,0,2.0585655875038356e-05
0,0,0.033854443579912186
1,1,0.9995735287666321
0,0,0.0017853419994935393
1,1,0.6321192383766174
0,0,0.002367597771808505
1,0,0.3562844693660736
1,1,0.9987643957138062
0,0,1.440979576727841e-05
0,0,0.0057440283708274364
0,0,0.009775790385901928
1,1,0.9579473733901978
0,0,0.00033566614729352295
0,0,0.0007017850293777883
1,1,0.9605604410171509
0,0,0.005936795845627785
0,0,0.1365775465965271
1,1,0.9822092056274414
0,0,0.001167328911833465
1,1,0.9987993240356445
1,1,0.9964494705200195
0,1,0.9123442769050598
0,0,4.3209623981965706e-05
1,1,0.9968990087509155
0,0,0.001016899710521102
1,1,0.9910206198692322
1,1,0.9146512746810913
0,0,2.2907464881427586e-05
0,0,0.06881102919578552
0,0,0.005795884411782026
1,1,0.9429960250854492
1,1,0.9681559801101685
0,0,0.06433684378862381
1,1,0.6232451796531677
1,1,0.5545133352279663
1,0,0.158220112323761
1,1,0.999854564666748
1,1,0.9963183403015137
0,0,0.00972199160605669
0,0,0.044376175850629807
1,1,0.9991193413734436
0,0,0.004384887870401144
0,0,0.00017240412125829607
1,1,0.9973697662353516
0,0,1.914373569888994e-05
0,0,0.06481210887432098
1,1,0.9999421834945679
1,1,0.9978457689285278
0,0,0.02529073879122734
0,0,0.0014034081250429153
1,1,0.9990660548210144
1,1,0.5920647978782654
1,1,0.9595558643341064
1,1,0.9954406023025513
0,0,0.00010795058915391564
1,0,0.3090716004371643
1,1,0.8929857611656189
0,0,0.0031006457284092903
0,0,0.0019425913924351335
1,1,0.9188106656074524
1,0,0.03204798325896263
0,0,0.19436076283454895
1,1,0.9996562004089355
0,0,0.002271090866997838
1,0,0.03271729126572609
1,1,0.862922728061676
0,0,0.0002547189360484481
1,1,0.9978517293930054
1,1,0.9994679093360901
1,1,0.9992218017578125
1,1,0.9312084913253784
0,0,0.005935487803071737
0,0,3.904510958818719e-05
1,1,0.984023928642273
1,1,0.9789618849754333
1,1,0.9577949643135071
1,1,0.9965929388999939
0,0,0.00019856911967508495
0,0,0.0002330638380954042
1,1,0.9998857975006104
0,0,0.02560245431959629
0,0,0.0004566775169223547
0,0,0.0015022819861769676
0,0,0.00012407808389980346
1,1,0.988766610622406
0,1,0.8767158389091492
1,1,0.9983651041984558
1,1,0.9998127818107605
1,1,0.9670982360839844
0,0,0.43018245697021484
1,1,0.9972978234291077
0,0,0.00026540306862443686
0,1,0.5538623929023743
0,0,0.0003201291256118566
1,1,0.9989135265350342
0,0,4.0077295125229284e-05
0,0,0.000249200442340225
0,0,0.0021643382497131824
0,0,0.00017386280524078757
1,1,0.9413512945175171
1,1,0.9992303848266602
1,1,0.8011419177055359
1,1,0.9941871166229248
1,1,0.9945929646492004
0,0,0.0036789404693990946
0,0,0.07603749632835388
0,0,0.0006429995410144329
1,1,0.9999072551727295
0,0,1.3216243132774252e-05
1,0,0.09097641706466675
1,1,0.9902410507202148
1,1,0.9980617165565491
0,0,2.4348211809410714e-05
0,0,0.22679023444652557
0,0,0.00022045579680707306
1,1,0.9998971223831177
1,1,0.998828113079071
0,0,0.00584037322551012
1,1,0.6275493502616882
1,1,0.9993250370025635
0,0,7.307548457902158e-06
0,0,0.2887740433216095
1,1,0.9999743700027466
1,1,0.9945793151855469
0,0,0.0006352659547701478
0,0,0.00012772958143614233
0,0,0.3807913362979889
0,0,0.0015252387383952737
0,0,1.4434623153647408e-05
0,0,0.0002520191774237901
0,0,6.0840073274448514e-05
1,1,0.9999065399169922
1,1,0.9996743202209473
0,0,0.00024224368098657578
0,0,0.11905715614557266
1,1,0.6388075351715088
0,0,0.0009336699731647968
1,1,0.9379194378852844
0,0,0.0008367546251975
1,1,0.9989708662033081
0,0,0.003109327517449856
1,1,0.9997408986091614
0,0,0.0004849969409406185
0,0,3.775414006668143e-05
1,0,0.24241095781326294
0,0,4.372995317680761e-05
0,0,0.0009337171213701367
0,0,0.0006065921043045819
0,0,5.560466433962574e-06
1,1,0.9952839016914368
1,1,0.9997904896736145
0,0,6.712301910738461e-06
1,1,0.9976544976234436
1,1,0.9917225241661072
1,1,0.9953826069831848
0,0,0.0005259762983769178
1,1,0.9999407529830933
0,0,1.364445506624179e-05
1,1,0.5280764102935791
1,1,0.9999685287475586
1,1,0.9986823201179504
0,1,0.8820396661758423
1,1,0.9980661273002625
1,1,0.9997112154960632
1,1,0.9952974915504456
0,0,0.27010443806648254
1,1,0.9447895884513855
1,1,0.9984865188598633
0,0,7.713772356510162e-05
1,1,0.80610191822052
0,0,0.0004457671020645648
0,0,8.125638123601675e-05
1,1,0.9952255487442017
0,0,0.004182621371001005
0,0,0.06177406758069992
0,0,1.8469767383066937e-05
1,1,0.9999773502349854
1,1,0.9997736811637878
0,0,0.005337060894817114
0,0,0.0003568886313587427
0,0,0.0010551628656685352
0,1,0.5283970236778259
0,0,4.022839493700303e-05
1,1,0.8945662379264832
0,0,0.0010398151353001595
1,1,0.9996552467346191
0,0,3.186189860571176e-05
0,0,0.3291800618171692
1,1,0.999933123588562
0,0,0.0005971734644845128
1,1,0.9933510422706604
1,1,0.9977977275848389
0,0,0.03505455702543259
0,0,5.823365427204408e-05
0,0,9.153246537607629e-06
0,0,0.00084020133363083
1,1,0.9998200535774231
0,0,0.0030219475738704205
0,0,0.0047988248988986015
1,1,0.9984942674636841
1,1,0.9986718893051147
0,0,0.003598268609493971
0,0,0.0003446482587605715
1,1,0.8906554579734802
1,1,0.9999451637268066
0,0,0.014882505871355534
0,0,0.1810012310743332
0,0,0.0014453943585976958
0,0,0.00017473399930167943
0,0,0.019206231459975243
0,0,7.945010293042287e-05
1,1,0.998473584651947
0,0,5.0535159061837476e-06
1,1,0.991958737373352
1,1,0.999617338180542
1,1,0.7991576194763184
1,1,0.9878770112991333
1,1,0.9996082186698914
1,1,0.8102889060974121
1,1,0.992112398147583
0,0,0.0003305010322947055
0,0,1.6953606973402202e-05
0,0,0.00021100211597513407
1,0,0.21867406368255615
1,0,0.07814649492502213
1,1,0.9989287257194519
1,1,0.99973064661026
1,1,0.9997425675392151
0,0,0.0013358383439481258
1,1,0.9879477620124817
1,1,0.9961661100387573
1,1,0.9984574317932129
1,1,0.9999021291732788
1,1,0.9996373653411865
0,0,0.015247905626893044
1,1,0.9736078381538391
0,0,0.006824950687587261
0,0,3.520068639772944e-05
0,0,1.779734702722635e-05
1,1,0.9976292252540588
1,1,0.993124783039093
1,1,0.9982434511184692
0,0,6.891145858389791e-06
1,1,0.9933798313140869
1,1,0.9720101356506348
0,0,0.00022956928296480328
1,1,0.9990756511688232
0,0,0.062305182218551636
0,0,0.01564081571996212
0,0,0.009641135111451149
1,1,0.9997193217277527
1,1,0.9016497731208801
1,1,0.9998400211334229
0,0,0.01618991792201996
0,0,0.00039085772004909813
0,0,0.0005855885101482272
0,0,0.1306060403585434
1,1,0.9986875653266907
0,0,0.029801400378346443
1,1,0.9999470710754395
0,0,0.005635304842144251
1,1,0.9950112104415894
1,0,0.19208981096744537
1,1,0.9675407409667969
0,0,0.011428052559494972
0,0,0.00035119662061333656
1,1,0.9434603452682495
1,1,0.9313172101974487
1,1,0.8994132876396179
1,1,0.9973998069763184
0,0,0.0001944241812452674
1,0,0.006867371033877134
1,1,0.9981493949890137
0,0,0.0004237136454321444
1,1,0.9995131492614746
1,1,0.9995852112770081
1,0,0.24564558267593384
0,0,0.0015796188963577151
0,0,0.007234537973999977
0,0,0.00029651320073753595
1,1,0.9997851252555847
0,0,0.0189655888825655
0,0,7.451251440215856e-05
0,0,6.327503069769591e-05
0,0,8.699639147380367e-05
0,0,0.0010161177488043904
1,1,0.9988574981689453
1,1,0.9998756647109985
0,0,0.0019035646691918373
0,0,4.850301775150001e-05
0,0,0.0003012458037119359
0,0,0.003725573653355241
0,0,0.04999734088778496
1,1,0.9996351003646851
0,0,0.0028832145035266876
1,1,0.9995588660240173
1,1,0.9998121857643127
1,1,0.9998865127563477
0,0,0.0016654686769470572
0,0,0.0012644599191844463
0,0,8.186941704479977e-05
1,1,0.9989100694656372
1,1,0.9927546381950378
0,0,0.000863261113408953
1,1,0.9997960925102234
1,1,0.9710854291915894
0,0,0.00042924078297801316
0,0,0.00024708040291443467
1,1,0.9993301630020142
1,1,0.9938504695892334
1,1,0.9999951124191284
1,1,0.9998672008514404
1,1,0.9965207576751709
1,1,0.978114902973175
1,1,0.949169397354126
0,0,0.42458435893058777
1,1,0.9998157620429993
1,1,0.9999129772186279
1,1,0.9993276596069336
1,0,0.07050644606351852
1,1,0.9966698288917542
0,0,0.046925634145736694
0,0,0.006474179215729237
0,0,0.006479978561401367
1,1,0.9932180047035217
1,1,0.9993009567260742
1,1,0.9631387591362
0,0,0.0056153032928705215
1,1,0.9955152869224548
1,1,0.9200042486190796
1,1,0.9996114373207092
0,0,7.709273631917313e-06
0,0,0.00027738543576560915
1,1,0.9986018538475037
1,1,0.9980575442314148
1,1,0.9992749094963074
1,1,0.9990983009338379
1,1,0.9725836515426636
0,0,0.0068404111079871655
1,1,0.8300967216491699
0,0,0.00016321877774316818
1,1,0.9999558925628662
1,1,0.9996669292449951
0,0,0.0007800504099577665
1,1,0.9744453430175781
0,0,0.2549416720867157
0,0,0.00017175717221107334
1,1,0.9977250695228577
1,1,0.9996901750564575
1,1,0.9989625215530396
0,0,0.00020765823137480766
1,1,0.9995042085647583
0,0,0.006333313882350922
0,0,0.000113864109152928
0,0,0.001402047579176724
1,1,0.7704771757125854
1,1,0.9998192191123962
0,0,0.34977975487709045
0,0,4.955053373123519e-05
0,0,5.9906606111326255e-06
1,1,0.9996223449707031
1,1,0.999098539352417
0,0,0.02125096134841442
0,0,3.831413778243586e-06
0,0,0.005204830318689346
0,0,0.004063806496560574
1,1,0.9842135906219482
0,0,0.00020297167066019028
1,1,0.9842613935470581
0,0,0.0008629728108644485
1,0,0.024317707866430283
0,0,0.006860232446342707
0,0,0.04969009384512901
0,0,0.000188637655810453
0,1,0.9960429668426514
0,0,0.02115810103714466
1,1,0.9981430768966675
1,1,0.8945033550262451
0,0,1.3332937669474632e-05
0,0,9.363796561956406e-05
1,1,0.9997188448905945
0,0,0.00016952176520135254
1,1,0.9985723495483398
1,1,0.9986191987991333
1,1,0.9983986020088196
0,0,7.978558642207645e-06
1,1,0.9512032270431519
0,0,0.0006319230888038874
0,0,0.0042110225185751915
1,0,0.05846017226576805
1,1,0.9957056641578674
1,1,0.9994163513183594
1,1,0.999970555305481
0,1,0.8901587724685669
1,1,0.999612033367157
1,1,0.9988380074501038
0,0,0.3533474802970886
1,0,0.17681771516799927
1,1,0.8709943890571594
1,1,0.9997556805610657
0,0,0.004047070164233446
1,1,0.8383119702339172
0,0,0.0012568010715767741
0,0,0.017851505428552628
0,0,0.00040264587732963264
0,0,0.0030066692270338535
0,0,8.032863115658984e-05
0,0,0.02648690715432167
0,0,1.8112745237885974e-05
0,0,0.10233534872531891
0,0,1.7271748220082372e-05
0,0,1.565642742207274e-05
1,1,0.9972261786460876
0,0,0.0001055903485394083
0,0,4.965702828485519e-06
0,0,0.00024115324777085334
1,1,0.9919872283935547
1,1,0.9999451637268066
1,1,0.9928538203239441
1,1,0.9995852112770081
1,1,0.9151147603988647
1,1,0.9992671608924866
1,0,0.22047773003578186
1,1,0.9994440674781799
0,1,0.9911587834358215
0,0,0.001213581534102559
1,1,0.5516321063041687
1,0,0.0006355391233228147
1,1,0.9998685121536255
0,0,0.0012746243737637997
1,1,0.9541886448860168
0,0,1.2848739970650058e-05
0,0,0.005765541456639767
0,0,0.00022530974820256233
1,1,0.9696658253669739
0,0,0.033578384667634964
0,0,2.3756227164994925e-05
1,1,0.9994981288909912
0,0,0.011367542669177055
0,0,0.000256151455687359
0,0,0.00010435792501084507
0,0,0.00013437465531751513
1,0,0.38448384404182434
1,1,0.9949725866317749
1,1,0.9998291730880737
0,0,0.00012326051364652812
0,0,0.1529649943113327
0,0,0.00045598240103572607
0,0,0.48938170075416565
1,1,0.9993312358856201
0,0,0.0007023541256785393
0,0,0.0007771264063194394
1,1,0.9998040795326233
1,1,0.9991686344146729
0,0,0.0018827109597623348
1,1,0.9992768168449402
0,1,0.5828282237052917
1,1,0.9999465942382812
1,1,0.9994255304336548
0,0,0.003521023551002145
0,0,0.21985957026481628
1,1,0.9969377517700195
0,0,0.3608780801296234
1,1,0.999975323677063
1,1,0.9996219873428345
0,0,1.8249022105010226e-05
1,1,0.9514856934547424
0,0,0.037941060960292816
1,1,0.9883682131767273
1,1,0.9990857839584351
0,0,0.00246701342985034
0,0,0.0011652857065200806
0,0,0.0007103788666427135
0,0,0.014751632697880268
0,0,0.32681238651275635
0,0,0.1569923460483551
0,0,0.0002523089060559869
0,0,0.00022436586732510477
0,0,0.0004639100516214967
0,0,0.00019591105228755623
1,0,0.30155879259109497
1,0,0.17829817533493042
0,0,4.847916898143012e-06
0,0,0.03714209422469139
1,0,0.27115598320961
1,1,0.9999842643737793
0,0,0.046799201518297195
1,1,0.9921535849571228
1,1,0.9990612864494324
0,0,0.00021110053057782352
1,1,0.9993185997009277
1,1,0.9980390667915344
0,0,0.020250357687473297
1,1,0.9987505674362183
0,0,0.08296891301870346
0,0,1.3655065231432673e-05
0,0,0.09038164466619492
0,0,0.0007276594988070428
1,1,0.9997220635414124
1,1,0.9992578625679016
0,0,0.00015971581160556525
1,1,0.981297492980957
0,0,9.460360161028802e-05
1,1,0.9751735925674438
1,1,0.9991002082824707
0,0,0.0006774395587854087
1,1,0.9513389468193054
1,1,0.8272200226783752
1,1,0.9613021612167358
1,1,0.9980181455612183
1,1,0.9999150037765503
0,0,0.45596376061439514
1,1,0.959665834903717
0,0,0.0016732200747355819
0,0,0.01498463749885559
1,1,0.9988813996315002
1,1,0.9851556420326233
1,0,0.03804969787597656
0,0,0.003883961820974946
0,0,0.0005937584792263806
0,0,0.015392259694635868
0,0,9.322870027972385e-06
1,1,0.990908145904541
1,1,0.9832232594490051
1,1,0.9927359819412231
0,0,0.007291320711374283
1,1,0.9970398545265198
1,1,0.9974783062934875
1,1,0.8955875039100647
1,1,0.9997460246086121
0,0,1.3375013622862753e-05
0,0,3.44917643815279e-05
0,0,0.05519033595919609
1,1,0.9999682903289795
1,1,0.9991838335990906
0,0,0.0104631707072258
1,1,0.999930739402771
0,0,0.0026480676606297493
0,0,5.51518278371077e-05
1,0,0.4905541241168976
1,1,0.9746715426445007
1,1,0.9997691512107849
1,1,0.9999791383743286
0,0,0.00024565294734202325
0,0,1.1256644029344898e-05
1,1,0.9999885559082031
1,1,0.9972422122955322
1,1,0.9995740056037903
0,0,0.0008639715961180627
0,0,1.7629048670642078e-05
0,0,0.00028860202291980386
0,0,0.00011451852333266288
0,0,0.0001708584459265694
0,0,0.00031129532726481557
0,0,0.00017828965792432427
0,0,8.566122414777055e-05
0,1,0.7130160331726074
0,0,0.02914642170071602
1,1,0.9999314546585083
1,1,0.9994576573371887
1,1,0.9992663264274597
0,0,0.007166160736232996
0,0,0.0009756943327374756
0,0,0.00035880928044207394
1,1,0.9999645948410034
0,0,0.00044405448716133833
0,0,0.01546954270452261
0,0,5.801079169032164e-06
1,1,0.9992398023605347
0,1,0.6138884425163269
1,1,0.997778594493866
1,1,0.9999281167984009
1,1,0.998367965221405
1,1,0.9981824159622192
1,1,0.8847233653068542
0,0,0.0016598475631326437
0,0,0.0008883828995749354
0,0,0.0005842983955517411
1,1,0.9845615029335022
1,1,0.9600301384925842
1,1,0.9994144439697266
1,1,0.9999161958694458
1,1,0.9999731779098511
0,0,0.0010125836124643683
1,1,0.9962837100028992
0,0,0.004100244492292404
1,1,0.9995414018630981
1,1,0.9998217225074768
1,1,0.9999183416366577
0,0,0.00020191699150018394
1,1,0.9998345375061035
1,1,0.9999874830245972
1,1,0.9923515915870667
0,0,0.04160788655281067
1,1,0.9988774657249451
0,0,1.2934554433741141e-05
0,0,0.00904352217912674
0,0,0.02335839346051216
0,0,2.173973189201206e-05
1,1,0.9991218447685242
0,0,0.00013428280362859368
0,0,0.00023310694086831063
0,0,1.4708287380926777e-05
1,1,0.9497283101081848
0,0,0.0002023822598857805
0,0,0.005114136729389429
1,1,0.998885452747345
0,0,0.000735567940864712
0,0,0.00019143660028930753
1,1,0.9991975426673889
1,1,0.9940099716186523
1,0,0.05736708641052246
0,0,0.24529464542865753
1,1,0.991321861743927
0,0,0.0001834939030231908
0,0,0.0005460156826302409
0,0,0.2998964786529541
0,1,0.883506715297699
1,0,6.553878483828157e-05
0,1,0.6260017156600952
0,0,0.0009290812304243445
1,1,0.9856904149055481
0,0,0.0027657325845211744
1,1,0.9999347925186157
0,0,0.0006795918452553451
0,1,0.9233577251434326
0,0,0.46751371026039124
0,0,1.778177283995319e-05
1,1,0.9995453953742981
0,0,0.0161414947360754
0,0,0.005098980851471424
1,1,0.9468878507614136
1,1,0.9998050332069397
1,1,0.9997867941856384
1,1,0.9999492168426514
1,1,0.9993488192558289
1,1,0.9997099041938782
1,1,0.999670147895813
1,1,0.9926759600639343
0,0,0.0038155068177729845
1,1,0.9981383085250854
1,1,0.9316902160644531
1,1,0.9783616662025452
1,1,0.9966567754745483
0,0,0.008075810968875885
0,0,4.67801364720799e-05
1,1,0.9997259974479675
0,0,2.7300629881210625e-05
1,1,0.9985257983207703
0,0,8.70817166287452e-05
1,1,0.9996131062507629
0,0,3.908799044438638e-05
1,1,0.9999885559082031
1,1,0.9996086955070496
1,1,0.9999575614929199
0,0,0.0003815339005086571
1,1,0.9999088048934937
1,1,0.7720244526863098
0,0,1.7011083400575444e-05
0,0,0.0021454275120049715
0,0,0.0006241627270355821
1,1,0.9994044303894043
0,0,0.00014478960656560957
1,1,0.9994555115699768
1,1,0.999863862991333
0,0,0.003828915534541011
1,1,0.9867708683013916
0,1,0.8199520707130432
1,1,0.9703471064567566
0,0,0.0025866045616567135
0,0,2.9680017178179696e-05
1,1,0.9999417066574097
1,1,0.998772919178009
1,1,0.9998663663864136
1,1,0.9936710596084595
0,0,3.388024924788624e-05
0,0,0.12600785493850708
1,1,0.9995408058166504
0,0,0.007755176164209843
1,1,0.99826580286026
0,0,0.002473739441484213
0,0,0.00038290448719635606
0,0,0.2598921060562134
0,0,3.938034569728188e-05
1,1,0.9958478212356567
1,1,0.9473029375076294
1,1,0.999969482421875
1,1,0.9786455631256104
1,1,0.9704151153564453
1,1,0.9999463558197021
1,1,0.9997156262397766
1,1,0.9984380602836609
0,0,0.00012700911611318588
1,1,0.9996824264526367
1,1,0.995880126953125
0,0,0.29317596554756165
1,1,0.9997207522392273
1,1,0.9936752915382385
0,0,0.002700183307752013
1,1,0.9856578707695007
1,1,0.9935795068740845
0,0,0.0024147904478013515
0,0,1.1015008567483164e-05
1,1,0.9981587529182434
0,0,0.027589792385697365
0,0,2.443502307869494e-05
1,1,0.9896003007888794
1,1,0.9952858090400696
0,0,5.4509688197867945e-05
1,1,0.791348397731781
0,0,4.107535460207146e-06
1,1,0.8417177796363831
0,0,0.025793489068746567
0,0,0.004754563793540001
1,1,0.9803171157836914
0,0,0.0031940662302076817
0,0,0.0005852816393598914
0,0,0.00025865883799269795
0,0,4.6673820179421455e-05
0,0,0.00044811415136791766
1,1,0.9990830421447754
0,0,0.00029600958805531263
0,0,3.094422572758049e-05
1,1,0.9999765157699585
1,1,0.9996808767318726
0,0,0.017858989536762238
0,0,0.0022079350892454386
1,1,0.9998798370361328
1,1,0.9994300007820129
1,1,0.9907851219177246
1,1,0.9997538924217224
0,0,7.77035384089686e-05
1,1,0.99986732006073
0,0,0.0002542475122027099
0,0,1.8190154150943272e-05
1,1,0.9989228844642639
0,0,0.00015427186735905707
0,0,0.0003699694643728435
0,0,0.004918999038636684
0,0,8.103383152047172e-06
0,0,0.0009259665384888649
1,1,0.9990359544754028
1,1,0.9999885559082031
1,1,0.9774528741836548
0,0,0.22855070233345032
1,1,0.9997873902320862
0,0,0.0003120286564808339
0,0,1.3751914593740366e-05
1,1,0.999868631362915
1,0,0.001147172530181706
1,1,0.9996954202651978
1,1,0.9958047270774841
1,1,0.9995923638343811
1,1,0.99595046043396
1,1,0.9941710829734802
1,1,0.9971497654914856
1,1,0.999915361404419
0,0,0.010899186134338379
1,1,0.9977467656135559
1,1,0.9994480013847351
1,1,0.9991545677185059
1,1,0.9992620348930359
1,1,0.9569306373596191
1,1,0.5118372440338135
0,0,0.0004652416391763836
1,1,0.9955938458442688
0,0,0.0017117977840825915
1,0,0.41896533966064453
1,1,0.9998711347579956
1,1,0.9978475570678711
0,0,0.00836604181677103
0,0,0.0002411755413049832
1,1,0.9998300075531006
0,0,4.814173735212535e-06
0,0,0.05853068083524704
0,0,0.0008612189558334649
0,0,4.95697750011459e-05
1,1,0.9999294281005859
1,1,0.9998977184295654
1,1,0.9993852376937866
0,0,3.120881592622027e-05
1,1,0.8763512969017029
0,1,0.5934814214706421
1,1,0.6165507435798645
1,1,0.9998088479042053
1,1,0.9997983574867249
1,1,0.9953891038894653
0,0,0.0011202418245375156
0,0,0.00016697215323802084
1,1,0.9986380934715271
1,1,0.9638634920120239
1,1,0.8753294944763184
0,0,0.0062123811803758144
1,1,0.9993966817855835
1,1,0.9971190690994263
1,1,0.9985925555229187
0,0,0.00015390482440125197
0,0,0.00012598672765307128
1,1,0.9998258948326111
1,1,0.9982547163963318
0,0,0.00012884053285233676
1,1,0.6654202938079834
1,0,0.04640760272741318
0,0,8.291231642942876e-05
1,1,0.9992064833641052
0,1,0.9643924832344055
0,0,2.2684118448523805e-05
0,0,0.00139604602009058
1,1,0.9986222982406616
0,0,0.0010034599108621478
1,1,0.7527739405632019
1,1,0.999955415725708
1,1,0.9999179840087891
1,1,0.9994088411331177
1,1,0.9996076226234436
1,1,0.999963641166687
1,1,0.811786413192749
1,1,0.986855149269104
0,0,0.0056222062557935715
0,1,0.7748558521270752
1,1,0.9999847412109375
1,1,0.9918272495269775
0,0,2.873331595765194e-06
0,1,0.9291643500328064
1,1,0.9999237060546875
1,1,0.9999774694442749
1,1,0.9505181908607483
0,0,0.0029130533803254366
1,1,0.9625060558319092
1,1,0.9999438524246216
1,1,0.9998968839645386
1,1,0.9985774755477905
1,1,0.996004045009613
0,0,0.00016250893531832844
0,0,0.0031598450150340796
1,1,0.9954028129577637
0,0,7.477745839423733e-06
0,0,0.03817831724882126
0,0,0.024550214409828186
0,0,0.0006930705276317894
1,1,0.9999576807022095
1,1,0.9989092350006104
1,1,0.9965852499008179
1,1,0.9905863404273987
0,0,6.6383163357386366e-06
1,1,0.9996615648269653
0,0,0.0035623025614768267
1,1,0.9981878399848938
0,0,0.0016942352522164583
1,1,0.9850100874900818
1,1,0.9995425939559937
1,1,0.9990525841712952
0,0,9.530906390864402e-05
1,1,0.9997285008430481
1,1,0.9997420907020569
1,1,0.9993929862976074
1,1,0.9956883788108826
1,1,0.9998865127563477
1,1,0.995482325553894
0,0,0.002449956489726901
0,0,5.968898676655954e-06
1,1,0.9997135996818542
1,1,0.9843834042549133
1,1,0.9954485297203064
0,0,1.1433265171945095e-05
0,0,0.0016309875063598156
0,0,0.0016659889370203018
1,1,0.7659765481948853
1,1,0.9925287961959839
1,1,0.9908336997032166
1,1,0.9999178647994995
1,1,0.9987695813179016
1,1,0.9994733929634094
1,1,0.997607946395874
1,1,0.9999111890792847
0,0,0.04532071202993393
1,1,0.9986662864685059
1,1,0.9988896250724792
1,1,0.9988254904747009
1,1,0.9999934434890747
0,0,0.00040524566429667175
1,1,0.9717555642127991
0,0,0.0007859620382077992
0,0,9.462047455599532e-05
1,1,0.9842156767845154
1,1,0.9988665580749512
0,0,0.23711830377578735
0,0,0.010712837800383568
0,0,0.0005013011395931244
0,0,0.003798722755163908
0,0,7.201629159681033e-06
0,0,1.3815194506605621e-05
0,0,1.0128049325430766e-05
0,0,0.000859190768096596
1,1,0.9989204406738281
0,0,3.3964679460041225e-05
0,0,0.0005577298579737544
1,1,0.9980746507644653
0,0,0.0006189555278979242
1,1,0.9999909400939941
1,1,0.9998348951339722
0,0,4.480976713239215e-05
1,1,0.9974242448806763
0,0,0.13179117441177368
1,0,0.026007438078522682
1,1,0.9992477893829346
1,1,0.9754430055618286
1,1,0.9998818635940552
0,0,0.00046884757466614246
0,0,0.018160292878746986
1,1,0.9928888082504272
0,0,0.0001231782662216574
0,0,0.005962922237813473
1,0,0.23655486106872559
1,1,0.9991777539253235
1,1,0.9988777041435242
0,0,0.0005557953263632953
1,1,0.9991844296455383
1,1,0.9999597072601318
0,0,0.18207566440105438
0,0,0.0001443036162527278
1,1,0.9999289512634277
0,0,0.00023501568648498505
0,0,0.00011082000128226355
1,1,0.9989340901374817
1,1,0.9997820258140564
0,0,0.17395679652690887
1,1,0.9986555576324463
0,0,0.00044539585360325873
0,0,0.0009144067298620939
1,1,0.9999450445175171
1,1,0.9677483439445496
1,1,0.9824009537696838
1,1,0.9992978572845459
1,1,0.9471027851104736
0,0,0.07802467048168182
1,1,0.9985563158988953
0,0,0.0009575831354595721
1,1,0.9995993971824646
1,1,0.992720901966095
1,1,0.9903038144111633
0,0,1.2282644092920236e-05
0,0,0.056245286017656326
1,1,0.8903031349182129
1,1,0.998868465423584
1,1,0.9548327922821045
1,1,0.9962754249572754
0,0,0.002924589905887842
0,0,0.00043641196680255234
0,0,0.020470276474952698
0,1,0.965772271156311
1,1,0.9995381832122803
1,1,0.9998354911804199
0,0,0.026654696092009544
0,0,0.0008778839255683124
1,1,0.9965125918388367
0,0,0.0017463720869272947
0,0,6.353467324515805e-05
0,0,0.0008903841371648014
1,1,0.9956468939781189
0,0,0.0021950085647404194
0,0,0.04766840115189552
0,1,0.502476692199707
1,1,0.9991773962974548
1,1,0.7935770750045776
1,1,0.9961243271827698
0,0,0.0073287286795675755
1,1,0.7153232097625732
1,1,0.9663510918617249
0,0,0.47936052083969116
1,0,0.08568152040243149
1,1,0.9998921155929565
1,1,0.9986228942871094
1,1,0.9926071166992188
1,1,0.5047380924224854
0,1,0.9295486807823181
0,0,4.801661998499185e-05
1,1,0.9972111582756042
1,1,0.8306689262390137
1,1,0.884248673915863
1,1,0.9998428821563721
1,1,0.9971476197242737
1,1,0.9901110529899597
1,1,0.8638487458229065
1,1,0.9992319345474243
1,1,0.9999737739562988
1,1,0.9983921647071838
1,1,0.9964319467544556
0,0,0.0028217362705618143
0,0,9.81173652689904e-05
1,1,0.9999676942825317
0,0,0.0021914762910455465
0,0,0.000760129711125046
1,1,0.9971254467964172
1,1,0.969882607460022
1,0,0.0008205034537240863
1,1,0.9958153367042542
1,1,0.9153390526771545
0,0,0.00674456125125289
1,1,0.9997593760490417
1,1,0.5894181728363037
0,0,0.0024057761766016483
0,1,0.808721125125885
1,1,0.9969383478164673
1,1,0.9996482133865356
0,0,4.150119821133558e-06
1,1,0.7282489538192749
1,1,0.9988652467727661
1,1,0.9960592985153198
1,1,0.9994589686393738
0,1,0.5000495314598083
1,1,0.9987647533416748
0,0,0.0022273296490311623
0,0,0.006978507153689861
0,0,0.00022952639847062528
0,0,0.3150821030139923
1,1,0.9995562434196472
0,0,0.0598590224981308
1,1,0.9333649277687073
0,0,0.0050972322933375835
1,1,0.9999220371246338
1,1,0.9999575614929199
1,1,0.996266782283783
0,0,6.085289442125941e-06
1,1,0.9709419012069702
1,1,0.999968409538269
1,1,0.9904893636703491
1,1,0.9978420734405518
0,0,3.366433520568535e-05
1,1,0.9594945907592773
1,1,0.9988357424736023
0,0,0.00022138110944069922
1,0,0.08400842547416687
1,1,0.9999594688415527
1,1,0.9996287822723389
1,1,0.9999799728393555
0,0,0.0013808635994791985
0,0,0.0006030118092894554
0,0,0.0004897852195426822
1,1,0.9809193015098572
1,1,0.9998456239700317
1,1,0.9442095756530762
1,1,0.9980012774467468
1,1,0.9223122596740723
0,0,0.006147757638245821
1,1,0.5880045890808105
0,0,0.002295448910444975
0,1,0.9522385001182556
1,1,0.9957436919212341
0,0,0.001149823423475027
1,0,0.1024583950638771
1,1,0.9816452264785767
1,1,0.999508261680603
1,1,0.9874414205551147
1,1,0.5425944328308105
1,1,0.9145069718360901
0,0,0.00010010505502577871
1,0,0.4378286600112915
1,1,0.999630331993103
1,1,0.9888852834701538
1,1,0.9636938571929932
1,1,0.9999237060546875
0,1,0.98944491147995
1,1,0.9942451119422913
1,1,0.9771198630332947
1,1,0.9999228715896606
0,0,0.12794187664985657
0,0,0.002057511592283845
1,1,0.9983129501342773
0,0,0.0005412803147919476
0,0,5.189306648389902e-06
0,1,0.7728335857391357
0,0,2.861762186512351e-05
0,0,9.770616088644601e-06
0,0,0.001254736096598208
1,0,0.4195087254047394
0,0,0.011911951005458832
0,0,0.0032295654527843
1,1,0.9998574256896973
1,1,0.936479926109314
1,1,0.9997822642326355
1,1,0.9900861382484436
0,0,0.051228199154138565
0,0,0.027708398178219795
1,1,0.9991449117660522
0,0,0.0017446920974180102
1,1,0.9993394017219543
1,1,0.9987621307373047
0,0,0.0001392980047967285
0,0,0.015925614163279533
0,0,0.0011469010496512055
0,0,0.0002382482634857297
1,1,0.999992847442627
0,0,0.0014078537933528423
1,1,0.9991899132728577
0,0,0.0005709033575840294
1,1,0.9999403953552246
0,0,0.004155561327934265
1,1,0.9151397347450256
1,1,0.9992783665657043
0,0,0.00021170987747609615
1,1,0.9981449842453003
1,1,0.9995784163475037
1,1,0.9992024302482605
0,0,0.00029111848562024534
1,1,0.99988853931427
1,1,0.999893307685852
1,1,0.9983591437339783
0,0,9.232138836523518e-06
1,1,0.9881637692451477
0,0,0.009534762240946293
1,1,0.9891670942306519
1,1,0.9975027441978455
1,1,0.9992269277572632
1,0,0.40683838725090027
1,1,0.9917057752609253
1,1,0.9603537917137146
1,1,0.9998327493667603
0,0,0.005892088171094656
1,1,0.7247853875160217
0,0,7.665388693567365e-06
1,1,0.7796405553817749
0,0,0.0003776416997425258
0,0,2.5157480195048265e-05
1,1,0.9988705515861511
1,1,0.9971972703933716
1,1,0.9997287392616272
0,0,0.00010988547728629783
0,0,9.125252290687058e-06
1,0,0.4524536430835724
1,1,0.9999423027038574
0,0,8.567592885810882e-05
1,1,0.9978294968605042
1,1,0.9997318387031555
1,1,0.992124617099762
1,0,0.4056871831417084
1,1,0.9985332489013672
1,1,0.998223602771759
1,1,0.9541097283363342
1,1,0.9991785883903503
0,0,0.23868855834007263
0,1,0.8273181319236755
1,1,0.9993746876716614
0,0,0.010598912835121155
0,0,1.1968555554631166e-05
1,1,0.9977418184280396
0,0,0.00034346544998697937
0,0,0.2141237109899521
1,1,0.9963802695274353
1,1,0.9996427297592163
0,0,0.0005081584677100182
1,1,0.9999048709869385
1,1,0.9739792943000793
1,1,0.9892182350158691
1,1,0.9252461194992065
1,1,0.9993276596069336
1,1,0.9929585456848145
1,0,0.39939233660697937
0,0,0.0009048519423231483
1,1,0.9960766434669495
1,1,0.9999425411224365
1,0,0.3586190938949585
1,1,0.999834418296814
0,0,0.0002675310242921114
1,1,0.9999896287918091
0,0,0.006603439338505268
0,0,0.00013659473916050047
0,0,0.10649587959051132
1,1,0.9998482465744019
0,1,0.9890996813774109
1,1,0.9919300079345703
1,1,0.999983549118042
0,0,0.004318052902817726
1,1,0.9579586386680603
1,1,0.997221827507019
1,1,0.9994314312934875
0,0,0.00036840501707047224
0,0,0.12895876169204712
1,1,0.9973170161247253
0,0,0.007432377431541681
1,0,0.35718438029289246
0,0,0.005567820742726326
1,0,0.07077978551387787
1,1,0.9399055242538452
1,1,0.9999277591705322
1,1,0.9964062571525574
1,1,0.6396811008453369
1,1,0.9992188215255737
1,1,0.9716389775276184
0,0,4.716428884421475e-05
0,0,0.00024107645731419325
0,0,0.0003974799474235624
1,1,0.9995163679122925
1,1,0.9993060827255249
1,1,0.9996316432952881
1,1,0.9995864033699036
1,1,0.9971147775650024
1,1,0.9996422529220581
0,0,2.2895867004990578e-05
1,1,0.6606252789497375
1,1,0.8395246863365173
1,1,0.9994729161262512
1,1,0.9846442937850952
1,1,0.9989281296730042
1,1,0.997320830821991
0,1,0.8417994379997253
1,0,0.007916434668004513
0,0,0.0022437656298279762
0,0,0.0048722513020038605
1,1,0.9947810769081116
0,0,0.0020280983299016953
0,0,0.0006984799401834607
1,1,0.8740127086639404
0,0,0.0038360280450433493
1,1,0.9957000017166138
1,1,0.9974907636642456
0,0,0.008840315975248814
0,0,0.07040349394083023
0,0,0.002740012714639306
1,1,0.8317285776138306
0,0,0.001034646644257009
0,1,0.5281894207000732
1,1,0.9992768168449402
1,1,0.9998809099197388
0,0,0.005143101327121258
1,1,0.9999618530273438
0,0,0.004201663192361593
1,1,0.7198265194892883
1,1,0.9999738931655884
0,0,7.108973659342155e-05
0,0,0.007956257089972496
0,0,0.0037187112029641867
1,1,0.9997528195381165
1,1,0.9482120275497437
1,1,0.9998377561569214
0,0,0.00032498841756023467
0,0,7.194186036940664e-05
0,0,0.022179337218403816
1,1,0.9974664449691772
1,1,0.9936872124671936
0,0,0.0025975408498197794
0,0,9.060752745426726e-06
0,0,0.04629708081483841
1,1,0.9978781938552856
0,0,0.00017935139476321638
1,1,0.9992122650146484
1,1,0.9998106360435486
0,0,0.000415996735682711
1,0,0.05682367831468582
1,1,0.9999327659606934
1,1,0.9990208148956299
1,1,0.9996552467346191
1,1,0.9998974800109863
0,0,0.00042512096115387976
1,1,0.9997575879096985
1,1,0.9909766912460327
0,0,0.07354214042425156
0,0,2.6866004191106185e-05
1,1,0.9977737069129944
1,1,0.9992350339889526
1,1,0.9978121519088745
1,1,0.9998170733451843
0,0,5.956714812782593e-05
0,1,0.5725309252738953
1,1,0.9997579455375671
1,1,0.9998611211776733
1,1,0.9992062449455261
1,1,0.9942427277565002
0,0,0.08437596261501312
1,1,0.998392641544342
1,1,0.999631404876709
0,0,0.004167004022747278
0,0,6.576002488145605e-05
0,0,5.235441221884685e-06
0,0,0.00047582664410583675
1,1,0.9947919249534607
0,1,0.927566409111023
0,0,0.01363312266767025
0,0,0.025073755532503128
1,1,0.9998157620429993
0,0,6.0715345171047375e-05
1,1,0.9993151426315308
1,0,0.28792819380760193
0,0,0.020560767501592636
1,1,0.9999382495880127
0,0,0.0006669692229479551
1,1,0.9385290145874023
1,1,0.9614258408546448
1,1,0.9710357785224915
0,0,6.687557470286265e-05
1,0,0.39324164390563965
0,0,8.25442184577696e-05
0,0,0.08856037259101868
1,1,0.7597560882568359
0,0,3.4950851841131225e-05
1,1,0.954864501953125
1,1,0.9991470575332642
1,1,0.9999434947967529
0,0,0.00040732359047979116
1,1,0.9999699592590332
1,1,0.9999052286148071
1,1,0.9999672174453735
0,0,0.00016866176156327128
0,0,0.00028766965260729194
0,1,0.6154040098190308
0,0,0.0008152840309776366
0,0,0.041150178760290146
0,0,6.075259079807438e-05
1,0,0.0009968791855499148
1,1,0.9455838203430176
0,0,0.001922363881021738
1,1,0.9990829229354858
1,1,0.9996417760848999
0,0,0.04574086144566536
1,1,0.9993138313293457
1,1,0.9965710639953613
1,1,0.9986501336097717
0,0,0.00033328100107610226
0,0,0.000476294313557446
1,1,0.9975806474685669
0,0,0.0005643981276080012
1,1,0.9913131594657898
1,1,0.9977594614028931
0,0,9.749901437317021e-07
0,0,0.003481736406683922
1,1,0.9998505115509033
0,0,3.324341378174722e-05
1,1,0.9992031455039978
1,1,0.9999327659606934
0,0,0.00011425370757933706
1,1,0.9997331500053406
0,0,0.000761848350521177
0,0,2.7343488909536973e-05
1,1,0.6857057213783264
0,0,0.056406233459711075
1,1,0.7236074805259705
0,0,0.00028782934532500803
0,0,0.0003271395689807832
1,1,0.975581169128418
1,1,0.9397519826889038
1,1,0.9994456171989441
0,0,0.02053244039416313
1,1,0.9981406927108765
0,0,0.046885814517736435
1,1,0.9998277425765991
1,0,0.35693421959877014
1,1,0.9999648332595825
0,0,0.10356965661048889
1,0,0.00757171493023634
1,1,0.9995311498641968
1,0,0.25817444920539856
1,1,0.9252270460128784
1,1,0.9980418682098389
1,1,0.9999668598175049
1,1,0.996863842010498
0,0,5.111770224175416e-05
1,0,0.48000359535217285
1,1,0.8270673155784607
1,1,0.976839005947113
0,0,0.0017142995493486524
0,0,0.0021885314490646124
0,0,1.2895449799543712e-05
0,0,0.000960558361839503
0,0,0.025779642164707184
1,1,0.9622880816459656
0,0,3.067006400669925e-05
0,0,0.0010234159417450428
1,1,0.9709685444831848
1,1,0.9999537467956543
1,1,0.9987711310386658
1,1,0.9965344667434692
1,1,0.8066052794456482
0,0,0.07436847686767578
1,1,0.5185319185256958
0,0,0.004185967147350311
0,0,0.0007069864077493548
1,1,0.9999626874923706
1,1,0.94290691614151
0,0,7.977519271662459e-05
0,0,2.2394673578673974e-05
0,0,0.00023886056442279369
1,1,0.9977265000343323
0,0,0.0007081911317072809
1,1,0.9997686743736267
0,0,4.493908363656374e-06
0,0,0.26225391030311584
0,0,0.0001259505661437288
1,1,0.9999332427978516
0,0,2.3117134333006106e-05
0,0,0.0009953969856724143
0,0,9.185985254589468e-05
1,1,0.9971066117286682
1,1,0.9997363686561584
1,1,0.9998972415924072
1,1,0.9998736381530762
0,0,0.00027890069759450853
0,0,0.013897300697863102
1,1,0.9996857643127441
1,1,0.9996628761291504
0,0,5.7068395108217373e-05
1,1,0.953663170337677
1,1,0.9765706658363342
0,0,0.004596803802996874
0,0,0.0011605352628976107
0,0,3.9970578654902056e-05
1,1,0.9996554851531982
1,1,0.9996076226234436
1,1,0.9994913339614868
0,0,0.0005229388480074704
1,1,0.9996834993362427
1,1,0.9997162222862244
1,1,0.9998327493667603
1,0,0.1911100596189499
1,1,0.999723494052887
0,0,0.0007113367319107056
0,0,0.011713404208421707
0,0,0.0006368467002175748
1,0,0.35582834482192993
1,1,0.9857315421104431
1,1,0.9950687885284424
1,1,0.9969593286514282
1,1,0.9941879510879517
1,1,0.9943354725837708
1,1,0.9997361302375793
0,0,0.0012169280089437962
0,0,0.030493129044771194
1,1,0.999451220035553
1,1,0.9999731779098511
0,0,0.001815057941712439
0,0,0.0013255536323413253
1,1,0.9997414946556091
0,0,0.00021303149696905166
1,1,0.7521767020225525
0,0,0.0007947292760945857
0,0,4.902047658106312e-05
0,0,0.000178497692104429
0,0,0.0011615233961492777
0,0,0.00015613787400070578
0,0,0.00023721627076156437
1,1,0.9962474703788757
0,0,1.9037114498132723e-06
0,0,0.233671173453331
0,0,5.310352935339324e-05
0,1,0.9862868189811707
1,0,0.073044054210186
0,0,0.0030755919869989157
0,0,8.915469516068697e-05
1,1,0.9906898736953735
0,0,4.992176400264725e-05
0,0,9.560331818647683e-06
0,0,4.466806331038242e-06
1,1,0.9973292350769043
0,0,0.0009574909927323461
0,0,0.046921346336603165
0,0,0.0033024095464497805
1,1,0.9996780157089233
1,1,0.870642364025116
1,1,0.9998785257339478
0,0,0.02740948088467121
0,0,0.014230631291866302
0,0,0.0002026143338298425
0,0,0.0035307270009070635
1,0,0.294135719537735
1,1,0.9993405938148499
0,0,0.0006584413349628448
1,1,0.9957412481307983
1,1,0.9998544454574585
1,1,0.9999325275421143
1,1,0.9999657869338989
1,1,0.9526179432868958
0,0,1.3444197975331917e-05
1,1,0.9893955588340759
0,0,0.008971469476819038
1,1,0.9999858140945435
1,1,0.9997846484184265
0,0,0.0007843527710065246
1,0,0.06543392688035965
0,0,0.0017639481229707599
0,0,0.00023604510352015495
1,1,0.9946094751358032
1,1,0.9869476556777954
1,1,0.9974306225776672
1,1,0.997744083404541
0,0,0.03949578478932381
1,1,0.9788985848426819
0,0,0.0001276417897315696
0,0,1.2303146831982303e-05
0,0,0.005869398824870586
1,0,0.13417117297649384
0,0,0.003098835237324238
1,1,0.9952765703201294
0,0,0.00017884830594994128
0,0,0.0037254460621625185
1,1,0.9999474287033081
0,0,0.003321507479995489
0,0,0.0026863189414143562
1,1,0.9996954202651978
0,0,0.2128116935491562
0,0,0.0002855100610759109
1,1,0.9999511241912842
1,1,0.9989000558853149
0,0,0.001693745143711567
0,0,0.10553134232759476
1,1,0.9908924102783203
1,1,0.999988317489624
1,1,0.9931714534759521
1,1,0.9999264478683472
1,1,0.9992570281028748
0,0,0.0003340555995237082
1,0,0.3500518202781677
1,1,0.9995986819267273
0,0,5.062811851530569e-06
1,1,0.9994997978210449
1,1,0.9991269707679749
1,1,0.9999783039093018
0,0,0.0006008982309140265
1,1,0.9060261249542236
0,0,0.00010330623626941815
0,0,0.0032436486799269915
1,1,0.9988738894462585
0,0,0.0007183494162745774
0,0,1.1589594350880361e-06
0,0,0.001060958718881011
0,0,0.00044983357656747103
0,0,0.0015303369145840406
0,0,2.5342991648358293e-05
1,1,0.9405544996261597
0,0,0.00015933749091345817
0,0,0.000493024243041873
0,0,2.55855884461198e-05
0,0,8.57230115798302e-05
0,0,2.9041950256214477e-05
1,1,0.9970042109489441
1,1,0.9701684713363647
1,1,0.9992632269859314
1,1,0.9705399870872498
1,1,0.9976698756217957
1,1,0.9998682737350464
0,0,0.0009762606350705028
0,0,0.00013568745634984225
1,1,0.9993686079978943
1,1,0.9992843270301819
1,1,0.9992790818214417
1,1,0.9983365535736084
1,1,0.8866382837295532
0,0,0.00034194180625490844
1,1,0.9999504089355469
0,0,0.013954266905784607
0,0,5.9666177548933774e-05
0,0,0.00044420859194360673
1,1,0.999934196472168
0,0,0.006167319603264332
1,1,0.9985449314117432
0,0,0.11579623073339462
1,1,0.9989190101623535
1,1,0.9997527003288269
1,1,0.9998883008956909
1,1,0.9986893534660339
1,1,0.9233572483062744
1,1,0.9995488524436951
0,0,0.0005635624984279275
1,1,0.8710038065910339
0,0,5.527898611035198e-05
0,0,0.003398418892174959
1,1,0.999990701675415
0,0,0.00023359598708339036
1,1,0.9812836050987244
1,1,0.9999687671661377
0,0,0.12484917044639587
0,0,0.0013320004800334573
1,1,0.8928713798522949
1,1,0.9888488054275513
1,1,0.99128657579422
0,0,3.9004360587568954e-05
1,1,0.9492484331130981
0,0,0.0001306984922848642
1,0,0.26851871609687805
1,1,0.998865008354187
0,0,0.022277558222413063
0,0,0.006117053329944611
1,1,0.8219629526138306
1,0,0.004554836079478264
1,1,0.9995591044425964
0,0,0.004056831821799278
0,0,0.005916810594499111
1,1,0.9983342289924622
0,0,0.000610005168709904
0,0,0.14996369183063507
1,1,0.9426037669181824
1,1,0.9996898174285889
1,1,0.9986157417297363
1,1,0.8635551929473877
1,1,0.9892659187316895
0,0,5.926638550590724e-05
1,0,0.08633709698915482
1,1,0.9995330572128296
0,0,0.019556095823645592
1,0,0.0028332234360277653
1,1,0.9994311928749084
1,1,0.8661624193191528
0,0,3.469392822808004e-06
0,0,0.0006626693066209555
0,0,4.276027175365016e-05
0,0,0.0001504910469520837
1,1,0.9998080134391785
1,1,0.9964179992675781
1,1,0.9921069145202637
0,0,0.0023919404484331608
1,1,0.9999920129776001
1,1,0.999680757522583
1,1,0.9996277093887329
0,0,0.0016849329695105553
1,1,0.8303314447402954
1,1,0.9997245669364929
1,1,0.9976486563682556
1,1,0.9929537177085876
1,1,0.9985736608505249
0,0,0.004382286686450243
1,1,0.915716826915741
1,1,0.9999853372573853
1,1,0.9853846430778503
1,1,0.9990787506103516
0,0,0.0008417583885602653
1,1,0.9876771569252014
1,1,0.9925680160522461
1,1,0.9802454113960266
1,1,0.9949483871459961
1,1,0.9993745684623718
1,1,0.9003646373748779
0,0,0.008392210118472576
1,1,0.9988452196121216
1,1,0.9985108971595764
1,1,0.9995720982551575
1,0,0.3536282479763031
1,1,0.9941837191581726
1,1,0.9965168237686157
1,1,0.9254089593887329
0,0,0.009725628420710564
1,1,0.995209276676178
0,0,0.03845399618148804
1,1,0.9783324599266052
1,1,0.9872629046440125
1,1,0.9989792704582214
1,1,0.85560542345047
1,1,0.9951731562614441
1,1,0.9808440804481506
1,1,0.9999319314956665
1,1,0.9997106194496155
1,1,0.8800934553146362
1,1,0.9617936015129089
1,1,0.9978358149528503
0,0,0.010577298700809479
1,0,0.129524827003479
1,1,0.5422016382217407
1,1,0.6726415157318115
1,1,0.9466276168823242
1,0,0.025786301121115685
0,0,7.980013469932601e-05
0,0,0.05176016315817833
1,1,0.9966369867324829
0,0,4.554096085485071e-05
0,1,0.6068374514579773
1,1,0.9999967813491821
1,1,0.9999229907989502
1,1,0.9999626874923706
0,0,0.00307656591758132
0,0,0.000465338584035635
1,1,0.9996128678321838
1,1,0.9974658489227295
1,1,0.9999769926071167
1,1,0.9995995163917542
1,1,0.9998904466629028
1,1,0.9997599720954895
1,1,0.9994805455207825
1,1,0.9847522377967834
1,1,0.9903467297554016
1,1,0.9924220442771912
0,0,0.0002954521623905748
0,0,0.13235554099082947
1,1,0.9996825456619263
0,0,0.0002405375853413716
1,1,0.999991774559021
1,1,0.996070384979248
1,1,0.990793764591217
0,0,0.020262904465198517
1,1,0.9993139505386353
0,0,0.008540760725736618
1,1,0.9999082088470459
1,1,0.9999499320983887
1,1,0.9995394945144653
0,0,0.0007770146476104856
1,1,0.9954497218132019
0,0,0.001126442919485271
0,0,9.150708501692861e-05
1,0,0.14571760594844818
0,0,8.714327123016119e-05
0,0,0.0286287572234869
0,1,0.8448879718780518
1,1,0.9547781348228455
0,0,0.00011229608207941055
1,1,0.9996035695075989
1,1,0.9985764026641846
0,0,0.0019685097504407167
1,1,0.9758468866348267
0,0,1.2179937584733125e-05
0,0,0.000320886611007154
0,0,0.003549671033397317
1,1,0.9978722333908081
1,1,0.9962549209594727
0,0,0.0002574557438492775
1,1,0.9983154535293579
1,1,0.9198122024536133
0,0,0.07204114645719528
1,1,0.9904614090919495
0,0,6.43426101305522e-05
0,0,2.6283400984539185e-06
1,1,0.999455988407135
0,0,0.22625817358493805
1,1,0.9808880090713501
1,1,0.9973061084747314
0,0,0.0012998174643144011
0,0,0.002885300200432539
0,0,0.00015232150326482952
1,1,0.9914025664329529
1,1,0.9947456121444702
1,1,0.9991850256919861
0,0,0.01680765673518181
0,0,0.002386968582868576
0,0,0.0026347446255385876
0,0,0.010482680052518845
1,1,0.9988757967948914
0,0,0.00031536805909126997
1,1,0.9879222512245178
0,0,0.002940082922577858
0,0,0.13545173406600952
1,1,0.9896880984306335
0,0,0.0317952036857605
0,0,2.45996216108324e-05
1,1,0.999841570854187
1,1,0.9978812336921692
1,1,0.9996436834335327
1,1,0.9950503706932068
1,1,0.997562050819397
0,0,2.780590693873819e-05
0,0,0.019644660875201225
0,0,0.0012665229151025414
0,0,0.07352379709482193
1,1,0.9999955892562866
1,1,0.9998388290405273
1,1,0.9999949932098389
1,1,0.9994327425956726
0,0,0.011153317987918854
0,0,3.8561578548979014e-05
0,0,0.0002109150227624923
0,0,0.00046308140736073256
0,0,2.8448677767300978e-05
0,0,0.00013720174320042133
1,1,0.9992389678955078
1,1,0.999987006187439
1,1,0.9994572997093201
0,0,9.729681187309325e-05
0,0,0.1017279326915741
1,1,0.9941798448562622
1,1,0.9948674440383911
1,1,0.9651026129722595
1,0,0.021075375378131866
1,1,0.9281267523765564
0,0,4.7180848923744634e-05
0,0,0.00014721191837452352
1,1,0.9924561977386475
0,0,0.033594220876693726
0,0,0.0003443111781962216
0,0,5.544909799937159e-05
1,1,0.9997441172599792
1,1,0.999609649181366
1,1,0.952509343624115
0,0,0.34768158197402954
1,1,0.999976396560669
0,0,0.012708999216556549
0,0,0.004248147364705801
0,0,0.028769169002771378
0,0,0.00034122541546821594
1,1,0.9723742008209229
0,0,0.00030522988527081907
1,1,0.9658985733985901
1,1,0.9188029766082764
1,1,0.9999774694442749
0,0,7.055431342450902e-05
0,0,0.00031270019826479256
1,1,0.9999817609786987
1,1,0.9985703229904175
1,1,0.855838418006897
0,0,0.001098976586945355
1,1,0.9998825788497925
1,1,0.9982457160949707
0,0,0.00038046989357098937
0,0,6.34239477221854e-05
0,0,0.001369359320960939
1,1,0.9976425766944885
0,0,0.0004207444144412875
0,0,9.027883788803592e-05
1,1,0.9942023158073425
0,0,0.00010702494182623923
0,0,0.00034183767274953425
0,0,0.0019592908211052418
0,0,0.002511614002287388
1,1,0.9989162683486938
0,1,0.9808714985847473
0,0,0.0029185793828219175
0,0,0.0011122125433757901
0,0,4.345234628999606e-05
1,1,0.9997759461402893
1,1,0.9997453093528748
1,1,0.9999059438705444
1,1,0.7958547472953796
0,0,5.938400863669813e-05
1,1,0.9976438879966736
1,1,0.9945811629295349
1,1,0.9959422945976257
1,1,0.9974484443664551
0,0,0.0007168268202804029
1,1,0.9783793687820435
1,1,0.6548012495040894
0,0,0.48737382888793945
0,0,0.008006477728486061
0,0,0.0006192948203533888
0,0,0.00025133436429314315
0,1,0.9846078753471375
0,0,1.2794792382919695e-05
0,0,0.0005340040079317987
0,0,9.818720172916073e-06
0,0,0.010287359356880188
0,0,0.001517932745628059
0,0,0.0018384316936135292
1,1,0.9998277425765991
0,0,0.019611606374382973
0,0,0.0015897940611466765
1,1,0.997948944568634
0,0,0.0006336744991131127
1,1,0.9997623562812805
0,0,0.013624385930597782
1,1,0.9991764426231384
0,0,0.0013550356961786747
0,0,0.00018272986926604062
1,1,0.9994569420814514
1,1,0.9999909400939941
1,1,0.9827958941459656
1,1,0.7973020672798157
1,1,0.9999889135360718
1,1,0.9999914169311523
1,1,0.999937891960144
1,1,0.9998151659965515
1,1,0.9999891519546509
1,1,0.9999537467956543
1,1,0.9847570657730103
1,1,0.999277651309967
0,0,4.5507229515351355e-05
1,1,0.9972022771835327
0,0,3.84350187232485e-06
1,1,0.9981367588043213
0,0,0.0013858620077371597
1,1,0.9996345043182373
1,1,0.9999697208404541
1,1,0.999830961227417
0,1,0.5160170793533325
1,1,0.9998268485069275
1,1,0.99954754114151
0,0,8.919839456211776e-05
0,0,0.00012572546256706119
0,0,5.068027530796826e-05
0,0,0.00024952259263955057
1,1,0.9999972581863403
1,1,0.9998683929443359
1,1,0.9999058246612549
1,1,0.9998486042022705
0,0,6.790811312384903e-05
0,0,0.03227047249674797
1,1,0.7796451449394226
1,1,0.9980892539024353
0,0,0.00021637916506733745
0,0,0.00019903732754755765
0,0,0.001979994820430875
0,0,0.00021028853370808065
0,0,0.01533103920519352
0,0,0.0007277146796695888
0,0,0.0005351841682568192
1,1,0.9962228536605835
1,1,0.9916238188743591
1,1,0.9994402527809143
1,1,0.999783456325531
1,1,0.9999161958694458
1,0,0.2946729063987732
1,1,0.9997480511665344
0,0,1.8863505829358473e-05
1,1,0.9982067346572876
0,0,0.004919441882520914
0,0,0.0036537868436425924
1,1,0.9982411861419678
1,1,0.9662132263183594
1,1,0.9935376048088074
0,0,0.014748956076800823
1,1,0.9996496438980103
0,0,0.0006633737939409912
1,1,0.9942477941513062
0,0,0.00011976633686572313
0,0,0.00011367047409294173
1,1,0.9996180534362793
0,0,0.006685978267341852
0,0,0.002831361023709178
0,0,0.0003196064499206841
1,1,0.9998599290847778
1,0,0.45748090744018555
1,0,0.441970556974411
1,1,0.9999443292617798
0,0,0.0006659263162873685
0,0,0.04049718379974365
0,0,3.1729483453091234e-05
0,0,0.15073837339878082
1,1,0.9897788166999817
0,0,0.04863518103957176
1,1,0.995387613773346
1,0,0.36952292919158936
0,0,3.0307783163152635e-05
0,0,0.0010376153513789177
1,1,0.9074706435203552
0,0,0.07791130244731903
1,1,0.9843042492866516
0,0,0.25372976064682007
1,1,0.9996459484100342
1,1,0.99996018409729
0,0,0.005143996328115463
1,1,0.9994723200798035
0,0,0.000705401529558003
0,0,2.366821536270436e-05
0,0,0.00010382985055912286
0,0,0.00274377828463912
0,0,0.00048649669042788446
0,0,0.0016621042741462588
0,0,0.0012691770680248737
1,1,0.9556541442871094
1,1,0.995926022529602
1,1,0.9991232752799988
1,1,0.9994956254959106
1,1,0.9998087286949158
1,1,0.9988688826560974
0,0,0.032463934272527695
1,1,0.9973016977310181
1,1,0.998635470867157
1,1,0.9936450719833374
0,0,0.010690303519368172
0,0,0.0030829107854515314
1,1,0.9997456669807434
1,1,0.9992126226425171
0,0,0.0004101668600924313
0,0,0.002290999051183462
1,0,0.49245485663414
0,0,0.0006739396485500038
0,0,0.00033209793036803603
1,1,0.9553514719009399
1,1,0.9997804760932922
0,0,0.0021595333237200975
1,1,0.9998764991760254
0,0,0.009940787218511105
1,1,0.9996494054794312
0,0,7.02970937709324e-05
0,0,0.00012606315431185067
0,0,5.071213308838196e-05
0,0,0.0011113319778814912
1,1,0.9992511868476868
1,1,0.9533446431159973
0,0,0.001215077587403357
1,1,0.9998718500137329
1,1,0.9935945868492126
0,0,0.0026677155401557684
1,1,0.9990097284317017
0,0,1.948172939592041e-05
0,0,0.0005660509923473
1,1,0.9724256992340088
1,1,0.8981950283050537
1,1,0.999829888343811
1,1,0.9723895192146301
0,0,0.0008194856927730143
1,1,0.9998542070388794
0,0,0.00029561560950241983
1,1,0.9995610117912292
1,1,0.9997814297676086
1,1,0.9986831545829773
1,1,0.9756547212600708
0,0,0.0006602105568163097
1,1,0.9999508857727051
1,1,0.9995498061180115
1,1,0.9867130517959595
0,1,0.7535653710365295
0,0,4.3485761125339195e-05
1,1,0.9983727931976318
1,1,0.9975147247314453
0,0,0.0004482450895011425
1,1,0.9912862181663513
0,0,0.012260010465979576
1,1,0.9992285966873169
1,1,0.9994421601295471
1,1,0.9997467398643494
1,1,0.9998255372047424
0,0,2.6421990696690045e-05
0,0,8.104588778223842e-05
1,0,0.36754921078681946
1,1,0.999550998210907
1,1,0.7823598384857178
1,1,0.9962892532348633
0,0,3.6334422475192696e-05
0,0,0.00011968344915658236
0,0,0.15363264083862305
1,1,0.9997127652168274
1,1,0.9976606369018555
1,1,0.9997178912162781
1,1,0.9993416666984558
1,1,0.9898267984390259
0,0,0.0001050762803060934
0,0,7.286101026693359e-05
0,0,0.005136969033628702
1,1,0.993125319480896
0,0,0.40832048654556274
1,1,0.6878475546836853
1,1,0.9999697208404541
1,1,0.9995673298835754
0,0,0.01385341677814722
0,0,0.0005065830191597342
0,0,0.0037696289364248514
0,0,0.24485450983047485
1,1,0.9998185038566589
0,0,0.001964588649570942
0,0,1.0396890502306633e-05
1,1,0.9994863271713257
1,1,0.9998120665550232
1,1,0.9416141510009766
1,1,0.9999324083328247
0,0,6.532233237521723e-05
0,0,0.019193876534700394
0,0,2.9131238989066333e-05
0,0,0.0001809316163416952
0,0,9.898182725009974e-06
1,1,0.9992766976356506
0,0,8.257578883785754e-05
1,0,0.44277751445770264
1,1,0.9999573230743408
0,0,0.014836449176073074
0,0,0.0008270209073089063
1,1,0.9936220049858093
1,1,0.9988743662834167
1,1,0.9969107508659363
0,0,2.418663279968314e-05
1,1,0.9987906813621521
0,0,0.0015353038907051086
0,0,4.755174813908525e-06
1,1,0.9999147653579712
0,0,0.01910361647605896
1,1,0.9997543692588806
1,1,0.9996724128723145
1,1,0.9997158646583557
1,1,0.9998869895935059
1,1,0.998480498790741
0,0,0.0004668431938625872
1,1,0.9998687505722046
1,1,0.9996331930160522
0,0,0.00026205560425296426
1,1,0.9486159682273865
1,1,0.8946657776832581
0,0,0.465095579624176
0,0,0.002766124904155731
0,0,0.07600314915180206
0,0,0.0004853195569012314
0,0,0.017717424780130386
0,0,6.116316217230633e-05
1,1,0.9905084371566772
1,1,0.9999123811721802
1,1,0.9997604489326477
0,0,0.00021371548064053059
1,1,0.9991797804832458
1,1,0.9518404603004456
1,1,0.999417781829834
0,0,0.008894200436770916
1,1,0.9999935626983643
1,1,0.9997575879096985
1,1,0.9996452331542969
0,0,0.0001565479760756716
1,0,0.2152291089296341
1,1,0.987335741519928
1,1,0.9624173045158386
1,1,0.89036625623703
0,0,0.000567433366086334
1,1,0.7473077774047852
0,0,0.00029727714718319476
1,1,0.9828519821166992
1,1,0.9991132616996765
1,1,0.9967631101608276
0,0,0.0011824432294815779
0,0,0.00030581853934563696
0,0,0.00013911935093346983
0,0,0.00014261559408623725
1,1,0.9607096314430237
1,1,0.9978073239326477
1,1,0.9773491024971008
1,1,0.9995429515838623
0,0,0.0008938436512835324
0,0,3.7562796933343634e-05
1,1,0.9993090629577637
1,1,0.9997311234474182
0,0,0.0003560443001333624
1,1,0.9981332421302795
1,0,0.4819014072418213
0,0,0.0021438784897327423
0,0,0.0003684979456011206
0,0,1.6149767816386884e-06
0,0,0.004616383463144302
1,1,0.996246874332428
1,1,0.898853063583374
0,0,0.0005319080082699656
0,0,0.0007010581321083009
0,0,0.0020690695382654667
1,1,0.9635218381881714
1,1,0.997632622718811
0,0,0.08774575591087341
0,0,0.000687912106513977
0,0,5.951314597041346e-05
0,1,0.9824503660202026
1,1,0.9998160004615784
1,1,0.9996541738510132
1,1,0.9995129108428955
1,0,0.2877267599105835
1,1,0.9988314509391785
0,0,6.907773240527604e-06
1,0,0.03432716429233551
0,0,0.0035063964314758778
0,0,0.00012798048555850983
1,1,0.9998660087585449
1,1,0.9929661750793457
1,1,0.9951121211051941
0,0,7.227584137581289e-05
0,0,0.000695123162586242
0,0,8.569538476876915e-05
1,1,0.9992699027061462
1,1,0.7497242093086243
0,0,0.14778414368629456
1,1,0.9974821209907532
1,1,0.9987558126449585
1,1,0.9996590614318848
1,0,0.0015768342418596148
1,1,0.9995691180229187
0,0,0.017611613497138023
0,0,0.0004913386073894799
1,1,0.9959510564804077
0,0,0.00034368474734947085
0,0,0.00012575843720696867
0,0,6.242775725695537e-06
1,1,0.9997239708900452
1,1,0.9291417002677917
1,1,0.9999638795852661
1,1,0.9993371367454529
1,1,0.999954342842102
1,1,0.5100755095481873
1,1,0.7326757311820984
0,0,0.0021006143651902676
1,1,0.5112479329109192
0,0,0.00018111475219484419
0,0,3.446690971031785e-05
0,0,0.00048791104927659035
1,1,0.9520862102508545
0,0,0.0009301973623223603
1,1,0.9907887578010559
1,1,0.9959068298339844
0,0,0.0029433276504278183
1,1,0.8737074136734009
1,1,0.999947190284729
0,0,0.011775578372180462
1,0,0.4389215409755707
1,1,0.9501150846481323
1,1,0.9970851540565491
1,1,0.9995624423027039
0,0,0.00023306673392653465
1,0,9.412516374140978e-05
0,0,0.0004700230492744595
1,1,0.9950096607208252
1,1,0.9999667406082153
1,0,0.4715074598789215
1,1,0.9924077987670898
1,1,0.9991672039031982
1,1,0.9998053908348083
0,0,0.0020536636002361774
1,1,0.9991000890731812
0,1,0.9538865685462952
1,1,0.9992707371711731
1,1,0.9904868006706238
1,1,0.9997178912162781
1,0,0.29636240005493164
1,1,0.9958609938621521
1,1,0.9952741861343384
1,1,0.9796385765075684
0,0,0.000861654058098793
0,0,0.008638467639684677
0,0,6.64197577862069e-05
0,0,0.2788013815879822
0,0,4.5426535507431254e-05
0,0,3.549841858330183e-05
0,0,0.0004474132729228586
1,1,0.9995049238204956
0,0,0.00015543894551228732
0,0,0.0007277025142684579
0,0,0.0019849687814712524
1,1,0.7778471112251282
0,0,8.480910037178546e-05
0,0,0.0001323028700426221
1,1,0.9997531771659851
1,1,0.9998867511749268
1,1,0.9986075758934021
0,0,0.005843109451234341
1,1,0.9037094712257385
0,1,0.9681582450866699
1,1,0.9997277855873108
0,0,0.08383593708276749
1,1,0.9998217225074768
1,1,0.9991717338562012
0,0,0.0018152568954974413
1,1,0.7551316618919373
0,0,0.09224320203065872
0,0,0.015503859147429466
0,0,1.5624476873199455e-05
0,0,0.0002839003864210099
1,1,0.977150022983551
0,0,0.0004167421138845384
0,0,0.021774152293801308
0,0,0.0033000970724970102
0,0,0.0007294114911928773
1,1,0.99941086769104
1,1,0.9997820258140564
1,1,0.9998376369476318
1,1,0.9995379447937012
0,0,4.2929059418383986e-06
1,1,0.7903262972831726
1,1,0.9298704862594604
1,1,0.9966437816619873
1,1,0.999872088432312
0,0,0.0013708617771044374
0,0,1.9682158381328918e-05
0,0,0.00016456804587505758
0,0,0.10219015926122665
0,0,2.631844154166174e-06
1,1,0.8079788088798523
1,1,0.9881141781806946
1,1,0.9984015822410583
0,0,2.4542636310798116e-05
1,1,0.999902606010437
1,1,0.9994045495986938
1,1,0.9946966171264648
1,1,0.9969775676727295
0,0,0.001372781116515398
0,0,6.489973202405963e-06
1,1,0.999977707862854
1,1,0.9982486963272095
0,0,7.513197488151491e-05
0,0,0.005998163018375635
0,0,0.004110954236239195
1,1,0.9981802701950073
1,1,0.8100643754005432
1,1,0.9985097050666809
1,1,0.99992835521698
1,1,0.9989124536514282
0,0,0.0005002047400921583
1,1,0.9999340772628784
1,1,0.9991818070411682
1,1,0.9996931552886963
1,0,0.058503132313489914
1,1,0.999757707118988
1,0,0.2558452785015106
0,0,0.08928406238555908
0,0,0.03459491208195686
0,0,0.001531829941086471
0,1,0.685796856880188
0,0,0.0002491579216439277
0,0,0.0005859999801032245
1,1,0.8981916308403015
1,1,0.9994099140167236
1,1,0.9926382303237915
1,1,0.8267759084701538
1,1,0.9984375834465027
1,1,0.9985247254371643
0,0,0.0003838163102045655
1,1,0.9995094537734985
1,1,0.997657299041748
1,1,0.9320029616355896
1,1,0.9999598264694214
1,1,0.9965444207191467
1,1,0.9933483004570007
1,1,0.9932202100753784
1,1,0.998508870601654
1,1,0.9996731281280518
0,0,6.116753502283245e-05
1,1,0.9999860525131226
1,1,0.9452376365661621
0,1,0.9598574638366699
1,1,0.9998595714569092
0,0,0.12275779992341995
0,0,0.00046293906052596867
0,0,0.0002066475572064519
1,0,0.4888920783996582
0,0,5.234922718955204e-05
1,1,0.9999978542327881
0,0,1.334224725724198e-05
1,1,0.995457649230957
0,0,0.015988346189260483
1,1,0.9977228045463562
0,0,8.78736227605259e-06
0,0,0.0005367322592064738
0,0,0.29345598816871643
0,0,0.00014289082901086658
1,1,0.9994544386863708
1,1,0.9999698400497437
1,1,0.9997106194496155
1,0,0.10284804552793503
1,1,0.9964321851730347
1,1,0.9999351501464844
1,1,0.959946870803833
1,1,0.9963900446891785
1,1,0.998583197593689
1,1,0.8728390336036682
1,1,0.997803270816803
0,0,0.2589070498943329
1,0,0.23035040497779846
1,1,0.9997898936271667
0,0,0.0006676631164737046
0,0,1.8415878002997488e-05
0,1,0.823739767074585
1,1,0.9915692210197449
1,1,0.9093445539474487
1,1,0.9998151659965515
1,1,0.9991111159324646
1,1,0.9993767142295837
1,1,0.9739956855773926
1,1,0.9990947246551514
0,1,0.9978482723236084
1,1,0.9996974468231201
0,0,6.381572347891051e-06
0,0,0.015754640102386475
0,0,0.0013444293290376663
0,0,0.0020761843770742416
0,0,0.001167754759080708
1,1,0.9997920393943787
1,1,0.9330522418022156
1,1,0.9982073307037354
1,1,0.9991986155509949
1,1,0.994616687297821
0,0,2.9196933155617444e-06
1,1,0.9992443323135376
0,0,0.001617948990315199
1,1,0.9999858140945435
0,0,0.0005905972793698311
0,0,0.00017014553304761648
1,1,0.9987549781799316
0,0,0.0006264123367145658
0,0,0.0019712275825440884
1,1,0.9983225464820862
1,1,0.9905166029930115
0,0,2.6764279027702287e-05
0,0,0.0049837264232337475
0,0,0.0002497915702406317
0,0,5.520373633771669e-06
1,1,0.9997277855873108
0,0,0.001871910528279841
0,0,6.9116496888455e-05
0,0,2.3623158995178528e-05
0,0,0.001551722176373005
1,1,0.9999831914901733
0,0,6.225723336683586e-05
0,0,0.0003546986554283649
1,1,0.9985552430152893
1,1,0.965865969657898
1,1,0.9988986253738403
1,1,0.9975855350494385
0,0,0.005767547991126776
0,0,0.0074148839339613914
0,0,6.971463153604418e-05
1,1,0.9999438524246216
0,0,0.0015172723215073347
1,1,0.9915410876274109
0,0,0.001026631100103259
1,1,0.9979859590530396
0,0,0.39799702167510986
0,0,0.0008617017301730812
1,1,0.9797881245613098
1,1,0.9995575547218323
0,0,0.01015241164714098
0,0,0.0005016802460886538
1,1,0.9984203577041626
0,0,0.3636375069618225
0,0,0.05907350033521652
0,0,0.0001673476945143193
1,0,0.10625933110713959
1,0,0.45951399207115173
0,0,0.009233505465090275
1,1,0.9979975819587708
1,1,0.9999216794967651
1,1,0.9997250437736511
1,1,0.8975399732589722
1,1,0.9733967781066895
1,1,0.9615757465362549
1,1,0.9999490976333618
1,0,0.15106335282325745
1,1,0.9992330074310303
0,0,0.004144719801843166
0,0,4.115717456443235e-05
1,1,0.9999654293060303
1,1,0.8701416254043579
1,1,0.9985835552215576
1,1,0.9990424513816833
1,1,0.977836012840271
0,0,0.0004839344182983041
1,1,0.9997150301933289
0,0,0.0005328541737981141
1,1,0.9993430972099304
0,0,0.044804394245147705
1,1,0.9751965999603271
1,1,0.9994445443153381
1,1,0.9996923208236694
0,0,0.005545581225305796
1,1,0.9999006986618042
0,0,0.002002239227294922
0,0,3.9995436964090914e-05
0,0,0.0013091585133224726
0,0,2.6932961191050708e-05
1,1,0.9923018217086792
1,1,0.9998120665550232
1,1,0.9973428845405579
0,0,0.0005618762224912643
0,0,0.003972369711846113
1,1,0.9941208958625793
0,0,0.007790740113705397
1,1,0.9996635913848877
1,1,0.9554268717765808
1,1,0.916060745716095
1,1,0.9978328347206116
1,1,0.9999408721923828
1,1,0.9873989820480347
1,1,0.9953696131706238
0,0,0.010859577916562557
0,0,0.0017994145164266229
0,0,1.8144901332561858e-05
0,0,0.0001895949972094968
1,1,0.9994031190872192
0,0,0.0032249512150883675
0,0,0.0003484095504973084
1,1,0.9948357343673706
0,0,0.0002695454459171742
0,0,5.9128702559974045e-05
0,0,0.03662042319774628
1,1,0.9886976480484009
0,0,0.02978304587304592
1,1,0.999922513961792
0,0,0.0002694398572202772
1,1,0.9977527260780334
1,1,0.9997783303260803
1,1,0.9993294477462769
0,0,0.00011363178782630712
0,0,0.00010245508019579574
0,0,6.342777851386927e-06
0,0,0.2429427206516266
1,1,0.9984521865844727
0,0,0.0006402260041795671
1,1,0.9995214939117432
0,0,0.0030631793197244406
1,1,0.9998550415039062
1,0,0.019843799993395805
1,1,0.9999513626098633
1,1,0.9972034692764282
0,0,0.15464703738689423
0,0,0.11939633637666702
0,0,0.0017137234099209309
0,0,0.003284643404185772
0,0,0.36551427841186523
0,0,0.004138892516493797
1,0,0.37997227907180786
1,1,0.9134742021560669
0,0,0.0007536052144132555
0,0,7.678566362301353e-06
0,0,0.00021291901066433638
0,0,0.012054800987243652
1,1,0.9996497631072998
1,1,0.9890173673629761
1,1,0.9990329742431641
1,1,0.9992343187332153
1,1,0.9751267433166504
1,1,0.8960372805595398
1,0,0.29926562309265137
1,1,0.9998681545257568
0,0,0.0013001998886466026
1,1,0.9999006986618042
1,1,0.9999136924743652
1,1,0.9999896287918091
1,1,0.9990262985229492
0,0,0.000527234107721597
1,1,0.5008640885353088
1,1,0.9976062774658203
1,0,0.04756956920027733
0,0,0.005566812120378017
1,1,0.9979664087295532
0,0,0.016913287341594696
1,1,0.992030143737793
1,1,0.9993513226509094
0,0,0.00048465360305272043
0,0,0.010833961889147758
0,0,0.01979067176580429
0,1,0.6992751359939575
0,0,0.0002756696776486933
0,0,0.047668784856796265
1,1,0.9991174340248108
0,0,0.09132420271635056
1,1,0.9976922273635864
1,1,0.9642754197120667
0,0,0.02121034637093544
1,1,0.9997300505638123
0,0,0.00017401970399077982
0,0,0.003632515901699662
1,1,0.9975579977035522
0,0,9.401375791640021e-06
0,0,0.00039675275911577046
1,0,0.40004730224609375
1,1,0.9955883026123047
0,1,0.7371008992195129
0,0,0.00026955033536069095
0,0,0.00020818538905587047
1,1,0.9991604089736938
0,0,5.708472599508241e-05
0,0,5.82563916395884e-06
0,0,0.00011907829320989549
1,1,0.9706242084503174
0,0,0.0010711683426052332
1,1,0.999858021736145
1,1,0.9606862664222717
0,0,0.001078244997188449
0,0,0.00021604416542686522
0,1,0.7340340614318848
1,1,0.9983755350112915
0,0,0.007699420675635338
0,0,0.0012278469512239099
0,0,0.02362676151096821
0,0,0.00012017669359920546
1,0,0.0468783974647522
0,0,0.0001130041855503805
1,1,0.841931164264679
1,0,0.3390759527683258
0,0,0.007966470904648304
1,1,0.9907055497169495
0,0,0.003829995868727565
0,0,0.3245255947113037
1,1,0.9971686005592346
0,0,0.0017171221552416682
0,0,0.0001794603595044464
0,0,0.0007644555298611522
1,1,0.996272087097168
0,0,0.32869020104408264
0,0,0.14226502180099487
0,0,2.9731121685472317e-05
0,0,0.027750365436077118
0,0,0.000511106860358268
0,0,1.0816867870744318e-05
0,0,0.00024396911612711847
1,1,0.9999408721923828
0,0,0.046817902475595474
0,0,0.0037434690166264772
0,0,0.0005434741033241153
1,1,0.9848997592926025
1,1,0.6495362520217896
0,0,1.7379772998538101e-06
0,0,0.009861010126769543
1,0,0.002187467645853758
0,0,0.00017326751549262553
0,0,0.1506623476743698
0,0,0.002968327607959509
0,0,0.008767862804234028
0,0,0.00017947147716768086
0,0,4.942820669384673e-05
0,0,1.5867019556026207e-06
1,1,0.999769389629364
0,1,0.7327656149864197
0,0,2.969655361084733e-05
0,0,0.4626094400882721
0,0,0.0007623650599271059
1,0,0.29817134141921997
0,0,1.0824897799466271e-05
0,0,0.0002013344637816772
0,0,0.0058738915249705315
1,1,0.9984978437423706
0,0,0.006418793927878141
0,0,0.18989971280097961
0,0,2.7581210815696977e-05
1,1,0.9912109971046448
0,0,1.967831121874042e-05
1,1,0.9985839128494263
0,0,0.0003143695939797908
0,0,0.0006328180315904319
1,1,0.8274378776550293
0,0,0.00883853156119585
0,0,0.0036125946789979935
0,0,0.11138606071472168
0,0,0.0021972216200083494
1,1,0.968906819820404
1,1,0.9996284246444702
1,1,0.9993650317192078
0,0,0.0006345217698253691
0,0,2.7106370907858945e-05
0,0,0.00031897754524834454
0,0,0.00030267430702224374
1,1,0.9199937582015991
0,0,0.0008686792571097612
0,0,0.06837618350982666
1,1,0.9976308345794678
0,0,0.00023496997891925275
0,0,0.0013640864053741097
0,0,0.001557752606458962
0,0,0.19767014682292938
0,0,0.00033214257564395666
1,1,0.9991379976272583
0,0,0.0001073801759048365
0,0,0.0008619357249699533
0,0,4.4928936404176056e-05
1,1,0.9995036125183105
0,0,6.408187618944794e-05
0,0,4.744936086353846e-05
0,0,0.0009762229165062308
0,0,0.0035323293413966894
1,1,0.9989890456199646
1,1,0.9967576861381531
0,1,0.8633338212966919
1,1,0.9998968839645386
1,1,0.9993830919265747
1,1,0.9981709718704224
1,1,0.9995942711830139
0,1,0.9855884909629822
0,0,5.9921236243098974e-05
0,0,0.009055358357727528
1,1,0.9176002740859985
1,1,0.996132493019104
0,0,0.0001970671582967043
0,0,0.40590688586235046
0,0,0.0007798103615641594
1,1,0.9995163679122925
1,1,0.9993690848350525
1,1,0.9999231100082397
1,1,0.9999179840087891
0,0,0.0001416220038663596
0,0,0.38156574964523315
0,0,0.0013732759980484843
1,1,0.9997292160987854
1,1,0.9997100234031677
1,1,0.971372663974762
0,0,0.0013252160279080272
1,1,0.5919094085693359
1,1,0.9979833364486694
1,1,0.9999295473098755
1,1,0.8315610289573669
0,0,0.004018769599497318
1,1,0.8287284970283508
1,1,0.9506564736366272
0,0,0.02114279381930828
0,0,2.111755748046562e-05
1,1,0.9993564486503601
0,0,0.0012537009315565228
0,0,0.00031969757401384413
1,1,0.9993181228637695
1,1,0.99980229139328
1,1,0.9977359771728516
1,1,0.989508867263794
1,1,0.9966869950294495
1,1,0.9946520328521729
1,1,0.625348687171936
0,0,3.2870357244974e-05
1,1,0.9900020360946655
1,1,0.9496788382530212
1,1,0.8302149176597595
1,1,0.9847837090492249
0,1,0.5987386107444763
1,1,0.5223774909973145
0,0,0.028002917766571045
1,1,0.999936580657959
0,0,4.424430517246947e-05
1,1,0.9985679388046265
1,1,0.9981825351715088
1,1,0.9827741384506226
1,1,0.9999260902404785
1,1,0.9861118793487549
0,0,0.00017780225607566535
0,0,0.0007704517338424921
0,0,0.000688771833665669
0,0,1.3101318472763523e-05
1,1,0.9981423616409302
0,0,0.003683163784444332
0,0,0.1715838462114334
0,0,0.08959721028804779
0,0,0.002121156780049205
0,0,0.00014943804126232862
0,0,0.004067683592438698
1,1,0.9994345307350159
0,0,0.014290394261479378
0,0,0.0003680938098113984
0,0,0.0007986268028616905
0,0,0.00017440109513700008
1,1,0.9961894154548645
0,0,0.0017950943438336253
0,0,6.078509977669455e-05
0,0,0.010719253681600094
0,0,0.009872539900243282
0,0,4.3945077777607366e-05
1,1,0.9263522624969482
0,0,0.004708410240709782
0,0,0.0004332906100898981
1,1,0.9993481040000916
0,0,0.00030792265897616744
0,0,0.0028913288842886686
1,0,0.1073727235198021
1,1,0.9998884201049805
1,1,0.9968711733818054
1,1,0.9996188879013062
0,0,2.9210747015895322e-05
0,0,0.008582498878240585
1,1,0.9959741234779358
0,0,0.009560893289744854
0,0,0.006276623345911503
1,1,0.9999843835830688
1,1,0.9994978904724121
1,1,0.9999330043792725
1,1,0.9998922348022461
1,1,0.9999864101409912
1,1,0.9955657124519348
0,0,0.0002905135042965412
0,0,0.0024293509777635336
0,0,0.00029678840655833483
1,1,0.8715641498565674
1,1,0.9999502897262573
0,0,0.0018122110050171614
0,0,0.001019144430756569
1,1,0.9999555349349976
0,0,3.670052683446556e-05
0,0,0.0002396548807155341
0,0,0.011425730772316456
1,1,0.9827253222465515
1,0,0.482218861579895
1,1,0.9998289346694946
1,1,0.9996974468231201
0,0,0.003720969893038273
1,1,0.9963531494140625
1,1,0.9999693632125854
0,0,0.001536149182356894
0,0,0.005425113253295422
0,0,5.059437626186991e-06
1,1,0.9993745684623718
1,1,0.9978328347206116
0,0,0.002240342553704977
1,1,0.9122355580329895
1,0,0.4757519066333771
1,1,0.9988412261009216
0,0,0.004764501936733723
1,1,0.9995253086090088
0,0,0.041125599294900894
1,1,0.9456401467323303
1,1,0.9990373849868774
0,0,0.000315753131872043
0,0,0.016761448234319687
1,1,0.9997316002845764
0,0,0.0009190605487674475
1,1,0.9990825653076172
0,0,0.20953252911567688
1,1,0.9914264678955078
0,0,0.00019963963131885976
1,1,0.9983166456222534
1,1,0.9868778586387634
1,1,0.9852640628814697
1,1,0.9993558526039124
1,1,0.9979039430618286
1,1,0.9998290538787842
1,1,0.9997758269309998
0,0,6.349023806251353e-06
0,0,0.05069092661142349
0,0,2.296658931300044e-05
1,1,0.998456597328186
0,0,0.00017940852558240294
1,1,0.9809771180152893
1,1,0.9990328550338745
1,1,0.9999812841415405
1,1,0.9998888969421387
1,1,0.9800665378570557
1,1,0.9900593161582947
1,1,0.999896764755249
0,0,0.00021239403577055782
1,1,0.8620952367782593
1,1,0.9847044944763184
0,0,0.004155933856964111
1,1,0.9980782270431519
1,1,0.9999098777770996
1,1,0.893811047077179
1,1,0.9995130300521851
1,1,0.9994956254959106
0,0,0.04427618533372879
1,1,0.9996833801269531
0,0,1.2423054613464046e-05
0,0,9.35986900003627e-05
0,0,0.0011062994599342346
0,0,0.00010305848263669759
0,0,2.328604387002997e-05
1,1,0.9996367692947388
0,0,0.0008015651837922633
0,0,0.06639726459980011
1,1,0.9981624484062195
1,1,0.9970102310180664
1,1,0.9983838796615601
1,1,0.9997761845588684
1,1,0.9995444416999817
0,0,5.757033795816824e-05
1,1,0.9979599714279175
0,0,0.004249051213264465
1,0,0.006348052527755499
1,1,0.9823005795478821
1,1,0.9974055886268616
1,1,0.9379900097846985
1,1,0.9998800754547119
1,0,0.2375539094209671
0,0,0.10202241688966751
1,1,0.9971237778663635
1,1,0.9999655485153198
1,1,0.999955415725708
1,1,0.8602803349494934
1,1,0.9824172258377075
0,0,1.6482150385854766e-05
1,1,0.9989179372787476
1,1,0.9845729470252991
1,1,0.9918203353881836
1,1,0.9997410178184509
0,0,0.00037600111681967974
1,1,0.9996002316474915
0,0,8.714776049600914e-05
1,1,0.9883173108100891
1,1,0.9983345866203308
1,1,0.9999392032623291
1,1,0.999900221824646
1,1,0.9830363392829895
0,0,0.00016807625070214272
1,1,0.958998441696167
0,0,3.045926678169053e-05
1,1,0.999427855014801
1,1,0.9974295496940613
1,1,0.9993337988853455
1,1,0.9995189905166626
1,1,0.7505671977996826
0,0,0.0007757908315397799
1,1,0.9989149570465088
0,0,0.006641484331339598
0,0,0.004585554823279381
1,1,0.9998390674591064
0,0,0.002201404422521591
0,0,0.00017525993462186307
0,0,0.13618531823158264
1,0,0.20311339199543
1,1,0.99977046251297
0,0,0.218478724360466
0,0,0.08180873841047287
0,0,0.0034576382022351027
1,1,0.9904094934463501
1,1,0.9970429539680481
1,1,0.9968414306640625
1,1,0.9980886578559875
1,1,0.9998924732208252
0,0,0.13041071593761444
1,1,0.9999544620513916
0,0,0.00029581124545075
1,1,0.9997592568397522
0,0,0.08043806254863739
0,0,0.0010065775131806731
0,0,0.09107062220573425
0,0,0.0009584114886820316
0,0,0.018239397555589676
0,0,0.004500248469412327
1,1,0.9999344348907471
1,1,0.9765204787254333
0,0,0.09801571071147919
0,0,6.732534529874101e-05
1,1,0.6373643279075623
0,0,9.379471885040402e-05
1,1,0.9999773502349854
1,1,0.999798595905304
1,1,0.99866783618927
0,0,0.1310376673936844
1,1,0.9971157312393188
1,1,0.9963068962097168
0,0,2.1829250727023464e-06
1,1,0.9990273714065552
1,1,0.9995808005332947
1,1,0.970672070980072
1,1,0.9999595880508423
1,1,0.999988317489624
0,0,0.005536469165235758
1,1,0.9386836290359497
0,0,0.007424396928399801
0,0,0.16745822131633759
1,1,0.9941762685775757
1,1,0.9998304843902588
1,1,0.9993662238121033
1,1,0.9819239974021912
1,1,0.986323356628418
0,0,0.009615553542971611
1,1,0.9998512268066406
0,0,1.985020935535431e-05
0,0,7.899426418589428e-05
0,0,3.3570247524039587e-06
0,0,0.011123990640044212
1,1,0.9586129188537598
1,1,0.8678182363510132
0,0,3.507522706058808e-05
0,0,0.03218020498752594
1,0,0.07445783913135529
1,1,0.999347984790802
0,0,0.029116477817296982
1,1,0.9820505380630493
1,1,0.9991425275802612
0,0,0.0068878307938575745
0,0,0.0011850257869809866
1,1,0.99967360496521
1,1,0.7019801139831543
1,1,0.9996178150177002
1,1,0.9934953451156616
0,1,0.9956203103065491
1,1,0.990443766117096
0,0,0.0009689969592727721
0,0,0.00016355107072740793
1,1,0.9805396795272827
0,0,6.130887868494028e-06
0,0,5.633513501379639e-05
1,1,0.9999639987945557
0,0,3.518880112096667e-05
0,0,0.00011005440319422632
1,1,0.9938486218452454
1,1,0.9988000392913818
1,1,0.9981195330619812
1,1,0.9626339673995972
1,1,0.9999616146087646
1,0,0.022932907566428185
1,1,0.9997647404670715
0,0,0.00013904507795814425
0,0,0.007501870859414339
0,0,0.0014493127819150686
1,1,0.9997039437294006
0,0,0.00018978545267600566
0,0,0.08230853080749512
0,0,1.6119953215820715e-05
1,1,0.9999657869338989
1,1,0.9938817024230957
1,1,0.9997358918190002
1,1,0.9772252440452576
1,1,0.9999767541885376
0,0,0.00025788985658437014
0,0,0.07947877049446106
1,0,0.49988260865211487
0,0,0.0052518341690301895
0,0,0.0001351104729110375
0,0,0.002458271337673068
0,0,0.2826350927352905
1,1,0.9858846068382263
0,0,0.0005969722988083959
0,0,0.0007157434592954814
1,1,0.9998970031738281
1,1,0.9999270439147949
1,1,0.9996631145477295
1,1,0.9998327493667603
1,1,0.9815512895584106
1,0,0.02512333169579506
1,1,0.9997486472129822
1,1,0.900675892829895
1,1,0.9939557909965515
1,1,0.9995344877243042
1,1,0.9853429794311523
1,1,0.99534672498703
1,1,0.9992944002151489
0,0,2.7592783226282336e-05
1,1,0.9371424913406372
1,1,0.9996410608291626
1,1,0.9923323392868042
0,1,0.9626213908195496
1,0,0.06412982195615768
1,1,0.9999552965164185
0,0,0.00012731515744235367
1,1,0.9997828602790833
1,1,0.9996520280838013
0,1,0.9978715181350708
1,0,0.46115851402282715
0,0,3.619978087954223e-05
1,1,0.9781535863876343
0,0,0.0004205174627713859
0,0,0.0008165700710378587
0,0,0.00025800199364311993
1,1,0.9237005710601807
0,0,0.000860554922837764
1,1,0.9675483107566833
0,0,9.592881542630494e-05
0,0,9.379033872392029e-05
1,0,0.05827353522181511
0,0,0.007363560143858194
0,0,0.013576369732618332
0,0,0.38136404752731323
1,1,0.7144447565078735
1,1,0.8673027157783508
1,1,0.9995843768119812
1,1,0.9992594122886658
1,1,0.9723898768424988
1,1,0.9913144707679749
0,0,0.14741668105125427
0,0,1.8516997442930005e-05
0,0,0.2547830641269684
0,0,0.10078611969947815
0,0,0.0022904290817677975
0,0,1.8035059838439338e-05
0,0,0.0003946092911064625
0,0,0.003239285433664918
0,0,2.809985062413034e-06
0,0,0.038045935332775116
1,1,0.9993472695350647
1,1,0.9994933605194092
1,1,0.9998399019241333
1,1,0.8801714777946472
0,0,7.672205356357154e-06
1,1,0.9995641112327576
1,1,0.9990195035934448
1,1,0.9998526573181152
0,0,0.00018708589777816087
0,1,0.9937019348144531
1,1,0.9999078512191772
1,0,0.08188474178314209
0,0,2.1705718609155156e-06
1,1,0.9718235731124878
1,1,0.9999833106994629
0,0,8.155385148711503e-05
0,0,0.00014956291124690324
0,0,0.3303925096988678
1,1,0.5090422034263611
1,1,0.9999970197677612
1,1,0.9999339580535889
0,0,5.549421985051595e-05
1,1,0.9931548833847046
1,1,0.980393648147583
1,1,0.9997001886367798
1,1,0.9980402588844299
1,1,0.9998144507408142
1,1,0.9997977614402771
1,1,0.9992475509643555
1,1,0.9998524188995361
0,0,0.00022686744341626763
0,0,0.0023319520987570286
0,0,0.0006417946424335241
0,0,0.0002010566822718829
0,0,3.083076444454491e-05
1,1,0.9987261891365051
0,0,0.0008610220975242555
0,1,0.8784577250480652
0,0,0.00031966587994247675
0,0,0.03965383395552635
0,0,0.0857924148440361
0,0,0.3231518864631653
0,0,0.014514194801449776
0,0,0.0003704823029693216
1,1,0.9994107484817505
0,0,0.005552186165004969
0,0,2.3160051568993367e-05
0,0,0.033814750611782074
0,0,0.035183388739824295
0,0,0.0006180412601679564
1,1,0.9999322891235352
1,1,0.9873809814453125
0,0,0.0002987384214065969
1,0,0.006712355185300112
0,0,0.001211224589496851
1,1,0.9997770190238953
0,0,9.534850687487051e-05
0,0,0.10494875907897949
0,0,0.01075221598148346
1,1,0.9979281425476074
0,0,0.00011949038889724761
1,1,0.9960963129997253
0,0,0.000894108961801976
0,0,0.00014353825827129185
1,1,0.9433002471923828
0,1,0.786501407623291
0,0,0.00010649860632838681
1,1,0.998878538608551
0,0,0.001966116949915886
0,0,0.0077080074697732925
0,0,0.0001626217708690092
0,0,0.05189055949449539
0,0,5.858790609636344e-05
1,0,0.0404122956097126
0,0,0.03822045400738716
1,1,0.990747332572937
0,0,5.710018376703374e-05
0,0,0.0014148516347631812
0,0,2.120910539815668e-05
0,0,0.0003042127937078476
1,1,0.9557493329048157
1,1,0.9959728121757507
1,1,0.9968920350074768
1,1,0.9998371601104736
1,1,0.9999078512191772
1,1,0.9999401569366455
1,1,0.9955832362174988
1,1,0.998619794845581
1,1,0.9984052777290344
0,0,0.40068644285202026
1,1,0.9991905093193054
1,1,0.9992285966873169
1,1,0.9708760380744934
1,1,0.9996263980865479
1,1,0.9993496537208557
1,1,0.9999381303787231
1,1,0.9961258769035339
0,0,5.10296413267497e-05
0,0,0.01029838528484106
1,1,0.9994481205940247
1,0,0.048243068158626556
0,0,0.00021421408746391535
0,0,0.0004728359344881028
1,1,0.9954864382743835
1,1,0.999674916267395
0,0,0.0016001901822164655
0,0,0.0006817972171120346
1,1,0.9980011582374573
1,1,0.9959154725074768
1,1,0.997054934501648
1,1,0.9999220371246338
0,0,0.004741134587675333
0,0,0.42528530955314636
1,1,0.999488353729248
1,1,0.9992235898971558
0,0,4.407009691931307e-05
0,0,0.0003212760202586651
0,0,0.002601103624328971
0,0,4.595356585923582e-06
0,0,0.018616534769535065
1,1,0.998893678188324
0,0,0.001540496712550521
0,0,0.06747476756572723
0,0,0.000619137252215296
0,0,4.5879045501351357e-05
1,0,0.015801889821887016
0,0,0.0011154775274917483
1,1,0.9998382329940796
0,0,0.000484178657643497
0,0,4.792159415956121e-06
0,0,0.02840254083275795
1,1,0.9950359463691711
1,1,0.9961554408073425
0,0,3.2380889024352655e-05
0,1,0.6002304553985596
0,0,0.00014848918362986296
0,0,0.00013112204032950103
0,0,0.00013590979506261647
0,0,0.002084350911900401
1,1,0.999305009841919
0,0,0.0007053585140965879
1,1,0.9995105266571045
0,0,0.000512795289978385
1,1,0.9995115995407104
0,0,3.8304067857097834e-05
0,0,0.0003426300245337188
1,1,0.9998570680618286
0,0,0.00019264071306679398
0,0,0.0002849259471986443
0,1,0.7534621357917786
0,0,2.83719455183018e-05
0,0,0.0004695492680184543
0,0,0.002565688919275999
1,0,0.0003553476417437196
0,1,0.7692917585372925
1,1,0.7672955989837646
0,0,0.00048749009147286415
0,0,0.0018138515297323465
0,0,0.0267825648188591
0,0,0.0727749764919281
0,0,0.01480820681899786
1,1,0.9998687505722046
1,1,0.9246624708175659
1,1,0.9983001351356506
1,1,0.9861479997634888
1,1,0.9999790191650391
0,0,9.155343286693096e-05
0,0,0.00012289259757380933
0,0,0.3462851941585541
1,1,0.9985881447792053
1,1,0.9998408555984497
0,0,0.0017403068486601114
1,1,0.9980126619338989
1,1,0.9999302625656128
0,0,0.03891981020569801
1,1,0.9998594522476196
0,0,0.00014441290113609284
0,0,0.05379768833518028
0,0,4.748525680042803e-05
1,1,0.9876963496208191
1,1,0.8229675889015198
1,1,0.9998983144760132
0,0,0.00023944498389028013
0,0,4.040354269818636e-06
1,1,0.999875545501709
0,0,0.0018547677900642157
0,0,0.0012448671041056514
1,1,0.9391216039657593
0,0,0.026487216353416443
0,0,0.013418421149253845
1,1,0.9969151020050049
1,1,0.9452633261680603
1,1,0.9996659755706787
1,1,0.900053858757019
1,1,0.8014146089553833
0,0,0.002993160393089056
0,0,7.880779776314739e-06
1,1,0.9957427382469177
0,0,0.09932343661785126
0,0,0.0021473995875567198
1,1,0.9994458556175232
1,1,0.9999449253082275
1,1,0.9988038539886475
0,0,0.0012440242571756244
1,1,0.9999322891235352
1,1,0.9820736646652222
1,1,0.9999957084655762
0,0,0.41703495383262634
0,0,0.00010354193364037201
1,1,0.999990701675415
0,0,0.003035747678950429
0,0,0.00341116264462471
1,1,0.9999207258224487
1,1,0.9634414911270142
1,1,0.9935437440872192
0,0,5.3672723879572004e-05
1,1,0.9997147917747498
0,0,0.04188220947980881
0,0,0.0014170880895107985
0,0,4.4529177102958784e-05
1,1,0.9984475374221802
0,0,0.0005030377651564777
1,1,0.9999359846115112
0,1,0.9828281402587891
1,1,0.9993723034858704
1,0,0.22608517110347748
0,0,0.0022358191199600697
0,0,2.5321538487332873e-05
0,0,0.00047337173600681126
1,1,0.9928860068321228
1,1,0.9990436434745789
0,0,0.0017622680170461535
0,0,0.00014443852705881
0,0,0.001006050151772797
0,0,0.0006211651489138603
1,1,0.9741386771202087
0,0,4.678092864196515e-06
1,1,0.9971292614936829
0,0,0.037403397262096405
0,0,8.618430001661181e-05
1,1,0.9984065890312195
0,0,0.000177095687831752
1,1,0.9995551705360413
1,1,0.9990260601043701
0,0,0.0004983764956705272
1,1,0.9999343156814575
1,1,0.9996777772903442
1,1,0.9990328550338745
1,1,0.9937224984169006
0,0,0.37231212854385376
0,0,3.329760511405766e-05
1,1,0.9998915195465088
1,1,0.9974887371063232
0,0,0.02937396988272667
0,0,0.00027893847436644137
0,0,0.00048366989358328283
0,0,0.0026647811755537987
0,0,1.2000615242868662e-05
0,0,0.00031166861299425364
1,1,0.9793186187744141
0,0,3.4463685096852714e-06
0,0,1.4640544350186246e-06
1,0,0.2876112461090088
0,0,4.1628285543993115e-05
1,1,0.9925893545150757
0,1,0.6260667443275452
0,0,0.028146671131253242
0,0,0.0002736538299359381
1,1,0.9876692891120911
1,1,0.9989039897918701
1,1,0.9998262524604797
1,1,0.9999688863754272
1,1,0.9987812638282776
0,0,0.0006446930347010493
0,0,0.002899379702284932
0,0,0.00030910890200175345
1,1,0.9986786246299744
1,1,0.9994097948074341
0,0,0.0007861677440814674
0,0,0.0002578556595835835
1,1,0.999649167060852
1,1,0.9906430840492249
0,0,0.05995593219995499
1,1,0.9933571219444275
1,1,0.9055393934249878
0,0,0.00021641938656102866
1,1,0.9888144135475159
1,1,0.9869078397750854
1,1,0.9919310212135315
1,1,0.9787454605102539
0,0,0.0005665065255016088
0,0,1.0252468200633302e-05
1,1,0.9999294281005859
0,0,0.03118078038096428
0,0,0.17358094453811646
0,0,0.0012598213506862521
1,1,0.9998217225074768
0,0,0.0427093468606472
1,1,0.9998195767402649
1,1,0.9998828172683716
1,1,0.9919162392616272
1,1,0.9984462857246399
1,1,0.994041383266449
1,1,0.9976918697357178
0,0,0.032415326684713364
1,1,0.9918431639671326
1,1,0.9905439019203186
0,0,0.08823144435882568
0,1,0.562714159488678
0,0,1.4032774743100163e-05
0,0,0.004128055647015572
0,0,0.026011701673269272
0,0,0.05367510765790939
0,0,9.890503133647144e-05
0,0,0.089310422539711
1,1,0.9970059990882874
1,1,0.9884151220321655
1,1,0.9896292090415955
0,0,0.00011766187526518479
0,0,0.0002316926111234352
1,1,0.9999667406082153
1,1,0.9999536275863647
0,0,0.004057128448039293
1,1,0.9958916902542114
1,1,0.999640941619873
0,0,5.0412410928402096e-05
1,1,0.9919201135635376
0,0,2.8328206553851487e-06
1,1,0.989984393119812
1,1,0.9910231828689575
1,1,0.5857129693031311
0,0,0.003827242413535714
1,1,0.9989210367202759
1,1,0.9971923232078552
1,1,0.9999855756759644
0,0,0.0018661522772163153
0,0,0.00981499720364809
0,0,0.006115675903856754
1,1,0.9947952628135681
0,0,4.466857717488892e-06
1,1,0.9949657320976257
0,0,0.0010051524732261896
1,1,0.9934552311897278
1,1,0.9946596026420593
0,0,0.0016060315538197756
0,0,6.254101026570424e-05
0,0,0.0002767604310065508
0,0,1.318839167652186e-06
0,0,0.429855078458786
0,0,0.0003090488025918603
0,0,0.0001671469071879983
0,0,7.324516445805784e-06
0,0,3.730939715751447e-05
0,0,0.11004588752985
0,0,0.040598366409540176
1,1,0.9543004035949707
1,1,0.9986988306045532
1,1,0.9995799660682678
0,0,4.408787572174333e-05
0,0,8.540853741578758e-06
0,0,0.2293337881565094
1,1,0.9997486472129822
0,0,0.0009489685180597007
0,0,0.0013209475437179208
0,0,1.4319356523628812e-05
0,0,0.0002649252419359982
0,0,0.00017707626102492213
1,1,0.9991793036460876
1,1,0.9997829794883728
0,0,0.00048245754442177713
0,0,0.0007989282603375614
1,1,0.9892686009407043
1,1,0.8794054388999939
0,1,0.8130189776420593
0,0,3.808421388384886e-05
1,1,0.9993389248847961
0,0,0.005742307752370834
1,1,0.9930325746536255
0,0,0.00271543744020164
1,1,0.9981276392936707
1,1,0.8650762438774109
1,1,0.9999762773513794
1,1,0.9989245533943176
0,0,0.016955185681581497
0,0,0.0004050776769872755
1,1,0.9992178678512573
1,1,0.9982860684394836
1,1,0.994219183921814
0,0,0.009837024845182896
1,1,0.9970293045043945
1,1,0.5884719491004944
0,0,0.16655953228473663
0,0,0.00023833915474824607
0,0,0.0006821764400228858
1,1,0.9938918352127075
1,1,0.9588739275932312
1,1,0.901191234588623
1,1,0.9998965263366699
1,1,0.9987585544586182
1,1,0.9998175501823425
0,0,0.00017137387476395816
0,0,0.01104932464659214
0,0,0.00025402678875252604
0,0,0.001575599191710353
0,0,7.269901834661141e-05
1,1,0.9545068740844727
1,1,0.9998877048492432
1,0,0.08476150035858154
1,1,0.9996927976608276
1,1,0.9929774403572083
1,1,0.9997983574867249
0,0,0.0005884012789465487
1,1,0.9999719858169556
0,0,0.00017561123240739107
0,0,0.00038240692811086774
1,0,0.4111018478870392
1,1,0.9998242259025574
0,0,4.9088070227298886e-05
0,0,0.0034291446208953857
1,1,0.9989970326423645
0,0,9.497719474893529e-06
0,0,0.000544847222045064
1,1,0.9987146854400635
0,0,5.636178684653714e-05
1,1,0.9947354197502136
0,0,4.60753381048562e-06
1,1,0.9997703433036804
0,0,1.8695214748731814e-05
1,1,0.998512327671051
1,1,0.9997993111610413
0,0,0.27235978841781616
0,0,0.00012117331061745062
0,0,0.0004763937322422862
1,1,0.9857625961303711
0,0,3.0683579097967595e-05
0,0,1.600885298103094e-05
1,1,0.9999821186065674
1,0,0.41189971566200256
1,1,0.999031662940979
0,0,0.10487911850214005
0,0,0.0051172818057239056
1,1,0.9987614154815674
0,0,3.4280255931662396e-05
0,0,0.31597021222114563
0,0,1.5447370969923213e-05
0,0,0.005982039496302605
0,0,0.012194654904305935
1,1,0.9991347193717957
0,0,8.80961015354842e-05
0,0,0.012975356541574001
0,0,1.1587765584408771e-05
1,1,0.9982415437698364
0,0,0.0011658896692097187
1,1,0.999483585357666
0,0,0.000493028957862407
1,1,0.968111515045166
1,1,0.9987776875495911
1,1,0.9728500843048096
0,0,1.0460263183631469e-05
0,0,0.2601335644721985
1,1,0.9999407529830933
1,1,0.9898386001586914
0,0,0.0003624398959800601
1,1,0.9995490908622742
1,1,0.9996216297149658
0,0,0.01183411292731762
1,1,0.8626642227172852
1,1,0.9997610449790955
1,1,0.9997671246528625
0,0,0.048370495438575745
1,1,0.9243442416191101
1,1,0.9978967905044556
1,1,0.9997487664222717
1,1,0.9999072551727295
0,0,0.0018385602161288261
0,0,8.916554179450031e-06
0,0,0.00011630164954112843
1,1,0.9995155334472656
1,1,0.9971756935119629
1,1,0.9988252520561218
0,0,0.0006379414116963744
0,0,0.0002570620854385197
0,0,0.0008902245899662375
1,1,0.9981278777122498
0,0,0.015337275341153145
0,0,0.00243982020765543
1,1,0.9869601726531982
1,1,0.9999804496765137
0,0,8.836205233819783e-05
0,0,1.0792190551001113e-05
0,0,0.0014681057073175907
0,0,5.368464917410165e-05
1,1,0.989328920841217
0,0,0.00035064213443547487
1,1,0.9620328545570374
0,0,0.008414135314524174
0,0,0.4868294596672058
0,0,0.00044076424092054367
1,1,0.9990634322166443
0,0,0.0005600127042271197
1,1,0.9993108510971069
1,1,0.997841477394104
0,0,0.00010365751222707331
1,1,0.9999760389328003
1,1,0.9970023036003113
1,1,0.9993405938148499
1,1,0.9931447505950928
0,0,0.00010317076521459967
0,0,0.0058716475032269955
1,1,0.9999470710754395
0,0,0.0003489846712909639
0,0,1.5117479051696137e-05
0,0,4.0279370296048e-05
0,1,0.6884782910346985
0,0,5.156746738066431e-06
0,0,2.463666896801442e-05
0,0,0.007162083406001329
0,0,0.0003733488265424967
1,1,0.8563650846481323
1,1,0.9835460186004639
1,1,0.9998809099197388
1,1,0.98736572265625
1,1,0.5529072880744934
0,0,0.07091453671455383
1,1,0.9884977340698242
0,1,0.8125735521316528
1,1,0.9997373223304749
1,1,0.9926658272743225
1,0,0.18764007091522217
1,1,0.9996482133865356
0,0,0.009987181052565575
0,0,0.003948556259274483
0,0,2.2280662960838526e-05
0,0,0.002155002672225237
0,0,0.00010071237193187699
0,0,0.02045472525060177
1,1,0.9999691247940063
0,1,0.8100593090057373
0,0,0.0158848874270916
1,1,0.930259108543396
0,0,0.0006944112828932703
0,0,0.001041181618347764
1,1,0.9994391798973083
0,0,0.0045379470102488995
0,0,0.0017290281830355525
0,0,0.004229528829455376
0,0,0.0006128688110038638
0,0,3.5168071917723864e-05
0,0,0.0006011606310494244
1,1,0.9999279975891113
1,1,0.964322566986084
1,1,0.9998630285263062
1,1,0.9999425411224365
1,1,0.9015819430351257
1,1,0.9999951124191284
0,1,0.9024997353553772
1,1,0.9999749660491943
1,1,0.9989181756973267
1,1,0.9999176263809204
0,0,0.0033841223921626806
1,1,0.9999264478683472
0,0,4.1918294300558046e-05
1,1,0.9990009665489197
1,1,0.9990643858909607
0,0,0.29159626364707947
1,1,0.9989357590675354
0,0,0.0004982042592018843
1,1,0.9997572302818298
1,1,0.9998989105224609
1,1,0.9942269325256348
0,0,5.0596886467246804e-06
1,1,0.9999070167541504
1,1,0.9993329644203186
0,0,0.0009138545719906688
0,0,0.0031265155412256718
0,0,2.1144880520296283e-05
0,0,0.0001217055250890553
0,0,0.0002431289613014087
1,1,0.9996960163116455
0,0,0.07292002439498901
1,1,0.761559247970581
0,0,0.029822498559951782
1,1,0.9991589784622192
1,1,0.9990897178649902
0,0,3.088390803895891e-05
1,1,0.9987020492553711
0,0,0.0011949981562793255
1,1,0.9924301505088806
0,0,0.00012137822341173887
0,0,0.001405741786584258
1,1,0.9962818026542664
1,0,0.0014222742756828666
1,1,0.9952967762947083
0,0,0.0002642416220624
0,0,0.0004406911029946059
0,0,0.0003432618686929345
0,0,0.0003172576252836734
0,0,0.006234750617295504
1,1,0.9993521571159363
0,0,2.2574590730073396e-06
1,1,0.9932841062545776
0,0,0.00030121911549940705
0,0,0.005162225570529699
0,0,0.00015450548380613327
1,1,0.9998798370361328
1,1,0.990535318851471
0,0,0.00026966523728333414
0,0,7.492063741665334e-05
1,1,0.9996614456176758
0,0,0.05082804709672928
0,0,0.0007796632125973701
0,0,0.02579658105969429
0,0,1.9907351997972e-06
0,0,0.004778645001351833
1,1,0.9998513460159302
1,1,0.9871905446052551
0,0,1.6383532056352124e-05
0,0,0.0008788195555098355
1,1,0.9460554122924805
0,0,0.00021754692716058344
0,0,0.05528649315237999
0,0,6.915058474987745e-05
0,0,0.3534022569656372
1,1,0.9996840953826904
0,0,0.034219227731227875
0,0,0.00023803710064385086
1,1,0.9996342658996582
0,0,0.00039255039882846177
0,0,0.03554004803299904
0,0,0.0004589898744598031
0,0,0.002682724967598915
1,0,0.4858386218547821
0,0,0.00597371207550168
0,0,0.0003170889103785157
0,0,2.2832306058262475e-05
0,1,0.9778213500976562
0,0,0.0027797312941402197
0,0,0.004785528406500816
0,0,1.980979686777573e-05
0,0,0.0010554192122071981
0,0,0.00015347398584708571
1,1,0.9997723698616028
1,1,0.9987106323242188
1,1,0.9982312321662903
1,1,0.9895768165588379
1,1,0.9998811483383179
1,1,0.9998342990875244
1,1,0.9990854263305664
1,1,0.9993860721588135
0,0,0.001096677384339273
0,0,0.0003593071596696973
1,1,0.9990254640579224
1,1,0.999832272529602
0,0,0.0006711736205033958
0,0,4.979645382263698e-06
0,0,0.00014194090908858925
0,0,0.00021904968889430165
1,1,0.9999179840087891
0,0,4.419757897267118e-05
1,1,0.9569878578186035
0,0,3.968113742303103e-05
0,0,0.002358722500503063
1,1,0.997575581073761
1,1,0.9985871315002441
0,0,2.6245772460242733e-05
0,0,0.00019060277554672211
1,1,0.9994744658470154
1,0,0.2789982259273529
0,0,0.00010782168101286516
0,0,9.325792052550241e-05
1,1,0.9974108338356018
0,0,0.009242787957191467
0,0,0.0002355316246394068
1,1,0.9999887943267822
0,0,0.00018774872296489775
0,0,2.8318505428615026e-05
0,0,0.005117228254675865
0,0,9.297217184212059e-05
0,0,0.0640505701303482
0,0,0.00047897594049572945
0,0,5.768111805082299e-06
0,0,0.0014862734824419022
0,0,0.0002395152987446636
0,0,2.8855081836809404e-05
1,1,0.9939504861831665
1,1,0.9610210061073303
0,0,0.4482184946537018
1,1,0.9965198040008545
0,0,6.356733501888812e-05
0,0,0.00025618760264478624
0,0,0.00012440163118299097
0,0,0.0012970026582479477
0,1,0.5626119375228882
1,1,0.9976739287376404
1,1,0.5668008923530579
1,1,0.9997667670249939
1,1,0.9995130300521851
1,1,0.9997619986534119
1,1,0.9962083101272583
1,1,0.9995977282524109
1,1,0.9993482232093811
1,1,0.9992769360542297
1,1,0.9992557168006897
1,1,0.9986207485198975
1,1,0.9542481899261475
1,1,0.9929397106170654
0,0,0.0017645806074142456
0,0,1.9878509192494676e-05
1,1,0.9999330043792725
0,0,0.00048618236905895174
1,1,0.9012197852134705
0,0,0.00030042894650250673
0,0,0.0004212049243506044
0,0,0.0015315141063183546
1,1,0.9928256273269653
1,1,0.9998701810836792
0,0,0.003354892833158374
1,1,0.8932281136512756
1,1,0.9999394416809082
0,1,0.9866527915000916
1,1,0.9985805749893188
1,1,0.9843088984489441
1,1,0.9989426732063293
0,0,3.859682328766212e-05
0,0,0.3311738073825836
0,0,0.0033373574260622263
1,1,0.9991452693939209
1,1,0.9979978203773499
0,0,0.10327547043561935
0,0,0.0008295789593830705
1,1,0.8741827011108398
0,0,0.006622804794460535
0,0,0.08984894305467606
0,0,0.0006800670525990427
0,0,0.0006811883067712188
0,0,9.529733506496996e-05
0,0,0.0435737669467926
0,0,0.0005289889522828162
0,0,0.031233051791787148
0,0,0.00029081638786010444
0,0,0.004701615776866674
0,0,0.022796394303441048
0,0,3.982329508289695e-05
1,1,0.9972338080406189
1,0,0.07762482762336731
1,0,0.11356576532125473
1,1,0.9995841383934021
1,1,0.9998387098312378
1,1,0.9998341798782349
1,1,0.9975192546844482
1,1,0.9995966553688049
0,0,0.0006619242485612631
0,0,0.14996951818466187
0,0,0.06246408075094223
1,1,0.99883633852005
1,0,0.04475003108382225
1,1,0.9998461008071899
1,1,0.9998681545257568
0,0,0.00570625951513648
1,0,0.39136651158332825
1,1,0.9911024570465088
1,1,0.9868255257606506
0,0,0.0005027223378419876
1,0,0.2680651843547821
1,1,0.9041986465454102
1,1,0.9973793029785156
1,1,0.9998069405555725
0,0,0.00022904457000549883
0,0,0.0007281198049895465
1,1,0.9999773502349854
0,0,0.00010650216427166015
0,0,2.7348834919393994e-05
0,0,9.881576261250302e-05
1,1,0.9956074357032776
0,0,8.402631647186354e-05
1,1,0.9902496933937073
1,1,0.9926980137825012
0,1,0.6575556993484497
1,1,0.999213457107544
1,1,0.9984846711158752
1,0,0.002777845598757267
0,0,0.0001458340702811256
1,1,0.915160596370697
0,0,9.819494835028308e-07
1,1,0.999213457107544
1,1,0.9974241256713867
0,0,0.009162161499261856
0,0,0.0001742857275530696
1,1,0.9998196959495544
0,0,0.02705511264503002
0,0,0.09491883218288422
0,0,0.0043510738760232925
0,0,0.11832897365093231
0,0,6.021061562933028e-05
1,1,0.9981076717376709
1,1,0.9997909665107727
1,1,0.972050130367279
0,0,0.0001884855591924861
1,1,0.9915254712104797
1,1,0.9971687197685242
0,0,0.0004561239038594067
1,1,0.9970678687095642
1,1,0.9989377856254578
0,0,0.00026309629902243614
0,0,0.01837778277695179
0,0,0.000940294936299324
1,1,0.9985790252685547
0,0,0.0029039555229246616
1,1,0.9965722560882568
0,0,0.0006614738958887756
0,0,0.3995629847049713
1,1,0.9997797608375549
0,0,0.014468901790678501
0,0,0.0003217228804714978
0,0,0.1275128275156021
1,1,0.8835203051567078
0,1,0.774513304233551
0,0,2.2253736460697837e-05
1,1,0.999269425868988
1,1,0.9998873472213745
0,0,0.002982671372592449
1,1,0.9999899864196777
1,1,0.9926774501800537
1,1,0.9954278469085693
1,1,0.9997454285621643
1,1,0.9999359846115112
0,0,0.00019429039093665779
0,0,0.010827453806996346
1,1,0.9972901344299316
0,0,0.00029730494134128094
0,0,0.0025025440845638514
1,1,0.9998577833175659
0,0,0.0007248948095366359
0,0,0.007084913086146116
0,0,8.256878209067509e-05
0,0,0.0001507783163106069
1,1,0.9994763731956482
0,0,0.00010244071017950773
0,1,0.9642167091369629
0,0,0.10771548748016357
1,1,0.9990503191947937
1,1,0.9999474287033081
1,1,0.9987068176269531
0,0,0.0006537519511766732
0,0,1.726106165733654e-05
1,1,0.999849796295166
0,0,5.7115816161967814e-05
1,1,0.9999499320983887
1,1,0.9987333416938782
0,0,4.358440128271468e-05
1,1,0.9914519786834717
0,0,0.0023112196940928698
1,1,0.9998204112052917
1,1,0.9986456036567688
0,0,3.8186808524187654e-05
1,0,0.25038447976112366
1,1,0.9987762570381165
1,1,0.9686407446861267
1,1,0.9999771118164062
1,1,0.9988351464271545
1,1,0.99998939037323
1,1,0.9998329877853394
1,0,0.0020947083830833435
0,0,0.0006460909498855472
0,0,0.13581523299217224
1,1,0.9953892230987549
1,1,0.9954032897949219
1,1,0.9998724460601807
0,0,7.882863428676501e-05
1,1,0.9995073080062866
0,0,0.0050745452754199505
0,0,0.006186791695654392
0,0,7.921906217234209e-05
1,0,0.11195164173841476
1,1,0.988567590713501
1,1,0.9995180368423462
0,0,0.00039216477307491004
0,0,9.262855746783316e-05
1,1,0.9999847412109375
1,1,0.9996784925460815
0,1,0.7721498608589172
1,0,0.46157243847846985
1,1,0.9999915361404419
0,0,0.1031043753027916
0,0,0.08420619368553162
0,0,7.318272400880232e-05
0,0,0.0002734519657678902
1,1,0.9992007613182068
0,0,3.424415262998082e-05
1,1,0.9999563694000244
1,1,0.9745341539382935
0,0,0.0021168834064155817
0,0,0.00015583533968310803
0,0,0.03633967787027359
1,1,0.9999457597732544
0,0,0.009402555413544178
0,0,0.0002833220351021737
1,1,0.9985023736953735
1,1,0.9968917965888977
0,0,0.0015210644342005253
1,1,0.9961082339286804
0,0,0.0007965989643707871
1,1,0.9999086856842041
0,0,0.13623102009296417
0,0,0.00020802089420612901
0,0,0.002742891199886799
0,0,5.172062446945347e-05
0,0,0.0006918489816598594
0,0,0.000383169564884156
0,0,0.0005272567505016923
0,0,0.00023633334785699844
0,0,0.00023354990116786212
0,1,0.8859668374061584
1,0,0.07090181112289429
1,1,0.9942617416381836
0,0,0.019907578825950623
1,1,0.999512791633606
0,0,0.00047101720701903105
1,1,0.9712615013122559
1,1,0.9997206330299377
1,1,0.9997797608375549
0,0,1.496871391282184e-05
1,1,0.9999183416366577
1,1,0.9657307863235474
1,1,0.9998617172241211
0,0,0.0003223897947464138
0,0,1.0928250048891641e-05
0,0,3.1193194445222616e-05
1,1,0.9959450364112854
1,1,0.9996362924575806
0,0,3.0449507903540507e-05
0,0,0.0016880349721759558
1,0,0.2779059410095215
1,1,0.9999948740005493
0,0,0.0042214770801365376
0,0,1.493488412052102e-06
0,0,8.319774678966496e-06
0,0,0.014619392342865467
0,0,7.396824366878718e-05
0,0,0.0015347747830674052
0,0,5.355063694878481e-05
0,0,0.003912091255187988
1,1,0.9333822727203369
0,0,0.004300719127058983
0,0,0.019937176257371902
1,1,0.9986804127693176
1,1,0.8759626150131226
1,1,0.9988694787025452
0,0,0.0018176862504333258
0,0,0.008040091022849083
1,1,0.9979534149169922
0,1,0.9788438081741333
0,0,0.0003341546398587525
0,0,9.118944944930263e-06
0,0,7.353198725468246e-06
0,0,0.0003709353331942111
1,1,0.996152937412262
1,1,0.9996856451034546
0,0,0.06216447055339813
0,0,7.047106009849813e-06
0,0,0.00011020983220078051
1,0,0.07044851034879684
1,1,0.9999641180038452
0,0,0.0017029340378940105
1,1,0.9989991784095764
1,1,0.5899375677108765
1,1,0.9967029690742493
1,1,0.9979807734489441
0,0,0.32676076889038086
1,1,0.9999608993530273
0,0,0.0003837693075183779
0,0,0.17920812964439392
0,0,0.004727399908006191
0,0,0.12401727586984634
1,1,0.9577783942222595
0,0,0.0005435437196865678
0,1,0.9865878224372864
1,1,0.9999498128890991
1,1,0.9155436158180237
1,1,0.9721192121505737
1,1,0.9873350858688354
1,1,0.9976639747619629
1,1,0.9999651908874512
1,1,0.9999369382858276
1,1,0.9975064396858215
1,1,0.9937254786491394
0,0,0.0374714694917202
1,0,0.07162202894687653
0,0,4.784400289281621e-07
0,1,0.9320535659790039
0,0,4.3443895265227184e-05
0,0,9.596697054803371e-05
1,1,0.9983689188957214
0,0,5.6646554185135756e-06
1,1,0.999963641166687
1,1,0.9882811903953552
0,0,0.0004097650817129761
0,0,0.015003828331828117
1,1,0.9999054670333862
0,1,0.6776258945465088
1,1,0.9981379508972168
1,1,0.9617986679077148
1,1,0.996526300907135
1,1,0.9852448105812073
1,1,0.9984750151634216
0,0,0.0002435747010167688
1,1,0.9982905983924866
1,1,0.9983194470405579
1,1,0.9994871616363525
0,0,0.03806911036372185
1,1,0.9971364736557007
1,1,0.9996999502182007
0,0,0.00025459876633249223
0,0,0.00074439134914428
0,0,0.00010571244638413191
1,1,0.9999305009841919
0,0,0.007301177829504013
0,0,0.0011114288354292512
1,1,0.9976790547370911
1,1,0.9931353330612183
1,1,0.9994999170303345
0,0,0.007852567359805107
0,0,3.312120315968059e-05
0,0,0.00482362462207675
1,1,0.6331562995910645
1,1,0.9979597330093384
1,1,0.998458981513977
1,0,0.48853811621665955
1,0,0.181417778134346
1,1,0.6681779026985168
0,0,0.00016567976854275912
1,1,0.9902393817901611
1,1,0.9997468590736389
1,1,0.935931384563446
1,1,0.9997265934944153
0,0,0.00013443949865177274
1,1,0.9838874936103821
0,0,0.005511438008397818
0,0,9.446009062230587e-05
0,0,0.001952445600181818
0,0,0.05307188630104065
0,0,4.486847046791809e-06
1,1,0.9998645782470703
1,1,0.9410856366157532
1,1,0.9997629523277283
0,0,0.0002958560944534838
1,1,0.7908423542976379
1,1,0.9996355772018433
0,0,0.002174596767872572
1,1,0.9999536275863647
1,0,0.06497983634471893
1,1,0.9992840886116028
1,1,0.9980770349502563
1,1,0.9995808005332947
1,1,0.9495463967323303
1,0,0.025000784546136856
1,1,0.9992417097091675
0,0,0.015408173203468323
1,1,0.9996787309646606
1,1,0.9998339414596558
1,0,0.2468036711215973
0,0,0.004751685541123152
0,0,0.00013347981439437717
0,0,0.3609890937805176
1,1,0.8646877408027649
0,0,0.30563342571258545
1,1,0.9539738893508911
1,1,0.9996015429496765
0,0,0.024090692400932312
0,0,0.21249158680438995
1,1,0.9960076808929443
0,1,0.5065686702728271
0,0,0.31378820538520813
1,1,0.9978249073028564
0,0,0.0032845139503479004
0,0,0.0036061429418623447
1,1,0.9999189376831055
0,0,0.0012853563530370593
0,0,6.656369077973068e-05
0,1,0.8536023497581482
0,0,1.2862165021942928e-05
0,0,0.0004337534192018211
0,0,0.0001419877662556246
1,1,0.999200165271759
0,0,1.51065851241583e-05
0,0,0.00016918587789405137
0,0,0.00029166133026592433
0,0,0.0002166731283068657
0,0,0.0001980363012989983
1,1,0.9998778104782104
0,0,1.3842598491464742e-05
0,0,0.0006002302397973835
0,0,6.564392242580652e-05
1,1,0.9992117881774902
0,0,0.006180685479193926
1,0,0.22002264857292175
0,0,0.00469583086669445
0,0,0.0001563470286782831
1,1,0.9994896650314331
1,1,0.982817530632019
1,1,0.9998970031738281
0,0,0.04239152371883392
0,0,0.0008105220622383058
0,0,0.013058469630777836
1,1,0.8380163908004761
1,1,0.8538565635681152
0,0,0.023062825202941895
0,0,0.0648423582315445
0,0,0.001324098906479776
1,0,0.02945619821548462
0,1,0.9945857524871826
1,1,0.9990212917327881
1,1,0.9995006322860718
1,1,0.9998958110809326
0,1,0.6430429220199585
1,1,0.9993661046028137
1,1,0.9999682903289795
0,0,0.0016222401754930615
1,1,0.998700737953186
0,0,0.0003525167121551931
1,1,0.9998061060905457
0,0,2.409539229120128e-05
0,0,0.0025784920435398817
1,1,0.9997950196266174
0,0,0.02313826233148575
1,1,0.9998158812522888
1,1,0.9979554414749146
0,0,0.024035200476646423
1,0,0.14019036293029785
0,1,0.5857787132263184
0,0,0.0030812816694378853
0,0,0.0006401576683856547
1,1,0.9998779296875
1,1,0.9999097585678101
0,0,0.02225729636847973
0,0,0.00017143957666121423
1,1,0.9950870871543884
0,0,0.002744031138718128
1,1,0.989831805229187
1,1,0.9996680021286011
1,1,0.9969780445098877
0,0,0.011488010175526142
0,0,0.02352009527385235
1,1,0.9997454285621643
0,0,0.005231473594903946
0,0,0.0001260246935999021
0,0,0.0006010895594954491
1,1,0.9974856376647949
1,1,0.9999740123748779
0,0,0.00779644725844264
0,0,0.0011406335979700089
0,0,0.08040854334831238
0,0,0.003624060656875372
0,0,0.00010098511120304465
1,1,0.9997754693031311
0,0,0.022186752408742905
1,1,0.8682933449745178
1,1,0.9849543571472168
0,0,0.006163927726447582
0,0,0.0007968331919983029
1,1,0.9999556541442871
0,1,0.9984458088874817
0,0,0.0008222245378419757
0,0,0.0001385180075885728
0,0,0.00016347062774002552
1,1,0.8577097654342651
0,0,0.0005218419246375561
0,0,0.0006111736875027418
0,0,0.0007562137325294316
0,0,0.0011367177357897162
0,0,8.147163498506416e-06
1,1,0.9995457530021667
0,1,0.5854170918464661
0,0,8.188434003386647e-05
0,0,4.797007568413392e-05
0,0,0.37316855788230896
0,0,0.00016320399299729615
1,1,0.999810516834259
0,0,0.0006465439219027758
0,0,0.001536903320811689
0,0,0.009510969743132591
1,1,0.9994592070579529
1,0,0.030184868723154068
0,0,0.000638689030893147
0,0,1.4718812053615693e-05
0,0,0.002628535497933626
1,1,0.9932631850242615
0,0,0.00015310768503695726
0,0,0.0014225479681044817
1,1,0.9999003410339355
0,0,0.01347975991666317
0,0,0.08379821479320526
0,0,0.0025009638629853725
0,1,0.9784479737281799
0,0,0.000509661971591413
0,0,0.07318434864282608
0,0,2.983621379826218e-05
1,1,0.9789896607398987
0,0,0.0003328075399622321
0,0,2.9501336030079983e-05
0,0,0.019053416326642036
0,1,0.8499240875244141
1,1,0.9642958045005798
1,1,0.9962658286094666
0,0,6.475403642980382e-05
0,1,0.6940382122993469
1,1,0.9756308794021606
1,1,0.9999489784240723
1,1,0.9899126887321472
1,1,0.9998568296432495
1,1,0.992222011089325
1,1,0.9987965822219849
0,0,0.005023070145398378
0,0,0.0021026383619755507
1,1,0.9991838335990906
1,1,0.9992247819900513
0,0,0.4701623320579529
1,1,0.9715808033943176
1,1,0.9994032382965088
0,0,3.052283136639744e-05
1,1,0.9996784925460815
0,0,0.0072662304155528545
1,1,0.9999891519546509
0,0,0.00583240482956171
1,1,0.9900652766227722
0,0,2.0679630324593745e-05
1,1,0.9999436140060425
0,0,3.886464037350379e-05
1,1,0.9986120462417603
1,1,0.9994158744812012
0,0,0.013732216320931911
1,0,0.0199417844414711
0,1,0.9357730150222778
0,0,0.0005310432752594352
0,0,5.142175723449327e-05
1,1,0.9998090863227844
1,1,0.9997945427894592
0,0,0.002213380066677928
0,0,2.6801792500918964e-06
0,0,0.00013249034236650914
0,0,0.045294251292943954
1,1,0.9999130964279175
0,0,0.0019466151716187596
1,1,0.5129989981651306
0,0,1.918888301588595e-05
1,1,0.9998651742935181
0,0,8.845571574056521e-05
1,1,0.9985872507095337
1,1,0.9957393407821655
0,0,0.007135643623769283
1,1,0.999931812286377
1,1,0.9992796778678894
0,0,0.000944131868891418
0,0,0.00017442787066102028
0,0,1.0459743862156756e-05
1,1,0.9861676096916199
0,0,9.645515092415735e-05
0,0,0.00012332516780588776
0,0,0.0005139413406141102
0,0,6.357000529533252e-05
0,0,7.095198816386983e-05
1,1,0.7890663743019104
0,0,0.0023062946274876595
0,0,3.3330070436932147e-06
0,0,0.0009589403052814305
0,0,0.0017194336978718638
0,0,0.016649458557367325
0,0,0.001892321277409792
0,0,0.0003291555040050298
1,1,0.9965553283691406
0,0,0.0047208890318870544
0,0,5.9922149375779554e-05
0,0,0.00020503211999312043
0,0,0.0006587966345250607
0,1,0.9073734879493713
0,0,0.0020268652588129044
1,1,0.8261223435401917
1,1,0.9998540878295898
1,1,0.9570844769477844
0,0,0.11982836574316025
0,0,0.0009264227701351047
1,1,0.9996147155761719
1,1,0.9998641014099121
1,1,0.9998956918716431
0,0,0.002998404437676072
0,0,0.012419188395142555
1,1,0.9999755620956421
1,1,0.9856678247451782
0,0,0.05984153226017952
0,0,0.017897754907608032
1,1,0.9999210834503174
1,1,0.9997064471244812
1,1,0.9990376234054565
1,1,0.9992303848266602
1,1,0.9980652928352356
1,1,0.9979395270347595
1,1,0.9528210759162903
1,1,0.9982806444168091
0,0,0.3027665913105011
1,1,0.9517322182655334
1,1,0.9998822212219238
0,0,0.005086726974695921
1,1,0.9988521337509155
1,1,0.9999078512191772
0,0,0.00018051633378490806
0,0,0.03350362926721573
1,1,0.9995336532592773
1,1,0.6042901873588562
1,1,0.9996784925460815
0,0,0.03104194439947605
1,1,0.9995424747467041
1,1,0.9860224723815918
1,1,0.9885936975479126
0,0,0.086306631565094
1,1,0.9824318289756775
1,1,0.9993656277656555
0,1,0.7502274513244629
0,0,0.04258550703525543
1,1,0.9984164237976074
0,0,0.00033603564952500165
0,0,0.0016184981213882565
0,0,2.3206923287943937e-05
1,1,0.7129848003387451
0,0,4.355249257059768e-05
0,0,0.0003655673353932798
1,1,0.9503586888313293
1,1,0.9967485666275024
1,1,0.975283682346344
1,1,0.9986032843589783
1,1,0.9996771812438965
0,0,0.00041755312122404575
1,1,0.9991574287414551
1,1,0.9999668598175049
0,0,1.0011649465013761e-05
1,1,0.9995585083961487
0,0,4.975859701517038e-05
1,1,0.9999829530715942
0,0,0.3541453182697296
0,0,0.00026488283765502274
0,0,4.680249548982829e-05
0,0,0.015523288398981094
1,1,0.9999728202819824
1,1,0.9990777969360352
0,0,0.05617184564471245
0,0,0.04148702695965767
1,1,0.9920965433120728
1,1,0.9999756813049316
0,0,2.4032333385548554e-05
1,1,0.9437288045883179
1,1,0.9945059418678284
0,0,0.0010212492197751999
0,0,0.0009279002551920712
0,0,4.223259384161793e-05
0,0,0.0009737135260365903
0,0,0.00023590942146256566
0,0,0.0030705404933542013
0,0,0.2960425615310669
0,1,0.5043060779571533
0,0,0.0002892253687605262
1,1,0.9917768239974976
0,0,8.53662822919432e-06
1,1,0.9999276399612427
1,1,0.9999395608901978
1,1,0.9993969202041626
1,1,0.9996703863143921
1,1,0.9997244477272034
0,0,0.1735430806875229
1,0,0.25527504086494446
0,0,0.0003234284813515842
1,1,0.9997650980949402
1,1,0.9996863603591919
0,0,0.00017628648492973298
0,0,0.0038749638479202986
0,0,0.0004420256882440299
1,1,0.7344086766242981
1,1,0.9997729659080505
1,1,0.9995998740196228
1,0,0.01586601696908474
0,0,4.731534136226401e-05
1,1,0.9983851909637451
1,1,0.9978914856910706
0,0,0.007209525443613529
1,1,0.9922745823860168
0,0,0.0004907030379399657
1,1,0.9975777268409729
1,1,0.9998974800109863
0,0,0.06294512003660202
1,1,0.9992581009864807
0,0,4.159114905633032e-05
0,0,8.745228115003556e-05
0,0,1.8638356777955778e-05
1,1,0.9668031930923462
0,0,0.07481363415718079
1,1,0.9998231530189514
1,1,0.86659175157547
1,1,0.9977090358734131
0,0,0.00046944478526711464
1,1,0.9997454285621643
0,0,0.00024431245401501656
0,1,0.9628458619117737
0,0,0.016839133575558662
0,0,0.00045965169556438923
0,0,0.0014119396219030023
1,1,0.9969026446342468
0,0,9.211971701006405e-06
0,0,0.0013344904873520136
1,1,0.9990953207015991
0,0,0.00232074991799891
0,0,7.039462798275054e-05
1,1,0.9994813799858093
0,1,0.9505497217178345
0,0,0.000763955875299871
1,1,0.9990938901901245
0,0,0.00032662253943271935
0,0,0.0009032006491906941
0,0,0.012985484674572945
0,0,0.0019311420619487762
0,0,0.00019902081112377346
0,0,7.514465687563643e-05
1,1,0.9993008375167847
0,0,6.302374094957486e-05
0,0,9.74662762018852e-05
1,1,0.9993483424186707
1,1,0.9997217059135437
0,0,0.006330029107630253
0,0,0.0009355774964205921
1,1,0.9994449019432068
0,0,0.0012499808799475431
1,1,0.9989110231399536
0,0,0.0015590994153171778
0,0,0.0001408481621183455
0,0,0.011388289742171764
1,1,0.9985321760177612
1,1,0.9999188184738159
1,1,0.988767683506012
0,0,0.056778524070978165
0,0,0.0005871399189345539
1,1,0.9998377561569214
0,0,0.00012223029625602067
0,0,0.00011222061584703624
0,0,0.01397656463086605
0,0,0.00035301275784149766
0,0,3.51019662048202e-05
0,0,0.00014410079165827483
0,0,0.00015079269360285252
0,0,0.0003262606041971594
1,1,0.9993972778320312
0,0,0.023021455854177475
0,0,4.875045851804316e-05
1,1,0.9303851127624512
0,0,0.045313719660043716
0,0,0.26054802536964417
0,0,0.0014100885018706322
1,1,0.9931073784828186
1,1,0.9994459748268127
0,0,0.01802634447813034
1,1,0.9993444085121155
1,0,0.007456647697836161
1,1,0.9943628311157227
0,0,0.015528743155300617
0,0,2.4321625460288487e-06
1,1,0.9874524474143982
0,0,0.00011356699542375281
0,0,0.25491613149642944
1,1,0.9999889135360718
1,1,0.9944465160369873
0,0,0.00022642593830823898
0,0,0.3431251645088196
0,0,3.3017258829204366e-05
1,1,0.5966379642486572
1,1,0.9997121691703796
1,1,0.9988240599632263
1,1,0.9993762373924255
0,0,0.0003423893649596721
0,0,0.00019646681903395802
1,1,0.9998137354850769
0,0,6.235241744434461e-05
0,0,0.0076581379398703575
0,1,0.5049396753311157
1,1,0.9982095956802368
1,1,0.9999278783798218
0,0,0.0001293607783736661
1,0,0.333903044462204
1,0,0.4579404890537262
1,1,0.9947214126586914
1,1,0.9999167919158936
1,1,0.9998782873153687
1,1,0.9999868869781494
1,1,0.7991377115249634
0,0,0.17814034223556519
1,1,0.9892298579216003
1,1,0.9983385801315308
1,1,0.9988064765930176
1,1,0.9985132813453674
0,0,0.14493931829929352
1,1,0.9999459981918335
0,0,7.848776476748753e-06
1,1,0.9942149519920349
1,1,0.9992603659629822
1,1,0.997802197933197
0,0,4.177248410996981e-05
0,0,8.115664059005212e-06
1,1,0.9993665814399719
1,1,0.9997804760932922
0,0,0.0021654455922544003
1,1,0.9995027780532837
0,0,6.848135672044009e-05
0,0,0.0005194717086851597
1,1,0.9984412789344788
1,1,0.9973605275154114
0,0,0.004182339180260897
0,0,0.40871503949165344
1,1,0.9997133612632751
1,1,0.9966450333595276
1,1,0.9999138116836548
0,0,4.511639053816907e-05
0,0,0.09371424466371536
1,1,0.999991774559021
1,1,0.9996153116226196
0,0,0.0002770968130789697
1,1,0.9975207448005676
1,1,0.9981416463851929
1,1,0.9991495609283447
0,0,7.869336695875973e-05
0,0,0.024283111095428467
0,0,7.770442607579753e-05
1,1,0.9579349756240845
1,1,0.9994850158691406
0,0,1.6308846170431934e-05
0,0,0.0017536258092150092
0,0,4.835375875700265e-05
1,1,0.9990123510360718
1,0,0.0027324657421559095
0,0,0.001560549600981176
0,0,0.0011166363256052136
0,0,0.0008961133426055312
1,1,0.9935185313224792
0,0,0.09946143627166748
0,0,0.3002378046512604
0,0,0.24342498183250427
0,0,0.0003082701878156513
1,1,0.9858970046043396
0,0,0.0003098642628174275
0,0,2.490696897439193e-05
1,1,0.9906598925590515
1,1,0.9639896154403687
0,0,0.023908518254756927
0,0,0.0001959470973815769
1,1,0.9958946704864502
0,0,0.00027296331245452166
1,1,0.9999579191207886
0,0,0.030570700764656067
1,1,0.9982903599739075
1,1,0.9996235370635986
1,0,0.10760369896888733
0,0,0.005475430283695459
0,0,0.00011955889931414276
0,1,0.8371890187263489
1,1,0.996584415435791
0,0,0.00033279231865890324
1,1,0.9995419979095459
0,0,5.040746327722445e-05
0,0,0.00013934173330198973
0,0,0.000725854653865099
0,0,8.132259608828463e-06
0,0,0.0006056807469576597
1,1,0.9982104301452637
1,1,0.9999912977218628
0,0,0.0002461103431414813
0,0,0.017277581617236137
1,1,0.9520760774612427
0,0,0.00013562808453571051
1,1,0.9998482465744019
1,1,0.9819297194480896
1,1,0.9997181296348572
0,0,0.027559487149119377
0,0,0.0016260590637102723
1,1,0.8704348802566528
0,0,1.671684549364727e-05
0,0,0.00011789176642196253
0,0,8.955960947787389e-05
0,0,0.036532383412122726
0,0,0.0031739831902086735
0,0,0.0002197366120526567
0,0,5.238053199718706e-05
0,0,0.0011219120351597667
0,0,0.0063981772400438786
1,1,0.9993731379508972
1,1,0.9806231260299683
1,1,0.9959235191345215
0,0,7.468096100637922e-06
1,1,0.9869073629379272
0,0,0.01184189971536398
1,1,0.9990053772926331
1,1,0.9928748607635498
1,1,0.9998859167098999
0,0,0.0012623901711776853
0,0,0.0010897066676989198
0,0,0.02428555302321911
0,0,1.580828939040657e-05
1,1,0.9979945421218872
1,1,0.9990383386611938
1,1,0.9978391528129578
1,1,0.947900116443634
0,0,0.00010149570152861997
0,0,7.891580753494054e-05
1,1,0.9999262094497681
1,1,0.9995388984680176
1,1,0.9321789145469666
0,0,0.0004821010516025126
1,1,0.9504390358924866
1,1,0.9969145059585571
0,0,0.00012731710739899427
0,0,0.00239793723449111
0,0,0.003079015063121915
0,0,0.019705602899193764
0,0,0.0005880219978280365
1,1,0.9991004467010498
1,1,0.9997987151145935
1,1,0.999940037727356
1,1,0.9995438456535339
1,1,0.9846885204315186
0,0,7.919294148450717e-06
1,1,0.6052893996238708
0,0,0.00023680069716647267
0,0,5.203193722991273e-05
1,1,0.9997755885124207
0,0,0.0013171358732506633
1,1,0.9350924491882324
0,0,0.00044961704406887293
1,1,0.9997259974479675
1,1,0.6482032537460327
0,0,0.0032328858505934477
1,1,0.9999799728393555
0,0,7.135922714951448e-06
0,0,0.000230035133427009
1,1,0.952502965927124
0,0,0.006485629826784134
1,1,0.9970791339874268
0,0,0.004692696500569582
1,1,0.999886155128479
1,1,0.9840662479400635
1,1,0.9994000196456909
1,1,0.9871739149093628
0,0,9.996520384447649e-05
0,0,1.889095983642619e-05
0,0,0.00017463573021814227
1,1,0.9876047372817993
0,0,0.00041197999962605536
1,1,0.9981516003608704
0,0,0.0005769712734036148
0,0,0.0007465175585821271
0,0,0.00014199655561242253
0,0,3.142708010273054e-05
1,1,0.9723377823829651
1,1,0.9995737671852112
0,0,0.019223611801862717
1,1,0.9998999834060669
1,0,0.005262015387415886
0,0,0.002568321069702506
0,0,2.7381614927435294e-05
1,1,0.999947190284729
0,1,0.8284105062484741
1,0,0.025257423520088196
1,1,0.9986007809638977
1,0,0.47907352447509766
0,0,0.11598307639360428
0,0,0.00010723528248490766
0,0,0.00021286461560521275
0,1,0.9997751116752625
0,0,1.1759861990867648e-06
0,0,2.3549562683911063e-05
0,0,0.00043517816811800003
0,0,0.03912104666233063
0,0,0.04056725278496742
1,1,0.9964179992675781
1,1,0.994968831539154
1,1,0.9994889497756958
0,0,0.026451537385582924
0,0,7.303338497877121e-05
1,1,0.9955600500106812
1,1,0.9993908405303955
0,0,0.00019150121079292148
1,1,0.9995713829994202
1,1,0.999613344669342
0,0,0.00013531986041925848
1,1,0.9904120564460754
0,0,0.0028405911289155483
1,1,0.9998718500137329
1,0,0.0040362500585615635
1,1,0.9964584708213806
1,1,0.9910667538642883
0,1,0.9615926146507263
0,0,4.315634214435704e-06
1,1,0.9996016621589661
0,0,0.0012055287370458245
1,1,0.8146019577980042
1,1,0.9747588634490967
0,0,0.0003671925514936447
1,1,0.9991783499717712
0,0,2.470178878866136e-05
0,0,0.015209176577627659
1,1,0.9996504783630371
0,0,0.31261909008026123
1,1,0.9999200105667114
1,1,0.9079810380935669
1,1,0.9999657869338989
1,1,0.9988258481025696
0,0,0.20488271117210388
1,1,0.7804086804389954
0,0,0.00028284729341976345
1,1,0.9989610910415649
1,1,0.9991264939308167
0,0,0.0010897985193878412
1,1,0.99191814661026
1,1,0.9997958540916443
1,1,0.9684135317802429
1,1,0.9998099207878113
1,1,0.9743099808692932
0,0,0.0004964934196323156
1,1,0.958168625831604
0,0,3.7733694625785574e-05
1,1,0.9979346990585327
1,1,0.9646109342575073
1,0,0.2765079736709595
1,1,0.980697512626648
1,1,0.9349784255027771
1,1,0.9635802507400513
0,0,0.0015211963327601552
1,1,0.9999387264251709
1,1,0.9991758465766907
1,1,0.9997767806053162
1,1,0.9951379895210266
0,0,0.00011876294593093917
1,1,0.9884699583053589
1,1,0.9996825456619263
1,1,0.9912304878234863
0,0,0.00013680642587132752
0,0,1.809213063097559e-05
1,1,0.9995229244232178
0,0,0.0015472546219825745
1,1,0.9993818998336792
1,1,0.9981124401092529
0,1,0.7179089188575745
1,0,0.16996866464614868
0,0,4.955030817654915e-06
1,1,0.9996169805526733
1,1,0.999795138835907
0,0,0.002196251880377531
0,0,6.938765181985218e-06
1,1,0.989516019821167
1,1,0.9931885004043579
1,1,0.9999830722808838
0,0,0.0024824985302984715
1,1,0.9964101910591125
0,0,0.00017655665578786284
0,0,3.742985427379608e-05
0,0,0.0007488485425710678
0,0,0.0028982022777199745
0,0,0.0011465827701613307
0,0,0.0035162351559847593
1,1,0.9998955726623535
0,0,0.1699775606393814
1,0,0.006083054933696985
1,1,0.9920370578765869
0,0,0.0003029020444955677
0,0,0.002520775655284524
0,0,4.62971038359683e-05
1,1,0.9990224838256836
0,0,0.000844314054120332
1,1,0.999798595905304
0,0,0.02714155614376068
1,1,0.9999418258666992
1,1,0.9647083282470703
0,0,9.943630720954388e-05
0,0,0.0883084237575531
1,1,0.9998888969421387
1,1,0.9998767375946045
1,1,0.9997455477714539
1,1,0.9998612403869629
1,1,0.9999781847000122
1,1,0.9999529123306274
1,1,0.9994766116142273
1,0,0.2502196431159973
0,0,0.4393312335014343
0,0,0.1437211036682129
0,0,0.06301548331975937
0,0,0.00011331517453072593
0,0,0.0004954979522153735
1,0,0.4001948833465576
0,0,0.0013146607670933008
1,1,0.9945036172866821
1,1,0.9992369413375854
1,1,0.9978614449501038
0,0,1.6180617876671022e-06
1,1,0.9995222091674805
0,0,0.0032780030742287636
1,1,0.9972645044326782
0,0,0.21523506939411163
0,0,0.1790197491645813
0,0,0.05998528376221657
1,1,0.9987040758132935
1,1,0.999966025352478
1,0,0.3251192271709442
0,0,0.02348572015762329
1,1,0.999715268611908
1,1,0.9850103259086609
0,0,0.00013041775673627853
1,1,0.9989967942237854
1,1,0.9436594843864441
1,1,0.9990168809890747
1,1,0.9953117370605469
1,1,0.9999418258666992
0,0,3.539248064043932e-05
0,0,7.793625991325825e-05
0,0,0.00115721405018121
0,0,0.030380478128790855
0,0,0.0004243765724822879
0,0,2.6225157853332348e-05
1,1,0.9932606816291809
1,1,0.9997339844703674
0,0,0.3632128834724426
1,1,0.9981672763824463
0,0,0.00024305250553879887
0,0,0.0001329906954197213
0,0,0.006426059640944004
1,1,0.9755535125732422
1,1,0.9945664405822754
1,1,0.9998661279678345
0,0,0.026266999542713165
0,0,8.068122406257316e-05
0,0,0.02500578574836254
0,0,2.2570657165488228e-05
1,1,0.9994400143623352
1,1,0.9896584153175354
1,1,0.9997419714927673
0,0,0.2504688799381256
0,0,0.010646050795912743
0,0,0.04003632441163063
1,1,0.9997586607933044
0,0,2.7304097329761134e-06
1,1,0.9974961876869202
0,0,0.042538832873106
0,0,0.004380917642265558
0,0,0.07801569998264313
0,0,0.03165715932846069
0,0,0.002189208520576358
0,0,0.0012185332598164678
1,0,0.10813062638044357
0,0,0.0006323628476820886
0,0,0.0006327930022962391
0,0,0.01469828188419342
0,0,0.00970342569053173
0,0,0.00010818399459822103
0,0,2.1155006834305823e-05
0,0,0.0007832410046830773
0,0,0.00025102950166910887
1,1,0.9987022876739502
0,0,0.00015387136954814196
1,1,0.9946557283401489
0,0,0.0007045989623293281
1,1,0.9997333884239197
1,1,0.9998279809951782
1,1,0.9997969269752502
1,1,0.9553411602973938
1,1,0.9437747597694397
0,1,0.9091417193412781
1,1,0.9999674558639526
1,1,0.999873161315918
1,1,0.9939316511154175
0,0,5.043789860792458e-05
0,0,0.00030834510107524693
0,0,0.0004446365055628121
0,0,1.9464012439129874e-05
1,1,0.9990444779396057
0,0,0.008728411048650742
1,1,0.9980752468109131
0,0,0.0008951327763497829
1,1,0.9953429698944092
0,0,0.00018076677224598825
1,1,0.9545119404792786
1,0,0.15999345481395721
0,0,0.02975497394800186
1,1,0.9922888875007629
1,1,0.9917672276496887
1,1,0.9999716281890869
1,1,0.9989659786224365
1,1,0.9954360127449036
1,1,0.9646076560020447
1,1,0.9998144507408142
1,1,0.9941410422325134
1,1,0.9999250173568726
0,0,0.0004796818539034575
1,1,0.9882921576499939
0,0,2.5465529688517563e-05
0,0,0.32383984327316284
0,0,0.0010554252658039331
1,1,0.9997871518135071
0,0,9.106976904149633e-06
1,1,0.9998098015785217
0,0,0.003744735848158598
0,0,0.001190690090879798
0,0,0.008072125725448132
0,0,0.0010070762364193797
0,0,3.9771872252458706e-05
0,0,0.0012889463687315583
1,1,0.9968432188034058
0,1,0.9760401248931885
1,1,0.9995235204696655
1,1,0.9999434947967529
1,1,0.9998910427093506
1,1,0.7069045901298523
0,0,9.898881216940936e-06
0,0,7.935561006888747e-05
0,0,0.0009441705187782645
0,0,0.007916558533906937
1,1,0.998904824256897
1,1,0.9868031144142151
1,1,0.9970207810401917
0,0,9.967953519662842e-05
0,0,6.565256626345217e-05
0,0,0.0009962189942598343
0,0,0.0018119929591193795
1,1,0.9928273558616638
0,0,0.00013533083256334066
0,0,0.00071039202157408
0,0,0.1177976205945015
0,0,0.0004347983340267092
1,1,0.9964184761047363
1,1,0.9491498470306396
0,0,4.861295019509271e-05
0,0,0.00018632291175890714
1,1,0.9998601675033569
1,1,0.9989063739776611
0,0,0.0002376901393290609
1,1,0.9997071623802185
1,1,0.9996706247329712
1,1,0.9966959953308105
0,0,0.004069616086781025
1,1,0.9998132586479187
0,0,0.0001697746047284454
0,0,0.0043427469208836555
0,0,0.34623825550079346
1,1,0.9169201254844666
0,0,0.06615590304136276
1,1,0.9989727735519409
0,0,5.562132355407812e-05
1,1,0.998928964138031
0,0,0.0020900459494441748
1,1,0.999880313873291
0,0,0.00031123062944971025
1,1,0.969875693321228
0,0,0.03280296176671982
1,1,0.9947261214256287
1,1,0.9998570680618286
0,0,0.009075216948986053
1,1,0.9999394416809082
1,1,0.9997232556343079
0,0,0.00011417420319048688
1,1,0.998207688331604
1,1,0.7691493630409241
1,1,0.9911283254623413
0,0,0.15819387137889862
1,1,0.9935877323150635
0,0,0.00046685271081514657
0,0,4.8497146053705364e-05
1,1,0.9992269277572632
0,0,2.8113709049648605e-05
0,0,0.0011621701996773481
1,1,0.9930278658866882
1,1,0.998779833316803
1,1,0.9995627999305725
0,0,0.01227162778377533
0,0,0.00198066676966846
1,0,0.3476887047290802
0,0,0.00016900466289371252
0,0,0.00018537910364102572
0,0,8.737084135646e-05
0,0,0.0004199341929052025
1,1,0.9981252551078796
0,0,0.0044202604331076145
1,1,0.9987428784370422
1,1,0.9992979764938354
1,1,0.998936116695404
1,1,0.9947046637535095
0,0,2.9349891974561615e-06
0,0,0.0002987922343891114
1,1,0.9963790774345398
1,1,0.9823457598686218
1,1,0.9999263286590576
1,1,0.9960206151008606
1,1,0.9996702671051025
1,1,0.9996309280395508
1,1,0.9975088834762573
0,0,4.835786239709705e-05
1,1,0.9995785355567932
1,1,0.9924881458282471
1,1,0.9631526470184326
1,1,0.9992768168449402
1,1,0.9956325888633728
1,1,0.9991362690925598
0,0,3.246772030252032e-05
1,1,0.9988730549812317
0,0,0.0002529281482566148
1,1,0.9893993139266968
0,0,0.010129819624125957
1,1,0.9988020658493042
0,0,1.8481432562111877e-05
1,1,0.9970863461494446
1,1,0.9997614026069641
1,1,0.8852614164352417
0,0,0.003372814506292343
1,1,0.7748950719833374
0,0,0.02227366901934147
1,1,0.9995061159133911
1,1,0.9998284578323364
1,1,0.9999297857284546
0,0,0.011898091994225979
0,0,0.0006423410959541798
1,1,0.9649672508239746
1,1,0.9983148574829102
0,0,0.0007127454737201333
1,1,0.9989612102508545
1,1,0.9965953230857849
0,0,0.008991994895040989
0,0,0.38683241605758667
1,1,0.9999715089797974
1,1,0.9994852542877197
0,0,8.853099279804155e-05
0,0,0.023541998118162155
0,0,0.00031773102818988264
0,0,0.0015022318111732602
1,1,0.9974936246871948
1,1,0.9965709447860718
1,1,0.9995063543319702
0,0,0.0002815684420056641
0,0,5.421523019322194e-05
1,1,0.9976342916488647
0,0,0.03117092326283455
1,1,0.9997977614402771
1,1,0.9998127818107605
0,0,0.014010482467710972
1,1,0.9995790123939514
1,1,0.9730061292648315
1,1,0.8995429873466492
1,1,0.9945000410079956
1,1,0.9998134970664978
1,0,0.017306240275502205
0,0,4.825738869840279e-05
0,0,1.5259094652719796e-05
0,0,0.0004677079268731177
1,1,0.9993845224380493
0,0,0.026023006066679955
1,1,0.9681143164634705
0,0,2.0309327737777494e-05
0,0,8.757796604186296e-05
1,1,0.9148389101028442
1,1,0.9993686079978943
0,0,3.868057319778018e-06
1,1,0.998955488204956
0,0,0.0003166744136251509
0,0,0.004698969889432192
0,0,2.7820331524708308e-05
0,0,0.027894947677850723
0,0,0.00012378158862702549
0,0,0.00627938425168395
1,1,0.9942664504051208
1,1,0.9998914003372192
0,1,0.54487544298172
0,0,0.00013652311463374645
0,0,3.39350413014472e-06
1,1,0.994901180267334
0,0,0.0025099972262978554
0,0,0.0023075018543750048
1,1,0.7337916493415833
0,0,6.676241173408926e-05
0,0,0.04617786779999733
1,1,0.9984948635101318
0,0,0.0010461077326908708
1,1,0.9996657371520996
0,0,0.0004548723518382758
1,1,0.5839565992355347
0,0,1.8113123587681912e-05
1,1,0.9998685121536255
1,1,0.999395489692688
1,1,0.9967159032821655
1,1,0.999846339225769
0,0,0.0005796647747047246
1,1,0.999893069267273
1,1,0.958416223526001
0,0,6.743663107044995e-05
1,1,0.9996812343597412
0,0,0.0016900806222110987
1,1,0.9985937476158142
0,0,2.2553595044882968e-05
0,0,1.1787903531512711e-05
1,0,0.2408275157213211
1,1,0.9786404967308044
1,1,0.9987146854400635
0,0,0.00959731638431549
1,1,0.9998086094856262
0,0,4.870840348303318e-05
0,0,5.4465883295051754e-05
1,1,0.9754837155342102
0,0,5.4803600505692884e-05
1,1,0.9995750784873962
1,1,0.9999802112579346
0,0,0.007550438400357962
1,1,0.9997093081474304
0,0,0.4294913709163666
0,0,0.002006720518693328
1,1,0.989231526851654
0,0,0.005423691123723984
1,1,0.9985818862915039
1,1,0.9999392032623291
1,1,0.9803019165992737
1,1,0.9991194605827332
1,1,0.9974122643470764
0,0,0.0003848245833069086
1,1,0.9914495348930359
1,1,0.9999743700027466
1,1,0.7242913842201233
1,1,0.9812994599342346
1,1,0.9987586736679077
1,1,0.9992097616195679
0,0,0.14928673207759857
1,1,0.9997904896736145
1,1,0.9906281232833862
0,0,0.00013730264618061483
0,0,0.1396142691373825
0,0,0.04265968129038811
0,0,0.0023665663320571184
0,0,2.2543101295013912e-05
1,1,0.9996764659881592
1,1,0.9983087778091431
0,0,0.00019524920207913965
1,1,0.9997252821922302
1,1,0.9243867993354797
1,1,0.9998138546943665
0,0,4.057339538121596e-06
0,0,2.4848535758792423e-05
0,0,0.0008780445205047727
1,1,0.9968355298042297
1,1,0.9995658993721008
1,1,0.9705290794372559
1,1,0.9998501539230347
1,1,0.9989258646965027
1,1,0.9984130859375
0,0,0.0012618917971849442
1,1,0.9994157552719116
0,0,9.580741607351229e-05
0,0,0.00022590107982978225
1,1,0.9994989633560181
0,0,0.05171498656272888
0,0,3.3114192774519324e-05
0,0,0.010785014368593693
0,0,0.00048813113244250417
1,1,0.9999327659606934
1,1,0.9965634942054749
1,1,0.9999154806137085
1,1,0.9998732805252075
1,1,0.921153724193573
1,1,0.997870683670044
1,1,0.9958861470222473
1,1,0.9998799562454224
1,1,0.9978687763214111
0,0,0.00012785692524630576
1,1,0.9991299510002136
0,0,6.928384391358122e-05
1,1,0.9999897480010986
1,1,0.9995684027671814
1,1,0.9976460337638855
0,0,0.34576693177223206
0,0,0.0008956847595982254
1,1,0.9999427795410156
1,1,0.998883068561554
1,1,0.9832141399383545
1,1,0.9994644522666931
0,0,0.0005666123470291495
0,0,0.0009566593216732144
0,0,0.004368332214653492
1,1,0.9987510442733765
1,1,0.9995356798171997
1,1,0.9277600646018982
0,0,0.06891933083534241
0,0,0.0008051179465837777
0,0,0.002821792848408222
0,0,0.043161291629076004
0,0,0.0004811103572137654
0,0,0.00044326874194666743
0,0,0.00034249451709911227
1,1,0.9998477697372437
0,0,0.3302285969257355
1,1,0.978118896484375
0,0,1.0669073162716813e-05
0,0,0.0016149991424754262
0,0,0.0017892791656777263
0,0,0.01260330155491829
1,1,0.9990598559379578
0,0,0.0012305392883718014
1,1,0.9990849494934082
1,1,0.9996651411056519
1,1,0.9994120597839355
1,1,0.998360812664032
0,0,0.00043610273860394955
1,1,0.9813470840454102
0,0,0.0003808752226177603
0,0,8.157920092344284e-05
0,0,2.115065035468433e-05
0,1,0.863265335559845
0,0,0.0014821761287748814
0,0,0.020698292180895805
1,1,0.9991210103034973
1,1,0.9922353625297546
1,0,0.10488154739141464
0,0,0.008879425004124641
0,0,0.0004510443832259625
1,1,0.9998878240585327
0,0,0.0013832517433911562
0,0,3.3191747206728905e-05
0,0,0.002496005967259407
0,0,0.00017103790014516562
1,1,0.9991835951805115
0,0,3.600058698793873e-05
0,0,0.0002406786661595106
0,0,5.005741968489019e-06
0,0,0.029499832540750504
0,0,0.0003075708809774369
0,0,0.000444804405560717
0,0,4.211583291180432e-05
0,0,0.0037809412460774183
0,0,0.0001821596233639866
1,1,0.999219536781311
1,1,0.9772847890853882
1,1,0.9360923171043396
0,0,0.004090174566954374
1,1,0.9960730075836182
1,1,0.9974651336669922
0,0,0.21180957555770874
0,0,0.016707805916666985
1,0,0.11292437463998795
1,1,0.9999305009841919
0,0,9.871147085505072e-06
1,1,0.9985199570655823
0,0,0.03799660503864288
0,0,0.0011717338347807527
0,0,0.001816538511775434
1,1,0.9999605417251587
0,0,0.0002662830811459571
1,1,0.9946020841598511
0,0,0.001229653018526733
0,0,0.025273611769080162
1,1,0.9999591112136841
1,1,0.9995653033256531
1,1,0.999701201915741
0,0,1.4273901797423605e-05
0,0,0.0013327148044481874
1,1,0.9994956254959106
0,0,0.00018243215163238347
0,0,0.0001053505766321905
0,0,5.7621527957962826e-05
0,0,0.03929309919476509
0,0,0.04918086901307106
0,0,0.00011427485151216388
0,0,0.0006407006876543164
0,0,0.00034301570849493146
0,0,0.013183999806642532
0,0,0.0016311886720359325
1,0,0.06336002796888351
0,0,0.0004230507183820009
0,0,0.0013168060686439276
1,1,0.999808132648468
1,1,0.9982520937919617
1,1,0.9867677092552185
0,0,0.0008545608725398779
1,1,0.9579334855079651
0,0,0.00016799407603684813
0,0,3.779527833103202e-05
0,0,0.02252328395843506
0,0,8.788667037151754e-05
1,1,0.9993500113487244
1,1,0.9988424181938171
1,1,0.6616246700286865
0,0,7.200135587481782e-05
0,0,0.00025537016335874796
0,0,0.0026574034709483385
0,0,1.0403307896922342e-05
1,1,0.9974710941314697
1,1,0.9999662637710571
1,1,0.9996007084846497
1,1,0.9985322952270508
0,0,0.0003201953659299761
1,1,0.9935031533241272
1,1,0.99909508228302
1,1,0.9989036321640015
1,1,0.9998759031295776
0,0,6.977781595196575e-05
0,0,0.0020191618241369724
0,0,0.001037303009070456
1,1,0.999723494052887
1,1,0.987031877040863
1,0,0.06958045810461044
1,1,0.9881874918937683
1,1,0.999855637550354
1,1,0.9886093139648438
0,1,0.9915076494216919
1,0,0.13030600547790527
0,0,0.00401225546374917
0,0,0.00082473672227934
0,0,0.0043662129901349545
1,1,0.9979199767112732
1,1,0.9998639822006226
1,1,0.9990471005439758
1,1,0.999783456325531
1,1,0.999910831451416
1,1,0.9996740818023682
1,1,0.9999223947525024
0,0,4.510838698479347e-05
0,0,0.009774968959391117
0,0,0.00012700899969786406
1,1,0.9926263689994812
0,0,0.000674000708386302
1,1,0.9998518228530884
0,0,0.0031786058098077774
0,0,0.0037405448965728283
0,0,0.00014921504771336913
1,1,0.9989175796508789
0,0,2.808905264828354e-05
0,0,0.0007115822518244386
0,0,0.000732677523046732
1,1,0.9988306164741516
1,1,0.985283374786377
0,0,0.003151135053485632
1,1,0.9966042041778564
0,0,0.0012347884476184845
0,0,0.032381679862737656
1,1,0.9998706579208374
0,0,0.02722507156431675
0,0,1.0388090231572278e-05
0,0,0.026921471580863
0,0,1.9738512492040172e-05
0,0,0.08655284345149994
0,0,0.0066508022136986256
1,1,0.9998483657836914
1,1,0.9978821873664856
0,0,0.007371039595454931
0,0,0.0010964954271912575
0,1,0.99806147813797
0,0,4.96506218041759e-05
0,0,0.005013018846511841
1,1,0.9978112578392029
1,0,0.048674970865249634
0,0,0.4727602005004883
0,0,0.009193550795316696
0,0,0.022289251908659935
0,0,0.00204449868761003
0,0,0.03894032910466194
1,1,0.9987315535545349
0,0,0.03885158523917198
1,1,0.9915508031845093
0,0,0.0009168253745883703
1,1,0.8730435967445374
0,0,0.04688486084342003
0,0,7.719867426203564e-06
1,1,0.9999864101409912
0,0,3.6363329854793847e-05
1,1,0.995989978313446
1,1,0.9999228715896606
1,1,0.8908429145812988
1,1,0.820260226726532
0,0,4.609401730704121e-05
1,1,0.8915210962295532
0,0,0.03810163959860802
1,1,0.9997170567512512
1,1,0.9997522234916687
0,0,0.002921419683843851
0,0,0.15203125774860382
0,0,0.015174590982496738
0,0,0.46747785806655884
1,1,0.9512381553649902
1,1,0.6537245512008667
0,0,0.034613851457834244
0,0,5.496076846611686e-05
1,1,0.9995927214622498
1,1,0.9829437136650085
0,0,0.0042922901920974255
1,1,0.9982689619064331
1,1,0.9985822439193726
1,1,0.9935387969017029
0,0,4.216474189888686e-05
0,0,0.0014219628646969795
0,0,7.747506606392562e-05
0,0,0.004439877346158028
0,0,0.04346439987421036
1,1,0.9986140727996826
1,1,0.9919914603233337
1,1,0.7858845591545105
0,0,2.6625841201166622e-05
0,0,0.0004560652014333755
0,0,1.635357693885453e-05
1,1,0.9906696081161499
1,1,0.9996141195297241
0,0,1.7936692529474385e-05
0,0,0.00012950936798006296
0,0,0.00014086347073316574
0,0,0.48210567235946655
0,0,8.689250535098836e-05
1,1,0.9991845488548279
0,0,0.0011442058021202683
1,1,0.9737633466720581
0,0,8.652356336824596e-05
0,0,1.2124010936531704e-05
0,0,7.31666004867293e-05
0,0,0.025377975776791573
1,1,0.9988781809806824
0,0,0.10765848308801651
1,1,0.9991700649261475
0,0,0.0011487051378935575
0,0,0.0014103228459134698
0,0,0.28156107664108276
0,0,0.28619977831840515
0,0,3.129235210508341e-06
0,0,1.7039692465914413e-05
1,0,0.0321689248085022
0,0,5.9386162320151925e-05
1,1,0.9752106666564941
0,0,0.004426282364875078
0,0,5.9321802837075666e-05
0,0,0.00017043326806742698
0,0,7.302523590624332e-05
1,1,0.9981473684310913
0,0,0.002021946245804429
1,1,0.9926151037216187
1,1,0.973295271396637
0,0,0.0004002297355327755
0,0,0.0008904502610675991
0,0,2.5954805096262135e-05
0,0,0.022600483149290085
0,0,0.03114324063062668
0,0,0.0036958912387490273
0,0,2.6921710741589777e-05
0,0,9.925121048581786e-06
0,0,6.489163206424564e-05
1,1,0.9995120763778687
0,0,9.49528330238536e-05
0,0,0.002051097806543112
0,0,2.353995296289213e-05
1,1,0.8599527478218079
0,0,0.000534617924131453
1,1,0.9641013145446777
0,0,0.00047797756269574165
1,1,0.9977147579193115
0,0,0.018140196800231934
0,0,9.444330316910055e-06
0,0,0.00029472014284692705
0,0,0.00028305448358878493
1,1,0.9749165177345276
0,0,5.712529309676029e-05
0,0,0.026805413886904716
1,1,0.9979574680328369
1,1,0.9737251400947571
1,1,0.9955754280090332
0,0,0.00024730287259444594
0,0,0.042262401431798935
1,1,0.9995887875556946
0,0,0.0003188835980836302
0,0,0.10321462899446487
0,0,0.1468503624200821
1,1,0.9998608827590942
1,1,0.986473560333252
1,1,0.9998985528945923
1,1,0.9987062215805054
1,1,0.9877167344093323
0,0,0.0019044880755245686
1,1,0.999790608882904
0,0,0.005763805937021971
1,1,0.9482895135879517
0,1,0.822131872177124
0,0,2.550962017267011e-05
0,0,2.284642141603399e-05
0,0,0.0010972415329888463
0,0,0.0006448934436775744
0,0,0.05054079741239548
0,0,0.23677390813827515
1,1,0.997495710849762
1,1,0.9974013566970825
0,0,7.467684190487489e-05
0,0,0.00034851356758736074
0,0,0.00019865490321535617
1,1,0.999957799911499
0,0,0.012871766462922096
0,0,0.0010322703747078776
1,1,0.83979332447052
0,0,0.00023387031978927553
1,1,0.998077392578125
0,0,0.0001976983912754804
1,1,0.999956488609314
1,1,0.8777075409889221
0,0,8.342814544448629e-05
0,0,0.002127488376572728
0,0,0.1643075942993164
0,0,0.000434276822488755
0,0,0.3106324076652527
1,1,0.9854010939598083
0,0,4.476620597415604e-05
1,1,0.9973742961883545
0,0,0.0003229816793464124
1,1,0.9754871129989624
0,0,0.0024533255491405725
0,0,6.704728002659976e-05
1,1,0.9992246627807617
0,0,2.907442831201479e-05
0,0,3.622996518970467e-05
1,1,0.9987260699272156
1,1,0.7162778377532959
0,0,0.00027112229145132005
1,1,0.9992871880531311
0,0,2.3046650312608108e-05
0,0,0.0010905977105721831
1,1,0.9970007538795471
1,1,0.9912113547325134
1,1,0.9636832475662231
0,0,0.07494707405567169
1,1,0.9998992681503296
1,1,0.993923008441925
0,0,0.005901220254600048
1,1,0.6176823377609253
0,1,0.9778477549552917
0,0,2.1104913685121574e-05
1,1,0.9871117472648621
0,0,0.17332051694393158
0,0,0.002018917817622423
0,0,0.0007689869962632656
1,1,0.9999476671218872
1,1,0.9949145317077637
1,1,0.9999380111694336
1,1,0.9987359642982483
0,0,0.002573875244706869
1,1,0.9988112449645996
0,0,4.5828412112314254e-05
1,1,0.9996035695075989
1,1,0.9970999956130981
0,0,0.118996262550354
0,0,0.01972750388085842
1,1,0.6120695471763611
1,1,0.9996176958084106
0,0,3.120339897577651e-05
1,1,0.9962131977081299
0,0,1.1258511221967638e-05
1,1,0.9998156428337097
0,0,0.0006157869938760996
0,0,4.193581116851419e-05
1,0,0.22966082394123077
1,1,0.999975323677063
0,0,0.006301115732640028
1,1,0.843980610370636
0,0,5.224907727097161e-05
1,1,0.9982290863990784
1,1,0.999855637550354
1,1,0.9946936964988708
0,0,8.425146370427683e-05
1,1,0.9979428648948669
1,1,0.9999361038208008
0,0,0.27244138717651367
1,0,0.43970316648483276
1,1,0.9995880722999573
0,0,0.00020906618738081306
1,1,0.9997854828834534
1,1,0.9995204210281372
0,0,0.0011018592631444335
1,0,0.0019019102910533547
0,0,7.333277608267963e-05
0,0,3.5993653000332415e-05
0,0,6.808753096265718e-05
0,0,0.014995748177170753
0,0,0.0037133742589503527
1,1,0.9982072114944458
0,0,0.0020470747258514166
0,0,0.0003491723327897489
0,0,0.0010137945646420121
1,1,0.9994858503341675
1,1,0.998348593711853
1,1,0.9878487586975098
0,0,0.0002569638018030673
0,0,6.443188613047823e-05
0,1,0.6250138878822327
1,0,0.31656646728515625
0,0,0.0012439502170309424
0,0,0.003554839175194502
0,0,0.00038097836659289896
1,1,0.9983413219451904
0,0,0.002157490700483322
1,1,0.9849039316177368
1,1,0.9998689889907837
1,1,0.9993807077407837
1,1,0.9830247163772583
1,1,0.9997712969779968
0,1,0.9990594983100891
1,0,0.006219795439392328
0,0,0.049972690641880035
1,1,0.9998365640640259
1,1,0.9997655749320984
1,1,0.9893151521682739
0,0,3.763569111470133e-05
0,0,0.011328719556331635
1,1,0.6036285758018494
1,1,0.9994933605194092
1,1,0.9999481439590454
1,1,0.9975650310516357
1,1,0.9998334646224976
0,0,9.144175419351086e-05
0,0,6.366136221913621e-05
0,1,0.5633141994476318
1,1,0.9999724626541138
1,1,0.9999613761901855
1,1,0.9988289475440979
0,0,0.0051743690855801105
1,1,0.992323637008667
1,1,0.9999282360076904
0,0,0.0010969301220029593
1,1,0.9957108497619629
0,0,0.0098563926294446
0,0,0.003624945878982544
1,1,0.9995947480201721
1,1,0.9998879432678223
1,1,0.9997560381889343
1,1,0.9999396800994873
1,1,0.9996079802513123
1,1,0.999447762966156
1,0,0.3950256109237671
1,0,0.1157846599817276
1,1,0.9999550580978394
0,0,4.373286719783209e-05
1,1,0.9995275735855103
1,1,0.8662837743759155
1,1,0.9997480511665344
0,0,0.00046677375212311745
1,1,0.9968113303184509
0,0,0.003224991261959076
0,0,0.004689009394496679
0,0,0.0013658400857821107
0,0,0.001602030242793262
0,0,0.0006513377302326262
0,0,4.120607263757847e-05
0,0,0.009319129399955273
1,1,0.999182403087616
0,0,0.003504900261759758
1,0,0.007728195283561945
0,0,0.00010152628237847239
1,1,0.9870439171791077
1,1,0.9664714932441711
0,0,0.00011136163811897859
0,0,7.218313112389296e-05
0,0,0.0004690556670539081
0,0,2.7050178687204607e-05
0,0,2.530905658204574e-05
1,0,0.1257312297821045
0,0,0.005936962086707354
0,0,1.7363076040055603e-05
0,0,0.00012951999087817967
0,0,5.690313992090523e-05
0,0,0.0004302957095205784
0,0,0.20756639540195465
0,0,0.015001552179455757
0,0,0.0004556526255328208
1,1,0.9959210157394409
1,1,0.992511510848999
0,0,0.027548296377062798
0,0,3.732984623638913e-06
0,0,0.00011931675544474274
0,0,1.0534353350521997e-05
0,0,3.1888434023130685e-05
0,1,0.6477408409118652
0,1,0.5166289806365967
0,0,0.007429901976138353
1,0,0.0020224526524543762
0,0,1.0769166465252056e-06
0,0,0.0004977600765414536
0,0,4.246160460752435e-05
0,0,5.834437251905911e-05
1,1,0.9981644749641418
0,0,0.0032944930717349052
1,1,0.9973479509353638
1,1,0.9995638728141785
1,1,0.9947046637535095
0,0,0.0038685528561472893
1,1,0.902869462966919
0,0,0.006086654029786587
0,0,0.19653280079364777
1,1,0.9996658563613892
1,1,0.9932208061218262
1,1,0.9993495345115662
0,1,0.7027137875556946
0,0,6.765892612747848e-05
1,1,0.9938787817955017
0,0,0.0006137423915788531
0,0,0.0013660658150911331
0,0,0.0006729262531735003
0,0,0.003305745078250766
1,0,0.011950570158660412
0,0,0.000566698785405606
0,0,0.0002871047181542963
0,0,0.0032821872737258673
1,1,0.9998334646224976
0,0,1.186876033898443e-05
0,0,0.00035254747490398586
1,1,0.9349647164344788
1,1,0.9999351501464844
1,1,0.9996453523635864
0,0,0.004882300738245249
1,1,0.999645471572876
1,1,0.7409820556640625
0,0,0.00029543499113060534
1,1,0.700647234916687
1,1,0.9703483581542969
1,1,0.9999505281448364
1,1,0.9998729228973389
0,0,8.208056533476338e-05
0,0,1.1746718882932328e-05
1,1,0.9937805533409119
0,0,3.540389297995716e-05
1,1,0.9813686609268188
0,0,0.001909596030600369
1,1,0.7522417902946472
0,0,7.648130122106522e-05
1,1,0.9769195318222046
1,1,0.9998229146003723
1,1,0.9856582283973694
0,0,0.022321054711937904
1,1,0.9978863596916199
0,0,0.0003113784478046
1,1,0.9965959191322327
0,0,1.6836165741551667e-05
1,1,0.9982078075408936
1,1,0.9999755620956421
1,1,0.9998261332511902
1,1,0.9998440742492676
1,1,0.9108360409736633
1,1,0.9841347336769104
0,0,8.057996456045657e-05
0,0,4.718061973107979e-05
0,0,0.0006937452708370984
0,0,6.884016329422593e-05
0,0,0.0077151162549853325
1,1,0.9735144972801208
0,0,0.003698762971907854
1,1,0.9993552565574646
1,1,0.8961998224258423
0,0,0.0007519889622926712
0,0,4.983566759619862e-05
0,0,0.0020760856568813324
1,1,0.9760453104972839
0,0,0.005645435303449631
0,0,4.220107712171739e-06
1,1,0.9960499405860901
1,1,0.9995256662368774
1,1,0.8204354047775269
1,1,0.9791695475578308
1,1,0.986084520816803
0,0,0.0007833884446881711
1,1,0.9998879432678223
1,1,0.9999910593032837
1,1,0.997802197933197
0,0,0.00034114523441530764
0,0,0.057300131767988205
1,1,0.9644781947135925
1,1,0.991600751876831
0,0,0.01698882132768631
1,1,0.8147105574607849
0,0,0.00047303931205533445
1,1,0.9990713596343994
1,1,0.9993025064468384
1,1,0.9993723034858704
1,0,0.14143913984298706
0,0,0.0005891054752282798
0,0,0.00011426460696384311
0,0,0.005827059969305992
1,1,0.9985621571540833
0,0,0.0015907124616205692
0,0,0.000752883090171963
1,1,0.9833739995956421
1,1,0.9753518104553223
1,1,0.9059062004089355
0,0,0.0013735415413975716
0,0,7.366382988038822e-07
0,0,0.0005946850869804621
1,0,0.1522803008556366
1,1,0.9998294115066528
0,0,4.3213578464929014e-05
1,1,0.9994677901268005
1,1,0.9997527003288269
0,0,3.549774191924371e-05
1,1,0.995652437210083
1,1,0.9992876648902893
0,0,3.037256647075992e-05
1,1,0.999942421913147
1,1,0.9416956901550293
1,1,0.9999915361404419
1,1,0.9971089959144592
1,1,0.9972156286239624
0,0,0.002217334695160389
0,0,0.00011786793766077608
0,0,0.0007959820795804262
0,0,0.0005552647635340691
1,1,0.9999855756759644
0,0,0.0008751903660595417
1,1,0.997621476650238
1,1,0.9999784231185913
1,1,0.9966979026794434
1,1,0.9985005855560303
1,1,0.9993157386779785
0,0,0.00010619559907354414
1,1,0.9655440449714661
1,1,0.999276340007782
0,0,6.892450619488955e-05
0,0,0.0002308291441295296
1,1,0.999812662601471
0,0,5.4311582061927766e-05
0,0,0.0011288701789453626
0,0,0.0003189140115864575
0,0,7.032739813439548e-05
0,0,0.00040293901110999286
0,0,0.00032298103906214237
1,1,0.9944777488708496
1,0,0.46596309542655945
0,0,2.0500749087659642e-05
0,0,1.924411662912462e-05
0,0,7.092028226907132e-06
0,0,0.022985929623246193
0,0,0.00195549288764596
1,1,0.9953737854957581
1,1,0.9996834993362427
0,0,0.0025758054107427597
1,1,0.9991152882575989
1,1,0.9898366332054138
1,1,0.9733370542526245
0,0,0.006135451141744852
0,0,0.00024627981474623084
1,1,0.996256947517395
1,1,0.9999505281448364
1,1,0.9348908066749573
0,0,0.0010587596334517002
1,1,0.9991950392723083
1,0,0.29757606983184814
0,0,0.0036871922202408314
0,0,0.0727098137140274
0,0,0.0003619565104600042
1,1,0.7840366363525391
1,1,0.9991200566291809
0,0,0.00015551617252640426
0,0,4.409048051456921e-05
0,0,1.3581961866293568e-06
1,0,0.42051559686660767
1,1,0.9993999004364014
0,0,0.00010242225835099816
0,0,0.00028727500466629863
0,0,0.007639216724783182
1,1,0.9997523427009583
0,0,0.011526736430823803
0,0,0.011703372932970524
1,1,0.9978310465812683
1,1,0.9546446800231934
1,1,0.9990247488021851
0,0,2.3181928554549813e-05
0,0,1.1979449482169002e-05
0,0,0.05832380801439285
0,0,0.0020620368886739016
1,1,0.9998466968536377
1,1,0.9985798597335815
0,0,0.00022801851446274668
0,0,0.000688092433847487
1,1,0.999945878982544
0,0,0.0004703204322140664
0,0,2.473205495334696e-05
1,1,0.9990524649620056
0,0,0.0012490918161347508
1,1,0.9999709129333496
0,0,0.0003252013702876866
0,0,5.9102883824380115e-05
0,0,0.0002916057128459215
0,0,0.0018180626211687922
0,1,0.8574920296669006
0,0,0.0004179045499768108
0,0,0.0003480516897980124
0,0,0.0012415933888405561
1,1,0.9997842907905579
0,0,0.004614423029124737
0,0,0.2807370126247406
1,1,0.9997859597206116
1,1,0.9781157374382019
1,1,0.9997212290763855
0,0,0.004314187914133072
1,1,0.9997742772102356
1,1,0.9991245865821838
1,1,0.9963709115982056
1,1,0.9996782541275024
1,1,0.9992997646331787
1,1,0.9997888207435608
1,1,0.9963544607162476
1,1,0.9933667778968811
1,1,0.999808132648468
1,1,0.999581515789032
1,1,0.9999403953552246
1,1,0.999194324016571
1,1,0.9997840523719788
0,0,0.002726184204220772
0,0,0.009387901984155178
1,1,0.9938486218452454
1,1,0.9953035116195679
1,1,0.9990732669830322
0,0,0.011227386072278023
1,0,0.10496899485588074
0,0,0.020785663276910782
0,0,0.0019655958749353886
0,0,3.778883410632261e-06
1,1,0.9922266006469727
1,1,0.991845428943634
1,1,0.9804712533950806
0,0,0.0009651717846281826
0,0,0.0015300222439691424
0,0,0.00030959464493207633
0,0,0.00012621615314856172
0,0,0.0008011528407223523
0,0,0.014663303270936012
1,1,0.9991869330406189
1,1,0.6642130017280579
0,0,0.0019710445776581764
1,1,0.9837634563446045
1,1,0.9999394416809082
0,0,6.01367064518854e-05
0,0,0.000126535480376333
0,0,0.0012196045136079192
1,0,0.3982817530632019
0,0,0.00011002040992025286
0,0,0.00012618678738363087
1,1,0.999971866607666
0,0,0.0002043012937065214
0,0,8.69870200403966e-05
0,0,0.0004702579171862453
0,0,0.07745685428380966
0,0,9.034470167534892e-06
0,0,0.0005322734359651804
0,0,8.423700637649745e-05
0,0,8.572358638048172e-05
0,0,0.0002969921915791929
0,0,0.0037404594477266073
1,1,0.9997279047966003
0,0,0.0005888289888389409
1,1,0.9971350431442261
1,1,0.9986959099769592
0,0,3.11397852783557e-05
0,0,0.004811841528862715
0,0,0.09604337066411972
0,0,0.002271459437906742
0,0,0.004378871992230415
1,0,0.38445204496383667
1,1,0.9989820122718811
0,0,0.001373575534671545
0,0,4.078837082488462e-05
1,1,0.9736546277999878
1,1,0.9743943810462952
1,1,0.9999616146087646
0,0,0.2988787293434143
0,0,0.11438202857971191
1,1,0.7017460465431213
0,0,0.00019067114044446498
0,0,7.462772191502154e-05
1,1,0.9935274720191956
0,0,0.0334586538374424
0,0,0.014807645231485367
1,1,0.9995355606079102
1,1,0.9994392991065979
0,0,4.697979966294952e-05
0,0,3.0218378014978953e-05
0,0,1.7776348613551818e-05
0,0,6.122433205746347e-06
0,0,3.9735896280035377e-05
0,0,0.00021728218416683376
1,1,0.9996448755264282
0,0,0.0021011712960898876
1,1,0.9982775449752808
0,0,0.0006370418122969568
0,0,3.7147859984543175e-05
0,0,2.2100279238657095e-05
0,1,0.8303415179252625
1,1,0.949687123298645
1,1,0.998887836933136
1,1,0.9999531507492065
1,1,0.9974188804626465
0,0,0.3250661790370941
0,0,0.0007353860419243574
1,1,0.9936687350273132
0,0,0.0003883062454406172
0,0,0.001910335966385901
1,1,0.9826691150665283
1,1,0.9769420027732849
0,0,5.556809264817275e-05
0,0,8.886535397323314e-06
1,1,0.9997429251670837
1,0,0.25312870740890503
1,1,0.9988259673118591
1,1,0.9914466142654419
0,0,7.10229214746505e-05
0,0,0.019754137843847275
0,0,0.0038608538452535868
0,0,5.3232157370075583e-05
0,0,2.126463732565753e-05
1,1,0.9448651075363159
1,1,0.999969482421875
1,1,0.9727919697761536
0,0,0.01705300435423851
0,0,0.000822444271761924
0,0,0.0006386436871252954
1,1,0.9984433054924011
0,0,0.01695471629500389
1,1,0.9992769360542297
0,0,0.36256468296051025
1,1,0.9996013045310974
1,1,0.9985800981521606
1,1,0.998290479183197
1,1,0.9997134804725647
1,1,0.9999614953994751
1,1,0.9999568462371826
0,0,9.921789023792371e-05
0,0,0.011281519196927547
1,1,0.9814899563789368
0,0,0.0010340454755350947
1,1,0.9967267513275146
0,0,0.007616138085722923
0,0,0.001210424117743969
0,1,0.7990328669548035
0,0,1.4916323607394588e-06
0,0,0.00012599646288435906
0,0,0.0007304681930691004
0,1,0.5226379036903381
1,1,0.9998974800109863
1,1,0.987266480922699
1,1,0.9875388145446777
0,0,0.0006048356299288571
0,0,0.0006273037288337946
0,0,0.008309685625135899
0,0,0.0002897867816500366
0,0,0.0003595520101953298
0,0,8.107348548946902e-05
0,0,0.009468435309827328
1,1,0.9998973608016968
1,1,0.9977413415908813
0,1,0.9917105436325073
1,1,0.9989293217658997
0,0,0.0003018495626747608
1,1,0.9999797344207764
0,0,0.000135668451548554
1,1,0.993155300617218
1,1,0.9899649024009705
0,0,0.015804411843419075
1,1,0.9748811721801758
1,1,0.9999574422836304
0,0,0.009626398794353008
1,0,0.16531677544116974
1,1,0.9988130331039429
0,0,9.592671631253324e-06
0,0,0.00021424758597277105
0,0,0.0002522903960198164
0,0,0.0004895406891591847
1,0,0.14395558834075928
0,0,0.00019364528998266906
0,0,0.0006166426464915276
1,1,0.9935495257377625
0,0,0.05566849932074547
0,0,0.001283583464100957
1,1,0.9981586337089539
1,1,0.9998903274536133
1,1,0.9999712705612183
0,0,2.0263534679543227e-05
0,0,8.66494247020455e-06
0,0,0.004622252658009529
0,0,0.005420759320259094
0,0,0.0011208758223801851
0,0,1.2408181646605954e-05
0,0,0.0015217295149341226
0,0,4.466222890187055e-06
1,1,0.9986440539360046
0,0,3.227554771001451e-05
1,1,0.9998819828033447
0,0,0.3633580803871155
1,1,0.999893069267273
0,0,9.17070428840816e-06
0,0,0.004563020076602697
0,0,0.007259028032422066
0,0,0.19360944628715515
1,1,0.9905091524124146
0,0,1.0939907042484265e-05
0,0,2.6039619115181267e-05
1,1,0.9993245601654053
0,0,2.354668868065346e-05
0,0,0.00224510976113379
0,0,0.074390709400177
1,1,0.9884053468704224
0,0,0.0036520075518637896
1,1,0.8656576871871948
1,1,0.9997597336769104
1,1,0.9998254179954529
1,1,0.9998914003372192
0,0,0.005655825603753328
1,1,0.9870762228965759
1,1,0.9983978867530823
0,0,0.00039380823727697134
0,0,0.0015688474522903562
1,1,0.9999148845672607
1,1,0.9986898303031921
1,1,0.9478445053100586
1,1,0.9547438621520996
0,0,0.0004498256021179259
0,0,0.00035715787089429796
0,0,0.37813374400138855
1,1,0.9996260404586792
1,1,0.9951950907707214
1,1,0.9927564263343811
1,1,0.9997480511665344
1,1,0.9981688261032104
1,1,0.9985872507095337
1,1,0.9999405145645142
0,0,6.922077591298148e-05
0,0,0.00736790057271719
0,0,0.004954020958393812
0,0,0.13204893469810486
1,1,0.99824059009552
1,1,0.998552143573761
0,0,0.008856663480401039
0,0,1.3598807527159806e-05
0,0,4.087161141796969e-05
0,0,2.8093020318920026e-06
1,0,0.1832488477230072
0,0,0.0003729701566044241
1,1,0.9983365535736084
1,1,0.9998201727867126
1,1,0.9929056167602539
0,0,0.005557449068874121
0,0,0.0007490815478377044
0,0,0.0015427293255925179
0,0,2.287698953296058e-05
1,1,0.896041214466095
1,1,0.9878990054130554
1,1,0.9986749291419983
1,1,0.9996417760848999
0,0,0.0001814585702959448
1,1,0.9993399977684021
1,1,0.9819991588592529
1,1,0.564805269241333
0,0,0.000347292167134583
1,1,0.9928734302520752
1,1,0.9890472292900085
1,1,0.9999833106994629
1,1,0.9994437098503113
1,1,0.9998220801353455
1,1,0.9999197721481323
1,1,0.9998037219047546
0,0,0.16410507261753082
0,0,0.0016109186690300703
0,0,7.68701356719248e-05
0,0,1.0899346307269298e-05
0,0,0.2045106440782547
0,0,0.00018361817637924105
1,1,0.8624889254570007
0,0,0.000266014103544876
0,0,0.05821700394153595
1,1,0.9999706745147705
0,0,6.076069621485658e-05
1,1,0.9998083710670471
0,0,0.0011553807416930795
0,0,0.006405065301805735
1,1,0.966700553894043
0,0,0.00643187714740634
1,1,0.9817591905593872
0,0,3.4430475352564827e-05
0,0,6.5897479544219095e-06
0,0,0.0014267510268837214
0,1,0.8420973420143127
1,0,0.33459728956222534
1,1,0.9907703399658203
0,0,0.0001067671473720111
0,0,0.0006998131866566837
0,0,5.818119825562462e-05
1,0,0.02239164523780346
1,1,0.9998425245285034
1,1,0.8878265619277954
0,0,6.849677902209805e-06
1,1,0.9983212351799011
0,0,5.409974619396962e-05
1,1,0.999896764755249
1,1,0.9997527003288269
1,1,0.9979071617126465
1,1,0.9999589920043945
0,0,0.00026102401898242533
0,0,0.0004914454184472561
1,1,0.9995403289794922
1,1,0.9999287128448486
1,1,0.9975932240486145
1,1,0.9999339580535889
0,0,9.973873602575622e-06
1,1,0.7212411165237427
1,0,0.2007228434085846
0,0,0.00012883883027825505
1,0,0.2289416790008545
0,0,0.4650435447692871
0,0,0.0036459940019994974
1,1,0.9981060028076172
0,0,3.012239540112205e-05
0,0,0.00015864423767197877
1,1,0.8002683520317078
0,0,0.0020253534894436598
1,1,0.9998495578765869
1,1,0.9773383140563965
1,1,0.9526423215866089
1,1,0.9813870787620544
1,1,0.9943690896034241
1,1,0.9903979301452637
1,1,0.9998142123222351
1,1,0.9999310970306396
1,1,0.9998879432678223
1,1,0.9997832179069519
1,1,0.9942857623100281
0,0,0.0017077974043786526
0,0,0.002935563214123249
1,1,0.9991963505744934
0,0,5.3451200074050575e-05
1,1,0.9999498128890991
1,1,0.9926705360412598
0,0,0.002609226619824767
0,0,0.0002802510280162096
0,0,1.1503776477184147e-05
0,0,0.008917398750782013
0,0,0.04305458813905716
0,0,0.00015535418060608208
0,0,0.015394817106425762
0,0,0.00030004940344952047
0,0,0.0003617845068220049
1,1,0.9965967535972595
1,1,0.9922699928283691
1,1,0.9781689643859863
1,1,0.9999208450317383
1,1,0.9917271137237549
0,0,0.00011269825336057693
1,1,0.9999756813049316
0,0,0.0021644383668899536
1,0,0.3741043508052826
1,1,0.9697404503822327
0,0,8.331676508532837e-05
0,0,0.00030828750459477305
1,0,0.38950398564338684
1,1,0.9980996251106262
0,0,0.00019523505761753768
1,1,0.996468186378479
1,1,0.9833905100822449
1,1,0.9992408752441406
1,1,0.9991850256919861
1,1,0.9995827078819275
1,1,0.9998348951339722
0,0,9.864870662568137e-06
0,0,0.04012221843004227
0,0,5.80813575652428e-05
0,0,0.04214337095618248
1,1,0.9674034714698792
1,1,0.9999812841415405
1,1,0.9595324397087097
1,1,0.9999260902404785
0,0,0.0011749397963285446
0,0,0.00015108600200619549
1,1,0.9997339844703674
0,0,4.165270183875691e-06
0,0,0.01331540197134018
1,1,0.9998912811279297
1,1,0.9992330074310303
1,1,0.9920575022697449
1,1,0.9994224309921265
0,0,0.00029671116499230266
0,0,0.007823536172509193
0,0,6.428594497265294e-05
1,1,0.9961429238319397
0,0,0.007107342127710581
0,0,0.002212138846516609
0,0,0.01673271879553795
0,0,0.00036116232513450086
1,1,0.9990164041519165
1,1,0.9917778968811035
1,1,0.9863321781158447
1,1,0.9995443224906921
0,0,0.0015594972064718604
1,1,0.9940954446792603
0,0,0.044581424444913864
0,0,0.24125255644321442
1,1,0.9992905855178833
0,0,0.00042694021249189973
0,0,0.001552052446641028
0,0,0.0005228858208283782
1,1,0.9988164901733398
0,0,0.0016836413415148854
0,0,5.2164246881147847e-05
1,1,0.983890950679779
1,1,0.9999128580093384
0,0,0.0034306063316762447
1,1,0.9987253546714783
0,0,2.7340334781911224e-05
0,0,0.036107659339904785
0,0,0.09669642150402069
1,0,0.04358204826712608
0,0,0.0007444197544828057
0,0,3.7788071495015174e-05
0,0,1.9993494788650423e-05
0,0,0.000986951868981123
1,1,0.9953784942626953
0,0,0.002741326345130801
0,0,6.90425222273916e-05
1,1,0.7030311822891235
1,1,0.9966465830802917
1,1,0.8955810070037842
1,1,0.9996682405471802
1,1,0.9993163347244263
1,1,0.9926753640174866
0,0,0.0030928601045161486
1,1,0.99994957447052
1,1,0.9995322227478027
0,0,4.522606104728766e-05
1,1,0.980338990688324
0,0,0.00040153347072191536
0,0,0.0004099934594705701
1,1,0.9926695823669434
1,1,0.9998918771743774
1,1,0.8567317724227905
1,1,0.9999316930770874
1,1,0.9990500807762146
1,1,0.9971464276313782
1,1,0.9993059635162354
0,0,0.0022751442156732082
0,0,0.004402438178658485
0,0,4.9283989937976e-05
1,1,0.9965678453445435
0,0,0.0007616712246090174
0,0,7.946836558403447e-05
0,0,0.0031896070577204227
1,1,0.9999545812606812
1,1,0.9988502264022827
1,1,0.9992497563362122
0,0,0.00013235359801910818
0,0,0.00029780055047012866
0,0,3.7792109651491046e-05
1,1,0.9998515844345093
1,1,0.9990732669830322
0,0,0.0008380983490496874
1,1,0.9999690055847168
1,1,0.9993883371353149
1,1,0.999823272228241
1,1,0.9951229691505432
0,0,0.0001103875765693374
1,1,0.9985682964324951
1,1,0.9773589968681335
0,0,1.1303773135296069e-05
1,1,0.9998138546943665
0,0,0.00014952910714782774
0,0,0.45942845940589905
1,1,0.9881928563117981
1,1,0.9751726984977722
1,1,0.6638884544372559
0,0,9.888804015645292e-06
1,1,0.9996606111526489
1,1,0.9998338222503662
1,1,0.999783456325531
1,1,0.9997648596763611
1,1,0.9998682737350464
0,0,0.006151391193270683
1,0,0.02957824431359768
0,0,0.0018064522882923484
1,0,0.003423735499382019
1,1,0.9939054846763611
1,1,0.9996966123580933
1,1,0.937750518321991
1,1,0.9714718461036682
1,1,0.5490446090698242
0,0,0.0024114353582262993
1,1,0.9999525547027588
1,1,0.9999772310256958
1,1,0.999254047870636
1,0,0.2730637788772583
0,0,0.027730301022529602
0,0,0.004583161324262619
0,0,3.7703623092966154e-05
1,1,0.999902606010437
0,0,0.0010445968946442008
1,1,0.9185590147972107
1,1,0.9890633225440979
1,1,0.9976276755332947
1,0,0.4393303096294403
1,1,0.9997931122779846
1,1,0.9969536066055298
1,1,0.9980027079582214
0,0,1.040278311847942e-05
0,0,0.0013506506802514195
0,0,6.774150097044185e-05
1,0,0.21344402432441711
0,0,0.00019614375196397305
1,1,0.9999040365219116
0,0,5.979120032861829e-05
1,1,0.9998598098754883
1,0,0.3085278272628784
1,0,0.12692835927009583
1,1,0.9989513158798218
0,0,0.0024467806797474623
0,0,0.004399285651743412
1,1,0.9983256459236145
0,0,4.490709034143947e-05
0,0,0.0014569625491276383
1,1,0.9996045231819153
0,0,8.657292346470058e-05
1,1,0.9977375268936157
1,1,0.9826618432998657
1,1,0.999650239944458
0,0,0.0018201008206233382
1,1,0.9998596906661987
1,1,0.9991201758384705
0,0,0.018827250227332115
1,1,0.9956041574478149
1,1,0.8914502859115601
1,1,0.9999455213546753
1,1,0.9998691082000732
1,1,0.9728936553001404
1,1,0.9998087286949158
0,0,0.16267569363117218
1,1,0.9994791150093079
1,1,0.9986122846603394
0,0,0.015786901116371155
1,1,0.9996932744979858
1,1,0.9972684383392334
1,1,0.9992094039916992
1,1,0.9979938268661499
1,1,0.6124738454818726
0,0,0.00023503856209572405
0,0,0.0008543073199689388
0,0,0.00012720473750960082
1,1,0.9998633861541748
1,1,0.9995149374008179
1,1,0.9999423027038574
1,1,0.9995038509368896
0,0,0.0006093494012020528
0,0,0.0011525478912517428
1,1,0.9740267992019653
1,1,0.9999818801879883
1,1,0.9988369345664978
0,0,0.00012772214540746063
0,0,0.0030476655811071396
0,0,0.0003588089894037694
0,0,0.0005384889082051814
0,0,0.003047059988602996
1,1,0.9993240833282471
1,1,0.9141759276390076
1,1,0.9913791418075562
0,0,8.879132110450882e-06
0,0,0.012798993848264217
1,1,0.6879881620407104
0,0,0.00012231411528773606
0,0,0.00029424147214740515
1,1,0.9829367399215698
0,0,3.8475551264127716e-05
0,0,0.04351549968123436
0,0,0.0010264794109389186
1,1,0.9975244402885437
0,0,8.513433567713946e-05
0,0,0.045054659247398376
0,0,1.1596145668590907e-05
1,1,0.9841760993003845
1,1,0.9990624785423279
1,1,0.9969077706336975
0,0,0.0032498505897819996
1,1,0.992904007434845
1,1,0.9999672174453735
1,1,0.724721372127533
1,1,0.9999102354049683
1,1,0.9998326301574707
1,1,0.9993372559547424
0,1,0.6083143353462219
0,1,0.9968344569206238
0,0,0.07749348133802414
0,0,2.7538528229342774e-05
0,0,0.0036341166123747826
0,0,3.486506102490239e-05
0,1,0.5829689502716064
0,1,0.7004087567329407
1,1,0.9729275107383728
1,1,0.9985468983650208
0,0,0.009875565767288208
1,1,0.9742092490196228
0,0,8.706062362762168e-05
1,1,0.9941365718841553
0,0,2.2896085283719003e-05
1,1,0.8139673471450806
1,1,0.9997054934501648
1,1,0.941923201084137
0,0,0.00015274139877874404
1,1,0.9994818568229675
1,1,0.9991171956062317
1,1,0.9955884218215942
0,0,0.0022170667070895433
1,1,0.9899495840072632
1,0,0.313529372215271
1,1,0.8061655759811401
0,0,0.01018611527979374
1,1,0.9968384504318237
1,1,0.9620832800865173
1,1,0.9995681643486023
1,1,0.9998251795768738
1,1,0.8847981095314026
0,0,0.003744333516806364
0,0,7.25510180927813e-05
1,1,0.9992172718048096
1,1,0.7169103622436523
1,1,0.9963569045066833
1,1,0.999962329864502
0,0,0.007105118595063686
0,0,0.03690506890416145
1,0,0.016458259895443916
0,1,0.7130603790283203
0,0,0.17886504530906677
0,0,8.999949204735458e-05
1,1,0.9968365430831909
1,1,0.9122839570045471
1,1,0.9996570348739624
0,0,0.0007788626826368272
0,0,0.00040414635441266
1,1,0.9709407687187195
0,0,0.0004120485682506114
1,1,0.9993946552276611
1,1,0.9912761449813843
1,0,0.3528272807598114
1,1,0.9984949827194214
0,0,4.947937486576848e-05
1,1,0.9982271790504456
0,0,0.31388747692108154
0,0,0.0001808477973099798
1,1,0.9986771941184998
1,1,0.9983355402946472
1,1,0.9997268319129944
0,0,0.00015650319983251393
1,1,0.9999067783355713
1,1,0.9994394183158875
1,1,0.9994169473648071
1,1,0.9965189695358276
1,1,0.9994719624519348
1,1,0.99919193983078
0,0,2.4556869902880862e-05
0,0,0.00048663842608220875
0,0,0.07558201998472214
0,0,0.0011756019666790962
0,0,7.66837183618918e-06
1,1,0.998222291469574
1,1,0.9999654293060303
0,0,0.0005756938480772078
1,1,0.9616900682449341
1,1,0.9999799728393555
0,0,4.073604031873401e-06
1,1,0.9985936284065247
0,0,0.0015462818555533886
1,0,0.38626062870025635
0,0,0.10485298931598663
1,1,0.9989227652549744
1,0,0.09547259658575058
1,1,0.9991810917854309
1,1,0.9987021684646606
1,1,0.9663971066474915
1,0,0.3479771912097931
0,0,0.008356168866157532
1,1,0.9975066781044006
0,0,0.0005032554618082941
0,0,0.2557692229747772
0,0,0.0018724041292443871
1,1,0.5363157391548157
0,0,0.0342397503554821
1,1,0.9997171759605408
0,0,8.162079211615492e-06
1,1,0.9988566637039185
1,1,0.9875202178955078
1,1,0.9969704151153564
1,1,0.9922858476638794
1,1,0.9911636114120483
1,1,0.9986604452133179
0,0,0.007641660049557686
0,0,0.010361656546592712
0,0,0.00021913574892096221
0,0,0.002026025438681245
1,1,0.9997554421424866
0,0,0.0010313709499314427
0,0,3.197284240741283e-05
1,1,0.9998581409454346
0,0,0.000770772690884769
0,0,0.0007691635400988162
1,1,0.9992367029190063
1,1,0.9998431205749512
1,1,0.9990231990814209
0,0,2.4361032046726905e-05
0,0,0.0002586845075711608
1,1,0.9992536902427673
0,0,0.00027168949600309134
0,0,0.10254330933094025
0,0,1.4063507478567772e-05
0,0,0.00037634678301401436
0,0,0.002788576064631343
1,1,0.998275637626648
0,0,0.011522917076945305
1,1,0.9999059438705444
1,1,0.9993627667427063
1,0,0.2581167221069336
1,1,0.7303571105003357
0,0,0.0018547994550317526
0,0,1.5493016690015793e-05
0,0,0.00010877869499381632
1,1,0.9933286905288696
1,1,0.9995014667510986
1,1,0.9998348951339722
1,1,0.9979280233383179
0,0,0.0014874233165755868
1,1,0.9670754671096802
0,1,0.5622352361679077
1,1,0.9997281432151794
0,0,0.0013146443525329232
0,0,0.002431366126984358
1,1,0.9959571957588196
0,0,0.011493491008877754
0,0,0.0034379519056528807
0,0,0.0005009944434277713
0,0,0.0034359104465693235
1,1,0.9609725475311279
1,1,0.9999948740005493
0,1,0.6005658507347107
0,0,0.023946627974510193
0,0,0.0002448072482366115
0,0,0.006459568627178669
1,1,0.9998242259025574
1,1,0.966002345085144
1,1,0.991036057472229
1,1,0.9909974336624146
0,0,0.0004880859924014658
0,0,0.044302161782979965
0,0,1.3780954759567976e-05
0,0,0.0024305381812155247
1,1,0.9996907711029053
1,1,0.9580394625663757
0,0,0.0033012765925377607
0,0,0.014180643483996391
0,0,0.028903424739837646
0,0,0.004483889322727919
1,1,0.9984039664268494
0,0,0.005138601642102003
1,1,0.9999804496765137
0,0,0.0004999268567189574
0,0,0.0008984780870378017
1,1,0.9994072914123535
1,1,0.9983735084533691
1,1,0.9988023042678833
1,1,0.9820262789726257
1,1,0.9890323877334595
1,0,0.03396955505013466
1,1,0.9753598570823669
0,0,9.5796087407507e-05
0,0,0.0008280412293970585
0,0,5.365506876842119e-05
0,0,0.004939679522067308
0,0,0.0003202555235475302
1,1,0.622636079788208
0,0,3.579866825020872e-05
1,1,0.9718427062034607
0,0,0.0007483187946490943
0,0,3.477119389572181e-05
0,0,6.946510984562337e-05
1,1,0.9995306730270386
1,1,0.9981184005737305
1,0,0.46592745184898376
1,1,0.6599401831626892
1,1,0.8035080432891846
0,0,0.09019393473863602
1,1,0.7631213068962097
0,0,0.07884298264980316
1,1,0.9994496703147888
1,1,0.9997075200080872
1,1,0.9870209097862244
1,1,0.9997716546058655
0,0,0.0007291648653335869
1,1,0.9989513158798218
1,1,0.9993681311607361
0,0,0.00018506562628317624
1,1,0.9998911619186401
0,0,0.00031851293169893324
0,0,0.08158823847770691
1,1,0.9927819967269897
1,1,0.9997124075889587
1,1,0.9998514652252197
0,0,0.009970871731638908
0,0,0.0026121430564671755
1,1,0.9999072551727295
1,1,0.9869529008865356
1,1,0.9972872734069824
1,1,0.999797523021698
0,0,0.0011812313459813595
1,1,0.6226505041122437
0,0,3.998186002718285e-05
1,1,0.9998515844345093
0,0,0.2666054368019104
1,1,0.999897837638855
1,1,0.9994138479232788
1,1,0.9992269277572632
1,1,0.9277795553207397
1,1,0.9996206760406494
0,0,0.00028506614034995437
1,1,0.9999591112136841
1,1,0.9956513047218323
1,1,0.9999790191650391
1,1,0.9999771118164062
1,1,0.9834820032119751
1,1,0.9977426528930664
1,1,0.9995027780532837
1,1,0.9985517859458923
0,0,0.010982388630509377
0,0,0.005256933160126209
0,0,0.0010527409613132477
1,1,0.9905688166618347
0,0,0.00034012208925560117
0,0,0.01989036053419113
1,1,0.9696646928787231
1,1,0.997721254825592
0,0,2.363348176004365e-05
0,0,0.0007574116461910307
1,1,0.9999408721923828
1,1,0.9992311000823975
1,1,0.9856629967689514
0,0,0.00039762663072906435
0,0,0.010245483368635178
1,1,0.9999793767929077
1,1,0.992143988609314
1,1,0.9993577599525452
1,1,0.9997790455818176
0,0,0.004984981846064329
1,1,0.996587872505188
0,0,0.0028146880213171244
1,1,0.9985112547874451
0,0,0.20390534400939941
0,0,0.0002770637802314013
0,0,0.001666001626290381
1,1,0.9988676309585571
1,1,0.9963642954826355
1,1,0.999970555305481
1,1,0.9997542500495911
1,1,0.5764691233634949
1,1,0.9991869330406189
0,0,1.1162964256072883e-05
0,0,1.3111919543007389e-05
1,1,0.999921441078186
1,1,0.9977229237556458
1,1,0.9973787069320679
1,1,0.9999271631240845
0,0,3.2777701562736183e-05
1,1,0.9999974966049194
0,0,6.044945166649995e-06
0,0,0.00022602152603212744
0,0,0.00014808833657298237
1,1,0.9738298058509827
0,0,1.0393025149824098e-05
0,0,0.16002802550792694
1,1,0.9996809959411621
0,0,0.13707464933395386
1,1,0.9999630451202393
1,1,0.9995772242546082
1,0,0.28794169425964355
0,1,0.9974170923233032
1,1,0.998525083065033
0,0,0.0002912006457336247
0,0,0.0052919103763997555
1,1,0.9929081201553345
1,1,0.9989916682243347
0,0,0.003950634505599737
1,1,0.9963924288749695
1,1,0.9992812275886536
0,0,0.000900113838724792
1,1,0.9982349872589111
1,1,0.9405360221862793
1,1,0.9776692986488342
1,1,0.9949954748153687
1,1,0.9971182346343994
1,1,0.9751582741737366
1,1,0.9996381998062134
1,1,0.9999380111694336
1,1,0.9853166937828064
0,0,0.00014056159125175327
1,1,0.9942834973335266
1,1,0.7600429058074951
1,1,0.9990134239196777
1,1,0.9996154308319092
1,1,0.9999635219573975
0,0,0.01933206431567669
0,0,0.00034425564808771014
0,0,0.0062765879556536674
0,0,0.09713203459978104
1,0,0.13871288299560547
1,1,0.9979594945907593
0,0,0.001386753050610423
1,1,0.9961861968040466
0,0,0.00010571102757239714
1,1,0.9990875720977783
0,0,0.00020388291159179062
0,0,0.001569502055644989
0,0,0.09039798378944397
1,1,0.9996116757392883
0,1,0.6983727812767029
1,0,0.05147217959165573
0,0,0.001476703560911119
1,1,0.9995197057723999
1,1,0.9997873902320862
1,1,0.9930663108825684
1,1,0.9977318644523621
1,1,0.9797894954681396
0,0,0.0032641321886330843
1,1,0.9923237562179565
1,1,0.9377651810646057
1,1,0.9795485734939575
1,1,0.9997522234916687
1,1,0.9860107898712158
1,1,0.9913506507873535
1,1,0.9725989699363708
1,1,0.999819815158844
1,1,0.9998519420623779
1,1,0.9983331561088562
1,0,0.02493315190076828
0,0,5.5472155509050936e-05
0,0,0.00016150606097653508
1,1,0.999708354473114
0,0,0.0002598913852125406
0,0,3.8907914131414145e-05
1,1,0.9370282888412476
0,0,0.15403641760349274
1,1,0.976850152015686
1,1,0.9998958110809326
0,0,9.750811295816675e-05
1,1,0.9995450377464294
1,1,0.9992871880531311
1,1,0.9996803998947144
1,0,0.00398014672100544
0,0,0.0063781170174479485
1,1,0.9969450831413269
1,1,0.9993125200271606
1,1,0.9996718168258667
1,1,0.9999885559082031
1,1,0.9618823528289795
0,0,0.0008963784785009921
1,1,0.9508981108665466
0,0,0.24882332980632782
0,0,0.2067715972661972
0,0,0.00041787291411310434
1,1,0.9998012185096741
1,1,0.9925206899642944
0,0,0.2164549082517624
0,0,0.0005031715263612568
1,1,0.9984824061393738
0,0,0.04788650572299957
1,1,0.9996299743652344
1,1,0.999971866607666
1,1,0.9269464612007141
0,0,0.00013068180123809725
0,0,0.0017065240535885096
0,0,0.002325150417163968
0,0,0.06244458630681038
0,0,0.0003505086060613394
1,1,0.9999459981918335
1,1,0.9983876943588257
1,0,0.13056856393814087
1,1,0.999366819858551
0,0,0.0016129553550854325
0,0,1.415746100974502e-05
1,1,0.9905350804328918
0,0,0.00048183253966271877
0,0,0.0011216155253350735
0,0,0.0001158426603069529
1,1,0.9979488253593445
0,0,0.0001481856597820297
1,1,0.9963805079460144
1,1,0.9980332255363464
1,1,0.999808132648468
0,0,6.325326103251427e-05
1,1,0.9986506104469299
1,1,0.9990068078041077
0,0,2.3819813577574678e-05
1,1,0.9998775720596313
0,0,0.004358481615781784
0,0,4.6287303121061996e-05
1,1,0.9984062314033508
1,1,0.999982476234436
1,1,0.9998816251754761
1,1,0.9999041557312012
0,0,2.0408269847393967e-05
1,1,0.9966546297073364
0,0,0.06383361667394638
1,1,0.9990610480308533
0,0,0.008270545862615108
0,1,0.7495832443237305
0,0,0.00023756052542012185
0,0,0.00010461598867550492
0,0,0.00016934469749685377
1,1,0.9998315572738647
0,0,0.013804163783788681
0,0,0.011040679179131985
1,1,0.997373104095459
1,1,0.9799998998641968
0,0,0.0027103116735816
1,1,0.9999308586120605
1,1,0.998026430606842
0,0,0.001214260351844132
1,1,0.9995589852333069
1,1,0.9998408555984497
1,1,0.9993846416473389
1,1,0.9947628378868103
0,0,0.002048765541985631
0,0,8.23360460344702e-05
1,1,0.9967842102050781
1,0,0.15481677651405334
1,1,0.9541792869567871
0,0,0.00046800292329862714
0,0,0.0008022048277780414
0,0,0.0011841428931802511
1,1,0.9983183145523071
1,1,0.9951410293579102
1,1,0.9775916934013367
0,0,0.06873500347137451
1,1,0.999863862991333
0,0,0.0002291146811330691
0,0,0.0009337940718978643
0,0,6.319652311503887e-05
1,1,0.9993119239807129
1,1,0.9576202630996704
0,1,0.9921358823776245
0,0,0.014573666267096996
1,1,0.9999343156814575
1,1,0.9996428489685059
0,0,0.0002273318823426962
1,1,0.9999645948410034
0,0,0.0007647476741112769
1,1,0.9762378931045532
0,0,0.0035457853227853775
0,1,0.7319633364677429
1,1,0.9968210458755493
0,1,0.6025615930557251
0,0,5.176276317797601e-05
1,1,0.7104772925376892
1,1,0.9867621064186096
0,0,0.006545106880366802
0,0,0.0006524368072859943
1,1,0.9999163150787354
0,0,0.005857058800756931
1,1,0.9989272952079773
1,1,0.9998427629470825
0,0,0.001040704664774239
0,0,0.01807103306055069
1,1,0.5672603845596313
1,1,0.9995877146720886
0,0,2.5819863367360085e-05
1,1,0.9979029893875122
1,1,0.9900581240653992
0,0,1.2822924873034935e-05
1,1,0.9983231425285339
1,1,0.999901533126831
0,0,0.00019396036805119365
0,0,9.199459600495175e-05
0,0,0.00015682900266256183
1,1,0.7569025158882141
1,1,0.9998528957366943
0,0,0.009034508839249611
1,1,0.8479016423225403
1,1,0.9992606043815613
1,1,0.9995403289794922
1,1,0.996048629283905
0,0,0.04837305471301079
1,0,0.05300118029117584
0,0,0.000645795080345124
0,0,0.31433284282684326
1,1,0.980510413646698
1,1,0.9990932941436768
1,1,0.9852107167243958
0,0,0.0045002419501543045
1,1,0.9998527765274048
0,0,0.000526096613612026
1,1,0.9999593496322632
1,0,0.016241369768977165
0,0,4.6350025513675064e-05
0,0,0.09826143831014633
0,0,0.00013580330414697528
1,1,0.9997460246086121
0,0,0.0006087514339014888
0,0,6.690670124953613e-05
1,1,0.9241907596588135
0,0,4.208139216643758e-05
1,1,0.999542236328125
0,1,0.937364399433136
1,1,0.9997476935386658
1,1,0.9999834299087524
0,0,0.07264579832553864
0,0,0.0023983935825526714
1,1,0.9972267746925354
1,1,0.9998342990875244
1,1,0.9998414516448975
1,1,0.9959916472434998
1,1,0.9999592304229736
1,1,0.9999107122421265
0,0,5.815484837512486e-05
1,1,0.995276689529419
1,1,0.9991531372070312
1,0,0.07202751189470291
1,1,0.9988141059875488
0,0,0.002862348919734359
0,0,0.0013070362620055676
0,0,0.08458929508924484
0,0,0.002839949680492282
0,0,0.03197922185063362
1,1,0.9931966066360474
1,1,0.9905359148979187
0,0,0.005318706855177879
1,1,0.999901533126831
1,1,0.9610684514045715
1,1,0.8489050269126892
1,1,0.9995237588882446
0,0,0.07034885883331299
0,1,0.9159544110298157
0,0,0.0027912624645978212
1,1,0.9006966948509216
1,1,0.9985001087188721
1,1,0.9981124401092529
1,0,0.08708371222019196
1,1,0.9986439347267151
0,0,0.1910066157579422
1,1,0.9995224475860596
0,0,0.001452425611205399
0,0,0.00010004368232330307
0,0,0.0011729761026799679
1,1,0.9993022680282593
0,0,3.680041118059307e-05
0,0,0.00043427434866316617
0,0,0.00037805037572979927
1,1,0.9988691210746765
1,1,0.998879611492157
1,1,0.9936235547065735
1,1,0.9992339611053467
1,1,0.9990712404251099
1,1,0.9989653825759888
1,1,0.9999624490737915
1,1,0.9818706512451172
0,1,0.6248427033424377
1,1,0.9999039173126221
0,0,0.0008319371263496578
0,0,0.1842544674873352
1,1,0.9829621911048889
0,0,0.0014495860086753964
0,1,0.5332348942756653
0,0,0.004992027301341295
0,0,8.549646008759737e-05
1,1,0.999602735042572
0,0,3.727998409885913e-05
0,0,4.84913689433597e-05
1,1,0.9999566078186035
0,0,5.680262347595999e-06
1,1,0.7080883383750916
1,1,0.9952996969223022
0,0,0.4107442796230316
0,0,0.0002478729875292629
1,1,0.999259889125824
1,1,0.9995724558830261
0,0,0.0004981739330105484
1,1,0.9968986511230469
1,1,0.9994707703590393
0,0,0.00015118774899747223
0,0,0.0005337563925422728
0,0,0.18898947536945343
0,0,0.000263702793745324
0,0,0.00010067030962090939
0,0,0.00042690621921792626
1,1,0.960735559463501
1,1,0.9998395442962646
0,0,0.008634760044515133
1,1,0.9963245987892151
0,0,0.0019159301882609725
0,0,0.0001475545286666602
1,1,0.9846271872520447
0,0,0.00034337167744524777
0,0,0.06683780997991562
0,0,6.494901754194871e-06
1,1,0.9999414682388306
0,0,0.00033266484388150275
0,0,0.0004902885411866009
0,0,5.913795030210167e-05
1,1,0.6479963064193726
1,1,0.9968852400779724
1,1,0.5530369877815247
1,0,0.23931576311588287
1,1,0.999346911907196
1,1,0.9959567189216614
0,0,0.441990464925766
1,1,0.9996544122695923
1,1,0.9998509883880615
1,1,0.9998036026954651
1,1,0.999914288520813
1,1,0.9724400043487549
0,0,0.0043820952996611595
1,1,0.9966302514076233
1,1,0.9998948574066162
0,0,0.00018100063607562333
1,1,0.9998237490653992
0,0,0.0038730979431420565
0,0,3.785194348893128e-05
0,0,0.0003672578604891896
1,1,0.9954467415809631
1,1,0.9999905824661255
1,1,0.9027864933013916
0,0,6.863126327516511e-05
0,0,0.018445933237671852
0,0,8.968985639512539e-05
1,1,0.9163445234298706
1,0,0.16014574468135834
0,0,0.04244014620780945
1,1,0.9997653365135193
1,1,0.9995007514953613
0,1,0.7671047449111938
1,1,0.9989257454872131
0,0,0.39111965894699097
0,0,0.035202205181121826
1,1,0.9997636675834656
1,1,0.99956876039505
0,0,0.00564357778057456
1,1,0.7369226217269897
1,1,0.9874168634414673
1,1,0.9997217059135437
1,1,0.9998959302902222
1,1,0.9995561242103577
0,0,0.0002737213799264282
1,1,0.9870139360427856
0,0,0.004028743132948875
1,1,0.9969809651374817
1,1,0.9999628067016602
1,1,0.9989431500434875
1,1,0.9981114864349365
1,1,0.9989830851554871
1,1,0.8268460035324097
1,1,0.999498724937439
1,1,0.999953031539917
1,1,0.9998041987419128
1,1,0.9999409914016724
1,1,0.9673137664794922
0,0,0.00042702790233306587
1,1,0.999685525894165
0,0,0.0002309002447873354
0,0,0.0007914395537227392
1,1,0.9997621178627014
1,1,0.9994460940361023
1,1,0.9998816251754761
0,0,0.36567315459251404
1,1,0.9999462366104126
0,0,6.206991201906931e-06
0,0,0.01008413452655077
1,1,0.9822660684585571
0,0,0.012988980859518051
1,1,0.9645929932594299
0,0,0.0004470662388484925
0,0,5.606202830676921e-05
1,1,0.9978129863739014
1,1,0.9999645948410034
1,1,0.9992170333862305
0,0,0.00014206074411049485
0,0,0.00011934338544961065
0,0,3.602469587349333e-05
1,1,0.999127209186554
0,0,0.00028537368052639067
0,0,0.0038953402545303106
0,0,0.012590175494551659
0,0,0.00026439031353220344
1,1,0.9963397979736328
0,0,0.01328367181122303
0,1,0.6722480654716492
1,1,0.5922708511352539
1,1,0.9878627061843872
1,1,0.999967098236084
1,1,0.9995527863502502
0,0,0.009128466248512268
1,1,0.9992818236351013
1,1,0.9959553480148315
1,1,0.9994398951530457
0,0,0.005022875033318996
0,0,6.351122283376753e-05
0,0,1.774277916410938e-05
1,1,0.9997022747993469
1,1,0.9854300022125244
1,1,0.9353078007698059
0,0,7.545738480985165e-05
1,1,0.9997743964195251
1,1,0.9406090974807739
0,0,0.00046099702012725174
0,0,2.0318489987403154e-05
0,0,1.9159472230967367e-06
0,0,2.5395080228918232e-05
1,1,0.8236199617385864
0,0,0.00046595491585321724
0,0,1.0164615559915546e-05
0,0,0.000506609387230128
0,0,0.002989104948937893
0,0,0.007305173669010401
1,1,0.9999099969863892
1,1,0.9975191354751587
1,1,0.9942347407341003
0,0,0.1583227962255478
1,1,0.9993748068809509
1,1,0.852225124835968
1,1,0.9997171759605408
1,1,0.9994435906410217
0,0,4.5202261389931664e-05
0,0,1.9268467440269887e-05
0,0,1.9098257325822487e-05
0,0,6.634392320847837e-06
1,1,0.7653652429580688
1,1,0.9962335228919983
1,1,0.9994169473648071
0,0,0.0892481878399849
1,1,0.9948347806930542
0,0,0.0003074234409723431
1,0,0.2890178859233856
0,0,0.0007684068405069411
0,0,5.4639793233945966e-05
0,0,0.0007734487298876047
1,1,0.9780957698822021
1,1,0.9998646974563599
1,1,0.9974002838134766
0,0,0.000334058771841228
1,1,0.9999350309371948
0,1,0.5668743848800659
0,0,0.0016734286909922957
0,0,0.04875658452510834
0,0,1.012202392303152e-05
0,0,0.0001267753541469574
1,1,0.9985765218734741
0,0,0.005819054786115885
0,0,0.0004199522081762552
0,0,0.00042889229371212423
0,0,0.04917697608470917
1,0,0.26219290494918823
0,0,4.75750630357652e-06
0,0,0.015112392604351044
1,1,0.9996920824050903
0,0,0.0007581132231280208
0,0,0.003015532623976469
0,0,0.0022033092100173235
1,1,0.9997486472129822
0,0,0.0001813361159292981
1,1,0.9986120462417603
1,1,0.9990777969360352
1,1,0.9994115829467773
1,1,0.9990266561508179
1,1,0.9952633380889893
0,0,0.03765011206269264
1,1,0.9983293414115906
1,1,0.6895172595977783
0,1,0.7751752734184265
0,0,0.003761573461815715
1,1,0.9999626874923706
1,1,0.9997816681861877
0,0,0.001109732431359589
0,0,0.009187485091388226
1,1,0.9999774694442749
1,0,0.4351218640804291
1,1,0.9993501305580139
1,1,0.9930459856987
0,1,0.7078930735588074
0,0,7.289033237611875e-05
1,1,0.998449444770813
0,0,0.0016117196064442396
0,0,2.4985238269437104e-05
1,1,0.999821126461029
0,0,2.239856075902935e-05
0,0,0.005587736144661903
0,0,0.00013638404197990894
1,1,0.9998077750205994
0,0,0.03523372486233711
0,0,3.0078990675974637e-05
0,0,0.00023469187726732343
0,0,0.0017914515919983387
1,1,0.9995430707931519
1,1,0.99924635887146
0,0,3.4141245123464614e-05
1,1,0.9989000558853149
1,1,0.9723035097122192
1,1,0.999749481678009
0,0,0.08671070635318756
0,0,0.002682663965970278
0,0,0.0011907314183190465
0,0,0.0012777415104210377
0,0,0.00017166725592687726
1,1,0.9990572333335876
0,0,0.00015520107990596443
0,0,0.0004761290329042822
1,1,0.9913968443870544
1,1,0.993655800819397
0,0,0.030033089220523834
0,0,0.006221882067620754
1,1,0.9995797276496887
0,0,0.3284139931201935
1,1,0.9998177886009216
0,0,0.0010924304369837046
1,1,0.9966073036193848
1,1,0.9981194138526917
1,1,0.9985418319702148
0,0,0.00030130325467325747
1,1,0.9995768666267395
1,1,0.9992614388465881
0,0,0.0065668742172420025
0,0,0.009618673473596573
1,0,0.43470636010169983
0,0,0.00780803756788373
0,0,5.434140803117771e-06
1,1,0.998047947883606
0,0,0.0011937114177271724
1,1,0.9997629523277283
0,0,0.0010666389716789126
1,1,0.9998645782470703
0,0,0.007130537647753954
0,0,0.0001053170271916315
0,0,0.00047302350867539644
0,1,0.9974468946456909
0,0,0.0014413477620109916
1,1,0.9998348951339722
1,1,0.9983166456222534
1,1,0.9492128491401672
0,0,0.014707881957292557
1,1,0.9962420463562012
0,0,0.00011833450844278559
1,1,0.9982532858848572
1,1,0.9989659786224365
0,0,0.0005475051002576947
0,0,9.377959941048175e-06
0,0,0.0002918916579801589
1,1,0.9998364448547363
0,0,7.856522279325873e-05
1,1,0.999879002571106
0,0,2.6191217330051586e-05
0,0,0.00010652623313944787
0,0,2.0648849385906942e-05
0,0,0.006095793563872576
1,1,0.9656760692596436
0,0,3.856731200357899e-05
0,0,4.288127092877403e-05
0,0,8.403545507462695e-05
0,1,0.6329652667045593
1,1,0.9993104934692383
0,0,0.0005037300870753825
0,0,0.00012828239414375275
0,0,5.257254815660417e-05
0,0,0.00014944373106118292
0,1,0.8226648569107056
1,1,0.9981852173805237
1,1,0.897400975227356
0,0,0.47861191630363464
0,0,0.0008101881248876452
0,0,0.004215541761368513
1,1,0.9989578723907471
0,1,0.7348611354827881
1,1,0.9993865489959717
1,0,0.11767066270112991
0,0,0.00012153459101682529
1,1,0.9379546046257019
0,0,1.9128952772007324e-05
1,0,0.0619654506444931
1,1,0.9476021528244019
0,0,0.0005608716746792197
0,0,0.032096099108457565
1,1,0.9988861680030823
1,1,0.9950928688049316
1,1,0.9239587783813477
0,0,0.03815927729010582
1,1,0.9783011078834534
0,0,8.220910967793316e-05
1,1,0.9386311173439026
1,1,0.9999382495880127
1,1,0.9983969330787659
0,0,0.015838194638490677
1,1,0.9999176263809204
1,1,0.997783362865448
1,1,0.9991247057914734
0,0,0.025273529812693596
0,0,0.002760878996923566
0,0,0.0005656243884004653
0,0,0.0001356377761112526
1,1,0.999984622001648
1,1,0.9993873834609985
1,1,0.9999500513076782
0,0,0.0015176653396338224
1,1,0.9983225464820862
0,0,0.00022595084737986326
1,1,0.999756395816803
0,0,0.001329912687651813
0,0,0.00020967944874428213
0,0,0.011601789854466915
1,1,0.9834030270576477
1,1,0.7381308674812317
1,1,0.9992371797561646
0,0,0.12998706102371216
1,1,0.999531626701355
0,0,0.24491676688194275
1,1,0.9216041564941406
1,1,0.9892895817756653
0,0,0.02237977646291256
0,0,0.2080492228269577
1,1,0.9855234622955322
0,0,0.007944049313664436
1,1,0.9722283482551575
1,1,0.9576451778411865
1,1,0.8108253479003906
1,1,0.9998672008514404
1,1,0.9999256134033203
1,1,0.9997808337211609
1,1,0.9998725652694702
1,1,0.9996942281723022
0,0,0.0002398761862423271
1,1,0.9968607425689697
1,1,0.9998289346694946
0,1,0.6424776315689087
0,0,0.00030389768653549254
0,0,0.0025188878644257784
0,0,5.799031350761652e-05
0,0,6.9289985731302295e-06
1,1,0.996364176273346
1,1,0.9988514184951782
1,1,0.86830735206604
1,1,0.9987121820449829
1,1,0.9889531135559082
1,1,0.9244233965873718
1,1,0.54372239112854
1,1,0.9895930290222168
1,1,0.9916150569915771
1,0,0.16427603363990784
0,0,0.005109718069434166
1,0,0.3571743369102478
1,1,0.9998840093612671
1,1,0.9963518381118774
1,1,0.9958049058914185
1,1,0.9997847676277161
1,1,0.9999295473098755
1,1,0.9988161325454712
1,1,0.9641768932342529
0,0,0.13544805347919464
0,0,2.9989278118591756e-06
0,0,0.013611920177936554
1,1,0.9988837838172913
1,1,0.9897644519805908
1,1,0.9983606934547424
0,0,0.009605159983038902
1,1,0.9999212026596069
1,1,0.9960824251174927
1,1,0.9778903126716614
1,1,0.941297709941864
0,0,2.24434206756996e-05
1,1,0.9990135431289673
1,1,0.9998568296432495
0,0,0.14006038010120392
1,1,0.9537505507469177
1,1,0.9982574582099915
0,0,0.00018765780259855092
1,1,0.9927944540977478
0,0,1.7660668163443916e-05
0,0,0.07116501778364182
1,1,0.9360644221305847
0,0,0.0011585635365918279
1,1,0.9172714352607727
0,0,0.002492310479283333
0,0,0.0005233298288658261
1,1,0.996510922908783
1,1,0.9252856969833374
1,1,0.9997695088386536
0,0,0.22329537570476532
1,1,0.9993656277656555
1,1,0.9946534633636475
0,0,0.00020660659356508404
0,0,0.0003961361653637141
1,1,0.9992101192474365
1,0,0.2518593370914459
0,0,6.438564014388248e-05
1,1,0.9992890357971191
1,1,0.9998571872711182
0,0,4.8396661441074684e-05
1,1,0.9991347193717957
0,0,0.0002704763028305024
0,0,0.043772757053375244
0,1,0.7250962257385254
0,0,0.0010125195840373635
0,1,0.8920559883117676
0,1,0.8825576305389404
0,0,0.00260699144564569
1,1,0.6133583188056946
0,1,0.9661072492599487
1,1,0.973609983921051
0,1,0.8336491584777832
0,0,0.05328313633799553
1,1,0.9573505520820618
0,0,0.004710082430392504
1,1,0.9999737739562988
1,1,0.9891530275344849
1,1,0.998337984085083
1,1,0.9993242025375366
0,0,0.019018221646547318
1,0,0.26030343770980835
0,0,0.00011730306141544133
1,1,0.9974855184555054
0,0,0.00011241339234402403
0,0,0.00019402972247917205
0,0,0.06451553106307983
0,0,0.09716713428497314
0,0,0.03116196021437645
0,0,9.628746738599148e-06
1,1,0.970179557800293
1,1,0.9998776912689209
0,1,0.7375948429107666
0,0,0.007299055345356464
0,0,4.727479245048016e-05
1,1,0.998782217502594
0,0,5.842638711328618e-05
1,1,0.997443675994873
0,0,0.030202027410268784
0,0,0.0038425002712756395
0,0,0.0003322822449263185
1,1,0.9737058281898499
1,1,0.9990936517715454
1,1,0.9999388456344604
1,1,0.9999916553497314
0,0,0.0026830926071852446
0,0,0.0003355819790158421
0,0,0.0003161655040457845
0,0,6.292135367402807e-05
0,0,0.001442106207832694
1,1,0.9994595646858215
1,1,0.9999737739562988
1,1,0.9992427825927734
1,1,0.9943017959594727
1,1,0.5041307210922241
1,1,0.9982988238334656
1,1,0.9998331069946289
0,0,0.020776500925421715
1,1,0.9884647130966187
0,0,0.0014967524912208319
1,1,0.8908308148384094
1,1,0.9996846914291382
1,1,0.9959191679954529
0,0,0.002573875244706869
0,0,0.00013162399409338832
0,0,0.00010514523455640301
0,0,0.03128437697887421
1,1,0.9999479055404663
0,0,7.026666571618989e-05
0,0,0.0028405652847141027
0,0,0.0045239562168717384
0,0,0.003182972315698862
1,1,0.9993773102760315
0,0,2.3252092432812788e-05
1,1,0.9194672703742981
0,0,2.0943072740919888e-05
0,1,0.8260971307754517
1,1,0.999968409538269
0,0,0.0002133097586920485
0,0,0.20259734988212585
1,1,0.9122239351272583
1,1,0.9826734662055969
0,0,0.00015161624469328672
0,0,0.08854759484529495
0,0,9.728984878165647e-05
1,0,0.2550317943096161
1,1,0.9989572763442993
1,1,0.9990891218185425
1,1,0.9873445630073547
1,1,0.9998149275779724
0,0,2.331444193259813e-05
1,1,0.9973135590553284
1,1,0.9959320425987244
1,1,0.9974121451377869
1,1,0.9916593432426453
0,0,0.010884704068303108
0,0,2.070686241495423e-05
0,0,0.0003852529334835708
1,1,0.9993151426315308
1,1,0.9990022778511047
0,0,0.00029599518165923655
0,0,0.0004799604357685894
0,0,0.04014540836215019
1,1,0.9974479675292969
1,1,0.9926314353942871
1,1,0.991655707359314
1,1,0.9999271631240845
1,1,0.9992406368255615
1,1,0.999968409538269
1,1,0.999593198299408
0,0,1.2192560461699031e-05
1,1,0.9999586343765259
1,1,0.9996914863586426
0,0,0.00011625286424532533
0,0,0.00026805492234416306
0,0,0.0678219199180603
0,0,0.0003517293662298471
0,0,4.706606887339149e-06
0,0,0.40329697728157043
1,1,0.9979944229125977
0,0,0.00014458417717833072
1,1,0.999971866607666
1,1,0.9998354911804199
1,1,0.9918071627616882
1,1,0.9798197150230408
0,0,0.277067631483078
1,1,0.9999681711196899
0,0,0.0022132969461381435
1,1,0.963140070438385
0,0,4.983400503988378e-05
1,1,0.9990776777267456
1,1,0.9997895359992981
1,1,0.9992031455039978
0,0,0.16691997647285461
1,1,0.9959051609039307
1,1,0.999225378036499
1,1,0.9998924732208252
1,1,0.9997627139091492
0,0,1.0216950613539666e-05
0,0,0.00026542684645392
1,1,0.9938773512840271
1,1,0.9995608925819397
1,1,0.9290279746055603
1,1,0.9983124732971191
1,1,0.9917091727256775
1,1,0.9986261129379272
0,0,5.48894313396886e-05
0,0,0.0004754059191327542
1,1,0.9994009733200073
0,0,0.016583461314439774
0,0,0.005434726364910603
0,0,0.00029487977735698223
0,1,0.9027485847473145
0,0,0.017003167420625687
0,0,0.04040910676121712
1,1,0.7186145782470703
1,1,0.9990321397781372
1,1,0.9973154664039612
0,0,0.0005253534181974828
1,1,0.9998862743377686
1,1,0.998420000076294
0,0,0.2908865809440613
1,1,0.9947773218154907
1,1,0.999110758304596
1,1,0.9998365640640259
1,1,0.9910378456115723
1,1,0.9998021721839905
1,1,0.9998072981834412
1,1,0.9999128580093384
1,1,0.9996521472930908
0,0,0.00011075958173023537
1,1,0.9868975877761841
0,0,0.009855648502707481
1,1,0.9991937279701233
1,1,0.9588179588317871
1,1,0.9999575614929199
0,0,0.17292413115501404
0,0,8.24768649181351e-05
1,1,0.9316425323486328
0,0,0.007613359950482845
0,0,0.005282621365040541
0,0,7.605611608596519e-05
1,1,0.999213457107544
1,1,0.9994565844535828
1,1,0.9975491166114807
1,1,0.9997852444648743
1,1,0.8974691033363342
1,1,0.9600684642791748
0,0,0.0010572356404736638
1,1,0.9829018115997314
0,0,0.0042170933447778225
1,1,0.9962233304977417
0,0,0.0003378402616363019
1,1,0.9993256330490112
1,1,0.9996891021728516
0,0,0.002345293527469039
1,0,0.0010518147610127926
0,0,6.89613152644597e-05
1,1,0.9998496770858765
1,1,0.9997209906578064
1,1,0.9999840259552002
1,1,0.9603815078735352
1,1,0.7477176785469055
1,1,0.9995118379592896
1,1,0.9994314312934875
0,0,0.0030561801977455616
1,1,0.9999544620513916
1,1,0.9290827512741089
0,0,0.00021271791774779558
1,1,0.9989319443702698
1,1,0.9997921586036682
1,1,0.999299168586731
0,0,7.409686804749072e-05
0,0,0.0011143634328618646
0,0,0.012938949279487133
1,0,0.4999132454395294
1,0,0.43833833932876587
0,0,0.0006642105290666223
1,1,0.818274974822998
1,1,0.9977512955665588
0,0,0.0003469388757366687
1,0,0.14235129952430725
1,1,0.9998465776443481
1,1,0.9995748400688171
0,0,7.236563396872953e-05
0,0,0.0019685490988194942
0,1,0.6352044939994812
1,1,0.9851367473602295
1,0,0.021325035020709038
1,1,0.913938581943512
1,1,0.9992334842681885
1,1,0.9996718168258667
0,0,0.003864886937662959
1,1,0.9997804760932922
0,0,0.0010985985863953829
1,1,0.9998695850372314
1,1,0.9853679537773132
0,1,0.9998834133148193
1,1,0.9999467134475708
1,1,0.9991188645362854
0,0,0.000191720828297548
1,1,0.9997323155403137
1,1,0.9967813491821289
1,1,0.988085150718689
1,1,0.9998359680175781
1,1,0.6471611857414246
0,0,0.001347013865597546
1,1,0.9999697208404541
0,0,0.01186998188495636
1,1,0.9805801510810852
1,1,0.99994957447052
0,0,0.00039155196282081306
1,1,0.9995474219322205
1,1,0.99379962682724
1,0,0.28486672043800354
1,1,0.9990897178649902
0,0,0.1574929654598236
1,1,0.9974465370178223
0,0,0.020713461562991142
0,0,2.354934076720383e-05
1,1,0.9996901750564575
0,0,0.0018981166649609804
1,1,0.9999397993087769
0,0,4.653435462387279e-05
0,0,0.005502352491021156
0,0,0.00010097363701788709
1,1,0.9804936051368713
1,1,0.8862887620925903
0,0,0.0005030365427955985
1,1,0.999828577041626
0,0,0.0002255156432511285
1,1,0.9999819993972778
0,0,4.689162233262323e-05
1,1,0.9975346326828003
1,1,0.9939514398574829
1,1,0.999351441860199
0,0,0.009252220392227173
0,0,0.0018515923293307424
0,0,0.007250452414155006
0,0,0.014762142673134804
1,1,0.950543999671936
1,1,0.9990556836128235
0,0,5.098336714581819e-06
1,1,0.998895525932312
0,0,0.00024411221966147423
1,1,0.987831175327301
1,1,0.961035966873169
1,1,0.9988775849342346
0,0,0.0069125923328101635
0,0,0.002039892366155982
0,0,5.8281704696128145e-05
0,0,1.575529677211307e-05
1,1,0.999758780002594
0,0,0.4754239320755005
1,1,0.9998509883880615
1,1,0.9999758005142212
1,1,0.9997180104255676
1,1,0.9999024868011475
1,1,0.9999512434005737
0,0,0.0011841767700389028
1,1,0.9897311329841614
0,1,0.8677516579627991
1,0,0.0075238896533846855
0,0,0.0031626024283468723
0,0,0.12435532361268997
0,0,0.00023665354819968343
0,0,0.0026067185681313276
0,0,0.12866289913654327
0,0,5.918647366343066e-05
0,1,0.6589729189872742
0,0,5.2720665735250805e-06
0,0,0.0003080075257457793
0,0,0.008146009407937527
0,0,8.581305155530572e-05
0,0,0.00017924678104463965
0,0,0.006467824336141348
1,1,0.9949443936347961
0,0,5.201792646403192e-06
1,1,0.9904454946517944
1,1,0.9965143799781799
0,1,0.7910915017127991
1,1,0.9977203011512756
1,1,0.9999264478683472
1,1,0.999871015548706
1,1,0.9995953440666199
1,1,0.9999594688415527
1,1,0.9931550621986389
1,1,0.9999606609344482
0,0,0.27689263224601746
0,1,0.9687914252281189
0,0,0.00010713940719142556
1,1,0.9927186965942383
1,1,0.9999446868896484
0,0,2.911818774009589e-05
0,0,0.0002583404420875013
1,1,0.9999558925628662
1,1,0.9997184872627258
1,1,0.9859319925308228
1,1,0.9996988773345947
1,1,0.9971727132797241
1,0,0.319122850894928
0,0,0.003019065596163273
1,1,0.9265149235725403
1,1,0.999395489692688
0,0,1.1896591786353383e-05
1,1,0.998634397983551
1,0,0.06058881804347038
1,1,0.9997218251228333
0,0,0.0002474616339895874
1,1,0.9998018145561218
1,1,0.9992757439613342
1,1,0.9994595646858215
0,0,0.003978056367486715
0,0,0.08320272713899612
1,1,0.9961013793945312
0,0,0.0001414071739418432
0,0,1.4065841241972521e-05
0,0,1.113991947931936e-05
0,0,4.925927714793943e-05
1,1,0.9968770742416382
0,0,0.008364230394363403
1,1,0.9235294461250305
1,1,0.9974064230918884
1,1,0.9998595714569092
1,0,0.14282581210136414
0,0,0.00015183730283752084
0,0,8.526466990588233e-05
0,0,4.0264698327519e-05
1,1,0.9995120763778687
1,1,0.9976007342338562
1,1,0.7810463309288025
1,1,0.8943718671798706
1,1,0.999705970287323
1,1,0.9997126460075378
0,0,0.0020359926857054234
1,1,0.999901294708252
1,1,0.995810866355896
1,1,0.9681117534637451
0,0,0.002797543304041028
0,0,0.0004883224028162658
0,0,0.001570564811117947
0,0,4.12639528803993e-05
1,1,0.9989725351333618
0,0,0.1325893998146057
1,1,0.9999523162841797
1,1,0.9996200799942017
1,1,0.9988440275192261
0,0,0.0006653864402323961
0,0,0.0012859043199568987
0,0,0.0018253173911944032
0,0,0.007671194151043892
1,1,0.9998923540115356
1,1,0.9998975992202759
0,0,0.02130352519452572
0,0,0.004758220165967941
0,0,0.00045178885920904577
1,1,0.9994188547134399
0,0,0.0005425613489933312
0,0,1.4406980881176423e-05
0,0,9.39348028623499e-05
1,1,0.974155604839325
1,0,0.24759094417095184
1,1,0.9998849630355835
1,1,0.939197301864624
1,1,0.9945631623268127
0,0,0.00042743561789393425
1,1,0.9999098777770996
1,1,0.9986145496368408
1,1,0.9938495755195618
1,1,0.999457061290741
0,0,0.000274743972113356
1,1,0.988852858543396
1,1,0.8906051516532898
0,0,0.006953544914722443
0,0,0.0016558842035010457
1,1,0.9423742890357971
1,1,0.9919569492340088
1,1,0.9090232849121094
1,0,0.264652281999588
1,1,0.9999436140060425
1,1,0.9998340606689453
0,0,0.022424867376685143
1,1,0.9904577732086182
0,0,0.015669016167521477
1,1,0.99935382604599
0,0,0.005004228558391333
0,0,0.0003303721605334431
1,1,0.9994357228279114
1,1,0.9986333250999451
1,1,0.9983208775520325
0,0,2.56460698437877e-05
0,0,0.001637960085645318
1,1,0.9995469450950623
0,0,0.00025957959587685764
0,0,5.001778481528163e-05
0,0,8.613711543148383e-06
0,0,0.00251240492798388
1,1,0.9999438524246216
0,0,9.738703374750912e-05
0,0,0.002518153516575694
0,0,0.00046893805847503245
0,0,0.00021844691946171224
1,1,0.9622970223426819
0,1,0.804847002029419
0,0,0.0002999410207848996
0,0,0.003253463888540864
1,1,0.9986763596534729
0,0,0.012312401086091995
1,1,0.9098069071769714
1,1,0.9991249442100525
0,0,0.0066440170630812645
1,1,0.9998465776443481
0,0,0.004296950995922089
0,0,4.362660911283456e-05
0,0,0.016556430608034134
0,0,0.0012940136948600411
0,0,0.0029387078247964382
1,1,0.9999412298202515
1,1,0.9987668991088867
0,0,4.295149483368732e-05
1,1,0.9907469749450684
0,0,0.0006212457083165646
1,1,0.9989774227142334
0,0,5.2669398428406566e-05
0,0,0.0007303525926545262
0,0,0.001398561056703329
1,1,0.9996287822723389
1,1,0.9980413913726807
0,0,0.00021924692555330694
1,1,0.9994440674781799
1,1,0.9950374960899353
1,1,0.9996339082717896
0,0,0.4420185089111328
1,1,0.9995997548103333
0,0,0.18821918964385986
0,0,0.0005534774390980601
0,0,0.00015547304064966738
0,0,0.001723829540424049
1,1,0.9513798356056213
0,0,0.00036067841574549675
0,0,0.000597808975726366
0,0,6.913172546774149e-05
0,0,0.0019354120595380664
0,0,0.00021094598923809826
1,1,0.7332149147987366
1,1,0.9994024038314819
0,0,0.0010812068358063698
1,1,0.9969263672828674
1,1,0.9958036541938782
0,0,0.005663381889462471
1,1,0.9867353439331055
1,1,0.9995179176330566
1,1,0.9767169952392578
0,0,0.0016358864959329367
0,0,0.021979331970214844
0,0,5.2859901188639924e-05
1,1,0.9999681711196899
1,1,0.9998273849487305
0,0,0.009490454569458961
1,1,0.9953579306602478
1,1,0.9998753070831299
1,1,0.9996951818466187
1,1,0.9996113181114197
1,1,0.9999804496765137
0,0,0.4697457551956177
1,0,0.1240701898932457
0,0,0.0003635034372564405
0,0,0.00013608641165774316
0,0,0.00011182890011696145
1,1,0.9988669157028198
0,0,0.003869155189022422
1,1,0.9947577118873596
1,1,0.9523915648460388
1,1,0.9999134540557861
0,0,0.0042141033336520195
0,0,0.0009281990933232009
1,0,0.04211674630641937
1,1,0.9975088834762573
0,0,0.00012568567763082683
1,1,0.9951359629631042
0,0,0.10846327990293503
0,0,0.00045695732114836574
1,1,0.8402776122093201
1,1,0.9837042689323425
1,1,0.9999241828918457
0,0,0.009415267035365105
0,0,0.00020014603796880692
0,0,0.0010152265895158052
1,1,0.9997757077217102
0,0,0.23506195843219757
1,1,0.9987205266952515
1,1,0.9988303780555725
0,0,1.1123953299829736e-05
0,0,0.00011803361121565104
0,0,0.00023890382726676762
0,0,7.24929996067658e-05
0,0,0.009285499341785908
0,0,0.0014074783539399505
1,1,0.9986099004745483
0,0,4.996610732632689e-05
0,0,0.004492353647947311
0,0,0.00011774750601034611
0,0,0.0030007888562977314
1,1,0.99974125623703
1,1,0.9997518658638
1,1,0.9640276432037354
0,0,0.04996241629123688
1,1,0.9997363686561584
1,1,0.9999152421951294
1,1,0.968381404876709
1,1,0.9955024123191833
0,0,0.0014764202060177922
1,1,0.999784529209137
1,1,0.9993606209754944
1,1,0.9894260168075562
0,0,0.0004915695171803236
1,1,0.9967414736747742
1,1,0.9999430179595947
1,1,0.9995222091674805
1,1,0.8091408014297485
0,0,0.0001718916610116139
0,0,0.0005445637507364154
1,1,0.9979360103607178
1,1,0.9999895095825195
0,0,0.00014977554383222014
1,1,0.9642598032951355
1,1,0.9992407560348511
0,0,0.21468046307563782
0,0,0.05610600858926773
0,0,0.07847311347723007
1,1,0.9992071986198425
1,1,0.9981938004493713
0,0,0.002804866526275873
1,1,0.9675748944282532
1,1,0.997711181640625
1,1,0.613370954990387
1,1,0.9322972893714905
1,0,0.11177840828895569
1,1,0.9987339377403259
1,1,0.5063929557800293
1,1,0.9989035129547119
1,1,0.9953429698944092
1,1,0.999035120010376
0,0,0.017949601635336876
1,1,0.998791515827179
1,1,0.9999494552612305
0,0,0.08084442466497421
1,1,0.9987571239471436
0,0,0.0005005004350095987
0,0,0.00030476783285848796
1,1,0.9994367957115173
0,0,0.0014871809398755431
0,0,0.0015034181997179985
1,1,0.9882545471191406
1,1,0.999977707862854
1,1,0.9564071893692017
1,1,0.9990360736846924
0,0,0.00651241559535265
0,0,0.0004863541107624769
1,1,0.9996439218521118
1,1,0.999792754650116
0,0,5.965120635664789e-06
0,0,0.00012712858733721077
1,1,0.9999650716781616
0,0,0.00016989620053209364
1,1,0.9996740818023682
1,1,0.9868660569190979
0,0,0.0008602988091297448
0,1,0.5507929921150208
1,1,0.9967954754829407
0,0,7.446093604812631e-06
1,1,0.9066524505615234
0,0,0.0017537326784804463
0,0,0.49482616782188416
1,1,0.9999462366104126
0,0,0.014203785918653011
0,0,0.00011310757690807804
1,1,0.9986681938171387
1,1,0.8435369729995728
0,0,0.0009874127572402358
1,1,0.9956436157226562
1,1,0.9993249177932739
0,0,0.008067789487540722
1,1,0.997204601764679
1,1,0.9999136924743652
1,1,0.9995365142822266
0,0,0.0009171931887976825
0,0,0.002893607597798109
1,1,0.9931901097297668
0,0,0.00042511653737165034
1,1,0.9994418025016785
0,0,0.0007167287403717637
0,0,0.000310535921016708
1,1,0.9983658194541931
0,0,0.0012644407106563449
0,0,3.668051431304775e-05
0,0,0.018487712368369102
0,0,0.0008841411327011883
0,0,9.04165135580115e-05
1,1,0.9187763333320618
0,0,7.647386519238353e-05
1,1,0.9956347346305847
0,0,0.010541865602135658
0,0,0.00011438854562584311
1,1,0.9863072037696838
1,1,0.9999938011169434
1,1,0.9985527396202087
0,1,0.6185075044631958
1,1,0.963798463344574
0,0,5.6686818425077945e-05
0,0,0.0045165386982262135
0,0,0.00011356743925716728
1,1,0.9454153776168823
1,1,0.9999434947967529
0,0,0.0009871047222986817
0,1,0.9488909840583801
1,1,0.9997684359550476
1,1,0.9982486963272095
0,0,0.0005156805855222046
1,1,0.9998550415039062
1,1,0.5780295729637146
0,0,1.3492196558217984e-05
1,1,0.9998457431793213
0,0,0.02070854976773262
0,0,0.0008237564470618963
0,0,0.001941072172485292
1,1,0.9590080976486206
1,1,0.9946321249008179
0,0,0.004249364137649536
1,1,0.9994639754295349
0,0,0.00014426537381950766
0,0,0.0002799906360451132
0,0,0.0016869649989530444
1,1,0.9791398048400879
0,0,0.005619789008051157
1,1,0.9996479749679565
1,1,0.9997738003730774
1,1,0.8954033851623535
1,1,0.9938710927963257
0,0,0.0004064836248289794
1,1,0.9994335770606995
0,0,0.00032873559393920004
1,1,0.978196918964386
0,0,0.0017724758945405483
1,1,0.9915054440498352
0,0,0.007342440076172352
1,0,0.2899623215198517
1,1,0.9980534315109253
1,1,0.9811205267906189
1,1,0.9997743964195251
0,0,0.005663481540977955
1,1,0.9907355904579163
1,1,0.9907423853874207
0,0,0.0009659344214014709
0,0,6.3782754295971245e-06
0,0,0.003152955789119005
0,0,0.0006584981456398964
1,1,0.9948157668113708
0,0,2.9042477763141505e-05
0,0,2.850472810678184e-05
0,0,2.2835554318589857e-06
1,1,0.9973011612892151
0,0,0.002424919977784157
1,1,0.9974924325942993
0,0,0.0007989685982465744
1,1,0.9980549812316895
1,1,0.9995890259742737
1,1,0.9944550395011902
1,1,0.9490176439285278
0,0,0.007753063924610615
1,1,0.9888450503349304
1,1,0.9974238872528076
1,1,0.9988641738891602
0,0,0.0003214377793483436
0,1,0.7945766448974609
0,0,0.0013639902463182807
0,0,0.29849934577941895
0,0,0.0002517194952815771
0,0,0.0008945341687649488
1,1,0.8776566386222839
1,1,0.7159255743026733
0,0,3.90121313103009e-05
0,0,0.007002823520451784
1,0,0.2935476005077362
1,0,0.04379855468869209
0,0,0.004495113622397184
1,1,0.8681424856185913
0,0,5.0576807552715763e-05
1,1,0.9809883832931519
0,0,7.958962669363245e-05
1,1,0.999630331993103
1,1,0.9534581899642944
0,0,0.0012456730473786592
0,0,0.014745286665856838
1,1,0.9994638562202454
1,1,0.9998624324798584
1,1,0.99830162525177
1,1,0.9926626682281494
1,1,0.9505501389503479
0,0,0.00015338591765612364
0,0,0.00385280791670084
0,0,0.00010573795589152724
1,1,0.9763857126235962
1,1,0.9997830986976624
1,1,0.9995505213737488
0,0,0.00047920792712830007
0,0,0.0014666140777990222
0,0,0.0006113105919212103
1,1,0.9990900754928589
0,0,2.501821109035518e-05
1,1,0.9991222023963928
1,1,0.9914976954460144
1,1,0.9971588850021362
1,1,0.9996041655540466
0,0,2.2488562535727397e-05
0,0,0.002733149565756321
0,0,0.0004340630548540503
1,1,0.6695969104766846
1,1,0.9025787115097046
1,1,0.9997981190681458
0,0,0.00040893274126574397
1,1,0.9995290040969849
1,1,0.8472192883491516
1,1,0.9998539686203003
1,1,0.999097466468811
1,1,0.9998586177825928
0,0,0.00016590046288911253
0,0,0.0001536135096102953
1,1,0.9736322164535522
0,0,0.0013179064262658358
0,0,0.0016065234085544944
0,0,0.266310453414917
0,0,6.571451376657933e-05
1,1,0.9944939017295837
0,0,0.2889677584171295
1,1,0.9985339641571045
1,1,0.9912712574005127
0,1,0.7984970211982727
1,1,0.9912688732147217
1,1,0.9998425245285034
0,0,0.0015085951890796423
0,1,0.5791406631469727
1,1,0.9999938011169434
1,1,0.9997946619987488
1,1,0.9996716976165771
1,1,0.9983851909637451
1,1,0.9999032020568848
0,0,0.08296840637922287
0,0,0.00015168536629062146
1,1,0.9997653365135193
0,0,0.050481993705034256
0,0,0.0009586255764588714
0,0,0.0011199472937732935
1,1,0.9999394416809082
1,1,0.9957861304283142
1,1,0.996531069278717
1,1,0.949177622795105
1,1,0.9941521286964417
0,0,1.1223339242860675e-05
1,1,0.9971243739128113
0,0,4.045383320772089e-05
1,1,0.9989080429077148
1,1,0.9526329040527344
0,0,0.00010339965956518427
1,1,0.9912125468254089
1,1,0.9998119473457336
0,0,0.17227299511432648
1,1,0.9999688863754272
1,1,0.9949016571044922
1,1,0.7848106622695923
1,1,0.9997299313545227
1,1,0.9998482465744019
0,0,0.006229227874428034
0,0,2.7084923203801736e-05
0,0,0.009457654319703579
0,0,0.0001522819948149845
1,1,0.9912069439888
0,0,0.04251324012875557
0,0,0.006983919069170952
1,1,0.9842109680175781
1,1,0.9999508857727051
1,1,0.9984602928161621
0,0,3.983868009527214e-05
1,1,0.9997736811637878
1,1,0.9991820454597473
1,1,0.999839186668396
1,0,0.0033562625758349895
1,1,0.8049781322479248
0,0,0.15939469635486603
0,0,0.0009812971111387014
0,0,0.0007033910369500518
0,0,0.11421965807676315
1,1,0.9965547323226929
1,1,0.9986095428466797
0,0,0.00013966389815323055
0,0,0.0003037502465303987
0,0,0.0007825848297215998
1,1,0.9994459748268127
1,1,0.9997789263725281
1,1,0.9920728802680969
1,1,0.9992818236351013
1,1,0.9742968082427979
0,0,7.1708914219925646e-06
1,1,0.9997574687004089
1,1,0.9995788931846619
0,1,0.8563542366027832
1,1,0.9758871793746948
1,1,0.9998069405555725
1,1,0.9999555349349976
1,1,0.9982725381851196
0,0,1.1903674021596089e-05
0,0,0.4972316324710846
0,0,0.00031241681426763535
0,0,0.00040266368887387216
1,1,0.7366580367088318
0,0,0.18416637182235718
0,0,0.000654342642519623
1,1,0.9999692440032959
1,1,0.9995255470275879
1,1,0.9994909763336182
1,1,0.9997676014900208
0,0,0.003280322067439556
1,1,0.9390063881874084
0,0,0.0001654543448239565
0,0,0.012998704798519611
0,0,0.0009872763184830546
0,0,0.01578601263463497
1,1,0.9995365142822266
1,1,0.9953891038894653
1,1,0.9991230368614197
1,1,0.9920237064361572
0,0,3.210606155334972e-05
0,1,0.9278326034545898
1,1,0.9997830986976624
1,1,0.9809892773628235
1,1,0.9220853447914124
0,0,0.000252894387813285
1,1,0.9963614344596863
1,1,0.9984837174415588
0,0,0.00023331862757913768
1,1,0.9990525841712952
1,1,0.9993448853492737
0,0,0.00412397226318717
0,0,7.723958697170019e-05
0,0,4.168564919382334e-05
0,0,0.001272320281714201
1,1,0.9999604225158691
0,0,0.0391341894865036
1,1,0.9991757273674011
1,1,0.9996592998504639
1,1,0.9999755620956421
0,0,0.0015543210320174694
1,1,0.99980229139328
0,1,0.5303763151168823
0,0,1.2395043086144142e-05
1,1,0.9998446702957153
1,1,0.9998539686203003
0,0,0.002830459037795663
0,0,0.47304990887641907
0,0,0.000338865676894784
1,1,0.9987812638282776
1,1,0.8169008493423462
1,0,0.08195969462394714
1,1,0.9654845595359802
1,1,0.990356981754303
1,1,0.9996353387832642
1,1,0.6766601800918579
1,1,0.9978296160697937
1,1,0.9992384910583496
1,1,0.9996496438980103
1,1,0.9999001026153564
1,1,0.9984267950057983
1,1,0.9998145699501038
1,1,0.9999842643737793
0,0,0.001497636898420751
0,0,0.00030638763564638793
1,1,0.999958872795105
0,0,0.013333863578736782
1,1,0.999884843826294
1,1,0.9999345541000366
1,1,0.999940037727356
0,0,0.009026462212204933
1,1,0.9998621940612793
0,0,0.00031404788023792207
1,1,0.9997323155403137
0,0,3.7281390632415423e-06
0,0,0.000575813464820385
1,0,0.03586293384432793
1,1,0.7675852179527283
0,0,0.0040416959673166275
0,1,0.906718909740448
0,0,1.7120319171226583e-05
0,0,0.003671390702947974
0,0,0.0002480160037521273
0,0,0.020067110657691956
0,0,0.0010601424146443605
1,1,0.9892202019691467
1,1,0.7682530879974365
1,0,0.18538953363895416
0,0,0.0007866480154916644
0,0,0.0024014839436858892
0,0,8.827342753647827e-06
0,0,5.169212454347871e-05
1,1,0.9959895014762878
1,1,0.9942124485969543
0,0,0.008286063559353352
0,0,0.00015826377784833312
0,0,2.4629433028167114e-05
0,0,2.236078398709651e-05
0,0,0.00017149253108073026
1,1,0.9137921333312988
1,1,0.9355684518814087
1,1,0.9997441172599792
1,1,0.9711163640022278
1,1,0.9224926233291626
0,0,0.0001092938837246038
1,1,0.9998397827148438
0,0,1.4916352029104019e-06
1,1,0.988731324672699
1,1,0.9999576807022095
0,0,0.007142755202949047
0,0,4.6062254114076495e-05
0,0,0.0005309160333126783
1,1,0.9998968839645386
1,1,0.9999295473098755
1,1,0.996690034866333
0,0,0.0004065872635692358
0,0,2.5805931727518328e-05
0,0,6.951461546123028e-05
0,0,0.11133552342653275
0,0,2.8902119083795696e-05
1,1,0.7180655002593994
1,1,0.9984229803085327
1,1,0.9787719249725342
0,0,0.0004773200780618936
0,0,0.0104916300624609
0,0,0.00011274845019215718
0,0,0.0001635852240724489
1,1,0.9992026686668396
1,1,0.9996522665023804
1,1,0.9988375306129456
1,1,0.9998455047607422
1,1,0.9986417889595032
0,0,9.076198693946935e-06
0,0,0.00023773864086251706
1,1,0.9995729327201843
1,1,0.9999456405639648
1,1,0.9999444484710693
1,0,0.00032718980219215155
0,0,9.208385017700493e-05
0,0,0.0006839813431724906
0,1,0.5322108864784241
1,1,0.9959601759910583
1,1,0.9999533891677856
1,1,0.9965381622314453
0,0,0.0043732295744121075
0,0,1.4484293387795333e-05
0,0,0.061943624168634415
1,1,0.8654686808586121
1,1,0.9999574422836304
1,1,0.9994342923164368
0,0,0.0019792458042502403
1,1,0.999529242515564
1,1,0.9923995137214661
1,1,0.9993900060653687
1,1,0.999885082244873
1,1,0.8527270555496216
1,1,0.9984608888626099
0,0,6.309138825599803e-06
0,0,0.0002820735680870712
0,0,0.0004371829272713512
0,0,0.01862092688679695
0,0,0.00019391746900510043
0,0,1.4429641851165798e-05
0,0,0.0007696746615692973
0,0,0.0005971358623355627
1,1,0.9996535778045654
0,0,0.0002003690751735121
1,1,0.9994805455207825
0,0,0.05040689930319786
0,0,0.00553323607891798
0,0,0.07680001854896545
0,0,5.0228816689923406e-05
0,0,3.426345301704714e-06
0,0,0.00023561048146802932
0,0,8.572381921112537e-05
0,0,0.0004078875936102122
0,0,0.0008433370385318995
1,1,0.9976453185081482
1,1,0.9516695141792297
1,1,0.9998904466629028
0,0,6.068166112527251e-05
1,1,0.9986178874969482
1,1,0.650521457195282
1,1,0.9997366070747375
1,1,0.994741678237915
1,1,0.9989240765571594
1,1,0.9999929666519165
0,0,0.00018676598847378045
1,1,0.999771773815155
1,1,0.9902209043502808
1,1,0.9999961853027344
1,1,0.9996564388275146
1,1,0.9997735619544983
1,1,0.9999052286148071
1,1,0.9996403455734253
0,0,0.010561106726527214
0,0,4.124247425352223e-05
0,0,0.0004107976274099201
0,0,0.0005213069962337613
1,1,0.9983466863632202
0,0,0.0008772583678364754
0,0,1.19999167509377e-05
0,0,0.08820227533578873
0,0,0.010392438620328903
0,0,2.14727406273596e-05
1,1,0.9999529123306274
0,0,0.0021935896947979927
0,0,1.5289115253835917e-05
0,0,0.001593755092471838
0,0,0.023350410163402557
0,0,1.530571717012208e-05
1,1,0.9999464750289917
0,0,4.625897781806998e-05
1,1,0.9993634819984436
1,1,0.9707623720169067
0,0,3.677024142234586e-05
1,1,0.9964021444320679
0,0,0.0010789663065224886
1,1,0.5775672197341919
0,0,0.015439216047525406
1,1,0.9960727691650391
0,0,0.11155741661787033
0,0,1.7939104509423487e-05
1,1,0.8771565556526184
1,1,0.9946680068969727
1,1,0.9983795881271362
0,0,0.0011204060865566134
1,1,0.9998944997787476
0,0,1.379016975988634e-05
0,0,3.1242554541677237e-05
0,0,0.0003426003095228225
0,0,4.408325185067952e-05
0,0,0.017142467200756073
1,1,0.988346517086029
0,0,0.000687783642206341
0,0,1.8056900444207713e-05
0,0,6.947365909582004e-05
0,0,0.00032292408286593854
1,1,0.9985033273696899
0,0,1.8311206076759845e-05
1,1,0.9921711683273315
0,0,0.0005174828111194074
1,1,0.6580482125282288
1,1,0.9999682903289795
1,1,0.9994202852249146
0,0,5.820941169076832e-06
0,0,0.07107529044151306
0,0,0.0035048886202275753
1,1,0.9548264741897583
1,1,0.9670301079750061
1,1,0.999832272529602
1,0,0.2406892627477646
0,0,0.000901996623724699
1,0,0.3492452800273895
1,1,0.9895802140235901
1,1,0.9968892931938171
0,0,0.002780541544780135
0,0,7.866500527597964e-05
1,1,0.9669711589813232
0,0,0.008728538639843464
0,0,0.00011000341328326613
1,1,0.9998663663864136
1,1,0.9822441935539246
0,0,0.0013075903989374638
0,0,0.0039596762508153915
0,0,2.57627743849298e-06
0,0,0.000155668705701828
1,1,0.9999473094940186
0,0,0.001589051797054708
1,1,0.9997538924217224
0,0,0.0036174377892166376
1,0,0.10893738269805908
1,1,0.8762578368186951
1,1,0.9998670816421509
1,1,0.9966890215873718
1,1,0.9985141158103943
1,1,0.9994113445281982
0,1,0.8234450221061707
1,1,0.9989492297172546
0,0,0.000330061448039487
0,0,0.00045285449596121907
0,0,0.0019437439041212201
0,0,0.004222868476063013
1,1,0.9999856948852539
1,1,0.9644612073898315
0,0,4.452915163710713e-06
0,0,0.0024893449153751135
1,1,0.9998571872711182
1,1,0.9168446660041809
0,0,7.219322469609324e-06
0,0,6.629749259445816e-05
1,1,0.9911624193191528
1,1,0.9996254444122314
0,0,2.0201077859383076e-05
1,1,0.9982207417488098
0,0,0.003580353455618024
1,1,0.9997664093971252
0,0,2.6282692488166504e-05
0,0,1.6951715224422514e-05
1,1,0.999731719493866
0,0,0.00037603770033456385
1,1,0.9999364614486694
1,1,0.9989917874336243
1,0,0.15978467464447021
1,0,0.06426199525594711
1,1,0.9999496936798096
1,1,0.9999872446060181
1,1,0.9999645948410034
1,1,0.999152421951294
1,1,0.9993703961372375
1,1,0.9939999580383301
1,1,0.9999475479125977
1,1,0.9945801496505737
0,0,0.03437886759638786
0,0,0.000820702058263123
0,0,7.400182221317664e-05
1,1,0.9997157454490662
1,0,0.18731574714183807
0,0,0.0394100695848465
0,0,0.00012063284520991147
1,1,0.9978805780410767
1,1,0.9996753931045532
1,1,0.9999569654464722
1,1,0.9999099969863892
0,0,0.0010386339854449034
1,1,0.9998375177383423
1,1,0.9686422944068909
1,1,0.9998751878738403
0,0,0.006266952492296696
1,0,0.13680920004844666
0,0,1.6294046872644685e-05
0,0,0.045676540583372116
0,0,0.0003850979555863887
0,0,0.0001491146394982934
1,1,0.9970362186431885
1,1,0.9905927777290344
1,1,0.9999669790267944
0,0,0.0009359335526823997
1,1,0.9971259236335754
1,1,0.6408144235610962
1,1,0.9990997314453125
0,0,0.01696859858930111
1,1,0.9987280964851379
1,1,0.966940701007843
1,1,0.765211284160614
1,1,0.9994383454322815
1,1,0.9995291233062744
0,0,0.00040898361476138234
0,0,1.6383733964175917e-05
0,0,0.0037266709841787815
1,1,0.9974499344825745
1,1,0.9880086183547974
1,1,0.9991735816001892
1,1,0.9992557168006897
1,1,0.9781973958015442
1,1,0.9990018010139465
0,0,0.005956450942903757
1,1,0.9098100662231445
1,1,0.9991962313652039
0,0,0.0002980204008053988
1,1,0.9995817542076111
0,0,0.00032981985714286566
0,0,0.01701161079108715
1,1,0.9997987151145935
0,0,0.0001406453811796382
1,1,0.9984283447265625
1,1,0.9993094205856323
0,0,3.5936787753598765e-05
1,1,0.9338947534561157
0,0,0.0016226749867200851
1,1,0.9998089671134949
1,1,0.9995400905609131
1,1,0.9992457628250122
1,1,0.9998520612716675
0,0,0.051392026245594025
0,0,0.001727964379824698
0,0,0.0017258478328585625
1,1,0.9991530179977417
0,0,0.14944355189800262
0,0,6.685803964501247e-05
1,1,0.9995763897895813
1,1,0.995908260345459
0,0,1.0695213859435171e-05
0,0,8.66220761963632e-06
1,1,0.949445366859436
1,1,0.9990233182907104
1,1,0.9335137009620667
1,1,0.9999788999557495
0,0,0.002880029147490859
0,0,0.03124004229903221
0,0,0.0004543796239886433
0,0,0.0004270865465514362
0,0,2.7584155759541318e-05
0,0,0.000735501991584897
1,1,0.999763548374176
1,1,0.9990591406822205
1,1,0.9999104738235474
0,0,9.664922254160047e-05
0,1,0.7044235467910767
1,1,0.9975903034210205
1,0,0.22839026153087616
1,1,0.7053333520889282
0,0,0.08321964740753174
1,1,0.9994194507598877
0,0,2.071861490549054e-05
1,1,0.9827197790145874
1,1,0.9953650236129761
1,1,0.9852762818336487
1,1,0.99992835521698
1,1,0.9998266100883484
1,1,0.9952279329299927
0,0,0.00044322077883407474
1,1,0.9994829893112183
0,0,0.001001644995994866
1,0,0.28163811564445496
0,0,0.0001566683204146102
0,0,0.00018147345690522343
1,1,0.9998960494995117
1,1,0.9999812841415405
1,1,0.9963188171386719
0,0,0.38732972741127014
1,1,0.9979312419891357
1,1,0.9963884353637695
1,1,0.9994685053825378
1,1,0.9999333620071411
1,1,0.9936347007751465
1,1,0.9993682503700256
1,1,0.990447998046875
1,1,0.9975996613502502
1,1,0.9998061060905457
1,1,0.9807687401771545
1,1,0.9999245405197144
0,0,0.0001481150247855112
0,1,0.6487003564834595
1,1,0.9993775486946106
1,1,0.9374010562896729
1,1,0.9988101720809937
1,1,0.9936574101448059
0,0,5.636156856780872e-05
1,1,0.9985502362251282
0,0,0.0011035532224923372
1,1,0.9993218183517456
1,1,0.9985766410827637
1,1,0.939432680606842
0,0,0.00037601563963107765
1,1,0.9995825886726379
0,0,0.0008069390314631164
0,0,0.0006681245868094265
1,1,0.9995319843292236
0,0,0.009546766988933086
1,1,0.9757315516471863
0,0,0.00014642401947639883
0,0,0.0008069120813161135
1,1,0.9979356527328491
1,1,0.9248655438423157
1,1,0.9998099207878113
0,0,0.00024131493410095572
1,1,0.9996157884597778
1,1,0.9940285682678223
1,1,0.9998281002044678
0,0,0.00011095344234490767
1,1,0.9962886571884155
1,1,0.9987531900405884
0,0,0.00024338548246305436
0,0,0.005990847013890743
0,0,1.2087759387213737e-05
1,1,0.9994866847991943
1,1,0.9999887943267822
1,1,0.9997671246528625
0,0,1.897435686259996e-05
1,1,0.999479353427887
0,0,4.75250499221147e-06
1,1,0.95855313539505
1,1,0.996068000793457
1,1,0.9954941272735596
0,0,0.025567132979631424
1,1,0.996087908744812
1,1,0.9986684322357178
0,0,0.005555807612836361
1,1,0.5552082657814026
1,1,0.9977284073829651
1,0,0.07176434248685837
0,0,0.00561779597774148
0,0,0.0011072150664404035
0,0,0.07024303823709488
0,1,0.6686378121376038
1,1,0.9992604851722717
0,0,0.00044840495684184134
1,1,0.9864641427993774
0,0,1.831524059525691e-05
0,0,0.0008242495823651552
0,0,0.057627446949481964
1,1,0.9975979924201965
0,0,0.016523102298378944
1,1,0.99997878074646
0,0,0.001900820410810411
0,0,0.0002275665319757536
1,1,0.9991430044174194
1,1,0.9950196743011475
1,1,0.9670252203941345
1,1,0.995290994644165
1,1,0.9996858835220337
1,1,0.9976824522018433
1,1,0.9960810542106628
1,1,0.999803364276886
0,0,0.0009759370586834848
0,0,0.0008846590062603354
0,0,0.0002658128214534372
1,1,0.6571459174156189
0,0,8.68277347763069e-05
0,0,0.00015440283459611237
1,1,0.9707202315330505
1,1,0.9997674822807312
1,1,0.9992985725402832
1,1,0.8058587312698364
1,1,0.99932861328125
1,1,0.9954776167869568
0,0,0.10673750191926956
1,1,0.9999474287033081
1,1,0.9997377991676331
0,0,6.839142588432878e-05
1,1,0.999983549118042
1,1,0.9970108270645142
0,0,0.2985115647315979
0,0,0.015179922804236412
1,1,0.7605800628662109
1,1,0.9738332033157349
1,1,0.9965947270393372
0,0,0.0014480476966127753
1,1,0.9958833456039429
1,1,0.9996438026428223
0,0,0.0070875841192901134
1,1,0.9970678687095642
0,0,0.003822406055405736
1,1,0.5897282958030701
1,1,0.9692045450210571
1,1,0.9954478144645691
0,0,2.9979848477523774e-05
1,1,0.9999597072601318
0,1,0.9776102900505066
1,1,0.997190535068512
1,1,0.9976603984832764
1,0,0.007498817518353462
1,1,0.9154469966888428
1,1,0.9978249073028564
1,1,0.9993534684181213
1,1,0.9963082075119019
1,1,0.9793765544891357
1,1,0.999517560005188
0,0,6.745978316757828e-05
1,1,0.9994063377380371
1,1,0.9998583793640137
1,1,0.9687050580978394
1,1,0.998788058757782
0,0,0.0011752487625926733
1,1,0.9994675517082214
1,1,0.9998944997787476
1,1,0.8773118853569031
0,0,6.909547664690763e-05
0,0,0.00019939709454774857
0,0,0.0007056415197439492
0,0,0.0013739301357418299
0,0,0.003250301582738757
1,1,0.9970675110816956
0,0,0.0011253468692302704
1,1,0.9970574378967285
0,0,0.00038183515425771475
1,1,0.9093503952026367
1,1,0.999671459197998
1,1,0.8997926115989685
0,0,9.757812222233042e-06
0,0,0.00012751527538057417
1,1,0.9935193657875061
1,1,0.9995827078819275
1,1,0.9999680519104004
1,1,0.9755556583404541
0,0,0.00012539824820123613
0,0,0.0074774776585400105
0,0,0.021324418485164642
0,0,0.0008319577318616211
1,1,0.996367335319519
0,0,3.137063322355971e-05
1,1,0.5154443383216858
1,1,0.9991538524627686
0,0,0.002241935580968857
0,0,0.10743448138237
0,0,3.417926200199872e-05
1,1,0.999887228012085
1,1,0.9998756647109985
1,1,0.9970899820327759
1,1,0.9999674558639526
1,1,0.9997339844703674
0,0,0.007939128205180168
1,1,0.9906150102615356
0,0,0.0005418099462985992
1,1,0.9942651391029358
1,1,0.9974484443664551
0,0,0.0001770656235748902
1,1,0.9990159273147583
1,1,0.9998620748519897
1,1,0.9997451901435852
1,1,0.9999759197235107
1,1,0.5923749208450317
1,1,0.9980646967887878
0,0,0.03925205022096634
1,1,0.9955348968505859
0,0,0.22207561135292053
1,1,0.9799756407737732
0,0,0.006650953553617001
0,0,3.939901580451988e-05
1,1,0.9990897178649902
1,1,0.9998112320899963
0,0,0.05811263248324394
1,1,0.9973004460334778
0,0,0.00042338878847658634
1,1,0.9947670698165894
1,1,0.9962922930717468
0,0,2.5668850867077708e-05
1,1,0.9999270439147949
0,0,0.00029607166652567685
1,1,0.9999934434890747
1,1,0.9999977350234985
1,1,0.998060405254364
1,1,0.9974381923675537
1,1,0.9999456405639648
0,0,5.647902798955329e-05
0,0,0.0008885487332008779
0,0,8.753955626161769e-05
1,1,0.9997718930244446
0,0,0.16053056716918945
1,1,0.9758074879646301
1,1,0.999991774559021
1,0,0.11617616564035416
0,0,0.001808233093470335
0,0,0.0002809616271406412
0,0,1.4316735359898303e-05
0,0,0.0005471926415339112
0,0,1.7681008102954365e-05
0,1,0.9278965592384338
0,0,0.001360504887998104
0,0,0.00012305112613830715
0,0,2.273540076203062e-06
0,0,8.482186967739835e-05
1,1,0.9976703524589539
1,1,0.9994762539863586
1,1,0.9811760783195496
0,0,0.0009634051821194589
1,1,0.9362675547599792
1,1,0.9992044568061829
1,1,0.9990414977073669
0,0,0.00012579106260091066
0,0,0.003643403761088848
1,1,0.9801076650619507
1,0,0.023571226745843887
1,1,0.9965575933456421
1,1,0.9994972944259644
1,1,0.9996421337127686
0,0,0.03335466980934143
0,0,3.4742854040814564e-05
0,0,0.0020445892587304115
1,1,0.9783424139022827
1,0,0.1742577701807022
1,1,0.9686305522918701
1,1,0.9996778964996338
1,0,0.0008291623671539128
1,0,0.005973930470645428
1,1,0.9947547912597656
0,0,0.00014415632176678628
1,1,0.9997276663780212
0,0,0.000993642141111195
1,1,0.94597327709198
1,1,0.9902344942092896
0,0,0.0007673951331526041
0,1,0.96599280834198
1,1,0.9956786036491394
1,0,0.2398141324520111
1,0,0.43076232075691223
1,1,0.9864736795425415
0,0,4.178168182988884e-06
1,1,0.865308403968811
0,0,0.026495104655623436
1,1,0.9983362555503845
1,1,0.9991080164909363
0,0,0.00036318489583209157
0,0,0.001849454827606678
1,0,0.2478664219379425
1,1,0.9903719425201416
1,1,0.896958589553833
1,1,0.9952462315559387
1,1,0.9954779744148254
1,1,0.9999426603317261
0,0,0.0016764809843152761
0,0,0.28220897912979126
1,1,0.9923386573791504
0,0,0.0010445481166243553
1,1,0.9785651564598083
0,0,1.005305784929078e-05
0,0,0.117915078997612
1,1,0.8483282327651978
0,0,0.005183342844247818
0,0,0.009394023567438126
1,1,0.9998459815979004
0,0,3.632309380918741e-05
1,1,0.9990135431289673
0,0,7.79398251324892e-05
1,0,0.3143368065357208
1,1,0.9957717061042786
1,1,0.9939281940460205
1,1,0.9975461363792419
1,1,0.9992973804473877
1,1,0.9994878768920898
1,1,0.950163722038269
0,0,0.000280825566733256
0,0,7.143263792386279e-05
0,0,0.002198376227170229
1,1,0.9952978491783142
1,1,0.9996117949485779
1,1,0.9995054006576538
1,1,0.9843705296516418
1,1,0.999990701675415
0,0,0.02325952798128128
0,0,0.008945298381149769
1,1,0.9671412706375122
1,1,0.9878876209259033
1,1,0.9969748258590698
1,1,0.7742282748222351
1,1,0.9995591044425964
1,1,0.9848740100860596
1,1,0.9998549222946167
1,1,0.8532578349113464
0,0,0.0018238567281514406
1,1,0.9997490048408508
1,0,0.02512858621776104
0,0,0.3380611836910248
0,0,0.03781288117170334
1,1,0.9599300622940063
1,1,0.9997071623802185
1,1,0.9954908490180969
1,1,0.9962245225906372
1,1,0.9998118281364441
1,1,0.8113328218460083
1,1,0.9984021782875061
0,0,0.003770015202462673
1,1,0.99916672706604
1,1,0.9987460374832153
0,0,0.009083805605769157
1,0,0.021501673385500908
1,1,0.9998133778572083
1,1,0.9972270131111145
1,0,0.0346977673470974
0,0,0.0018438014667481184
1,1,0.9997738003730774
1,1,0.9986203908920288
1,1,0.9984368681907654
1,1,0.7779774069786072
0,0,0.000542280322406441
0,0,0.000376652431441471
0,0,0.003202110528945923
1,1,0.6790204048156738
1,1,0.6478331685066223
1,1,0.982660710811615
0,0,0.1948544979095459
1,1,0.9980533123016357
0,0,0.0021760384552180767
0,0,0.004251739475876093
0,0,0.0034867378417402506
1,1,0.9998428821563721
1,1,0.9955505132675171
1,1,0.9999003410339355
1,1,0.9997878670692444
1,1,0.9998292922973633
0,0,3.6960260331397876e-05
1,1,0.9993501305580139
0,0,8.30601347843185e-05
1,1,0.9994472861289978
0,0,0.0028223188128322363
0,0,3.802473293035291e-05
1,1,0.9996334314346313
0,0,0.0013083202065899968
1,1,0.9979248046875
1,1,0.9993007183074951
0,0,0.0004662285791710019
0,1,0.5585536360740662
1,1,0.9999905824661255
0,0,0.056763049215078354
0,1,0.6584990620613098
1,1,0.9813770651817322
0,0,0.00023361069906968623
0,0,0.010509699583053589
1,1,0.9944208264350891
0,0,0.004832454025745392
1,1,0.999518871307373
0,0,0.006197247188538313
0,0,0.005928848870098591
0,0,0.0013200376415625215
0,0,0.007493234239518642
0,0,0.0002389981527812779
0,0,4.289512799005024e-05
1,1,0.9970254302024841
1,1,0.9955951571464539
0,0,0.014373132027685642
1,1,0.9999589920043945
1,1,0.9984903335571289
1,1,0.9990748167037964
0,0,0.012571831233799458
0,0,0.030234266072511673
1,1,0.9781447052955627
0,1,0.7115194797515869
1,1,0.981448233127594
0,0,9.125682117883116e-05
0,0,0.14800897240638733
1,1,0.9968762397766113
0,0,0.0012076464481651783
0,0,0.05199005454778671
0,0,0.0010399810271337628
0,0,0.0003077489382121712
0,0,0.2615298330783844
1,1,0.9970779418945312
1,1,0.9998821020126343
1,1,0.9992709755897522
1,1,0.9998000264167786
1,1,0.9986031651496887
1,1,0.9980161190032959
1,1,0.9517533183097839
1,1,0.9997168183326721
1,1,0.9998903274536133
1,1,0.9284119606018066
0,0,0.002724150661379099
0,0,0.0002700836048461497
1,1,0.9999768733978271
1,1,0.9974405765533447
1,1,0.999822199344635
1,1,0.9927477240562439
0,0,0.017848538234829903
1,1,0.9886387586593628
1,1,0.9998952150344849
0,0,0.015340588986873627
1,1,0.9783384203910828
1,1,0.9994240999221802
0,0,0.000903547101188451
0,0,0.005253625568002462
1,1,0.9973019361495972
0,0,0.00019040842016693205
1,1,0.9975940585136414
1,1,0.9974898099899292
1,1,0.9955683350563049
1,1,0.9998637437820435
0,0,0.0003845649480354041
1,1,0.9997310042381287
1,1,0.9994745850563049
1,1,0.9319323301315308
0,0,0.00016899160982575268
1,1,0.891319215297699
1,1,0.9787620306015015
1,1,0.9937113523483276
1,1,0.9998352527618408
0,0,0.10430619865655899
1,1,0.9694297909736633
0,1,0.9747486710548401
1,1,0.9996500015258789
1,1,0.999853253364563
0,0,0.000481258932268247
0,0,2.8184414986753836e-05
1,1,0.636075496673584
1,1,0.9896255135536194
1,1,0.9998553991317749
0,0,0.0010646538576111197
0,0,7.856919546611607e-05
1,1,0.9979238510131836
1,1,0.9785013794898987
1,1,0.9913973808288574
1,1,0.9995220899581909
1,1,0.9977923631668091
1,1,0.958973228931427
0,0,8.774155139690265e-05
1,1,0.6213551759719849
1,1,0.9991722106933594
0,0,0.00961094070225954
1,1,0.9999886751174927
0,0,0.01065701525658369
0,0,0.000753343862015754
0,0,0.0024955167900770903
0,0,0.0043023754842579365
1,1,0.9142596125602722
1,1,0.9970554113388062
1,1,0.9997953772544861
0,0,0.0010574401821941137
1,1,0.9999852180480957
1,0,0.05208085477352142
0,0,0.010469318367540836
0,0,0.0004725493781734258
1,1,0.9892032742500305
0,0,7.133161852834746e-05
0,0,0.2748725712299347
1,1,0.9997449517250061
1,1,0.9794848561286926
1,1,0.9634180068969727
0,0,0.004043329507112503
1,1,0.9686144590377808
1,1,0.8645331263542175
0,0,0.0018418481340631843
0,0,0.00035362885682843626
0,0,2.6329154934501275e-05
0,0,0.004861471243202686
0,0,0.2717594802379608
0,0,7.938800263218582e-05
0,0,3.754843783099204e-05
0,0,0.00031947300885804
1,1,0.9955564141273499
0,0,1.223113122250652e-05
1,1,0.9999878406524658
1,1,0.9987356066703796
1,1,0.9997467398643494
0,0,0.0005151164368726313
0,0,0.000499522197060287
1,1,0.9984415173530579
1,1,0.9999362230300903
1,1,0.9989975094795227
1,1,0.9999548196792603
1,1,0.9998201727867126
1,1,0.9972008466720581
1,1,0.9969655871391296
0,0,8.154420356731862e-05
0,0,4.721919685835019e-05
1,1,0.9999246597290039
1,1,0.5932092070579529
1,1,0.9998194575309753
1,1,0.9999483823776245
0,0,0.0001283387973671779
1,1,0.9715744853019714
0,0,4.667337270802818e-05
0,0,0.1402081400156021
1,1,0.9973995685577393
1,1,0.9973688125610352
1,1,0.5179282426834106
1,1,0.999956488609314
1,1,0.9998942613601685
0,0,0.04648353159427643
0,0,0.00011099821131210774
1,0,0.008532164618372917
1,1,0.9301526546478271
0,0,0.0010141819948330522
1,1,0.9991949200630188
1,1,0.9934472441673279
1,1,0.9997344613075256
0,0,0.004515732638537884
0,0,0.000502623850479722
1,1,0.9932222366333008
0,0,0.005834484472870827
1,1,0.9992408752441406
1,1,0.9998440742492676
1,1,0.9996981620788574
1,1,0.9970749616622925
1,1,0.9999725818634033
1,1,0.9998970031738281
1,1,0.9984785914421082
1,1,0.6551726460456848
0,0,0.001834204071201384
1,1,0.974428117275238
0,0,0.0006145609659142792
0,0,1.5988864106475376e-05
1,1,0.9926391839981079
1,1,0.9814382791519165
1,1,0.9995304346084595
1,1,0.9969808459281921
1,1,0.7328641414642334
0,0,0.002381574362516403
1,1,0.9994839429855347
1,1,0.9995498061180115
0,0,0.021229535341262817
0,0,7.090666622389108e-05
0,0,0.0007343551842495799
0,0,0.09867192804813385
0,0,0.12845101952552795
0,0,4.1565454012015834e-05
0,0,4.407333108247258e-05
0,1,0.9902762174606323
1,1,0.9998996257781982
0,0,0.0002438109804643318
0,0,0.0014582755975425243
0,0,0.009623757563531399
1,1,0.9996999502182007
0,0,0.0002005722635658458
1,0,0.079583078622818
1,1,0.9946231842041016
1,1,0.99861741065979
1,1,0.9998233914375305
1,0,0.006440308410674334
1,1,0.9982377290725708
0,0,6.361269333865494e-05
1,1,0.9981426000595093
1,1,0.9987384676933289
1,1,0.9957183003425598
0,0,0.0012969211675226688
1,1,0.9995881915092468
0,0,3.1799440876056906e-06
1,1,0.9985617995262146
1,1,0.9981459379196167
1,0,0.09043486416339874
0,0,3.097584703937173e-05
0,0,0.0002240591129520908
0,0,0.003463996108621359
0,0,0.0053061917424201965
1,1,0.9996269941329956
0,0,0.0012885199394077063
0,0,0.1262374222278595
1,1,0.6476272940635681
0,0,0.0008609416545368731
1,1,0.9997316002845764
1,1,0.9995608925819397
1,1,0.972935140132904
0,0,0.0005581082659773529
0,0,2.616186066006776e-05
1,1,0.7194095849990845
1,1,0.9998070597648621
0,0,0.0009621474891901016
1,1,0.9995983242988586
1,1,0.9999412298202515
1,1,0.9416356086730957
1,1,0.9578599333763123
0,0,0.005375802516937256
0,0,0.0005312837893143296
0,0,0.004668462555855513
1,1,0.9953964352607727
1,1,0.9999755620956421
0,0,0.11828982084989548
0,0,0.0018765622517094016
0,0,0.0036625827196985483
0,0,0.003971089143306017
0,0,0.00011457107029855251
0,0,0.011401433497667313
0,0,0.000594293000176549
1,1,0.978927493095398
1,1,0.9931678175926208
1,1,0.99237459897995
1,1,0.9998458623886108
1,1,0.999911904335022
0,0,0.00010658639075700194
1,1,0.9974955916404724
1,1,0.7179558873176575
0,1,0.676817774772644
0,0,0.0003282605321146548
0,0,0.0005860832170583308
0,0,1.8204940715804696e-05
1,1,0.6552231311798096
1,1,0.9898601174354553
1,1,0.9995365142822266
1,1,0.9979129433631897
0,0,0.0014680122258141637
1,1,0.9608564376831055
1,1,0.9997814297676086
1,1,0.9998630285263062
1,1,0.9797788858413696
1,1,0.5041824579238892
1,1,0.9783506989479065
0,0,0.0008079027174971998
0,1,0.8796815276145935
1,1,0.9998420476913452
1,1,0.711670458316803
0,0,1.6317668269039132e-05
1,1,0.9941692352294922
0,0,0.001128906267695129
1,1,0.9959128499031067
0,0,0.0025657436344772577
0,0,0.3869237005710602
1,1,0.9995201826095581
0,0,0.0009967440273612738
1,1,0.9829875230789185
0,0,0.0010242776479572058
0,0,3.841445959551493e-06
0,0,5.8115208958042786e-05
1,1,0.9534902572631836
0,0,0.0015351446345448494
0,0,0.002425945596769452
0,0,0.01403163094073534
1,1,0.9926934242248535
1,1,0.999430239200592
1,1,0.9996861219406128
1,1,0.9775035381317139
1,1,0.9997754693031311
1,1,0.9934638142585754
1,1,0.9947158694267273
0,0,0.0010668494505807757
0,0,0.0001766273780958727
0,0,7.470760465366766e-05
0,0,4.298850035411306e-05
0,0,0.00010853759158635512
1,1,0.9996927976608276
0,0,0.03603066876530647
1,1,0.9957081079483032
1,1,0.9963812828063965
1,1,0.9999847412109375
1,1,0.9664186835289001
1,1,0.9995439648628235
1,1,0.9982819557189941
1,1,0.9929201006889343
1,1,0.9999051094055176
1,1,0.9862274527549744
1,1,0.9700260758399963
0,0,0.003697416977956891
1,1,0.950337827205658
1,1,0.999697208404541
1,1,0.9994683861732483
1,1,0.9988927245140076
1,1,0.97297203540802
1,1,0.9998295307159424
0,0,5.245456122793257e-06
0,0,0.0007033320143818855
1,1,0.9988743662834167
1,1,0.9970159530639648
1,1,0.9986860156059265
0,0,0.005819110199809074
0,0,0.0008539422997273505
0,0,0.0011544330045580864
1,1,0.9999533891677856
1,1,0.9999616146087646
1,1,0.9990574717521667
1,1,0.9951491951942444
0,0,0.0038887960836291313
1,1,0.9999903440475464
1,1,0.9983077049255371
1,1,0.9993719458580017
1,1,0.9998177886009216
1,1,0.9983102083206177
0,0,0.0006612672004848719
1,1,0.9989351630210876
1,1,0.9952048063278198
1,1,0.998110294342041
0,0,0.00026877838536165655
0,0,0.0015748536679893732
0,0,0.00015916833945084363
0,0,0.00014466815628111362
0,0,0.012746298685669899
0,0,0.000601153471507132
1,1,0.8936812877655029
1,1,0.9763147830963135
0,0,0.12999750673770905
1,1,0.9997954964637756
1,1,0.9993058443069458
1,1,0.9999587535858154
0,0,0.010037641040980816
0,0,3.404337985557504e-05
1,1,0.9989927411079407
0,0,0.006113853771239519
1,1,0.9998372793197632
0,0,0.0001741960149956867
0,0,0.0034393672831356525
0,0,0.003023008117452264
1,1,0.9999889135360718
0,0,8.544087904738262e-05
1,1,0.9998179078102112
1,1,0.988290548324585
1,1,0.9997534155845642
1,1,0.9962083101272583
0,0,0.0002927238238044083
0,0,5.014520502300002e-05
1,1,0.9867585301399231
1,1,0.9962357878684998
1,1,0.9384089112281799
0,0,7.652010390302166e-05
0,1,0.7804703116416931
0,0,0.07786428928375244
0,0,0.036945052444934845
0,0,2.351473449380137e-05
0,0,0.00019290133786853403
1,1,0.9999269247055054
0,0,0.00017658021533861756
0,0,0.010407793335616589
1,1,0.8711119890213013
1,1,0.9998501539230347
1,1,0.9897650480270386
0,0,0.00014186094631440938
0,0,7.982054376043379e-05
1,1,0.9997658133506775
0,0,0.0009786110604181886
0,0,7.061899668769911e-05
0,0,0.00018743016698863357
1,1,0.9311216473579407
1,1,0.9988563060760498
1,1,0.9999856948852539
1,1,0.9988106489181519
0,0,0.0006520290044136345
0,0,0.048764992505311966
1,1,0.9858134388923645
1,1,0.9992874264717102
0,0,0.1453780233860016
1,1,0.7106968760490417
0,0,1.660716065998713e-06
1,1,0.9980104565620422
0,0,2.0601896721927915e-06
0,0,0.0004805703938473016
0,0,0.00013559510989580303
1,1,0.6855621337890625
0,0,0.00013298486010171473
1,1,0.8737124800682068
0,0,0.00013038642646279186
0,0,0.113999143242836
0,0,0.00016146125562954694
0,0,0.0013674214715138078
0,0,0.000101625089882873
1,1,0.999613344669342
0,0,5.495872028404847e-05
1,1,0.9998795986175537
1,1,0.9862825274467468
0,0,0.0006087984656915069
1,1,0.9999773502349854
0,0,0.0004132333560846746
1,0,0.47252118587493896
0,0,9.380966366734356e-05
1,1,0.9990322589874268
0,0,0.00298207881860435
1,0,0.042069293558597565
0,1,0.7366155385971069
1,1,0.9995132684707642
0,0,0.0004905771929770708
1,1,0.9992272853851318
0,0,2.141963705071248e-06
1,1,0.9807192087173462
1,1,0.99994957447052
1,1,0.9964593052864075
0,0,0.16019347310066223
0,0,4.7781330067664385e-05
0,0,5.301806959323585e-05
0,0,0.0004254039376974106
0,0,0.0006202340009622276
0,0,0.00033800906385295093
1,1,0.9973167777061462
0,0,0.00033799681114032865
1,1,0.9997373223304749
1,1,0.9746659994125366
0,0,0.01730474829673767
0,0,0.0013294212985783815
1,1,0.8952320218086243
1,1,0.9992067217826843
1,1,0.9995635151863098
1,1,0.9964563250541687
0,0,3.098568777204491e-05
1,1,0.999835729598999
1,1,0.9995243549346924
0,0,0.00029159794212318957
0,0,0.001097979722544551
0,0,0.025325309485197067
0,0,5.6041502830339596e-05
1,1,0.9999574422836304
1,1,0.9997785687446594
0,0,0.003608811879530549
0,0,0.0018224023515358567
1,1,0.9066470861434937
0,0,9.902317287924234e-06
1,1,0.9985151886940002
0,0,0.0009137330926023424
1,1,0.9995601773262024
1,1,0.9414108395576477
1,1,0.9997794032096863
1,1,0.9998677968978882
0,0,0.014901728369295597
0,0,0.40307533740997314
0,0,5.4164687753655016e-05
0,0,1.561177305120509e-05
0,0,9.337661322206259e-05
0,0,0.004395528230816126
0,0,0.0010250580962747335
0,0,0.002018660306930542
1,1,0.9999452829360962
0,0,0.0006119731115177274
1,1,0.9988715052604675
0,0,0.0002750773564912379
0,0,0.29314813017845154
1,1,0.9999144077301025
0,0,3.8952020986471325e-05
0,0,0.003320737276226282
1,1,0.9964300990104675
0,0,0.002215798245742917
1,1,0.9711623191833496
0,0,0.00023104471620172262
0,0,0.000412553024943918
0,0,1.6282519936794415e-05
0,0,0.0023755026049911976
1,1,0.9992642998695374
1,1,0.9999327659606934
0,0,8.373336640943307e-06
1,1,0.9993591904640198
1,1,0.7789685726165771
1,1,0.9999277591705322
1,1,0.999983549118042
0,0,3.307152655906975e-05
1,1,0.985320508480072
0,0,0.0012897680280730128
0,0,5.562885053222999e-05
0,0,0.009639996103942394
1,1,0.9994927644729614
1,1,0.9989017248153687
0,0,0.0003787425812333822
0,0,6.08912632742431e-05
1,1,0.9996836185455322
1,1,0.9999831914901733
1,1,0.9907480478286743
1,1,0.9993600249290466
1,1,0.999985933303833
1,1,0.9997730851173401
1,1,0.9998077750205994
1,1,0.9814831614494324
1,1,0.9998989105224609
1,1,0.9999592304229736
1,1,0.9960224032402039
1,1,0.9996457099914551
0,0,0.1567128300666809
1,1,0.9996168613433838
0,0,0.11901142448186874
1,1,0.999907374382019
0,0,0.0004782920004799962
0,0,0.0016252541681751609
0,0,0.00012701978266704828
1,1,0.913762629032135
1,1,0.9994869232177734
1,1,0.9996426105499268
1,1,0.9999300241470337
0,0,4.171730688540265e-05
1,1,0.9997320771217346
0,0,0.0010290677892044187
1,1,0.9994632601737976
1,1,0.9956106543540955
1,1,0.9999221563339233
1,1,0.9998272061347961
0,0,0.0048566339537501335
0,0,0.0001223487633978948
1,1,0.9911604523658752
1,1,0.9998891353607178
0,0,0.00038354290882125497
1,1,0.9998024106025696
1,1,0.9281597137451172
1,1,0.9990370273590088
0,0,0.00014484954590443522
0,0,8.409733709413558e-05
0,0,0.003551361383870244
0,0,0.015236610546708107
0,0,1.0640418622642756e-05
1,1,0.9969946146011353
0,0,0.00015196041204035282
0,0,9.048076753970236e-05
1,1,0.598935604095459
0,1,0.9999501705169678
1,1,0.871278703212738
0,0,7.002124766586348e-05
0,0,0.00027167241205461323
1,1,0.9986127614974976
1,1,0.9625824689865112
1,1,0.9998196959495544
0,0,0.05523674935102463
1,1,0.509208619594574
1,1,0.9998363256454468
1,1,0.9999037981033325
1,1,0.9958264231681824
0,0,0.03875349462032318
1,0,0.0006488977815024555
1,1,0.9999313354492188
1,1,0.9791116118431091
1,1,0.9999347925186157
1,1,0.9309220314025879
1,1,0.9995242357254028
0,0,0.0010377645958214998
0,0,0.0007780985906720161
1,1,0.9987055063247681
1,1,0.6346570253372192
1,1,0.9998977184295654
0,0,0.022813109681010246
0,0,0.006527645979076624
0,0,0.0020047009456902742
1,1,0.9991753697395325
1,1,0.9998762607574463
1,1,0.9999978542327881
1,1,0.9997475743293762
0,1,0.7047863602638245
0,0,3.596935857785866e-05
1,1,0.9999719858169556
1,1,0.9995248317718506
0,0,0.34836041927337646
1,1,0.9982506632804871
1,1,0.9293545484542847
0,0,0.0006841755821369588
1,1,0.9907665252685547
0,0,4.2008858144981787e-05
1,1,0.9995137453079224
1,1,0.9998574256896973
1,1,0.9967315196990967
0,0,0.010351408272981644
1,1,0.998950719833374
1,1,0.9888985753059387
0,0,0.001179378479719162
0,0,0.001285156118683517
0,0,0.0027644969522953033
0,0,3.429765274631791e-05
1,1,0.9987393021583557
1,1,0.9995973706245422
0,0,3.52191855199635e-05
0,0,7.312122306757374e-06
1,0,0.014316708780825138
1,1,0.9999828338623047
0,0,0.0019818160217255354
1,1,0.9976131916046143
1,1,0.9999269247055054
0,0,0.005235291551798582
1,1,0.9999313354492188
0,0,8.88555878191255e-05
0,0,0.021032461896538734
1,1,0.999823272228241
1,1,0.9994086027145386
1,1,0.9951779842376709
1,1,0.9396745562553406
1,0,0.06420432776212692
1,1,0.9997475743293762
1,1,0.9968094229698181
1,1,0.9994595646858215
0,0,0.003281347919255495
0,0,0.00014574607484973967
0,0,0.00022047662059776485
0,0,1.6846091966726817e-05
1,1,0.999619722366333
1,1,0.9999840259552002
0,0,0.003107186406850815
0,0,9.21095852390863e-05
1,1,0.9723507761955261
0,0,0.00037285053986124694
1,1,0.5761760473251343
1,1,0.9997825026512146
1,0,0.18030497431755066
1,1,0.9960183501243591
1,1,0.9991483688354492
1,1,0.9920181632041931
1,1,0.9852685332298279
0,0,0.0010112489107996225
1,1,0.999589741230011
1,1,0.9991000890731812
1,1,0.9998961687088013
1,1,0.999954342842102
0,0,6.197302718646824e-05
0,0,0.002970306435599923
0,0,0.0009468153584748507
1,1,0.9998528957366943
1,1,0.9999510049819946
1,1,0.9998947381973267
0,0,5.927696111029945e-05
1,1,0.9992258548736572
0,0,0.004141631070524454
0,1,0.8106982111930847
0,0,0.0002647479996085167
1,1,0.9984343647956848
1,1,0.9987680315971375
0,0,0.0014972819481045008
0,0,0.43637609481811523
0,0,0.0004165623686276376
0,0,3.846373510896228e-05
1,1,0.9992037415504456
1,1,0.9973798394203186
1,1,0.9999959468841553
0,1,0.5564152002334595
0,0,2.6523530323174782e-05
1,1,0.9999375343322754
1,0,0.2787220776081085
1,1,0.9996695518493652
1,1,0.9081646800041199
0,0,0.0002055145741906017
1,1,0.9817476868629456
0,0,0.020603559911251068
1,1,0.9977447986602783
1,1,0.9998977184295654
0,0,0.0011915415525436401
1,1,0.999534010887146
0,0,0.3865898847579956
1,1,0.9796559810638428
1,1,0.99835205078125
0,0,0.003499541897326708
0,0,0.0029949352610856295
1,1,0.9996788501739502
0,0,0.0031108311377465725
1,1,0.9232213497161865
1,1,0.9881188273429871
1,1,0.9997503161430359
1,1,0.9994957447052002
1,1,0.9991258978843689
1,1,0.9998156428337097
0,0,0.00023098655219655484
0,0,0.006537400186061859
0,0,0.00810442864894867
1,1,0.9774364829063416
0,0,0.0021924315951764584
0,0,0.01786896213889122
1,1,0.7560426592826843
0,0,0.14092572033405304
0,0,0.003022669116035104
0,0,2.675361065485049e-05
0,0,1.2477480595407542e-05
1,1,0.99310302734375
0,0,0.001488157780840993
0,0,5.521718776435591e-05
1,1,0.9111868143081665
1,0,0.009202653542160988
1,1,0.999809205532074
0,0,0.0071643139235675335
1,1,0.9974718689918518
1,1,0.9742677211761475
1,1,0.9990140199661255
1,1,0.9999444484710693
0,0,0.0028124831151217222
1,1,0.9995309114456177
1,0,0.0023713998962193727
0,0,3.917106823791983e-06
0,0,6.393208605004475e-05
0,1,0.942581295967102
1,0,0.09105975925922394
1,1,0.999285876750946
1,1,0.9998645782470703
0,0,0.285126268863678
0,0,0.0013282703002914786
1,1,0.994767427444458
0,0,0.0004555566410999745
1,1,0.9999526739120483
0,0,0.00013805094931740314
1,1,0.9997404217720032
0,0,9.165519441012293e-05
1,1,0.9993366599082947
1,1,0.9033426642417908
1,1,0.9997339844703674
1,1,0.9734055995941162
0,0,0.0002782237424980849
1,1,0.9636664986610413
1,1,0.9997261166572571
0,0,0.02176813967525959
1,1,0.6412936449050903
1,1,0.997212827205658
0,0,1.7400720025761984e-05
0,0,0.00011311889829812571
0,0,9.573990610078909e-06
1,0,0.005087863188236952
1,1,0.9983041286468506
0,1,0.9628567099571228
0,1,0.9774912595748901
0,1,0.8301751613616943
1,1,0.9993041753768921
1,1,0.938258171081543
0,0,0.0032731490209698677
0,0,0.0005201202584430575
1,1,0.9890199303627014
1,1,0.999991774559021
1,1,0.9991255402565002
0,0,0.002661612583324313
0,0,0.0002915770746767521
1,1,0.7835818529129028
1,1,0.9995457530021667
0,0,8.420391532126814e-05
1,1,0.9980720281600952
0,0,0.0028835954144597054
0,0,0.00020603922894224524
1,1,0.9998106360435486
0,0,0.0007401458569802344
1,1,0.9926342368125916
0,0,0.0007131793536245823
0,0,4.555455598165281e-05
0,0,1.957269705599174e-05
0,0,8.851216080074664e-06
0,0,0.0012217398034408689
0,0,0.004422405268996954
0,0,0.006713793147355318
0,0,0.00018617995374370366
1,1,0.9840171933174133
1,1,0.9995681643486023
1,1,0.9819590449333191
0,0,0.00035645271418616176
0,0,5.5663342209300026e-05
1,1,0.8141017556190491
0,0,0.00018412730423733592
0,0,4.0683167753741145e-05
1,1,0.9998708963394165
0,0,0.00025739389820955694
0,0,0.05151981860399246
1,1,0.9962700605392456
1,1,0.9991177916526794
1,1,0.9966638684272766
0,0,0.000807866919785738
0,0,0.001033364562317729
0,0,3.245573680032976e-05
0,0,0.00042651695548556745
0,0,0.0008674319833517075
0,0,0.0006115378928370774
0,0,0.00010677743557607755
0,0,1.7471840692451224e-05
1,1,0.9999449253082275
1,1,0.9986456036567688
0,0,3.537776865414344e-05
0,0,2.7813994165626355e-05
0,0,0.07827998697757721
0,0,5.988581324345432e-05
1,0,0.3864523768424988
1,1,0.9995694756507874
1,1,0.9891058802604675
1,1,0.9999359846115112
0,0,0.0007205824949778616
1,1,0.9839683771133423
1,1,0.9994550347328186
0,0,0.002486619632691145
0,0,0.0005325517849996686
0,0,3.1325103918788955e-05
1,1,0.9999939203262329
1,1,0.9996057152748108
1,1,0.9999425411224365
0,0,0.0022894940339028835
1,1,0.9972466230392456
0,0,0.0137485908344388
1,1,0.998890221118927
1,1,0.9980838298797607
1,1,0.999976396560669
1,1,0.7526789307594299
1,1,0.9997561573982239
1,1,0.9990696310997009
1,1,0.999782383441925
0,0,0.0007959131035022438
1,1,0.9997172951698303
1,1,0.9994308352470398
1,1,0.9987722039222717
1,1,0.9996476173400879
1,1,0.9997685551643372
1,1,0.9998552799224854
0,0,0.12771320343017578
1,1,0.9995867609977722
1,1,0.999889612197876
1,1,0.9985741376876831
1,1,0.9999885559082031
0,0,0.003821483813226223
0,0,9.858216071734205e-05
0,0,0.00014476434444077313
1,1,0.9552438855171204
1,1,0.9998311996459961
0,0,0.0012067253701388836
1,1,0.9997890591621399
0,0,8.219578012358397e-05
0,1,0.5853845477104187
1,1,0.9902206659317017
1,1,0.9996281862258911
1,1,0.9999732971191406
0,0,0.0005902911070734262
1,1,0.9976726174354553
1,1,0.5326502919197083
0,0,0.0010164299746975303
1,1,0.9987087249755859
0,0,0.009392919018864632
1,1,0.995760977268219
1,1,0.9999394416809082
1,1,0.9999711513519287
1,1,0.9937637448310852
1,1,0.9939392805099487
1,1,0.9881332516670227
0,0,2.018680788751226e-05
0,0,0.0007730154320597649
1,1,0.9907241463661194
0,0,0.00018896297842729837
0,0,0.004365514498203993
1,1,0.9563635587692261
0,0,7.947374979266897e-05
0,0,0.00033784605329856277
1,1,0.9997225403785706
1,1,0.9967923760414124
1,1,0.9360247850418091
0,0,0.0013915455201640725
1,1,0.9995679259300232
0,0,0.0037672421894967556
1,1,0.7696577906608582
0,0,0.0036371394526213408
1,1,0.954887330532074
1,1,0.9971722960472107
1,1,0.9997517466545105
1,1,0.9991376399993896
1,1,0.9927111864089966
1,1,0.9897153973579407
1,1,0.9998863935470581
0,0,0.0016904636286199093
0,1,0.7553828954696655
1,1,0.9873233437538147
0,0,1.780671846063342e-05
0,0,0.0011714212596416473
1,0,0.03953251615166664
1,1,0.9999195337295532
0,0,0.000550063734408468
0,0,0.001452716183848679
1,1,0.999811589717865
1,1,0.9998130202293396
0,0,0.00017931788170244545
0,0,0.00038875779137015343
0,0,0.00126146269030869
0,0,0.0016009826213121414
1,1,0.9991559982299805
1,1,0.9999197721481323
0,0,0.01675540953874588
1,1,0.9988741278648376
0,0,4.5701406634179875e-05
0,0,0.0011045607971027493
1,1,0.9999454021453857
1,1,0.999496340751648
0,0,0.0018655989551916718
1,1,0.9957451224327087
1,1,0.9993975162506104
1,1,0.9948377013206482
0,0,0.007915914990007877
1,0,0.008078159764409065
0,0,0.1905776709318161
0,0,0.005497793201357126
0,0,0.016732107847929
1,1,0.9837445020675659
0,0,1.601884105184581e-05
0,0,3.744199057109654e-05
0,0,0.00017101163393817842
1,0,0.028324691578745842
0,0,0.000247644551564008
0,0,0.003046570345759392
0,0,0.2023419439792633
1,1,0.98995041847229
1,1,0.9994088411331177
0,0,0.0078059229999780655
1,1,0.9997896552085876
0,0,0.0008269405225291848
1,0,0.4079993963241577
1,1,0.9997119307518005
1,1,0.9994763731956482
1,1,0.9990830421447754
1,1,0.9672000408172607
1,1,0.9999409914016724
1,1,0.9999282360076904
1,1,0.9802868962287903
1,1,0.9995009899139404
0,0,0.0001881575008155778
0,0,0.0006384970620274544
1,1,0.9989343285560608
1,1,0.9999743700027466
0,0,0.42523783445358276
1,1,0.9392948150634766
1,1,0.9903814196586609
0,0,6.280996603891253e-05
1,1,0.9986967444419861
1,1,0.995147168636322
1,1,0.9957905411720276
1,1,0.9999954700469971
1,1,0.9999650716781616
1,1,0.9999469518661499
0,0,0.00977082084864378
0,0,8.573273225920275e-05
0,0,0.0005763990920968354
0,0,0.30103427171707153
0,0,3.9501751416537445e-06
0,0,2.2153475583763793e-05
1,1,0.9962856769561768
1,1,0.9431439638137817
0,0,0.0018542450852692127
1,1,0.9484580755233765
1,1,0.9957233667373657
1,1,0.9789687395095825
1,1,0.9994885921478271
1,1,0.9980438947677612
1,1,0.9996541738510132
1,1,0.9998015761375427
0,0,3.386522803339176e-05
0,0,0.004725596401840448
0,0,0.00034644873812794685
1,1,0.9997838139533997
0,0,8.913369674701244e-05
1,1,0.999330997467041
0,0,0.026080263778567314
1,1,0.994717538356781
1,1,0.9838533401489258
1,1,0.9955981373786926
0,0,0.013796285726130009
0,0,0.011538838036358356
1,1,0.9985415935516357
0,0,0.0004558642103802413
1,1,0.9941179752349854
1,1,0.9952060580253601
1,1,0.9944958090782166
1,1,0.9999634027481079
0,0,0.2038337141275406
0,0,0.0006971797556616366
0,0,0.0010533755412325263
0,0,0.025518406182527542
0,0,4.122833161090966e-06
0,0,0.0028112088330090046
0,0,0.26849231123924255
0,0,5.85238631174434e-05
1,1,0.999876856803894
1,1,0.992609441280365
1,1,0.9999961853027344
1,1,0.9655541777610779
1,1,0.9912727475166321
1,1,0.9997605681419373
1,1,0.9987347722053528
0,0,0.011829914525151253
0,1,0.9685445427894592
1,1,0.9971924424171448
0,0,0.3409363627433777
0,0,9.579279867466539e-05
1,1,0.712812066078186
0,0,0.0040971324779093266
1,1,0.9997183680534363
0,1,0.5631014108657837
1,1,0.9884752035140991
1,1,0.9997283816337585
0,0,0.07186522334814072
0,0,0.019079649820923805
1,1,0.9911164045333862
1,1,0.8507367372512817
1,1,0.9999880790710449
0,0,3.5714852856472135e-05
1,1,0.9722802042961121
0,0,0.0005087373428978026
1,1,0.9742854833602905
0,0,0.0030017246026545763
0,0,0.0025511877611279488
1,1,0.9986502528190613
1,1,0.9984976053237915
0,0,0.00011999496928183362
1,1,0.9570105671882629
0,0,0.0502215139567852
0,0,0.4772494435310364
0,0,0.00040956042357720435
0,0,0.0007097505731508136
1,1,0.9980233907699585
1,1,0.999860405921936
1,1,0.9993384480476379
1,1,0.9969778060913086
0,0,2.1364970962167718e-05
0,0,0.2516516447067261
0,0,5.210672497923952e-07
1,1,0.9982107877731323
0,1,0.9383290410041809
0,0,0.000641325896140188
0,0,0.01837090216577053
1,1,0.9668211340904236
1,1,0.9382734894752502
1,1,0.9999814033508301
0,0,0.004135149996727705
1,1,0.9764646887779236
0,0,0.002178545342758298
0,0,0.01035208161920309
0,0,2.1036092221038416e-05
1,0,0.3398338258266449
1,1,0.9994588494300842
0,0,3.661823211587034e-05
1,1,0.9886566996574402
0,0,0.0007085418328642845
0,1,0.9005130529403687
0,0,0.028257286176085472
1,0,0.3006303310394287
1,1,0.996545135974884
1,1,0.993208110332489
1,1,0.9998601675033569
1,1,0.9999343156814575
1,1,0.6184341907501221
0,0,3.8535108615178615e-05
1,1,0.9998037219047546
1,1,0.9995428323745728
0,0,0.0007773796678520739
0,0,0.0013252987992018461
1,1,0.9978863596916199
1,1,0.9973413348197937
1,1,0.9998801946640015
0,0,0.0015070774825289845
0,1,0.5101471543312073
0,0,1.3607745131594129e-05
0,0,7.101997653080616e-06
1,1,0.9983398914337158
0,0,0.00559806264936924
0,0,0.0007405387586914003
0,0,0.00016575072368141264
0,0,0.008859044872224331
0,0,0.00019586716371122748
1,1,0.9992243051528931
1,1,0.9992315769195557
1,1,0.9823050498962402
1,1,0.9828639030456543
1,1,0.9898842573165894
1,1,0.9332468509674072
1,1,0.9987278580665588
1,1,0.9968838095664978
1,1,0.999243974685669
0,0,0.05955703184008598
1,1,0.999713122844696
1,1,0.9999963045120239
1,1,0.9999678134918213
1,1,0.9999321699142456
1,1,0.9998998641967773
0,1,0.8386611938476562
0,0,0.0002814779873006046
0,0,0.014423293992877007
1,1,0.9993700385093689
0,0,0.00018200128397438675
1,1,0.9975658655166626
1,1,0.8753044605255127
1,1,0.9977445602416992
0,0,5.386984867072897e-06
1,1,0.9983006119728088
0,0,2.513050458219368e-05
1,1,0.998927652835846
0,0,0.0008135642856359482
0,0,0.009920875541865826
1,1,0.9999035596847534
1,1,0.9999294281005859
0,0,3.6721216019941494e-05
1,1,0.999332845211029
1,1,0.9998601675033569
1,1,0.9992076754570007
0,0,0.00958776194602251
1,1,0.9995785355567932
1,1,0.9687918424606323
0,0,0.00045171112287789583
1,0,0.09546419978141785
1,1,0.9998589754104614
1,1,0.9968124032020569
1,0,0.4932672381401062
0,0,0.00029195568640716374
0,0,0.00019469224207568914
1,1,0.9999467134475708
0,0,0.00028853051480837166
0,0,0.00012996289297007024
0,0,0.02413949742913246
0,0,0.00011052724585169926
1,1,0.5524560213088989
0,0,3.509326052153483e-05
0,0,0.005145348608493805
1,1,0.9995724558830261
0,1,0.9887269735336304
1,1,0.99991774559021
0,0,0.0022476855665445328
0,0,0.0021435378585010767
0,0,0.006026857532560825
1,1,0.9985104203224182
1,1,0.5880656838417053
1,1,0.9995536208152771
1,1,0.8987616300582886
0,1,0.9985904097557068
0,0,0.10755715519189835
0,0,0.02650536224246025
1,1,0.9345065355300903
1,1,0.9944992065429688
1,1,0.9995315074920654
0,0,0.00012276737834326923
1,1,0.9993342757225037
1,1,0.9953794479370117
0,0,9.859730198513716e-05
0,0,0.00634155934676528
1,1,0.9999202489852905
0,0,0.0022895149886608124
1,1,0.9980124235153198
1,1,0.9965612292289734
0,0,0.05339474976062775
1,1,0.9999247789382935
1,1,0.9973377585411072
1,1,0.9994223117828369
1,1,0.9992401599884033
0,1,0.7689065933227539
1,1,0.9998000264167786
0,0,0.0006455674883909523
0,0,0.00046977357123978436
0,0,6.719161319779232e-05
0,0,0.0554727278649807
1,1,0.9999747276306152
1,1,0.9990357160568237
1,1,0.9954425096511841
0,0,0.0018622289644554257
1,1,0.9990214109420776
0,0,2.0105193470953964e-05
1,1,0.9917919635772705
0,0,4.947083652950823e-05
0,0,5.5990654800552875e-05
1,1,0.9999920129776001
1,1,0.9992638230323792
1,1,0.9998971223831177
0,0,7.071731670293957e-05
0,0,0.03333448991179466
0,0,3.1794243113836274e-05
1,1,0.9974272847175598
0,0,0.00017221977759618312
1,1,0.9998461008071899
0,0,0.006382924038916826
1,1,0.9937028288841248
1,1,0.9343584179878235
0,0,0.005159070249646902
1,1,0.9981789588928223
1,1,0.9992399215698242
1,0,0.44681984186172485
1,1,0.9965240359306335
0,0,0.0015641727950423956
1,1,0.9931118488311768
1,1,0.9851276278495789
1,1,0.9998393058776855
1,1,0.999934196472168
1,1,0.8737534284591675
1,1,0.9968950748443604
0,0,0.0014954274520277977
1,1,0.9456900358200073
0,0,0.0001554970513097942
1,1,0.9995576739311218
0,0,3.8193456930457614e-06
1,1,0.9919995665550232
0,0,0.00402300339192152
1,1,0.9977682828903198
1,1,0.9958658218383789
1,1,0.9991809725761414
1,1,0.7462170720100403
1,1,0.9996758699417114
1,1,0.9999854564666748
1,1,0.9944162368774414
1,1,0.894732654094696
1,1,0.9992146492004395
1,1,0.9967449903488159
1,1,0.9995614886283875
1,1,0.9999545812606812
1,1,0.9979531764984131
0,0,9.283450344810262e-05
1,1,0.9856514930725098
1,0,0.23608160018920898
0,0,0.00022708969481755048
1,1,0.9999138116836548
1,1,0.9995102882385254
1,1,0.9993174076080322
1,1,0.999954104423523
1,1,0.9958090782165527
1,1,0.9955371618270874
1,1,0.9549031257629395
1,1,0.9983159303665161
1,1,0.9995824694633484
1,1,0.99996018409729
1,1,0.9939305782318115
1,1,0.7679063081741333
1,1,0.9999849796295166
0,0,3.019377436430659e-05
1,1,0.9999521970748901
1,1,0.9995673298835754
1,1,0.9962137341499329
0,0,0.021822327747941017
0,0,0.00038091567694209516
1,1,0.9996575117111206
0,0,8.793093002168462e-05
1,1,0.9997822642326355
1,1,0.9999451637268066
0,0,8.294694998767227e-05
0,0,0.27228572964668274
0,1,0.9748448133468628
1,1,0.9977076053619385
0,0,0.009333482943475246
1,1,0.9979370832443237
0,0,0.014739343896508217
1,1,0.9999815225601196
1,1,0.9993591904640198
0,0,0.0013973249588161707
1,1,0.9998632669448853
1,1,0.9981973767280579
1,1,0.999954342842102
1,1,0.9991108775138855
1,1,0.9998948574066162
1,1,0.9999690055847168
0,0,4.915969475405291e-05
1,1,0.99980229139328
1,1,0.9487398862838745
1,1,0.9997522234916687
0,0,0.039179835468530655
1,1,0.9909782409667969
0,0,0.0024036383256316185
0,0,0.004564495291560888
0,0,0.03218505159020424
1,1,0.9693659543991089
1,1,0.9984995126724243
1,1,0.9998645782470703
1,1,0.9994812607765198
0,0,0.0006019710563123226
0,0,0.000247385905822739
1,1,0.9974325299263
1,1,0.9989374279975891
0,0,0.0004284415626898408
1,1,0.9930056929588318
1,1,0.999847412109375
1,1,0.7139952778816223
1,1,0.8476829528808594
0,1,0.8691921234130859
1,1,0.9995251893997192
1,1,0.9973909258842468
1,1,0.9916131496429443
0,0,0.32421526312828064
1,1,0.9914929270744324
1,1,0.9773676991462708
0,0,0.00022156907652970403
1,1,0.9998487234115601
0,0,0.10610150545835495
0,0,0.0001967723947018385
1,1,0.9995556473731995
0,0,0.005734339356422424
0,0,0.014889261685311794
0,0,0.00015835632802918553
1,1,0.9926788806915283
1,1,0.999151349067688
0,0,0.0020246326457709074
0,0,0.012881118804216385
1,0,0.00029259154689498246
0,0,0.00028342605219222605
1,1,0.9322947263717651
0,0,0.0016420369502156973
1,1,0.9981330037117004
0,0,0.0002036264631897211
1,1,0.9975653886795044
0,0,0.45962265133857727
0,0,4.8429119487991557e-05
0,0,0.0004800022579729557
1,1,0.9438920021057129
0,0,8.069923205766827e-05
0,0,3.209207352483645e-05
0,0,0.001526544103398919
1,1,0.9995718598365784
1,1,0.9992514252662659
1,1,0.997475802898407
1,1,0.9993770718574524
1,1,0.9996123909950256
1,1,0.9999487400054932
0,0,0.00036492838989943266
0,0,1.1462162547104526e-05
0,0,7.921227734186687e-06
0,0,8.996176802611444e-06
0,0,9.497383143752813e-05
1,1,0.9998394250869751
0,0,0.036797866225242615
1,1,0.9989424347877502
1,1,0.9999879598617554
0,0,0.00023422468802891672
0,0,0.04906760901212692
1,1,0.9999754428863525
0,0,0.05933484062552452
0,0,0.00010431255941512063
1,1,0.9982255101203918
1,1,0.9980373978614807
0,0,0.0012605927186086774
0,0,0.0057897139340639114
0,0,0.004850037861615419
0,0,0.00019070421694777906
0,0,0.00019047815294470638
0,0,6.075866986066103e-05
1,1,0.8687093257904053
0,0,0.017985636368393898
1,1,0.9993543028831482
1,1,0.9994938373565674
0,0,0.00011260383325861767
1,1,0.9888244271278381
1,0,0.03106779232621193
0,0,0.0008265245123766363
1,1,0.9984551668167114
1,1,0.999915361404419
0,0,1.5598350728396326e-05
1,1,0.9978463649749756
0,0,7.526083936681971e-05
0,0,0.00016843578487168998
0,0,0.1473659873008728
0,0,1.468961636419408e-05
0,0,0.008671094663441181
0,0,0.28401196002960205
0,0,5.619080548058264e-05
1,1,0.9987282156944275
0,0,2.645497261255514e-05
1,1,0.9997897744178772
1,1,0.9983682036399841
1,1,0.9939072728157043
1,1,0.8842247128486633
1,1,0.9999639987945557
1,1,0.9999464750289917
1,1,0.99928218126297
0,0,0.0017420208314433694
1,1,0.9965333938598633
1,1,0.9730090498924255
1,1,0.9986469149589539
0,0,0.0018198087345808744
1,1,0.9985622763633728
0,0,5.8247365814168006e-05
1,1,0.9764348268508911
0,1,0.9651573300361633
0,0,0.0008760372293181717
1,1,0.9961816072463989
1,1,0.6715501546859741
1,0,0.20794285833835602
1,1,0.9998836517333984
1,1,0.5844005346298218
1,1,0.9999864101409912
1,1,0.8758342266082764
1,1,0.9945555925369263
1,1,0.9996125102043152
0,0,0.009864023886620998
1,1,0.993569016456604
1,1,0.9993574023246765
1,1,0.9896713495254517
1,1,0.9964600205421448
0,0,5.2787010645261034e-05
0,0,0.0004140258824918419
1,1,0.9999910593032837
1,1,0.999991774559021
0,0,0.0008418365614488721
0,1,0.7050504088401794
0,0,9.662214142736048e-05
0,0,0.0011756522580981255
0,0,0.00012992770643904805
1,1,0.9811729788780212
1,1,0.7766746282577515
0,0,0.0038230977952480316
1,1,0.9996452331542969
0,0,5.510380105988588e-06
1,1,0.9995056390762329
1,0,0.11743533611297607
0,0,0.00277203181758523
0,0,0.05071953311562538
1,1,0.9988644123077393
1,1,0.9983348250389099
1,1,0.9986923336982727
0,0,0.0009610914858058095
1,1,0.9938881993293762
1,1,0.9996237754821777
1,1,0.996130108833313
0,0,0.0011352492729201913
1,1,0.9977214932441711
1,1,0.9578275680541992
1,1,0.9986886382102966
0,0,1.438229901395971e-05
1,1,0.9968768358230591
0,0,0.0008097929530777037
1,1,0.9985033273696899
1,1,0.9989210367202759
0,0,3.8708509237039834e-05
0,0,0.04130193963646889
0,0,0.14239542186260223
1,1,0.9999160766601562
0,0,6.202919394127093e-06
1,1,0.9996974468231201
1,1,0.9980636239051819
0,0,0.00017790740821510553
0,0,6.652626325376332e-06
1,1,0.9990814924240112
0,0,0.0030274176970124245
0,0,0.0011035753414034843
1,1,0.9983386993408203
1,1,0.9962592124938965
1,1,0.9579452872276306
1,1,0.9999449253082275
1,1,0.9971246123313904
0,0,3.497902798699215e-05
1,0,0.16702035069465637
1,0,0.20452137291431427
0,0,0.0011884153354912996
1,1,0.9991742968559265
0,0,0.0019306375179439783
1,1,0.9786110520362854
0,0,0.0002991285582538694
0,0,0.000570485892239958
0,0,0.00012724647240247577
1,0,0.45894119143486023
0,0,0.00048583379248157144
1,1,0.9984838366508484
1,1,0.9999384880065918
1,1,0.9943864345550537
0,0,0.0006200088537298143
0,0,0.0015070006484165788
0,0,3.873772129736608e-06
1,1,0.999546229839325
0,0,0.0005129884229972959
0,0,0.024396944791078568
0,0,0.0006644396926276386
1,1,0.9993053674697876
1,1,0.9999877214431763
1,1,0.6726734042167664
1,1,0.9995211362838745
0,0,0.0007314113317988813
1,1,0.9991416931152344
1,1,0.9997288584709167
1,1,0.9761337041854858
1,1,0.9999037981033325
1,1,0.9299127459526062
0,0,0.013949301093816757
0,0,0.0029303645715117455
0,0,0.00019598091603256762
0,0,0.000534115475602448
0,0,0.00024198561732191592
1,1,0.9997881054878235
1,1,0.9998059868812561
1,1,0.9964281916618347
0,0,7.76599845266901e-05
1,1,0.9456784725189209
1,1,0.9966675639152527
1,1,0.9997548460960388
0,0,3.316460060887039e-05
0,0,0.018576474860310555
1,1,0.9994121789932251
1,1,0.9999316930770874
1,0,0.37902742624282837
1,1,0.9999755620956421
0,0,4.381205508252606e-05
0,0,0.010832428932189941
1,1,0.9994939565658569
0,0,0.001065626391209662
1,1,0.99994957447052
1,1,0.9999490976333618
1,1,0.9998542070388794
1,1,0.9995284080505371
1,1,0.9998167157173157
1,1,0.9470282793045044
0,0,0.006014426704496145
0,0,0.000176324974745512
1,1,0.9989812970161438
0,0,0.0007678347756154835
1,1,0.9999581575393677
0,0,0.00020645454060286283
1,1,0.9997895359992981
0,0,0.0003979079774580896
1,1,0.999316930770874
1,1,0.8637399673461914
1,1,0.9997592568397522
1,1,0.9991600513458252
0,0,0.0009185808012261987
1,1,0.9998055100440979
0,0,0.00017688253137748688
0,0,0.007336903363466263
0,0,0.002261342015117407
0,1,0.6716611385345459
0,0,0.009943284094333649
0,0,0.002311271382495761
0,0,0.00105811539106071
0,0,0.028715109452605247
1,1,0.9982607960700989
1,1,0.6368649005889893
0,1,0.8734264969825745
0,0,0.01920389197766781
0,0,0.010921725071966648
1,1,0.9992699027061462
0,0,0.011962788179516792
0,0,0.0050956676714122295
0,0,0.001647627679631114
0,0,5.247532953944756e-06
0,0,8.160678589774761e-06
0,0,1.4355043276736978e-05
0,0,0.00044159902608953416
1,0,0.49271559715270996
0,0,2.667020817170851e-05
1,1,0.9993791580200195
0,1,0.8799207806587219
1,1,0.999873161315918
0,0,0.1168089434504509
0,0,4.617443846655078e-05
1,1,0.9920114874839783
0,0,0.0043535432778298855
0,0,0.00011052271293010563
1,1,0.999786913394928
1,1,0.993516206741333
1,1,0.9998838901519775
1,1,0.8561572432518005
1,1,0.9978768825531006
1,1,0.9999641180038452
1,1,0.9973921775817871
0,0,0.001847523613832891
0,0,0.001226214342750609
1,1,0.9931706190109253
1,1,0.9981260895729065
0,0,3.813051444012672e-05
0,0,0.0009480980806984007
0,0,0.005492573603987694
1,1,0.9873113632202148
1,1,0.8210433125495911
1,1,0.9981777667999268
1,1,0.9939005374908447
1,0,0.014828813262283802
0,1,0.6491389870643616
1,1,0.9999849796295166
0,0,0.002716279122978449
0,0,0.00038600730476900935
0,0,0.004800540395081043
1,1,0.9904602766036987
1,1,0.9999173879623413
0,0,7.127239223336801e-05
0,0,8.808644633973017e-05
0,0,7.623271085321903e-05
1,1,0.9875764846801758
1,0,0.0010195373324677348
1,1,0.9397582411766052
0,0,0.0052526164799928665
0,0,2.7237279937253334e-05
0,0,5.9698450058931485e-05
0,0,9.265310836781282e-06
0,0,0.0020064665004611015
0,0,0.31471410393714905
0,0,0.0025361482985317707
1,1,0.9999964237213135
1,1,0.9903166890144348
0,0,0.001725839450955391
1,1,0.9999412298202515
1,1,0.645429790019989
1,1,0.9999078512191772
1,1,0.9999804496765137
1,1,0.9973976612091064
1,1,0.9981527924537659
0,0,7.81802591518499e-05
1,1,0.9998682737350464
0,0,0.0020491338800638914
1,1,0.9977218508720398
1,1,0.9069780111312866
1,1,0.9985702037811279
0,0,1.4695051504531875e-05
0,0,0.0007610712200403214
0,0,0.00021688498964067549
1,1,0.9843060970306396
0,0,2.7929216230404563e-05
1,1,0.9999425411224365
0,0,0.043299756944179535
0,0,0.00011630154767772183
0,0,0.0018181956838816404
0,0,0.003477295394986868
0,0,1.1126860954391304e-05
0,0,2.108226362906862e-05
1,1,0.999589741230011
0,0,0.0013980643125250936
1,1,0.9664402008056641
1,1,0.8289790153503418
1,1,0.9998026490211487
1,1,0.999406099319458
1,1,0.9978886246681213
0,0,0.000264631409663707
1,1,0.9935368895530701
0,0,0.08807580173015594
0,0,0.004493741784244776
0,0,0.0005367269041016698
1,1,0.9999337196350098
0,0,0.2880135476589203
0,0,7.173627091106027e-05
0,0,0.0009908435167744756
0,0,0.02860618382692337
0,0,0.0030580756720155478
0,0,0.05863821879029274
0,0,0.008749697357416153
1,1,0.9993188381195068
1,1,0.9814148545265198
1,1,0.9999779462814331
0,0,0.00024650487466715276
0,0,0.145325168967247
1,1,0.9966092109680176
0,0,0.00022450217511504889
0,0,0.016891909763216972
1,1,0.9260722398757935
1,1,0.9998300075531006
0,0,0.0030033490620553493
0,1,0.9967266321182251
0,0,0.06374156475067139
0,0,0.00026667179190553725
0,0,1.7886439309222624e-05
0,0,3.905490302713588e-05
0,0,0.0013633539201691747
0,0,0.013592017814517021
0,0,0.00427586492151022
1,1,0.9988034963607788
0,1,0.9747410416603088
1,1,0.9938421249389648
1,1,0.9121921062469482
1,1,0.9808016419410706
1,1,0.9993488192558289
1,1,0.9923027753829956
0,0,6.0071131883887574e-05
0,0,0.001463020220398903
0,0,2.3013310055830516e-05
1,1,0.9995580315589905
1,1,0.9997654557228088
1,1,0.9992663264274597
0,0,0.00018577776791062206
0,0,0.008421342819929123
1,1,0.9972153902053833
0,0,8.361491927644238e-05
1,1,0.7796151041984558
0,0,0.07694115489721298
1,1,0.9744076132774353
1,1,0.9391490817070007
1,1,0.9996899366378784
0,0,0.00015687505947425961
0,0,0.00010413923155283555
1,1,0.9924134612083435
1,1,0.7969571352005005
1,1,0.999588668346405
1,1,0.9980506896972656
1,1,0.9992191791534424
1,1,0.9999017715454102
0,0,0.003304296638816595
0,0,0.024704650044441223
0,0,0.0641859918832779
1,1,0.9980291724205017
1,1,0.9731431603431702
0,0,0.06325909495353699
0,0,1.203815463668434e-05
1,1,0.9994468092918396
0,0,0.00025091200950555503
1,1,0.999993085861206
1,1,0.9997140765190125
0,0,0.0003850858483929187
1,1,0.999566376209259
1,1,0.9997749924659729
1,1,0.9990525841712952
0,0,0.44256162643432617
1,1,0.9996774196624756
0,0,0.004617661237716675
1,1,0.9763715267181396
0,0,0.003846926847472787
1,1,0.9996752738952637
1,1,0.9874500036239624
0,0,0.0080591244623065
1,1,0.9997544884681702
0,0,0.01222930010408163
1,1,0.9996808767318726
0,0,0.008690585382282734
1,1,0.9999487400054932
1,1,0.9999493360519409
1,1,0.981789767742157
1,1,0.9985077977180481
1,1,0.9910206198692322
0,0,0.0016862087650224566
1,1,0.944579541683197
1,1,0.999957799911499
0,0,0.015003299340605736
1,1,0.9842901825904846
1,0,0.2673431932926178
1,1,0.9992237091064453
1,1,0.9990940093994141
1,1,0.9999523162841797
0,0,0.005347758531570435
0,0,0.010921415872871876
0,0,0.0007911043940111995
0,0,0.3525055944919586
1,1,0.9973620772361755
1,1,0.9986978769302368
0,0,0.0002922491985373199
0,0,0.0009888451313599944
1,1,0.8919541835784912
1,0,0.2389032542705536
0,0,0.012481944635510445
1,1,0.9992235898971558
1,1,0.9889425039291382
1,1,0.9998354911804199
1,1,0.9986479878425598
1,1,0.9998834133148193
1,1,0.9998917579650879
0,0,6.0457321524154395e-05
1,1,0.9968546032905579
1,1,0.971004843711853
1,1,0.8248998522758484
0,0,0.0001586548169143498
0,0,0.00011121147690573707
0,0,9.305413550464436e-05
0,0,0.0007856535376049578
0,0,2.0718674932140857e-05
0,0,6.582487458217656e-06
0,0,0.015259774401783943
0,0,0.0003280900127720088
1,1,0.9998219609260559
0,0,2.6459891159902327e-05
0,0,0.0020256119314581156
1,1,0.9995879530906677
0,0,3.281998942838982e-05
0,0,0.00012474112736526877
0,0,0.00014626188203692436
1,1,0.9943010807037354
1,1,0.9998879432678223
0,0,0.0023492309264838696
0,0,0.006839144509285688
1,1,0.9988058805465698
1,1,0.9994792342185974
1,1,0.999249279499054
1,1,0.999543309211731
0,0,1.7865606423583813e-05
0,1,0.98974609375
0,0,9.77195959421806e-05
0,0,0.00042087180190719664
1,1,0.9956027269363403
0,0,0.0025474715512245893
1,1,0.9999778270721436
1,1,0.9998332262039185
1,1,0.9954956769943237
1,1,0.9824150204658508
1,0,0.15124084055423737
0,0,8.440698002232239e-05
1,1,0.9971653819084167
1,0,0.06884384900331497
0,0,0.00045092383516021073
1,1,0.9998553991317749
1,1,0.9918013215065002
0,0,0.00015905802138149738
0,0,0.00010289566853316501
1,1,0.9997816681861877
0,0,0.016420383006334305
1,1,0.9993464350700378
1,1,0.9999443292617798
1,1,0.9983920454978943
1,0,0.1490616798400879
1,1,0.999935507774353
1,1,0.9972232580184937
0,0,8.17131221992895e-05
1,1,0.9952133893966675
1,1,0.996459424495697
0,0,4.3008018110413104e-05
1,1,0.997521698474884
1,1,0.9997826218605042
1,0,0.33926668763160706
1,1,0.9810575246810913
1,1,0.9997884631156921
1,1,0.999823272228241
1,1,0.9999257326126099
0,0,0.0019829641096293926
1,1,0.9989952445030212
1,1,0.9988975524902344
1,1,0.7993549108505249
1,1,0.9824407696723938
1,1,0.9992645382881165
0,0,0.06806984543800354
0,0,0.006140760146081448
0,1,0.5042913556098938
1,0,0.13081827759742737
1,1,0.9995573163032532
1,1,0.9999363422393799
0,0,0.0005629810621030629
1,1,0.9996063113212585
0,0,9.921231685439125e-05
0,0,5.557752592721954e-05
0,0,0.0006935184937901795
1,1,0.9893485307693481
1,1,0.9999955892562866
0,0,0.010220075957477093
1,1,0.9992749094963074
1,1,0.9995198249816895
1,1,0.9998807907104492
1,1,0.9955515265464783
0,0,0.002873253310099244
0,0,0.0014099334366619587
1,1,0.9999053478240967
0,0,0.00042145836050622165
0,0,0.00023198791313916445
1,1,0.877653956413269
0,0,6.403166480595246e-05
0,0,0.0011720736511051655
1,1,0.9985193610191345
1,1,0.9923433661460876
1,1,0.9997729659080505
0,0,0.00042615848360583186
1,1,0.9914843440055847
0,0,3.737192673725076e-05
1,1,0.9999821186065674
0,0,0.00033273111330345273
0,0,0.0005844190018251538
0,0,1.0883494724112097e-05
0,0,0.005026122089475393
1,1,0.9986265897750854
1,1,0.8167418837547302
0,0,0.0005586047773249447
0,0,0.0019198220688849688
0,0,0.003378975437954068
1,1,0.9999011754989624
1,1,0.998374342918396
1,1,0.9998483657836914
0,0,6.108908564783633e-06
0,0,7.229401944641722e-06
1,1,0.931009829044342
1,0,0.0024475897662341595
0,0,4.5116135879652575e-05
1,1,0.9996947050094604
1,1,0.9992302656173706
1,1,0.907789409160614
0,1,0.6808477640151978
0,0,0.030589289963245392
0,0,0.005103467497974634
0,0,0.0007420554757118225
0,0,5.9499867347767577e-05
0,0,0.00013937773474026471
1,1,0.9998946189880371
0,0,0.0006967490771785378
0,0,0.16807131469249725
1,1,0.9989849925041199
1,1,0.997775137424469
0,0,2.139614662155509e-05
0,0,3.546414154698141e-05
1,1,0.9992899894714355
1,1,0.999957799911499
1,1,0.9999130964279175
0,0,0.024069463834166527
0,0,0.0001303374592680484
0,0,0.011474231258034706
1,1,0.998615026473999
1,1,0.9998583793640137
0,0,0.0010585648706182837
1,1,0.9974476099014282
1,1,0.7667523622512817
1,0,0.026147760450839996
1,1,0.9998914003372192
1,1,0.9997690320014954
1,1,0.9994661211967468
0,0,0.009615585207939148
0,0,0.00010360859596403316
1,1,0.999286949634552
1,1,0.9974648952484131
0,0,0.00036407739389687777
1,1,0.9991258978843689
0,0,0.013436803594231606
0,0,0.0003629268903750926
1,1,0.9671967029571533
1,1,0.9994776844978333
1,0,0.17270152270793915
1,1,0.9998667240142822
1,1,0.9964993000030518
0,0,0.00035317198489792645
1,1,0.9998548030853271
0,0,0.061953507363796234
1,1,0.999963641166687
1,1,0.9998114705085754
0,0,0.0036117329727858305
1,1,0.9997029900550842
1,0,0.14966216683387756
0,0,0.01643906906247139
0,0,0.00028524830122478306
1,1,0.9984408020973206
1,1,0.9977746605873108
1,1,0.9998828172683716
0,0,4.508189522312023e-05
0,0,0.0012949365191161633
0,0,0.0020335449371486902
1,1,0.9999270439147949
1,1,0.9999334812164307
1,1,0.9996465444564819
0,0,7.562485734524671e-06
0,0,0.00046100496547296643
1,1,0.9994713664054871
0,0,0.00548890745267272
1,1,0.9999749660491943
0,0,5.955366304988274e-06
0,0,0.000671693473123014
1,1,0.9948800802230835
0,0,0.03949200361967087
0,0,0.0002197600988438353
0,0,7.491007636417635e-06
0,0,9.451367077417672e-06
0,0,0.0005845688283443451
0,0,2.8938966352143325e-05
1,1,0.7942256331443787
1,1,0.9949617385864258
1,1,0.9542698264122009
0,0,0.00012610547128133476
0,0,0.0036932192742824554
0,0,5.975757085252553e-05
0,0,0.018802518025040627
1,1,0.99628084897995
0,0,0.0001835603907238692
0,0,1.812324990169145e-05
0,0,0.00015217009058687836
0,0,0.0019773300737142563
0,0,0.0010225947480648756
0,0,0.003435195190832019
0,0,0.006334436126053333
0,0,0.0031700539402663708
0,0,1.0193484740739223e-05
1,1,0.6977284550666809
1,1,0.9996768236160278
0,0,2.217848305008374e-05
0,0,0.00015293828619178385
0,0,0.0011034355266019702
0,0,5.2456620323937386e-05
1,1,0.9994279742240906
0,0,0.0003213032614439726
0,0,0.00022224146232474595
0,0,0.0007780789164826274
1,1,0.9702737927436829
1,1,0.9999470710754395
1,1,0.9997574687004089
1,1,0.9998099207878113
0,0,5.964391675661318e-06
1,1,0.9999837875366211
1,1,0.9983774423599243
0,0,0.0009186721872538328
0,0,5.2918556320946664e-05
0,0,0.03717499598860741
0,1,0.766644299030304
0,0,0.02229585498571396
0,1,0.5215087532997131
1,1,0.9886334538459778
1,1,0.9932690262794495
1,1,0.9797464609146118
1,1,0.9966367483139038
0,0,8.844373951433226e-05
1,1,0.9995260238647461
1,0,0.38954800367355347
0,0,0.0009210561984218657
0,0,0.0023862216621637344
0,0,0.011292565613985062
0,0,0.0054732076823711395
0,0,6.291169120231643e-05
0,0,1.4219255035641254e-06
1,1,0.6576598286628723
0,0,0.0004263486771378666
1,1,0.9735926985740662
0,0,0.001039109076373279
0,0,0.1448054015636444
1,0,0.12374058365821838
1,0,0.07816153764724731
0,0,0.008650161325931549
0,0,9.374813816975802e-05
1,1,0.9993940591812134
0,0,0.011149353347718716
0,0,0.019150929525494576
1,0,0.2185252606868744
1,0,3.158529580105096e-05
1,1,0.9999462366104126
1,1,0.9993301630020142
1,1,0.9996254444122314
1,1,0.9745478630065918
1,1,0.9996160268783569
1,1,0.9999382495880127
1,1,0.9974808096885681
1,1,0.9998190999031067
1,1,0.9999083280563354
1,1,0.9999635219573975
1,1,0.9993269443511963
1,1,0.9999816417694092
0,0,5.50636941625271e-05
0,0,4.201626870781183e-05
0,0,6.216693873284385e-05
1,1,0.993486225605011
1,1,0.9965897798538208
1,1,0.9541076421737671
1,1,0.9813870787620544
1,1,0.8735789060592651
1,1,0.9991040825843811
0,0,0.2731667757034302
0,0,0.017327971756458282
0,0,0.014203150756657124
1,1,0.9991415739059448
1,1,0.9974416494369507
1,1,0.9999707937240601
1,1,0.9989427924156189
1,1,0.9999597072601318
1,1,0.9995194673538208
0,0,7.136604835977778e-05
1,1,0.9398349523544312
1,1,0.9681033492088318
1,1,0.99962317943573
0,0,0.002092472044751048
0,0,0.0007601260440424085
0,0,8.626060298411176e-05
1,1,0.9960023760795593
0,0,4.50280167569872e-05
0,0,0.0034232407342642546
0,0,6.83298785588704e-05
0,0,0.0045088231563568115
1,1,0.9999440908432007
1,1,0.9993665814399719
0,0,3.771696719923057e-05
0,0,0.0006919940933585167
1,1,0.9967846870422363
0,0,0.03870570287108421
0,0,0.0008565733442083001
1,1,0.9996377229690552
0,0,0.00023935892386361957
1,1,0.9641880989074707
1,1,0.9999867677688599
1,1,0.9997650980949402
1,1,0.9991408586502075
1,1,0.9999810457229614
1,1,0.9999538660049438
0,0,0.0053232270292937756
1,1,0.9987558126449585
1,1,0.997086226940155
1,1,0.9996691942214966
1,1,0.8931438326835632
0,0,7.940473005874082e-05
0,0,3.1845342164160684e-05
0,0,6.130108522484079e-05
0,0,0.00503420690074563
1,1,0.9992064833641052
1,1,0.9942341446876526
1,1,0.9975115060806274
1,1,0.999760091304779
0,0,0.0003865300095640123
1,1,0.9993879795074463
0,0,0.018611883744597435
0,0,2.649788029884803e-06
1,1,0.9997262358665466
0,0,0.0036651829723268747
0,0,0.013131586834788322
1,1,0.934827983379364
1,1,0.9990119934082031
0,0,0.010996884666383266
0,0,0.021607862785458565
0,0,0.000202640236238949
0,0,0.00015339335368480533
0,0,0.04058610275387764
1,1,0.9993715882301331
1,1,0.9962447285652161
0,0,0.0030027595348656178
1,1,0.9973135590553284
1,1,0.9999301433563232
0,0,0.001236214186064899
0,0,0.00011123427975689992
0,0,0.04854899272322655
0,0,0.00015156650624703616
0,0,0.0007871092529967427
1,1,0.9999414682388306
1,1,0.999974250793457
0,0,0.4765244126319885
0,0,7.698105764575303e-05
0,0,0.40460729598999023
0,0,0.0004133099864702672
1,1,0.8048528432846069
1,1,0.9998914003372192
0,0,0.00035667233169078827
1,1,0.9946528673171997
1,1,0.9982522130012512
0,1,0.9983721375465393
1,1,0.9683985114097595
1,1,0.9981503486633301
1,1,0.9953472018241882
1,1,0.9054162502288818
0,0,0.00029439240461215377
1,1,0.9983581900596619
0,0,0.001887492137029767
1,1,0.9996001124382019
1,1,0.998412013053894
1,1,0.9964234232902527
0,0,7.489392010029405e-05
0,0,0.00022923968208488077
1,1,0.9991294741630554
1,1,0.9999852180480957
0,0,0.0005894778296351433
1,1,0.9998805522918701
1,1,0.8131318688392639
1,1,0.999718964099884
1,1,0.9960389137268066
1,1,0.9996566772460938
1,1,0.999583899974823
1,1,0.998124897480011
1,1,0.9999840259552002
0,0,0.0005882983678020537
0,0,0.00043997334432788193
1,1,0.9992545247077942
0,0,0.009515440091490746
1,1,0.9915918111801147
1,1,0.9996519088745117
1,1,0.9964593052864075
0,0,0.0037785193417221308
1,1,0.9998821020126343
1,1,0.5439844727516174
1,1,0.9996463060379028
0,0,0.0034246479626744986
0,0,3.6014439501741435e-06
1,1,0.821919858455658
1,1,0.9999040365219116
0,0,0.00015253035235218704
0,0,0.0928407534956932
0,1,0.9775315523147583
1,1,0.9989996552467346
1,1,0.9999525547027588
1,1,0.999078631401062
1,1,0.9996857643127441
1,1,0.9981698989868164
0,0,0.0003604869416449219
0,0,0.00025995905161835253
0,0,0.0010802231263369322
0,1,0.8030005097389221
0,0,0.00568304443731904
0,0,1.6433650671388023e-06
0,0,5.874663474969566e-05
0,0,3.752255724975839e-05
0,0,5.534439333132468e-05
0,0,0.004948856774717569
0,0,0.00011777975305449218
0,0,0.013271613977849483
1,0,0.000343804043950513
1,1,0.9957597851753235
0,0,0.0017846205737441778
1,1,0.999152421951294
1,0,0.017486145719885826
1,1,0.9834293127059937
1,0,0.08649162203073502
0,0,0.08456053584814072
0,0,0.004263067618012428
0,0,0.00023033402976579964
1,1,0.8883020281791687
1,1,0.995317816734314
0,0,5.9724068705691025e-05
0,0,0.006873220670968294
0,0,0.0003431769728194922
1,1,0.9995970129966736
1,1,0.9927904605865479
0,0,0.0004047572729177773
0,0,0.0005156919360160828
0,0,0.03089834190905094
0,0,0.016720376908779144
1,1,0.9999005794525146
1,1,0.9994726777076721
0,0,3.510761962388642e-05
0,0,0.0003428795316722244
0,0,0.0002882365952245891
0,0,0.02226158045232296
1,1,0.9999887943267822
1,1,0.9999659061431885
1,1,0.9977388381958008
1,1,0.8840073347091675
1,1,0.912910521030426
1,0,0.11433127522468567
0,0,0.000356231234036386
0,0,0.00011499564425321296
1,1,0.9996991157531738
1,1,0.9990793466567993
0,0,0.00032860966166481376
1,1,0.9999613761901855
1,1,0.9997511506080627
0,0,0.002319697057828307
0,0,7.344867481151596e-05
1,1,0.999993085861206
0,1,0.9610723853111267
0,0,1.208842786581954e-05
0,0,0.2785215377807617
0,0,0.00019641398102976382
1,1,0.9839874505996704
0,0,0.000904690648894757
0,0,3.230609308957355e-06
1,1,0.9996697902679443
1,1,0.992401123046875
0,0,0.0021656302269548178
1,1,0.9998428821563721
1,1,0.9972779154777527
1,1,0.9979130625724792
0,0,4.8215253627859056e-05
0,0,0.0028211153112351894
0,0,0.0030530744697898626
0,0,0.0010948166018351912
0,0,9.635604510549456e-05
1,0,0.004437260329723358
0,0,0.0013941334327682853
1,1,0.8525295853614807
1,1,0.967246949672699
1,1,0.9996737241744995
1,1,0.995164155960083
0,0,0.07766894996166229
1,1,0.9999661445617676
1,1,0.9940370321273804
0,0,0.0014451328897848725
0,0,4.011155397165567e-05
0,0,0.0003017105918843299
0,0,1.6672140191076323e-05
0,0,0.002775533590465784
1,1,0.999976634979248
0,0,0.021838422864675522
1,0,0.011684867553412914
1,1,0.9995704293251038
0,0,0.0004134550108574331
1,1,0.9980944991111755
1,1,0.9960442781448364
0,0,5.485431756824255e-05
0,0,0.18099887669086456
1,1,0.9997465014457703
0,0,3.0311139198602177e-06
0,0,0.0001359976886305958
1,1,0.9765172004699707
0,0,0.00015347193402703851
1,1,0.9974820017814636
1,1,0.9934324026107788
1,1,0.999574601650238
0,0,0.0026011308655142784
0,0,1.4054819985176437e-05
1,1,0.9975715279579163
0,0,0.0001836060982896015
0,0,9.987354133045301e-05
0,1,0.7422234416007996
1,1,0.9963183403015137
0,0,9.960598981706426e-05
0,0,0.00028396942070685327
0,0,0.0011105906451120973
1,1,0.9796255230903625
0,1,0.9368582367897034
0,0,5.1037991397606675e-06
0,0,3.017386006831657e-05
1,1,0.9978172779083252
0,1,0.5003824234008789
1,1,0.9869372248649597
1,1,0.9988054037094116
1,1,0.9998083710670471
0,0,0.043664053082466125
0,0,0.11104731261730194
0,0,1.698274900263641e-05
1,1,0.9993025064468384
1,1,0.9812333583831787
0,0,0.10038802772760391
1,1,0.997302770614624
0,0,0.0002560735447332263
0,0,0.40693363547325134
0,0,0.0009745460702106357
1,1,0.7975600361824036
0,0,0.004148849286139011
1,1,0.8696871995925903
1,1,0.9949472546577454
1,1,0.9817967414855957
0,0,0.12568937242031097
0,0,0.0030855205841362476
0,0,0.006029991898685694
1,1,0.9976147413253784
0,0,0.001626881305128336
1,1,0.9860239028930664
1,1,0.9999843835830688
0,0,0.001743476721458137
0,1,0.7866861820220947
1,1,0.9996441602706909
1,1,0.999829888343811
1,1,0.9991154074668884
0,0,0.000298312894301489
0,0,0.00042771478183567524
0,0,0.004323858302086592
1,1,0.9998657703399658
0,0,6.205587851582095e-05
0,0,0.0015551280230283737
1,0,0.028477361425757408
1,1,0.9955276846885681
1,1,0.9998058676719666
0,0,0.0001536710624350235
0,0,0.010800516232848167
1,1,0.989021360874176
0,0,0.06193861365318298
1,1,0.9733836650848389
0,0,1.6503132428624667e-05
0,0,0.0005111409700475633
0,0,0.001020629657432437
0,0,0.15490876138210297
1,1,0.9999634027481079
1,1,0.992229163646698
1,1,0.8035317659378052
1,1,0.9996943473815918
1,0,0.04125625267624855
1,1,0.9999176263809204
1,1,0.9947393536567688
1,1,0.999103307723999
0,0,0.00019953743321821094
1,1,0.9995705485343933
0,0,6.957795267226174e-05
1,1,0.9999926090240479
0,0,0.004805121570825577
1,1,0.9933599829673767
1,1,0.9999797344207764
1,1,0.9999284744262695
0,0,4.255110616213642e-05
0,0,0.008263195864856243
1,1,0.9971352815628052
1,1,0.9997952580451965
1,1,0.9999510049819946
1,1,0.9997064471244812
1,1,0.9803446531295776
1,1,0.9999793767929077
0,0,0.00011664028716040775
0,1,0.7957688570022583
1,1,0.9999724626541138
0,0,0.00838045310229063
0,0,0.0004346424830146134
1,1,0.9986769556999207
0,0,0.0005366079858504236
1,1,0.7256744503974915
0,0,0.00013584682892542332
1,1,0.9997143149375916
0,0,0.017773563042283058
1,1,0.9985009431838989
1,1,0.999754011631012
1,1,0.9999752044677734
1,1,0.9959121942520142
1,1,0.9772252440452576
0,0,0.0021515910048037767
0,0,0.0006580169429071248
1,1,0.9980826377868652
1,1,0.999717652797699
1,1,0.9993682503700256
0,0,0.00044098065700381994
0,0,6.624681554967538e-05
0,0,0.0031744614243507385
0,0,6.475876489275834e-06
0,0,8.195080590667203e-05
0,0,0.02964157611131668
0,0,0.00034646145650185645
0,0,0.00013514990860130638
0,0,0.001085470663383603
1,0,0.2540988028049469
1,1,0.9985009431838989
0,0,0.0010234524961560965
0,0,0.16735732555389404
0,0,0.003127689938992262
1,1,0.999523401260376
0,0,0.0032535104546695948
1,1,0.999321460723877
0,0,0.012026711367070675
1,1,0.9784268140792847
1,1,0.9999815225601196
0,0,0.0005069095641374588
1,1,0.9998297691345215
1,1,0.9999711513519287
1,1,0.9998894929885864
0,0,0.0005296331946738064
0,0,0.0008749394328333437
0,0,0.00030390117899514735
1,1,0.9809091091156006
1,1,0.9929256439208984
0,0,0.024002401158213615
0,0,0.03396055847406387
1,1,0.9954538345336914
1,1,0.9969323873519897
1,1,0.985602855682373
1,1,0.9988415837287903
1,1,0.9409981369972229
0,0,0.003223532112315297
0,0,0.015369541011750698
1,1,0.9979398846626282
0,0,0.0003825810563284904
0,1,0.9545291066169739
0,0,0.004193196538835764
0,0,0.0004198179522063583
0,0,4.869750682701124e-06
0,0,0.0011758998734876513
0,0,0.014110169373452663
1,1,0.9889140725135803
1,1,0.9999911785125732
1,1,0.9995539784431458
1,1,0.9999455213546753
1,0,0.03677472844719887
1,1,0.9971745014190674
1,1,0.9998441934585571
1,1,0.9997515082359314
1,1,0.9999692440032959
1,1,0.9995412826538086
1,1,0.9992076754570007
1,1,0.9280366897583008
0,0,0.0018233454320579767
1,1,0.9998534917831421
1,1,0.9936663508415222
1,1,0.9947445392608643
1,1,0.9999957084655762
1,1,0.8090499043464661
1,1,0.999114453792572
1,1,0.9870845675468445
1,1,0.9935095906257629
1,1,0.9999699592590332
1,1,0.9996988773345947
1,1,0.9708871841430664
0,0,3.0783114198129624e-05
1,1,0.9911096096038818
1,1,0.9992567896842957
0,0,0.0008411417948082089
0,0,0.00012800366675946862
1,1,0.9976513981819153
0,0,0.001446794718503952
0,0,0.00027596051222644746
0,0,0.0004558937216643244
0,0,0.014212153851985931
0,0,0.0016330626094713807
1,1,0.9992839694023132
1,1,0.9992470741271973
0,0,0.00024337203649338335
1,1,0.9999189376831055
1,1,0.9999560117721558
0,0,0.003088809549808502
1,1,0.9998695850372314
1,1,0.9995088577270508
1,1,0.9999040365219116
0,0,2.745697202044539e-05
1,1,0.9994297623634338
1,1,0.9989721775054932
1,1,0.999127209186554
1,1,0.9999408721923828
1,1,0.9843438863754272
0,0,0.004425679333508015
1,1,0.9973795413970947
0,0,0.0011174039682373405
1,0,0.21147996187210083
1,1,0.9927369952201843
1,1,0.9992792010307312
0,0,0.001288707135245204
1,1,0.9890817403793335
1,1,0.8629181981086731
0,0,7.24810934116249e-06
0,0,0.002287112409248948
1,1,0.999496340751648
0,1,0.9937101602554321
0,0,0.00010498754272703081
1,1,0.9989631175994873
0,0,0.003457181854173541
1,1,0.997628390789032
0,0,0.0017612852388992906
0,0,0.06649401038885117
1,1,0.8167145252227783
1,1,0.9520312547683716
0,0,2.5333712983410805e-05
1,1,0.9873130917549133
0,0,0.4150659739971161
0,0,0.02105078101158142
1,1,0.9999419450759888
0,0,0.003957320004701614
1,1,0.9997678399085999
1,1,0.9998410940170288
1,1,0.9991322159767151
0,0,0.00040146440733224154
1,1,0.9998488426208496
1,1,0.9983073472976685
1,1,0.9981703758239746
1,1,0.9990537762641907
1,1,0.9993211030960083
1,1,0.9566964507102966
1,1,0.6647987365722656
0,0,1.4492471564153675e-05
1,1,0.9996235370635986
0,0,2.0497092918958515e-05
1,1,0.9967897534370422
0,0,3.655772843558225e-06
1,1,0.8391188979148865
1,1,0.9997177720069885
0,0,0.0024806868750602007
1,1,0.9973706007003784
0,0,1.2572152627399191e-05
1,1,0.9999860525131226
0,0,9.298904842580669e-06
0,0,4.714549140771851e-05
0,0,0.0002252334961667657
0,0,0.0005256960866972804
1,1,0.9994845390319824
0,0,0.0005777329206466675
0,0,0.0010206582956016064
1,1,0.9685940742492676
0,0,0.00013938304618932307
1,1,0.9999778270721436
0,1,0.9495882987976074
0,1,0.5260687470436096
1,1,0.9998729228973389
1,1,0.8391839861869812
1,1,0.9985389709472656
0,0,2.221281647507567e-05
0,0,0.0002114181697834283
0,0,0.11174535751342773
0,0,0.00030394026543945074
1,1,0.8210569024085999
1,1,0.9982897639274597
1,1,0.9998517036437988
0,0,0.026708154007792473
0,0,0.0004995907656848431
0,0,0.00015345963765867054
1,0,0.023604579269886017
1,1,0.9804526567459106
1,1,0.9999614953994751
0,0,2.501313247194048e-05
0,0,2.4581144316471182e-05
1,1,0.9995274543762207
0,0,3.300309253972955e-05
0,0,0.0003295344940852374
0,0,0.03476414829492569
1,1,0.9999539852142334
0,0,0.00018131018441636115
1,1,0.9995689988136292
0,0,0.015428455546498299
0,0,0.1312193125486374
0,0,0.3234890103340149
1,1,0.9987020492553711
1,1,0.9971297383308411
1,0,0.003474908648058772
1,1,0.9990367889404297
0,0,0.00043678199290297925
1,1,0.9988787770271301
1,1,0.999894380569458
1,1,0.7874978184700012
0,0,0.0013376424321904778
1,1,0.9268597364425659
1,1,0.9991279244422913
1,1,0.916338324546814
0,0,0.0005145162576809525
1,0,0.156108558177948
0,0,2.002421570068691e-05
0,0,1.107333810068667e-05
1,1,0.9999427795410156
1,1,0.9999046325683594
0,0,0.04345175251364708
1,1,0.982608437538147
0,0,0.015340393409132957
1,1,0.9998563528060913
0,0,0.00015027580957394093
0,0,0.00014111756172496825
1,0,0.010979763232171535
1,1,0.9947975873947144
0,0,0.34540998935699463
0,0,0.0022142711095511913
0,0,6.568080425495282e-05
0,0,4.038029146613553e-05
1,0,0.0007675607921555638
0,0,0.001066146302036941
0,0,3.093219129368663e-05
0,0,0.00015211380377877504
1,1,0.9453063607215881
1,1,0.9862567782402039
1,1,0.9992241859436035
1,1,0.995895504951477
0,0,0.001919145230203867
1,1,0.9994099140167236
0,0,0.006175043992698193
1,1,0.9583826065063477
0,0,2.6357189199188724e-05
0,0,0.0004487343830987811
0,0,0.4755096137523651
0,0,0.0004198943788651377
0,0,0.000558303261641413
0,0,0.00023419343051500618
1,1,0.9997691512107849
0,0,0.0005943258875049651
1,1,0.961487889289856
0,0,0.05380886793136597
1,1,0.9983186721801758
0,0,0.012065737508237362
1,1,0.7995918989181519
1,1,0.9984868764877319
0,0,0.0007002268102951348
1,1,0.9877449870109558
0,0,0.0002450038737151772
1,1,0.9979953765869141
1,1,0.9931550025939941
0,0,1.4083075257076416e-05
1,1,0.9996718168258667
1,1,0.9900774955749512
0,0,0.0006780860712751746
0,0,0.2064279168844223
0,1,0.9290546178817749
0,0,0.005150418262928724
0,0,0.02493881620466709
0,0,1.4168010238790885e-05
0,0,0.030912602320313454
1,1,0.9994555115699768
0,0,1.0718626981542911e-05
1,1,0.999086856842041
0,0,0.004046866204589605
1,1,0.9996292591094971
1,1,0.9999655485153198
1,1,0.9999581575393677
1,1,0.9995997548103333
1,1,0.9992170333862305
1,1,0.9997947812080383
1,1,0.999847412109375
0,0,0.0480494387447834
1,1,0.8696625828742981
0,0,0.00010326713527319953
0,0,0.07648192346096039
0,0,0.022027507424354553
1,1,0.9998292922973633
0,0,0.0002973117516376078
0,0,0.0006210852297954261
0,0,0.02585984393954277
0,0,0.04843537509441376
0,0,0.0009559486643411219
0,0,0.00011043580889236182
0,0,0.00023312694975174963
0,0,0.0001263160811504349
0,0,5.0090529839508235e-05
1,1,0.9999681711196899
0,0,0.009381878189742565
0,0,9.57329903030768e-05
0,0,1.5214994164125528e-05
0,0,0.002119828015565872
0,0,0.00482370238751173
0,0,0.0009297746582888067
1,1,0.9992254972457886
1,1,0.9442368745803833
1,1,0.9924416542053223
1,1,0.9996956586837769
0,0,0.0037738012615591288
1,1,0.9986438155174255
0,0,1.6660571418469772e-05
1,1,0.8069949746131897
0,0,0.004636622965335846
1,1,0.9996172189712524
0,0,0.0028763422742486
0,0,0.0019641080871224403
0,0,9.31502872845158e-05
0,0,0.0014208887005224824
0,0,0.0009939336450770497
0,0,0.0013477472821250558
1,1,0.9915928840637207
1,1,0.9943947792053223
1,1,0.9991452693939209
0,0,0.001003552577458322
0,1,0.9912689924240112
1,1,0.9996188879013062
0,0,0.0006282500107772648
0,0,0.0015728829894214869
0,0,0.00017421759548597038
0,0,0.0009748965385369956
0,0,0.0032738817390054464
1,1,0.9986507296562195
0,0,5.76420861762017e-05
1,1,0.9896717071533203
1,1,0.9990830421447754
1,0,0.3534804880619049
1,1,0.9996672868728638
1,0,0.07944305986166
1,1,0.9817962050437927
1,1,0.9998268485069275
1,1,0.8966301679611206
1,1,0.9998927116394043
0,0,0.0028713278006762266
0,0,0.019678188487887383
0,0,1.8408818505122326e-05
0,0,9.405150194652379e-05
0,0,0.012443381361663342
1,1,0.9929921627044678
0,0,0.011855773627758026
0,0,0.020567163825035095
1,1,0.9999575614929199
0,0,0.001236766460351646
1,1,0.9951477646827698
1,1,0.9016174077987671
0,0,0.007260385435074568
0,0,0.11957457661628723
0,0,5.1618198995129205e-06
1,1,0.9979682564735413
0,0,3.1452444090973586e-05
0,0,0.0008737609605304897
0,0,0.00070146843791008
1,1,0.985744297504425
0,0,0.0008915084763430059
0,0,0.0007868680404499173
0,0,0.0001307325146626681
1,0,0.02662268467247486
0,0,0.00042849956662394106
0,0,0.0005305793019942939
0,0,0.00040426678606308997
1,1,0.9836501479148865
1,1,0.9998705387115479
1,1,0.9972919821739197
0,0,0.0013087827246636152
1,1,0.9898390769958496
1,1,0.9997814297676086
0,0,9.472529200138524e-05
0,0,0.1792280226945877
1,1,0.9923362135887146
0,0,0.2783612310886383
1,1,0.9998757839202881
1,0,0.0018739891238510609
1,1,0.9957767128944397
0,0,1.4502176782116294e-05
0,0,0.0003526922082528472
1,1,0.9987823367118835
0,0,0.017167670652270317
0,0,0.02037660963833332
0,0,0.0008480892283841968
0,0,0.0005246330983936787
1,1,0.5476471185684204
1,1,0.9997084736824036
1,1,0.9989861845970154
0,0,0.0010255181696265936
1,1,0.9997707009315491
1,1,0.9431390762329102
1,1,0.9920161962509155
1,1,0.9927058815956116
0,0,0.003585797967389226
1,1,0.9906044602394104
1,1,0.9852132201194763
1,1,0.9986949563026428
1,1,0.9772164821624756
1,1,0.9581016302108765
1,1,0.9998915195465088
1,1,0.9996902942657471
1,1,0.8842846155166626
1,1,0.9492154717445374
1,1,0.9953468441963196
1,1,0.9999099969863892
1,1,0.9998542070388794
1,0,0.33460938930511475
1,1,0.9948328733444214
0,0,0.0005334965535439551
0,0,4.1190633055521175e-05
0,0,3.2368418033001944e-05
0,0,0.000244766881223768
1,1,0.9999250173568726
0,0,4.831596015719697e-06
1,1,0.9993932247161865
0,0,0.00016836482973303646
0,0,0.0031753666698932648
0,0,0.013821624219417572
0,0,0.00047038227785378695
1,1,0.999975323677063
0,0,0.0011282563209533691
0,0,0.002422258025035262
1,1,0.9997991919517517
0,0,7.038000330794603e-05
1,1,0.9993995428085327
0,0,0.0011616627452895045
0,0,0.0010174026247113943
0,1,0.9997280240058899
0,0,0.006591838784515858
0,0,0.004164104349911213
0,0,1.7768550605978817e-05
1,1,0.9999010562896729
0,1,0.7646145820617676
0,0,0.00033887859899550676
0,1,0.9348456263542175
1,1,0.9999215602874756
1,1,0.9998823404312134
0,0,0.0001684422168182209
0,0,0.00025913649005815387
0,0,3.116848529316485e-05
1,1,0.9993364214897156
0,0,0.0007624344434589148
1,1,0.974604070186615
0,0,0.013170846737921238
0,0,3.2275762350764126e-05
0,0,0.0003187401161994785
1,1,0.999937891960144
0,0,0.0013238833053037524
0,0,0.038843847811222076
1,1,0.9989956021308899
0,0,1.5908195564406924e-05
0,0,0.0009921243181452155
1,1,0.9885497689247131
1,1,0.9962277412414551
1,1,0.9994792342185974
1,1,0.9968491196632385
0,0,0.0010568620637059212
1,1,0.9986748695373535
0,0,0.0018181457417085767
1,1,0.9998701810836792
1,1,0.9886685013771057
1,1,0.9997621178627014
0,0,2.9470686058630235e-05
1,1,0.9978790283203125
0,0,0.0011811699951067567
0,0,0.000978841446340084
0,0,0.0012220400385558605
1,1,0.9985525012016296
1,1,0.9997884631156921
1,1,0.9994528889656067
1,1,0.9180428981781006
1,1,0.9930863380432129
0,0,0.0399763286113739
1,1,0.9869399070739746
1,1,0.9764957427978516
0,0,2.34633480431512e-05
0,0,0.005249794106930494
1,1,0.9998094439506531
1,1,0.9872021079063416
0,0,2.692764246603474e-05
0,0,0.0005212891264818609
1,1,0.9999771118164062
0,0,5.315168891684152e-06
0,0,0.325314462184906
1,1,0.998762845993042
0,0,0.000645115680526942
1,1,0.9997000694274902
1,1,0.9999442100524902
0,0,0.0025556045584380627
0,0,0.0005523589206859469
0,0,0.013094672001898289
1,1,0.9999421834945679
1,1,0.9999772310256958
1,1,0.9998990297317505
0,0,0.024052880704402924
1,0,0.0009295364143326879
1,1,0.9998441934585571
1,1,0.9841390252113342
1,1,0.9519720077514648
1,1,0.999861478805542
1,1,0.9966350197792053
1,1,0.9997661709785461
1,1,0.9993994235992432
0,0,0.0019252727506682277
0,0,0.0016391323879361153
1,1,0.9810015559196472
1,1,0.9788529276847839
1,1,0.9994869232177734
1,1,0.9946424961090088
1,1,0.9999451637268066
1,1,0.9990149736404419
0,1,0.6288722157478333
1,1,0.9998575448989868
0,0,2.8965107503609033e-06
1,1,0.9986182451248169
1,1,0.9999797344207764
0,0,0.000906950153876096
0,0,6.547112570842728e-05
0,0,0.004229584708809853
0,0,0.02985980734229088
1,1,0.999408483505249
1,1,0.9930539727210999
1,1,0.9996238946914673
0,0,0.035376302897930145
1,1,0.9997830986976624
1,1,0.9998654127120972
1,1,0.9966852068901062
1,1,0.9996793270111084
0,0,0.0001129955708165653
0,0,0.00011311933485558257
0,1,0.8962603807449341
0,0,1.2208603948238306e-05
0,0,7.653759894310497e-06
1,1,0.9982357025146484
1,1,0.9978821873664856
1,1,0.8139787912368774
1,1,0.9992836117744446
1,1,0.9989811778068542
0,0,0.00046704013948328793
0,0,7.148899749154225e-05
0,0,0.0002113393711624667
1,1,0.9998247027397156
1,1,0.8651398420333862
1,1,0.8586557507514954
1,1,0.997645914554596
0,0,0.1324712336063385
1,1,0.9998359680175781
1,1,0.9472212195396423
1,1,0.9994613528251648
1,1,0.884986937046051
1,1,0.9974669218063354
0,0,0.0004101595841348171
0,0,0.003888840554282069
1,1,0.9986981153488159
1,1,0.9999160766601562
1,1,0.9997885823249817
0,0,0.00011757797619793564
0,0,0.00011672663094941527
1,1,0.9986155033111572
1,0,0.4914643168449402
1,1,0.9926776885986328
0,0,9.046722698258236e-05
1,1,0.9994398951530457
1,1,0.9998613595962524
0,0,8.988328045234084e-05
0,0,0.00029038338107056916
0,0,0.012299181893467903
0,0,0.0004825458163395524
0,0,4.587970397551544e-05
1,1,0.9998979568481445
1,1,0.9794090390205383
1,1,0.9995573163032532
1,1,0.9798025488853455
0,0,1.24622229122906e-05
1,1,0.9999077320098877
0,0,0.0001866579259512946
0,0,0.00034767595934681594
1,1,0.9903295040130615
0,0,3.73892871721182e-05
1,1,0.998855471611023
1,1,0.9897356033325195
1,1,0.999818742275238
1,1,0.9999597072601318
0,0,0.08264723420143127
1,1,0.9091391563415527
0,0,7.354631748057727e-07
0,0,0.0007490258431062102
0,0,0.0034341507125645876
0,0,5.088575562695041e-05
0,0,0.0017846173141151667
0,0,0.001004726393148303
0,0,0.1317492425441742
0,0,0.0002384332474321127
1,1,0.5164954662322998
0,0,0.0003432140510994941
1,1,0.9978651404380798
0,0,0.0016807145439088345
0,0,0.03667258098721504
0,0,0.004192551597952843
0,0,0.0018353636842221022
1,1,0.9867158532142639
0,0,1.8482453015167266e-05
1,1,0.851571798324585
0,0,5.893375782761723e-05
0,0,7.096832177921897e-06
0,0,0.0035752488765865564
0,0,0.008674459531903267
0,0,0.00018171117699239403
0,0,8.672727562952787e-05
1,1,0.9966365098953247
0,0,0.015595617704093456
1,0,0.08516185730695724
0,0,0.144222691655159
0,0,0.00010095670586451888
1,1,0.9998050332069397
0,0,0.0816115215420723
0,0,5.0755821575876325e-05
0,0,0.003138108178973198
0,0,4.476684262044728e-05
0,0,0.0047604176215827465
0,0,0.002985552651807666
0,0,3.689873483381234e-05
0,0,0.0026173286605626345
1,1,0.992476761341095
0,0,0.0006810198538005352
0,0,0.0017581473803147674
1,1,0.9993641972541809
0,0,0.00013320289144758135
0,0,0.00019795077969320118
1,1,0.9989206790924072
0,0,0.0030529990326613188
0,0,0.4361323118209839
0,0,0.00018777001241687685
1,1,0.8373095393180847
0,0,0.02657049335539341
0,0,0.00029610219644382596
0,0,0.00024200383631978184
0,0,9.383435099152848e-05
0,0,0.00012724367843475193
1,1,0.9988150596618652
0,0,0.1473911851644516
0,0,0.0008342654909938574
0,0,0.0005631390959024429
1,1,0.9898545145988464
1,1,0.9896820187568665
1,1,0.9960281848907471
0,0,0.006566046737134457
1,1,0.9997205138206482
0,0,9.756299550645053e-05
0,0,0.00031790981302037835
0,0,0.003571664448827505
0,0,0.006151954177767038
1,1,0.9931415915489197
0,0,0.02149328961968422
0,0,0.02368222177028656
0,0,1.1453257684479468e-05
0,0,0.000474459957331419
0,0,0.011471861973404884
1,1,0.9999606609344482
0,0,0.0003271950699854642
1,1,0.9967086315155029
0,0,0.007955986075103283
1,1,0.9985248446464539
0,0,3.158150502713397e-05
1,1,0.9898167848587036
1,1,0.9993578791618347
1,1,0.9993427395820618
1,1,0.999969482421875
1,1,0.9856116771697998
1,1,0.9999476671218872
1,1,0.9946424961090088
0,0,0.00012896148837171495
0,0,0.017859600484371185
1,1,0.9202432632446289
0,1,0.6579843163490295
0,1,0.8394886255264282
0,1,0.8685087561607361
0,0,0.08858241140842438
1,1,0.9991675615310669
0,0,0.006843748968094587
0,0,0.014174778014421463
1,1,0.9998708963394165
1,1,0.9963656663894653
0,0,5.253876588540152e-05
0,0,0.0003256956406403333
1,1,0.9998015761375427
1,1,0.9768889546394348
0,0,0.003695092163980007
0,0,0.000881124462466687
0,0,0.0021640202030539513
1,1,0.9997873902320862
0,0,0.0031276987865567207
1,1,0.9980499744415283
1,1,0.9971502423286438
1,1,0.9998273253440857
0,0,0.00016126416448969394
0,0,0.40371304750442505
1,1,0.9997891783714294
1,1,0.998673677444458
0,0,0.001249943976290524
1,1,0.9998282194137573
1,1,0.9983600974082947
0,0,0.00019908287504222244
1,1,0.9978415966033936
1,1,0.9989207983016968
0,0,5.376083208830096e-05
0,0,0.04703593999147415
1,1,0.9993084669113159
0,0,0.0009521264582872391
0,0,0.00010734208626672626
0,0,0.001337787602096796
0,0,7.226605521282181e-05
1,1,0.9999492168426514
0,0,0.019453613087534904
0,0,0.001686285831965506
1,1,0.9955209493637085
0,0,0.003140082350000739
0,0,6.982747436268255e-05
0,0,0.004061526153236628
1,0,0.039812445640563965
0,0,0.00045382289681583643
1,1,0.9992990493774414
1,1,0.997365415096283
1,1,0.9767259359359741
1,1,0.9983831644058228
1,1,0.9998799562454224
0,0,0.025823034346103668
1,1,0.9961572289466858
0,0,0.00021148934320081025
0,0,0.0006468156934715807
0,0,0.0002580866275820881
0,0,0.0370018444955349
0,0,4.849252218264155e-05
1,1,0.999868631362915
1,1,0.9984122514724731
1,1,0.9989487528800964
0,0,0.006355420220643282
0,0,0.002821045694872737
0,0,0.01665729098021984
1,1,0.9469059109687805
1,1,0.9980132579803467
1,1,0.9983736276626587
0,0,0.0001798240264179185
0,0,0.0076066721230745316
0,0,0.0004136075731366873
0,0,0.0017306511290371418
1,1,0.9757059812545776
0,0,0.0036737637128680944
1,1,0.9868760108947754
1,1,0.9999793767929077
0,0,5.1751817409240175e-06
0,0,0.05788920447230339
0,0,0.2081301212310791
0,0,0.00024207167734857649
1,1,0.7398282885551453
0,0,4.419282504386501e-06
0,0,0.0293497946113348
0,0,0.029558090493083
0,0,0.0028527146205306053
1,1,0.9999510049819946
1,1,0.9998558759689331
0,0,0.0019165012054145336
1,1,0.9898554086685181
0,0,0.018924687057733536
1,1,0.9999576807022095
1,1,0.9991794228553772
1,1,0.9899764657020569
1,1,0.9002495408058167
0,0,0.0014118230901658535
1,1,0.9999308586120605
1,1,0.9997205138206482
1,1,0.9999593496322632
0,0,0.06396784633398056
0,0,0.00035918201319873333
0,0,0.0032195784151554108
1,1,0.9504130482673645
0,0,0.0005394603358581662
1,1,0.9986850619316101
0,0,0.22102881968021393
0,0,0.0003702729009091854
1,1,0.9974437952041626
1,1,0.9461349248886108
1,1,0.9998574256896973
0,0,0.0021304483525455
0,0,0.0045359269715845585
1,1,0.996253490447998
0,0,0.004915531724691391
0,0,0.054766878485679626
0,0,0.0032246585469692945
0,0,0.005543906707316637
0,0,0.00021631580602843314
0,0,0.0024329128209501505
0,0,0.057791199535131454
1,1,0.9999512434005737
0,0,0.0015907365595921874
0,0,0.20216147601604462
0,0,0.00048154391697607934
0,0,0.00936441496014595
1,1,0.9821555018424988
1,1,0.9999343156814575
0,0,0.0003539207682479173
0,0,4.615595389623195e-05
0,0,0.0006707895663566887
0,0,5.608283026958816e-05
0,0,0.06374096870422363
1,1,0.5834455490112305
0,0,0.0004352519754320383
0,0,0.46940967440605164
0,0,0.06099271401762962
0,0,0.008178841322660446
0,0,0.12134002894163132
0,0,1.9356793927727267e-06
0,0,5.11657890456263e-05
0,0,0.00021054732496850193
1,0,0.1688002347946167
1,1,0.9998617172241211
0,0,0.01632574014365673
0,0,0.00019283681467641145
0,0,0.00016948879056144506
0,0,0.00025127039407379925
0,0,3.016418986589997e-06
0,0,0.001925567863509059
0,0,0.002959334757179022
0,0,0.00010723753075581044
1,1,0.999619722366333
0,0,0.004336798097938299
0,0,7.211673801066354e-05
0,0,0.005866022314876318
1,1,0.9997957348823547
1,1,0.9999839067459106
1,1,0.9983850717544556
0,0,0.05523388460278511
1,1,0.9998255372047424
1,1,0.787826657295227
0,0,2.0693518308689818e-05
1,1,0.9444296956062317
0,0,0.0005943530122749507
1,1,0.7741661071777344
1,0,0.14599867165088654
0,0,0.0010350355878472328
1,1,0.8245118260383606
1,1,0.9992802739143372
1,1,0.9997137188911438
1,1,0.9998831748962402
0,0,0.0006899911677464843
1,1,0.99986732006073
1,0,0.3896256983280182
0,0,1.8456721591064706e-05
1,1,0.9985432624816895
0,1,0.7489843368530273
0,0,0.0004802244366146624
0,0,0.0012157398741692305
0,0,0.2488728016614914
1,1,0.9143561720848083
1,1,0.9998823404312134
1,1,0.9998524188995361
1,0,0.12354245781898499
0,0,0.014891276136040688
1,1,0.9917238354682922
1,1,0.999082088470459
0,0,0.14670608937740326
1,1,0.9992085099220276
1,1,0.9970220923423767
1,1,0.9979369640350342
1,1,0.787247896194458
0,0,2.7757580028264783e-05
1,1,0.9999268054962158
1,1,0.9607668519020081
1,1,0.9899770617485046
0,0,0.4311748147010803
1,1,0.9977068901062012
1,1,0.9999693632125854
1,1,0.9998155236244202
0,0,0.0020504321437329054
1,1,0.9921118021011353
1,1,0.9993571639060974
0,0,0.0028038625605404377
0,0,0.00682150200009346
0,0,0.043677132576704025
0,0,9.278945981350262e-06
1,1,0.5831690430641174
0,0,0.02574755996465683
0,0,2.9479146178346127e-05
1,1,0.9926808476448059
1,0,0.060922667384147644
1,1,0.9873942136764526
1,1,0.999882698059082
0,0,0.0015497383428737521
0,0,0.007095830515027046
1,1,0.9984567165374756
1,1,0.9251988530158997
1,1,0.9999061822891235
0,0,0.13289333879947662
0,0,0.0015337273944169283
1,1,0.9947113990783691
0,0,0.00022027971863280982
0,0,7.987505523487926e-05
1,1,0.9994749426841736
0,0,0.0015116179129108787
1,1,0.9972802400588989
1,1,0.9987484216690063
0,0,0.1461976170539856
1,1,0.9996298551559448
1,1,0.9963521957397461
1,1,0.999620795249939
1,1,0.9997929930686951
1,1,0.9319506287574768
0,0,0.0011263935593888164
0,0,0.002585745183750987
1,1,0.99982750415802
1,1,0.8194942474365234
0,0,3.791708149947226e-05
1,1,0.9995757937431335
0,0,0.00247179064899683
1,1,0.9993719458580017
1,1,0.9923506379127502
1,1,0.9984996318817139
1,1,0.999942421913147
1,1,0.9208078980445862
0,0,0.0032182964496314526
0,0,2.669881359906867e-05
1,1,0.9997952580451965
1,1,0.9999464750289917
0,0,0.22893062233924866
1,1,0.9997631907463074
1,1,0.9997922778129578
0,0,0.003610185580328107
1,1,0.9997389912605286
1,1,0.9999706745147705
0,0,0.00010542334348428994
0,0,0.0034837620332837105
0,0,0.007038726005703211
0,0,0.0016507752006873488
1,1,0.9999014139175415
1,1,0.99996018409729
1,1,0.9966740608215332
1,1,0.9940046668052673
0,0,8.372183219762519e-05
1,1,0.988549530506134
0,0,0.0025416091084480286
0,0,0.22335223853588104
1,1,0.9994381070137024
1,1,0.9994112253189087
1,1,0.9991704225540161
0,0,0.0954337790608406
0,0,0.006124536972492933
0,0,0.0015364183345809579
0,0,0.03362584114074707
1,1,0.9844838976860046
0,0,0.011711064726114273
0,0,1.5701014490332454e-05
0,0,1.2427473848219961e-05
1,1,0.9956411123275757
1,1,0.9996178150177002
1,1,0.9952073693275452
0,0,0.02426704578101635
1,1,0.9998220801353455
1,1,0.990412175655365
1,1,0.9800641536712646
0,0,0.0005236162105575204
0,0,0.08387285470962524
0,0,5.297672760207206e-05
0,0,0.0005608609644696116
0,0,0.0018176559824496508
0,0,0.00010517932969378307
0,0,0.0010211134795099497
0,0,0.0007801885949447751
1,1,0.9806402921676636
1,1,0.9988484382629395
0,0,0.1314631998538971
1,1,0.9999518394470215
0,0,0.0071091423742473125
0,0,0.011026625521481037
0,0,0.00015274751058313996
0,0,0.09554877132177353
1,1,0.9999979734420776
1,1,0.9990862607955933
1,1,0.9999098777770996
0,0,0.0059814127162098885
0,0,0.016162682324647903
1,1,0.9994227886199951
0,0,2.635723831190262e-05
0,0,0.00851883552968502
0,0,0.00036681766505353153
0,0,0.00020963189308531582
0,0,0.00678492384031415
0,0,1.0418051715532783e-05
0,0,0.0001324573822785169
0,0,0.001289415406063199
1,1,0.9996228218078613
1,1,0.9669798016548157
1,1,0.9993519186973572
1,1,0.949604868888855
1,1,0.999895453453064
1,1,0.9887158274650574
0,0,0.001961340429261327
0,0,0.00010838741582119837
0,0,0.000169097664183937
0,0,0.3396538496017456
1,1,0.9967143535614014
1,1,0.9999498128890991
1,1,0.9985382556915283
0,1,0.6125088334083557
0,0,3.67983739124611e-05
1,1,0.9999402761459351
1,1,0.9995891451835632
1,1,0.9751635193824768
0,0,0.003074108390137553
1,1,0.9996178150177002
0,0,3.269833905505948e-05
0,0,2.0418196072569117e-05
1,1,0.9997650980949402
0,0,0.00013479402696248144
0,0,0.0027095756959170103
0,0,0.0003025854239240289
1,1,0.9997561573982239
1,1,0.9961234927177429
0,0,0.00010473495785845444
1,1,0.9999116659164429
1,1,0.9508920311927795
1,1,0.9936299920082092
0,0,0.001994973747059703
0,0,0.0001784231571946293
0,0,1.9749697457882576e-05
0,0,3.814448064076714e-05
0,0,0.00021975046547595412
0,0,0.00013836777361575514
0,0,4.314753823564388e-06
0,0,0.00015657991752959788
0,0,1.1268727575952653e-05
0,0,0.0004714780952781439
0,0,3.5339933674549684e-05
0,0,0.02851879969239235
0,0,0.027458304539322853
1,1,0.5629534721374512
0,0,5.112862345413305e-05
0,0,0.001050933264195919
0,0,0.00013349966320674866
0,0,0.0004848871612921357
0,0,0.0010541058145463467
0,0,5.423363472800702e-05
0,0,1.853874778134923e-06
1,1,0.999929666519165
0,0,0.000348693662090227
1,1,0.9999099969863892
0,0,0.001943086856044829
1,1,0.9998859167098999
0,0,0.00019350041111465544
0,0,0.0003072482068091631
1,1,0.9975001215934753
0,0,3.521116013871506e-05
1,0,0.027400990948081017
1,1,0.9990369081497192
0,0,3.9887832826934755e-05
1,1,0.998700737953186
1,1,0.9998177886009216
1,1,0.9983928799629211
0,0,0.00031036007567308843
0,0,2.88243518298259e-06
0,0,6.425804895116016e-05
0,0,7.947655103635043e-05
0,0,0.0005111229256726801
0,0,7.96048843767494e-05
0,0,0.006848813500255346
0,0,0.0007304748287424445
0,0,7.001621270319447e-06
0,1,0.8540260195732117
0,0,0.0004436217132024467
0,0,0.005893208086490631
1,1,0.9968734383583069
0,0,0.47281211614608765
0,0,0.00537567725405097
0,0,8.347926268470474e-06
0,0,0.0010911187855526805
1,1,0.9852486252784729
0,0,3.667463533929549e-05
0,0,0.011911900714039803
1,1,0.9995249509811401
1,1,0.8951782584190369
0,0,0.001222063903696835
1,1,0.9951717257499695
1,1,0.986396849155426
1,1,0.9999397993087769
1,1,0.9460598826408386
1,1,0.9999505281448364
1,1,0.9994145631790161
1,1,0.9968151450157166
0,0,0.00024232198484241962
1,1,0.9993190765380859
0,0,0.0006420791614800692
1,1,0.9987363219261169
0,0,0.04289707541465759
1,1,0.9993674159049988
0,0,0.000279586500255391
1,1,0.9998692274093628
1,1,0.999259889125824
0,0,0.0012086632195860147
0,0,5.744868303736439e-06
0,0,0.000280313310213387
1,1,0.998013973236084
1,1,0.9996187686920166
1,1,0.9998437166213989
1,1,0.9993436932563782
1,1,0.9999704360961914
1,1,0.9997413754463196
0,0,0.00010157877841265872
1,1,0.9987138509750366
1,1,0.9713693857192993
1,1,0.9962295889854431
1,1,0.9102227091789246
1,1,0.9470998048782349
1,1,0.9968090653419495
1,1,0.9999173879623413
1,1,0.9957908391952515
0,0,0.0009941085008904338
0,0,0.0002023961569648236
1,1,0.9974028468132019
1,1,0.98888099193573
0,1,0.5069984197616577
1,1,0.6326208710670471
0,0,0.002544460818171501
1,1,0.9984671473503113
1,1,0.9991451501846313
1,1,0.9991050362586975
1,1,0.9997832179069519
1,1,0.8946657776832581
1,1,0.9968082308769226
1,0,0.017443105578422546
1,1,0.9998216032981873
0,0,0.009287587366998196
0,0,0.0013241077540442348
1,1,0.9996440410614014
0,0,0.020066682249307632
0,0,0.34659162163734436
1,1,0.9973391890525818
1,1,0.9999397993087769
1,1,0.9997826218605042
0,0,0.00022003473713994026
1,1,0.9995360374450684
0,0,0.0031300873961299658
1,1,0.9996019005775452
1,1,0.6495118737220764
1,0,0.021493950858712196
0,0,7.157480467867572e-06
1,1,0.9950843453407288
0,0,3.968011515098624e-05
1,1,0.997109591960907
0,0,0.0014210186200216413
1,1,0.9910506010055542
0,0,0.0004712008812930435
0,0,0.0005089221522212029
1,1,0.9930041432380676
1,1,0.9891970753669739
0,0,0.4758581221103668
0,0,0.0007465083035640419
0,0,0.12476812303066254
1,0,0.03431547060608864
0,0,0.00028918046155013144
0,1,0.9632561802864075
0,0,2.3162989236880094e-05
0,0,0.00011368001287337393
1,1,0.99893718957901
1,1,0.9998338222503662
1,1,0.9997406601905823
1,1,0.9995429515838623
1,1,0.9990637898445129
1,1,0.9997778534889221
0,0,0.06810842454433441
0,0,0.00013742040027864277
0,0,2.185752055083867e-05
1,1,0.9996664524078369
0,0,0.0029402505606412888
0,0,0.0001293253735639155
0,1,0.9982510209083557
0,0,0.02049083262681961
0,0,0.0005229705129750073
0,0,9.606769162928686e-05
1,1,0.9990639090538025
1,1,0.9998672008514404
1,0,0.21232308447360992
1,1,0.8589757680892944
1,1,0.9996656179428101
1,1,0.9994884729385376
1,1,0.9823931455612183
1,1,0.7865827679634094
0,0,0.0002411507157376036
0,0,0.0008747147512622178
0,0,0.00837413128465414
1,1,0.9919635057449341
0,0,0.0001443399378331378
1,1,0.9997225403785706
1,1,0.9999293088912964
1,1,0.9993532299995422
0,0,8.084627916105092e-05
1,1,0.9988157749176025
1,1,0.9903284907341003
1,1,0.9986724853515625
0,0,0.002380091929808259
1,1,0.998313307762146
0,0,0.0004713945381809026
0,0,0.0022995281033217907
1,1,0.9997691512107849
1,1,0.9999668598175049
1,1,0.9977620840072632
0,0,0.0008034172933548689
1,1,0.9945778846740723
0,0,0.00010742205631686375
1,1,0.9987514019012451
1,1,0.9999403953552246
0,0,0.0009154733852483332
1,1,0.999937891960144
0,0,2.639865670062136e-06
0,0,0.014995262958109379
0,0,0.0003269833396188915
0,0,1.7016438505379483e-05
1,1,0.7320001721382141
0,1,0.6220170855522156
0,0,0.00038201650022529066
0,0,0.0006917567225173116
1,1,0.9983916878700256
0,0,9.292014874517918e-05
1,1,0.8149144053459167
1,1,0.999846339225769
1,1,0.9998359680175781
1,1,0.9988642930984497
0,0,0.000969061569776386
0,1,0.6826698184013367
1,0,0.22769342362880707
0,0,1.344404518022202e-05
0,0,0.00023740247706882656
0,0,0.39327549934387207
1,1,0.9978657364845276
1,1,0.9987334609031677
1,1,0.9967503547668457
1,1,0.9300447106361389
1,1,0.9938167929649353
1,1,0.9997616410255432
1,1,0.9954882264137268
1,1,0.9911671280860901
1,1,0.9994914531707764
1,1,0.9997819066047668
0,0,0.07096051424741745
1,1,0.9990328550338745
0,0,0.0538661926984787
1,1,0.9994872808456421
0,0,3.2438194466521963e-05
0,0,0.0012464735191315413
1,1,0.9998552799224854
0,0,0.00013054815644863993
1,1,0.9997403025627136
1,1,0.9881935715675354
1,0,0.09885908663272858
0,0,0.0009405373129993677
0,0,0.0012853109510615468
1,1,0.9992793202400208
1,1,0.9999157190322876
1,1,0.9992639422416687
1,1,0.9578651189804077
1,1,0.99919193983078
1,1,0.9991279244422913
1,1,0.999479353427887
1,1,0.999832034111023
1,1,0.9999250173568726
1,1,0.9994134902954102
0,1,0.9938628673553467
0,0,0.0071878377348184586
0,0,3.098314846283756e-05
1,1,0.9957475066184998
0,0,0.008153664879500866
0,0,0.0021147895604372025
1,1,0.9998134970664978
0,0,0.0041548409499228
0,0,0.0030651867855340242
0,0,6.745438440702856e-05
1,1,0.9937071204185486
1,1,0.9995889067649841
0,0,5.7238827139372006e-05
1,1,0.9977649450302124
1,1,0.998499870300293
1,1,0.9991492033004761
0,0,0.012945156544446945
0,0,0.032110147178173065
0,0,1.9761757357628085e-05
0,0,0.0031695025973021984
0,0,4.2916002712445334e-05
1,1,0.9997420907020569
0,0,0.007429712451994419
0,0,5.5455282563343644e-05
1,1,0.9992139339447021
0,0,0.00029824182274751365
0,0,0.000175013454281725
1,1,0.9948269724845886
1,1,0.9967634677886963
0,0,0.00011599541903706267
0,0,0.17835375666618347
0,0,0.0164398942142725
1,1,0.9992648959159851
1,1,0.99704509973526
0,1,0.9732345342636108
0,0,0.0012907442869618535
1,1,0.9984801411628723
1,1,0.9968104958534241
0,0,0.0008271800470538437
1,1,0.9988625049591064
1,1,0.9692583084106445
1,1,0.9995935559272766
1,1,0.9999556541442871
1,1,0.9999350309371948
1,1,0.9796420335769653
0,0,0.00015064279432408512
1,1,0.9999294281005859
1,1,0.9999854564666748
0,0,1.3173520528653171e-05
0,0,0.0022608665749430656
0,0,0.011980747804045677
0,0,0.09247450530529022
1,1,0.996987521648407
1,1,0.999716579914093
1,1,0.9982869029045105
1,0,0.1022927314043045
1,1,0.9999767541885376
1,1,0.9931018352508545
1,1,0.5151711702346802
0,0,0.0003412214864511043
1,1,0.9993700385093689
0,0,0.0001977198844542727
1,1,0.9999593496322632
0,0,0.0006548257661052048
0,0,0.22591546177864075
1,1,0.9994250535964966
0,0,0.004986204672604799
1,1,0.9974363446235657
0,0,0.004939519800245762
0,0,0.03489326313138008
1,1,0.9512850046157837
0,0,0.0010486330138519406
0,1,0.9835394620895386
0,0,0.0016089266864582896
0,0,0.00026911712484434247
0,0,0.0005729199619963765
0,0,0.00023653691459912807
0,0,3.437132545514032e-05
1,0,0.22566041350364685
0,0,1.6285068340948783e-05
0,0,0.3947339355945587
0,0,8.865263225743547e-05
0,0,0.0040177395567297935
0,0,0.01586504839360714
0,0,5.058115129941143e-05
1,0,0.3933715522289276
1,1,0.9994426369667053
0,0,5.548903573071584e-05
1,1,0.9993353486061096
1,1,0.9960877895355225
0,0,1.8606071535032243e-05
0,0,7.90895355748944e-05
0,0,9.308155858889222e-05
0,0,0.00466278288513422
0,0,4.2393548937980086e-05
1,1,0.9969080090522766
0,0,0.003829733934253454
0,0,2.4591132387286052e-05
1,1,0.9989333748817444
1,1,0.9998071789741516
0,0,0.0008068967727012932
0,0,2.7221074560657144e-05
1,1,0.9983028173446655
1,1,0.9951901435852051
1,1,0.9997003078460693
0,0,9.274885087506846e-05
0,0,0.015916232019662857
1,0,0.07140757888555527
0,0,0.00673201959580183
0,0,0.00201231287792325
1,1,0.9982205033302307
1,1,0.9999630451202393
0,0,1.6788611901574768e-05
0,0,0.10318084806203842
1,1,0.9982800483703613
1,1,0.9988985061645508
0,0,0.008134202100336552
1,1,0.9675671458244324
0,0,0.019100399687886238
1,1,0.9997063279151917
1,1,0.9995365142822266
1,1,0.999281108379364
1,1,0.9998093247413635
1,1,0.9985124468803406
1,1,0.9994813799858093
0,0,2.8717051463900134e-05
0,0,0.003838435746729374
1,1,0.9935810565948486
1,1,0.9999822378158569
1,1,0.9999368190765381
0,0,7.191648182924837e-05
1,1,0.9991744160652161
1,1,0.9974876642227173
1,1,0.9999403953552246
0,0,0.00030786864226683974
0,0,0.0051934365183115005
1,1,0.9438311457633972
0,0,1.0533931344980374e-05
0,0,2.3164138838183135e-05
0,0,0.00018411783094052225
0,0,6.607854447793216e-05
0,0,0.00028350873617455363
1,1,0.9850251078605652
0,0,0.0001976060593733564
0,0,1.3122665222908836e-05
0,0,9.431145372218452e-06
1,1,0.9788586497306824
1,0,0.3120126724243164
1,1,0.9977704286575317
0,0,0.003332266816869378
1,0,0.06435585021972656
0,0,0.002156628528609872
0,0,0.00026620132848620415
0,0,0.0009837254183366895
0,0,0.010260139591991901
0,0,0.007821663282811642
0,0,0.0365140326321125
0,0,0.00015664577949792147
0,0,0.0004041401844006032
0,0,0.0009331231121905148
1,1,0.9474351406097412
1,1,0.9997645020484924
1,1,0.9929447770118713
1,1,0.9997716546058655
0,0,0.00012233651068527251
0,1,0.6925671696662903
0,0,0.0008918449748307467
1,1,0.992759108543396
0,0,0.0025014039129018784
1,1,0.9994344115257263
1,1,0.9998044371604919
1,1,0.9923003911972046
0,0,0.00017698259034659714
0,0,0.3403473496437073
0,0,0.21267180144786835
0,0,2.6358622562838718e-05
1,1,0.9992715716362
1,1,0.998515784740448
0,0,1.7951031622942537e-05
1,1,0.9997881054878235
1,1,0.9981063604354858
0,0,0.04850468412041664
0,0,0.023863207548856735
1,1,0.9995669722557068
1,1,0.9938914775848389
1,0,0.003518064972013235
0,0,8.776852155278903e-06
1,1,0.9989991784095764
1,0,0.20440635085105896
0,0,0.00012477347627282143
0,0,4.238631299813278e-05
0,0,2.9768460080958903e-05
0,0,0.0011302813654765487
1,1,0.9956507086753845
0,0,0.00047476941836066544
0,0,0.00026903607067652047
0,0,0.0006854642415419221
0,0,0.012269172817468643
0,0,0.0010437951423227787
0,0,0.00010587476572254673
0,0,1.3209815733716823e-05
1,0,0.0545690692961216
1,1,0.9994381070137024
0,0,0.00011150498175993562
0,0,0.0007323892205022275
1,0,0.45621824264526367
0,0,7.659268158022314e-05
1,1,0.7870991826057434
0,0,0.00018279015785083175
0,0,0.009715145453810692
1,1,0.9996500015258789
0,1,0.8032726645469666
1,1,0.8730825781822205
1,1,0.9997509121894836
1,1,0.9972957968711853
0,0,0.40326669812202454
0,0,1.05875005829148e-05
1,1,0.9996836185455322
1,1,0.999834418296814
1,1,0.9997281432151794
0,0,0.0003662102099042386
0,0,0.0008021286921575665
1,0,0.0007814476266503334
1,1,0.9998975992202759
1,1,0.8659369349479675
1,1,0.9959686994552612
0,0,0.000738776579964906
1,1,0.9557524919509888
0,0,1.4859567272651475e-05
1,1,0.998307466506958
0,0,9.611232599127106e-06
0,0,8.00208217697218e-05
0,0,4.8634232371114194e-05
1,1,0.9991015195846558
0,0,0.0024072222877293825
1,1,0.9944180250167847
0,0,0.007557945791631937
1,1,0.9990333318710327
1,1,0.9939431548118591
0,0,0.0003247632703278214
0,0,2.0254474293324165e-05
1,1,0.9986623525619507
0,0,0.00010066042887046933
0,1,0.8342137336730957
1,1,0.9983599781990051
0,0,0.010937342420220375
1,1,0.9662632942199707
1,1,0.999267041683197
0,0,0.0013734381645917892
1,1,0.9927783608436584
1,1,0.810431957244873
1,1,0.9998644590377808
0,0,0.015563982538878918
0,0,5.269457233225694e-06
1,1,0.9968112111091614
0,0,0.0011703545460477471
0,0,0.00038563983980566263
0,0,0.48783984780311584
1,1,0.9999831914901733
1,1,0.9999569654464722
1,1,0.9992889165878296
1,1,0.9999420642852783
1,1,0.998944103717804
1,1,0.9990229606628418
0,0,0.00043780155829153955
0,0,0.012646865099668503
0,0,0.0007736827246844769
0,0,0.0002305533125763759
1,1,0.9996858835220337
0,0,0.00682765943929553
1,1,0.99406498670578
1,1,0.999929666519165
0,0,2.450760075589642e-05
0,0,0.01729677990078926
0,0,0.059776708483695984
0,0,0.005403077695518732
0,0,0.00011080225522164255
1,1,0.9998310804367065
1,1,0.9998747110366821
0,0,0.00027736430638469756
0,0,3.1699059036327526e-05
1,1,0.9833418130874634
1,1,0.9988459348678589
1,1,0.9995526671409607
0,0,0.0007522620726376772
1,1,0.998228132724762
0,0,1.99962014448829e-05
0,0,0.000124067795695737
1,1,0.9985204339027405
1,1,0.9955249428749084
0,0,4.3755979277193546e-05
0,0,0.004315040539950132
0,0,0.020694782957434654
1,1,0.6549428105354309
0,0,0.0037649041041731834
0,0,0.05533283203840256
1,1,0.9754883646965027
0,0,0.0015126315411180258
0,0,0.01142203714698553
1,1,0.9999507665634155
1,1,0.9992896318435669
1,0,0.048015087842941284
0,0,0.005154818296432495
0,0,0.000189416270586662
0,0,0.00015210943820420653
1,1,0.9976175427436829
0,0,0.025252647697925568
0,0,0.0002582003071438521
0,0,0.0005219856975600123
0,0,0.00017384157399646938
0,0,0.00039973482489585876
0,0,0.0003820869605988264
1,1,0.9467230439186096
0,0,0.0002075222582789138
0,0,1.6019359463825822e-05
1,1,0.9975695013999939
1,1,0.9736925959587097
0,0,0.00451129162684083
1,1,0.9990260601043701
0,0,1.9199169400963e-05
0,0,0.0007377304136753082
0,0,0.00012053510727128014
1,0,0.19658486545085907
0,0,0.0003066339995712042
0,0,0.06845349073410034
1,1,0.9992640614509583
1,1,0.9699687361717224
0,0,0.001226126798428595
1,1,0.6764540672302246
1,1,0.9999202489852905
0,0,0.009703123942017555
0,0,0.0002130006323568523
1,1,0.8184702396392822
1,1,0.9997432827949524
1,1,0.9805997014045715
1,1,0.9999141693115234
1,1,0.9976735711097717
0,0,0.013873247429728508
1,1,0.9998608827590942
1,1,0.9964233040809631
0,0,0.0017000181833282113
1,1,0.9995294809341431
1,1,0.9832320213317871
0,0,0.0073753846809268
0,0,2.295601552759763e-05
1,1,0.9994351267814636
1,1,0.999908447265625
1,1,0.9994311928749084
1,1,0.9992314577102661
0,0,0.1406453251838684
0,0,0.00011476755753392354
1,1,0.997532844543457
1,1,0.9986905455589294
1,1,0.9998047947883606
0,0,0.0003039985313080251
0,0,0.0017751919804140925
0,0,0.013280521146953106
1,1,0.9996514320373535
1,1,0.9995385408401489
1,1,0.9979174733161926
1,1,0.9990652203559875
0,0,0.01250971108675003
0,0,0.0005844950210303068
1,1,0.9999402761459351
1,1,0.9446077346801758
0,0,0.00011947890016017482
0,0,0.0004950546426698565
1,1,0.9998652935028076
0,0,1.1116519090137444e-05
0,0,1.9520077330525964e-05
0,0,0.00010643941641319543
1,1,0.8917821049690247
0,0,2.8059013857273385e-05
1,1,0.9998795986175537
1,1,0.9982871413230896
0,0,0.2477300763130188
1,1,0.9999796152114868
0,0,0.0014118374092504382
0,0,0.2503517270088196
1,1,0.9974195957183838
0,0,0.0060674031265079975
0,0,3.2920328521868214e-05
1,0,0.37347108125686646
1,0,0.264116495847702
1,1,0.756907045841217
1,1,0.9769322872161865
1,1,0.9997714161872864
1,1,0.9996399879455566
1,1,0.999750554561615
0,0,0.17432309687137604
0,0,9.034333925228566e-05
1,1,0.9998664855957031
1,1,0.9980282187461853
1,1,0.9998109936714172
1,1,0.9724437594413757
0,0,0.0003887247876264155
0,0,7.640606781933457e-05
0,0,0.0004008782852906734
1,1,0.999833345413208
0,0,0.0007383450865745544
1,0,0.19159328937530518
1,1,0.9999452829360962
1,1,0.9933061003684998
1,1,0.9970560073852539
1,1,0.9994041919708252
1,1,0.9997376799583435
1,1,0.9982380867004395
0,0,0.0026209696661680937
1,1,0.998798131942749
0,0,0.00029850666760466993
1,1,0.980855405330658
1,1,0.9993322491645813
1,1,0.999834418296814
0,0,1.4746251508768182e-05
1,0,0.43229591846466064
1,0,0.12393922358751297
1,1,0.8726520538330078
1,1,0.9997182488441467
0,0,1.3977853996038903e-05
0,0,0.0017369291745126247
1,1,0.8300619125366211
1,1,0.9999362230300903
1,1,0.9999231100082397
0,0,4.537760833045468e-05
1,1,0.9992852807044983
0,0,0.00038486236007884145
0,0,0.00035194455995224416
1,1,0.9985848665237427
0,0,0.00016847433289512992
0,0,0.00196844432502985
1,1,0.6524088978767395
1,1,0.9910789132118225
1,1,0.9997040629386902
1,1,0.9997548460960388
1,1,0.9959123730659485
0,0,7.411185652017593e-05
1,1,0.9849659204483032
1,1,0.9983435869216919
0,0,0.069496288895607
0,0,0.004526338540017605
0,0,2.5554862077115104e-05
0,0,0.001064262934960425
0,0,7.246548921102658e-05
1,1,0.8264662623405457
0,0,0.37294405698776245
0,0,0.0002454083296470344
1,1,0.9982661604881287
1,1,0.9967451095581055
1,1,0.9261059761047363
0,0,0.0008161495788954198
1,1,0.9996353387832642
0,0,5.234588388702832e-05
1,1,0.6656766533851624
1,1,0.9924788475036621
1,1,0.9998946189880371
0,0,5.859583325218409e-06
0,0,0.0029190999921411276
0,0,0.0003836105461232364
0,0,0.004777743015438318
1,1,0.9998840093612671
0,0,0.0008878925000317395
0,0,0.002167327795177698
1,1,0.9901188611984253
1,1,0.9982099533081055
1,1,0.9957019686698914
0,0,0.4488690197467804
0,0,0.0009515405399724841
0,0,4.9519971071276814e-05
0,0,0.0001660558773437515
0,0,0.00011379312491044402
0,0,1.4160946193442214e-05
1,1,0.9997074007987976
1,1,0.9963961243629456
0,0,0.03665412217378616
0,0,0.039091043174266815
0,0,0.00010094534081872553
1,1,0.9690781831741333
0,0,0.0037145197857171297
0,0,0.06713332235813141
1,1,0.9697895646095276
1,1,0.9950674772262573
1,1,0.9999561309814453
0,0,0.005864151753485203
1,1,0.999915599822998
0,0,0.10424487292766571
0,0,0.0010429094545543194
1,1,0.9995266199111938
1,1,0.999455988407135
0,0,9.601063538866583e-06
0,0,0.0006818459369242191
0,0,0.1134723424911499
1,1,0.9998345375061035
1,1,0.9996645450592041
1,1,0.9993725419044495
1,1,0.998791515827179
1,1,0.9993510842323303
1,1,0.9999914169311523
1,1,0.9997708201408386
0,0,0.0007314489921554923
1,1,0.9954484105110168
0,0,0.003249748842790723
0,0,0.00016049822443164885
0,0,0.0039693256840109825
1,1,0.9945105314254761
1,1,0.9983691573143005
1,1,0.9984099864959717
1,1,0.9957595467567444
1,1,0.999569833278656
0,0,0.09917334467172623
0,0,0.04508925974369049
0,0,0.010040214285254478
0,0,3.1861989555181935e-05
1,1,0.9888067245483398
0,0,2.365377440582961e-05
0,0,0.008093301206827164
0,0,0.006178801879286766
1,1,0.9945905208587646
1,1,0.9937659502029419
0,0,0.0007232986972667277
1,1,0.9975107908248901
1,0,0.17839957773685455
1,1,0.9985495209693909
1,1,0.9998334646224976
1,1,0.9995527863502502
0,0,3.916720379493199e-05
0,0,7.92355349403806e-05
1,1,0.9196390509605408
1,1,0.9936070442199707
1,1,0.9997696280479431
1,1,0.9413707852363586
1,1,0.9988190531730652
0,0,7.18806913937442e-05
1,1,0.9997150301933289
1,1,0.8461674451828003
0,0,0.0004611027252394706
0,0,1.4275194189394824e-05
0,0,0.00026841499493457377
0,0,0.0003795225638896227
0,0,0.0013871360570192337
0,0,0.03663784638047218
0,0,0.0001449360279366374
1,1,0.9930779337882996
1,1,0.9998847246170044
1,1,0.9998927116394043
0,0,0.001212619012221694
0,0,0.0005918804090470076
0,0,0.021768607199192047
0,0,0.2810787558555603
0,0,0.00024733637110330164
0,0,0.389416366815567
0,0,8.753555448492989e-05
0,0,4.467021062737331e-05
0,0,0.0010031453566625714
1,1,0.9999765157699585
1,1,0.9999059438705444
1,1,0.9995654225349426
0,0,0.012933681719005108
1,1,0.9998449087142944
0,0,0.06386103481054306
0,0,0.00042452444904483855
0,0,0.00019176032219547778
0,0,4.495379107538611e-05
0,0,0.0007065523532219231
0,0,3.3036096283467487e-05
0,0,1.7935288269654848e-05
1,1,0.9990825653076172
0,0,0.0003055309352930635
0,0,0.00032099432428367436
0,0,0.0007627818267792463
0,0,0.0008429872686974704
0,0,6.742454570485279e-05
1,1,0.999941349029541
1,1,0.9998979568481445
0,0,0.0017196857370436192
1,1,0.9990726709365845
1,1,0.9998661279678345
0,0,0.007683425210416317
0,0,0.0011085717706009746
0,0,0.00806679017841816
0,0,0.00013676991511601955
0,0,0.014591686427593231
1,0,0.21045701205730438
1,1,0.9990702271461487
0,0,0.0004388015950098634
1,0,0.005211688578128815
0,0,0.017230000346899033
0,0,0.0004525696858763695
1,0,0.007533906027674675
0,0,0.06230226159095764
1,1,0.9926940202713013
1,1,0.5217820405960083
0,0,0.0021768275182694197
0,0,0.0005246558575890958
0,0,8.6625050244038e-06
0,1,0.6680453419685364
0,0,0.0003209863498341292
1,1,0.7677133083343506
1,1,0.8889736533164978
1,1,0.9999018907546997
1,1,0.9863995313644409
1,1,0.9995656609535217
0,0,0.023554516956210136
1,1,0.9666649103164673
1,1,0.9999617338180542
0,0,2.022195258177817e-05
0,0,3.661188020487316e-05
1,1,0.9992300271987915
1,1,0.99983811378479
0,1,0.8355557322502136
1,1,0.9991777539253235
0,0,0.4348713755607605
0,0,0.0006434838869608939
1,1,0.9968836903572083
1,1,0.997348427772522
1,1,0.9997552037239075
1,1,0.999920129776001
1,1,0.9849741458892822
1,1,0.9960315823554993
0,0,0.0019500869093462825
1,1,0.9997795224189758
0,0,0.0003365222946740687
0,0,8.459500349999871e-06
1,1,0.9993966817855835
1,0,0.2536528706550598
1,1,0.9999022483825684
1,1,0.9999263286590576
1,1,0.9861730933189392
1,1,0.9985091090202332
0,0,0.0007427820819430053
0,0,0.00021249371638987213
0,1,0.6282415390014648
0,0,0.0001732267119223252
0,0,0.11624789237976074
0,0,0.00033695666934363544
0,0,0.38793256878852844
0,0,2.3899747247924097e-05
1,1,0.9996812343597412
0,0,0.000672033813316375
1,1,0.9970857501029968
1,1,0.9999126195907593
1,1,0.9998264908790588
0,0,6.634885357925668e-05
1,1,0.9993700385093689
1,1,0.9994396567344666
1,1,0.9996204376220703
1,1,0.9621466398239136
0,0,0.011953093111515045
1,1,0.9998121857643127
1,1,0.9922013282775879
1,1,0.9973697662353516
1,1,0.9816845059394836
0,0,0.00020730847609229386
0,0,0.008794059045612812
0,0,0.0033699178602546453
1,1,0.9998818635940552
1,1,0.9999639987945557
0,0,0.041881587356328964
1,1,0.9997518658638
1,1,0.9999449253082275
0,0,2.5354811441502534e-05
1,1,0.9995135068893433
0,0,0.00014369917334988713
1,0,0.02919137477874756
1,0,0.06265372782945633
0,0,0.023136766627430916
1,1,0.9806000590324402
1,1,0.9366011023521423
1,1,0.912753164768219
0,0,0.482249915599823
0,0,0.006888723932206631
0,0,0.0001433879224350676
1,1,0.9761263132095337
1,1,0.9992714524269104
1,1,0.9997085928916931
1,1,0.989303708076477
1,1,0.9519495368003845
1,1,0.9987678527832031
1,1,0.9996860027313232
1,1,0.9857823848724365
1,1,0.9797351360321045
0,0,0.0037173160817474127
1,1,0.9993460774421692
0,0,0.0006714233895763755
1,1,0.9963805079460144
1,1,0.9969815611839294
0,0,0.00018221608479507267
1,1,0.6953412294387817
0,0,0.005582169163972139
0,0,1.0522133379708976e-05
0,0,0.00977664440870285
1,1,0.9996739625930786
1,1,0.9998844861984253
1,1,0.9982901215553284
1,1,0.9846669435501099
1,1,0.9999213218688965
1,1,0.9999951124191284
1,1,0.9998588562011719
0,0,0.0014136678073555231
0,0,0.0025562779046595097
0,0,0.0011331738205626607
1,1,0.9998818635940552
0,0,0.011000546626746655
1,1,0.9976739287376404
0,0,0.0007742074667476118
1,1,0.9969608187675476
1,1,0.9998679161071777
0,0,9.302627586293966e-05
1,1,0.9999309778213501
0,0,0.0008687546360306442
0,0,8.300835179397836e-05
0,0,2.4969229343696497e-05
1,1,0.9148707389831543
1,1,0.9970464110374451
1,1,0.9999498128890991
1,1,0.9999617338180542
0,0,0.004944796208292246
1,1,0.9999533891677856
0,0,0.0002767826081253588
1,1,0.998576283454895
1,1,0.9999536275863647
1,1,0.9997602105140686
0,0,6.245014901651302e-06
0,0,0.0003939101879950613
0,0,0.0007535297772847116
0,0,0.10261859744787216
1,1,0.9996951818466187
1,1,0.9998297691345215
1,1,0.9938686490058899
1,1,0.9997326731681824
1,1,0.9917186498641968
0,0,0.07089945673942566
0,0,0.00020292446424718946
0,0,0.014849713072180748
1,1,0.9913640022277832
1,1,0.9939472675323486
1,1,0.9905880689620972
1,1,0.9968984127044678
0,0,7.46190344216302e-05
0,0,0.008609693497419357
0,0,2.0346114979474805e-06
0,0,0.019678670912981033
1,1,0.999966025352478
0,0,0.03621945530176163
0,0,5.9093414165545255e-05
0,0,0.000322337553370744
1,1,0.9990897178649902
0,0,0.0003562859201338142
1,1,0.9939082860946655
1,1,0.999832272529602
1,1,0.9998949766159058
0,0,0.1814342737197876
0,0,5.303713260218501e-05
0,0,0.00011530473420862108
0,0,0.0005569191998802125
0,0,0.006667455658316612
1,1,0.998030960559845
1,1,0.8971434831619263
1,1,0.9855310916900635
1,1,0.9977275729179382
0,0,0.001933767693117261
0,1,0.9799928069114685
0,1,0.8199677467346191
0,0,0.0014111968921497464
0,0,0.0043942928314208984
1,1,0.9995176792144775
1,1,0.9996445178985596
0,0,0.001868275459855795
0,0,0.00024749114527367055
1,0,0.11495529860258102
1,1,0.9999250173568726
0,0,0.0003337210218887776
0,0,3.8951944588916376e-05
1,1,0.9993131160736084
0,0,0.0010021624621003866
1,1,0.9997081160545349
0,0,0.07479017227888107
1,1,0.9996787309646606
1,1,0.8165459036827087
0,1,0.5226132869720459
0,0,0.06066187843680382
0,0,0.01537231169641018
0,0,0.0003646248369477689
0,0,9.096549911191687e-05
0,0,0.0018466190667822957
1,1,0.9997135996818542
0,0,0.0002581860462669283
1,1,0.8511963486671448
1,0,0.10991308838129044
1,1,0.9991797804832458
0,0,0.05180872604250908
0,0,0.003871738677844405
1,1,0.999052107334137
1,1,0.9990561604499817
1,1,0.9999812841415405
1,1,0.9848758578300476
0,0,0.08653239160776138
1,1,0.8199287056922913
1,1,0.9842329025268555
1,1,0.9996312856674194
1,1,0.999811589717865
1,1,0.9698427319526672
1,1,0.9907710552215576
0,0,2.03637082449859e-05
1,1,0.9998874664306641
1,1,0.9970406889915466
0,0,0.00031729182228446007
1,1,0.9999710321426392
1,1,0.9968817234039307
1,1,0.999936580657959
0,0,0.009032080881297588
1,1,0.9999444484710693
1,1,0.9999088048934937
1,1,0.9822289943695068
1,1,0.9998065829277039
1,1,0.9997983574867249
1,1,0.9963112473487854
1,1,0.9981865286827087
1,1,0.9919695258140564
0,0,8.928196621127427e-05
1,1,0.9981815814971924
1,1,0.9993231296539307
0,0,0.0003869047504849732
0,0,0.0001767245848895982
0,0,0.0018814165377989411
1,1,0.9753775596618652
1,1,0.8323930501937866
1,1,0.9938337802886963
0,0,4.555586201604456e-05
1,1,0.9999099969863892
1,1,0.9999037981033325
0,0,0.0014118177350610495
0,0,9.985725773731247e-05
1,1,0.9990549683570862
0,0,9.738675726111978e-05
0,0,1.0614565326250158e-05
0,0,0.0006074352422729135
1,1,0.9970682263374329
1,1,0.9973063468933105
1,1,0.9850532412528992
1,1,0.9972198009490967
0,0,0.03496742621064186
1,1,0.9323714971542358
1,1,0.9984614849090576
1,1,0.99930739402771
1,1,0.99903404712677
1,1,0.9747394919395447
0,0,0.002961012301966548
1,1,0.99969482421875
1,1,0.9999228715896606
1,1,0.9986947178840637
0,0,0.019719455391168594
0,0,3.593222936615348e-05
1,1,0.9987290501594543
0,0,0.13813552260398865
1,1,0.7309353947639465
0,0,0.0005111911450512707
1,1,0.9988237023353577
1,1,0.9895405173301697
0,0,0.0001767571084201336
1,1,0.9995155334472656
0,0,0.0009443293092772365
1,1,0.8619667887687683
1,1,0.9911441802978516
1,1,0.9997206330299377
0,0,0.004894542973488569
0,0,9.886181260299054e-07
0,0,0.0005640077288262546
0,0,0.001214561052620411
1,1,0.9998983144760132
0,0,0.0006246407865546644
1,1,0.9965330362319946
0,0,0.027883894741535187
1,0,0.09735357761383057
0,0,0.01774175837635994
0,0,0.00046720687532797456
0,0,0.07913366705179214
0,0,0.00048617401625961065
0,0,0.00016048397810664028
1,1,0.9958491325378418
0,0,0.0015794310020282865
0,0,0.011386711150407791
0,0,0.05960826948285103
1,1,0.9994893074035645
0,0,0.00268191029317677
0,0,0.0049430206418037415
0,0,0.00042158091673627496
0,0,0.0002737227187026292
0,0,5.361394505598582e-05
1,1,0.9173194766044617
0,0,0.0018016393296420574
0,0,0.004231029190123081
0,0,2.3475166017306037e-05
0,0,3.659020512714051e-05
0,0,0.005553836934268475
0,0,0.0001723194873193279
0,0,0.0001386879594065249
0,0,0.003771489253267646
0,0,5.3449613915290684e-05
0,0,5.9085981774842367e-05
0,0,0.0519818440079689
0,0,0.00017695118731353432
0,0,0.001158416736871004
0,0,0.0010609900346025825
0,0,0.0003909091465175152
1,1,0.9975994229316711
1,1,0.9935503005981445
0,0,3.481532621663064e-05
1,1,0.9725087881088257
1,1,0.9999330043792725
0,0,4.9270740419160575e-05
0,0,0.07492367923259735
0,0,0.0008675009594298899
1,1,0.9956870675086975
0,0,5.9496783251233865e-06
0,0,0.003020709380507469
0,0,9.881802543532103e-05
0,0,0.00013550165749620646
0,0,0.002654379466548562
0,0,0.0043851463124156
1,1,0.9972389936447144
0,0,8.210271334974095e-05
1,1,0.9994400143623352
0,0,0.00015114322013687342
0,0,0.025361279025673866
0,0,0.005058959126472473
0,0,5.5551776313222945e-05
1,1,0.9988779425621033
1,1,0.9999347925186157
0,0,0.29881125688552856
0,0,1.4372782061400358e-05
1,1,0.9974517226219177
1,1,0.9986659288406372
0,0,0.0003981233458034694
1,1,0.9966325163841248
0,0,0.011822459287941456
1,1,0.9994897842407227
1,1,0.967388391494751
0,0,0.00023286860960070044
1,1,0.998685896396637
1,1,0.999693751335144
0,0,0.08808986097574234
0,0,0.0006009030621498823
1,1,0.6489920020103455
1,1,0.9995612502098083
1,1,0.9995781779289246
1,1,0.9999643564224243
1,1,0.9997422099113464
1,1,0.9999455213546753
1,1,0.9946146607398987
1,1,0.9999395608901978
0,0,0.07501110434532166
1,0,0.09873074293136597
0,0,3.709150405484252e-05
0,0,0.0037968859542161226
1,1,0.9894264936447144
1,1,0.9999237060546875
1,1,0.8498983383178711
1,1,0.9999865293502808
1,1,0.9997319579124451
1,1,0.9999890327453613
1,1,0.9998747110366821
1,1,0.9993270635604858
1,1,0.9982289671897888
1,1,0.9993398785591125
0,0,0.05834752693772316
1,0,0.18876269459724426
1,1,0.9999775886535645
0,0,5.177722778171301e-05
0,0,0.004683071281760931
1,1,0.9790557026863098
1,1,0.9789182543754578
1,1,0.9991681575775146
1,1,0.9999808073043823
0,0,0.00917003396898508
0,0,0.00030506259645335376
1,1,0.9989218711853027
1,1,0.9965830445289612
0,0,0.0002504127623979002
0,0,0.000381681602448225
1,1,0.9998611211776733
1,1,0.9982064962387085
0,0,0.025276390835642815
1,1,0.9999207258224487
1,1,0.9999517202377319
1,1,0.998663067817688
0,0,0.00011898965749423951
1,1,0.9994182586669922
0,0,0.015515930019319057
1,1,0.9577544331550598
1,1,0.9994094371795654
1,1,0.9994710087776184
1,1,0.9996127486228943
1,1,0.9998675584793091
1,1,0.9997854828834534
1,1,0.9999500513076782
1,1,0.9999080896377563
1,1,0.999702513217926
1,1,0.9618369340896606
1,1,0.9953798055648804
1,1,0.9898259043693542
0,0,1.276477451028768e-05
1,1,0.9940659999847412
1,1,0.9180124998092651
0,0,0.0004404005012474954
1,1,0.9987333416938782
1,1,0.999966025352478
0,0,0.0011704231146723032
0,0,0.010602039285004139
0,0,0.18236319720745087
0,0,0.014432638883590698
1,1,0.9934586882591248
1,1,0.8790223598480225
0,0,0.06051545590162277
0,0,5.88218608754687e-06
0,0,0.19525068998336792
1,1,0.9999617338180542
1,1,0.9996488094329834
1,1,0.9820576906204224
1,1,0.9999759197235107
1,1,0.999966025352478
1,1,0.9985727071762085
1,1,0.9979402422904968
1,1,0.999046266078949
0,0,0.001434189616702497
0,0,0.0008547857287339866
0,0,0.003612673142924905
0,0,0.012426412664353848
0,0,0.00031470158137381077
1,0,0.014060798101127148
1,1,0.9998291730880737
1,1,0.9986925721168518
1,1,0.8078086972236633
1,1,0.9997922778129578
1,1,0.9924246072769165
1,1,0.9009299874305725
1,1,0.9974009990692139
1,1,0.9940657615661621
1,1,0.850486695766449
0,0,0.00023185613099485636
0,0,0.00020003139798063785
0,0,5.753656751039671e-07
1,1,0.9996975660324097
1,1,0.9981202483177185
1,1,0.9738706350326538
1,1,0.999444305896759
1,1,0.9997259974479675
0,0,0.0003643384843599051
1,1,0.993280827999115
1,1,0.8130935430526733
0,0,0.07574769109487534
1,1,0.9995444416999817
1,1,0.9999793767929077
0,0,1.5053599327075062e-06
1,1,0.9759484529495239
0,0,0.00010924928210442886
1,1,0.999695897102356
1,0,0.002135670278221369
0,0,6.641481741098687e-05
0,0,0.000860347121488303
0,0,0.004842058289796114
0,0,0.00016988195420708507
1,1,0.9834619760513306
0,0,2.4708310775167774e-06
1,1,0.9989194869995117
1,1,0.996155321598053
1,1,0.5335238575935364
0,0,1.3676007256435696e-05
0,0,0.00016398174921050668
1,1,0.8810315728187561
1,1,0.9999849796295166
0,0,0.00055788888130337
1,0,0.09962906688451767
1,1,0.9999234676361084
1,1,0.9983797073364258
0,0,0.0019114672904834151
1,1,0.9874776601791382
1,1,0.9966895580291748
1,1,0.9997724890708923
1,1,0.9998745918273926
1,1,0.9997057318687439
0,0,0.0013561673695221543
1,1,0.9998973608016968
1,1,0.9983001351356506
1,1,0.9960243701934814
0,0,0.41744357347488403
1,1,0.9983760118484497
1,1,0.9991592168807983
1,1,0.991459846496582
1,1,0.9972213506698608
0,0,0.000196100736502558
0,0,0.0012340600369498134
1,1,0.9988364577293396
0,0,0.0037559489719569683
1,1,0.9997473359107971
0,1,0.7265315055847168
1,1,0.9992600083351135
1,1,0.9362363219261169
0,0,0.0027274885214865208
1,1,0.9934146404266357
1,1,0.9847058653831482
0,0,0.0004455523448996246
0,0,0.02122766152024269
0,0,0.00028729389305226505
0,0,3.371220373082906e-05
0,0,0.0034796656109392643
1,1,0.9999406337738037
0,0,1.800260861273273e-06
1,0,0.02710486575961113
0,0,1.3397175280260853e-05
0,0,0.0018237167969346046
0,0,0.001141346525400877
1,1,0.9817031025886536
1,1,0.9994705319404602
0,1,0.8771466016769409
0,0,9.644249075790867e-06
1,1,0.9972981810569763
1,1,0.9998929500579834
1,1,0.999458372592926
0,0,0.12844306230545044
0,0,0.000232238438911736
0,0,9.534110176900867e-06
0,0,5.4988293413771316e-05
0,0,0.003321748925372958
0,0,4.2338520870544016e-05
1,1,0.9986201524734497
0,0,0.007967887446284294
0,0,0.04437330365180969
1,1,0.7149511575698853
1,1,0.9995338916778564
1,1,0.9956472516059875
1,1,0.9972623586654663
1,1,0.9980525970458984
1,1,0.9996575117111206
1,1,0.9983118772506714
1,1,0.6816479563713074
1,1,0.9999039173126221
1,0,0.25925686955451965
0,0,0.10237738490104675
0,0,0.00014102677232585847
1,1,0.9996670484542847
1,1,0.9866765737533569
1,1,0.9996815919876099
1,1,0.6242743730545044
1,1,0.9983002543449402
0,0,0.31184712052345276
0,1,0.9683553576469421
1,1,0.9997087121009827
0,0,0.06192044913768768
1,1,0.9990454316139221
1,1,0.9998958110809326
0,0,1.264211368834367e-05
0,0,0.00037401379086077213
0,0,6.387090252246708e-05
1,1,0.999815046787262
0,0,0.002298769075423479
0,0,0.00021585184731520712
0,1,0.61194908618927
0,0,0.011788913980126381
1,1,0.9992620348930359
1,1,0.9993155002593994
0,0,4.95830099680461e-05
1,0,0.0006594169535674155
0,1,0.7799175381660461
0,0,7.825440115993842e-05
0,0,0.24442988634109497
0,0,5.8038003771798685e-05
0,0,6.916720303706825e-05
1,1,0.9997772574424744
0,0,0.0019881166517734528
1,1,0.9999412298202515
1,1,0.9993409514427185
1,1,0.9957278966903687
1,1,0.9683922529220581
1,1,0.9998032450675964
1,1,0.9995206594467163
1,1,0.9997562766075134
0,0,0.001125055248849094
1,1,0.9453434348106384
1,1,0.9997631907463074
0,0,0.002265948336571455
0,0,0.001224246108904481
0,0,0.003509713336825371
0,0,0.008439263328909874
0,0,1.0367277354816906e-05
0,0,0.0008694708812981844
1,1,0.7295550107955933
1,1,0.9999735355377197
1,1,0.9961801767349243
0,0,0.0104131530970335
1,1,0.9999436140060425
1,1,0.9994926452636719
1,1,0.9992924928665161
1,1,0.9995589852333069
1,1,0.9999794960021973
1,1,0.9999939203262329
1,1,0.9999386072158813
0,0,0.0021643568761646748
1,1,0.9999843835830688
1,1,0.9979615211486816
0,0,0.3064175546169281
0,0,0.0005179563304409385
1,1,0.9999464750289917
0,0,1.91851122508524e-05
1,1,0.9999427795410156
0,0,3.950545215047896e-05
0,0,0.003982801456004381
0,0,0.044795144349336624
1,1,0.9996538162231445
0,0,0.013318992219865322
1,1,0.9999749660491943
1,1,0.999887228012085
1,1,0.9976871013641357
0,0,0.032194532454013824
1,1,0.8700995445251465
0,0,8.503763092448935e-05
0,0,2.6133438950637355e-06
0,0,0.0004811392573174089
1,1,0.9996381998062134
1,1,0.9679485559463501
0,0,0.00010418571037007496
1,1,0.9999384880065918
1,1,0.9987646341323853
1,1,0.9999734163284302
0,0,0.0023727212101221085
1,1,0.9678574204444885
0,0,1.612170490261633e-05
1,1,0.9976309537887573
0,0,0.028133274987339973
0,0,9.178770415019244e-05
1,1,0.9995015859603882
0,0,0.0011586126638576388
0,0,0.004230599384754896
0,0,0.0012009985512122512
0,0,0.000438839866546914
1,1,0.9952486157417297
0,0,4.885927410214208e-05
0,0,0.00035575678339228034
1,1,0.9998792409896851
1,1,0.9998476505279541
1,1,0.9707168340682983
1,1,0.9590798020362854
0,0,0.010164801962673664
0,0,0.00224596681073308
0,0,3.1378742278320715e-05
0,0,0.0007663614233024418
0,0,0.0020718853920698166
0,0,0.00019766071636695415
1,1,0.9980930685997009
0,0,0.010123786516487598
1,1,0.9990905523300171
0,0,0.0014429435832425952
0,0,0.015367511659860611
1,1,0.9996901750564575
0,0,0.0007910161511972547
1,1,0.9990701079368591
1,1,0.9723390340805054
1,1,0.9996618032455444
0,0,0.0005856900825165212
0,0,0.005016359034925699
1,1,0.9996664524078369
0,0,0.000987089122645557
0,0,2.745406709436793e-05
0,0,0.03307037428021431
1,1,0.9996203184127808
1,1,0.9999823570251465
0,0,0.00011878977966262028
1,1,0.7223146557807922
0,0,0.00021853421640116721
1,1,0.9979618787765503
0,0,3.246158667025156e-05
0,0,0.011463181115686893
0,0,0.0011092583881691098
1,1,0.9999535083770752
1,1,0.9994627833366394
0,0,3.202001971658319e-05
0,0,0.38787373900413513
0,0,0.012962843291461468
1,1,0.8959301114082336
0,0,0.03087267279624939
1,1,0.9996320009231567
1,1,0.9993553757667542
1,1,0.999909520149231
0,0,0.18153733015060425
1,1,0.9999052286148071
0,0,0.02276841551065445
0,0,0.006977730896323919
1,1,0.9996979236602783
1,1,0.9495061635971069
1,1,0.9998495578765869
0,0,1.8654664017958567e-05
1,1,0.9974326491355896
0,0,0.0009843356674537063
1,0,0.003539069788530469
0,0,0.0020601588767021894
1,1,0.9996449947357178
1,1,0.9987770915031433
1,1,0.9978349804878235
0,0,0.0013728751800954342
0,1,0.823575496673584
1,1,0.9868126511573792
1,1,0.9821100831031799
0,0,7.221287523861974e-05
0,0,4.597613951773383e-06
0,0,0.0004307292983867228
1,1,0.9737180471420288
1,1,0.5873242020606995
1,1,0.9990278482437134
1,1,0.9990956783294678
1,1,0.9632976651191711
1,1,0.8360393047332764
1,1,0.9997019171714783
1,1,0.9999477863311768
0,0,0.003215443342924118
0,0,0.01995898224413395
0,0,0.001299829687923193
1,1,0.9774755239486694
0,0,2.1479088900377974e-05
1,1,0.9999417066574097
1,1,0.9995554089546204
1,1,0.941689133644104
0,0,0.010005760006606579
1,1,0.9947234392166138
0,0,0.00018754188204184175
0,0,0.012721995823085308
0,0,0.0013137363130226731
0,0,1.0953164746752009e-05
0,0,5.2822309953626245e-05
0,0,0.00029505498241633177
1,1,0.6574479341506958
0,0,2.95538229693193e-05
0,0,0.004606138449162245
1,1,0.6838048100471497
0,0,2.4487685550411697e-06
0,0,0.0049718087539076805
1,1,0.9986222982406616
1,1,0.9959492683410645
1,1,0.6773239374160767
1,1,0.9998792409896851
0,0,0.001074372325092554
1,1,0.9887214303016663
1,0,0.14578931033611298
0,0,0.002444041194394231
1,1,0.9997026324272156
0,0,0.0048892321065068245
0,0,7.459684275090694e-05
0,0,3.228641435271129e-05
1,1,0.9945377707481384
1,0,0.02111979015171528
1,1,0.9993425011634827
1,1,0.9973152279853821
1,0,0.1139865517616272
0,0,0.0047931489534676075
1,1,0.9991043210029602
0,0,0.00041910336585715413
0,0,5.082227289676666e-05
0,0,0.0010930434800684452
0,0,0.0002213380648754537
1,1,0.9999781847000122
0,1,0.8163992762565613
0,0,0.003060727147385478
1,1,0.99776291847229
1,1,0.9993867874145508
1,1,0.9997814297676086
0,0,0.030740218237042427
1,1,0.9999121427536011
0,0,0.006881247740238905
0,0,0.034322209656238556
0,0,9.927912469720468e-05
0,0,3.2000050850911066e-05
1,1,0.9991102814674377
1,1,0.9997596144676208
0,0,3.553140413714573e-05
1,1,0.9999872446060181
0,0,0.00015407339378725737
0,0,0.17770303785800934
1,1,0.9505282640457153
1,1,0.9998295307159424
1,1,0.9591302871704102
0,0,0.02093338407576084
1,1,0.9991253018379211
0,0,0.3784328103065491
0,0,3.223282328690402e-05
1,1,0.9992383718490601
1,1,0.9923490285873413
0,0,0.0006696864147670567
0,0,0.0020636997651308775
0,0,0.000563726935070008
1,1,0.9999945163726807
1,1,0.9998251795768738
1,1,0.9909390211105347
0,0,0.005475969985127449
0,0,0.0001582492986926809
1,1,0.9701007008552551
1,1,0.9995961785316467
1,1,0.9959619641304016
0,0,0.0005543346051126719
1,0,0.005875409115105867
0,0,0.00017930044850800186
1,1,0.9997770190238953
0,0,0.0003125121002085507
1,1,0.9989626407623291
1,1,0.9998961687088013
1,1,0.8882445096969604
0,0,0.00017840477812569588
1,1,0.8873541951179504
0,0,0.34228837490081787
0,0,0.008837087079882622
0,0,4.679955236497335e-05
0,0,5.2108493946434464e-06
0,0,7.736970292171463e-05
1,0,0.0009547562804073095
0,0,0.0005274718860164285
1,1,0.9705102443695068
1,1,0.9996377229690552
1,1,0.835011899471283
0,1,0.9192372560501099
0,0,0.000181990530109033
0,0,1.2079900443495717e-05
0,0,1.1201921097381273e-06
0,0,8.600204455433413e-05
0,0,0.001810053363442421
0,0,7.100647053448483e-05
0,0,0.00023235184198711067
0,0,0.01308810617774725
0,0,0.0016154666664078832
1,1,0.9990921020507812
1,1,0.9992493987083435
0,0,0.2542203366756439
0,0,0.0002752408036030829
0,0,0.000511612044647336
1,1,0.9932851791381836
1,1,0.9815337061882019
0,0,0.00011721159535227343
0,0,5.862311354576377e-06
0,0,0.008171492256224155
1,1,0.999822199344635
0,0,0.00031068542739376426
1,1,0.999037504196167
1,1,0.9989755153656006
0,0,3.7362588045652956e-05
1,1,0.999473512172699
1,1,0.9999477863311768
0,0,0.0010948108974844217
0,0,0.0007105169934220612
0,0,5.188776867726119e-06
0,0,8.414763215114363e-06
0,0,6.6137922658526804e-06
0,0,0.0014376600738614798
0,0,0.0693260133266449
1,1,0.999845027923584
1,1,0.9609742164611816
1,1,0.9803050756454468
0,0,0.0024636774323880672
0,0,0.003801643382757902
1,1,0.9999954700469971
1,1,0.9995442032814026
0,0,0.004670430906116962
0,0,0.010810057632625103
1,1,0.9994714856147766
1,1,0.615982711315155
0,0,0.002921269740909338
0,0,2.5811048544710502e-05
0,0,0.1731383502483368
0,0,0.001073244959115982
1,1,0.9787448644638062
1,1,0.9994179010391235
1,1,0.9989141225814819
0,0,3.357856621732935e-05
0,0,0.02880042791366577
0,0,0.0006997398450039327
1,1,0.9997450709342957
1,1,0.9984230995178223
1,1,0.9999305009841919
1,1,0.9999799728393555
1,1,0.9999356269836426
1,1,0.9973000884056091
0,0,0.00020622160809580237
0,0,0.00017385122191626579
1,1,0.9999901056289673
1,1,0.9992239475250244
0,0,0.012734956108033657
0,0,2.360946746193804e-05
1,1,0.9973627924919128
1,1,0.9826432466506958
0,1,0.6514591574668884
0,0,0.0010529817081987858
0,0,2.606091038614977e-05
0,0,1.5146745681704488e-05
1,1,0.9983075857162476
0,0,8.63399327499792e-05
0,0,9.59238695941167e-06
1,0,0.17761217057704926
0,0,0.004323039669543505
0,0,0.017586849629878998
0,0,1.4044605904928176e-06
0,1,0.6297791004180908
0,0,0.00018264258687850088
0,0,0.00021722563542425632
0,0,0.00035654957173392177
1,1,0.998235821723938
0,0,7.4418758231331594e-06
0,0,0.0029950791504234076
1,0,0.09128531068563461
0,0,0.0019840023014694452
0,0,2.80623044091044e-05
0,0,0.02807527966797352
1,1,0.9996063113212585
0,0,0.00019791530212387443
0,0,0.0007165744318626821
0,0,0.0002350755239604041
0,0,0.009437449276447296
0,0,0.002357003977522254
1,1,0.9880367517471313
0,0,0.002225151751190424
0,0,3.702329922816716e-05
0,0,0.00020199420396238565
1,1,0.9998981952667236
1,1,0.5944908857345581
0,0,0.0002473910863045603
1,1,0.8984628319740295
0,0,0.17415575683116913
1,1,0.9999008178710938
1,1,0.9985489249229431
1,0,0.1399136483669281
1,1,0.9998739957809448
1,1,0.9990729093551636
1,1,0.9999058246612549
1,1,0.999121367931366
1,1,0.9969890713691711
1,1,0.9995612502098083
1,0,0.07121460139751434
0,0,0.00042029464384540915
1,1,0.9998075366020203
0,0,0.025524958968162537
1,1,0.9991863369941711
0,0,0.14067737758159637
0,0,0.00021720865333918482
0,0,0.0011076998198404908
0,0,0.0005468654562719166
0,0,0.00047339696902781725
1,1,0.987331211566925
0,1,0.5424654483795166
0,0,0.0012613101862370968
1,1,0.9993619322776794
1,1,0.9996527433395386
1,1,0.9975952506065369
1,1,0.9993246793746948
0,0,0.2381126582622528
0,0,0.00017166366160381585
1,1,0.9982908368110657
1,1,0.9961929321289062
1,1,0.9992563128471375
0,0,0.0003129384422209114
0,0,0.017122970893979073
0,0,0.0015821740962564945
0,0,0.00011672729306155816
0,0,0.06602679193019867
1,0,0.09400788694620132
0,0,0.00016783428145572543
0,0,0.002772320294752717
0,0,0.012680993415415287
0,0,0.0019371646922081709
0,0,0.1574641466140747
0,0,0.00014469257439486682
1,1,0.9999481439590454
0,0,0.008966400288045406
0,0,8.646088099339977e-05
1,1,0.9998886585235596
1,1,0.895013689994812
1,1,0.9979420304298401
1,1,0.9988113641738892
1,1,0.9999111890792847
1,1,0.8822566866874695
1,1,0.9956355690956116
0,0,0.0006209940765984356
0,0,0.00018942802853416651
1,1,0.9999457597732544
1,1,0.9995757937431335
0,0,0.00041316798888146877
1,1,0.999762237071991
1,1,0.996809184551239
1,1,0.5189525485038757
1,1,0.9945842623710632
0,0,0.021630413830280304
1,1,0.9995220899581909
0,0,0.000350621878169477
1,1,0.9992377758026123
1,1,0.9998844861984253
1,1,0.9920360445976257
1,0,0.24392303824424744
0,0,0.0033491915091872215
0,0,0.0010640373220667243
1,1,0.9998390674591064
0,0,0.0011660229647532105
1,1,0.9989168643951416
1,1,0.9954599738121033
1,1,0.9987896084785461
1,1,0.9986997842788696
0,0,0.0028992886655032635
1,1,0.9999438524246216
1,1,0.9997720122337341
0,0,0.0013514251913875341
0,0,0.26079174876213074
0,0,0.0255024041980505
0,1,0.6890084147453308
0,0,0.00014246553473640233
1,1,0.990216851234436
1,1,0.9997910857200623
1,1,0.9973984956741333
1,0,0.12860548496246338
1,1,0.9992157220840454
0,0,0.2959400415420532
0,0,0.0005251857219263911
1,1,0.9771818518638611
0,0,0.022658590227365494
1,1,0.995551347732544
1,1,0.9442725777626038
1,1,0.9911245703697205
1,1,0.9999504089355469
1,1,0.9999784231185913
1,0,0.4008319675922394
0,0,1.3426835721475072e-05
1,1,0.99996018409729
0,0,0.00023691383830737323
0,0,0.00024793538614176214
1,1,0.9999839067459106
1,1,0.9814572334289551
1,1,0.9999281167984009
1,0,0.2090277224779129
0,0,0.03776994347572327
1,1,0.9999247789382935
1,1,0.999929666519165
1,1,0.9965329170227051
0,0,5.551278718485264e-06
1,1,0.9998311996459961
0,0,2.413840229564812e-05
0,1,0.8110296726226807
1,1,0.9998236298561096
1,1,0.999934196472168
1,1,0.9995427131652832
1,1,0.9775314331054688
0,0,5.7882905821315944e-05
1,1,0.7910208106040955
0,0,0.002886090660467744
0,0,0.0007971119484864175
1,1,0.9999498128890991
0,0,0.0003398764238227159
0,0,0.0006125423824414611
1,1,0.9901579022407532
0,0,0.002764548175036907
1,1,0.9705072045326233
0,0,0.0003480121959000826
1,1,0.991858184337616
0,0,1.2898057320853695e-05
1,1,0.9929274916648865
0,0,0.0005880125099793077
0,0,0.0439770333468914
0,0,4.6499357267748564e-05
1,1,0.9999409914016724
0,0,0.005325522273778915
1,0,0.11377809941768646
0,0,0.011028201319277287
1,0,0.30796271562576294
1,1,0.5790122151374817
1,1,0.99983811378479
0,0,0.00031836022390052676
1,1,0.9989925026893616
1,1,0.9998196959495544
1,1,0.999977707862854
0,0,0.00018692614685278386
1,1,0.999972939491272
1,1,0.9432841539382935
0,0,0.00012684124521911144
1,1,0.9998847246170044
0,1,0.566848635673523
1,1,0.9995168447494507
1,1,0.9998672008514404
0,1,0.8825183510780334
1,1,0.9934017062187195
0,0,0.000594400626141578
0,0,0.0012391047785058618
0,0,6.596804450964555e-05
1,1,0.9998227953910828
1,1,0.9719637632369995
1,1,0.9997177720069885
0,0,0.045951906591653824
0,0,0.00022292439825832844
1,1,0.9996862411499023
1,1,0.999645471572876
0,0,4.641177292796783e-05
0,0,2.204155498475302e-05
0,0,0.0003429042117204517
0,0,0.022951798513531685
1,1,0.9978151321411133
1,1,0.9922141432762146
1,1,0.9995341300964355
0,0,0.004151488188654184
1,1,0.9792149066925049
1,1,0.9964472651481628
0,0,0.005771609954535961
1,0,0.4667279124259949
1,1,0.5183021426200867
0,0,0.00177422643173486
1,1,0.9997662901878357
0,0,0.00015402902499772608
0,0,0.0025770869106054306
0,0,0.03426801785826683
0,0,2.983261765621137e-06
0,0,0.03719893470406532
1,1,0.9871883392333984
0,0,0.0028340034186840057
0,1,0.9213321208953857
1,1,0.9999831914901733
0,0,0.00046763906721025705
0,0,7.056372851366177e-05
1,1,0.999966025352478
1,1,0.9997748732566833
0,0,0.00018384872237220407
1,1,0.9931756854057312
0,0,0.0025860031601041555
1,1,0.9999914169311523
0,0,9.246650733985007e-06
0,0,7.369717059191316e-05
0,0,0.0014442604733631015
0,0,0.0009214402525685728
0,0,1.1263988199061714e-05
1,1,0.9962698221206665
1,1,0.9995608925819397
1,1,0.9997953772544861
0,0,0.07864823937416077
1,1,0.9999082088470459
1,0,0.1561458557844162
0,0,0.09077092260122299
0,0,7.159569577197544e-06
1,1,0.9994369149208069
0,0,0.0001037817492033355
1,1,0.9469675421714783
1,1,0.9794787764549255
0,0,2.6246172637911513e-05
1,1,0.982092022895813
0,0,0.00043841946171596646
1,1,0.999247670173645
0,0,0.0004454062436707318
0,0,0.0025950181297957897
0,0,0.00012519680603872985
0,0,8.91600939212367e-06
0,0,0.0015902944141998887
1,1,0.9999632835388184
1,1,0.9998158812522888
1,1,0.9813583493232727
1,1,0.9865038394927979
1,1,0.9622477889060974
1,1,0.9999063014984131
0,0,0.3132210075855255
1,1,0.9979779124259949
1,1,0.9961269497871399
0,0,0.004254392813891172
0,0,0.0005410850280895829
1,0,0.194428950548172
1,1,0.99946528673172
1,1,0.9998074173927307
0,0,0.004267660900950432
0,0,0.002888501388952136
0,0,3.2300980819854885e-05
1,1,0.9999246597290039
0,0,0.00033415271900594234
0,0,0.0010628135642036796
1,1,0.9982349872589111
1,1,0.5601102113723755
0,0,0.0009162346832454205
1,1,0.9977916479110718
0,0,8.224415796576068e-05
0,0,0.000570543808862567
0,0,0.0004959239158779383
0,0,0.001039524911902845
1,1,0.9976576566696167
1,1,0.9971600770950317
1,1,0.9942086935043335
1,1,0.9991205334663391
1,1,0.9805392026901245
1,1,0.9687577486038208
1,1,0.9998899698257446
0,0,0.0007028455729596317
0,0,0.0007226077141240239
1,1,0.9996479749679565
0,0,0.06803295016288757
1,1,0.9989067316055298
1,1,0.9998717308044434
0,0,9.07405137695605e-06
1,0,0.31431838870048523
1,1,0.9989826083183289
1,1,0.999388575553894
0,0,0.00025675687356851995
1,1,0.9991982579231262
0,0,8.367083501070738e-05
0,0,5.8422074289410375e-06
1,1,0.8948338031768799
1,1,0.9994975328445435
1,1,0.9997984766960144
0,0,0.0018720744410529733
1,1,0.99957674741745
1,1,0.9610206484794617
1,1,0.9999730587005615
1,1,0.9996954202651978
1,1,0.9999496936798096
1,1,0.9999465942382812
1,1,0.9999654293060303
1,1,0.9832783341407776
0,0,0.009163926355540752
1,1,0.9989172220230103
1,1,0.9996631145477295
1,1,0.996455192565918
0,0,1.8912896848632954e-05
1,1,0.9867748022079468
0,0,0.04175107553601265
1,1,0.9944915771484375
0,0,0.000540158012881875
0,0,0.006154493894428015
0,0,1.6502581274835393e-05
0,0,0.0011341641657054424
0,0,0.0006541121983900666
0,0,0.0001528766006231308
0,0,0.0007427848759107292
0,0,3.2491505407961085e-05
0,0,0.09838037192821503
0,0,0.00012100691674277186
0,0,0.0006330973701551557
1,1,0.9999712705612183
0,0,0.2845938205718994
1,1,0.9995274543762207
1,1,0.9996681213378906
1,1,0.9960402250289917
1,1,0.9996554851531982
1,1,0.9559277296066284
1,1,0.9997968077659607
0,0,0.0001613961358089
1,1,0.9983347058296204
1,1,0.9997631907463074
0,0,2.940878630397492e-06
0,0,0.12019109725952148
0,0,0.012191076762974262
1,1,0.93654865026474
1,1,0.9998219609260559
1,1,0.9999401569366455
1,1,0.9958580136299133
0,0,7.5187058428127784e-06
0,0,0.006494693923741579
1,1,0.9958859086036682
0,0,0.00023927883012220263
1,1,0.9992696642875671
0,0,0.0002564278256613761
1,0,0.40822479128837585
0,0,0.00010953197488561273
1,1,0.9998472929000854
1,1,0.9998261332511902
1,1,0.9998252987861633
0,0,0.00014422410458792
0,0,0.01028730534017086
1,1,0.9988679885864258
0,0,7.033356814645231e-05
0,0,0.006327296607196331
1,1,0.9947999715805054
1,1,0.9999579191207886
1,1,0.9988362193107605
1,1,0.9900381565093994
0,0,7.262626604642719e-05
0,0,0.0005389309953898191
1,0,0.47760143876075745
0,0,0.005093434825539589
1,0,0.20835568010807037
1,0,0.21770510077476501
0,0,2.3063490516506135e-05
0,0,4.590919161273632e-06
0,0,0.06094703823328018
0,0,8.218747097998857e-05
1,1,0.9996198415756226
0,0,3.7363945011748e-05
1,1,0.9979006052017212
1,1,0.9993682503700256
1,1,0.9967440366744995
0,0,0.00022289763728622347
1,1,0.998762845993042
1,1,0.994293749332428
1,1,0.9982339143753052
1,1,0.999983549118042
1,1,0.9996726512908936
1,1,0.8818128705024719
1,1,0.9986215829849243
1,1,0.9956986904144287
0,1,0.7543774843215942
0,0,0.0003599055635277182
0,0,9.698067151475698e-05
1,1,0.9998014569282532
0,0,0.00011769542470574379
0,0,0.004289132542908192
0,0,0.0011702602496370673
0,0,0.00013319058052729815
0,0,0.0006422370206564665
1,1,0.978569746017456
1,1,0.9972519278526306
1,1,0.9995121955871582
0,0,0.0033446229062974453
1,1,0.9996849298477173
0,0,0.0020930434111505747
0,0,0.022962946444749832
1,1,0.9980341792106628
0,0,0.01749173365533352
1,1,0.9995036125183105
1,1,0.9997063279151917
1,1,0.9979013204574585
1,1,0.987800121307373
1,1,0.9952545166015625
1,1,0.9998342990875244
0,0,0.00043888884829357266
1,0,0.3279756009578705
0,0,0.013640407472848892
0,0,0.004614287056028843
0,1,0.7081853747367859
1,1,0.9862170219421387
1,1,0.9960300326347351
0,0,8.797547343419865e-05
0,0,0.01715458557009697
0,0,0.053748972713947296
0,0,0.00023964045976754278
1,1,0.9614574909210205
1,1,0.7651950120925903
1,1,0.9986431002616882
0,0,0.0005886870203539729
1,1,0.9873693585395813
0,0,0.0005400715162977576
1,0,0.36028432846069336
0,0,0.0017116250237450004
1,1,0.9998977184295654
1,1,0.9999934434890747
1,1,0.9945135116577148
0,0,0.48211178183555603
0,0,5.795780907646986e-06
0,0,0.025376182049512863
0,0,0.0015082195168361068
0,0,9.646089893067256e-06
0,0,0.00018835101218428463
0,0,0.0002686479710973799
0,0,0.0038799585308879614
1,1,0.9966387748718262
1,1,0.7750844955444336
1,1,0.9995405673980713
1,1,0.9996851682662964
0,0,0.0011986877070739865
1,1,0.9999860525131226
1,1,0.9997487664222717
0,0,0.00017723589553497732
0,0,4.123795224586502e-05
1,1,0.9962369203567505
1,1,0.9994760155677795
0,0,0.18147003650665283
0,0,0.00017273059347644448
0,0,0.00031164364190772176
1,1,0.9999603033065796
1,0,0.3756661117076874
1,1,0.9998918771743774
1,1,0.9998652935028076
1,1,0.9998642206192017
1,1,0.9998559951782227
0,0,0.0001676049578236416
0,0,0.00534053472802043
1,1,0.9999243021011353
1,1,0.9843627214431763
1,1,0.9998074173927307
1,1,0.9998513460159302
0,0,0.001717229257337749
1,1,0.9996275901794434
1,0,0.38137170672416687
0,0,0.00163011415861547
0,0,0.0005911567714065313
0,0,6.65803236188367e-05
1,1,0.988440752029419
1,1,0.9998055100440979
1,1,0.9999209642410278
1,1,0.9842175245285034
0,0,0.0009789631003513932
0,0,0.00014017503417562693
0,0,0.0002318269689567387
1,1,0.9989908337593079
0,0,0.021677155047655106
1,1,0.9995982050895691
0,0,1.9602755401137983e-06
0,0,0.0002154490357497707
1,1,0.9998877048492432
0,1,0.9504803419113159
1,1,0.9987128973007202
1,1,0.9511206150054932
0,0,0.00013035061419941485
0,1,0.6600492000579834
0,0,0.0019102196674793959
1,1,0.991356372833252
1,1,0.999612033367157
1,1,0.999552309513092
0,0,0.003416071180254221
1,1,0.9750968217849731
0,1,0.5111746788024902
1,1,0.9996393918991089
0,0,6.99325610185042e-05
1,1,0.9997616410255432
0,0,0.0011590784415602684
1,1,0.9986125230789185
1,1,0.998267650604248
0,0,0.0002055169316008687
1,1,0.9997929930686951
0,0,0.0003757687518373132
1,1,0.9851536750793457
1,1,0.9942483901977539
0,0,3.608122278819792e-05
1,1,0.9998193383216858
1,1,0.9897261261940002
0,0,6.330593896564096e-05
0,0,0.27905866503715515
1,1,0.9998782873153687
1,1,0.772136926651001
0,0,0.2718147039413452
0,0,3.3426040317863226e-05
1,0,0.3937407433986664
1,1,0.999733030796051
0,0,9.357379167340696e-05
1,1,0.9999146461486816
1,1,0.9989915490150452
0,0,3.2774983992567286e-05
0,0,0.13245773315429688
0,0,0.003786619519814849
0,0,0.0016216918593272567
1,1,0.9999202489852905
0,0,0.00021715275943279266
0,0,0.0024780426174402237
0,0,0.0014768794644623995
1,1,0.9999079704284668
1,1,0.9951170682907104
0,0,0.014511200599372387
1,1,0.9998751878738403
1,1,0.9907726049423218
0,0,0.43657833337783813
0,0,0.0003706239222083241
1,1,0.9999927282333374
1,1,0.9999867677688599
0,1,0.9146206378936768
0,0,0.0001704748865449801
1,1,0.9998970031738281
0,0,0.0007707594777457416
0,0,7.681004717596807e-06
1,1,0.9998562335968018
1,1,0.9999021291732788
0,0,0.0103827565908432
0,0,0.00019111305300612003
0,0,0.0007238765829242766
0,0,0.007915124297142029
1,1,0.9337968230247498
1,1,0.9998214840888977
1,1,0.9937885403633118
1,1,0.9991092085838318
1,1,0.9996507167816162
0,0,0.0007244549342431128
1,1,0.9999716281890869
1,1,0.9999094009399414
1,1,0.9990742206573486
1,1,0.9923772811889648
0,0,3.979861958214315e-06
1,1,0.9999233484268188
0,0,0.002355284756049514
1,1,0.9983173608779907
1,1,0.9474449157714844
1,1,0.5044347643852234
1,1,0.9920995235443115
0,0,0.0050780754536390305
1,1,0.9804890155792236
1,1,0.999944806098938
0,0,1.9127164705423638e-05
0,0,0.0004899385967291892
0,0,0.00025608332362025976
0,0,0.0127017917111516
1,1,0.9999798536300659
1,1,0.9971535205841064
0,0,0.025841834023594856
1,1,0.9998302459716797
0,0,0.0002672281698323786
0,0,3.8310132367769256e-05
1,1,0.9962893724441528
1,1,0.9990641474723816
1,1,0.9998618364334106
0,0,0.0002087825268972665
0,1,0.794216513633728
0,0,0.0023073097690939903
1,1,0.9999864101409912
1,1,0.9974039196968079
0,0,1.534898365207482e-05
1,1,0.9994388222694397
0,0,0.07965690642595291
1,1,0.9974344372749329
0,0,0.00018528260989114642
0,0,0.00033516090479679406
0,0,0.0002271691628266126
1,1,0.9997050166130066
1,1,0.984038770198822
1,1,0.9999548196792603
1,1,0.9987826943397522
0,0,0.012170977890491486
1,1,0.8783903121948242
1,1,0.8962599039077759
1,1,0.9997928738594055
1,1,0.9966790676116943
1,1,0.9685434103012085
0,0,0.001149602234363556
1,1,0.9562857151031494
1,1,0.9995504021644592
0,0,1.0288610610587057e-05
0,0,0.00017678592121228576
1,1,0.9685686230659485
1,1,0.9997443556785583
1,1,0.9953814744949341
0,0,0.08539433777332306
0,0,0.06274909526109695
0,0,8.313660509884357e-05
0,0,0.007089624647051096
1,1,0.9988781809806824
1,1,0.9932606816291809
1,1,0.9996581077575684
1,1,0.9999001026153564
1,1,0.9957036375999451
0,0,0.00030791974859312177
1,1,0.9998379945755005
0,0,0.00012870755745097995
0,0,6.434359238483012e-05
0,0,0.001315159141086042
0,0,0.035863395780324936
1,1,0.9939538836479187
1,1,0.9996148347854614
0,0,0.00032261727028526366
1,1,0.9894123673439026
0,0,0.0004979977966286242
1,1,0.9988364577293396
1,1,0.9873801469802856
1,1,0.9986121654510498
1,1,0.999954104423523
1,1,0.9907310605049133
0,0,3.301272590761073e-05
0,0,0.0002654587442521006
0,0,0.00015613831055816263
1,1,0.9894796013832092
1,1,0.9999262094497681
1,1,0.9998788833618164
1,1,0.9751887917518616
1,1,0.5552043914794922
0,0,0.0005950417253188789
1,1,0.9983185529708862
0,0,0.0005321298376657069
1,1,0.9999163150787354
1,1,0.999444305896759
0,0,2.1228062905720435e-05
1,1,0.9051699042320251
0,0,0.0025426319334656
0,0,0.002204692456871271
0,0,0.003097146051004529
1,1,0.9208934307098389
0,0,0.07965736836194992
1,1,0.9993178844451904
0,0,0.004399856086820364
1,1,0.9995266199111938
1,1,0.9998107552528381
0,0,0.005808592773973942
1,1,0.9895450472831726
0,0,0.0007545537664555013
0,0,0.0005085807642899454
1,1,0.9907455444335938
1,1,0.9998703002929688
1,1,0.9998793601989746
1,1,0.9994879961013794
0,0,9.25791755435057e-06
1,1,0.9952600598335266
1,1,0.9999227523803711
0,0,0.2024509310722351
1,1,0.9858869314193726
0,0,0.11651447415351868
1,1,0.9872710108757019
1,1,0.9998947381973267
1,1,0.9996335506439209
1,1,0.9983637928962708
0,0,0.00013933959417045116
1,1,0.9988234639167786
0,0,0.00037161068757995963
0,0,0.00022928667021915317
0,1,0.6960024833679199
1,1,0.9978532195091248
0,0,0.006828403100371361
0,0,0.001029881415888667
1,1,0.9840023517608643
0,0,0.0001244582235813141
1,0,0.16143549978733063
0,0,0.00017397094052284956
1,1,0.9989532232284546
1,1,0.9999098777770996
1,1,0.9984579086303711
0,0,0.09086693823337555
0,0,0.0006746857543475926
0,0,0.02455146051943302
1,1,0.9945815205574036
1,1,0.8437922596931458
1,1,0.9999395608901978
1,1,0.998579740524292
1,1,0.74228835105896
0,0,8.665130735607818e-05
0,0,0.0655311867594719
1,1,0.9994876384735107
1,1,0.998085618019104
0,0,0.000429269828600809
1,1,0.9997852444648743
1,1,0.9795913696289062
1,1,0.9997958540916443
1,1,0.9998107552528381
0,0,0.0009617324103601277
0,0,3.5475266486173496e-05
0,0,0.0006560551701113582
0,0,0.04422002285718918
0,0,0.024010466411709785
1,1,0.9987710118293762
1,1,0.9983988404273987
1,1,0.9229912757873535
0,0,0.0003110170364379883
0,0,0.00014315376756712794
1,1,0.9934687614440918
0,0,2.9940021704533137e-05
1,1,0.9998492002487183
0,0,3.8675410905852914e-05
1,1,0.9975038170814514
1,1,0.9981641173362732
1,1,0.9925776124000549
1,1,0.986348032951355
1,0,0.4530925452709198
0,0,0.2531835734844208
0,0,0.0025336334947496653
0,0,0.03021383285522461
0,0,8.703033381607383e-05
1,1,0.8830398321151733
1,1,0.99358069896698
1,1,0.9979851245880127
1,1,0.9936174154281616
0,0,0.0012855007080361247
0,0,0.010922018438577652
1,1,0.9792066812515259
0,0,0.0035644392482936382
0,0,0.00013653510541189462
1,1,0.8915901780128479
0,0,0.19820713996887207
0,0,0.028594715520739555
1,1,0.7405927181243896
0,0,0.059006210416555405
0,0,7.186937727965415e-05
0,0,0.0009030319633893669
1,1,0.9999653100967407
0,0,5.572006921283901e-05
0,0,6.764963472960517e-05
1,1,0.9825745224952698
0,0,0.00019973903545178473
0,0,0.00019239950051996857
0,0,0.002367048291489482
1,1,0.9995385408401489
0,0,0.0011247439542785287
0,0,0.0002099339326377958
0,0,0.011828632093966007
1,1,0.9988094568252563
0,0,0.2559313476085663
0,0,1.420276294084033e-05
1,0,0.4717561900615692
1,1,0.9998431205749512
1,1,0.9995291233062744
0,1,0.9991841912269592
0,0,0.0824006050825119
1,1,0.8759492635726929
0,0,0.0012139573227614164
1,1,0.9976502060890198
1,1,0.9677502512931824
1,1,0.9999337196350098
1,1,0.9998818635940552
1,1,0.9996110796928406
1,1,0.9668871164321899
0,0,0.0005529559566639364
0,0,0.0003889735380653292
1,1,0.9476587772369385
1,1,0.9999489784240723
1,1,0.9999200105667114
1,1,0.9996947050094604
1,1,0.8627004027366638
0,0,0.00991119910031557
1,1,0.9999624490737915
1,1,0.9999054670333862
1,1,0.9096736311912537
1,1,0.9999436140060425
1,0,0.2942619025707245
1,1,0.999613344669342
1,1,0.9999083280563354
1,1,0.9998452663421631
1,1,0.9887344241142273
1,1,0.9957349300384521
1,0,0.16443327069282532
0,0,0.011510134674608707
0,0,0.012757157906889915
0,0,0.3189084827899933
1,1,0.9999651908874512
0,0,8.078215614659712e-05
1,1,0.9994057416915894
0,0,0.21328234672546387
1,1,0.9999761581420898
1,1,0.728752851486206
1,1,0.999738872051239
0,0,0.00011974623339483514
0,0,0.010241668671369553
0,0,0.0006891338853165507
0,0,0.008394326083362103
1,1,0.9997674822807312
1,1,0.9998177886009216
0,0,0.0007407007506117225
0,0,0.0038795277941972017
1,1,0.9999377727508545
1,1,0.999476969242096
0,0,0.0002278896135976538
1,0,0.14172695577144623
1,1,0.9998356103897095
0,0,0.006004947237670422
0,0,1.5943747712299228e-05
0,0,0.0015536235878244042
0,0,0.00229627569206059
0,0,0.008326898328959942
0,0,0.09760190546512604
0,0,0.0004925655666738749
1,1,0.9999023675918579
0,0,7.169395303208148e-06
1,1,0.999907374382019
0,0,9.053997018781956e-06
1,1,0.9994134902954102
1,1,0.9999592304229736
0,0,0.004595008213073015
0,0,0.005868102889508009
1,1,0.9999027252197266
0,0,0.0025769388303160667
0,0,0.0004423826758284122
1,1,0.9993948936462402
1,1,0.9972336888313293
0,0,7.357597496593371e-05
1,1,0.999854326248169
1,1,0.9942477941513062
0,0,0.35741356015205383
0,0,0.07418587058782578
1,1,0.9421051740646362
0,0,0.004882460460066795
0,0,0.046430010348558426
0,0,2.9974789867992513e-05
0,0,0.0013096530456095934
1,1,0.9950804710388184
0,0,0.0011197194689884782
0,0,0.0024985955096781254
1,1,0.983250081539154
0,0,0.06480047106742859
0,0,0.002290372271090746
0,0,0.0010091911535710096
0,0,0.0005688705132342875
0,0,0.002348055364564061
0,0,0.00014326001110021025
0,0,0.0001871337299235165
1,1,0.9321504235267639
0,0,0.0002668264205567539
0,0,0.008816932328045368
0,0,0.000146913094795309
0,0,0.03947192430496216
0,0,1.846631676016841e-05
0,0,0.005621208809316158
0,0,8.74140823725611e-06
1,1,0.9998879432678223
0,0,0.05887962877750397
0,0,0.009140083566308022
0,0,0.014869746752083302
0,0,0.012022905983030796
0,0,0.00016617878281977028
1,1,0.9998650550842285
1,1,0.9990217685699463
1,1,0.9999550580978394
0,0,0.0004279505228623748
0,0,9.740021050674841e-05
1,1,0.9997797608375549
0,0,0.021970579400658607
1,1,0.9981362819671631
1,1,0.9912823438644409
1,1,0.9999641180038452
1,1,0.9993211030960083
1,1,0.9998425245285034
0,0,0.0014626294141635299
0,0,0.0007194469799287617
1,1,0.9979134202003479
1,1,0.9997730851173401
1,1,0.997189462184906
1,1,0.9663129448890686
1,1,0.9828792214393616
0,0,9.595736628398299e-05
0,0,0.06835010647773743
0,0,5.0478658522479236e-05
0,0,0.0001314121764153242
0,0,0.00030929993954487145
0,0,0.4607243835926056
0,0,0.05416800081729889
0,0,0.0010193041525781155
1,1,0.9996315240859985
0,0,0.0020691147074103355
0,0,0.0001558028016006574
1,1,0.9997802376747131
1,1,0.9997453093528748
1,1,0.9981932044029236
0,0,0.0001529217988718301
1,1,0.989459753036499
0,0,0.0012091652024537325
0,0,0.0012835072120651603
1,1,0.7639753818511963
0,0,0.0035267651546746492
0,0,0.007427869830280542
0,0,0.09745718538761139
1,1,0.7615715861320496
0,0,0.00027420904370956123
0,0,9.586142550688237e-05
0,0,0.0001141522079706192
1,1,0.9906653165817261
1,1,0.9998444318771362
0,1,0.9058687090873718
0,0,0.017971478402614594
1,1,0.9998745918273926
0,0,0.013099774718284607
0,0,0.0015366554725915194
1,1,0.9925529360771179
1,1,0.9945765733718872
0,0,0.004613358993083239
0,0,4.540515419648727e-06
1,1,0.7626668214797974
1,1,0.5195243954658508
1,1,0.9993802309036255
1,1,0.9997233748435974
1,0,0.1350983828306198
1,1,0.9993569254875183
1,1,0.9994031190872192
1,1,0.9994291663169861
0,0,3.71709825230937e-06
1,1,0.999988317489624
1,1,0.9959619641304016
1,1,0.999679446220398
1,1,0.9946112632751465
1,1,0.9999641180038452
1,1,0.9999699592590332
0,0,0.023222869262099266
1,1,0.9938296675682068
1,1,0.9999443292617798
1,1,0.9999326467514038
1,1,0.9992018342018127
0,0,0.0055390167981386185
0,0,0.0008742594509385526
1,1,0.9998965263366699
0,0,0.004098520148545504
0,0,0.00011713706044247374
0,0,0.000994204543530941
1,1,0.9995455145835876
1,1,0.9999501705169678
0,0,0.0030289420392364264
1,1,0.9803822040557861
1,1,0.9981064796447754
1,1,0.9997468590736389
0,0,1.5963572877808474e-05
1,1,0.9529906511306763
1,1,0.9823108911514282
1,0,0.007888670079410076
0,0,0.0003630154824350029
1,1,0.9999539852142334
0,0,0.08973154425621033
1,1,0.8803566098213196
1,1,0.999930739402771
0,1,0.9149053692817688
1,1,0.9982611536979675
0,0,4.59886432508938e-05
0,0,0.0007375335553660989
1,1,0.9994717240333557
1,1,0.5794979333877563
0,0,0.14197741448879242
0,0,0.11877259612083435
1,1,0.9902212619781494
0,0,0.00043456899584271014
0,0,0.00024909875355660915
0,0,3.504259802866727e-05
1,1,0.9996634721755981
0,0,9.182255598716438e-05
1,1,0.9948371648788452
1,1,0.9998555183410645
1,1,0.9999808073043823
0,0,8.351554424734786e-05
0,0,0.01624911278486252
1,1,0.9823055863380432
1,0,0.39087674021720886
1,1,0.9995446801185608
1,1,0.9988096952438354
0,0,0.02341758832335472
1,1,0.9992836117744446
1,1,0.9994171857833862
0,0,0.0016251830384135246
1,1,0.9999083280563354
0,0,0.0009179163025692105
0,0,9.428783960174769e-05
0,0,0.0053397188894450665
1,1,0.9981077909469604
1,0,0.009362809360027313
0,0,0.0008334875456057489
1,1,0.9274449348449707
0,0,0.006714085582643747
0,0,0.0019282848807051778
1,1,0.9915105700492859
0,0,0.01796584762632847
0,0,0.0008629703661426902
0,0,0.0003864329191856086
0,0,0.07149642705917358
0,0,8.750483539188281e-05
0,0,1.3371214663493447e-05
0,0,0.008964256383478642
0,0,0.0012709051370620728
0,0,0.0006333969649858773
0,0,0.08722136169672012
0,0,0.09408900141716003
1,1,0.9998571872711182
1,1,0.9995288848876953
1,1,0.9911110401153564
1,1,0.983318567276001
0,0,0.0010496336035430431
1,1,0.9993709921836853
1,1,0.9998965263366699
1,1,0.9999129772186279
1,1,0.9998984336853027
1,1,0.9999620914459229
1,1,0.9716331958770752
0,0,0.001764774671755731
1,1,0.9994224309921265
1,1,0.9998570680618286
0,0,0.00012086796050425619
0,0,0.0004821322800125927
0,0,0.0023393244482576847
0,0,0.0007210486219264567
1,1,0.9993649125099182
1,1,0.9966228008270264
1,1,0.9992280006408691
1,1,0.9821615219116211
0,0,0.0008711750851944089
1,1,0.999942421913147
0,0,0.00045591697562485933
1,1,0.9997395873069763
1,1,0.9946545362472534
1,1,0.9995337724685669
0,0,0.0054224771447479725
1,1,0.9998563528060913
0,0,0.012660389766097069
1,1,0.9998624324798584
1,1,0.9954108595848083
1,1,0.9926658272743225
1,1,0.9998883008956909
1,1,0.9999799728393555
0,0,4.1993436752818525e-05
1,1,0.9977836012840271
0,1,0.9764851331710815
0,0,0.000596514146309346
1,1,0.9680782556533813
0,0,0.0014798273332417011
0,0,0.00015685157268308103
0,0,0.019513513892889023
0,0,4.097675628145225e-06
0,0,0.004240445327013731
1,1,0.9998880624771118
0,0,0.002283025998622179
0,1,0.7279137969017029
0,0,0.00048138509737327695
1,1,0.9995487332344055
0,0,0.003775634104385972
1,1,0.8831445574760437
1,1,0.9944913387298584
0,0,0.012045060284435749
0,0,2.54057849815581e-05
0,0,0.00021514625404961407
1,1,0.9998664855957031
0,0,0.00040701404213905334
1,1,0.9978365302085876
1,1,0.9994474053382874
1,1,0.9996356964111328
1,1,0.9991717338562012
1,1,0.8061516880989075
1,1,0.9992548823356628
0,0,0.00031327817123383284
1,1,0.9526550769805908
0,0,0.004850613418966532
1,1,0.9998008608818054
1,1,0.9998798370361328
0,0,0.01664094254374504
0,0,0.2937657833099365
1,1,0.9984367489814758
0,0,0.00036703574005514383
0,0,0.0001778419391484931
0,0,0.0040631042793393135
1,1,0.9974783062934875
0,0,0.0002661322942003608
0,0,0.001285947160795331
0,0,1.2549368875625078e-05
0,0,6.0718823078786954e-05
1,1,0.9525707960128784
0,0,8.774222078500316e-05
1,1,0.9857778549194336
1,1,0.9850266575813293
0,0,0.0036205018404871225
0,0,0.00026021694066002965
0,0,0.0022240427788347006
1,0,0.24865137040615082
1,1,0.999548614025116
0,0,6.552723789354786e-06
1,1,0.9990032315254211
0,0,1.8031190847977996e-05
1,1,0.9989966750144958
1,1,0.9898414015769958
1,1,0.9993553757667542
1,1,0.9871001243591309
0,0,0.0013385370839387178
0,0,0.0011158132692798972
1,1,0.9988189339637756
0,0,0.00034773029619827867
0,0,0.00045469330507330596
0,0,0.00017219448636751622
1,1,0.9999430179595947
1,1,0.9990217685699463
1,1,0.996723473072052
1,1,0.998367965221405
1,1,0.9550186991691589
0,0,0.4300321638584137
1,1,0.9880246520042419
0,0,0.010505088604986668
1,1,0.9977304339408875
1,1,0.9968932867050171
1,1,0.9990717172622681
0,0,3.8169368053786457e-05
0,0,0.004765813704580069
0,0,4.3673771870089695e-05
1,1,0.979762613773346
0,0,0.0004763721372000873
1,1,0.9966009259223938
0,0,0.001004847465083003
1,0,0.20786899328231812
0,0,0.12770363688468933
0,1,0.6955463290214539
1,1,0.9990793466567993
0,0,4.032872311654501e-05
0,0,5.852294862052076e-07
1,1,0.9999020099639893
1,1,0.9862279295921326
0,0,1.7624224710743874e-05
0,0,0.08472217619419098
0,0,0.0012567801168188453
1,1,0.9993164539337158
1,1,0.9999707937240601
1,1,0.9900091886520386
1,1,0.9983012676239014
1,1,0.9999196529388428
1,1,0.9999740123748779
1,1,0.9999059438705444
1,1,0.9999070167541504
0,0,0.00030199604225344956
0,0,7.600182925671106e-06
0,0,1.2221768884046469e-05
1,1,0.9997417330741882
0,0,1.911563958856277e-05
1,1,0.999990701675415
0,0,0.014222257770597935
1,1,0.999542236328125
1,1,0.555833637714386
0,0,0.007604756858199835
1,1,0.9998003840446472
1,1,0.8433579206466675
0,0,0.03296304866671562
1,1,0.8874538540840149
1,1,0.9999021291732788
1,1,0.8665398955345154
0,0,0.0003375009400770068
0,0,0.00012232566950842738
0,0,8.383971362491138e-06
1,1,0.9999163150787354
1,1,0.9953188300132751
0,0,0.0011015513446182013
1,1,0.9993077516555786
1,0,0.24140512943267822
1,1,0.999984622001648
0,0,0.00013472684076987207
1,1,0.9915681481361389
0,1,0.9952521324157715
0,0,4.589322270476259e-05
1,1,0.9546021223068237
1,1,0.9999845027923584
0,0,8.221648022299632e-05
1,1,0.9601560831069946
1,1,0.9996194839477539
1,1,0.9999861717224121
1,1,0.990347146987915
1,1,0.9998723268508911
1,1,0.9999622106552124
0,0,0.00011058269592467695
1,1,0.7698608040809631
1,1,0.9975211024284363
1,1,0.9972606897354126
0,0,2.81721877399832e-05
0,0,2.0750176190631464e-06
0,0,0.01583997905254364
0,0,6.405651947716251e-05
0,0,0.0008712195558473468
1,1,0.9992836117744446
0,0,0.003179258666932583
1,1,0.9807477593421936
1,1,0.9966024160385132
0,0,0.00012584445357788354
0,0,2.5999495846917853e-05
1,1,0.9484596848487854
1,1,0.9979922771453857
1,1,0.9995848536491394
1,1,0.9994592070579529
1,1,0.9997456669807434
0,0,3.097770968452096e-05
0,0,0.00890443753451109
1,1,0.9998586177825928
0,0,0.0013373150723055005
1,1,0.9996815919876099
1,1,0.9996228218078613
1,1,0.5242840647697449
1,1,0.9953091740608215
0,0,0.008939365856349468
0,0,0.016939273104071617
0,0,8.180082659237087e-05
0,0,4.0234033804154024e-05
1,0,0.34164538979530334
0,0,0.00030504047754220665
1,1,0.9999841451644897
1,1,0.9998737573623657
1,1,0.9968587160110474
1,1,0.9999336004257202
1,1,0.9998965263366699
1,0,0.3562968671321869
0,0,0.00029202664154581726
0,0,0.008945692330598831
1,1,0.9999908208847046
1,1,0.9981731176376343
0,0,0.004353564232587814
1,1,0.7581135034561157
0,0,0.00029658866696991026
0,0,0.005711553152650595
0,0,0.002200191607698798
0,0,0.004403719678521156
0,0,0.00021313676552381366
1,1,0.9982044696807861
1,1,0.999966025352478
0,0,0.0007959767244756222
1,1,0.963192343711853
1,1,0.9998290538787842
1,1,0.9992297887802124
1,1,0.9939320087432861
0,0,0.037202928215265274
0,1,0.9762220978736877
1,1,0.9182942509651184
1,1,0.9997532963752747
0,0,0.0007084787357598543
1,1,0.9996200799942017
0,0,0.0015275184996426105
0,0,0.00031832593958824873
1,1,0.9998999834060669
1,1,0.9917860627174377
1,1,0.9490225911140442
0,0,0.0020319789182394743
1,1,0.9929707646369934
0,0,0.008084547705948353
1,1,0.998764157295227
1,1,0.9998747110366821
0,0,0.07359643280506134
0,0,3.17748126690276e-05
0,0,2.2570629880647175e-06
0,1,0.5614038705825806
1,1,0.715048611164093
1,1,0.9998680353164673
1,1,0.9995681643486023
1,1,0.9995637536048889
1,1,0.9749211072921753
1,1,0.998477041721344
0,0,0.2411469966173172
0,0,0.0012027720222249627
1,1,0.999325156211853
0,0,0.00010276692046318203
1,0,0.12008265405893326
1,1,0.9995284080505371
1,1,0.9998981952667236
0,0,0.0004275171086192131
0,0,0.0007321142475120723
0,0,0.2532503008842468
1,1,0.9984737038612366
1,0,0.19675366580486298
0,0,0.0009284096886403859
0,0,0.013629795052111149
1,1,0.9908748865127563
1,1,0.995357096195221
1,1,0.9999741315841675
1,1,0.9999736547470093
1,1,0.9399057626724243
1,1,0.9916159510612488
1,1,0.99008709192276
0,0,4.5934688387205824e-05
1,1,0.9995797276496887
1,1,0.9949634075164795
1,1,0.9988127946853638
1,1,0.9925209283828735
1,1,0.9999632835388184
0,0,0.0008623875328339636
0,0,0.00024844249128364027
0,0,5.9196863730903715e-05
0,0,0.0006745594437234104
1,1,0.9996945858001709
1,1,0.9992058873176575
1,1,0.9957002401351929
1,1,0.9993138313293457
1,1,0.9998970031738281
1,1,0.9955471754074097
1,1,0.9659863710403442
0,0,0.004895188845694065
0,0,0.25022655725479126
0,1,0.9726263880729675
0,0,0.0007085195393301547
1,1,0.9972182512283325
1,1,0.9996211528778076
1,1,0.9996064305305481
1,1,0.972075343132019
0,0,0.01846979185938835
1,0,0.018854711204767227
1,1,0.9997261166572571
1,1,0.9940105080604553
0,0,0.0015270996373146772
1,1,0.9992801547050476
0,0,0.0036204159259796143
0,0,5.7882192777469754e-05
0,0,0.0006328056915663183
0,0,0.07152169197797775
1,1,0.9991795420646667
0,0,2.6763718778965995e-05
0,0,0.012947051785886288
0,0,5.726382732973434e-05
1,0,0.01886100322008133
0,0,2.685693652892951e-05
0,0,0.009393640793859959
1,1,0.6328759789466858
0,0,0.001156860264018178
0,0,0.009031563997268677
1,1,0.9994022846221924
0,0,0.4293682277202606
0,1,0.955675482749939
0,0,0.018103238195180893
0,0,0.0013809766387566924
1,1,0.72646564245224
1,1,0.9994242191314697
1,1,0.9985174536705017
0,0,0.00010139035293832421
1,1,0.9998939037322998
1,1,0.996727466583252
0,0,0.002978414762765169
1,1,0.9951338171958923
1,1,0.9992523789405823
1,1,0.9999076128005981
1,1,0.9988577365875244
1,1,0.9991387128829956
1,1,0.9904652833938599
1,1,0.9998576641082764
1,1,0.9998865127563477
1,1,0.999968409538269
1,1,0.9950326681137085
1,1,0.9982815980911255
0,0,0.01422030571848154
0,0,0.004132268019020557
1,1,0.9995569586753845
0,1,0.6468244194984436
0,0,6.784538709325716e-05
0,0,0.003583873389288783
1,1,0.9980552196502686
1,0,0.0028144079260528088
0,0,0.005593270994722843
1,1,0.9979146122932434
0,1,0.5801498889923096
1,1,0.9990628361701965
0,0,0.0002375913318246603
1,1,0.9992820620536804
1,1,0.9969473481178284
0,0,0.0006786747253499925
1,1,0.9981195330619812
0,0,0.00351790152490139
0,0,2.7711979782907292e-05
1,1,0.9999806880950928
0,0,0.14349907636642456
1,1,0.9999620914459229
1,1,0.999678373336792
1,1,0.999656081199646
0,0,0.024606678634881973
1,1,0.9994500279426575
1,1,0.9999244213104248
1,1,0.9996657371520996
1,1,0.9997428059577942
1,1,0.9601874947547913
0,0,0.26129305362701416
1,1,0.9997913241386414
0,0,0.1329479068517685
1,1,0.9992138147354126
0,0,4.372511466499418e-05
0,0,0.00929851084947586
0,0,0.0004036627651657909
1,1,0.7587226629257202
0,0,1.1575340977287851e-05
1,1,0.9996588230133057
1,1,0.9998549222946167
1,1,0.9966676831245422
0,0,0.001332466839812696
0,0,4.284087935957359e-06
0,0,0.009423444047570229
0,0,0.007569664623588324
1,1,0.9999666213989258
0,0,0.003572296118363738
1,1,0.8361825346946716
1,1,0.993970513343811
0,0,1.1921600162168033e-05
1,1,0.9996596574783325
1,0,0.05114234611392021
0,0,8.388557034777477e-05
0,0,0.00012988683010917157
0,0,0.003602940822020173
1,1,0.9987177848815918
0,0,0.00023267952201422304
0,0,0.00198961584828794
0,0,5.639759183395654e-05
1,1,0.999900221824646
1,1,0.9952260255813599
1,1,0.9734399318695068
0,0,0.00011759815970435739
1,1,0.9995027780532837
0,0,0.02290721982717514
0,0,0.002723148325458169
0,0,4.372364401206141e-06
0,0,0.0037109919358044863
1,1,0.9970220923423767
1,1,0.997307300567627
1,1,0.9997674822807312
0,0,0.00015112088294699788
1,1,0.999840497970581
1,1,0.9998050332069397
0,0,0.47373053431510925
1,1,0.9967382550239563
0,0,4.3637632188620046e-05
0,0,2.9498916774173267e-05
0,0,1.0533137356105726e-05
1,1,0.9998530149459839
0,0,0.00021949164511170238
1,1,0.9997233748435974
0,0,0.0007928141276352108
1,1,0.9505680203437805
0,0,9.857717668637633e-05
1,1,0.9995239973068237
0,0,0.0004991078749299049
0,0,3.9259153709281236e-05
0,0,0.00352625735104084
0,0,0.0005502761341631413
1,1,0.9996744394302368
1,1,0.9997764229774475
0,0,2.593028693809174e-05
0,0,4.34893036072026e-06
0,0,0.0015901444712653756
0,0,0.39284247159957886
0,0,0.00022761774016544223
1,1,0.9875533580780029
0,0,0.0002798740169964731
1,1,0.9994839429855347
0,0,3.7978858017595485e-05
1,1,0.9996604919433594
1,1,0.9999035596847534
1,1,0.9999825954437256
0,0,0.3114575445652008
1,1,0.9999042749404907
1,1,0.9994186162948608
1,1,0.9939194917678833
0,0,4.88918085466139e-05
1,1,0.8792991638183594
1,1,0.999956488609314
1,1,0.9998261332511902
1,1,0.9997702240943909
0,0,0.0006057970458641648
1,1,0.6434950828552246
1,1,0.9982567429542542
0,0,0.03317013755440712
0,0,0.0013794460101053119
1,1,0.9999910593032837
1,1,0.9990703463554382
1,1,0.9977352619171143
0,0,3.831612775684334e-05
1,1,0.9998928308486938
1,1,0.9949965476989746
1,1,0.9998737573623657
1,1,0.995144784450531
1,1,0.9977267384529114
1,1,0.9999812841415405
0,0,0.004412500653415918
1,1,0.9974513649940491
0,0,4.214592991047539e-05
0,0,0.0001374109706375748
0,0,2.5905887923727278e-06
1,1,0.9999878406524658
0,0,0.0005648781661875546
1,1,0.990147054195404
1,1,0.8655455708503723
0,0,8.472616173094139e-05
0,0,0.0004473330918699503
0,0,0.0015271714655682445
1,1,0.9998551607131958
0,0,0.004878127481788397
0,0,0.02146868221461773
0,0,2.810663136187941e-05
1,1,0.9999098777770996
1,1,0.9992774128913879
1,1,0.9843056201934814
0,0,7.467626710422337e-05
1,1,0.9996868371963501
0,0,0.16264228522777557
1,1,0.9996386766433716
0,0,0.0004728774365503341
1,1,0.9999548196792603
0,0,0.0002394787734374404
0,1,0.7796556353569031
0,0,0.00752935791388154
1,1,0.9999918937683105
1,1,0.9988417029380798
1,1,0.999001681804657
1,1,0.9989699125289917
0,0,0.15670514106750488
1,1,0.9911608695983887
0,0,8.360479114344344e-05
0,0,0.00010780019511003047
0,0,8.295279985759407e-05
1,1,0.95990389585495
0,0,0.00043201123480685055
1,1,0.9988262057304382
0,0,0.0013887560926377773
1,1,0.999567449092865
1,1,0.9998606443405151
0,0,0.00012065274495398626
0,0,0.0006842120783403516
0,0,2.2069803890190087e-05
1,1,0.9611227512359619
0,0,3.1721589039079845e-05
1,1,0.9758278131484985
0,0,4.548653305391781e-05
1,1,0.9999872446060181
0,0,4.099770376342349e-05
0,1,0.9826746582984924
1,1,0.99220871925354
1,1,0.9974313378334045
0,0,6.892141391290352e-05
0,0,0.00037868699291720986
0,0,0.0005922833224758506
0,0,0.00015863544831518084
1,1,0.9768819212913513
1,0,0.2319023460149765
0,0,0.03089083731174469
1,1,0.9997525811195374
0,0,0.00022417257423512638
0,0,0.0008870760211721063
0,0,4.262843867763877e-05
0,0,1.4375332284544129e-05
0,0,0.00039848420419730246
1,1,0.9998273253440857
1,1,0.9878214001655579
1,1,0.999693751335144
1,1,0.999718964099884
1,1,0.9998956918716431
1,1,0.9998119473457336
1,1,0.9999191761016846
0,0,0.0012171308044344187
0,0,0.00011568744230316952
1,1,0.7637506723403931
1,1,0.9932663440704346
0,0,0.14252595603466034
0,0,0.004211122170090675
0,0,0.0008001991081982851
0,0,0.005687831901013851
1,1,0.9990390539169312
0,0,0.0003726966679096222
0,0,1.555101334815845e-05
0,0,0.06984852999448776
0,0,3.7429558688018005e-06
0,0,1.409477863489883e-05
1,1,0.9431645274162292
0,0,0.002551574958488345
0,0,0.007131307385861874
1,1,0.9984446167945862
0,0,0.1689172238111496
0,0,0.002571389079093933
0,0,5.650466846418567e-05
1,1,0.9999736547470093
0,0,0.0004590045427903533
0,0,0.00044573459308594465
0,0,2.1817826564074494e-05
0,0,0.0002815644256770611
0,1,0.9017573595046997
0,0,1.7625839973334223e-05
1,1,0.9999676942825317
0,0,0.000400418444769457
1,1,0.9994193315505981
0,0,0.015060096979141235
1,1,0.999687671661377
1,1,0.9998544454574585
1,1,0.9984002709388733
0,0,0.0034659290686249733
0,0,0.00011358584015397355
1,1,0.999634861946106
0,0,0.00036322858068160713
0,0,0.0003119985922239721
1,1,0.7875415086746216
1,1,0.9999662637710571
1,1,0.9964652061462402
0,0,9.444783790968359e-05
1,1,0.9981120824813843
1,1,0.9994065761566162
1,1,0.9972659349441528
1,1,0.7913034558296204
0,0,0.0786171481013298
1,1,0.9585877656936646
1,1,0.9007962346076965
1,1,0.9997511506080627
0,0,0.0005831956514157355
1,1,0.9999043941497803
0,0,0.02916254661977291
0,0,3.459104846115224e-05
0,0,2.5279556211899035e-05
0,0,3.4233671613037586e-05
1,1,0.9994468092918396
0,0,0.3520994782447815
1,1,0.9756645560264587
1,1,0.999687910079956
1,1,0.8461693525314331
1,1,0.9994580149650574
1,1,0.9997244477272034
1,1,0.9984726309776306
0,0,5.016471914132126e-05
1,1,0.9999390840530396
1,1,0.99955815076828
1,1,0.9886181354522705
0,0,0.004866202361881733
1,1,0.9953567385673523
0,0,7.024186925264075e-05
0,0,0.001045374432578683
1,1,0.9999675750732422
0,0,7.091268344083801e-05
1,1,0.9848814010620117
0,0,0.02406320907175541
0,0,0.00015115489077288657
0,0,0.0008885606657713652
0,0,1.69676623045234e-05
0,0,7.241766979859676e-06
0,0,0.07850763201713562
1,1,0.9986522793769836
1,1,0.9787473678588867
1,1,0.9601230025291443
0,0,9.296614734921604e-05
0,0,2.4751354430918582e-05
0,0,9.467641575611196e-06
0,0,0.012714589014649391
1,1,0.9998961687088013
1,1,0.999760091304779
1,1,0.9990628361701965
0,1,0.7129691243171692
1,0,0.07652709633111954
1,1,0.9999220371246338
1,1,0.9995450377464294
1,1,0.9991065859794617
1,1,0.5413712859153748
1,1,0.9997934699058533
1,1,0.8792198896408081
0,0,0.0007298746495507658
0,0,0.020875506103038788
0,0,0.0005040274118073285
1,1,0.9991827607154846
1,1,0.999451220035553
1,1,0.9998706579208374
1,1,0.9996960163116455
1,1,0.9998226761817932
0,0,0.0003307645383756608
0,0,0.00024660053895786405
0,0,0.00019267616153229028
0,0,0.014097267761826515
1,1,0.9999498128890991
0,0,0.05807405710220337
1,1,0.9998001456260681
0,0,1.3389907508098986e-05
1,1,0.98795485496521
1,1,0.9973430037498474
1,1,0.989203155040741
1,1,0.9988991022109985
1,1,0.999974250793457
0,0,0.005622664466500282
1,1,0.9939355254173279
1,1,0.9229188561439514
0,0,0.00017957932141143829
0,0,9.323434642283246e-05
0,0,0.0023446453269571066
0,0,0.0007166287396103144
1,1,0.999629020690918
0,0,0.00024786635185591877
1,1,0.994838297367096
1,1,0.9995861649513245
0,0,0.002703784964978695
1,1,0.8065181374549866
1,1,0.9928489923477173
0,0,1.2191117093607318e-05
1,1,0.9918729662895203
0,0,4.6985620429040864e-05
0,0,0.0009863991290330887
1,1,0.9999072551727295
0,0,0.032950133085250854
1,1,0.999056875705719
1,0,0.03361812233924866
1,1,0.9999936819076538
1,0,0.304751455783844
0,0,0.0007694520754739642
1,1,0.9999207258224487
1,1,0.9766499996185303
1,1,0.9998835325241089
1,1,0.9992837309837341
1,1,0.9926808476448059
1,1,0.9992327690124512
1,1,0.9947757720947266
1,1,0.9999048709869385
0,0,0.0013658037642017007
1,1,0.9993991851806641
1,0,0.46352067589759827
1,1,0.9998914003372192
1,0,0.44702279567718506
1,1,0.9999722242355347
1,1,0.9989092350006104
1,1,0.985518217086792
0,0,2.6357642127550207e-05
0,0,0.0001232729700859636
1,1,0.9963675737380981
1,1,0.9983103275299072
1,1,0.6805883646011353
1,1,0.9999698400497437
0,0,9.028711065184325e-05
1,1,0.9996169805526733
0,0,6.87947467667982e-05
1,1,0.9994503855705261
1,1,0.9999759197235107
0,0,0.00011693717533489689
0,0,9.446141120861284e-06
1,0,0.3640260696411133
1,1,0.9058932662010193
1,1,0.9896568059921265
1,1,0.9987394213676453
1,1,0.9999053478240967
0,0,8.682549378136173e-05
0,0,2.0132803911110386e-05
0,0,0.00011078270472353324
0,0,0.0011601432925090194
0,0,0.004555181600153446
0,0,0.002657531062141061
1,1,0.9997491240501404
0,0,0.0021093967370688915
0,0,8.128893387038261e-05
1,1,0.999515175819397
0,0,0.00013909839617554098
1,1,0.998315691947937
1,1,0.999848484992981
0,0,1.0767302228487097e-05
1,1,0.9999840259552002
0,0,9.365591540699825e-05
1,1,0.8124581575393677
0,0,0.00023229380894917995
0,0,0.0015964281046763062
0,1,0.8031638860702515
1,0,0.027413703501224518
1,1,0.9999203681945801
0,0,0.002622495871037245
1,1,0.9997190833091736
0,0,0.21562740206718445
0,0,8.265571523224935e-06
0,0,5.4334785090759397e-05
0,0,0.0001397798041580245
0,0,1.767465437296778e-05
0,0,0.00036203343188390136
1,1,0.999051034450531
1,1,0.9993816614151001
0,0,0.25354310870170593
1,1,0.9997863173484802
1,1,0.9991846680641174
1,1,0.9994539618492126
1,1,0.9999059438705444
1,1,0.9991753697395325
1,1,0.9992338418960571
1,1,0.99543297290802
1,1,0.9992511868476868
1,1,0.9984220266342163
1,1,0.9905341863632202
1,1,0.9446825385093689
0,0,0.00033544283360242844
1,0,0.08749537169933319
0,0,0.0002861902758013457
1,1,0.9843215942382812
1,1,0.9743992686271667
0,0,0.0008321639616042376
1,1,0.999967098236084
1,1,0.9996172189712524
1,1,0.9995715022087097
0,0,0.008631592616438866
0,0,0.0005951239145360887
0,0,0.45268726348876953
0,0,0.000229117096750997
0,0,0.00018409606127534062
0,0,0.00041563715785741806
1,1,0.9999771118164062
1,1,0.9874023795127869
1,1,0.9997122883796692
1,1,0.9999861717224121
0,0,0.0016598919173702598
1,1,0.9998468160629272
0,0,0.00016066618263721466
0,0,2.5376315534231253e-05
0,1,0.8368513584136963
1,1,0.9967979788780212
1,1,0.6661766171455383
1,1,0.9999605417251587
1,1,0.9998136162757874
0,0,0.0003471814270596951
0,0,0.00010011650010710582
1,1,0.9999099969863892
0,0,0.009090949781239033
1,1,0.9986618757247925
1,1,0.9977815747261047
1,1,0.9994900226593018
1,1,0.6293632388114929
1,1,0.9864502549171448
1,1,0.9690295457839966
1,1,0.9998121857643127
1,1,0.9997417330741882
1,1,0.8055070638656616
1,1,0.9999748468399048
1,1,0.9995881915092468
1,1,0.9997497200965881
0,0,0.02600887604057789
1,1,0.9995967745780945
1,1,0.9988592863082886
1,1,0.9998780488967896
1,1,0.7254008054733276
0,0,0.0020077272783964872
1,1,0.6968476176261902
0,0,0.0064740595407783985
0,0,0.00330362468957901
0,0,0.0007367015932686627
1,1,0.9982033967971802
0,0,1.1267169611528516e-05
0,0,0.001878261100500822
0,0,4.198102487862343e-06
0,0,0.49105027318000793
1,1,0.9999518394470215
1,1,0.9998307228088379
1,0,0.3771546185016632
0,0,0.000317132449708879
0,0,0.011563717387616634
0,0,2.4216449673986062e-05
0,0,0.0007182802655734122
1,1,0.9998881816864014
1,1,0.9999731779098511
0,0,0.011129447259008884
0,0,0.0003990403492935002
1,1,0.9982568621635437
0,0,0.00016390217933803797
0,0,0.00011148222256451845
1,1,0.9989069700241089
1,1,0.9950097799301147
1,1,0.9741231799125671
1,1,0.9995312690734863
0,0,0.007552267983555794
1,1,0.8627514839172363
0,0,0.04141221195459366
1,1,0.9515774250030518
1,1,0.9999595880508423
1,1,0.9994028806686401
0,0,0.001428006449714303
0,0,0.0006980394828133285
1,1,0.9999206066131592
1,1,0.7194475531578064
1,1,0.9999127388000488
1,1,0.9995964169502258
0,0,0.0809175968170166
1,1,0.9992227554321289
0,0,0.03252732381224632
1,1,0.9931347370147705
1,1,0.6922581195831299
0,0,6.562752241734415e-05
0,0,8.653925033286214e-05
1,1,0.9871915578842163
0,0,0.00012124010390834883
1,1,0.9974696636199951
1,1,0.9263498187065125
1,1,0.9994668364524841
0,0,1.661142050579656e-05
1,0,0.3986060917377472
1,1,0.9999195337295532
0,0,0.0024002722930163145
1,1,0.9999631643295288
0,0,0.0005891318432986736
0,0,0.0020422108937054873
1,1,0.999975323677063
1,1,0.9880164265632629
0,0,0.0014739767648279667
0,0,6.387326720869169e-06
0,0,0.008239810355007648
0,0,0.009627340361475945
0,0,0.052295953035354614
1,1,0.9998722076416016
1,1,0.99808669090271
1,1,0.9994906187057495
0,0,0.0010117924539372325
1,1,0.995674192905426
0,0,4.888290641247295e-05
0,0,2.0311148546170443e-05
0,0,0.0002751403080765158
0,0,0.04584680125117302
1,1,0.9998683929443359
1,1,0.99977046251297
1,0,0.018275311216711998
0,1,0.5567914843559265
1,1,0.9538834095001221
1,1,0.9999513626098633
1,1,0.9991421699523926
0,0,0.14827612042427063
1,1,0.9951517581939697
0,1,0.9739963412284851
1,1,0.6992579698562622
0,0,0.1340516209602356
1,1,0.9953556060791016
1,1,0.9997255206108093
1,1,0.9971720576286316
1,1,0.9997342228889465
1,1,0.9999610185623169
0,0,0.0037371469661593437
1,1,0.9998579025268555
0,0,0.01656791754066944
1,1,0.9999618530273438
1,1,0.9300653338432312
1,1,0.9997871518135071
1,1,0.9999861717224121
0,0,0.0013519703643396497
0,0,8.309499389724806e-05
1,1,0.9997895359992981
0,0,0.0006004842580296099
0,0,2.565866816439666e-05
0,0,4.288809941499494e-05
1,1,0.9999229907989502
0,0,0.00016440289618913084
0,0,0.0006412351503968239
0,0,0.023799927905201912
1,0,0.12901321053504944
1,1,0.9266276359558105
0,0,0.00012313670595176518
0,0,0.01327509991824627
0,0,0.006968944799154997
0,0,7.057308539515361e-05
0,0,0.016382504254579544
1,1,0.9992927312850952
1,1,0.8924979567527771
0,0,6.088302325224504e-05
1,1,0.9986482262611389
0,0,0.019611477851867676
1,1,0.9999802112579346
0,0,0.06386148929595947
0,0,0.0001093138926080428
0,0,0.0001514522300567478
0,0,4.2736384784802794e-05
1,1,0.8230270743370056
1,1,0.9996199607849121
0,0,0.0006938106962479651
1,1,0.9938528537750244
0,0,8.834528125589713e-05
0,0,6.117505836300552e-05
0,0,4.305927359382622e-05
0,0,3.898263821611181e-05
0,0,0.00036792876198887825
1,1,0.9089058041572571
1,1,0.9712585806846619
1,1,0.999025821685791
0,0,0.0015464401803910732
1,1,0.9962783455848694
1,1,0.8038232922554016
1,1,0.987939715385437
0,0,0.0036962267477065325
1,1,0.9995661377906799
0,0,0.00011159689165651798
1,1,0.9999127388000488
0,0,5.497750862559769e-06
1,1,0.9966805577278137
0,0,1.2517551112978254e-05
1,1,0.9985116124153137
1,1,0.999704897403717
1,1,0.9972729086875916
1,1,0.8373411297798157
1,1,0.9999200105667114
1,1,0.9977431297302246
0,0,1.577238981553819e-05
0,0,0.00025936265592463315
0,0,2.0681287423940375e-05
0,0,0.00046693015610799193
1,1,0.9999309778213501
1,1,0.998356282711029
1,1,0.999824583530426
1,1,0.9999027252197266
0,0,0.00042064875015057623
0,0,0.0005960526177659631
1,1,0.9999114274978638
1,1,0.9996067881584167
0,0,1.0782746358017903e-05
1,1,0.9999829530715942
0,0,0.0003780535771511495
1,1,0.9997065663337708
0,0,0.0012514138361439109
1,1,0.9995974898338318
1,1,0.9999392032623291
1,1,0.9986359477043152
1,1,0.9995740056037903
0,0,0.2484140396118164
1,1,0.9737300872802734
1,1,0.9984925985336304
1,1,0.9999536275863647
1,0,0.17333616316318512
1,1,0.9980701804161072
0,0,0.004239692352712154
0,1,0.6309670805931091
0,0,3.27082525473088e-05
0,0,0.00975539069622755
1,1,0.9999679327011108
0,0,0.3366190791130066
0,0,0.00023553118808194995
1,1,0.9025622010231018
1,1,0.9975228905677795
1,1,0.9915726184844971
0,0,4.217310925014317e-05
1,1,0.9987101554870605
0,0,0.0008862760150805116
1,1,0.9972026348114014
0,0,0.01948149874806404
0,0,0.0030585858039557934
0,1,0.8867310881614685
1,1,0.999427855014801
1,1,0.9962844848632812
1,1,0.9999321699142456
1,1,0.9998666048049927
1,0,0.15365350246429443
1,1,0.9999791383743286
0,0,0.0001176314617623575
1,0,0.24889034032821655
1,1,0.9995502829551697
0,0,6.923179171280935e-06
1,1,0.9886614084243774
1,1,0.9996639490127563
1,1,0.9998828172683716
1,1,0.9990689158439636
1,0,0.07102818787097931
1,1,0.9996726512908936
1,1,0.9996331930160522
1,1,0.9998958110809326
1,1,0.9983298182487488
1,1,0.9998553991317749
1,1,0.9903275370597839
1,1,0.9990712404251099
1,1,0.9986996650695801
0,0,0.000589276198297739
0,0,0.00041520551894791424
1,1,0.9986099004745483
1,1,0.9998722076416016
0,0,0.017235489562153816
0,0,3.5945161016570637e-06
0,0,0.0008804677636362612
0,0,2.2077045287005603e-05
0,0,0.0002792338200379163
1,1,0.9999532699584961
1,1,0.9996384382247925
0,0,0.0002435036440147087
1,1,0.6903485059738159
1,1,0.99992835521698
1,0,0.01030496321618557
1,1,0.9978429079055786
0,0,9.780963409866672e-06
1,1,0.9891357421875
0,0,5.22703085152898e-05
1,1,0.9997501969337463
1,1,0.9997946619987488
1,1,0.9985690116882324
1,1,0.9999001026153564
0,0,0.0004805367498192936
0,0,0.0011364644160494208
0,0,0.04495459422469139
0,0,9.127056546276435e-05
0,0,9.849749767454341e-05
1,1,0.9846960306167603
0,0,0.0005069409962743521
0,0,6.516766006825492e-05
0,0,0.0004311879747547209
1,1,0.791281521320343
1,1,0.9995660185813904
1,1,0.9973254203796387
0,0,0.033669546246528625
1,1,0.9987844824790955
1,1,0.9892676472663879
0,0,0.00035132604534737766
0,0,0.00018345403077546507
0,0,0.00043452795944176614
1,1,0.9999104738235474
1,1,0.9810563921928406
1,1,0.9971725344657898
0,0,0.04867123067378998
0,0,0.00024096498964354396
1,1,0.9998154044151306
0,0,0.003309501800686121
0,0,0.0022517915349453688
1,1,0.9480782747268677
1,1,0.9999070167541504
1,1,0.5902776718139648
1,1,0.9998641014099121
1,1,0.9974626302719116
0,0,2.074038093269337e-05
1,1,0.9971722960472107
1,1,0.9858015179634094
1,1,0.9855858683586121
1,1,0.9996857643127441
1,1,0.9975689053535461
1,1,0.9989280104637146
1,1,0.9057528972625732
0,0,0.000655796320643276
0,0,0.00016207067528739572
1,1,0.9810448884963989
0,0,7.044230733299628e-05
0,0,0.0036492517683655024
1,1,0.9998751878738403
0,0,3.940716851502657e-05
0,0,7.454435399267823e-05
0,0,0.007576566655188799
1,0,0.27993151545524597
1,0,0.01324369851499796
0,0,3.7443096516653895e-05
1,1,0.9998477697372437
1,1,0.9966089725494385
0,0,2.354184107389301e-05
0,0,0.011321340687572956
1,1,0.999692440032959
0,0,0.0004371252143755555
0,0,0.00046960817417129874
1,1,0.9978214502334595
0,0,0.008119518868625164
1,1,0.9998598098754883
1,1,0.9999951124191284
0,0,0.0004942570813000202
1,1,0.9998427629470825
1,1,0.9697885513305664
0,0,0.0018274819012731314
0,0,0.0034440462477505207
1,1,0.9848824143409729
0,0,0.01877940446138382
0,0,0.001456927158869803
1,1,0.9995163679122925
0,1,0.8246117830276489
0,0,1.755141420289874e-05
1,1,0.9993090629577637
1,1,0.9987724423408508
1,1,0.9802250266075134
0,0,0.0002618201251607388
0,0,0.00123881665058434
1,1,0.9997709393501282
0,0,0.00024160036991816014
1,1,0.9978528022766113
0,0,0.06324447691440582
0,0,7.414663559757173e-05
0,0,0.04359063878655434
1,0,0.06500997394323349
1,1,0.9997480511665344
1,1,0.9928299784660339
0,0,0.005456036888062954
1,1,0.9917952418327332
0,0,0.0346003994345665
0,0,0.0005741408676840365
0,0,0.00032519950764253736
1,1,0.9692988395690918
1,1,0.7041248083114624
0,1,0.9235071539878845
0,0,0.018826037645339966
0,0,0.00165249640122056
0,1,0.9397411942481995
1,0,0.4638122320175171
0,0,0.35308218002319336
0,1,0.7160758376121521
0,0,0.00044952426105737686
0,0,8.759633783483878e-05
0,0,0.0002481113187968731
1,1,0.9997374415397644
0,0,0.021564168855547905
0,0,0.00042325968388468027
0,0,0.00013221206609159708
0,0,9.065463018487208e-06
1,1,0.9999862909317017
0,0,7.390802056761459e-05
1,1,0.9992685914039612
1,1,0.9847256541252136
1,1,0.9993478655815125
0,0,0.0005721723427996039
0,0,1.027474627335323e-05
1,1,0.9999603033065796
1,1,0.9998745918273926
0,0,0.003193580312654376
1,0,0.1376807540655136
1,1,0.9967947602272034
0,0,0.01787480339407921
0,0,1.3668106475961395e-05
1,1,0.9999264478683472
0,0,0.00013489549746736884
0,0,0.0011768019758164883
1,1,0.9999709129333496
0,0,0.0002969202760141343
0,0,0.013874244876205921
0,0,0.0006522993789985776
0,0,0.0015009894268587232
0,0,0.25400152802467346
1,1,0.9989607334136963
1,1,0.9999017715454102
1,1,0.9770007133483887
0,0,0.0008712116978131235
0,0,5.1565741159720346e-05
1,1,0.9985988736152649
1,1,0.9894106984138489
0,0,0.017262212932109833
0,0,0.01845157891511917
1,1,0.9973032474517822
1,0,0.187757208943367
1,1,0.9994907379150391
1,1,0.9997912049293518
1,1,0.9998452663421631
1,1,0.9994770884513855
1,1,0.9993689656257629
0,0,0.0005173676181584597
0,0,8.268894453067333e-05
0,1,0.7817465662956238
1,1,0.999996542930603
1,1,0.9954925775527954
1,1,0.9999421834945679
1,1,0.9995847344398499
1,1,0.999213695526123
1,1,0.999819815158844
0,0,0.01992933265864849
0,0,4.979638470103964e-05
1,1,0.9994893074035645
0,0,1.5044629435578827e-06
0,0,0.00010564855620032176
0,0,0.018644245341420174
1,1,0.9354953169822693
1,1,0.9999639987945557
0,0,0.00013287838373798877
0,0,0.005804216023534536
1,1,0.9998983144760132
0,0,0.019651640206575394
1,1,0.999625563621521
1,1,0.9425551295280457
0,0,9.508529910817742e-05
1,1,0.9948405623435974
0,0,0.00018260881188325584
0,0,0.011928316205739975
1,1,0.9747647643089294
0,0,4.80027447338216e-05
0,0,3.679227802422247e-06
0,0,0.000261831097304821
1,1,0.9798016548156738
1,1,0.9993044137954712
0,0,1.9494756998028606e-05
0,0,1.8103331967722625e-05
1,1,0.999350368976593
1,1,0.99982750415802
0,0,3.271761670475826e-05
1,1,0.9998260140419006
1,1,0.9989981055259705
1,1,0.9916484355926514
1,1,0.9723473787307739
1,1,0.9990737438201904
1,1,0.9994402527809143
1,1,0.9996039271354675
0,0,0.03935985267162323
1,1,0.7338454127311707
0,0,4.532364982878789e-06
1,1,0.9994956254959106
0,0,6.667575507890433e-05
0,1,0.5056735277175903
0,0,1.7219679648405872e-05
0,0,0.00013266898167785257
1,1,0.9994227886199951
0,0,0.016217676922678947
0,0,0.0030013523064553738
0,0,0.00015969507512636483
1,1,0.9999208450317383
1,1,0.9999706745147705
1,1,0.9998570680618286
0,0,0.0002521206042729318
0,1,0.9523205757141113
1,1,0.9978578686714172
1,1,0.9945275187492371
0,0,0.023289088159799576
0,0,0.00013491915888153017
1,1,0.9996098875999451
0,0,0.05849624052643776
1,1,0.9991217255592346
1,1,0.9996613264083862
1,1,0.9994127750396729
1,1,0.9985136389732361
0,0,0.00552141759544611
1,1,0.6697585582733154
1,0,0.1813335120677948
1,1,0.9519485831260681
1,1,0.9998496770858765
0,0,0.16336047649383545
1,1,0.970304548740387
1,1,0.9988068342208862
1,1,0.9998563528060913
0,0,3.1319636036641896e-05
0,0,0.0015020810533314943
0,0,5.699687244486995e-05
1,1,0.9993950128555298
0,1,0.5467521548271179
0,0,3.709850716404617e-05
1,1,0.9998078942298889
1,1,0.9996792078018188
0,0,0.00026646439800970256
1,1,0.9998130202293396
0,0,7.050534622976556e-05
0,0,0.0003695746709126979
1,1,0.9995934367179871
0,0,0.2254541516304016
1,1,0.999891996383667
0,0,4.522024391917512e-05
0,0,0.0006863336311653256
1,1,0.9993807077407837
1,1,0.9962781071662903
1,1,0.9999834299087524
1,1,0.9989880919456482
0,0,0.009105549193918705
1,1,0.9986085295677185
1,1,0.9997100234031677
0,0,2.7302169200993376e-06
1,1,0.9996143579483032
0,1,0.6815611124038696
0,0,0.00020548714383039623
0,0,3.802513310802169e-05
1,1,0.999546468257904
1,1,0.9725092649459839
0,0,4.296698534744792e-05
1,1,0.999665379524231
1,1,0.9999847412109375
0,0,6.077199577703141e-05
1,1,0.9999024868011475
1,1,0.57503741979599
1,1,0.9997017979621887
1,1,0.9640064835548401
1,1,0.9998642206192017
0,0,0.15873940289020538
0,0,0.13663628697395325
0,0,0.00020280337776057422
0,0,0.00044475350296124816
0,0,0.06044906750321388
1,1,0.9999735355377197
0,0,1.2709810107480735e-05
1,1,0.9999438524246216
0,0,0.08386336266994476
0,0,0.00033750865259207785
1,1,0.9987886548042297
0,0,1.7482772818766534e-05
0,0,0.0022849980741739273
1,1,0.9996378421783447
1,1,0.9288044571876526
0,0,0.005256921052932739
1,1,0.9993102550506592
0,0,9.020660399983171e-06
1,1,0.9961110949516296
0,0,0.09189090877771378
1,1,0.9828852415084839
1,1,0.9976964592933655
1,1,0.9998189806938171
0,0,0.025368286296725273
1,1,0.9992146492004395
1,1,0.5475205779075623
0,0,0.000565749011002481
0,0,0.0021602879278361797
0,0,0.0021134959533810616
0,0,0.007199760526418686
1,1,0.9997840523719788
1,1,0.999180257320404
1,1,0.9991993308067322
1,1,0.861954391002655
0,0,0.0010795610724017024
0,0,0.0002069812035188079
0,0,0.00013507518451660872
0,0,0.00017203892639372498
0,0,0.00039876694791018963
0,0,0.061801739037036896
1,1,0.9999525547027588
1,1,0.9861424565315247
1,1,0.8710253238677979
0,0,0.00017079507233574986
1,1,0.9707597494125366
1,1,0.8067654967308044
0,0,0.003733718767762184
0,0,0.05013791471719742
1,1,0.9998931884765625
1,1,0.9993417859077454
0,0,0.00010186415602220222
0,0,0.05612372234463692
0,0,0.0011228700168430805
0,0,0.012171757407486439
0,0,0.00324429152533412
1,1,0.7938700914382935
0,0,0.00391524750739336
0,0,0.0015441867290064692
0,0,0.0017057615332305431
1,1,0.9420643448829651
1,1,0.9995960593223572
1,1,0.9992173910140991
0,0,8.400253136642277e-05
1,1,0.992576539516449
1,1,0.9933997392654419
1,1,0.9843907952308655
1,0,0.18363112211227417
0,0,0.0034063609782606363
0,0,0.018387410789728165
0,0,0.00043870729859918356
0,0,0.0015540836611762643
0,0,0.0016618898371234536
0,0,0.003066255245357752
1,1,0.9934704303741455
1,1,0.9950526356697083
0,0,0.00021207978716120124
0,0,0.00384370144456625
0,0,0.0003445745096541941
1,1,0.9994820952415466
0,0,0.00025516742607578635
1,1,0.9967181086540222
1,1,0.9993340373039246
0,0,0.0003693830221891403
0,0,0.00010009072866523638
1,1,0.9999904632568359
1,1,0.9992081522941589
0,0,0.04968944191932678
0,0,0.1003446951508522
0,0,0.001384607283398509
0,0,0.0004557632200885564
1,1,0.9973704814910889
1,0,0.14224503934383392
1,1,0.9999876022338867
0,0,1.68359256349504e-05
1,1,0.9999679327011108
1,1,0.9996191263198853
0,0,1.0686098903534003e-05
1,0,0.3659363389015198
1,1,0.9996781349182129
0,0,2.6947036531055346e-05
0,0,0.0029698561411350965
1,1,0.6494511961936951
1,1,0.9999428987503052
0,0,0.010303572751581669
0,0,6.540760659845546e-05
0,0,0.004769526422023773
0,0,0.00029011466540396214
0,0,0.0002701583143789321
1,1,0.9999401569366455
0,0,1.6655598301440477e-05
0,0,0.0014521151315420866
1,1,0.9976537823677063
0,0,0.002180247101932764
0,0,1.8179871403845027e-05
0,1,0.7434227466583252
1,1,0.9993079900741577
1,1,0.9995343685150146
0,0,0.00017726664373185486
1,1,0.9996894598007202
0,0,1.9611112293205224e-05
0,0,0.0010284445015713573
1,1,0.984643816947937
0,0,6.64962426526472e-05
0,0,0.0014287844533100724
1,1,0.9997499585151672
1,1,0.9998555183410645
1,1,0.9990696310997009
1,1,0.9998503923416138
0,0,0.00014908875164110214
1,1,0.9995220899581909
1,1,0.9988433122634888
1,1,0.9998387098312378
0,0,0.00018222180369775742
0,0,0.0005485869478434324
1,0,0.3025633692741394
1,1,0.9998738765716553
1,1,0.9954354166984558
0,0,0.004021162167191505
1,1,0.9997733235359192
0,0,9.778932871995494e-05
1,1,0.9999854564666748
1,1,0.9998632669448853
1,1,0.9993756413459778
1,0,0.09332332760095596
1,1,0.998619794845581
0,0,0.0001758010475896299
0,0,0.01981118880212307
1,1,0.9992160797119141
0,0,0.0010147005086764693
0,0,0.0009957122383639216
0,0,0.0005621486343443394
1,1,0.5157829523086548
0,0,5.5631084251217544e-05
1,1,0.9352890849113464
0,0,1.4038181689102203e-05
0,0,0.003647650359198451
0,0,0.0008191581582650542
1,1,0.9996572732925415
0,0,1.0483521691639908e-05
0,0,1.8164793800679035e-05
0,0,0.013869443908333778
1,1,0.9995307922363281
0,0,0.0001986399438465014
1,1,0.9998886585235596
0,0,0.04921313002705574
0,0,0.015550960786640644
1,1,0.9998924732208252
0,0,0.046990394592285156
0,0,0.00023740317556075752
1,1,0.999534010887146
0,0,0.011754266917705536
1,1,0.9975700974464417
1,1,0.9997590184211731
1,1,0.9979786276817322
0,0,8.280111615022179e-06
1,1,0.9916613101959229
1,1,0.9997852444648743
1,1,0.5776723623275757
1,1,0.9996557235717773
1,1,0.9534881114959717
0,0,0.003754247445613146
1,0,0.18410669267177582
1,1,0.9999651908874512
0,0,0.0031590417493134737
0,0,0.03668053448200226
0,0,0.000431844120612368
0,1,0.6797538995742798
1,1,0.9999672174453735
1,1,0.9997397065162659
1,1,0.9998713731765747
1,1,0.9998677968978882
0,0,0.2298206388950348
1,1,0.9989147186279297
1,1,0.9950717091560364
1,1,0.9988640546798706
0,1,0.7224025726318359
1,1,0.9998416900634766
0,0,0.0005944056902080774
1,1,0.9999830722808838
0,0,0.00662229023873806
1,1,0.9874870777130127
1,1,0.9976285099983215
1,1,0.9998418092727661
1,1,0.9943224191665649
1,1,0.999690055847168
0,0,0.0005486651207320392
1,1,0.9847211241722107
0,0,0.0012869953643530607
1,1,0.9815603494644165
0,0,3.996894520241767e-06
1,1,0.9525771737098694
1,1,0.9836223721504211
1,1,0.9995742440223694
1,1,0.9981682300567627
1,1,0.9999865293502808
1,1,0.9994157552719116
1,1,0.9996578693389893
1,1,0.9989325404167175
0,0,2.3141881683841348e-05
1,1,0.9999959468841553
0,0,0.00029688177164644003
0,0,4.172577064309735e-06
1,1,0.9693924188613892
1,1,0.999083399772644
0,0,0.00033022259594872594
1,1,0.9998970031738281
1,1,0.999914288520813
1,1,0.9998526573181152
1,1,0.9993008375167847
1,1,0.9992594122886658
0,0,0.4593358039855957
0,0,0.024771545082330704
0,0,0.0005158539279364049
1,1,0.9989497065544128
0,0,0.001972862286493182
0,0,0.00065136473858729
0,0,0.0006215968751348555
0,0,8.711499503988307e-06
0,0,0.13002078235149384
1,1,0.9998350143432617
1,1,0.9945797920227051
1,1,0.9991074204444885
1,1,0.9969964027404785
1,1,0.9998453855514526
0,0,0.03643586486577988
1,1,0.9982269406318665
0,0,4.3389321945142e-05
0,1,0.7769797444343567
1,1,0.9361283779144287
1,1,0.7917437553405762
0,0,0.0015853280201554298
0,0,0.00011135324893984944
0,0,0.02665591984987259
0,0,0.002598486142233014
0,0,0.0015444195596501231
0,0,0.0006293770275078714
1,0,0.13269683718681335
0,0,0.005125053692609072
0,0,9.39499368541874e-05
0,0,0.12215393781661987
0,0,1.1642586287052836e-05
0,0,2.4855431547621265e-05
1,1,0.9964306950569153
0,0,0.04187638312578201
1,1,0.9973798394203186
1,1,0.9992371797561646
0,0,0.0003204852109774947
1,1,0.998412013053894
1,1,0.9999878406524658
1,1,0.9994408488273621
0,0,0.0034166700206696987
0,1,0.6181662678718567
1,1,0.9999305009841919
1,1,0.9991713762283325
0,0,5.750975833507255e-05
1,1,0.9997417330741882
1,1,0.8581405878067017
1,1,0.9998495578765869
0,0,3.6483481380855665e-05
1,0,0.3282877206802368
1,1,0.7198591828346252
1,1,0.9998143315315247
1,1,0.9894563555717468
1,1,0.9984205961227417
1,1,0.9997095465660095
1,1,0.9998691082000732
0,0,0.030610745772719383
1,0,0.26861968636512756
0,0,3.367923272890039e-05
1,1,0.5543307662010193
1,1,0.9990670084953308
1,1,0.9808017611503601
1,1,0.9919151067733765
1,1,0.9997249245643616
1,1,0.9931332468986511
0,0,3.6536155676003546e-05
0,0,0.010678180493414402
0,0,0.0006521962350234389
1,1,0.9996979236602783
0,0,0.0004420412878971547
1,1,0.9999767541885376
0,0,0.009866096079349518
0,0,2.541777939768508e-05
0,0,9.27179917198373e-06
0,0,0.00035773051786236465
1,1,0.9978175163269043
1,1,0.9980781078338623
1,1,0.9998705387115479
1,1,0.9998149275779724
1,1,0.9994962215423584
0,0,1.5645726307411678e-05
0,0,0.0017580419080331922
0,0,0.023417610675096512
0,0,8.658161277708132e-06
0,0,0.00015101861208677292
1,1,0.9959237575531006
1,1,0.9920694828033447
1,1,0.9968980550765991
0,0,0.0007058695773594081
1,1,0.9999127388000488
0,0,0.0003136035811621696
1,1,0.999969482421875
0,0,5.905837315367535e-05
0,0,1.1702976735250559e-05
0,0,0.016336487606167793
1,1,0.9960065484046936
1,1,0.9998530149459839
1,1,0.7958381175994873
1,0,0.05196505784988403
1,1,0.9766761660575867
0,0,0.0016394344856962562
0,0,0.0006452822708524764
1,1,0.9979935884475708
1,1,0.9955970644950867
0,0,0.006082273554056883
1,1,0.9997603297233582
1,1,0.9982197880744934
0,0,0.0001242389844264835
0,0,0.0038134304340928793
1,1,0.9994562268257141
1,0,0.014403264969587326
1,1,0.9990667700767517
1,1,0.9985330104827881
1,1,0.9999767541885376
1,1,0.9996071457862854
1,1,0.9999573230743408
1,1,0.9820683598518372
1,1,0.9999185800552368
1,1,0.9999783039093018
1,1,0.9999163150787354
0,0,0.0001908309932332486
0,0,0.000109273569250945
0,0,4.181784242973663e-05
0,0,0.0005781559157185256
0,0,0.029308907687664032
0,0,0.0009095247369259596
0,0,0.00011718778841895983
0,0,0.0006084594060666859
0,0,0.0001311848172917962
0,0,0.0036715231835842133
1,1,0.9999262094497681
0,0,0.03273928537964821
0,0,0.0460643395781517
0,0,0.0005808754358440638
1,1,0.9989845156669617
0,0,0.0010433715069666505
1,1,0.996581494808197
1,1,0.9996976852416992
1,1,0.9991450309753418
1,1,0.993588924407959
1,1,0.9191641211509705
0,0,0.0040929242968559265
1,1,0.999173104763031
1,1,0.9999676942825317
1,1,0.9518918395042419
0,0,7.740320870652795e-05
0,1,0.5093196630477905
0,0,0.001478679128922522
0,0,0.10450704395771027
1,0,0.16982798278331757
1,1,0.9930716156959534
1,1,0.9637818932533264
1,1,0.566385805606842
1,1,0.8777624368667603
0,1,0.8851470947265625
0,0,9.90217472462973e-07
0,0,0.0006008707568980753
0,0,1.9910155970137566e-05
1,1,0.9997813105583191
0,0,0.0001429420808563009
0,0,0.1105118989944458
1,1,0.9993755221366882
1,1,0.9978578686714172
1,1,0.6364143490791321
1,1,0.9852479696273804
1,1,0.8754765391349792
0,0,0.00023854919709265232
1,1,0.9985729455947876
1,1,0.999785840511322
0,1,0.7766826152801514
0,0,4.077639096067287e-05
1,1,0.9995328187942505
1,1,0.9986708164215088
1,1,0.759300947189331
1,1,0.9854972958564758
0,0,4.809191159438342e-05
0,0,0.010946136899292469
1,1,0.9988116025924683
0,0,0.000624373322352767
0,0,0.002032485557720065
0,0,0.009460973553359509
0,0,1.829284087762062e-06
1,1,0.8820989727973938
0,0,0.00039343623211607337
0,0,1.2994853932468686e-05
1,1,0.9998574256896973
0,0,8.870566671248525e-05
0,1,0.5653929710388184
1,1,0.999815046787262
0,0,2.4449172997265123e-05
0,0,6.468497304012999e-05
0,0,0.00011007213470293209
0,0,7.770294905640185e-05
1,1,0.9992419481277466
0,0,0.33649274706840515
1,1,0.9991348385810852
0,0,6.702343671349809e-05
0,1,0.5905141234397888
0,0,0.00026728829834610224
1,1,0.9993056058883667
1,1,0.9998456239700317
1,1,0.9992508292198181
0,0,0.0033757714554667473
0,0,0.00023320810578297824
1,1,0.9970376491546631
1,0,0.18420223891735077
1,1,0.9819883704185486
0,0,0.0016581780510023236
0,0,0.001604782068170607
0,0,0.003153361612930894
1,1,0.9998588562011719
0,0,0.06252632290124893
0,0,0.0007243396248668432
0,0,0.0010305753676220775
1,1,0.9944803714752197
0,0,0.0038319481536746025
1,1,0.99972003698349
0,0,0.002729530679062009
0,0,6.335044599836692e-05
1,1,0.9999009370803833
1,1,0.9977310299873352
1,1,0.9997614026069641
0,0,0.0013702686410397291
0,0,0.26095685362815857
0,0,0.04230901226401329
0,0,0.0007064866949804127
0,0,1.56813384819543e-05
0,0,0.00012297429202590138
0,0,0.00010537268099142238
1,1,0.9644775390625
0,0,0.016474109143018723
1,1,0.9996176958084106
0,0,5.001015233574435e-05
0,0,0.002587211085483432
1,1,0.9972171783447266
0,0,0.00027975262491963804
0,0,0.001175253069959581
0,0,0.49090299010276794
0,0,0.0026326205115765333
1,1,0.9983367919921875
1,1,0.991003155708313
1,1,0.9998621940612793
1,1,0.8540785908699036
0,0,0.004556179046630859
0,0,0.004950609058141708
0,0,0.003423872170969844
1,1,0.9999949932098389
0,0,0.003334498731419444
0,0,0.0009279355872422457
1,1,0.999940037727356
0,0,7.945230026962236e-05
0,0,5.816499833599664e-05
0,0,0.00030939519638195634
1,1,0.9992305040359497
0,0,3.317513255751692e-05
1,1,0.6800101399421692
1,1,0.9988352656364441
1,1,0.9989870190620422
0,1,0.9846265912055969
1,1,0.9992989301681519
0,0,0.25761649012565613
1,0,0.02199140004813671
1,1,0.978693962097168
1,1,0.9900521636009216
1,1,0.9957894682884216
0,0,0.009585393592715263
0,0,1.5520508895860985e-05
1,1,0.8947579264640808
1,1,0.9999322891235352
1,1,0.9989903569221497
0,0,0.003147154813632369
0,0,0.0329432412981987
1,1,0.9840453863143921
1,1,0.9991084933280945
1,1,0.9989725351333618
1,1,0.9980173110961914
1,1,0.993413507938385
1,1,0.9997343420982361
1,1,0.9996802806854248
1,1,0.9996206760406494
1,1,0.9999483823776245
0,0,0.00016984099056571722
1,1,0.9998425245285034
0,0,0.00014819201896898448
0,1,0.9152950048446655
1,1,0.9973815083503723
0,0,3.3011532650562e-05
0,0,0.00026728856028057635
1,1,0.9999722242355347
0,0,0.0009001841535791755
0,0,0.002044317778199911
1,1,0.9577584862709045
0,0,0.011286407709121704
1,1,0.9999810457229614
1,1,0.9964894652366638
0,1,0.7707704305648804
0,0,0.006289586424827576
1,0,0.41469475626945496
0,0,0.0028798403218388557
0,0,0.002533482853323221
0,0,0.0004869601980317384
0,0,8.505044388584793e-05
1,1,0.9977949857711792
1,1,0.9993653893470764
1,1,0.9926009774208069
1,1,0.9997482895851135
1,1,0.999894380569458
0,0,0.0003549911198206246
1,1,0.9997524619102478
1,1,0.9997145533561707
1,1,0.9990955591201782
1,1,0.9999523162841797
1,1,0.9998534917831421
0,0,2.2181993699632585e-05
1,1,0.9989404082298279
1,1,0.9997596144676208
1,1,0.9996799230575562
0,0,0.0001846587983891368
1,1,0.9998512268066406
1,1,0.9998390674591064
1,1,0.9997658133506775
0,0,0.0009466074989177287
1,1,0.988523542881012
0,0,0.001776458346284926
0,0,0.017753062769770622
1,1,0.9980804920196533
0,0,0.000984323094598949
0,0,0.0008313031867146492
0,0,0.00230602128431201
0,0,0.1565350890159607
1,0,0.2745244801044464
1,1,0.9961776733398438
0,1,0.9186562895774841
0,0,3.468201612122357e-05
0,0,0.001954598817974329
1,1,0.9997045397758484
1,1,0.9999545812606812
1,1,0.9999463558197021
0,0,1.2226676517457236e-05
1,1,0.9943583607673645
0,0,0.001147248549386859
1,1,0.9999011754989624
0,0,0.0003269509179517627
1,1,0.9930249452590942
1,1,0.998429000377655
1,1,0.9993295669555664
1,1,0.9995577931404114
0,0,0.003326066303998232
1,1,0.9970099925994873
1,1,0.6025510430335999
0,0,0.025468498468399048
0,0,0.09315760433673859
0,0,9.094444976653904e-06
0,0,0.0003290930762887001
0,0,0.00010322135494789109
1,1,0.9321932792663574
0,0,0.0009590174304321408
1,1,0.9991850256919861
1,1,0.9969691634178162
0,0,0.00016488310939166695
0,0,1.151038532043458e-06
1,1,0.9997692704200745
0,0,0.14358241856098175
1,1,0.999934196472168
1,1,0.999771773815155
0,0,4.8740184865891933e-05
1,1,0.9994698166847229
0,0,0.0008947303867898881
1,1,0.9999821186065674
1,1,0.9999926090240479
1,1,0.8962455987930298
0,0,4.694992458098568e-05
0,0,3.17431622534059e-05
0,0,0.0008744518854655325
0,0,2.4977185603347607e-05
1,1,0.6190811395645142
1,1,0.9998052716255188
0,0,0.00030501256696879864
0,0,0.00021542191097978503
0,0,0.0004754397086799145
1,1,0.9984101057052612
1,1,0.998976469039917
1,1,0.9772495031356812
1,1,0.9936647415161133
0,0,0.00022667953453492373
0,0,3.992368419858394e-06
0,0,0.013085715472698212
1,1,0.9999096393585205
1,1,0.9997571110725403
1,1,0.9986226558685303
1,1,0.9999550580978394
1,1,0.9999440908432007
1,1,0.9995891451835632
1,1,0.999775230884552
0,0,5.270245674182661e-05
0,0,0.0002820211520884186
1,1,0.934856116771698
1,1,0.9999028444290161
0,0,0.04608557000756264
0,0,0.36793044209480286
0,0,4.601166438078508e-06
1,1,0.9712464213371277
1,1,0.9790439605712891
1,1,0.9811743497848511
1,1,0.5639402866363525
0,0,0.002323319436982274
1,1,0.9952672719955444
0,0,0.0008177738636732101
0,0,0.014183436520397663
1,1,0.9999312162399292
1,1,0.9961723685264587
1,1,0.9998096823692322
0,0,0.0006333550554700196
1,1,0.9991942048072815
0,0,0.05149806663393974
0,0,1.7859814761322923e-05
1,1,0.9254922270774841
1,1,0.9353396892547607
0,0,5.454238998936489e-05
1,1,0.9920578598976135
0,0,2.3906630303827114e-05
1,1,0.6959444880485535
1,1,0.9849361777305603
0,0,0.22150273621082306
1,1,0.9934440851211548
1,1,0.9996469020843506
0,0,7.067935803206638e-05
0,0,3.055690467590466e-05
0,0,2.0773439246113412e-05
1,1,0.9693133234977722
1,1,0.9997910857200623
0,0,0.01602322980761528
0,0,0.002974403090775013
1,1,0.9735764265060425
0,0,0.0006403112201951444
0,0,0.0003017499693669379
0,0,0.0013951522996649146
1,1,0.9678202271461487
0,0,0.0040255035273730755
0,0,0.00015913751849438995
0,0,3.4432217944413424e-05
0,0,0.0013709082268178463
0,0,0.02427898347377777
0,0,5.382773906603688e-06
0,0,0.01607552543282509
0,0,3.1418719572684495e-06
0,0,0.015790428966283798
0,0,0.02851063758134842
0,0,6.054281766409986e-05
0,0,1.9398246877244674e-05
0,0,4.4872963371744845e-06
0,0,7.123835530364886e-05
0,0,3.00500905723311e-05
0,0,2.1845766241312958e-05
0,1,0.8896111845970154
1,0,0.06675107777118683
0,0,0.0014331055572256446
0,0,0.0022727891337126493
0,0,0.0791916474699974
0,0,0.00020993553334847093
0,0,0.00535840168595314
0,0,7.452232239302248e-05
0,0,0.0037199975922703743
1,1,0.9993263483047485
1,1,0.9993457198143005
1,1,0.9999507665634155
1,1,0.9998276233673096
1,1,0.9835066795349121
1,1,0.9826576113700867
1,1,0.9964610934257507
0,0,1.2370893273327965e-05
0,0,1.534879265818745e-05
0,0,3.637696136138402e-05
0,0,0.00017960193508770317
1,1,0.9998277425765991
1,1,0.9999195337295532
1,1,0.9933666586875916
1,1,0.9993458390235901
1,1,0.9998830556869507
0,0,0.00202947692014277
0,0,0.003330794395878911
0,0,0.0003157242317683995
1,1,0.9830242395401001
0,0,8.351015821972396e-06
0,0,2.39841356233228e-05
0,0,3.56951350113377e-05
1,1,0.999790370464325
1,1,0.9445474147796631
1,1,0.999281108379364
1,1,0.9914278388023376
0,0,2.336530087632127e-05
0,0,0.00032891114824451506
1,1,0.9952617883682251
1,1,0.9962583780288696
0,0,0.0025895405560731888
0,0,1.907503065012861e-05
0,0,0.007128657307475805
0,0,5.217926809564233e-05
1,1,0.9971991777420044
0,0,0.0012924358015879989
1,1,0.9978633522987366
0,0,0.0011792347067967057
0,0,0.00033461974817328155
0,0,0.000674064620397985
0,0,0.008381534367799759
1,1,0.9985226988792419
0,0,0.007247433066368103
0,0,0.002893145428970456
0,0,0.0004216771631035954
0,0,0.016649294644594193
1,1,0.956534206867218
1,1,0.9903856515884399
0,0,0.002275139791890979
0,0,0.02837531268596649
0,0,2.647276414791122e-05
0,0,3.279833617853001e-05
0,0,0.00021639112674165517
1,1,0.9872305989265442
1,1,0.9976462721824646
0,0,0.00920821726322174
0,0,0.011295069009065628
1,1,0.9973527193069458
1,1,0.9999117851257324
1,1,0.9978541731834412
1,1,0.9999452829360962
0,0,0.014928925782442093
0,0,0.00011533981160027906
0,0,0.004316999111324549
0,0,0.00022426535724662244
0,0,0.0005332487053237855
1,1,0.9988173842430115
1,1,0.9992535710334778
1,1,0.9989008903503418
1,1,0.9999558925628662
0,0,0.01766667701303959
0,0,0.025934461504220963
1,1,0.9992145299911499
1,1,0.999935507774353
0,1,0.9966511130332947
1,1,0.9979807734489441
0,0,0.00030419102404266596
1,1,0.9997097849845886
0,0,0.004807653371244669
1,1,0.9985417127609253
0,0,0.0057180640287697315
1,1,0.9997376799583435
1,1,0.9998937845230103
1,1,0.9945898056030273
0,0,4.6680048399139196e-05
1,1,0.99907386302948
1,1,0.9993979930877686
0,1,0.6780857443809509
1,1,0.9992440938949585
0,0,6.232519081095234e-05
0,0,6.668936111964285e-05
1,1,0.9997383952140808
0,1,0.8728530406951904
1,1,0.9999179840087891
1,1,0.9998278617858887
1,1,0.9999459981918335
1,1,0.9970199465751648
0,0,3.7172951124375686e-05
1,1,0.9996979236602783
0,0,0.003741074353456497
0,0,0.1307833343744278
0,0,0.0030999931041151285
1,1,0.9918417930603027
1,1,0.9999279975891113
1,1,0.9998536109924316
0,0,0.00010203447163803503
1,1,0.9998952150344849
0,0,0.013134664855897427
1,1,0.9393322467803955
1,1,0.9399425983428955
1,1,0.9985721111297607
1,1,0.9889768958091736
0,0,0.00014620246656704694
1,1,0.9986831545829773
0,0,0.004101477097719908
0,0,0.0007248796173371375
0,0,2.0041983589180745e-05
0,0,0.0005209640366956592
0,0,0.0010085953399538994
0,0,7.277670374605805e-05
0,0,0.014139420352876186
0,0,0.0005301384953781962
1,1,0.9987976551055908
1,1,0.5026362538337708
1,1,0.9993485808372498
0,0,0.000634150521364063
0,0,0.0010783214820548892
0,0,2.7587811928242445e-05
0,0,0.001891565858386457
1,1,0.9997010231018066
1,1,0.9998371601104736
0,0,0.0010116429766640067
0,0,2.8497906896518543e-05
1,1,0.9968396425247192
1,1,0.9999427795410156
1,1,0.999544084072113
1,1,0.9997603297233582
0,0,8.79810431797523e-06
1,0,0.4024783670902252
1,1,0.9996440410614014
0,0,1.9729724954231642e-05
1,1,0.9989191293716431
0,0,0.0006636274047195911
0,0,0.0008314120932482183
0,0,0.0033487025648355484
0,0,0.07234393060207367
1,0,0.08681617677211761
0,0,0.029436716809868813
1,1,0.9963511228561401
0,0,0.00040328834438696504
0,0,6.1150683904998e-05
0,0,0.000791767262853682
0,0,0.00019286455062683672
1,1,0.9989748001098633
1,1,0.9994315505027771
1,1,0.9996317625045776
1,1,0.9998767375946045
1,1,0.9994432330131531
0,0,0.009672404266893864
0,0,1.0823492630152032e-05
0,0,2.7011770725948736e-05
1,1,0.9801753163337708
0,0,0.0005917114322073758
1,1,0.755220890045166
0,0,0.2238491177558899
0,0,0.022536028176546097
1,0,0.002135479124262929
0,0,0.0012245383113622665
0,0,0.00028431156533770263
1,1,0.9996849298477173
1,1,0.9993834495544434
1,1,0.999879002571106
1,1,0.8785025477409363
1,1,0.9970853924751282
0,0,0.025130532681941986
0,0,7.803695916663855e-05
1,1,0.9987154006958008
0,0,2.6325837097829208e-05
1,1,0.9985358715057373
1,1,0.998494029045105
1,1,0.9965330362319946
1,1,0.9952292442321777
0,0,0.06197402626276016
0,0,7.480983185814694e-05
1,1,0.9963603615760803
1,1,0.9855616688728333
1,1,0.9987704157829285
1,1,0.9928030371665955
0,0,4.547161370282993e-05
0,0,2.1152001863811165e-05
1,1,0.9998237490653992
1,1,0.9999480247497559
1,1,0.9995796084403992
1,1,0.9987549781799316
0,0,0.0022947140969336033
0,0,9.15484520191967e-07
0,0,0.05392096936702728
0,0,0.00011696193541865796
0,1,0.9594730734825134
0,0,0.00010476432362338528
1,1,0.9999332427978516
1,1,0.9998722076416016
1,1,0.9999630451202393
1,1,0.9978088736534119
1,1,0.9993793964385986
1,1,0.9998478889465332
0,0,0.0003255658666603267
0,0,0.005088259000331163
1,1,0.9999107122421265
1,1,0.9919726848602295
0,0,3.387447804925614e-06
0,0,0.00011495814396766946
0,0,0.00020389283599797636
0,0,0.007380993105471134
1,1,0.9976288676261902
1,1,0.8102939128875732
0,0,0.0017508583841845393
1,1,0.9996616840362549
1,1,0.9953768253326416
1,1,0.8603280782699585
0,0,0.0003537869779393077
1,1,0.7085593938827515
0,0,6.80633238516748e-05
1,1,0.9997439980506897
0,0,0.0012154047144576907
1,1,0.9998334646224976
1,1,0.9999154806137085
0,0,0.0014683617046102881
1,1,0.8042897582054138
1,1,0.9996261596679688
0,0,0.00010998998914146796
0,0,0.0016716771060600877
0,0,0.2193986177444458
0,0,0.006504944991320372
0,0,0.0019602933898568153
1,1,0.9998654127120972
1,1,0.9998444318771362
0,0,2.4071299776551314e-05
0,0,1.98882171389414e-05
0,0,0.0011379756033420563
1,1,0.8341283798217773
0,0,0.1802527755498886
0,0,0.0546560101211071
1,1,0.9995912909507751
1,1,0.9994598031044006
1,1,0.9974206686019897
0,0,0.0025502208154648542
0,0,6.524825039377902e-06
0,0,0.00021792326879221946
0,0,0.20182237029075623
0,0,9.287329157814384e-05
0,0,1.8466913388692774e-05
0,0,4.644887303584255e-05
1,1,0.9995800852775574
1,1,0.9996976852416992
0,0,0.008252371102571487
0,0,3.0121676900307648e-05
0,0,0.00014820486831013113
0,0,0.0012885837350040674
1,1,0.9993742108345032
1,1,0.9995688796043396
1,1,0.9999445676803589
1,1,0.9999825954437256
1,1,0.9997219443321228
0,0,0.0017115826485678554
1,1,0.9998795986175537
0,0,0.0001353679981548339
0,0,6.0811074945377186e-05
1,1,0.999943733215332
1,1,0.9435282945632935
0,0,0.00033141919993795455
0,0,0.04733354225754738
1,1,0.999249279499054
0,0,0.04644440487027168
1,1,0.9998836517333984
0,0,0.00529364263638854
1,1,0.9998039603233337
1,1,0.9581438899040222
0,0,0.015891291201114655
1,1,0.7985503077507019
0,0,0.0014843548415228724
0,0,0.007726122625172138
1,1,0.99355149269104
0,0,0.0003184315573889762
0,0,0.00886462815105915
0,0,1.79133076017024e-05
0,1,0.9096173048019409
0,0,1.1169353456352837e-05
0,0,7.903727964730933e-05
0,0,0.00010233985813101754
0,0,0.0025026604998856783
1,1,0.9937387704849243
0,0,4.9058638978749514e-05
1,1,0.8212774395942688
1,1,0.9999268054962158
1,1,0.999955415725708
1,1,0.9929312467575073
0,0,0.002263479633256793
0,0,1.7410264945283416e-06
0,0,0.015062663704156876
0,0,2.732034590735566e-05
1,1,0.9062044620513916
0,0,2.0873247194685973e-05
0,0,0.004763009957969189
1,1,0.9960705041885376
0,0,6.988942186580971e-05
1,1,0.997899055480957
0,0,2.2236647509998875e-06
0,0,0.12075071036815643
1,1,0.9993764758110046
1,1,0.984889805316925
0,0,0.00047510082367807627
0,0,0.019172683358192444
0,0,0.0028172479942440987
0,0,0.0024714202154427767
0,0,0.00024301772646140307
1,1,0.9967321157455444
1,1,0.9992795586585999
1,0,0.11282949894666672
1,1,0.9993784427642822
0,0,0.011820999905467033
1,1,0.9991926550865173
1,1,0.9998704195022583
0,0,0.006424811668694019
1,1,0.9995587468147278
1,1,0.9901463389396667
1,1,0.9994291663169861
0,0,1.852936293289531e-05
1,1,0.6520346999168396
0,0,4.0298276871908456e-05
1,1,0.9983406066894531
0,0,0.0017516778316348791
0,0,1.371969574393006e-06
1,1,0.9998384714126587
0,0,0.00035695190308615565
1,1,0.9993466734886169
0,0,8.346419781446457e-05
1,1,0.9998966455459595
1,1,0.9238304495811462
0,0,0.0427316352725029
1,1,0.9996936321258545
1,1,0.9992088675498962
0,0,0.4416462182998657
0,0,0.0017648333450779319
1,1,0.9999638795852661
0,1,0.9569629430770874
0,0,5.6846456573111936e-05
0,0,0.00011324712977511808
0,0,0.0022445139475166798
0,0,0.1445537954568863
0,1,0.5996324419975281
1,1,0.9995954632759094
0,0,0.002054419834166765
0,0,0.002362585626542568
1,1,0.9999222755432129
0,0,9.118470916291699e-05
1,1,0.9941493272781372
0,0,3.6233177524991333e-05
0,0,0.0003864506143145263
0,0,0.00020833390590269119
1,1,0.9999707937240601
0,0,0.0018557689618319273
0,0,0.28900080919265747
1,1,0.9992586970329285
1,1,0.9999127388000488
0,0,0.013959602452814579
0,0,0.0008667210349813104
0,0,2.6836836696020328e-05
0,0,7.679350528633222e-05
1,1,0.9999382495880127
1,1,0.9709214568138123
1,1,0.9999805688858032
0,0,0.0002570233482401818
0,0,3.579955591703765e-05
1,1,0.9998514652252197
1,1,0.9999610185623169
0,0,5.2788524044444785e-05
1,0,0.16531221568584442
1,1,0.9857847094535828
0,0,5.2505107305478305e-05
1,1,0.9999345541000366
0,0,0.1608826220035553
1,1,0.9999203681945801
0,1,0.996317982673645
1,1,0.999037504196167
1,1,0.9999058246612549
1,1,0.9998615980148315
0,0,0.0009892233647406101
1,1,0.9992029070854187
0,0,0.0006850322824902833
1,1,0.9999816417694092
1,1,0.9996922016143799
0,0,0.01023780182003975
0,0,8.802225238468964e-06
1,1,0.9838547110557556
0,1,0.7300248146057129
1,1,0.9991459846496582
1,1,0.9997618794441223
0,0,0.008847404271364212
0,0,0.0030769375152885914
1,1,0.9997058510780334
1,1,0.9860790371894836
0,0,3.161290078423917e-05
0,0,0.0001033115477184765
1,1,0.9999079704284668
1,1,0.9999691247940063
1,1,0.9999524354934692
1,1,0.9999915361404419
1,1,0.9999006986618042
1,1,0.9995617270469666
0,0,0.0004899166524410248
1,1,0.9997904896736145
0,0,0.00013853174459654838
0,0,1.9507272099872353e-06
1,1,0.9973129630088806
0,1,0.8690385818481445
1,1,0.9996111989021301
0,0,0.00030056474497541785
1,1,0.8657228946685791
0,0,0.000540969253052026
1,1,0.9997290968894958
0,0,3.973850834881887e-05
0,0,0.12172619998455048
1,0,0.23251499235630035
1,0,0.38644248247146606
1,1,0.9999010562896729
1,1,0.9999452829360962
1,1,0.9873732924461365
0,0,0.0002992221270687878
0,0,0.0003722480032593012
1,1,0.9994173049926758
0,0,0.011467045173048973
0,0,0.0029943601693958044
1,1,0.9997153878211975
1,1,0.9921707510948181
1,0,0.22110110521316528
1,1,0.999305009841919
1,1,0.9793339371681213
1,1,0.8796276450157166
1,1,0.999736487865448
0,0,0.0004127831489313394
1,1,0.9984662532806396
0,0,0.010828142985701561
0,0,0.003377544693648815
0,0,0.00021450023632496595
1,1,0.9987159967422485
1,1,0.9998725652694702
1,1,0.9956496357917786
0,0,0.00012442666047718376
1,1,0.9995490908622742
1,1,0.9996291399002075
1,1,0.9994416832923889
0,0,3.7458059523487464e-05
1,1,0.9975551962852478
0,0,1.1884612831636332e-06
0,0,0.00010738847049651667
0,0,0.00068532774457708
0,0,0.001004048972390592
1,1,0.9986441731452942
1,1,0.9880438446998596
0,0,0.004328644368797541
1,1,0.8390870094299316
0,0,0.4185071587562561
0,0,0.01693313755095005
0,0,0.0006603250512853265
1,1,0.9998544454574585
0,0,0.38081109523773193
1,1,0.9839069843292236
0,0,4.985377745470032e-05
1,1,0.9913046360015869
1,1,0.9940993785858154
0,0,0.00027669264818541706
0,0,8.709250687388703e-05
1,1,0.9998308420181274
0,0,0.0007025689701549709
0,0,0.0013147451682016253
1,1,0.9999324083328247
1,1,0.9999150037765503
0,1,0.9960893392562866
0,0,0.00034261008840985596
0,0,0.00141492101829499
1,1,0.9999600648880005
1,1,0.9997890591621399
0,0,0.2015145719051361
1,1,0.9980284571647644
1,0,0.3833627998828888
0,0,0.0021185926161706448
0,0,0.0035541956312954426
1,1,0.9463624954223633
1,1,0.9905361533164978
0,0,0.3474881052970886
0,0,0.0037848353385925293
0,0,5.309897460392676e-05
0,0,0.00011723227362381294
0,0,0.00028957167523913085
0,0,0.14658573269844055
1,1,0.9998575448989868
0,0,0.01285270880907774
0,0,0.0005368934944272041
0,0,0.00018961848400067538
1,1,0.9998481273651123
0,0,0.0002975136449094862
0,0,0.001556889503262937
1,1,0.9998842477798462
1,1,0.9919019341468811
1,1,0.9962118864059448
1,1,0.9998955726623535
0,0,0.0001799384190235287
1,1,0.9998958110809326
1,1,0.9994020462036133
1,1,0.997750461101532
1,1,0.9752116799354553
0,0,1.7435220343031688e-06
0,0,0.002908591413870454
1,1,0.9953391551971436
0,0,0.001637313631363213
1,1,0.9982078075408936
0,0,0.00042566435877233744
1,1,0.9999374151229858
0,0,0.017920274287462234
0,0,0.00036298399209044874
0,0,0.0010730634676292539
0,0,0.008661167696118355
0,0,0.00011401643860153854
0,0,0.052129555493593216
0,0,6.883990135975182e-05
1,1,0.8118253946304321
0,0,0.00016973978199530393
0,0,2.5184941478073597e-05
1,1,0.9996713399887085
1,1,0.9986602067947388
1,1,0.9987230896949768
1,1,0.9966957569122314
0,0,0.2161238044500351
1,1,0.9167287349700928
0,0,2.617164454932208e-06
1,1,0.9985359907150269
1,1,0.9999068975448608
1,1,0.999956488609314
1,1,0.9992799162864685
1,1,0.9999085664749146
1,1,0.9989376664161682
1,1,0.9998565912246704
1,0,0.03427596390247345
0,0,0.003363562747836113
1,1,0.9978376030921936
0,0,0.0030438473913818598
1,1,0.9997993111610413
0,0,6.660369399469346e-05
1,1,0.99922776222229
1,1,0.9990882873535156
0,0,9.20608508749865e-05
0,0,0.000298835540888831
1,1,0.9997084736824036
0,0,9.449757635593414e-05
1,1,0.9997509121894836
1,1,0.9994630217552185
1,1,0.9990406632423401
0,0,2.861273787857499e-05
1,1,0.9998438358306885
1,1,0.9999198913574219
1,1,0.9997634291648865
0,0,0.00044605694711208344
0,0,0.0010755202965810895
0,0,0.029255755245685577
0,0,0.10806304961442947
1,1,0.9999083280563354
1,1,0.9999603033065796
0,0,0.0006492104730568826
1,1,0.9997215867042542
0,0,0.0002919320249930024
0,0,3.565027100194129e-06
0,0,5.950506874796702e-06
0,0,0.00035399955231696367
0,0,0.00010973834287142381
0,0,0.0022796427365392447
0,0,0.0020712800323963165
1,1,0.9998531341552734
1,0,0.436799556016922
0,0,0.001255551353096962
0,1,0.9265578389167786
1,1,0.9988163709640503
0,0,0.000373197253793478
1,1,0.9978466033935547
0,0,0.001174833974801004
1,1,0.9992502331733704
1,1,0.9996981620788574
1,1,0.9997099041938782
1,1,0.9989474415779114
0,0,0.0006318790838122368
0,0,0.0006422213627956808
0,0,0.0007339892908930779
1,1,0.9986321330070496
1,1,0.503528892993927
1,1,0.9332537055015564
1,1,0.9998468160629272
1,1,0.9945048689842224
1,1,0.9999635219573975
1,1,0.9997616410255432
1,1,0.9998351335525513
1,1,0.9999401569366455
1,1,0.999347984790802
1,1,0.9983910918235779
0,0,0.002212086459621787
1,1,0.999692440032959
1,1,0.9794476628303528
0,0,6.472087989095598e-05
0,1,0.5975466966629028
0,0,0.01015246007591486
1,1,0.9999134540557861
1,1,0.9999396800994873
1,1,0.9992268085479736
0,0,2.7623880669125356e-05
1,1,0.836085319519043
1,1,0.9986196756362915
0,0,0.011251019313931465
0,0,0.004660145379602909
0,0,0.01600906439125538
1,1,0.9989376664161682
1,1,0.9996711015701294
0,0,0.003787862602621317
0,0,0.0011089224135503173
0,0,3.805676897172816e-05
0,0,1.035605464494438e-06
1,1,0.9667015671730042
0,0,8.189144136849791e-05
0,0,0.0003842648002319038
1,1,0.9960722923278809
1,1,0.9920211434364319
0,0,0.0003264466649852693
1,1,0.9997408986091614
1,1,0.9360999464988708
0,1,0.979095458984375
0,0,0.3852512836456299
0,0,0.00010013607243308797
0,0,0.28185588121414185
1,1,0.9998966455459595
1,1,0.9997754693031311
1,1,0.9922459721565247
1,1,0.9877923130989075
0,0,0.002709016902372241
0,0,0.0006939485901966691
1,1,0.9983483552932739
0,0,0.00023480740492232144
1,1,0.9999415874481201
0,0,1.570898348290939e-05
1,1,0.9999018907546997
1,1,0.9998737573623657
0,0,0.00032095148344524205
1,1,0.9997400641441345
1,1,0.9984390139579773
0,0,0.05380255728960037
1,1,0.996862530708313
0,0,2.1841477064299397e-05
0,0,0.0013855195138603449
0,0,9.162479273072677e-07
1,1,0.9993718266487122
0,1,0.8118494153022766
1,1,0.9998082518577576
1,1,0.9999488592147827
0,0,0.003190473187714815
0,0,0.00142996059730649
1,1,0.9998669624328613
1,1,0.9955429434776306
0,0,0.00292250351049006
0,0,0.0018774854252114892
1,1,0.9997842907905579
0,0,1.3457000022754073e-05
1,1,0.9962863922119141
0,0,0.003144540823996067
0,0,0.0018900405848398805
1,1,0.9974098801612854
1,1,0.9998829364776611
0,0,0.0004068103735335171
1,1,0.9995972514152527
1,1,0.9980109333992004
1,1,0.9799696803092957
1,1,0.9951653480529785
0,0,0.00018329420709051192
0,0,8.802800584817305e-05
1,1,0.9745046496391296
0,0,0.008276288397610188
0,0,5.609208164969459e-05
1,1,0.970482349395752
0,0,0.0008900507818907499
0,0,0.0001927513221744448
0,0,0.0012448568595573306
0,0,0.087127186357975
0,0,0.05729612335562706
1,1,0.776665210723877
0,0,1.5969222658895887e-05
0,0,0.001025915378704667
1,1,0.9993033409118652
0,0,0.00025241405819542706
1,1,0.999875545501709
1,1,0.9997195601463318
1,1,0.9984538555145264
1,1,0.9992586970329285
1,1,0.9699106812477112
1,1,0.999954342842102
0,0,4.567581527226139e-06
0,0,2.1541367459576577e-05
1,1,0.9979283809661865
0,0,9.816042438615113e-05
0,0,0.00010677682439563796
1,1,0.948678731918335
0,0,0.0006173353758640587
0,0,0.0008667188812978566
0,0,0.0013540887739509344
0,1,0.5634698271751404
1,1,0.9989109039306641
1,1,0.9999064207077026
1,1,0.9980908036231995
1,1,0.9960293769836426
1,1,0.9996496438980103
1,1,0.8755555152893066
0,0,0.0005949963233433664
1,0,0.16390332579612732
1,1,0.9935570359230042
0,0,4.345466732047498e-05
1,1,0.9998902082443237
1,1,0.9999068975448608
1,1,0.9996200799942017
1,1,0.998855710029602
1,1,0.9999008178710938
1,1,0.996890127658844
0,0,8.278810855699703e-05
1,1,0.9999376535415649
1,1,0.9972124695777893
0,0,0.0002706452796701342
1,1,0.9972444772720337
1,1,0.999866247177124
1,1,0.9997839331626892
0,0,0.0001060076174326241
0,0,0.00013886277156416327
0,0,0.0012298614019528031
1,0,0.15130190551280975
0,0,0.00040323103894479573
1,1,0.9888198971748352
1,1,0.9997192025184631
0,0,0.0008834746549837291
1,1,0.999750554561615
1,1,0.9999129772186279
1,1,0.8393629789352417
1,1,0.9997212290763855
0,0,0.05349085107445717
0,0,6.470045627793297e-05
1,1,0.9997627139091492
1,1,0.9999516010284424
0,0,0.00272202561609447
0,0,0.0054009282030165195
0,0,0.014441904611885548
0,0,8.344397792825475e-05
0,0,0.018903199583292007
0,0,4.400131365400739e-05
0,0,0.0038018780760467052
1,1,0.9967855215072632
1,1,0.9996527433395386
1,1,0.9989838004112244
0,0,2.4812967239995487e-05
1,1,0.9999845027923584
1,1,0.9996731281280518
0,0,0.005176774691790342
1,1,0.9998608827590942
0,0,8.186067134374753e-05
0,0,0.0015667724655941129
1,1,0.9995417594909668
0,0,1.7893826225190423e-05
0,0,0.000530513352714479
1,1,0.999539852142334
0,0,0.0006607638206332922
0,0,0.008907336741685867
0,0,0.0029628360643982887
1,1,0.9997761845588684
0,0,4.729157080873847e-05
1,1,0.999972939491272
0,0,0.00047557250945828855
1,1,0.9998666048049927
1,1,0.9858805537223816
1,1,0.9998133778572083
1,1,0.9999847412109375
1,1,0.9995809197425842
1,1,0.9999405145645142
0,0,0.0002408164000371471
0,0,0.07914270460605621
0,0,3.3331787562929094e-05
0,0,0.013120802119374275
0,0,0.012561541981995106
1,1,0.9880298972129822
0,0,0.00034559256164357066
1,1,0.9996795654296875
0,0,0.005365171004086733
1,1,0.9999260902404785
0,0,0.0036301524378359318
1,1,0.9993255138397217
1,1,0.9948530793190002
1,1,0.9980352520942688
1,1,0.9931943416595459
0,1,0.999729335308075
1,1,0.9776036739349365
1,1,0.9987970590591431
1,1,0.9999023675918579
1,1,0.9997766613960266
0,0,0.000486176140839234
0,0,0.0006775790243409574
0,0,0.00017830818251240999
0,0,0.0007747307536192238
1,1,0.9924224019050598
1,1,0.9968054294586182
0,0,0.003338102949783206
0,0,0.013692284934222698
1,1,0.9979459643363953
1,1,0.9986009001731873
0,0,0.32456228137016296
0,0,2.883219531213399e-05
0,0,0.0004080573271494359
1,1,0.9998146891593933
0,0,0.0010770962107926607
0,0,0.061295099556446075
1,1,0.9998910427093506
0,0,0.0015868322225287557
0,0,0.005396345630288124
0,0,0.0622694306075573
1,1,0.9729400277137756
1,1,0.9997656941413879
1,1,0.9989175796508789
1,1,0.9735113382339478
0,0,0.001080755260773003
0,0,5.953068830422126e-05
0,0,0.06517433375120163
0,0,0.04293284937739372
1,1,0.9989420771598816
0,0,0.0006320158136077225
1,1,0.9997163414955139
1,1,0.9995961785316467
0,0,2.7372478143661283e-05
1,1,0.9995741248130798
0,0,0.004472019616514444
1,1,0.9998763799667358
1,0,0.08394160866737366
0,0,0.05781851336359978
0,0,0.001297279610298574
1,1,0.9671535491943359
1,1,0.9949259757995605
0,0,0.00019519745546858758
1,1,0.6185736060142517
0,0,0.007895069196820259
1,1,0.9972056746482849
1,1,0.9732424020767212
1,1,0.9999736547470093
0,0,0.17409110069274902
0,0,0.004538103938102722
1,1,0.9993932247161865
1,1,0.9995256662368774
0,0,0.00794382393360138
0,0,1.9710898413904943e-05
1,1,0.9997718930244446
0,0,6.469453364843503e-05
0,0,2.0704257622128353e-05
0,0,0.0021186007652431726
0,0,0.00015136200818233192
1,1,0.9933011531829834
1,1,0.9998829364776611
1,1,0.9987724423408508
1,1,0.994053065776825
0,0,0.0005267167580313981
1,1,0.9999469518661499
1,1,0.9759569764137268
0,0,0.0006738940719515085
1,1,0.976540744304657
1,0,0.009669714607298374
1,1,0.9990014433860779
1,1,0.9997788071632385
0,0,0.0005317230243235826
1,1,0.9985998272895813
0,0,0.00013424645294435322
1,0,0.06270240247249603
0,0,0.00014938332606106997
0,0,1.2765857718477491e-05
0,0,1.9266954041086137e-06
0,0,3.964732604799792e-05
1,1,0.9999098777770996
1,1,0.7576020956039429
0,0,0.0012542861513793468
0,0,0.004304904956370592
0,0,0.11937983334064484
0,0,4.381189137347974e-05
0,0,0.0001022013821057044
0,0,0.45389512181282043
0,0,7.05220882082358e-05
0,0,0.00016777570999693125
0,0,0.006267805118113756
1,1,0.9995162487030029
1,1,0.9902611374855042
1,1,0.9273324012756348
0,0,3.1797819247003645e-05
0,0,3.3583753975108266e-05
1,1,0.9998818635940552
1,1,0.9998292922973633
1,1,0.9999473094940186
1,1,0.9911590218544006
1,1,0.7494931221008301
1,1,0.9930087327957153
0,0,0.021496444940567017
0,0,7.976444067026023e-06
1,1,0.998672604560852
1,1,0.9999041557312012
0,0,0.00034202123060822487
1,1,0.9999874830245972
1,1,0.999870777130127
0,0,0.0007411141414195299
0,0,2.011892865994014e-05
1,0,0.16928936541080475
0,0,0.00033290594001300633
0,0,3.2989521514537046e-06
1,1,0.9996515512466431
0,0,6.807532190578058e-05
0,0,0.00024184650101233274
0,0,0.0004612682678271085
1,1,0.9994298815727234
1,1,0.9995531439781189
1,1,0.9946823716163635
0,0,3.0840719773550518e-06
1,1,0.9998100399971008
1,1,0.6896694302558899
0,0,0.05474204942584038
1,1,0.9940752983093262
1,1,0.993676483631134
1,1,0.9999091625213623
1,1,0.9405982494354248
1,1,0.9982505440711975
1,1,0.9999614953994751
0,0,2.1777665097033605e-05
0,0,0.13973473012447357
0,0,0.0013985870173200965
1,1,0.9968041181564331
0,0,0.2700364291667938
1,1,0.9999040365219116
1,1,0.9963668584823608
1,1,0.9616449475288391
1,1,0.9941902160644531
1,1,0.9996850490570068
0,0,0.001459656748920679
0,0,0.0008374872850254178
0,0,0.0001853453431976959
0,0,3.594974259613082e-05
1,0,0.30496975779533386
1,1,0.9998925924301147
0,0,0.00012212892761453986
0,0,0.001949745463207364
0,0,0.00010641668632160872
0,0,0.1275017112493515
1,1,0.9983164072036743
0,0,1.6872621927177534e-05
1,1,0.999993085861206
1,1,0.9982981085777283
1,1,0.9112051129341125
1,1,0.7517961859703064
0,0,0.000583839078899473
1,1,0.9992265701293945
1,1,0.9952574372291565
0,0,0.03621544688940048
1,1,0.9946458339691162
0,0,0.000960256380494684
0,0,0.0011677019065245986
0,0,0.017694536596536636
0,0,2.6650252038962208e-05
0,0,0.00021122998441569507
0,0,0.0007519355858676136
1,1,0.9999274015426636
1,1,0.995622456073761
1,1,0.9999949932098389
0,0,4.475052719499217e-06
0,0,0.0010583673138171434
0,0,0.00015948220971040428
0,0,0.24412603676319122
1,1,0.999531626701355
1,1,0.9998087286949158
1,1,0.9997742772102356
1,1,0.9992284774780273
1,1,0.999482274055481
0,0,0.0005541639984585345
0,0,5.493299977388233e-05
1,1,0.99931800365448
1,1,0.9997628331184387
0,0,6.4870786445681e-05
1,1,0.9999459981918335
1,1,0.9996557235717773
1,1,0.9895589351654053
0,0,0.0007244414882734418
1,1,0.9358612298965454
1,1,0.995457649230957
1,1,0.9993398785591125
1,1,0.9940904974937439
0,0,0.3379601240158081
1,1,0.9999017715454102
0,0,1.676055217103567e-05
0,0,0.006132088135927916
1,1,0.9987217783927917
1,1,0.997614860534668
0,0,7.185717549873516e-05
0,0,0.00037121004424989223
1,1,0.9770547151565552
1,1,0.9996496438980103
1,1,0.999461829662323
1,1,0.9999403953552246
0,0,0.0003137964813504368
1,1,0.9997344613075256
0,0,3.0657371098641306e-05
0,0,0.00010812542313942686
0,0,0.0006129278335720301
1,1,0.9997982382774353
0,0,0.0005073569482192397
0,0,0.002445757854729891
0,1,0.5553761720657349
1,0,0.00035154653596691787
1,1,0.9999885559082031
1,1,0.9996926784515381
1,1,0.9996020197868347
1,1,0.9996877908706665
0,0,0.00017758352623786777
0,0,0.00011001274833688512
0,0,0.07576476037502289
1,1,0.9961817264556885
0,0,0.0009647654369473457
0,0,1.9454528228379786e-05
0,0,0.00025618416839279234
