true_label,predicted_label,positive_probability
1,0,0.42395663261413574
0,0,0.00047304961481131613
1,1,0.8685005307197571
0,0,0.24775506556034088
1,1,0.7636256814002991
1,1,0.9981381893157959
0,0,1.5880234514042968e-06
0,0,0.028259405866265297
0,0,0.35121503472328186
1,1,0.9827073216438293
0,0,0.013143753632903099
1,1,0.9641342163085938
0,0,0.08133435994386673
0,0,0.00013309370842762291
1,1,0.7902124524116516
0,0,0.018283208832144737
0,0,0.08726261556148529
0,0,0.14989085495471954
0,0,9.37536697165342e-06
1,1,0.9987462759017944
1,1,0.9729545712471008
1,0,0.47505858540534973
1,1,0.9988988637924194
0,0,0.0012381125707179308
0,0,0.0008283912320621312
1,0,0.3527144193649292
1,1,0.888454794883728
0,0,6.9349343903013505e-06
1,1,0.9279575347900391
0,0,0.00010630107135511935
0,1,0.8962106704711914
0,0,0.00010457828466314822
1,1,0.9864718317985535
1,1,0.96871018409729
1,1,0.9997250437736511
0,1,0.7146890759468079
1,1,0.9974842071533203
1,1,0.9989062547683716
0,0,9.269349538953975e-05
1,1,0.9999942779541016
1,1,0.9984228610992432
1,1,0.9966889023780823
1,1,0.9999291896820068
0,0,0.05316775292158127
0,0,0.00035274820402264595
0,0,0.0064688571728765965
1,1,0.9998346567153931
0,0,0.05802970379590988
1,1,0.9978883862495422
0,0,4.208834070595913e-06
0,0,0.007253796793520451
0,0,0.0054193888790905476
1,1,0.9851926565170288
0,0,0.06953936070203781
1,1,0.9846033453941345
1,1,0.9160360097885132
1,1,0.9999889135360718
1,1,0.9999629259109497
0,0,0.008411159738898277
0,0,0.003153871512040496
1,1,0.9986502528190613
0,0,0.002783294301480055
1,1,0.9919339418411255
0,0,0.0002894468780141324
0,0,6.449581997003406e-05
1,1,0.9985840320587158
1,1,0.8029034733772278
1,1,0.9992949962615967
1,1,0.9987596273422241
0,0,0.004081311170011759
1,1,0.9759637117385864
1,1,0.9853388071060181
0,0,0.4174465239048004
1,1,0.955048680305481
1,0,0.3478006422519684
0,0,0.10135650634765625
1,1,0.9674784541130066
1,1,0.9994059801101685
1,1,0.9994726777076721
0,0,1.0159809562537703e-06
0,0,0.00040173449087888
0,0,0.24091504514217377
1,1,0.9999130964279175
1,1,0.990820586681366
0,0,0.021867545321583748
0,0,1.1877659744641278e-05
0,0,0.27794286608695984
0,0,1.504604188085068e-05
0,1,0.9656388759613037
1,1,0.9758515357971191
1,1,0.8314664959907532
1,1,0.9742342829704285
1,1,0.9933497309684753
1,1,0.9923451542854309
0,0,0.0005262551130726933
1,0,0.32134515047073364
0,0,4.079856080352329e-05
1,1,0.9993094205856323
0,0,0.00013766474148724228
0,0,0.25501832365989685
1,1,0.9944086670875549
1,1,0.9705488681793213
1,1,0.8238507509231567
1,1,0.9999915361404419
1,1,0.9988946318626404
0,0,0.007625157479196787
1,1,0.7545783519744873
0,0,5.2985313232056797e-05
0,0,0.13808545470237732
0,0,4.489731963985832e-06
0,0,0.3002605438232422
0,0,0.08858923614025116
0,0,0.0005888158339075744
0,0,6.071858820178022e-07
1,1,0.9996272325515747
0,0,1.6535868780920282e-05
1,1,0.986504077911377
0,0,0.0019498113542795181
0,0,0.005879998207092285
0,0,3.200419314453029e-06
1,1,0.9988344311714172
1,1,0.9679198265075684
0,0,0.001650176476687193
0,0,0.0002451833279337734
1,1,0.9999836683273315
1,1,0.9670537114143372
0,0,0.07660368829965591
1,1,0.9980568289756775
1,0,0.1456213742494583
1,1,0.9997187256813049
0,0,5.903169039811473e-06
1,1,0.9983409643173218
1,1,0.6190411448478699
1,1,0.7719132304191589
1,1,0.9962574243545532
0,0,0.006361146457493305
0,0,0.00569433206692338
1,1,0.999914288520813
0,0,0.0002838376094587147
0,0,0.0009625275852158666
1,1,0.9851637482643127
1,1,0.8794783353805542
1,1,0.976000964641571
1,1,0.991496205329895
1,1,0.9977614879608154
1,1,0.9999945163726807
0,1,0.7069587707519531
1,1,0.996722400188446
1,1,0.9994239807128906
1,1,0.9980689883232117
0,0,4.696922769653611e-05
0,0,0.03626290708780289
1,1,0.991081178188324
1,1,0.8823398351669312
1,1,0.9999825954437256
1,1,0.9883232712745667
1,0,0.4076586961746216
0,0,0.07583221048116684
0,1,0.5199272036552429
0,0,4.426055966177955e-06
0,0,0.06088578701019287
1,1,0.9989538192749023
1,1,0.9984151124954224
0,1,0.9632590413093567
0,0,6.4204832597170025e-06
1,1,0.9345144033432007
1,1,0.9962483048439026
1,1,0.999224066734314
0,1,0.8682335615158081
1,1,0.9961471557617188
1,1,0.9906160235404968
1,1,0.999531626701355
1,1,0.7102705240249634
1,1,0.9969598054885864
1,1,0.9989400506019592
1,1,0.9770339131355286
0,0,0.007855342701077461
1,1,0.9549357295036316
1,1,0.9878655076026917
0,0,0.004331076052039862
1,1,0.9992595314979553
0,0,0.0629657581448555
1,1,0.9996335506439209
1,1,0.9819239974021912
0,0,0.0017836830811575055
1,1,0.9936760067939758
1,1,0.9914438128471375
1,1,0.9135152697563171
0,0,0.007348208222538233
0,0,1.3783017493551597e-05
1,1,0.9998155236244202
0,0,0.19259898364543915
0,0,0.00025809300132095814
1,1,0.9999951124191284
1,1,0.9998980760574341
1,1,0.9289124608039856
0,0,8.752987196203321e-05
0,0,0.17802655696868896
0,0,0.0866464301943779
1,1,0.9954380393028259
1,1,0.9992768168449402
0,1,0.9545043706893921
0,0,0.0008444794220849872
1,1,0.9989942908287048
0,0,0.008804661221802235
0,0,0.0015836261445656419
1,1,0.9313036799430847
1,1,0.9997842907905579
0,0,0.001673760823905468
0,0,0.004163511097431183
0,0,0.3240275979042053
0,0,0.06280158460140228
0,0,0.00312384613789618
0,0,0.006581891793757677
0,0,0.013022623024880886
1,1,0.9822563529014587
0,0,0.020071938633918762
0,0,0.040503550320863724
0,0,0.185894176363945
1,1,0.9970245957374573
0,0,0.3133898973464966
1,1,0.9997439980506897
1,1,0.9991776347160339
1,1,0.9895492792129517
1,1,0.9521207809448242
0,0,0.000539580185431987
0,0,0.024114271625876427
1,1,0.9745146036148071
0,0,4.280580014892621e-06
1,1,0.9992616772651672
1,1,0.9485248923301697
0,0,0.0004071954172104597
1,1,0.9992004036903381
1,1,0.9954948425292969
0,0,0.17175862193107605
0,0,0.47918763756752014
0,0,0.0003609517007134855
1,1,0.9862826466560364
0,0,0.021036822348833084
0,0,0.0002189093647757545
1,1,0.8442183136940002
1,1,0.8848342895507812
0,0,0.0006258439971134067
1,1,0.9998297691345215
0,0,0.00033125837217085063
0,0,0.000268415518803522
1,1,0.9994113445281982
0,0,0.01937597431242466
0,0,0.0006323399720713496
0,0,0.2649356722831726
1,1,0.8034042119979858
0,0,0.028244201093912125
1,1,0.9970111846923828
0,0,0.0499257855117321
1,1,0.9973793029785156
1,0,0.4587591886520386
0,0,5.20333060194389e-06
0,0,8.522360076312907e-06
0,0,0.002192968036979437
0,0,0.09315646439790726
0,0,8.46286457090173e-06
1,1,0.9999321699142456
1,1,0.9908362627029419
0,0,0.006100354716181755
1,0,0.00961977243423462
0,0,0.0009602645877748728
0,0,0.007273808121681213
0,0,0.0017766080563887954
1,1,0.9672316908836365
0,0,4.509685140874353e-07
0,1,0.6556193828582764
0,0,9.640829375712201e-06
1,1,0.9995517134666443
1,1,0.978192925453186
0,0,0.01400150079280138
1,1,0.9919208288192749
1,1,0.9967343807220459
0,0,0.03532930463552475
1,1,0.9931284189224243
0,0,0.07272428274154663
1,1,0.8210212588310242
0,0,0.17385374009609222
0,0,0.0028699368704110384
0,0,0.0005151669611223042
0,0,2.463030250510201e-05
1,1,0.981428861618042
1,1,0.9627127051353455
0,0,0.00031239804229699075
1,1,0.9903355836868286
0,0,0.004664569161832333
0,0,0.20366619527339935
0,0,0.00830147322267294
1,1,0.9999086856842041
1,1,0.9964243769645691
1,1,0.9950569868087769
1,1,0.9999165534973145
1,1,0.9875181317329407
1,1,0.9988566637039185
0,0,0.38683241605758667
1,1,0.9932368397712708
1,1,0.9989686012268066
1,1,0.9983647465705872
1,1,0.9994033575057983
0,0,0.0011437240755185485
1,1,0.9997274279594421
1,1,0.999657154083252
0,0,6.717084488627734e-06
1,0,0.20709089934825897
0,0,0.2566733956336975
1,1,0.9999852180480957
1,1,0.9997850060462952
1,1,0.9999749660491943
1,1,0.9993793964385986
1,1,0.9987754225730896
1,1,0.9999988079071045
0,0,0.0030628214590251446
0,0,0.009976484812796116
0,0,0.0030846656300127506
0,0,0.007988285273313522
1,1,0.9968495965003967
1,1,0.999049961566925
1,1,0.9888306260108948
1,1,0.9994937181472778
0,0,0.002882634522393346
0,1,0.8595972061157227
1,1,0.9016066789627075
1,1,0.9997804760932922
0,0,0.3621640205383301
0,0,0.004183680284768343
0,0,5.329813120624749e-06
0,0,0.0002896641381084919
0,0,0.00011883578554261476
0,0,0.00023329840041697025
0,0,0.00021828743047080934
0,0,0.0015688198618590832
1,1,0.9997326731681824
1,1,0.6799190044403076
0,0,0.0003251325397286564
1,1,0.9984835982322693
1,1,0.9999159574508667
0,1,0.7931057214736938
1,1,0.9994468092918396
0,0,0.2514069676399231
1,1,0.9946995973587036
1,1,0.9951412677764893
1,1,0.9999715089797974
1,1,0.9993807077407837
0,1,0.909306526184082
1,1,0.9999054670333862
1,1,0.9994778037071228
1,1,0.9930511713027954
0,0,8.972836440079845e-06
0,0,0.03674453869462013
1,1,0.9959110021591187
1,1,0.9999879598617554
1,1,0.9903167486190796
0,0,0.0037268181331455708
0,0,0.0063316537998616695
1,1,0.988041877746582
1,1,0.9802563190460205
1,1,0.9997534155845642
0,0,0.00012447306653484702
0,0,0.00010194558853982016
1,1,0.9831939935684204
1,1,0.999646782875061
1,1,0.9873886108398438
1,1,0.9996615648269653
1,1,0.9998551607131958
0,0,0.15361422300338745
0,0,0.08104653656482697
0,0,3.974631545133889e-05
1,1,0.9944040775299072
0,0,0.0009121099719777703
1,1,0.9991933703422546
1,1,0.9982197880744934
0,0,0.041083212941884995
0,0,0.00894110556691885
0,0,0.003007832681760192
0,0,0.2861441671848297
0,0,0.24993737041950226
0,0,0.2157009392976761
0,0,0.004542804788798094
0,0,8.167938358383253e-05
0,0,0.009384611621499062
0,0,0.00010264145385008305
0,0,2.9294217256392585e-06
1,1,0.9996957778930664
0,0,8.307993994094431e-05
0,0,1.0384147572040092e-05
1,1,0.9462770819664001
0,0,0.0001382633054163307
0,0,0.00021544145420193672
0,1,0.9711183905601501
1,1,0.9979225993156433
0,0,0.053480394184589386
1,1,0.9505192637443542
1,1,0.9999608993530273
1,1,0.9999438524246216
1,1,0.9998832941055298
1,1,0.9752418398857117
1,1,0.9942280054092407
0,0,0.0025720263365656137
0,1,0.5304824709892273
0,0,0.0003884031029883772
1,1,0.9860627055168152
1,1,0.9999377727508545
0,1,0.7352173328399658
0,0,0.0004440204065758735
0,1,0.9967875480651855
1,1,0.9843162894248962
0,0,6.541685252159368e-06
0,0,0.034453023225069046
0,0,0.01047004945576191
0,0,0.007619342766702175
0,0,0.03152796998620033
0,1,0.6319189667701721
0,0,0.1348431557416916
1,1,0.9981313347816467
1,0,0.19438399374485016
0,0,4.81634633615613e-05
1,1,0.997775137424469
0,0,0.4308665096759796
1,1,0.7229946851730347
1,1,0.9887295365333557
1,1,0.9726095795631409
1,1,0.9997614026069641
1,1,0.9115681052207947
0,0,0.09530805051326752
0,0,0.0059454613365232944
0,0,0.001961291767656803
1,1,0.9917600750923157
1,1,0.725985586643219
1,1,0.974010705947876
0,1,0.8935011625289917
0,0,0.00033553579123690724
1,1,0.7177664637565613
1,1,0.9805399775505066
0,0,0.01084365975111723
1,1,0.9539945721626282
1,1,0.9093357920646667
1,1,0.871062159538269
1,1,0.8700085878372192
0,0,0.002134226728230715
1,1,0.9801321625709534
0,0,0.06226278468966484
1,1,0.952592134475708
1,1,0.9549661874771118
0,0,0.021419603377580643
1,1,0.9977065324783325
0,0,0.061124563217163086
0,0,0.16400742530822754
0,0,0.2509000301361084
0,0,0.01490646880120039
1,1,0.9300880432128906
0,0,0.282179057598114
0,0,0.383213073015213
0,0,0.00025606135022826493
0,0,0.0019069022964686155
0,0,0.0020982897840440273
0,0,5.19467648700811e-05
0,0,1.250952323061938e-06
1,1,0.6421318054199219
0,0,7.048262341413647e-05
0,1,0.8780451416969299
0,0,0.0010367882205173373
1,1,0.9303779602050781
0,0,0.00014539585390593857
1,1,0.9846537709236145
1,1,0.7995591759681702
0,0,0.0006301173125393689
1,1,0.9999498128890991
0,0,0.3189986050128937
0,0,0.00012221629731357098
0,0,0.00461389496922493
0,0,0.00035525806015357375
0,0,3.140961052849889e-05
0,0,0.0005979129346087575
1,1,0.9881560802459717
1,0,0.31372353434562683
0,0,0.0861014649271965
1,1,0.9999784231185913
0,0,0.0003247298300266266
0,0,0.011604715138673782
0,0,0.0024386760778725147
0,0,0.0009442752925679088
1,1,0.9548194408416748
1,1,0.9368212223052979
1,1,0.9936623573303223
1,1,0.8989273905754089
1,1,0.999873161315918
0,0,0.001508152112364769
1,1,0.9999994039535522
0,0,4.636611993191764e-05
0,0,0.0003220730577595532
1,1,0.9558396935462952
1,1,0.9937764406204224
0,0,0.031335752457380295
1,1,0.9619733691215515
0,0,0.00019454043649602681
0,0,0.10865884274244308
0,0,0.0017619996797293425
0,1,0.9074535965919495
1,1,0.9874931573867798
1,1,0.9938039779663086
1,1,0.9991501569747925
0,0,4.460465788724832e-05
0,0,0.03192600607872009
0,0,0.000505956937558949
0,0,0.026608306914567947
0,0,0.0002722109202295542
1,1,0.9999995231628418
1,1,0.9486659169197083
0,0,0.0011141679715365171
0,0,0.09509555250406265
1,1,0.9730239510536194
1,1,0.9923557043075562
1,1,0.9991704225540161
1,1,0.9941913485527039
1,1,0.970905601978302
1,1,0.9461959600448608
0,0,0.0011793228331953287
0,0,8.102881565719144e-07
0,0,0.00030902994330972433
0,0,3.5311637475388125e-05
0,0,0.0047441753558814526
0,0,0.0008034310303628445
0,0,8.279898793261964e-06
1,0,0.08039458096027374
1,1,0.9976656436920166
1,0,0.405357301235199
0,0,0.08982650190591812
1,1,0.9988150596618652
0,0,1.4520971490128431e-05
1,1,0.9941218495368958
0,0,0.1835869997739792
1,1,0.6463832259178162
1,1,0.9998534917831421
0,0,3.6998851555836154e-06
1,1,0.9993902444839478
0,0,0.006641663145273924
0,0,0.0031359833665192127
0,0,0.00027060683351010084
0,0,0.00025439567980356514
0,0,0.04660369083285332
0,0,0.014781358651816845
1,1,0.9987412095069885
0,1,0.9760053753852844
1,1,0.9892374277114868
0,0,0.005054892040789127
1,1,0.9809393882751465
0,0,0.058554671704769135
0,0,0.39204415678977966
0,0,0.06495502591133118
0,0,0.1806163489818573
0,0,0.01067137811332941
1,1,0.9835209846496582
1,1,0.9999837875366211
1,1,0.7408029437065125
0,0,0.261313796043396
0,0,0.002832267200574279
1,1,0.9645122289657593
1,1,0.9747551083564758
0,0,0.3670850396156311
0,0,0.028952108696103096
1,1,0.9910872578620911
1,1,0.995144248008728
0,0,0.006775745656341314
0,0,5.063737989985384e-05
1,1,0.9623395204544067
0,0,3.7000967267886153e-07
0,0,0.05842460319399834
0,0,3.5154323995811865e-05
1,1,0.9726359844207764
0,0,1.7402629964635707e-05
0,0,1.222756145580206e-05
0,0,6.208950071595609e-05
0,0,0.004043187480419874
1,1,0.9977176189422607
0,0,0.00015587129746563733
1,1,0.9910629987716675
0,0,0.11296554654836655
1,1,0.9679808020591736
1,1,0.9396460056304932
0,0,0.002290644682943821
0,0,0.03980681672692299
1,1,0.9994433522224426
1,1,0.9577810168266296
0,0,0.10028660297393799
0,0,0.1806228905916214
0,0,7.366358477156609e-05
1,1,0.9559893608093262
1,1,0.8832718133926392
0,0,0.10704057663679123
0,0,0.10324843972921371
1,1,0.9992146492004395
1,1,0.9998863935470581
0,0,0.24880872666835785
0,0,0.1803705096244812
0,1,0.5361693501472473
1,1,0.9983705878257751
0,0,0.006053177174180746
0,0,0.0003958664310630411
0,1,0.6455553770065308
0,0,0.005865291226655245
0,0,5.5486965720774606e-05
0,0,0.3501814603805542
1,1,0.9995872378349304
0,0,0.27741438150405884
1,1,0.8231624364852905
0,0,0.006118180695921183
1,1,0.9948425889015198
0,0,0.017654890194535255
1,1,0.9086545705795288
0,0,0.006927718408405781
1,1,0.9999966621398926
1,1,0.9999337196350098
0,0,0.025471989065408707
1,1,0.9984708428382874
0,0,3.6800631733058253e-06
1,1,0.9955524802207947
1,1,0.9986281394958496
1,1,0.9781548380851746
1,1,0.9960474371910095
1,1,0.9888262748718262
0,0,0.2581457495689392
0,0,0.15115228295326233
1,1,0.9996139407157898
0,0,0.0012895315885543823
1,1,0.9978663325309753
1,1,0.9397947788238525
0,0,0.04524397477507591
1,1,0.9996376037597656
1,1,0.9999860525131226
0,0,0.3814237415790558
0,0,0.012896358966827393
1,1,0.699096143245697
0,1,0.8759415745735168
0,0,0.022072328254580498
1,1,0.9976898431777954
1,1,0.9982907176017761
1,1,0.981349766254425
0,0,0.11999235302209854
0,0,0.00047613767674192786
0,0,0.05618898943066597
0,1,0.6925256848335266
1,0,0.3451277017593384
0,0,2.356406866965699e-06
0,1,0.6563166975975037
1,1,0.9907434582710266
1,0,0.08700703084468842
1,1,0.9955358505249023
0,0,0.00011833586177090183
0,0,0.0009722789982333779
1,1,0.9998199343681335
0,0,2.0734587451443076e-05
0,0,0.0011566508328542113
0,0,8.188121137209237e-05
0,0,9.497999417362735e-05
0,0,0.08356508612632751
0,0,0.06576042622327805
1,1,0.9944222569465637
1,1,0.9987976551055908
0,0,0.0047014146111905575
0,0,0.03021213971078396
1,1,0.66411954164505
1,1,0.999929666519165
1,1,0.9509148001670837
1,1,0.9999679327011108
1,1,0.8160973787307739
0,0,0.0008290300611406565
0,0,0.014302275143563747
1,1,0.7268444299697876
1,1,0.8813190460205078
0,0,0.001025158679112792
1,1,0.9987533092498779
0,0,0.13396009802818298
1,1,0.8887844681739807
0,0,0.004484895616769791
1,1,0.8228296041488647
1,1,0.9519574642181396
1,1,0.9958791732788086
0,0,0.0001960160443559289
0,0,0.0015411297790706158
0,0,0.011438141576945782
0,0,0.02544449083507061
1,1,0.9981732368469238
1,1,0.9897465705871582
0,0,0.03395041078329086
0,0,0.00016120114014483988
1,1,0.6881446838378906
1,1,0.807691216468811
0,0,0.00323021924123168
0,0,0.04447900131344795
0,1,0.8497701287269592
1,1,0.9988447427749634
1,1,0.99945467710495
0,0,0.053269822150468826
1,1,0.9917845726013184
0,1,0.5202243328094482
0,0,0.08523057401180267
1,1,0.9092605710029602
1,1,0.9998151659965515
0,0,0.001975155435502529
0,0,3.8125424907775596e-05
0,0,0.02174440398812294
1,1,0.5058915019035339
1,1,0.9998542070388794
1,0,0.24220216274261475
0,0,0.0028241844847798347
0,0,0.03416220471262932
1,1,0.9987890124320984
0,0,0.0004104349936824292
0,1,0.7346087694168091
0,0,2.999480557264178e-07
1,1,0.989615797996521
1,1,0.9967501163482666
0,0,0.006543909665197134
0,0,0.023712482303380966
0,0,0.029746975749731064
0,0,0.005230054259300232
1,1,0.9982215762138367
0,0,0.49279871582984924
1,1,0.9985180497169495
0,0,0.0005370521685108542
0,0,0.1930515170097351
0,0,0.0006112799746915698
1,1,0.9999288320541382
1,1,0.9942218661308289
1,1,0.9995710253715515
0,0,0.002828256692737341
0,0,0.016564583405852318
0,0,0.2328553944826126
0,0,0.002717300085350871
0,0,0.0001379934255965054
1,0,0.011227084323763847
1,1,0.9994010925292969
1,1,0.999264657497406
0,0,0.026390982791781425
0,0,0.000977609772235155
0,0,0.0049681346863508224
1,1,0.9962312579154968
1,1,0.9998008608818054
1,1,0.9991459846496582
1,1,0.9432807564735413
0,1,0.5243978500366211
0,0,0.022875526919960976
0,0,0.02109004184603691
1,0,0.21632197499275208
1,1,0.9950457811355591
0,0,3.9369195292238146e-05
1,1,0.9987640380859375
1,1,0.9803465604782104
0,0,3.311374894110486e-05
1,1,0.9601970911026001
1,0,0.19002391397953033
0,0,1.3211895293352427e-06
0,0,5.803823569294764e-06
0,1,0.8924453854560852
1,1,0.9183565974235535
0,1,0.7082836031913757
1,1,0.9968640804290771
1,1,0.9998144507408142
1,1,0.9888760447502136
1,1,0.9894160628318787
0,0,0.00217586662620306
0,0,0.005089480429887772
1,1,0.9967812299728394
0,0,4.711645487986971e-06
0,0,0.041462492197752
0,0,0.0001620179828023538
1,0,0.4251282811164856
0,0,0.3526495099067688
1,1,0.9911265969276428
1,1,0.9989914298057556
1,1,0.9960256814956665
0,0,0.30953940749168396
1,1,0.9875045418739319
1,1,0.9997208714485168
1,1,0.9992433786392212
0,0,9.01404746400658e-06
1,1,0.9989064931869507
0,1,0.5444936156272888
0,0,0.0019488391699269414
1,1,0.9998143315315247
0,0,0.482820987701416
0,0,0.0347290076315403
0,0,0.0016296121757477522
0,0,0.00022994478058535606
0,0,0.004968476481735706
1,1,0.9842796325683594
0,1,0.571371853351593
0,0,0.0006053079850971699
0,1,0.9696735143661499
0,0,0.018269656226038933
0,0,6.703244434902444e-05
0,0,0.00019447146041784436
0,0,0.008427505381405354
0,0,0.035762883722782135
0,0,0.019529642537236214
0,0,0.0005364479147829115
0,0,0.013257496058940887
0,0,0.007576348725706339
0,0,0.03505346551537514
0,0,0.13792242109775543
0,0,0.0001183662170660682
1,1,0.9998160004615784
0,0,3.6228098906576633e-05
0,0,1.5831054042791948e-05
0,0,0.0005989353521727026
0,0,3.809966983681079e-06
0,0,0.00014652725076302886
1,1,0.990997314453125
1,1,0.7477765083312988
0,0,0.0001903209340525791
0,0,0.0018933446845039725
1,1,0.9965863227844238
0,0,0.001563694211654365
0,0,0.04194502532482147
0,0,0.00011558402184164152
0,0,5.2179173508193344e-05
1,0,0.05731356516480446
1,1,0.9996181726455688
0,0,0.10750430077314377
1,0,0.09970534592866898
1,1,0.9998494386672974
0,0,0.006415130104869604
1,1,0.9544494152069092
1,1,0.9991310238838196
0,0,0.006358019076287746
0,0,0.003749908646568656
0,0,0.30849283933639526
0,0,3.5066499549429864e-05
0,0,0.00037905341014266014
0,0,0.1809287667274475
0,1,0.7710206508636475
1,1,0.9998990297317505
0,0,0.15936623513698578
1,1,0.8926299810409546
1,1,0.9994280934333801
1,1,0.9950822591781616
1,1,0.9923116564750671
0,0,0.09896031767129898
1,1,0.971878707408905
1,1,0.9696555137634277
0,0,0.006957704201340675
1,1,0.999964714050293
1,1,0.9991461038589478
1,1,0.8618147373199463
1,1,0.9618029594421387
1,1,0.9661979675292969
1,1,0.9995120763778687
0,0,0.0036524932365864515
1,1,0.9989922642707825
0,0,0.0006406188476830721
0,0,0.1518346667289734
1,1,0.997589111328125
1,1,0.9962263107299805
0,0,0.04514788091182709
1,1,0.9994372725486755
1,1,0.9989535808563232
1,1,0.9998829364776611
1,1,0.7505260109901428
1,1,0.9999077320098877
1,1,0.7942992448806763
1,1,0.9934439659118652
1,1,0.9990379810333252
1,1,0.9996581077575684
1,1,0.957863986492157
0,0,0.22618471086025238
1,1,0.9957400560379028
1,1,0.9956439733505249
1,1,0.8915483951568604
1,1,0.9768698215484619
1,1,0.9962514042854309
1,1,0.9989669322967529
1,1,0.6007969975471497
1,0,0.49580663442611694
0,0,0.021728087216615677
0,1,0.9458481669425964
0,0,0.18181666731834412
1,1,0.9996507167816162
1,1,0.9978801012039185
1,1,0.9891210198402405
0,0,0.003437646431848407
1,1,0.999956488609314
0,0,0.30266204476356506
0,0,8.588676791987382e-06
0,0,0.0005893306224606931
0,0,0.054391048848629
1,1,0.9403280019760132
1,1,0.9995177984237671
1,1,0.9990137815475464
0,0,1.2877199878857937e-05
1,1,0.9997697472572327
0,0,0.0006204459932632744
0,0,0.003212466137483716
0,0,0.002732778899371624
1,0,0.4426747262477875
0,0,3.746595393749885e-05
1,1,0.9982680082321167
1,1,0.9824957847595215
0,0,1.242850430571707e-05
1,1,0.9940727353096008
0,1,0.7242676615715027
0,0,0.000448573351604864
0,0,0.041688501834869385
1,1,0.9939739108085632
0,0,9.820938430493698e-05
1,1,0.9999994039535522
1,1,0.9999958276748657
1,1,0.9957173466682434
1,1,0.8563665747642517
1,1,0.747169554233551
1,1,0.9999837875366211
1,1,0.9163029789924622
1,1,0.6243141293525696
1,1,0.9997231364250183
1,1,0.9998613595962524
0,0,0.0004965077969245613
1,1,0.9994243383407593
0,0,0.003766310401260853
1,1,0.9852108359336853
0,0,1.3681538803211879e-05
0,0,0.2796497642993927
1,1,0.9965376853942871
1,1,0.9996720552444458
1,1,0.6174144148826599
0,1,0.7171662449836731
0,0,1.3499919077730738e-05
0,0,0.025847986340522766
1,0,0.16064351797103882
0,0,0.0020202777814120054
0,0,0.0001737716665957123
0,0,0.0010125364642590284
0,0,0.00052508560474962
0,0,9.927940845955163e-05
0,0,0.011742846108973026
0,0,0.00020704515918623656
1,1,0.9988631010055542
1,1,0.9978347420692444
0,0,0.152137890458107
1,1,0.885139524936676
0,0,0.0006596642779186368
1,1,0.925757110118866
1,1,0.8760640025138855
1,1,0.995036780834198
0,1,0.6796468496322632
1,1,0.9003344774246216
0,0,0.27554142475128174
0,0,0.01032847911119461
1,1,0.9922727346420288
0,0,0.0004549974109977484
1,1,0.7580418586730957
1,1,0.8787268996238708
1,0,0.14781537652015686
1,1,0.9909144639968872
0,0,0.00030179545865394175
0,0,0.027925025671720505
0,0,2.8611539164558053e-05
0,0,6.654026947217062e-05
0,0,0.3803602457046509
0,0,0.042216815054416656
0,0,3.2946506962616695e-06
1,1,0.9511243104934692
0,0,0.007253232877701521
1,1,0.9981087446212769
0,0,5.23832454746298e-07
0,0,0.008975069969892502
0,0,0.09076432138681412
0,1,0.8406244516372681
0,0,0.426486611366272
1,1,0.9983525276184082
0,0,0.0044026621617376804
0,0,8.1396146924817e-06
0,0,1.4409865798370447e-05
1,1,0.896662175655365
1,1,0.9221128225326538
1,1,0.9995554089546204
0,0,0.27319571375846863
0,0,6.357906841003569e-06
1,1,0.9976170063018799
1,1,0.9999942779541016
1,1,0.9727553129196167
1,1,0.9899659156799316
1,1,0.8743678331375122
1,1,0.9964978694915771
0,0,0.00027683618827722967
1,1,0.8161546587944031
0,0,0.31642135977745056
0,0,0.0011858523357659578
1,1,0.9954915642738342
0,0,0.002180882031098008
0,0,0.2729118764400482
1,1,0.9985359907150269
0,0,0.2622096538543701
0,0,0.011686448007822037
1,1,0.9797247648239136
0,0,0.3417384624481201
0,0,1.027573580358876e-05
0,0,0.050911083817481995
0,0,5.280206096358597e-05
1,1,0.9999860525131226
0,0,0.0012542832409963012
0,0,0.0012343410635367036
0,0,0.0003252890892326832
1,1,0.998607337474823
0,0,0.006823178846389055
0,0,0.37124398350715637
1,1,0.7354758381843567
0,0,2.2110150439402787e-06
0,1,0.6923162341117859
1,1,0.9978645443916321
1,1,0.996404767036438
1,1,0.9229863882064819
1,1,0.9876362681388855
0,0,0.13002422451972961
1,1,0.9983915686607361
0,0,1.525033530924702e-05
1,1,0.9737623333930969
1,1,0.9998337030410767
1,1,0.9842362403869629
1,1,0.9996002316474915
1,1,0.9514582753181458
0,1,0.9336634874343872
1,1,0.9902248978614807
1,1,0.9930885434150696
0,0,0.1302577257156372
1,1,0.9976811408996582
1,1,0.858691394329071
0,0,0.0017337234457954764
1,0,0.48044729232788086
0,0,0.2759855091571808
1,1,0.9999873638153076
0,0,3.898434806615114e-05
0,0,0.000580693013034761
0,0,0.08657756447792053
0,0,0.4131588935852051
1,1,0.8139423727989197
0,0,0.36621078848838806
1,1,0.9935332536697388
0,0,0.04689496383070946
1,1,0.9999994039535522
1,1,0.9999978542327881
1,1,0.999987006187439
1,1,0.9999980926513672
1,1,0.9990248680114746
1,1,0.9992715716362
0,0,0.006315773818641901
0,0,0.00020492424664553255
1,1,0.9999324083328247
0,1,0.5853001475334167
1,1,0.9996453523635864
0,0,0.02477572299540043
0,0,2.4357314032386057e-05
0,0,0.08047467470169067
0,0,3.335003930260427e-05
0,0,7.797938451403752e-05
0,0,0.19388437271118164
1,1,0.9291955232620239
1,1,0.9998433589935303
1,1,0.99000084400177
1,1,0.9998985528945923
0,0,0.295793741941452
1,1,0.9999558925628662
1,1,0.9804572463035583
0,0,0.00010996408673236147
1,1,0.9835171103477478
1,1,0.6169005632400513
0,1,0.5401126146316528
0,0,3.619905328378081e-05
0,0,0.00361578818410635
0,0,0.14243775606155396
0,0,0.026962848380208015
1,1,0.9585942029953003
1,1,0.7890072464942932
0,0,1.431703640264459e-05
0,0,0.0014249329688027501
1,1,0.9999948740005493
0,0,0.0055161151103675365
0,0,0.13148225843906403
0,1,0.9462680816650391
1,1,0.9920828342437744
1,1,0.9975640773773193
0,0,6.912078242748976e-05
1,1,0.9999451637268066
0,0,0.0004219735274091363
1,1,0.9999603033065796
0,0,0.005722498521208763
0,0,8.753789006732404e-05
1,1,0.9671968817710876
1,1,0.9831448793411255
0,0,0.003589394735172391
1,1,0.9908722043037415
0,1,0.5240992307662964
0,0,0.3290233016014099
1,1,0.9998841285705566
1,1,0.9770788550376892
1,1,0.9938247203826904
1,1,0.9997546076774597
0,0,0.014588185586035252
0,0,0.13735753297805786
1,1,0.9992294311523438
1,1,0.9995706677436829
0,1,0.5721262693405151
1,1,0.9747892022132874
0,0,0.002886399393901229
1,1,0.996187150478363
1,1,0.8818670511245728
0,0,0.022607041522860527
0,1,0.6586008071899414
0,0,0.00012359123502392322
0,0,5.8709108685661704e-08
0,0,0.002781749004498124
0,0,7.714404637226835e-05
1,1,0.8934727311134338
1,1,0.9993863105773926
0,0,0.0024212501011788845
0,0,0.00026308451197110116
0,0,0.20374695956707
0,0,0.1685880869626999
0,0,0.004477865528315306
0,0,0.00094131741207093
1,1,0.9997193217277527
1,0,0.07882910221815109
0,0,0.035744331777095795
1,1,0.9994327425956726
0,0,0.0020644532050937414
1,1,0.9319305419921875
0,0,0.0003620558709371835
1,1,0.9989854693412781
1,1,0.957075834274292
1,0,0.07274313271045685
1,1,0.9999933242797852
1,1,0.9999853372573853
1,1,0.9621496796607971
1,1,0.9994106292724609
1,1,0.9979608058929443
0,0,0.0003100261965300888
0,0,0.0005926467129029334
0,0,0.010060529224574566
1,1,0.9999336004257202
1,1,0.9996962547302246
1,1,0.985062837600708
1,1,0.9999517202377319
0,0,8.429606532445177e-05
0,0,0.0008599934517405927
1,1,0.9659901261329651
1,1,0.9996423721313477
0,0,0.008503696881234646
1,1,0.9816616177558899
0,0,0.03475644811987877
0,1,0.6189490556716919
1,1,0.9989328980445862
1,1,0.9999394416809082
0,0,0.002207543235272169
0,0,0.07011290639638901
0,0,0.0021184124052524567
0,0,0.2248627245426178
1,1,0.9954590797424316
0,0,0.0022509603295475245
0,0,0.00011920645192731172
0,1,0.7422650456428528
0,0,0.011642439290881157
0,0,0.023733634501695633
0,0,0.0006423027953132987
0,0,0.006352289114147425
1,0,0.03681427985429764
0,0,9.115919056057464e-06
0,0,0.0002514517982490361
0,0,0.011183556169271469
0,0,0.4567359387874603
0,0,6.73923350404948e-05
0,0,0.004147307015955448
1,1,0.9987366795539856
1,1,0.9887260794639587
0,0,0.0032423168886452913
0,0,0.0104570547118783
0,0,0.00037943338975310326
1,1,0.9999783039093018
0,0,0.0013721772702410817
0,0,0.001985315466299653
1,1,0.9907037019729614
0,0,0.026192568242549896
0,0,7.530535413025063e-07
0,0,0.00010318600834580138
0,0,0.0709272250533104
1,1,0.9999523162841797
0,0,0.008525322191417217
1,1,0.9999569654464722
1,1,0.9999152421951294
1,1,0.9999974966049194
0,0,0.0007723586168140173
1,1,0.7818167805671692
1,1,0.9998947381973267
0,1,0.7127708196640015
1,1,0.9980899691581726
0,0,0.03734225779771805
1,1,0.9426406025886536
1,1,0.958746612071991
1,1,0.9918551445007324
0,0,0.02035534754395485
1,1,0.9984111785888672
1,1,0.9952532052993774
1,1,0.8955724835395813
0,0,0.03155781701207161
0,0,0.36676135659217834
1,1,0.9998239874839783
0,0,0.0011344818631187081
0,0,0.00031973718432709575
1,1,0.9654127955436707
1,1,0.9995988011360168
0,0,0.00131287204567343
1,1,0.9837501645088196
0,0,0.04147554934024811
0,1,0.9343326091766357
0,0,0.17021122574806213
0,0,0.19623969495296478
0,0,1.2317094842728693e-05
0,1,0.5699921250343323
0,0,0.02755509316921234
1,1,0.9973885416984558
1,1,0.9999902248382568
1,1,0.992870032787323
0,0,0.004914864897727966
0,0,0.0008333824225701392
0,0,0.16637316346168518
0,0,0.1150902733206749
0,0,0.0007660993724130094
0,1,0.5897257328033447
0,0,4.689326488005463e-06
1,1,1.0
0,0,0.015008374117314816
0,0,2.466575097059831e-05
1,1,0.9075986742973328
0,0,0.0001356737338937819
0,0,0.04357021674513817
0,0,0.10811910778284073
0,0,0.04532395303249359
1,0,0.06818150728940964
0,0,0.08626581728458405
0,0,0.04596584662795067
0,0,6.387785106198862e-05
0,0,0.0006210689898580313
0,0,0.00042602914618328214
1,1,0.827390193939209
1,1,0.9999663829803467
0,0,1.0050679520645645e-05
0,0,0.01339383888989687
1,1,0.8252105116844177
0,0,0.0029883659444749355
1,1,0.9954081177711487
0,0,0.00020370395213831216
1,1,0.9991275668144226
0,1,0.9735010862350464
1,0,0.4824310839176178
1,1,0.9522526860237122
0,1,0.9268805384635925
1,1,0.9983946681022644
0,0,0.0005129766650497913
1,1,0.9998466968536377
0,1,0.9913238286972046
1,1,0.9770684838294983
1,0,0.26042911410331726
0,0,0.00012532473192550242
0,0,0.00024191546253859997
1,1,0.9862908720970154
1,1,0.9818411469459534
1,1,0.9985136389732361
0,0,0.0010842217598110437
1,1,0.9997226595878601
1,1,0.9999511241912842
1,1,0.9966756105422974
0,0,0.2003106027841568
0,0,0.003310625208541751
0,0,8.501931006321684e-05
1,1,0.999953031539917
0,0,0.00013963926176074892
0,1,0.5562742352485657
1,1,0.994816243648529
0,0,0.001497540739364922
0,0,0.014260944910347462
1,1,0.9999765157699585
0,1,0.8928593397140503
0,0,0.00026510085444897413
1,1,0.9875554442405701
0,0,5.391080776462331e-06
0,0,0.0006811353377997875
0,0,0.0001557882351335138
1,1,0.996860146522522
1,1,0.9998055100440979
0,0,0.0022851640824228525
1,1,0.9916151762008667
1,1,0.992969810962677
1,1,0.9782998561859131
0,1,0.8151164650917053
1,1,0.9997584223747253
1,1,0.9875181317329407
1,1,0.8806811571121216
0,0,0.06184278056025505
0,0,0.09380178153514862
0,0,0.16955246031284332
1,1,0.9916971921920776
0,0,0.007399573922157288
0,0,0.10166257619857788
0,0,0.4901160001754761
0,0,0.05998601019382477
0,0,0.11160342395305634
0,0,0.036698803305625916
1,1,0.9775981903076172
0,0,0.04277215152978897
1,1,0.9944027066230774
1,1,0.993462085723877
1,1,0.9999972581863403
1,1,0.9994348883628845
0,0,0.001456992351450026
1,1,0.9992161989212036
1,1,0.9909681677818298
0,0,0.023460008203983307
1,1,0.9995680451393127
0,0,0.0006581571651622653
0,0,0.00010986241250066087
1,1,0.9995793700218201
1,1,0.999981164932251
1,1,0.9998052716255188
0,0,0.0010293364757671952
0,0,0.0044858455657958984
0,0,0.018128039315342903
1,1,0.9905503988265991
0,0,0.36812931299209595
1,1,0.9999805688858032
1,1,0.9992998838424683
0,0,0.22668105363845825
1,1,0.9836581349372864
1,1,0.999745786190033
0,0,0.0670565813779831
1,1,0.9852392673492432
0,0,0.0297611802816391
1,1,0.9913128018379211
0,0,0.08668822795152664
0,1,0.5861684083938599
1,1,0.8561175465583801
1,1,0.9994358420372009
1,1,0.9987500905990601
1,1,0.999347984790802
1,1,0.9999721050262451
1,1,0.6641997694969177
1,1,0.9984319806098938
1,1,0.998589813709259
1,1,0.9999980926513672
1,1,0.9521549344062805
1,1,0.9998612403869629
1,1,0.9966183304786682
1,1,0.9999967813491821
1,1,0.9980025887489319
1,1,0.9989602565765381
1,1,0.9958997368812561
1,1,0.9999992847442627
1,1,0.9995618462562561
1,1,0.9926927089691162
1,1,0.8231891989707947
1,1,0.9999903440475464
0,0,0.044698022305965424
1,1,0.9996845722198486
1,1,0.9862530827522278
0,0,9.966056495613884e-07
1,0,0.4101841449737549
1,1,0.999455988407135
1,1,0.9999982118606567
1,1,0.9994366765022278
0,0,3.916686910088174e-05
0,0,0.005578250624239445
0,0,0.11092405021190643
0,0,0.19874460995197296
1,1,0.9982056617736816
1,1,0.999562680721283
0,0,9.176180901704356e-05
0,0,7.499681942135794e-07
0,0,0.11611970514059067
1,1,0.6661203503608704
1,1,0.9999923706054688
0,0,0.008191883563995361
0,0,8.609065844211727e-05
0,0,0.005798816680908203
0,0,1.7727054455463076e-06
1,1,0.9945381283760071
1,1,0.9980192184448242
1,1,0.9939101934432983
1,1,0.9999244213104248
1,1,0.9884353876113892
1,1,0.9944785833358765
1,1,0.961306095123291
0,0,1.1428752259234898e-05
0,0,0.004485883750021458
1,1,0.999413251876831
0,0,0.0006333412020467222
0,0,0.17304493486881256
1,1,0.9995619654655457
0,0,0.3858933746814728
1,0,0.359706312417984
1,1,0.5078997015953064
1,0,0.3239544928073883
0,0,0.0007973200990818441
0,0,0.07898660004138947
1,1,0.9860690832138062
0,0,0.3774155080318451
1,0,0.15375453233718872
1,1,0.9730994701385498
1,1,0.9999774694442749
1,1,0.9968888163566589
0,0,0.02566208504140377
1,1,0.9988465309143066
0,0,0.004280931316316128
1,1,0.9999555349349976
0,0,0.0007199030369520187
0,1,0.5015228986740112
0,0,0.002692477311939001
1,1,0.9999969005584717
0,0,8.458830052404664e-06
0,0,0.006109722889959812
1,1,0.9991515874862671
1,1,0.9247159361839294
1,1,0.9815701246261597
0,0,0.023693298920989037
0,0,0.0006462833262048662
0,0,0.06428346037864685
0,1,0.8553375005722046
0,0,4.193244967609644e-05
1,1,0.9998526573181152
1,1,0.9998453855514526
1,1,0.9288095235824585
0,0,0.0005878600059077144
0,0,0.05866485834121704
1,1,0.9996676445007324
0,0,0.014223636128008366
1,1,0.7965201735496521
0,0,3.216578988940455e-05
0,0,2.469794708304107e-06
0,0,2.629344817250967e-05
0,0,0.0271135363727808
0,0,0.0001879445044323802
0,0,1.2785670151060913e-05
0,0,0.0002547843032516539
1,1,0.9858545660972595
0,0,0.3665875792503357
0,0,6.477031547547085e-06
1,1,0.9641019701957703
1,1,0.6819818019866943
0,0,0.0005605606129392982
0,0,1.3143455362296663e-05
0,0,0.009256461635231972
0,0,6.421609214157797e-06
1,1,0.9995993971824646
1,1,0.9721899628639221
0,0,0.00015477473789360374
1,1,0.9737059473991394
0,0,0.025617234408855438
0,0,4.470221028896049e-05
0,0,2.9952700060675852e-05
0,0,8.822832569421735e-06
1,1,0.9967617988586426
1,1,0.9997825026512146
0,0,0.01456849742680788
1,1,0.9966153502464294
0,0,0.00306335580535233
0,0,0.0014424483524635434
1,1,0.9992285966873169
0,0,0.12556222081184387
1,1,0.9991950392723083
0,0,0.004615945741534233
1,1,0.9982068538665771
1,1,0.9792429208755493
0,0,0.0037678959779441357
1,1,0.9981377124786377
0,0,0.0006120734615251422
0,0,0.000873747281730175
0,0,0.002544717863202095
0,0,4.498728230828419e-06
1,1,0.9957430958747864
0,0,0.030018631368875504
0,0,2.267769377795048e-05
0,0,0.023375174030661583
0,0,0.00016092421719804406
1,1,0.999562680721283
1,1,0.996769905090332
1,1,0.9998800754547119
1,1,0.9999934434890747
0,0,3.0078503186814487e-05
1,1,0.9856233596801758
0,0,2.110495370288845e-05
1,1,0.9904601573944092
0,0,0.0036205947399139404
0,0,0.009045632556080818
0,0,0.016884950920939445
0,0,0.02608596906065941
0,0,0.0003681622620206326
0,0,4.7773450205568224e-05
1,1,0.9999961853027344
1,1,0.9774683713912964
0,0,0.10323108732700348
1,1,0.999285876750946
0,0,0.006879993714392185
1,0,0.4938259720802307
1,0,0.22765792906284332
0,0,6.282080721575767e-05
0,0,0.3377401828765869
0,0,0.002409981098026037
0,0,0.008357496932148933
0,0,5.860852979822084e-05
1,1,0.9999850988388062
0,0,0.005336192436516285
1,1,0.9048200249671936
0,0,0.0020024850964546204
1,1,0.999982476234436
1,1,0.9998341798782349
1,1,0.995060384273529
0,0,0.12140978127717972
1,1,0.9987964630126953
1,1,0.9996095299720764
1,1,0.9999432563781738
1,1,0.9502416849136353
1,0,0.21682044863700867
1,1,0.9982367753982544
0,0,0.007333559449762106
1,1,0.9966105818748474
0,0,0.007315789815038443
1,1,0.9987467527389526
0,0,0.0513775572180748
0,0,0.00017021369421854615
1,1,0.9999604225158691
1,1,0.9973631501197815
0,0,0.04967246577143669
0,0,0.0022389604710042477
1,1,0.9997153878211975
1,0,0.15321458876132965
0,0,0.0008590299403294921
0,0,3.083851424889872e-06
1,1,0.9999217987060547
0,0,0.001333955442532897
0,0,0.0008072889177128673
0,0,1.1331221685395576e-06
1,1,0.9999958276748657
0,0,8.906428411137313e-05
1,1,0.9684534072875977
1,1,0.9993185997009277
0,0,0.013052953407168388
1,1,0.919788658618927
0,0,0.0004623778513632715
1,1,0.9881957769393921
0,0,0.00037419493310153484
1,1,0.9962730407714844
1,1,0.9793936014175415
0,0,0.005672610830515623
1,1,0.9985578656196594
1,1,0.9998408555984497
1,1,0.998314619064331
1,1,0.9010955095291138
1,1,0.9840846061706543
1,1,0.9992812275886536
0,0,2.69046904577408e-06
0,1,0.5004041194915771
0,1,0.9989593029022217
0,0,0.00045021576806902885
0,0,3.48917419614736e-05
1,1,0.9227244853973389
1,1,0.99901282787323
0,0,0.09337664395570755
0,0,0.0031288093887269497
0,0,0.002088989829644561
0,0,0.01987117901444435
0,0,0.00013439143367577344
1,1,0.8934102654457092
0,0,0.1005195900797844
1,1,0.9869219064712524
0,0,0.09569145739078522
1,1,0.9999905824661255
0,0,0.10614662617444992
0,0,0.025727001950144768
0,0,0.0005332070286385715
1,1,0.5048834681510925
1,1,0.998680055141449
0,0,0.0131242536008358
0,0,0.003792576026171446
1,1,0.9960499405860901
1,1,0.932470977306366
1,1,0.9819952249526978
0,0,0.000255029764957726
1,1,0.8477432727813721
1,1,0.999943733215332
1,1,0.9899019002914429
0,0,0.0027044189628213644
0,0,0.00013173511251807213
0,0,0.0013215010985732079
1,1,0.9990298748016357
1,1,0.999840259552002
0,0,0.00026589492335915565
0,0,0.0010699592530727386
0,0,0.00604753103107214
1,0,0.03705175220966339
0,0,0.00014924691640771925
1,0,0.36810946464538574
0,0,0.00012789032189175487
1,1,0.9999775886535645
1,1,0.9931322932243347
0,0,0.010804465971887112
1,1,0.782352864742279
0,0,0.0767131820321083
1,1,0.9997678399085999
0,0,0.0001475963363191113
0,0,0.00013135079643689096
1,1,0.9999860525131226
0,0,0.05696412920951843
1,0,0.42230844497680664
1,1,0.9995055198669434
0,0,0.00037991011049598455
1,1,0.9983453750610352
0,0,0.0013486273819580674
1,1,0.9974020719528198
1,1,0.9971887469291687
1,1,0.9987174272537231
1,1,0.9988572597503662
0,0,4.101635568076745e-05
1,1,0.9998626708984375
0,0,0.00042254087748005986
0,0,2.656561548519676e-07
0,0,2.814847175613977e-05
0,0,0.009194605983793736
1,1,0.9393345713615417
1,1,0.9995558857917786
1,1,0.995116114616394
0,0,2.1259052118693944e-06
1,1,0.9998326301574707
1,1,0.9993752837181091
0,0,0.00024193739227484912
0,0,6.17823752691038e-05
1,1,0.9985241293907166
0,0,0.17797018587589264
1,1,0.9985136389732361
1,1,0.9890857338905334
0,0,0.04024038091301918
1,1,0.9614877104759216
0,0,0.0009330991306342185
1,1,0.9980098605155945
0,0,0.00038161411066539586
0,0,0.003538652788847685
0,0,1.0636513252393343e-05
0,0,1.2817399692721665e-05
1,1,0.9767508506774902
1,1,0.8395859599113464
0,0,0.011227438226342201
0,0,0.013215134851634502
1,1,0.9927310347557068
0,0,0.3904556334018707
0,0,0.16548824310302734
1,1,0.999613344669342
0,0,0.0048028393648564816
0,0,0.4060899317264557
0,0,0.035719145089387894
0,0,2.499617767171003e-05
0,0,8.303970389533788e-05
0,0,0.01733880676329136
0,0,0.0001892478612717241
1,1,0.9984691739082336
0,0,0.00012481976591516286
1,1,0.991193950176239
1,1,0.9998689889907837
0,0,0.0014300313778221607
0,0,0.004277859348803759
0,0,0.006100643891841173
1,1,0.9998778104782104
1,1,0.9394597411155701
1,1,0.999966025352478
0,0,0.02712632529437542
0,0,4.526705015450716e-05
1,1,0.9972111582756042
0,0,0.0004764834011439234
0,0,1.388742293784162e-05
0,0,0.10731416940689087
0,0,0.0005336732137948275
1,1,0.9999933242797852
0,0,1.460247744944354e-06
0,0,0.00011596268450375646
1,1,0.9999858140945435
0,0,0.19778336584568024
1,1,0.9993394017219543
1,1,0.9999868869781494
1,1,0.8199018836021423
1,1,0.9674081802368164
0,0,7.784608897054568e-06
1,1,0.9870377779006958
0,0,0.02310335822403431
1,1,0.738966703414917
0,0,0.016006555408239365
0,0,0.029423458501696587
0,0,8.478039603687648e-07
0,0,0.0010443257633596659
0,0,0.0035732060205191374
0,0,0.0015271221054717898
1,1,0.9817752838134766
0,0,0.01265496015548706
0,0,0.02124251239001751
0,0,0.043898213654756546
0,0,0.0017585760215297341
0,0,0.0003317343653179705
0,0,0.0012986703077331185
0,0,0.16681723296642303
0,0,0.0003071735263802111
0,0,0.04941846802830696
0,0,0.44878774881362915
1,1,0.976047158241272
0,1,0.6872886419296265
0,0,1.951054400706198e-06
0,0,0.007029151078313589
0,1,0.9616912603378296
1,1,0.9723351001739502
1,1,0.9849217534065247
1,1,0.9328213930130005
1,1,0.9844114184379578
1,1,0.9127987623214722
0,1,0.6733850240707397
0,0,0.4549756348133087
0,0,0.01260812021791935
0,0,0.09222710132598877
1,1,0.9688130021095276
0,1,0.9159736037254333
0,0,0.05034717172384262
0,0,0.042111121118068695
0,0,0.005568115971982479
0,0,0.024636749178171158
0,0,0.029150336980819702
0,0,0.0238744355738163
1,1,0.9998878240585327
1,0,0.2795279622077942
0,0,0.00015816693485248834
0,0,0.12070456147193909
1,1,0.7078182697296143
0,0,0.011411183513700962
1,0,0.211920365691185
0,0,0.2221887707710266
0,0,0.016988765448331833
0,0,0.3649372458457947
1,1,0.6060345768928528
1,1,0.9878132343292236
0,0,0.029198789969086647
1,1,0.9894423484802246
1,0,0.006650502327829599
1,1,0.9980165958404541
1,1,0.9727954864501953
0,0,0.0032909829169511795
1,1,0.9213538765907288
1,1,0.9972540736198425
0,1,0.8569135069847107
1,1,0.999935507774353
1,1,0.9982927441596985
0,0,0.21054106950759888
0,0,0.023065665736794472
0,0,0.0001635719818295911
1,1,0.9645048379898071
0,1,0.8450085520744324
0,0,3.383052899152972e-05
1,1,0.8518657088279724
1,0,0.3234390616416931
1,1,0.9987998008728027
0,0,0.026367338374257088
1,1,0.9689695835113525
0,0,0.00042033393401652575
0,0,0.0012811542255803943
1,1,0.9879395961761475
1,1,0.9543617367744446
0,0,0.029265975579619408
0,0,0.40394896268844604
1,0,0.403695285320282
0,0,0.00908678863197565
0,1,0.8106432557106018
1,1,0.9998239874839783
0,0,0.0007081128424033523
1,1,0.7394526600837708
1,1,0.6152718663215637
0,0,7.171817060225294e-07
0,0,0.11145367473363876
1,1,0.9985117316246033
0,0,0.09877980500459671
0,0,7.049155829008669e-05
0,0,0.00016970546857919544
1,1,0.9668592214584351
1,1,0.992733359336853
0,0,0.02479921467602253
1,1,0.9997026324272156
1,1,0.9998306035995483
1,1,0.5670117735862732
1,1,0.9999691247940063
1,1,0.9698402285575867
0,0,0.0004852471756748855
1,0,0.2733617424964905
0,0,4.607484811458562e-07
0,0,0.00019020192848984152
0,0,1.8167160078519373e-06
0,0,0.22742395102977753
0,0,1.467483457417984e-06
1,1,0.9997976422309875
1,1,0.9937452077865601
0,1,0.9442577958106995
1,1,0.9996065497398376
0,0,0.0001437992468709126
0,0,0.0006948565132915974
0,0,0.004026738461107016
1,1,0.9998761415481567
0,0,2.8331421617622254e-06
1,1,0.97648024559021
1,1,0.98723304271698
1,1,0.9990968704223633
1,1,0.9999048709869385
1,1,0.999789297580719
0,0,5.151742516318336e-05
0,0,0.13172951340675354
0,0,0.0003946482320316136
1,1,0.8419301509857178
1,1,0.9994093179702759
0,0,0.0002907390589825809
1,1,0.8881020545959473
1,1,0.9702881574630737
0,0,0.002007229719310999
1,1,0.9999781847000122
0,0,0.049073055386543274
1,1,0.9999908208847046
0,0,0.05060102045536041
1,0,0.2930520176887512
1,1,0.9998822212219238
1,1,0.9960530996322632
0,0,0.028187574818730354
1,1,0.8205574750900269
1,1,0.9985900521278381
1,1,0.8934010863304138
1,1,0.9999978542327881
0,0,0.0015055312542244792
0,1,0.7242316007614136
0,0,0.0017139046685770154
0,0,0.07236455380916595
1,1,0.8358635902404785
0,0,4.390356843941845e-05
0,0,0.0034665833227336407
0,0,0.04881893843412399
0,0,0.0014997097896412015
0,0,0.20497839152812958
0,0,0.00529997143894434
0,0,0.0013415931025519967
0,0,0.0032631410285830498
0,0,0.0005986217875033617
0,0,1.7897458747029305e-05
1,1,0.9985294342041016
1,1,0.9987022876739502
0,0,0.379323810338974
0,0,9.116279397858307e-05
1,1,0.9999098777770996
0,0,0.010559468530118465
1,1,0.9659208059310913
0,0,0.07210196554660797
1,1,0.9873122572898865
0,0,0.0655701607465744
0,0,0.0042292773723602295
0,0,0.02173563465476036
0,0,0.0004444682563189417
1,1,0.9918402433395386
1,1,0.9639841914176941
0,0,0.00041274772956967354
0,0,0.03752555325627327
1,1,0.9999120235443115
1,0,0.1840103715658188
0,0,0.11699287593364716
1,1,0.9996234178543091
1,1,0.9825857877731323
0,0,0.027075355872511864
0,0,5.588343015006103e-07
0,0,1.3523280983918085e-07
0,0,1.8215632735518739e-06
0,0,0.028275731950998306
1,1,0.9657997488975525
0,0,1.3042852515354753e-05
1,1,0.9831708073616028
1,0,0.09947354346513748
1,1,0.9977908134460449
0,0,0.0039184605702757835
1,1,0.9955488443374634
0,0,0.0005928218015469611
1,1,0.9991372227668762
0,0,4.436552262632176e-05
1,1,0.9984996318817139
1,1,0.9988605976104736
0,0,0.001364562544040382
0,0,0.019581608474254608
0,0,4.687597174779512e-05
0,0,3.5282115277368575e-05
0,0,0.016877781599760056
1,1,0.9696372151374817
0,0,1.0394015589554328e-05
0,0,0.015221729874610901
1,1,0.8237251043319702
1,1,0.987982988357544
0,0,0.0003823908627964556
1,1,0.9401270747184753
0,0,2.561422297731042e-05
0,0,2.844306072802283e-05
1,1,0.9999921321868896
1,1,0.9994982481002808
0,0,0.007840855047106743
0,0,7.014213770162314e-05
0,0,0.0027388662565499544
1,1,0.9967881441116333
0,1,0.7205126881599426
0,0,0.0007950307335704565
1,1,0.9973084926605225
0,0,0.004077233839780092
0,1,0.7113655805587769
0,1,0.9773829579353333
0,0,1.2964499092049664e-06
1,1,0.9845596551895142
0,0,0.00015896858531050384
0,0,1.0571056009212043e-05
1,1,0.9448564052581787
0,0,0.33178943395614624
0,0,0.0021501316223293543
1,1,0.9152773022651672
1,1,0.9990473389625549
0,0,0.4058248698711395
1,1,0.9997072815895081
1,0,0.1014922708272934
0,0,0.013168232515454292
0,0,2.495447188266553e-05
1,1,0.9999902248382568
0,0,0.013781054876744747
1,1,0.99996018409729
0,0,0.0022332475055009127
0,0,0.0008029591990634799
1,1,0.999991774559021
0,1,0.8974578976631165
0,0,7.4282133937231265e-06
1,1,0.9990580677986145
0,0,5.563068725678022e-07
0,0,0.010761501267552376
1,1,0.9651048183441162
0,0,0.013324989937245846
0,0,0.01731213741004467
0,0,0.0025289682671427727
1,1,0.9990236759185791
1,1,0.9805818200111389
1,1,0.9880892634391785
0,0,0.0035666769836097956
0,0,2.3067583242664114e-05
0,0,0.004837357439100742
1,1,0.914194643497467
0,0,1.1099389666924253e-05
0,0,5.0499362259870395e-05
0,0,0.03464910387992859
1,0,0.47313880920410156
0,1,0.5991804599761963
1,1,0.9216016530990601
0,1,0.8766152858734131
0,0,0.039758048951625824
1,1,0.9731926321983337
1,1,0.9943081736564636
0,0,1.5589148461003788e-06
0,0,0.0007217752863653004
1,1,0.9884487986564636
1,1,0.9897476434707642
1,1,0.9625586271286011
1,1,0.9655005931854248
1,1,0.962562084197998
0,0,0.0007047221879474819
1,1,0.9967091083526611
0,0,0.0028562392108142376
0,0,0.000138234841870144
0,0,0.04396013543009758
0,0,0.0006314952624961734
0,0,0.001435714541003108
0,0,0.3314017355442047
0,0,1.3409114671958378e-06
1,1,0.9997270703315735
0,1,0.8715326189994812
0,0,0.00028787378687411547
1,1,0.9998637437820435
0,0,0.42946264147758484
1,1,0.9998087286949158
0,0,0.30360352993011475
0,0,0.4083784222602844
0,0,0.23443390429019928
1,1,0.9959088563919067
0,0,0.016893723979592323
0,0,4.676091703004204e-05
1,1,0.9963390827178955
0,0,0.00642825523391366
1,1,0.9566545486450195
0,0,2.2676071239402518e-05
0,0,3.614496745285578e-05
1,1,0.705048143863678
1,1,0.9679131507873535
1,1,0.959968626499176
1,1,0.9033840894699097
0,0,0.0065418388694524765
0,0,0.003157432423904538
0,0,0.01589287258684635
1,1,0.9992826581001282
1,1,0.9996383190155029
1,1,0.9989653825759888
0,0,0.002610983094200492
0,0,0.22533957660198212
0,0,0.10330799221992493
0,0,0.14387008547782898
0,0,7.640205876668915e-05
0,0,4.629211616702378e-05
0,0,0.00018722332606557757
1,1,0.998610258102417
0,1,0.5286596417427063
1,1,0.9816634654998779
0,0,0.277845561504364
0,0,0.005407512187957764
0,0,0.17403274774551392
0,1,0.865443229675293
0,0,0.21334148943424225
0,0,4.656676537706517e-05
0,0,0.1330585479736328
0,0,0.011115224100649357
0,0,0.3573321998119354
0,0,0.0010671238414943218
1,1,0.9931920170783997
1,1,0.9998539686203003
1,1,0.9987198114395142
0,0,0.09361278265714645
1,1,0.997835099697113
0,0,5.1633003749884665e-05
0,0,0.001126950024627149
0,0,0.00011721170449163765
0,0,0.0055479989387094975
0,0,0.002377738943323493
1,1,0.9933155179023743
0,0,7.662919961148873e-05
0,0,0.04585832357406616
1,1,0.5278827548027039
0,0,0.12724250555038452
0,0,0.0055328188464045525
0,0,0.0002714275033213198
1,1,0.9693256616592407
1,1,0.9984079003334045
1,1,0.9848109483718872
0,1,0.6876095533370972
0,0,0.21957696974277496
1,1,0.9062726497650146
1,1,0.9589385986328125
1,1,0.9790692925453186
1,0,0.004926031921058893
0,0,0.14978648722171783
0,1,0.5331074595451355
0,0,0.0037468373775482178
1,1,0.9487345814704895
0,0,0.0014083244604989886
0,1,0.7538551092147827
0,0,0.06559772044420242
1,1,0.9882531762123108
0,0,0.0049399323761463165
0,0,0.0008568264311179519
1,1,0.9996126294136047
0,0,0.0075709763914346695
0,0,2.2447295123129152e-05
0,0,0.0076539102010428905
1,1,0.9873534440994263
0,0,0.1406964659690857
1,1,0.9672926068305969
0,0,0.005099636502563953
1,1,0.8733500242233276
0,0,0.0005698009044863284
1,0,0.44855979084968567
0,1,0.5151934623718262
0,0,0.0005344006349332631
1,1,0.999874472618103
0,0,0.007973434403538704
0,0,6.698560900986195e-05
0,0,0.018027255311608315
0,0,0.0011105028679594398
0,0,0.0020904834382236004
1,0,0.08035594969987869
1,1,0.999956488609314
0,0,1.762666443028138e-06
1,1,0.7712510824203491
0,0,0.00032965108403004706
0,0,0.005237340461462736
0,0,0.002163467463105917
1,1,0.9990503191947937
0,0,0.0009181975037790835
1,1,0.9994982481002808
1,1,0.9955397248268127
0,0,0.0033065760508179665
0,0,0.00010384817142039537
1,1,0.9996781349182129
1,1,0.9723613262176514
1,1,0.9999951124191284
0,0,0.0020976138766855
0,0,0.006518628913909197
0,0,0.017151571810245514
0,0,0.0015061880694702268
0,0,0.0008350584539584816
0,0,7.0126734499353915e-06
0,1,0.8486990332603455
0,0,3.1727242458146065e-05
0,0,0.26586228609085083
0,0,0.0025388109497725964
0,0,0.000574624864384532
1,1,0.8329674005508423
0,0,0.0026811447460204363
0,0,0.10469117015600204
0,0,0.0007597538060508668
1,1,0.9999580383300781
0,0,0.03651411458849907
0,0,0.13089361786842346
0,0,2.4522050807718188e-05
1,1,0.9994568228721619
0,0,5.594240064965561e-05
1,1,0.9668539762496948
1,1,0.9920185208320618
0,0,0.13056832551956177
1,1,0.999962329864502
0,0,0.028938433155417442
1,1,0.9991841912269592
1,1,0.9999939203262329
1,1,0.9997233748435974
0,0,3.779650432989001e-05
1,1,0.9386215209960938
0,0,0.005065984092652798
0,0,0.0695885494351387
0,0,0.005231952760368586
0,0,9.052261020769947e-07
0,0,2.9820057534379885e-05
1,1,0.9923385381698608
0,0,2.27728123718407e-05
1,1,0.9999263286590576
0,0,0.0023466895800083876
0,0,0.0011982492869719863
0,0,0.04003709554672241
1,1,0.9997156262397766
1,1,0.9969545602798462
1,1,0.9996591806411743
0,0,0.05956915020942688
1,1,0.9968684315681458
1,1,0.9782701730728149
0,0,0.0003973630955442786
1,1,0.999985933303833
1,1,0.9997809529304504
0,0,0.39572447538375854
1,1,0.9996494054794312
1,1,0.9995576739311218
1,1,0.9773399233818054
0,0,0.0015701199881732464
1,1,0.9760876893997192
0,0,0.007424006704241037
1,1,0.9990276098251343
0,0,0.29129087924957275
0,0,0.013291304931044579
0,0,0.013041556812822819
1,1,0.9997557997703552
1,1,0.8714120388031006
0,0,0.06284170597791672
0,0,0.014601166360080242
1,1,0.9889889359474182
0,0,0.0011538338148966432
0,0,0.0004646145389415324
0,0,0.0006963547202758491
1,1,0.9835520386695862
1,1,0.6106246709823608
0,0,0.0034481596667319536
0,0,0.00032992460182867944
1,1,0.999505877494812
0,0,0.014561591669917107
1,1,0.9995311498641968
1,1,0.7948442101478577
0,0,0.0037507868837565184
1,1,0.8594931960105896
1,1,0.9995957016944885
0,0,0.0070706987753510475
0,0,0.0014674572739750147
0,0,1.614281427464448e-05
0,0,0.0032755285501480103
1,1,0.9959694147109985
0,0,0.00022190097661223263
1,1,0.9998528957366943
0,0,0.00023014434555079788
1,1,0.967253565788269
1,1,0.9852373003959656
0,0,0.000832315010484308
0,0,2.4679276975803077e-05
1,1,0.9896285533905029
0,0,0.00020767052774317563
0,0,0.00043353872024454176
0,0,4.6744418796151876e-05
0,0,0.0037581282667815685
0,0,0.0437883622944355
0,0,0.0008075686055235565
1,1,0.9803681373596191
0,0,0.018588943406939507
1,1,0.9957550764083862
1,1,0.9886186122894287
0,0,0.26754820346832275
0,0,0.00014611704682465643
0,0,0.0038516896311193705
1,1,0.9109408855438232
1,0,0.12601186335086823
0,0,0.021008577197790146
0,0,0.0006259453948587179
0,0,0.0008725595544092357
1,1,0.8803508281707764
1,1,0.704931378364563
0,0,0.3027534484863281
0,0,4.520329457591288e-05
0,1,0.6427707076072693
1,1,0.9599823355674744
0,0,4.5338856580201536e-05
1,1,0.9317590594291687
1,1,0.9998676776885986
0,0,0.00012509370571933687
0,0,0.32133281230926514
1,1,0.8718806505203247
1,1,0.9971686005592346
1,1,0.9995797276496887
1,1,0.9400297999382019
0,0,6.806968303862959e-05
1,1,0.9997163414955139
1,1,0.9739474058151245
1,1,0.879063069820404
0,0,0.0008478787494823337
1,1,0.9940860271453857
1,1,0.9999946355819702
1,1,0.9410185217857361
0,0,0.0001602099946467206
0,0,0.01131739653646946
1,1,0.9768869280815125
1,1,0.9999909400939941
1,1,0.9997289776802063
1,1,0.9999380111694336
0,0,2.153195509890793e-06
0,0,0.3712494969367981
0,0,0.04180177301168442
0,0,1.1004824955307413e-05
1,1,0.9997889399528503
0,1,0.9389746785163879
1,1,0.9934839606285095
0,0,0.0001883330405689776
1,1,0.991392970085144
1,1,0.9998531341552734
0,0,0.012041004374623299
1,1,0.9968409538269043
1,1,0.871821939945221
0,0,0.00010435932199470699
1,1,0.9892996549606323
0,0,0.0002307699469383806
0,0,0.01282108761370182
0,0,2.8341495635686442e-05
1,1,0.9574251770973206
0,0,0.010879741981625557
1,1,0.5304997563362122
0,0,0.05592517554759979
1,1,0.9777200222015381
0,0,0.13996398448944092
0,0,0.001537640462629497
0,1,0.5851008892059326
0,0,0.1696256697177887
1,1,0.8828233480453491
0,0,0.08057117462158203
0,0,0.1281176060438156
1,1,0.9999126195907593
1,1,0.9635448455810547
1,1,0.9987188577651978
0,0,0.00015936257841531187
1,1,0.9956252574920654
0,0,0.004357269499450922
0,0,0.0008426298154518008
1,1,0.7170240879058838
1,1,0.9999767541885376
1,1,0.9996652603149414
0,0,0.06200968101620674
1,1,0.9974725842475891
1,1,0.994653582572937
1,1,0.9840075373649597
1,1,0.9898934960365295
0,0,0.00046993079013191164
1,1,0.9924913048744202
0,0,0.47116073966026306
1,1,0.9990901947021484
1,1,0.9997788071632385
1,1,0.9992363452911377
1,0,0.09805762022733688
0,0,0.030233945697546005
0,0,0.09546395391225815
0,0,0.002747342688962817
1,1,0.9996713399887085
1,1,0.9985670447349548
0,0,0.0758979395031929
1,1,0.9979952573776245
1,0,0.18199938535690308
0,0,0.0012847889447584748
1,1,0.991441011428833
1,1,0.9990744590759277
1,1,0.9859336018562317
1,1,0.9557366967201233
0,0,0.00012438408157322556
1,1,0.9999862909317017
1,1,0.9986298084259033
1,1,0.9986233711242676
0,0,0.00014606202603317797
0,0,0.0702817514538765
0,0,0.021056711673736572
1,1,0.9954586029052734
1,1,0.9999206066131592
0,0,0.0037140375934541225
0,0,0.3402215242385864
0,0,0.01023781206458807
0,0,0.11904170364141464
0,0,0.03184335678815842
0,0,0.0001343681215075776
0,0,8.228039951063693e-05
1,1,0.9880369901657104
0,0,0.06865701079368591
0,0,0.026984913274645805
0,0,0.2789115607738495
0,1,0.7680626511573792
0,0,0.014212253503501415
1,1,0.9829680323600769
1,1,0.9987174272537231
1,1,0.998432457447052
0,0,0.0020502828992903233
1,1,0.9935603141784668
0,0,0.03717590868473053
0,0,0.00038325012428686023
1,1,0.9665158987045288
1,1,0.9683669805526733
0,1,0.8781532645225525
1,1,0.9933381080627441
1,1,0.998051643371582
1,1,0.9958996176719666
1,0,0.22453048825263977
0,0,2.380253135925159e-06
0,0,0.0014968791510909796
0,0,0.0014128636103123426
0,0,0.2899647653102875
0,0,0.28803426027297974
0,0,0.004654018674045801
0,0,0.025266652926802635
1,1,0.9493638277053833
1,1,0.9979996085166931
0,0,0.0051741823554039
0,0,0.12274817377328873
0,0,0.28984227776527405
0,0,4.4996686483500525e-05
0,0,0.0006179428892210126
0,0,0.07134775817394257
1,1,0.9993220567703247
1,1,0.9986147880554199
0,0,0.003718388034030795
0,0,0.18596282601356506
1,1,0.9970826506614685
1,1,0.9999938011169434
0,0,0.06646744161844254
0,0,4.03292824557866e-06
0,0,4.217609330225969e-06
0,0,0.06675790995359421
0,1,0.5777119994163513
1,1,0.9222046732902527
0,1,0.6652997732162476
1,1,0.9960373044013977
1,1,0.9959399700164795
1,1,0.9975766539573669
0,0,0.1760951280593872
0,0,4.9894993026100565e-06
1,1,0.9941174983978271
1,1,0.9517361521720886
0,0,0.00019410431559663266
1,1,0.9903106689453125
0,0,0.008464451879262924
0,0,0.0749097615480423
1,1,0.9998058676719666
1,1,0.9999327659606934
1,1,0.9997624754905701
1,1,0.9929473400115967
0,0,0.15149322152137756
1,0,0.3170616030693054
0,1,0.9641091823577881
1,1,0.9033177495002747
0,0,0.02102638967335224
0,0,4.751697701976809e-07
0,1,0.6990299224853516
1,1,0.9389014840126038
0,0,0.017149055376648903
0,0,0.0002940011618193239
0,0,0.012806689366698265
1,1,0.997928261756897
0,0,0.00013741804286837578
1,1,0.9997039437294006
0,0,0.00022696415544487536
0,0,0.00010580442904029042
0,0,0.004511856473982334
0,0,0.17352357506752014
1,1,0.9999898672103882
0,0,0.0016305557219311595
0,0,0.0012394912773743272
0,0,6.714383198413998e-05
1,1,0.9959398508071899
0,0,9.268201392842457e-05
1,1,0.9997978806495667
0,1,0.9456254243850708
0,0,0.010901788249611855
1,1,0.9959077835083008
1,1,0.9999583959579468
0,0,0.0067769428715109825
1,0,0.057606469839811325
0,0,0.3508380651473999
0,0,0.10596463084220886
1,1,0.9990296363830566
0,0,9.881142614176497e-05
1,1,0.9993153810501099
1,1,0.9999898672103882
0,0,0.006639380007982254
0,0,0.00026274658739566803
0,0,0.0015034934040158987
0,0,0.001986065646633506
1,1,0.9984660148620605
1,1,0.9999988079071045
1,1,0.9995809197425842
0,0,2.4161387045751326e-05
1,1,0.9949470162391663
1,1,0.9986938834190369
1,1,0.9968680739402771
1,1,0.9996393918991089
1,1,0.9903340935707092
0,0,0.4080090820789337
1,1,0.9979898929595947
1,1,0.9994939565658569
0,0,2.9340146284084767e-05
0,0,0.016833767294883728
0,0,0.00017048625159077346
1,1,0.9564453363418579
0,0,0.0002553287777118385
1,1,0.9996860027313232
1,1,0.9994934797286987
1,1,0.9893608689308167
0,0,0.17336903512477875
0,0,0.0017939908429980278
1,1,0.9999467134475708
1,1,0.9999806880950928
1,1,0.9987398982048035
1,1,0.9934772253036499
0,0,0.001002011587843299
0,0,0.0036959736607968807
0,1,0.861968457698822
0,0,0.004192808177322149
1,1,0.9976535439491272
1,1,0.9998661279678345
0,0,0.24872185289859772
0,0,0.09586463123559952
0,0,0.000790172372944653
0,0,0.00043821134022437036
0,0,0.3394037187099457
0,0,0.20565961301326752
0,0,1.318426711804932e-05
1,1,0.9918187856674194
1,1,0.9997403025627136
0,0,0.0028674532659351826
1,1,0.9999966621398926
0,0,0.0006492380052804947
1,1,0.9998983144760132
1,1,0.9586160182952881
0,0,1.5093073670868762e-06
1,1,0.9906775951385498
1,1,0.997936487197876
1,1,0.9991064667701721
0,0,0.00046731537440791726
0,0,0.34661248326301575
0,0,4.6170345740392804e-05
0,0,0.06257162243127823
0,0,0.00023318696185015142
0,0,9.605761164266369e-08
0,0,0.001409379648976028
1,1,0.7900663614273071
1,1,0.9789560437202454
0,0,0.12000776082277298
0,0,0.04435112699866295
0,0,0.0020752332638949156
1,1,0.9991241097450256
1,1,0.9857155680656433
0,1,0.8859887719154358
0,0,0.002408210653811693
0,0,0.11725268512964249
1,1,0.9996302127838135
0,0,0.0044263433665037155
1,1,0.9626442193984985
1,1,0.9653795957565308
0,0,0.2734562158584595
0,0,0.0027821180410683155
1,1,0.997772753238678
0,0,0.23390580713748932
0,0,0.0007464837399311364
1,1,0.9979288578033447
1,1,0.8099378943443298
1,1,0.5521935224533081
1,1,0.9112013578414917
0,0,0.003660825314000249
0,0,0.010343306697905064
0,0,0.014284277334809303
1,1,0.8339402079582214
1,1,0.9999366998672485
0,0,7.119000656530261e-05
0,0,0.46345973014831543
0,0,4.677092988458753e-07
1,1,0.9929191470146179
0,0,0.12516294419765472
0,0,0.06646543741226196
1,1,0.8208004832267761
0,0,0.0023396227043122053
0,0,0.010787248611450195
0,0,0.009482752531766891
0,0,3.820177516900003e-05
1,1,0.9998762607574463
1,1,0.9999908208847046
1,1,0.9971641898155212
1,1,0.9717796444892883
0,0,9.435519814360305e-07
1,1,0.986801028251648
0,0,0.0006995155126787722
0,0,0.011819049715995789
0,0,0.0005878370138816535
0,0,0.0016500799683853984
0,0,0.001711433520540595
0,1,0.6219262480735779
0,0,0.0033193756826221943
0,0,0.0035424884408712387
1,1,0.8207140564918518
1,1,0.9996893405914307
1,1,0.9984307885169983
1,1,0.9905614256858826
1,1,0.994001567363739
1,1,0.9997451901435852
1,1,0.9993461966514587
0,0,0.000153841741848737
1,1,0.9971086382865906
1,1,0.8047622442245483
1,1,0.9967369437217712
1,1,0.9757886528968811
1,1,0.9999511241912842
0,0,0.00030988434446044266
0,0,0.00981499720364809
0,0,1.3193725862947758e-05
1,1,0.9697434902191162
1,1,0.9781725406646729
0,1,0.796887218952179
0,0,0.04459013044834137
1,1,0.9996844530105591
0,1,0.9562638998031616
1,1,0.9958141446113586
0,1,0.655559778213501
0,0,0.41726553440093994
0,0,0.012286514043807983
1,1,0.9999136924743652
1,0,0.2478102743625641
1,1,0.9963337182998657
1,1,0.9732979536056519
1,1,0.9994832277297974
0,0,0.00047903507947921753
1,1,0.9994877576828003
1,1,0.9984586238861084
1,1,0.8479812741279602
0,1,0.9284704327583313
0,0,0.2510341703891754
1,1,0.999380350112915
0,0,0.0010602388065308332
1,1,0.9988219141960144
1,1,0.9581414461135864
1,0,0.18695561587810516
0,0,0.006492312531918287
0,0,0.0013882218627259135
0,1,0.9987815022468567
0,0,0.057966213673353195
0,0,0.00027782717370428145
1,1,0.989841639995575
0,0,0.09509138762950897
0,0,4.1987670556409284e-05
0,0,3.081356771872379e-05
1,1,0.9995586276054382
0,0,0.009944368153810501
1,1,0.9989952445030212
1,1,0.9995848536491394
1,1,0.828119695186615
1,1,0.9998780488967896
1,1,0.9997804760932922
0,0,0.005265028681606054
0,0,0.0002980547724291682
0,0,0.0002554924285504967
1,1,0.9573053121566772
0,0,0.0027030508499592543
1,1,0.9944716691970825
1,1,0.9270866513252258
0,0,0.02901577390730381
0,0,0.008038128726184368
1,1,0.9638752341270447
1,1,0.9996504783630371
1,1,0.9954882264137268
0,0,0.0011369296116754413
0,0,4.328984141466208e-05
1,1,0.9292910695075989
1,1,0.9897428154945374
0,1,0.9431433081626892
0,0,0.0018930203514173627
0,0,0.07715374231338501
0,0,0.002106045838445425
1,0,0.07315201312303543
1,1,0.6379141211509705
1,1,0.9999955892562866
0,0,0.4119521379470825
1,1,0.9994263648986816
0,0,0.027726706117391586
1,1,0.991689145565033
0,0,0.0006889073993079364
0,0,0.019673055037856102
0,0,0.0010420300532132387
0,0,6.080127423047088e-05
0,0,0.045900553464889526
0,0,0.001069924677722156
1,1,0.9978524446487427
1,1,0.8988091349601746
0,0,0.0008811677689664066
0,0,0.0001573363260831684
1,0,0.15417982637882233
0,0,0.03279144689440727
0,0,0.3818659484386444
0,0,9.1099354904145e-05
1,1,0.9999920129776001
0,0,0.0005890366737730801
1,1,0.998028576374054
0,0,9.307720756623894e-05
1,1,0.9919666647911072
1,1,0.9994598031044006
1,1,0.9920673370361328
0,0,0.0030523238237947226
0,0,0.010727331042289734
0,0,0.0004769283114001155
0,0,0.0020895972847938538
1,1,0.9980612397193909
1,1,0.9994840621948242
0,0,2.0189734641462564e-05
0,0,0.007022567093372345
0,0,5.552348284254549e-06
0,0,7.852407179598231e-06
1,1,0.9999940395355225
0,0,0.0637805312871933
0,0,1.707216824797797e-06
1,1,0.9995922446250916
1,1,0.9968749284744263
0,0,0.0003390749334357679
1,1,0.9989758729934692
1,1,0.9870456457138062
1,1,0.8530691862106323
0,0,0.00582005362957716
0,0,0.016865070909261703
1,1,0.9449598789215088
1,1,0.9999995231628418
0,0,0.002302877139300108
0,0,0.36891695857048035
1,1,0.9981662631034851
1,1,0.994885265827179
0,1,0.7006326913833618
0,1,0.5238129496574402
1,1,0.998691737651825
1,1,0.9996017813682556
0,0,0.0006187116377986968
0,0,0.040860384702682495
1,1,0.9990678429603577
1,1,0.9998255372047424
1,1,0.9789107441902161
1,1,0.9996341466903687
0,0,0.005337964743375778
0,0,0.3867977559566498
0,0,0.19776393473148346
1,1,0.9758360981941223
1,1,0.97227942943573
0,0,0.05968249589204788
0,0,0.0006656864425167441
1,1,0.9997022747993469
1,1,0.9999728202819824
0,0,0.31839194893836975
1,1,0.9994142055511475
0,0,0.006007538177073002
0,1,0.9468128085136414
1,1,0.9888868927955627
0,0,0.0009732882608659565
0,0,0.006721989251673222
1,1,0.8935496807098389
0,0,0.013930706307291985
1,1,0.9999985694885254
0,0,0.008863367140293121
0,0,1.0224425750493538e-05
0,0,0.002066996181383729
1,1,0.8749722838401794
0,0,0.04140935465693474
1,1,0.9295268654823303
0,0,8.066822920227423e-05
1,1,0.9960185885429382
0,0,0.00034923412022180855
1,1,0.9417911171913147
0,0,0.013310854323208332
0,0,0.004353675525635481
1,1,0.9997333884239197
1,1,0.930127739906311
1,1,0.9999392032623291
0,0,9.62517224252224e-05
0,0,0.002742023905739188
1,1,0.9671550989151001
0,0,2.4846683572832262e-06
0,0,0.050655514001846313
0,0,0.3995697796344757
1,1,0.9926090836524963
0,0,0.0014697025762870908
0,0,0.0006623431690968573
0,0,0.07461274415254593
0,0,0.07020656019449234
0,0,0.12334496527910233
1,1,0.9989954829216003
0,0,0.07420528680086136
0,0,0.03691040724515915
1,1,0.9999960660934448
1,1,0.9991195797920227
0,0,0.0009553763666190207
0,0,0.024915264919400215
1,0,0.1998220831155777
1,1,0.9103320837020874
0,0,0.0031980418134480715
0,0,0.05244368314743042
1,1,0.8784490823745728
0,0,4.508206984610297e-06
1,1,0.9970471262931824
0,0,0.03841725364327431
0,0,8.924246503738686e-05
0,0,0.0014758704928681254
0,0,0.00031704147113487124
1,1,0.8818880319595337
1,1,0.9989355206489563
1,1,0.9939775466918945
0,0,0.0023576768580824137
1,1,0.9993981122970581
1,0,0.09497738629579544
0,0,0.00041657310794107616
0,0,0.014695892110466957
1,1,0.9999610185623169
1,1,0.720447838306427
0,0,0.0008549156482331455
0,0,0.3225114643573761
0,0,0.016113998368382454
1,1,0.8513221740722656
1,1,0.8396084904670715
1,1,0.9950647950172424
0,0,0.000981439370661974
1,1,0.9996507167816162
1,1,0.997147262096405
1,1,0.9999943971633911
1,1,0.9690320491790771
0,0,0.002858570544049144
0,0,0.004895188845694065
1,1,0.5267214775085449
0,0,0.004541683476418257
0,0,0.004094998352229595
1,1,0.9883829951286316
0,0,0.013188292272388935
0,0,0.005684540141373873
0,0,9.052694076672196e-05
0,0,5.457402494357666e-06
0,0,0.13590027391910553
0,0,0.09587885439395905
0,0,1.0011210179072805e-05
0,0,5.0483089580666274e-05
1,1,0.5788520574569702
0,0,6.203286466188729e-05
0,0,0.022862160578370094
1,1,0.995169460773468
0,0,0.05556190758943558
0,0,0.017123965546488762
0,0,0.12505102157592773
1,1,0.9999297857284546
1,0,0.4736509323120117
0,0,0.05432746931910515
0,0,7.635093061253428e-05
0,0,8.396080374950543e-05
1,1,0.9819966554641724
0,0,0.0017792745493352413
0,0,0.015191081911325455
1,1,0.9090771079063416
0,0,0.3791233003139496
1,1,0.9896515011787415
0,0,0.01721426099538803
0,0,0.0014684959314763546
0,0,0.14108745753765106
1,1,0.9707880020141602
0,0,0.19765886664390564
0,0,9.560152830090374e-05
0,0,0.014636925421655178
0,0,2.5015634719238733e-07
0,0,0.06581506878137589
0,1,0.9984490871429443
0,0,0.03760197386145592
0,0,8.009472367120907e-05
0,0,9.010919711727183e-06
1,1,0.9931600093841553
0,0,0.0002512612845748663
1,0,0.04529251903295517
1,1,0.9961643218994141
1,1,0.9901221394538879
0,0,0.007734703831374645
0,0,0.002997924108058214
0,0,0.19121937453746796
1,1,0.9998583793640137
0,0,0.02803078293800354
1,1,0.9997888207435608
1,1,0.9961358904838562
1,1,0.9983367919921875
1,1,0.999880313873291
0,0,0.005977136082947254
1,1,0.999994158744812
0,1,0.9591412544250488
0,0,0.00028681059484370053
0,0,0.011190026998519897
1,1,0.9998613595962524
1,1,0.9965020418167114
1,1,0.9936507344245911
1,1,0.9953839182853699
0,0,0.005727044772356749
0,0,8.960454579209909e-05
0,0,0.08063024282455444
0,0,0.25327128171920776
1,1,0.9999294281005859
0,0,0.03558436781167984
0,0,0.014304090291261673
1,1,0.9984922409057617
0,0,0.006617724429816008
1,1,0.9998940229415894
0,0,0.11873700469732285
1,1,0.9998984336853027
1,1,0.9998676776885986
1,1,0.9949846267700195
1,1,0.9957782030105591
1,1,0.999496579170227
1,1,0.9809520840644836
0,0,0.01730317622423172
0,0,9.472076635574922e-05
1,1,0.8188714385032654
1,1,0.9989327788352966
1,1,0.8845188021659851
0,0,0.0016091287834569812
1,1,0.9995232820510864
0,0,4.0549107183096567e-08
1,1,0.9376830458641052
0,0,1.3251365089672618e-05
1,1,0.9999676942825317
0,0,0.01167366188019514
1,1,0.9995181560516357
0,0,0.0002862945257220417
0,0,0.10213068127632141
0,0,0.027189459651708603
0,0,0.010861651971936226
0,0,0.02712467685341835
0,0,0.07903923839330673
1,1,0.9947086572647095
1,1,0.9997442364692688
0,0,0.05562847852706909
0,0,0.004461450967937708
1,1,0.9998843669891357
0,0,0.0012250784784555435
0,0,7.976111373864114e-05
1,1,0.9998482465744019
0,0,0.040617141872644424
0,0,0.0020429950673133135
1,1,0.9999384880065918
0,0,0.00013160804519429803
0,0,0.012605128809809685
1,1,0.99937504529953
1,1,0.9106214046478271
1,1,0.9991496801376343
1,1,0.9999922513961792
1,1,0.9523307085037231
0,0,0.011751912534236908
1,1,0.9995481371879578
0,0,0.0001155207646661438
0,0,0.0022482406347990036
0,0,0.13684546947479248
0,1,0.6405470371246338
0,1,0.6394591331481934
1,1,0.9999222755432129
1,1,0.994536817073822
0,0,0.00011042286496376619
0,0,0.016400132328271866
0,0,0.0003224186657462269
0,0,0.003585814731195569
0,1,0.7356577515602112
1,1,0.9431944489479065
0,0,0.08404086530208588
0,0,0.0014173985691741109
0,0,0.00031565921381115913
0,0,0.001204483094625175
0,0,0.05875830352306366
0,0,2.0069239326403476e-05
0,0,0.0011133537627756596
0,0,0.2403615564107895
0,0,0.203957200050354
0,0,0.0012781937839463353
0,0,0.025481482967734337
0,0,3.7848589272471145e-05
0,0,0.2023421674966812
0,0,3.391131031094119e-05
1,1,0.9994935989379883
0,0,0.0013234112411737442
0,0,1.2063608210155508e-06
1,1,0.7876109480857849
1,1,0.9182931780815125
0,0,0.0029761982150375843
1,1,0.9952762126922607
1,1,0.5125619173049927
0,0,0.00434261467307806
1,1,0.9985265731811523
0,0,4.337211066740565e-05
1,1,0.9999123811721802
1,1,0.999695897102356
1,1,0.9979045391082764
1,1,0.570299506187439
1,1,0.99796462059021
1,1,0.9901700615882874
0,0,0.019721312448382378
1,0,0.401172012090683
1,1,0.8826152086257935
0,0,0.1518300622701645
0,0,0.01282062940299511
1,1,0.9215913414955139
1,1,0.9931828379631042
0,0,0.041368186473846436
0,0,0.019280720502138138
1,1,0.9995087385177612
0,0,3.276857387390919e-05
0,0,0.47874194383621216
1,1,0.7750436067581177
0,0,0.0002567627525422722
1,1,0.9677407145500183
0,0,3.166171518387273e-05
1,1,0.9426296949386597
1,1,0.9999330043792725
1,1,0.9999750852584839
0,0,0.0020535707008093596
1,1,0.9971122741699219
0,1,0.6550837159156799
1,1,0.9992082715034485
1,1,0.9988710284233093
1,1,0.9969837069511414
0,0,0.00041010056156665087
0,0,0.0005745164235122502
0,0,0.047073278576135635
0,0,0.002607632428407669
0,1,0.6760753989219666
0,0,0.00010701321298256516
0,0,0.0013768236385658383
0,0,0.043812137097120285
1,1,0.9907981157302856
0,1,0.6732481122016907
1,1,0.9961244463920593
0,0,0.007473273668438196
0,0,0.01986098475754261
0,0,0.0021955412812530994
1,1,0.9949352145195007
0,0,0.0025882464833557606
0,0,0.09346997737884521
1,1,0.999566376209259
0,0,0.31334829330444336
1,1,0.9662327766418457
1,1,0.9997386336326599
0,1,0.5114786624908447
0,0,0.013579810969531536
0,0,0.0025875375140458345
0,0,0.04323384165763855
0,1,0.5085108280181885
0,0,0.00020379488705657423
0,0,0.001034471089951694
1,1,0.9999679327011108
1,1,0.9965123534202576
0,0,3.4803883863787632e-06
0,0,0.00024304182443302125
0,0,0.2803725004196167
1,1,0.9831002950668335
1,1,0.9972400665283203
0,1,0.8136718273162842
1,1,0.9816464781761169
1,1,0.9996888637542725
1,1,0.8457627296447754
1,1,0.9432894587516785
0,0,3.890346761181718e-06
1,1,0.9957784414291382
1,1,0.9992901086807251
1,1,0.9994078874588013
1,1,0.9823853373527527
0,0,5.4342499424819835e-06
0,0,0.00012180701014585793
1,1,0.9977450370788574
0,0,0.0005495873629115522
0,0,8.99551305337809e-05
1,0,0.37650066614151
1,1,0.8264530897140503
1,1,0.9685577750205994
1,1,0.9996498823165894
0,1,0.9035207033157349
0,0,0.0006492692045867443
1,1,0.991509199142456
1,1,0.9603660106658936
1,1,0.9844616055488586
1,1,0.9771494269371033
1,1,0.9984608888626099
0,0,0.003446152899414301
0,0,0.00021239626221358776
0,0,0.012820490635931492
1,1,0.972047746181488
0,0,0.0001431398413842544
0,0,0.001348156132735312
1,1,0.9996638298034668
1,1,0.6815173029899597
0,0,0.110712930560112
0,0,0.003432188183069229
1,0,0.025985313579440117
0,0,0.03798376023769379
0,0,0.0030133689288049936
0,0,0.03885309770703316
1,1,0.9982795715332031
1,1,0.9886729121208191
0,0,0.057674624025821686
1,1,0.9935874938964844
0,0,0.00012037097621941939
1,1,0.9950684309005737
0,0,0.06868883222341537
0,0,0.2662883698940277
1,1,0.9522011280059814
1,1,0.9781836867332458
1,1,0.8878058195114136
1,1,0.9997972846031189
1,1,0.9999313354492188
1,1,0.9977871179580688
1,1,0.9913747906684875
1,1,0.9998444318771362
1,0,0.016865665093064308
0,0,0.00020380014029797167
1,1,0.9999872446060181
0,0,0.00040189517312683165
1,1,0.9966349005699158
0,0,0.15052586793899536
0,0,0.027882501482963562
1,0,0.336189866065979
0,0,0.22704151272773743
0,0,0.12310372292995453
1,1,0.9983997941017151
1,1,0.9894105792045593
1,1,0.9974814057350159
1,1,0.8860541582107544
1,1,0.9950228929519653
0,1,0.6961873173713684
0,0,0.05801265686750412
0,0,0.0469193160533905
1,1,0.9937073588371277
1,1,0.9166145324707031
0,0,0.07037841528654099
0,0,0.004852835088968277
0,0,0.016795556992292404
1,1,0.954252302646637
1,1,0.9999116659164429
1,1,0.999221682548523
0,0,0.00035112869227305055
1,1,0.968735933303833
0,0,0.0007009495166130364
1,1,0.999951958656311
0,0,0.020288461819291115
0,0,0.36469054222106934
1,1,0.9953721165657043
0,0,0.0009959675371646881
0,0,0.00039998680585995317
1,1,0.9995057582855225
0,0,0.018349837511777878
1,1,0.9997977614402771
0,0,5.6109201977960765e-05
1,1,0.9569177627563477
1,1,0.9937050938606262
0,0,0.000814323197118938
0,1,0.9828765988349915
0,0,0.10474826395511627
1,1,0.9998205304145813
0,0,0.00022777212143409997
0,0,0.0007854425348341465
0,0,0.00019375777628738433
0,0,0.005812972318381071
0,0,0.0027687291149049997
0,0,0.027702251449227333
1,1,0.9998327493667603
1,0,0.05705416575074196
0,0,0.26175934076309204
0,0,0.11148353666067123
0,0,0.00041149332537315786
1,1,0.9945170283317566
1,1,0.9999608993530273
0,0,0.0691286027431488
0,0,0.007163232658058405
1,1,0.9991845488548279
0,0,0.03729748725891113
1,1,0.9999357461929321
1,1,0.6780028343200684
1,1,0.8364760875701904
0,0,0.0008406914421357214
0,0,0.002404929604381323
0,0,0.005876119248569012
1,1,0.5883008241653442
0,0,0.01696530543267727
0,0,0.008717933669686317
1,1,0.9982670545578003
1,1,0.9990450739860535
0,0,0.008188688196241856
0,0,0.005196617916226387
0,0,0.001694539445452392
1,1,0.9931260347366333
1,1,0.9999570846557617
0,1,0.676898181438446
1,1,0.6822375655174255
0,0,0.020709741860628128
1,1,0.7581642270088196
0,0,0.003115752013400197
0,0,0.004802721086889505
0,0,0.04053548723459244
1,1,0.9989546537399292
0,0,0.12043458223342896
1,1,0.9925172328948975
0,0,0.0025914970319718122
0,0,0.012889070436358452
1,1,0.9987969398498535
0,0,0.10957705974578857
0,0,1.0048973990706145e-06
0,0,2.8820844818255864e-05
0,0,0.016393180936574936
0,0,0.2211637943983078
0,0,2.8342901714495383e-05
1,1,0.9997833371162415
0,0,0.08104707300662994
1,1,0.998964786529541
0,0,0.005418088752776384
1,1,0.9987651109695435
1,1,0.999640941619873
1,1,0.9972586631774902
0,0,0.006843084469437599
1,1,0.9975724816322327
1,1,0.9999599456787109
0,0,7.784638728480786e-05
0,0,0.10543248802423477
0,0,0.00043193154851906
0,0,0.04477444663643837
1,1,0.9208269119262695
0,0,4.629555760971016e-08
0,0,0.00016136906924657524
0,0,0.02072134055197239
0,0,0.00010021651542047039
0,0,0.0024706737603992224
1,1,0.9999191761016846
0,1,0.9667766690254211
0,0,0.00016862766642589122
0,0,0.08137844502925873
0,0,0.22267237305641174
0,1,0.9663305282592773
1,1,0.9979180693626404
0,0,0.00022305920720100403
1,1,0.9425359964370728
1,1,0.9999682903289795
0,0,0.00020728021627292037
1,1,0.9944325089454651
1,1,0.9998503923416138
1,1,0.9471656084060669
1,1,0.9997950196266174
1,1,0.9996695518493652
0,0,0.00939249712973833
0,0,7.415038271574304e-05
0,0,0.0002718146424740553
0,0,0.08886933326721191
1,1,0.8399522304534912
1,1,0.9996762275695801
1,1,0.9909738898277283
1,1,0.9992445707321167
0,0,0.0015201421920210123
0,0,6.606744864257053e-05
0,0,0.0013122251257300377
0,0,0.0010192162590101361
0,0,0.0005090291379019618
0,0,6.54576433589682e-05
0,0,2.203174744863645e-06
0,0,1.2183504622953478e-06
0,0,0.003646570723503828
1,1,0.984583854675293
0,0,0.00018855028611142188
0,0,0.00012973160482943058
0,0,0.015667686238884926
1,1,0.9964450001716614
0,0,0.0006370640476234257
0,0,0.006482809782028198
0,0,0.015592793934047222
1,1,0.9218622446060181
0,0,0.30451902747154236
1,1,0.9908242225646973
1,1,0.9921923279762268
0,0,3.0123369469947647e-06
0,0,0.002090984024107456
0,0,0.011343549005687237
0,0,0.005366761237382889
1,1,0.9984059929847717
1,1,0.9982700347900391
1,1,0.9980740547180176
1,1,0.961138129234314
0,0,0.1601199209690094
1,1,0.9966652989387512
0,0,0.059319909662008286
1,1,0.9552674889564514
0,1,0.9723289012908936
1,1,0.9998728036880493
1,1,0.9998588562011719
1,1,0.9914790987968445
0,0,0.0003743479901459068
0,0,0.002654071431607008
1,1,0.8810381889343262
0,0,8.422775863436982e-05
1,0,0.0022693120408803225
1,1,0.9997827410697937
0,0,0.006469895597547293
0,0,0.17739219963550568
1,1,0.9982263445854187
0,0,0.0005997744738124311
0,1,0.5099738836288452
1,1,0.8115312457084656
0,0,6.562176713487133e-05
0,0,0.2892657518386841
0,0,3.3758026347641135e-06
0,0,0.0023463794495910406
0,0,0.04389131814241409
0,0,4.806219294550829e-06
0,0,0.450851172208786
0,0,0.009177319705486298
0,0,0.0010702788131311536
0,0,0.00017712202679831535
0,0,1.0036829735327046e-05
1,1,0.9643866419792175
1,1,0.8081908226013184
1,1,0.8544220328330994
1,1,0.9944688081741333
0,0,7.220574843813665e-06
0,1,0.9463889598846436
0,0,0.04724050685763359
0,0,0.024533184245228767
0,0,0.1907396912574768
0,0,0.0028526221867650747
1,1,0.9999548196792603
0,0,0.004891856573522091
0,0,0.022019632160663605
1,1,0.989543080329895
0,0,0.08234935253858566
1,1,0.9981343150138855
1,1,0.9991921782493591
0,0,0.046510498970746994
1,0,0.32855769991874695
1,1,0.9979654550552368
1,1,0.9989883303642273
0,0,0.0005076048546470702
1,1,0.9793014526367188
0,0,1.2413034710334614e-05
0,0,0.00010113052121596411
0,0,0.16459719836711884
1,1,0.9995204210281372
0,0,0.2149249166250229
0,0,0.00037687530857510865
0,0,0.0021758468355983496
0,0,0.049845315515995026
1,1,0.999704897403717
0,0,0.0002347525442019105
1,1,0.9897692203521729
1,1,0.9966193437576294
0,0,0.002974185161292553
0,0,0.02802579663693905
1,1,0.9926156997680664
1,1,0.998548686504364
0,0,0.00012962365872226655
1,1,0.5614776015281677
1,1,0.9992565512657166
1,1,0.9998032450675964
0,0,0.08262236416339874
1,1,0.9970059990882874
1,1,0.8368565440177917
0,0,0.0013559547951444983
1,1,0.997225284576416
1,1,0.539808452129364
0,0,0.14544185996055603
0,0,0.22380784153938293
1,1,0.9469924569129944
0,0,4.744424586533569e-05
1,1,0.9869368672370911
1,1,0.9828570485115051
0,0,0.0011487724259495735
1,1,0.9400690197944641
1,1,0.9830588102340698
0,0,0.14319846034049988
0,0,5.82791699343943e-07
1,1,0.9844682812690735
1,0,0.4507857859134674
0,0,6.6603138293430675e-06
0,0,0.001224517822265625
0,0,0.4771251380443573
0,0,1.6478630641358905e-05
0,0,0.002388369059190154
1,1,0.955407440662384
0,0,0.00014509184984490275
0,0,0.0030688096303492785
0,0,0.0029178953263908625
0,0,0.036050453782081604
0,1,0.5711700916290283
1,1,0.9866780042648315
0,0,8.280990732600912e-05
0,0,0.0020130493212491274
0,0,0.045767463743686676
1,1,0.9996434450149536
0,0,0.016126908361911774
1,1,0.9996939897537231
0,0,0.11511563509702682
0,0,0.0005229515372775495
1,1,0.9996848106384277
1,1,0.9999995231628418
1,1,0.99894779920578
1,1,0.9752403497695923
1,1,0.9761037230491638
0,0,3.3792930480558425e-05
1,1,0.9890351891517639
1,1,0.9998407363891602
1,1,0.9999696016311646
0,0,0.012642133049666882
1,1,0.9982407093048096
0,0,0.23482467234134674
1,1,0.9844874739646912
1,1,0.9988927245140076
1,1,0.9917678833007812
1,1,0.9811772108078003
0,0,0.00042771626613102853
1,1,0.9929019808769226
1,1,0.9999253749847412
0,0,4.786524732480757e-05
1,1,0.9993575215339661
0,0,8.837325731292367e-05
0,0,0.0030460332054644823
0,0,0.2679509222507477
0,0,0.017459942027926445
0,0,0.33629369735717773
0,0,0.0014581207651644945
0,0,0.13134253025054932
1,1,0.9994753003120422
0,0,0.0003079775779042393
1,1,0.9974232912063599
1,1,0.9999961853027344
0,0,0.0015115150017663836
1,1,0.9990010857582092
0,0,0.03418949618935585
1,1,0.9895306825637817
0,0,0.00613432889804244
1,1,0.9929089546203613
0,0,0.0002860435051843524
0,0,0.1439400017261505
0,0,1.9883895220118575e-05
1,0,0.45026037096977234
1,1,0.9843266606330872
1,1,0.9986562728881836
0,1,0.83199143409729
0,0,2.6308420274290256e-05
0,0,0.0225005354732275
0,0,0.0018531555542722344
0,0,0.0008936566882766783
0,0,3.4424272598698735e-05
1,1,0.9999440908432007
0,0,0.007338340859860182
0,0,0.06839606165885925
1,1,0.9982588887214661
0,0,0.0004002409987151623
1,1,0.997344434261322
1,1,0.9943214654922485
0,1,0.879385232925415
0,0,7.973061292432249e-05
1,1,0.9265018701553345
1,1,0.5294453501701355
0,0,9.466912160860375e-05
0,0,0.006805349141359329
0,0,0.006089040543884039
0,0,2.573220626800321e-05
1,1,0.9999582767486572
0,0,0.009582112543284893
0,0,0.0023788579273968935
1,1,0.9979166388511658
1,1,0.6910079121589661
0,0,0.0016969635616987944
0,0,0.4039513170719147
1,1,0.9998854398727417
0,0,0.015045116655528545
0,0,0.002217364264652133
0,0,0.0004200219118501991
1,1,0.7643339037895203
0,0,0.00520461518317461
1,1,0.9916086792945862
1,1,0.91988205909729
0,0,0.00021853920770809054
1,1,0.9999837875366211
1,1,0.9442390203475952
0,1,0.5175386071205139
1,1,0.9998216032981873
0,0,0.005920493975281715
0,0,8.427806278632488e-06
0,0,0.002465425059199333
0,1,0.9491310119628906
1,1,0.999349057674408
0,0,0.0004365432250779122
0,0,0.01039304118603468
0,0,0.003340440336614847
0,0,0.13988278806209564
0,0,1.2330211802691338e-06
1,1,0.9967489242553711
1,1,0.9956718683242798
0,0,0.39931371808052063
0,1,0.8718624711036682
1,1,0.9942885637283325
0,0,0.001795363612473011
1,1,0.9841153621673584
0,0,0.000195745233213529
0,0,0.028567934408783913
0,0,5.946048531768611e-06
0,0,0.35420382022857666
0,0,0.0011960775591433048
1,1,0.991298496723175
1,1,0.9996683597564697
1,1,0.9977672100067139
1,1,0.8965275287628174
1,1,0.9999537467956543
1,1,0.9540465474128723
0,0,0.007195181213319302
1,0,0.48089563846588135
1,1,0.9989663362503052
0,0,0.039474308490753174
0,0,0.10427425801753998
0,0,0.0002482229901943356
0,0,9.668610437074676e-05
1,1,0.9989184141159058
0,0,0.027048174291849136
1,1,0.9995943903923035
1,1,0.999346911907196
0,0,0.0003608852857723832
0,0,0.011246304959058762
0,1,0.7265625596046448
0,0,9.128092642640695e-05
0,1,0.9137718081474304
0,0,0.2682753801345825
0,0,2.4304043108713813e-05
1,1,0.9998925924301147
0,0,0.004718105308711529
0,0,0.0018162289634346962
0,0,0.007435154169797897
1,1,0.9999682903289795
0,0,0.021272236481308937
1,1,0.9866754412651062
0,0,0.029909541830420494
0,0,9.67427058640169e-06
0,0,0.17741890251636505
0,1,0.945687472820282
1,1,0.948363184928894
0,0,0.013352716341614723
0,0,0.01988816075026989
1,1,0.5820979475975037
0,0,0.001294157118536532
0,0,4.6823653974570334e-05
1,1,0.972849428653717
0,0,2.1187694073887542e-05
0,0,0.0005491917254403234
0,0,0.002050757175311446
0,0,0.00046109085087664425
1,1,0.9998588562011719
1,1,0.9634502530097961
0,0,1.5157204416027525e-06
1,1,0.9972301125526428
0,0,0.00017113774083554745
0,0,0.1709502637386322
0,0,0.05862543731927872
0,0,0.38635507225990295
1,0,0.01716664247214794
0,0,0.22649997472763062
0,0,6.936972204130143e-05
1,1,0.9994601607322693
0,0,0.00046525828656740487
1,1,0.9999767541885376
0,0,0.0001712413941277191
1,1,0.9999921321868896
1,1,0.9985552430152893
0,0,3.3685751077427994e-07
0,0,0.004461546428501606
1,1,0.9479727745056152
0,0,0.22734834253787994
0,0,0.09069298952817917
1,1,0.9995244741439819
0,0,0.002820027759298682
0,0,0.010102768428623676
0,0,0.016370359808206558
0,0,3.6044213629793376e-05
0,0,2.341747676837258e-05
0,0,0.00046572647988796234
1,1,0.9598903059959412
0,0,4.265100506017916e-05
0,1,0.7369087338447571
0,0,0.00018034032837022096
0,0,0.017549598589539528
0,0,0.00015418110706377774
0,0,0.00014206291234586388
0,0,0.005252499133348465
1,1,0.9994542002677917
1,1,0.9999991655349731
1,1,0.9989894032478333
1,1,0.9998142123222351
1,1,0.9705823063850403
1,1,0.9855765700340271
0,1,0.6074047088623047
0,0,0.04011715576052666
0,0,0.010359901003539562
1,1,0.9434501528739929
0,0,9.728246368467808e-06
0,0,0.00050033611478284
1,1,0.9993091821670532
0,0,0.00017365007079206407
1,1,0.9999861717224121
0,0,0.0005452529876492918
0,0,0.008290543220937252
0,0,0.2823866903781891
0,0,0.0010179538512602448
0,0,0.0001592027983861044
1,1,0.9983896017074585
1,1,0.9911925196647644
1,1,0.999927282333374
0,0,0.016004258766770363
0,0,0.0005145000759512186
0,0,0.00922389142215252
1,1,0.9996974468231201
1,1,0.988012433052063
0,0,0.017557896673679352
1,1,0.9997747540473938
0,1,0.9681233763694763
0,0,8.5611900431104e-05
0,0,0.012086798436939716
0,0,1.0571599887043703e-05
0,0,0.0008803692180663347
0,0,0.004418571013957262
0,0,0.42176032066345215
1,1,0.9977681636810303
0,0,0.0006084797205403447
0,0,2.29223496717168e-06
0,0,0.002101413207128644
0,0,0.050558362156152725
0,0,0.001228571287356317
1,1,0.888654887676239
1,1,0.9995313882827759
0,0,0.0006417380063794553
1,1,0.9934096336364746
0,0,0.0031036275904625654
0,0,0.0003491066163405776
0,0,0.4444860816001892
1,1,0.9986752867698669
0,0,0.05930665135383606
1,1,0.9988258481025696
0,0,0.002802580129355192
1,1,0.9993979930877686
0,0,0.00037836673436686397
0,0,0.0071434276178479195
0,0,2.7140566089656204e-05
1,1,0.9974971413612366
1,1,0.9999387264251709
0,0,0.001205124077387154
1,1,0.9940754175186157
0,0,0.005544926971197128
0,0,0.022419597953557968
0,0,0.0001032054060488008
0,0,0.00036871861084364355
0,0,0.031856805086135864
0,0,3.9741348700772505e-06
0,0,0.0038610207848250866
0,0,0.06508341431617737
1,1,0.9999984502792358
1,1,0.9818190336227417
1,1,0.9998743534088135
1,1,0.8205198049545288
0,0,0.03986570984125137
1,1,0.9999070167541504
1,1,0.9985829591751099
0,0,0.0007947713020257652
0,1,0.592817485332489
1,1,0.9872767329216003
1,1,0.9860675930976868
1,1,0.999964714050293
0,0,0.0026916794013231993
0,0,0.0013299924321472645
0,0,1.9584329493227415e-05
0,0,4.496579640544951e-05
0,0,0.08245331048965454
0,0,0.24836131930351257
0,0,0.0002333357697352767
0,0,0.2605683207511902
0,0,0.004172438755631447
0,0,0.0021677373442798853
0,0,0.0008603729656897485
0,0,0.0035002122167497873
1,1,0.9984409213066101
0,0,0.016739867627620697
0,0,0.014251463115215302
1,0,0.47065746784210205
1,1,0.9999902248382568
1,1,0.9999815225601196
0,0,0.09105504304170609
1,1,0.5965179800987244
1,1,0.9642364382743835
0,0,0.00014219587319530547
0,0,0.3699566125869751
1,1,0.9740007519721985
0,1,0.9814341068267822
1,1,0.9998667240142822
0,1,0.8966114521026611
0,0,0.0004111210291739553
0,0,0.0012933168327435851
1,1,0.996464729309082
1,1,0.9994365572929382
0,0,0.0031181892845779657
0,0,0.0011924061691388488
0,0,0.012677500955760479
1,1,0.9847603440284729
0,0,0.0005168641218915582
0,0,1.238123240909772e-05
1,1,0.9961058497428894
0,0,0.0005860664532519877
1,1,0.9838001132011414
1,1,0.9999966621398926
1,1,0.9999803304672241
0,0,4.631909177987836e-05
1,1,0.9894320964813232
1,1,0.8942083716392517
0,0,0.018475698307156563
0,0,0.0016135434852913022
0,0,0.06877773255109787
0,0,0.0004260344139765948
1,1,0.9992945194244385
0,0,0.0036464445292949677
1,1,0.9998376369476318
1,1,0.9999825954437256
0,0,0.03249037638306618
0,0,0.00020385259995236993
1,1,0.9742942452430725
1,1,0.9982024431228638
1,1,0.9984031319618225
1,1,0.6481160521507263
1,1,0.9998457431793213
1,1,0.9992648959159851
1,1,0.9997431635856628
1,1,0.9055266976356506
0,0,0.0011876961216330528
1,1,0.9991521835327148
0,0,0.0002750626881606877
0,0,6.296654191828566e-06
1,1,0.5137518644332886
1,1,0.9995317459106445
1,1,0.8791297674179077
1,1,0.5796974301338196
1,1,0.9775683879852295
1,1,0.9989252686500549
0,0,0.020482171326875687
0,0,0.014582152478396893
1,1,0.9977090358734131
0,0,6.364542969095055e-06
1,1,0.9999922513961792
0,0,0.12211407721042633
1,1,0.9833563566207886
0,0,0.0022852413821965456
0,0,0.00026554075884632766
0,0,0.0024461906868964434
0,0,2.5898336389218457e-05
0,0,0.00019749814237002283
1,1,0.9974986910820007
1,1,0.9998726844787598
1,1,0.9975703358650208
0,0,0.026463722810149193
0,1,0.5936383605003357
0,0,8.71019801707007e-05
0,0,6.595276499865577e-05
0,0,0.030537474900484085
0,0,0.0008191149099729955
0,0,0.0001144503039540723
0,0,0.0030069591011852026
0,0,7.866730811656453e-06
0,0,1.4903618648531847e-05
0,0,1.7649476546921505e-07
0,0,2.04782591026742e-05
1,1,0.9990445971488953
1,1,0.9698864221572876
0,1,0.8601961731910706
1,1,0.8924060463905334
0,0,0.0006153038702905178
1,1,0.9999856948852539
0,0,0.00027733176830224693
1,1,0.5709633231163025
0,0,0.0030521643348038197
1,1,0.9992720484733582
1,1,0.9648799300193787
0,0,0.007082227151840925
1,1,0.9996656179428101
0,1,0.5755779147148132
0,0,0.13228139281272888
0,0,2.1272476260492112e-06
0,0,9.262132039111748e-07
1,1,0.9848803281784058
1,1,0.9995064735412598
1,1,0.9997530579566956
0,0,7.795380224706605e-05
0,0,0.055709026753902435
1,1,0.981090784072876
1,1,0.592871367931366
1,1,0.9629257917404175
0,0,1.4933865713828709e-05
0,0,0.010897135362029076
0,0,0.006841483525931835
0,0,0.014850025996565819
1,1,0.9999324083328247
0,0,0.019462481141090393
1,1,0.9999750852584839
0,0,0.17090368270874023
0,0,0.0008159520220942795
0,0,0.007116464897990227
0,0,0.003864217083901167
0,0,0.07644261419773102
1,1,0.9998824596405029
1,1,0.9869041442871094
0,0,0.012117777019739151
0,0,0.17571741342544556
1,1,0.887394905090332
1,1,0.9695461988449097
1,1,0.9887251257896423
1,1,0.995564341545105
0,1,0.555716872215271
1,1,0.9953001737594604
0,0,0.04949420318007469
1,1,0.9992511868476868
0,0,0.00013229265459813178
1,1,0.9994664788246155
1,1,0.6623876094818115
0,0,0.0003977837914135307
0,0,0.0007298068376258016
1,0,0.09319744259119034
0,0,0.00028235907666385174
1,1,0.6410470008850098
0,0,0.06454087048768997
0,0,0.12867677211761475
1,1,0.5534334778785706
0,0,4.863242065766826e-05
1,1,0.9999102354049683
1,1,0.9997348189353943
0,0,0.0024053482338786125
1,1,0.9971798658370972
0,0,1.5704819816164672e-05
1,1,0.9998338222503662
1,1,0.8208832144737244
0,0,0.005106630735099316
0,0,0.03800471872091293
0,0,0.06093258783221245
1,1,0.7845130562782288
0,0,0.15612070262432098
0,0,0.004014014732092619
1,1,0.9995465874671936
0,0,0.0630032941699028
0,0,0.03127797693014145
0,0,0.05194425955414772
1,1,0.910320520401001
0,1,0.6169746518135071
0,0,0.16162008047103882
1,1,0.7869815826416016
1,1,0.9939416646957397
0,0,3.0757346394238994e-05
0,0,0.24370010197162628
1,1,0.989449679851532
1,1,0.8569335341453552
1,1,0.9964242577552795
1,1,0.6132439374923706
1,1,0.9999890327453613
0,0,0.00027838427922688425
1,1,0.9999892711639404
1,1,0.9955800175666809
1,0,0.4324481189250946
0,0,0.008853340521454811
0,0,0.0033782944083213806
0,0,0.0024121569003909826
0,0,0.016565896570682526
1,1,0.7005951404571533
1,1,0.961192786693573
0,0,0.2586844265460968
0,0,0.18189619481563568
0,0,1.9323120795888826e-05
0,0,0.08681650459766388
0,1,0.8330904841423035
0,0,0.012380880303680897
1,1,0.9999816417694092
0,0,0.023669125512242317
0,0,0.0002545749593991786
0,0,8.73639146448113e-06
0,0,0.00018650919082574546
0,0,0.09394339472055435
0,0,0.1413317322731018
0,0,0.02429806999862194
0,0,0.0016098507912829518
0,0,0.008920443244278431
0,0,0.00032209299388341606
0,1,0.6032978296279907
0,0,0.006004879716783762
0,0,0.02943299151957035
0,0,0.00016088003758341074
0,0,0.06502050906419754
0,0,0.14707140624523163
0,0,0.0051557328552007675
0,0,0.07743041217327118
1,1,0.9990948438644409
0,1,0.5172231793403625
0,0,0.061035215854644775
1,1,0.6507171392440796
1,1,0.9999924898147583
0,0,0.47459203004837036
0,0,0.1677050143480301
1,1,0.9920083284378052
1,1,0.9687211513519287
0,0,0.017014427110552788
0,0,0.16798169910907745
0,0,0.0016528826672583818
0,0,0.0015483953757211566
0,0,0.0003535649739205837
0,0,0.00044984923442825675
0,0,0.016025297343730927
1,1,0.9999321699142456
1,1,0.9997605681419373
0,0,6.0490019677672535e-05
0,0,0.00017834643949754536
1,1,0.9040827751159668
1,1,0.9998146891593933
1,0,0.4267313480377197
0,0,0.015446989797055721
0,0,0.00484256399795413
1,1,0.9971874356269836
1,1,0.9998642206192017
1,1,0.9867779016494751
1,1,0.9994088411331177
0,1,0.9654427766799927
1,1,0.9999690055847168
0,0,0.0026944188866764307
1,1,0.634868323802948
0,0,0.1853678822517395
0,0,8.71267093316419e-06
1,1,0.7213413119316101
1,1,0.9665443897247314
1,1,0.7457828521728516
0,0,0.12939102947711945
1,1,0.8275314569473267
1,1,0.9999821186065674
1,1,0.998820960521698
0,0,0.10363313555717468
1,1,0.8702942728996277
1,1,0.9973260164260864
1,1,0.9711602926254272
1,1,0.999805748462677
1,1,0.7927262783050537
1,1,0.9999983310699463
0,0,1.2498052228693268e-06
1,0,0.05160047858953476
0,0,0.0020509660243988037
1,1,0.9993302822113037
0,0,0.006240322254598141
1,1,0.9999721050262451
0,0,0.13489598035812378
0,1,0.7548134326934814
1,1,0.9993738532066345
1,1,0.9889454245567322
1,1,0.9999992847442627
0,0,0.02113298326730728
0,0,0.0014882697723805904
1,1,0.9997820258140564
0,0,0.005036622751504183
0,0,0.0001358095178147778
1,1,0.9999465942382812
1,1,0.9999343156814575
1,1,0.9878879189491272
1,1,0.9999812841415405
0,0,0.015803026035428047
0,0,0.14524783194065094
0,0,0.19264188408851624
0,0,0.040114570409059525
0,0,0.0011711780680343509
1,1,0.9763394594192505
1,1,0.9576303362846375
1,1,0.9977295994758606
0,0,0.047104377299547195
1,1,0.9947348833084106
0,0,9.991219485527836e-06
1,1,0.9997220635414124
1,1,0.9762583374977112
1,1,0.9994897842407227
1,1,0.9999923706054688
0,0,0.10865535587072372
1,1,0.9992535710334778
1,1,0.9947910308837891
0,0,0.00028835947159677744
1,1,0.9973324537277222
0,0,0.0017401601653546095
0,0,0.00011416059714974836
1,1,0.9345555305480957
0,0,0.006688271649181843
1,1,0.99969482421875
1,1,0.9971104860305786
0,0,4.090706170245539e-06
0,0,0.24539677798748016
0,0,0.00012423140287864953
0,0,0.001969606149941683
0,0,0.0005911838379688561
0,0,0.0007490990101359785
1,1,0.9877655506134033
1,1,0.9956342577934265
1,1,0.7248333096504211
0,0,0.0014422931708395481
1,1,0.7883455753326416
0,0,0.006882208865135908
0,0,0.015240116976201534
0,0,2.9737162549281493e-05
0,0,0.0011089229956269264
0,0,0.1941133737564087
1,0,0.32846930623054504
0,0,0.0002509404730517417
1,1,0.9990794658660889
0,0,0.2556917369365692
0,0,2.4658598704263568e-05
1,1,0.9969708919525146
0,1,0.5999873280525208
0,0,0.04902756214141846
0,0,1.1461223039077595e-05
1,1,0.9960620999336243
0,0,0.014219711534678936
0,0,0.29148218035697937
0,0,8.910641918191686e-05
0,0,0.005058015696704388
0,0,0.000833519792649895
0,0,0.00021873223886359483
0,0,0.10682577639818192
1,1,0.9977827668190002
1,1,0.9997650980949402
0,0,0.00026284658815711737
0,1,0.8751908540725708
1,0,0.32562318444252014
1,1,0.998046875
0,0,0.005462734494358301
1,1,0.9999462366104126
0,0,0.001975269289687276
0,0,0.007701233960688114
1,1,0.9999934434890747
0,0,0.000348510715411976
0,0,0.00022631586762145162
1,1,0.7160944938659668
0,0,1.2993045857001562e-05
0,0,3.767440603041905e-06
0,0,0.05518297106027603
1,1,0.9352197647094727
1,1,0.8097792267799377
1,1,0.9957305788993835
1,0,0.410925954580307
1,1,0.9977050423622131
1,1,0.967170238494873
1,1,0.9534410834312439
1,1,0.9998360872268677
0,0,0.0009782456327229738
0,0,0.00011270802497165278
0,0,0.04198310524225235
1,1,0.9989365935325623
0,0,0.015915611758828163
0,0,0.24818055331707
1,1,0.9868221282958984
0,0,0.00018924260803032666
0,0,0.06576830893754959
0,1,0.9430531859397888
0,0,0.0013606410939246416
1,1,0.9996374845504761
1,1,0.9695545434951782
1,0,0.1925860345363617
1,0,0.3440881371498108
1,1,0.9998981952667236
1,1,0.9866153001785278
1,1,0.9980456829071045
0,0,0.00027821180992759764
1,1,0.8554901480674744
0,0,0.14753244817256927
0,0,2.5306087991339155e-05
1,1,0.999363124370575
1,1,0.5950038433074951
1,1,0.9986357092857361
0,0,0.009513395838439465
1,1,0.9202137589454651
0,0,0.00035577526432462037
0,0,0.00024682117509655654
1,1,0.9795108437538147
1,1,0.9999606609344482
1,1,0.8604665994644165
0,0,0.007331531960517168
0,0,0.00047392185661010444
0,0,2.1776957055408275e-06
1,1,0.6581535935401917
1,1,0.9999829530715942
1,1,0.9981308579444885
0,0,5.631794556393288e-05
0,0,0.008069033734500408
0,0,5.4691143304808065e-05
0,1,0.7329055070877075
0,0,0.019827095791697502
1,1,0.654832124710083
1,1,0.995646059513092
0,0,0.0028417231515049934
0,1,0.6875674724578857
0,0,0.002685155486688018
1,1,0.9996071457862854
0,0,0.016787197440862656
1,1,0.8957492113113403
0,0,0.0026299897581338882
0,0,0.0005459282547235489
0,0,0.03990849107503891
1,1,0.9959050416946411
0,0,0.050021931529045105
1,1,0.999715268611908
1,1,0.9865338802337646
1,1,0.9986425042152405
0,0,0.0019672447815537453
0,0,0.00026848464040085673
0,0,3.930778257199563e-05
0,0,0.0014427402056753635
0,0,0.02847391366958618
0,0,0.00014081150584388524
0,0,0.00021950922382529825
0,1,0.6037589907646179
0,0,0.0002132363588316366
0,0,1.6308301376000145e-09
0,0,0.057264283299446106
0,0,0.0005001110257580876
0,0,0.0017241340829059482
0,0,0.2648508548736572
1,1,0.9991700649261475
0,0,1.8322087271371856e-05
0,0,0.4652234613895416
0,0,0.029143288731575012
0,0,0.006062042899429798
0,0,0.00048461713595315814
0,0,0.00018510408699512482
0,0,0.0005439314409159124
0,0,1.4031544196768664e-05
1,1,0.9245892763137817
0,0,0.06374011933803558
1,1,0.9996956586837769
1,1,0.9820227026939392
0,0,0.0004678120603784919
0,1,0.9738925695419312
0,0,0.005318124312907457
0,0,3.4732220228761435e-05
1,1,0.5676379203796387
1,1,0.902843713760376
0,0,0.0001615117653273046
0,0,0.04204003885388374
1,1,0.9985595345497131
1,1,0.9996178150177002
0,0,0.0017475903732702136
0,0,3.173357981722802e-06
0,0,0.00245772791095078
0,0,2.196450850533438e-06
0,0,0.0077572837471961975
0,1,0.516185462474823
1,1,0.9997020363807678
0,0,6.181796925375238e-05
0,0,0.005500964354723692
0,0,0.0018174309516325593
0,0,0.005402154754847288
0,0,0.12516562640666962
0,0,0.02664676308631897
0,0,0.0006467747734859586
0,0,0.00021361240942496806
0,0,0.13738934695720673
0,0,0.001680717570707202
1,1,0.9999560117721558
1,1,0.9893550872802734
0,0,1.4371411452884786e-05
1,1,0.8469818234443665
1,1,0.9961557984352112
1,1,0.9997802376747131
0,0,4.436327799339779e-05
0,0,0.0033718945924192667
1,1,0.9989455342292786
0,0,8.901274122763425e-05
0,0,0.017016587778925896
0,1,0.5685781240463257
1,1,0.9909688830375671
1,1,0.9990552067756653
0,0,0.310268372297287
0,0,0.001876140828244388
0,0,0.36300045251846313
1,1,0.6715061068534851
1,1,0.9998908042907715
1,1,0.9999428987503052
1,1,0.9982830286026001
1,0,0.03071282058954239
0,0,0.00038255492108874023
0,0,0.05053272098302841
0,0,0.008880474604666233
0,0,6.473161920439452e-05
0,0,0.0010382297914475203
1,1,0.6702879667282104
0,0,0.008663789369165897
0,0,0.00017082682461477816
0,0,6.135723378974944e-05
1,1,0.9625096917152405
0,0,0.004896032158285379
1,1,0.9992772936820984
0,0,2.302018629052327e-06
1,1,0.9404710531234741
0,0,0.004355029668658972
0,0,0.007242051884531975
0,0,0.17604367434978485
0,0,0.0009198668994940817
0,0,0.005146220326423645
1,1,0.9961045980453491
1,1,0.9999158382415771
1,1,0.9999085664749146
0,0,0.0005874374182894826
1,1,0.9995384216308594
1,1,0.9993118047714233
0,0,1.4020467460795771e-05
1,1,0.9969123601913452
1,1,0.9975076913833618
1,1,0.999987006187439
0,0,5.299117765389383e-05
1,1,0.8860682845115662
0,0,0.0003221479710191488
0,0,0.0011807965347543359
1,1,0.998799204826355
0,1,0.9793902635574341
1,1,0.9786322712898254
0,0,0.04626520350575447
1,1,0.9970211386680603
1,1,0.9958928823471069
0,0,0.035634566098451614
1,1,0.9996895790100098
1,1,0.9982765913009644
1,1,0.9949691891670227
0,0,0.051675938069820404
0,0,0.000222104208660312
0,0,0.0006413576775230467
1,1,0.9984802603721619
1,1,0.6339366436004639
0,0,0.004625336267054081
0,0,0.0002380686637479812
0,0,0.005954054184257984
0,0,0.0281841903924942
0,0,0.0004372508265078068
0,0,0.0058388253673911095
0,0,0.02731025032699108
0,0,0.0009701895178295672
0,0,0.00016496631724294275
0,0,0.006427914369851351
0,0,0.021151229739189148
1,1,0.9854853749275208
0,1,0.7105304598808289
0,1,0.5898550152778625
0,0,0.014493045397102833
1,1,0.999545156955719
0,0,0.0006333704805001616
1,1,0.9996931552886963
0,0,0.062117621302604675
0,1,0.9955894947052002
1,1,0.980637788772583
1,1,0.9850820302963257
0,0,0.00024120358284562826
1,1,0.9591988325119019
1,1,0.88188236951828
0,0,0.4272518455982208
0,0,0.0011491926852613688
0,0,0.19718851149082184
1,1,0.9965425133705139
1,1,0.9995026588439941
0,0,0.00017988659965340048
0,1,0.7745758891105652
1,1,0.8337662220001221
0,0,0.0013071339344605803
1,1,0.9995657801628113
1,1,0.9993010759353638
0,0,0.0016554875764995813
1,1,0.720405638217926
0,0,2.9370832635322586e-05
1,1,0.9998443126678467
0,0,0.026138557121157646
0,0,0.007181494031101465
1,1,0.8231713175773621
0,0,0.001122597954235971
0,0,0.00315397628583014
0,0,0.010335168801248074
1,1,0.9845149517059326
0,0,0.011434643529355526
0,0,0.021838119253516197
1,1,0.9876769781112671
0,0,0.029038652777671814
0,0,6.826383923907997e-06
0,0,1.0761717931018211e-05
1,1,0.9999290704727173
1,1,0.9851142168045044
0,0,0.0866871252655983
0,0,0.0011851105373352766
0,0,4.435858500073664e-05
1,1,0.9828796982765198
0,0,0.029943041503429413
0,0,0.00926140882074833
1,1,0.9861250519752502
0,0,0.14499662816524506
1,1,0.9925140738487244
0,0,0.0672716572880745
1,0,0.07775072753429413
0,0,0.0003702264802996069
0,0,0.0002365450345678255
0,0,0.0016070250421762466
1,1,0.9974743723869324
0,0,0.058007508516311646
0,0,0.0029404463712126017
0,0,1.4591462786484044e-05
0,0,0.0016893919091671705
1,1,0.9982540011405945
0,0,0.00040461780736222863
1,1,0.9999817609786987
1,1,0.9999983310699463
0,0,0.026152102276682854
0,0,0.02807142212986946
0,0,0.006496242247521877
1,1,0.9998940229415894
0,0,0.018065618351101875
0,0,0.005817126948386431
1,1,0.9847992658615112
0,0,0.17529118061065674
1,1,0.9875604510307312
0,0,0.07081040740013123
0,0,6.989602115936577e-05
0,1,0.7575242519378662
1,1,0.9996516704559326
1,1,0.9996922016143799
0,1,0.8568306565284729
1,1,0.9999814033508301
1,1,0.9999873638153076
0,0,0.014502482488751411
1,1,0.9668084383010864
1,1,0.9906880855560303
0,0,0.027385948225855827
1,1,0.9942518472671509
0,0,0.11788969486951828
0,0,0.005375629290938377
1,1,0.9998968839645386
0,0,2.0642530216719024e-05
0,0,0.06263905763626099
0,1,0.8736138343811035
0,0,0.00032510244636796415
0,0,0.0025599782820791006
0,0,0.0004957001656293869
0,0,0.12137441337108612
0,0,0.01158059947192669
0,0,0.0007625960861332715
0,0,0.0006977564771659672
1,1,0.9996477365493774
0,0,0.00036451517371460795
0,0,0.002666448475793004
0,0,0.1647983193397522
0,0,0.002558027161285281
1,1,0.6991226673126221
1,1,0.9954120516777039
1,1,0.9999514818191528
1,1,0.9990419745445251
0,1,0.6558198928833008
1,1,0.9952642917633057
1,1,0.9999788999557495
0,0,0.05618242546916008
1,1,0.9800779819488525
0,0,0.0008045707363635302
1,1,0.972682774066925
0,0,2.6492132747080177e-05
0,0,2.1774736524093896e-05
0,0,0.4042665958404541
1,1,0.9957564473152161
1,1,0.9997435212135315
0,0,6.933487020432949e-05
0,0,0.0005510891787707806
1,1,0.9865500926971436
0,0,0.00022920755145605654
1,1,0.9997130036354065
1,1,0.7425544857978821
1,1,0.9066043496131897
0,0,0.3552243709564209
1,1,0.8375601768493652
0,0,2.2625848941970617e-05
0,0,0.12972421944141388
1,1,0.9988918900489807
0,0,0.03359580412507057
0,0,0.08152098953723907
0,0,0.019767198711633682
1,1,0.9985210299491882
1,1,0.9642922878265381
0,0,0.20667187869548798
1,1,0.9998173117637634
0,0,6.590196388600589e-09
0,0,0.005113319028168917
1,1,0.9955665469169617
0,0,0.03552858531475067
0,0,0.1068500354886055
0,0,0.02359543927013874
0,0,0.04914470389485359
0,0,0.043730247765779495
1,1,0.9809401631355286
0,0,1.465021887270268e-05
0,0,0.0011087391758337617
0,0,0.0030887608882039785
0,0,0.001864067162387073
0,0,0.049745943397283554
0,1,0.9763426184654236
0,0,0.0965242087841034
1,1,0.5539312362670898
1,1,0.9987958669662476
0,0,0.0013251662021502852
0,0,8.01288820184709e-07
1,1,0.9786584377288818
0,0,0.0031309686601161957
1,1,0.9337631464004517
1,1,0.995159924030304
1,1,0.9311152100563049
0,0,3.434736015606177e-07
0,0,0.00023132309434004128
0,0,0.0010238493559882045
1,1,0.9870744943618774
1,1,0.9998810291290283
1,1,0.9937102794647217
1,1,0.9994174242019653
0,0,0.01828751340508461
1,1,0.9998708963394165
0,0,0.05740497261285782
0,1,0.5353862643241882
0,0,0.15100149810314178
1,1,0.9378100633621216
1,1,0.815807044506073
1,1,0.9567953944206238
0,0,0.00045237448648549616
0,0,0.00020341068739071488
0,0,5.902500106458319e-07
0,0,0.06519301235675812
1,1,0.9836056232452393
0,0,0.09369281679391861
0,0,0.01024879515171051
0,0,0.00012606735981535167
0,0,0.016696536913514137
0,0,0.1333104372024536
0,1,0.9153444170951843
0,0,0.20414260029792786
0,0,0.0032625796739012003
1,1,0.9654953479766846
0,0,0.3689150810241699
0,0,0.04666740819811821
0,0,0.00045050663175061345
0,0,0.060868553817272186
0,0,0.00036160676972940564
0,0,0.0005719967884942889
0,0,0.333589106798172
0,0,0.00012727135617751628
0,0,5.116524698678404e-05
0,0,0.0028105888050049543
0,0,1.3452277926262468e-05
0,0,0.013148863799870014
1,1,0.9987982511520386
0,0,0.005596144590526819
1,1,0.9948171973228455
1,1,0.9993816614151001
0,0,3.4662043617572635e-05
0,0,0.3868089020252228
0,0,0.0968722477555275
0,0,0.00018361065303906798
0,0,0.01589319296181202
0,0,0.2019926905632019
0,0,0.015119469724595547
0,0,0.00032278589787892997
0,0,0.1246967539191246
1,1,0.9859119057655334
0,0,3.345254299347289e-06
1,1,0.9997621178627014
0,0,0.20143438875675201
0,0,0.001045060227625072
1,1,0.998618483543396
0,0,0.10267290472984314
1,1,0.9999812841415405
0,0,0.000153113083797507
1,1,0.977696418762207
0,0,0.4686724543571472
0,0,0.0028180370572954416
1,1,0.836535632610321
0,0,0.005134929437190294
1,1,0.9991111159324646
0,0,0.00022986761177890003
0,1,0.8569862246513367
0,0,1.3163525181880686e-05
0,0,0.0009490298689343035
0,0,0.0026316451840102673
1,1,0.5453629493713379
1,1,0.8941399455070496
0,0,0.10214807838201523
0,0,0.3098180294036865
1,1,0.8819479942321777
1,1,0.9917761087417603
1,1,0.9657745957374573
1,1,0.9998059868812561
0,0,0.09875772893428802
1,1,0.9996399879455566
1,0,0.11853078752756119
1,1,0.9248021841049194
1,1,0.9971887469291687
1,1,0.9999494552612305
0,0,0.2265000343322754
1,0,0.38592109084129333
0,0,0.0008098794496618211
1,1,0.9837267398834229
0,0,0.004560826346278191
0,0,0.33044007420539856
0,0,0.001496079028584063
1,1,0.9997097849845886
1,1,0.8896167278289795
0,1,0.5750963091850281
0,1,0.8861532807350159
1,1,0.8838929533958435
0,0,0.020095061510801315
0,0,0.2904064953327179
0,0,1.3419117749435827e-05
0,0,2.3827651602914557e-05
1,1,0.577251136302948
0,0,0.00025752666988410056
0,0,0.046013008803129196
0,0,0.0007517292397096753
0,1,0.5111165046691895
1,1,0.9361135363578796
1,1,0.9999520778656006
0,0,0.0008929690811783075
1,1,0.9961434602737427
0,0,0.00018242433725390583
1,1,0.9970157146453857
1,1,0.9871636629104614
0,0,0.00023142171266954392
0,0,0.28133437037467957
0,0,0.3262108266353607
1,1,0.998162567615509
1,1,0.9896743893623352
1,1,0.9999316930770874
0,0,0.0008317461470142007
0,0,0.007673238404095173
0,0,0.0017006754642352462
0,0,0.16942626237869263
1,1,0.9997221827507019
1,1,0.9981886744499207
1,1,0.598794162273407
1,1,0.9987653493881226
1,1,0.9515491724014282
0,0,0.2586793005466461
1,1,0.9994220733642578
1,1,0.9999661445617676
1,1,0.9939672946929932
0,0,1.5622272258042358e-05
1,1,0.6313188076019287
1,1,0.9990321397781372
1,1,0.9999866485595703
1,1,0.999782145023346
0,0,2.6420518679515226e-06
1,1,0.9995811581611633
1,1,0.999553382396698
1,1,0.9998767375946045
0,0,3.464611290837638e-05
0,0,0.014786179177463055
0,0,6.831959035480395e-05
0,1,0.5850427150726318
1,1,0.996842622756958
0,0,0.0006472452660091221
0,0,0.4497993290424347
0,0,0.01846390776336193
0,0,0.10653143376111984
0,1,0.9992637038230896
0,0,0.05208816006779671
0,0,8.431985770585015e-05
0,0,0.0037001161836087704
1,1,0.9666597843170166
0,0,0.07640966773033142
1,1,0.9994895458221436
0,0,8.99501537787728e-05
0,1,0.7194674611091614
1,1,0.9999356269836426
0,0,0.10334846377372742
0,0,0.018670769408345222
1,1,0.9999990463256836
1,1,0.9991371035575867
0,0,0.0017004479886963964
0,0,0.0011373633751645684
0,0,0.1224231868982315
0,0,0.026386665180325508
0,0,0.0024654872249811888
0,0,0.4418533146381378
1,1,0.999803364276886
1,1,0.796161413192749
1,1,0.9999735355377197
1,1,0.9999864101409912
1,1,0.9999094009399414
0,0,0.004771276377141476
0,0,0.0004110982990823686
0,0,0.001929455203935504
0,0,0.007428987417370081
0,0,0.0004241535207256675
0,0,0.0005431920872069895
0,0,0.006620323751121759
0,0,0.002838173182681203
0,0,0.167825847864151
0,0,3.786194429267198e-05
1,1,0.9997492432594299
0,0,4.499376518651843e-05
1,0,0.4855944812297821
1,1,0.997385561466217
0,0,0.0023049376904964447
0,0,0.00025286374147981405
0,0,0.13097631931304932
0,0,0.3024950325489044
0,0,7.075807388901012e-06
1,1,0.984904408454895
1,1,0.9994612336158752
0,0,0.00017801938520278782
0,0,0.0272181648761034
1,1,0.9999321699142456
0,0,0.14770744740962982
1,1,0.9488703608512878
1,1,0.9585786461830139
0,0,2.1649134396284353e-06
1,1,0.9181320667266846
0,0,0.013205419294536114
1,1,0.9805066585540771
1,1,0.9999538660049438
0,0,0.0005870560416951776
0,0,0.00656787259504199
0,0,0.07109040766954422
0,0,0.042405202984809875
1,1,0.9986067414283752
1,1,0.992669939994812
1,0,0.18459109961986542
1,1,0.9687313437461853
1,1,0.8987423777580261
0,0,0.005148090422153473
0,0,0.0008584820898249745
0,0,1.7951534800886293e-06
0,0,5.750641139457002e-05
0,1,0.9945211410522461
0,0,0.34645602107048035
0,0,8.452321344520897e-05
1,1,0.9996585845947266
1,1,0.9983674883842468
1,1,0.7513570189476013
1,1,0.9997724890708923
1,1,0.9727774262428284
0,0,0.003780995262786746
1,1,0.9999538660049438
0,0,0.00040958233876153827
1,1,0.9535337090492249
0,0,0.0007104766555130482
0,0,0.00011022097169188783
0,0,0.003819024655967951
1,1,0.9956516623497009
1,1,0.9911352396011353
0,0,0.00011180970614077523
1,1,0.9999688863754272
1,1,0.9985557198524475
0,1,0.8593742251396179
0,0,0.0992131158709526
0,0,0.004350972827523947
0,0,0.0007814427954144776
0,0,2.6371395506430417e-05
0,0,6.55297189950943e-05
1,1,0.9861623048782349
0,0,0.29725274443626404
0,0,0.013177789747714996
0,0,0.09739230573177338
1,1,0.989884614944458
0,0,0.0080596087500453
0,0,0.3658371567726135
0,0,0.008685620501637459
0,0,0.00803697295486927
1,1,0.9997366070747375
0,0,0.00035008013946935534
1,1,0.9766936898231506
0,0,0.00390744861215353
0,0,0.021619094535708427
0,0,0.039436306804418564
0,0,0.00048047720338217914
1,1,0.9999974966049194
0,0,4.1203165892511606e-05
1,1,0.9992916584014893
1,1,0.9274746775627136
1,1,0.999600350856781
0,0,7.435934094246477e-05
1,1,0.9998393058776855
1,1,0.9826524257659912
0,0,0.006384801585227251
1,1,0.9989226460456848
0,0,0.272195965051651
0,0,0.007043713703751564
1,1,0.9972761273384094
0,0,0.06394539773464203
0,0,4.779261644216604e-07
0,1,0.5246543288230896
1,0,0.18797442317008972
1,1,0.9494068622589111
1,1,0.8887131810188293
1,1,0.9995784163475037
1,1,0.9902008175849915
1,1,0.998437225818634
1,1,0.9953736662864685
1,1,0.9994924068450928
0,0,0.0020566412713378668
1,1,0.997583270072937
0,0,0.47428980469703674
0,0,0.0001369718083878979
0,0,0.0023241860326379538
1,1,0.9996727705001831
0,1,0.5154937505722046
0,0,0.011632862500846386
1,1,0.998737633228302
1,1,0.9997847676277161
0,0,0.00036150679807178676
1,1,0.9975365400314331
1,1,0.9999123811721802
0,0,0.023366738110780716
1,1,0.8105520009994507
1,1,0.9998997449874878
0,0,0.00179972720798105
0,0,0.001522782607935369
0,1,0.9983464479446411
1,1,0.9091429114341736
0,0,0.0053939069621264935
1,1,0.977231502532959
0,0,7.387998630292714e-05
1,1,0.9921483993530273
0,0,0.0005328051629476249
1,1,0.9597030878067017
1,1,0.9964582324028015
0,0,9.684425458544865e-05
0,0,0.021311266347765923
0,0,0.102723628282547
1,1,0.991610586643219
0,1,0.9995334148406982
0,0,0.13441811501979828
0,0,0.031006483361124992
0,0,7.493714656447992e-05
0,1,0.9111253619194031
0,0,0.007925514131784439
1,1,0.9210882782936096
0,0,0.0035879146307706833
1,1,0.9542102217674255
0,1,0.994418740272522
1,1,0.9997114539146423
0,0,0.00046760073746554554
1,1,0.9986452460289001
1,0,0.2235409915447235
0,0,0.00034900676109828055
0,0,0.10740084946155548
1,1,0.9993873834609985
1,1,0.9630771279335022
0,0,8.280864130938426e-05
1,1,0.9998942613601685
1,1,0.993382453918457
1,1,0.9983667731285095
1,1,0.9989749193191528
1,1,0.99755859375
1,1,0.9785885810852051
0,0,0.021779287606477737
0,0,0.44459718465805054
0,0,0.0021619999315589666
1,1,0.9786278605461121
1,1,0.9999818801879883
1,1,0.946923017501831
0,0,0.006828651763498783
0,0,0.0003771951887756586
0,0,0.013961715623736382
0,0,0.0013074011076241732
0,0,0.001118041342124343
1,1,0.9966065883636475
1,1,0.9999932050704956
0,0,0.037692032754421234
0,0,0.23654666543006897
0,0,0.000428464642027393
1,1,0.991251528263092
1,1,0.9942969679832458
1,1,0.9999986886978149
1,1,0.9974929094314575
0,0,0.32648277282714844
1,1,0.9909425377845764
1,1,0.9598061442375183
1,1,0.6377623677253723
0,0,0.005492685362696648
0,0,1.5048633486003382e-06
0,0,6.137929449323565e-05
0,0,0.001730617368593812
1,1,0.9995871186256409
0,0,0.022315727546811104
0,1,0.7546537518501282
1,1,0.9676334857940674
1,1,0.9903841018676758
1,1,0.9949157238006592
1,1,0.9993151426315308
1,1,0.9718884229660034
1,1,0.9755580425262451
1,1,0.9804505109786987
0,0,7.17381844879128e-05
0,0,0.0022381010930985212
0,0,0.3875994086265564
0,0,8.496743248542771e-05
1,1,0.9995908141136169
1,1,0.7627370953559875
1,1,0.9535719752311707
0,0,0.00957395602017641
1,1,0.9990791082382202
1,1,0.8727771043777466
1,1,0.9970712661743164
0,0,3.0447707104030997e-05
0,0,0.0007584874983876944
1,1,0.9811607003211975
1,1,0.971311092376709
0,0,0.0030414301436394453
0,0,0.0005299899494275451
0,0,0.02557559870183468
0,0,0.02509479410946369
1,1,0.999769389629364
0,0,0.010267754085361958
0,0,0.025437766686081886
0,0,0.0019742147997021675
1,1,0.9981188178062439
0,1,0.9700168967247009
1,1,0.996705949306488
1,1,0.9994333386421204
1,1,0.9949640035629272
1,1,0.9998843669891357
1,1,0.9963100552558899
0,0,5.555653388000792e-06
1,0,0.45983803272247314
1,1,0.9826880097389221
0,0,0.018026404082775116
0,0,0.0006130350520834327
0,1,0.562362790107727
0,0,0.1724216341972351
1,1,0.9994906187057495
1,1,0.9999635219573975
0,1,0.6105268597602844
0,0,3.5310022212797776e-05
1,1,0.9971012473106384
1,1,0.9599769711494446
1,1,0.9990702271461487
0,0,0.00021873452351428568
0,0,5.252334085525945e-05
1,1,0.6149245500564575
1,1,0.9994990825653076
0,0,3.559618562576361e-05
1,1,0.9488589763641357
1,1,0.8358408808708191
0,1,0.9881072044372559
1,1,0.9979348182678223
0,0,0.00030858360696583986
0,0,1.0179982382396702e-05
0,0,0.00256942305713892
0,0,0.003920990973711014
1,0,0.19964545965194702
0,0,0.3783687651157379
0,0,0.00871509499847889
0,0,0.042002931237220764
0,0,0.00011536588135641068
1,1,0.9843204021453857
0,0,0.0013411331456154585
1,1,0.9982957243919373
1,1,0.9995988011360168
0,0,0.40571731328964233
1,1,0.8834021091461182
0,0,1.4446603927353863e-05
0,0,4.45046134700533e-06
1,1,0.9973524808883667
1,1,0.9981897473335266
0,0,0.01228751614689827
1,1,0.986352801322937
0,0,0.005564555525779724
1,1,0.9259688258171082
0,0,0.0068262857384979725
1,1,0.9806953072547913
1,1,0.9992157220840454
0,0,0.00024877765099518
1,1,0.9948769211769104
0,0,0.3573707342147827
1,1,0.9997393488883972
0,0,1.7718193703331053e-05
0,0,0.004057591315358877
1,1,0.9933245778083801
1,1,0.9996695518493652
1,1,0.9227117896080017
1,0,0.4778960049152374
1,1,0.9986420273780823
1,1,0.9913452863693237
0,0,0.0954057052731514
1,1,0.9734117984771729
0,0,0.0034535678569227457
1,1,0.9991735816001892
1,1,0.860840380191803
1,1,0.8777235150337219
1,1,0.9992111921310425
0,0,0.017302000895142555
0,0,0.0009236508631147444
1,1,0.9989326596260071
1,1,0.9957102537155151
0,0,0.03300252929329872
0,0,0.0578269325196743
1,1,0.9536712765693665
0,0,0.0008854229818098247
1,1,0.985905647277832
1,1,0.9800414443016052
1,1,0.9818021655082703
0,0,0.007046004291623831
0,0,4.125525811105035e-05
1,1,0.9982086420059204
1,1,0.9999724626541138
0,0,0.0005567122716456652
1,1,0.9368214011192322
0,0,0.060879118740558624
1,1,0.9785501956939697
1,1,0.9999047517776489
1,1,0.9821475744247437
1,1,0.9997355341911316
1,1,0.9817150831222534
0,0,0.010809068568050861
1,1,0.9947804808616638
1,1,0.9870955944061279
0,0,0.0005914582870900631
0,0,0.36570560932159424
0,0,0.010625568218529224
0,0,0.002708500251173973
0,0,0.00024831530754454434
0,0,0.03031410090625286
0,0,0.012562156654894352
0,0,0.0004861020133830607
1,1,0.9998487234115601
1,1,0.9964026212692261
0,0,1.929825884872116e-05
0,0,0.00142862054053694
0,0,0.0005018612137064338
0,0,0.0001286346814595163
1,1,0.9669000506401062
1,0,0.30508658289909363
1,1,0.6317827701568604
1,1,0.9961347579956055
1,1,0.9770479202270508
0,0,0.03018960729241371
1,1,0.7138452529907227
0,0,0.005066683515906334
0,1,0.6528163552284241
1,1,0.9997720122337341
1,1,0.9048489928245544
1,1,0.9740327596664429
0,0,0.1194281205534935
0,0,8.082877229753649e-07
1,1,0.99611496925354
1,1,0.9997066855430603
0,0,0.4851287603378296
1,1,0.9953212141990662
0,0,0.06411759555339813
0,0,3.689201912493445e-05
1,1,0.9991790652275085
1,1,0.9997289776802063
1,1,0.9860315322875977
0,1,0.824397623538971
1,1,0.9760489463806152
0,0,0.00048490939661860466
0,0,0.00019462488126009703
0,0,0.016742756590247154
1,1,0.9341840147972107
0,0,4.789647937286645e-05
0,0,0.00015164037176873535
1,1,0.9971741437911987
1,1,0.9119794964790344
0,1,0.5483717322349548
1,1,0.9470961689949036
0,0,0.4059177339076996
0,0,0.0242514256387949
0,0,6.213185770320706e-06
0,0,0.0008280010079033673
0,0,0.032247770577669144
1,1,0.9991845488548279
0,0,0.33530279994010925
0,0,0.007532034534960985
1,1,0.9995649456977844
0,0,2.4830129405017942e-05
0,0,0.45329341292381287
0,0,0.006815725471824408
1,1,0.910222053527832
0,0,0.0478241927921772
0,0,0.00029909718432463706
0,0,0.0032909908331930637
1,1,0.9996659755706787
1,1,0.9607417583465576
1,1,0.9715637564659119
1,1,0.9999278783798218
1,1,0.8736467957496643
1,1,0.9867556095123291
1,1,0.9602203369140625
1,1,0.9989159107208252
0,0,2.3643353415536694e-05
1,1,0.9998990297317505
1,1,0.9982732534408569
1,1,0.9457606077194214
1,1,0.9992480874061584
1,1,0.9998658895492554
0,0,0.002403625752776861
0,0,0.0001504388201283291
1,1,0.9859951138496399
1,1,0.9978545308113098
0,1,0.9421182870864868
0,0,0.0001730520452838391
0,0,0.0024360129609704018
0,0,3.175805977662094e-05
0,0,0.0001228083565365523
0,0,0.0008383627282455564
0,0,0.0009615495218895376
0,0,7.845165237085894e-05
0,0,0.019359881058335304
0,0,0.0017498770030215383
0,0,0.011590373702347279
1,1,0.855547308921814
0,0,8.757345494814217e-05
1,1,0.9957684278488159
0,0,7.79103265813319e-06
0,0,2.9478949727490544e-05
1,1,0.9938274025917053
0,0,8.565362804802135e-05
1,1,0.9871863126754761
1,1,0.9985338449478149
1,1,0.9858608245849609
0,0,0.2128523886203766
0,0,0.000906716042663902
1,1,0.9552363753318787
1,1,0.8753500580787659
0,0,0.004859051667153835
1,1,0.999083399772644
1,1,0.9991515874862671
1,1,0.9956680536270142
1,1,0.9991433620452881
0,0,0.016608288511633873
0,0,2.7138754376210272e-05
0,0,0.0025642141699790955
0,0,0.22138915956020355
0,0,0.06076248362660408
1,1,0.9984303116798401
0,0,0.00012247412814758718
1,1,0.6123626828193665
1,1,0.7994959950447083
1,1,0.9981868863105774
1,1,0.9903075695037842
0,0,0.0006715734489262104
1,1,0.999855637550354
0,0,0.003807142609730363
0,0,0.04640538617968559
0,0,0.005906570702791214
1,1,0.6312445998191833
0,0,0.024204714223742485
0,0,0.0017925705760717392
1,1,0.9408743381500244
1,1,0.9313104748725891
0,0,0.022361459210515022
0,0,0.3031660318374634
1,1,0.9998652935028076
1,1,0.9904938340187073
0,0,0.0004446693928912282
0,0,0.0020205641631036997
0,0,3.874943286064081e-05
0,0,0.003322381991893053
1,1,0.9890357851982117
0,0,0.012976882047951221
0,1,0.527777373790741
0,0,0.00786100048571825
1,1,0.9974908828735352
1,1,0.9963807463645935
1,1,0.9926483035087585
1,1,0.8902666568756104
1,1,0.9839805364608765
0,0,0.12914974987506866
0,0,0.1199132651090622
1,1,0.9650241136550903
1,1,0.9973841309547424
1,1,0.9652804136276245
0,0,0.016659000888466835
1,1,0.9996246099472046
0,0,0.0007049079285934567
1,1,0.9609794616699219
0,0,0.05614171549677849
0,0,7.17967632226646e-05
0,0,0.0004886984243057668
1,1,0.9790101051330566
0,0,0.0005502493586391211
0,0,0.005983468610793352
0,1,0.9045194387435913
0,0,0.07132895290851593
0,0,0.011255529709160328
1,1,0.9993133544921875
0,0,0.17293357849121094
1,1,0.9984287619590759
1,1,0.9999576807022095
0,0,0.14509163796901703
1,1,0.9963471293449402
1,1,0.997946560382843
1,1,0.999441921710968
0,0,0.0395515114068985
0,0,0.018643738701939583
1,1,0.999811589717865
1,1,0.9999314546585083
1,1,0.7770342230796814
0,0,0.0022249899338930845
1,1,0.9996755123138428
1,1,0.9977691173553467
0,0,0.10094970464706421
1,1,0.9984990358352661
1,1,0.9803557395935059
1,1,0.9935595989227295
0,0,0.006881111301481724
0,0,3.845100582111627e-05
1,1,0.9999539852142334
0,0,0.0002170734660467133
0,1,0.9691876769065857
0,0,0.0055517093278467655
0,0,0.01279775146394968
0,0,0.0005459183594211936
0,0,0.34858205914497375
0,0,0.0027262591756880283
1,1,0.9997572302818298
0,0,0.004914486780762672
1,1,0.9780566692352295
1,1,0.9999988079071045
0,0,0.1052241250872612
1,1,0.9992583394050598
0,0,0.003319817129522562
0,0,0.3063841462135315
0,0,0.0003444202884566039
0,0,0.0018904372118413448
0,0,0.1809348613023758
0,0,0.07241303473711014
0,0,0.011294493451714516
1,1,0.9991507530212402
0,0,0.005147101357579231
0,0,8.762500328884926e-06
0,0,0.033405378460884094
1,1,0.9992130994796753
0,0,1.0624560673022643e-05
1,1,0.9972344040870667
1,1,0.9960887432098389
1,1,0.9109571576118469
1,1,0.9973636269569397
1,1,0.9264478087425232
0,0,0.00021981520694680512
1,1,0.999549925327301
1,1,0.9984015822410583
1,1,0.9995360374450684
1,1,0.9998239874839783
1,1,0.9968729615211487
1,1,0.5308724045753479
1,1,0.6136182546615601
1,1,0.9864382743835449
0,0,0.0008589861099608243
1,1,0.9839374423027039
1,1,0.9969189167022705
1,1,0.9995348453521729
1,1,0.9997290968894958
1,1,0.9998637437820435
1,1,0.9970023036003113
0,1,0.8100963234901428
1,1,0.9983261227607727
1,0,0.010147319175302982
0,0,9.861826401902363e-05
1,1,0.9985284805297852
1,1,0.9449024796485901
1,1,0.9943270087242126
1,1,0.984893262386322
0,0,0.007152794394642115
0,0,0.00026329781394451857
0,0,0.02522682584822178
0,0,0.29769617319107056
1,1,0.9983401298522949
1,1,0.6972275972366333
0,0,0.12941491603851318
0,1,0.8774914145469666
0,0,5.9972910094074905e-05
0,0,8.782307850196958e-05
1,0,0.47131025791168213
1,1,0.9957544803619385
1,1,0.9956420660018921
0,0,0.003484657732769847
1,1,0.9875435829162598
1,1,0.9978151321411133
0,0,0.002776090521365404
1,1,0.999850869178772
1,1,0.9922155737876892
1,1,0.9987198114395142
0,0,0.014250537380576134
1,0,0.4001879096031189
1,1,0.9858132004737854
1,1,0.8720171451568604
1,1,0.9291826486587524
0,0,0.016112742945551872
0,0,0.0002887099399231374
0,0,5.312017037795158e-06
1,1,0.9999287128448486
0,0,0.014706797897815704
0,0,0.000585445377510041
1,1,0.9821380376815796
1,1,0.5344277620315552
1,1,0.9001488089561462
1,1,0.9992851614952087
0,0,0.009610804729163647
0,1,0.5560581088066101
1,1,0.9817292094230652
0,0,0.0012795822694897652
1,1,0.9781729578971863
0,0,0.030011620372533798
0,0,0.00014552471111528575
1,1,0.999972939491272
1,1,0.9999922513961792
0,0,2.6555660497251665e-06
1,1,0.9978004097938538
1,0,0.04136325418949127
0,0,0.0004134213086217642
1,1,0.7295125722885132
1,1,0.9778043627738953
1,1,0.814424455165863
0,1,0.5855970978736877
1,1,0.856818437576294
0,0,0.11767668277025223
0,0,0.003073161467909813
1,1,0.8086591362953186
0,0,0.007197981234639883
1,1,0.9979402422904968
0,0,0.00762407761067152
0,0,0.0005581704899668694
1,1,0.9894620776176453
1,1,0.9999064207077026
1,0,0.4793712794780731
0,0,0.006218415684998035
1,1,0.9693163633346558
0,0,0.004913661163300276
1,1,0.9982934594154358
0,0,0.03386147320270538
0,1,0.6409257650375366
0,1,0.6096513867378235
1,1,0.8190696835517883
1,1,0.856952965259552
1,1,0.9999802112579346
1,1,0.997568666934967
0,0,0.05802572891116142
1,1,0.8561028838157654
1,1,0.9434249401092529
1,1,0.9965144991874695
0,0,0.08162249624729156
1,1,0.996691107749939
1,1,0.999993085861206
0,0,4.797524161403999e-05
1,0,0.27826032042503357
1,1,0.9972919821739197
1,1,0.9998940229415894
0,0,0.00012658943887799978
0,0,0.24169352650642395
1,1,0.9971269965171814
1,1,0.9537153840065002
1,1,0.999980092048645
1,1,0.9999239444732666
1,1,0.9999889135360718
1,1,0.9999483823776245
0,0,0.00035254782414995134
0,0,0.01647571474313736
1,1,0.9731405973434448
0,1,0.9879927635192871
1,1,0.9927487969398499
0,0,0.00014962366549298167
0,0,2.7692009098245762e-05
0,0,0.02247326821088791
0,0,0.17243847250938416
0,0,0.1547521948814392
1,1,0.9999943971633911
1,1,0.9982514977455139
0,0,0.1314559429883957
0,0,3.042860953428317e-05
0,0,6.54169634799473e-05
1,1,0.9999889135360718
1,1,0.9987578392028809
0,0,0.00043930363608524203
0,0,0.0007074515451677144
0,0,2.9903828817623435e-06
0,0,0.03656403347849846
1,0,0.48016810417175293
1,1,0.9614145159721375
1,1,0.981010377407074
0,0,2.4271197617053986e-05
0,0,0.00023153667279984802
0,0,0.0017206332413479686
0,0,0.00940923672169447
0,0,0.006903938949108124
1,1,0.999541163444519
0,0,0.031834136694669724
1,1,0.9975296854972839
0,0,0.0024900296702980995
1,1,0.9967160224914551
1,1,0.9994328618049622
1,1,0.9998569488525391
0,0,0.0003454117104411125
1,1,0.9999227523803711
0,0,0.03234552592039108
0,0,7.2270464443136e-05
1,1,0.8299795389175415
0,0,0.0009898701682686806
1,1,0.9992262125015259
0,0,0.0016006451332941651
0,0,0.0019631912000477314
1,1,0.9945927262306213
0,0,0.017673572525382042
1,1,0.9948180317878723
0,0,0.3865991532802582
0,0,0.0003399929264560342
1,1,0.9997549653053284
0,0,0.0027082066517323256
0,0,4.774006811203435e-05
1,1,0.9676493406295776
0,0,1.6260795746347867e-05
0,0,0.0023633476812392473
0,0,0.03035414032638073
0,0,0.0006085856002755463
0,0,0.0003293231420684606
0,0,0.00010416484292363748
0,1,0.9936562180519104
0,0,0.009129505604505539
1,1,0.9982413053512573
1,1,0.9623768925666809
0,0,0.06346765160560608
0,0,7.753381214570254e-05
0,0,0.04262259602546692
0,0,0.0002186379861086607
1,1,0.9987188577651978
1,1,0.994400680065155
1,1,0.9761442542076111
1,1,0.998977541923523
0,0,0.035579584538936615
0,0,0.003351028310135007
0,0,0.003317427821457386
1,1,0.9982226490974426
1,1,0.9537563920021057
1,1,0.9997236132621765
0,0,0.0011333897709846497
1,1,0.934656023979187
1,1,0.9969660639762878
1,1,0.9811546206474304
0,0,3.587542352079254e-08
0,1,0.6793125867843628
1,0,0.19596929848194122
1,1,0.9510342478752136
0,0,1.1299915740892175e-06
1,1,0.9904898405075073
0,0,0.0003691613965202123
1,1,0.9548730850219727
0,0,2.3201018883867164e-09
0,0,0.002849200740456581
1,1,0.9956668615341187
0,0,4.743393583339639e-05
0,0,0.0013359292643144727
0,1,0.662072479724884
0,0,0.00016598084766883403
0,0,0.07126359641551971
0,0,0.001984689850360155
0,0,0.04231484234333038
0,0,0.0029774392023682594
0,0,0.0038061479572206736
0,1,0.7965255975723267
0,0,0.04522015154361725
1,1,0.9993689656257629
0,0,0.0009824280859902501
1,1,0.9993380904197693
1,1,0.995542585849762
1,1,0.997272789478302
0,0,0.29622212052345276
0,0,0.17774856090545654
1,1,0.9637230634689331
1,1,0.9919247031211853
0,0,0.026246512308716774
0,0,0.016527589410543442
0,0,0.33121034502983093
0,0,0.0005779914790764451
1,1,0.9999253749847412
1,1,0.980494499206543
1,1,0.9357371926307678
1,1,0.9964534044265747
0,0,0.0003053684486076236
0,0,6.972116352699231e-06
0,0,4.829831595998257e-06
1,1,0.8052340745925903
1,1,0.9747465252876282
0,0,0.08789337426424026
1,1,0.9998254179954529
1,1,0.99988853931427
1,1,0.9998447895050049
0,0,0.24517019093036652
1,1,0.9987273812294006
1,1,0.999894380569458
1,1,0.9978694915771484
1,1,0.9709497690200806
0,0,0.31555110216140747
1,1,0.7405392527580261
1,1,0.9998195767402649
0,0,0.00019209246966056526
0,0,0.0022651765029877424
0,0,0.36049291491508484
0,0,0.0005377177149057388
0,0,2.9549239570769714e-06
0,0,2.0285267964936793e-05
0,0,0.00016417763254139572
0,0,0.016970960423350334
0,0,0.0049608610570430756
0,1,0.8834553360939026
1,1,0.9997584223747253
1,1,0.9993478655815125
1,1,0.9953759908676147
1,1,0.9876806735992432
0,0,0.0007783006876707077
1,1,0.9998713731765747
1,1,0.9988002777099609
0,0,0.042118340730667114
1,1,0.9991494417190552
0,0,0.12179740518331528
1,1,0.9965612292289734
0,0,0.0011294079013168812
0,0,3.904083314409945e-06
1,1,0.9998441934585571
1,1,0.9996500015258789
0,0,0.00022313852969091386
0,0,0.00022599243675358593
0,0,6.225587276276201e-05
1,1,0.9749428033828735
0,0,0.16637864708900452
0,0,0.0034008631482720375
0,0,8.427700959146023e-05
0,0,0.0470605231821537
0,0,5.5825639719842e-05
0,0,1.7448212020099163e-05
0,0,0.006298817228525877
0,0,0.11656945943832397
0,0,0.03719323128461838
0,0,0.00016791127563919872
0,0,0.0004730341024696827
0,0,0.016068460419774055
1,1,0.9933213591575623
1,1,0.9998152852058411
0,0,0.0026723514311015606
1,1,0.9999934434890747
0,0,0.35658931732177734
0,1,0.9141296744346619
0,1,0.5396510362625122
1,1,0.9975852966308594
0,0,4.830191028304398e-05
1,1,0.992351233959198
1,1,0.9999446868896484
0,0,0.0008569913334213197
0,0,0.04321730509400368
1,1,0.9957607388496399
0,0,0.00023382171639241278
0,0,0.10618431866168976
1,1,0.9040674567222595
0,0,0.009913005866110325
1,1,0.975856602191925
0,0,4.1786065594351385e-06
0,0,7.006075975368731e-06
0,0,7.583169463032391e-06
1,1,0.9996428489685059
0,0,0.001830994850024581
0,0,0.000685215403791517
0,0,0.016069086268544197
1,0,0.04949146509170532
1,1,0.9999513626098633
1,1,0.9797856211662292
1,1,0.9795127511024475
1,1,0.9973758459091187
0,0,8.925668225856498e-05
1,1,0.9969950914382935
0,0,9.809614130062982e-05
1,1,0.9995582699775696
0,0,0.006462933029979467
0,0,0.00013313876115716994
0,0,0.04409344866871834
1,0,0.13440503180027008
1,1,0.9987574815750122
0,1,0.9431455135345459
1,1,0.9989426732063293
0,0,0.028857974335551262
1,1,0.9999046325683594
1,1,0.9639831185340881
1,1,0.9984179735183716
0,0,3.154673322569579e-05
1,1,0.9953834414482117
1,0,0.01450392697006464
1,1,0.8395788073539734
0,0,0.018782980740070343
0,0,0.003707501105964184
0,0,3.796925739152357e-05
1,1,0.881165623664856
1,1,0.9989858269691467
1,1,0.9999940395355225
1,1,0.9694193005561829
1,1,0.9998082518577576
0,0,0.010814933106303215
0,0,0.04467763751745224
0,0,1.5670111679355614e-05
1,1,0.9982821941375732
1,1,0.9996941089630127
0,0,0.011670053005218506
1,1,0.9990498423576355
0,0,0.12188789993524551
1,1,0.999976634979248
0,0,0.00126516108866781
0,0,0.0003826831525657326
1,1,0.9989511966705322
1,0,0.003639536676928401
0,0,0.015718869864940643
1,1,0.9873601794242859
1,1,0.7299138307571411
0,0,0.05555910989642143
1,1,0.9993320107460022
0,0,5.536730168387294e-05
0,0,3.0302930099423975e-05
1,1,0.9971612691879272
1,1,0.9007406234741211
1,1,0.9951181411743164
0,0,0.025913400575518608
0,1,0.7009133696556091
1,1,0.99446702003479
1,1,0.9995564818382263
1,1,0.9918911457061768
0,0,0.0008794415043666959
0,0,0.0016591082094237208
1,1,0.9914154410362244
1,1,0.9865466356277466
0,0,0.14477607607841492
1,1,0.9472184181213379
1,1,0.997755229473114
1,1,0.9888691902160645
0,0,0.00438289437443018
1,1,0.9976629018783569
1,1,0.9942451119422913
1,1,0.984198808670044
0,0,9.044902253663167e-05
1,1,0.9993021488189697
0,0,0.0013876085868105292
1,1,0.9997801184654236
1,1,0.997728168964386
1,1,0.999880313873291
0,0,0.1838417947292328
1,1,0.8812124133110046
1,1,0.9998904466629028
1,1,0.8406051993370056
0,1,0.9982147216796875
0,0,0.009587273001670837
0,0,0.003448484232649207
0,0,0.004195644054561853
0,0,0.0024476246908307076
1,1,0.7863341569900513
1,1,0.998404324054718
1,1,0.83305424451828
1,1,0.9824224710464478
0,0,6.901052984176204e-05
0,0,0.011566546745598316
1,1,0.95650714635849
0,0,0.08564449101686478
0,0,0.06682062149047852
0,0,0.1043115183711052
1,1,0.9980785846710205
1,1,0.9859981536865234
0,0,0.007170242257416248
0,0,0.071335569024086
0,0,0.013365260325372219
1,1,0.9382041692733765
1,0,0.09192043542861938
0,0,0.2188584953546524
1,1,0.9843436479568481
0,0,0.001933572581037879
1,1,0.9998770952224731
1,1,0.9929954409599304
1,1,0.9912105798721313
1,1,0.9981017708778381
1,1,0.9999922513961792
0,0,0.016864866018295288
0,0,0.00011536687816260383
0,0,0.007240355014801025
0,0,0.0014818458585068583
0,0,0.00018240712233819067
0,0,0.009687676094472408
1,0,0.18871356546878815
0,0,0.0016308771446347237
0,0,0.011024925857782364
1,1,0.9863550066947937
0,0,3.443572859396227e-05
1,1,0.9999767541885376
0,0,0.008558047004044056
1,1,0.9999842643737793
1,1,0.9523228406906128
1,1,0.9995799660682678
1,1,0.8971918225288391
1,1,0.9768118262290955
1,1,0.9999558925628662
1,1,0.9981246590614319
0,0,0.04333648085594177
1,1,0.9996446371078491
0,0,0.32481619715690613
1,1,0.5161144137382507
1,1,0.9999892711639404
0,0,0.0971439778804779
0,0,0.36849215626716614
1,1,0.9996039271354675
1,1,0.8685052990913391
0,0,0.37659621238708496
0,0,0.04046127200126648
1,1,0.9890056252479553
0,0,0.0023620515130460262
0,0,0.18398317694664001
0,0,0.13816800713539124
1,1,0.9998980760574341
0,1,0.8592544198036194
1,1,0.7706794738769531
1,1,0.9997867941856384
1,1,0.946992039680481
0,1,0.7971447706222534
1,1,0.964901864528656
1,1,0.985008716583252
0,0,0.18893204629421234
0,0,0.050810329616069794
0,0,5.4177187848836184e-05
0,0,0.0026912724133580923
1,1,0.9459517002105713
0,0,6.988842505961657e-05
1,1,0.9609864950180054
1,0,0.01758505217730999
0,0,0.020498327910900116
0,0,8.342623914359137e-05
1,0,0.11399118602275848
0,0,1.6356914784410037e-05
0,0,2.162542841688264e-05
0,0,0.10736536234617233
0,0,3.6263204492570367e-06
1,1,0.9991412162780762
1,0,0.02373053878545761
1,1,0.9834417700767517
1,1,0.8087253570556641
1,1,0.9919032454490662
0,0,0.0004388746165204793
0,0,0.013910042122006416
0,0,0.001549234613776207
0,0,0.10192050784826279
1,1,0.9996269941329956
1,1,0.989591658115387
1,0,0.018315279856324196
1,1,0.9997339844703674
0,0,0.0007740381988696754
0,0,0.0002539357228670269
0,0,0.037351347506046295
0,0,0.10205501317977905
0,0,0.00047299236757680774
0,0,0.0016627681907266378
0,0,0.00013274313823785633
0,0,7.924444798845798e-05
1,1,0.9979616403579712
1,1,0.9870855212211609
0,0,0.0002685460785869509
1,0,0.15786966681480408
0,1,0.9801401495933533
1,1,0.999530553817749
1,1,0.9995868802070618
0,0,2.038160164374858e-05
0,0,0.44236162304878235
1,1,0.9743303060531616
0,0,0.00022874078422319144
1,1,0.996840238571167
1,1,0.9999970197677612
0,0,0.0026321334298700094
1,1,0.9999891519546509
0,0,5.4025513236410916e-05
0,0,0.0001848608662839979
1,1,0.9998767375946045
1,1,0.9999752044677734
1,1,0.9999170303344727
1,1,0.946824312210083
0,0,0.06040138378739357
0,0,0.0009249723516404629
1,1,0.9949466586112976
0,0,0.003851289162412286
1,1,0.998139500617981
0,0,0.005232438910752535
1,1,0.9998249411582947
1,1,0.9991544485092163
0,0,0.17307180166244507
1,1,0.9676207304000854
1,1,0.9991843104362488
0,0,0.0019638545345515013
0,0,0.0002910402254201472
0,0,0.0008418320794589818
0,0,0.0006652481970377266
0,0,0.004027572460472584
0,0,2.5409759473404847e-05
1,1,0.9998507499694824
0,0,0.031482111662626266
0,0,4.447358151082881e-05
1,1,0.8314566016197205
1,1,0.5508912801742554
0,0,0.0002654785057529807
0,1,0.8696697950363159
0,0,0.01710490696132183
0,0,4.601720502250828e-05
1,1,0.9996618032455444
0,0,0.0018857724498957396
0,0,0.0009176831808872521
0,0,0.0001890444109449163
0,0,0.014296414330601692
1,0,0.3277988135814667
0,0,0.15094485878944397
0,0,0.40091419219970703
0,0,0.027794212102890015
0,0,0.015483319759368896
0,0,2.590179065009579e-06
1,1,0.7582513689994812
0,0,5.506705565494485e-05
0,0,3.625806130003184e-05
0,0,0.2483057677745819
1,1,0.7266842722892761
1,1,0.6467873454093933
1,1,0.9957120418548584
0,1,0.9154419898986816
1,0,0.006383955478668213
0,0,0.22880589962005615
0,0,0.018443625420331955
1,1,0.9995107650756836
0,0,0.00034499343018978834
0,0,0.0038468518760055304
0,0,2.2746396552975057e-06
0,0,9.859010788204614e-06
0,0,0.0006573779392056167
1,1,0.8145387768745422
0,0,0.001041209907270968
1,1,0.9942319989204407
0,0,0.006673769094049931
1,1,0.9953969120979309
0,0,0.0005299500771798193
1,1,0.9606661796569824
1,1,0.8074943423271179
1,1,0.9805400967597961
0,0,0.1639496386051178
1,0,0.15889179706573486
1,1,0.9998917579650879
1,1,0.9961174726486206
1,1,0.967559814453125
0,0,0.00040461859316565096
0,0,0.0003411211655475199
1,1,0.9567360281944275
0,0,0.0024339165538549423
1,1,0.9992101192474365
0,0,0.010926341637969017
0,1,0.6159989237785339
0,0,0.000913347874302417
1,1,0.8540377616882324
0,0,0.11635442823171616
0,0,0.00010492088040336967
1,1,0.832472562789917
1,1,0.7314144968986511
1,1,0.9952898025512695
0,0,0.0003304131387267262
1,1,0.9972023963928223
0,0,0.0008608510834164917
1,1,0.9791676998138428
0,0,0.004173445515334606
1,1,0.9936277866363525
0,0,0.00031188022694550455
0,1,0.8715245723724365
1,1,0.9990842342376709
0,0,0.00046856162953190506
0,0,0.29838380217552185
0,0,0.036061882972717285
0,0,1.3283643056638539e-05
1,1,0.9863051176071167
1,1,0.9982208609580994
1,1,0.998687207698822
0,1,0.8970664143562317
0,0,0.2891048789024353
1,1,0.9986423850059509
0,0,0.002552200108766556
1,1,0.9933485388755798
1,1,0.9969518184661865
0,0,0.46943435072898865
0,0,0.07716643065214157
1,1,0.994699239730835
0,0,0.2227974236011505
0,0,6.571451376657933e-05
0,0,0.015246603637933731
0,0,2.915333789133001e-05
0,0,0.004616681952029467
1,1,0.9998403787612915
1,1,0.9983468055725098
1,1,0.999896764755249
1,1,0.9975041747093201
0,0,0.0006159991608001292
0,0,0.33125171065330505
0,0,0.010545413009822369
1,1,0.9978380799293518
1,1,0.999790608882904
1,1,0.9937020540237427
1,1,0.9999936819076538
1,1,0.9989587068557739
1,1,0.9979967474937439
1,1,0.99826580286026
0,0,0.02872222661972046
1,1,0.9997703433036804
0,0,0.07755064964294434
0,1,0.7202281951904297
1,1,0.9976388216018677
1,1,0.9999754428863525
1,1,0.9979298114776611
0,0,0.11637445539236069
0,0,0.013968616724014282
0,0,7.482810178771615e-05
1,1,0.9951565861701965
0,0,0.00021442661818582565
0,0,2.50390494329622e-05
1,1,0.9962639212608337
0,0,0.003979163710027933
0,0,2.924807176896138e-06
0,0,0.025550873950123787
0,0,0.24831470847129822
0,0,0.009007624350488186
0,0,4.6149878471624106e-05
1,1,0.6777992844581604
0,0,2.6210303985862993e-05
0,0,0.01529648993164301
0,0,0.0008928013849072158
1,1,0.9999452829360962
0,0,0.01108041312545538
1,1,0.9884418845176697
0,1,0.9930779337882996
1,1,0.999337375164032
1,1,0.9996751546859741
0,0,4.668714481681491e-08
0,0,0.026270950213074684
1,1,0.9991359114646912
1,1,0.9994087219238281
1,1,0.9760450124740601
1,1,0.9643908143043518
0,0,0.2753619849681854
1,1,0.999785840511322
1,1,0.9513296484947205
0,0,0.12379665672779083
1,1,0.9963998794555664
0,0,0.01101478561758995
1,1,0.9978708028793335
1,1,0.9967814683914185
1,1,0.9948318004608154
0,0,0.0001341745228273794
0,0,0.03449501469731331
0,0,0.3910180926322937
1,1,0.9978411197662354
0,0,0.017187103629112244
1,1,0.9975230097770691
1,1,0.9975206255912781
1,1,0.9997774958610535
1,1,0.9999982118606567
1,1,0.9971515536308289
1,1,0.9998569488525391
1,1,0.9880726337432861
0,0,0.000505568110384047
1,0,0.20143339037895203
0,0,0.018746281042695045
0,0,1.0558999896659316e-08
1,1,0.9998672008514404
1,1,0.7971864938735962
0,0,0.29988741874694824
1,1,0.9951131939888
1,1,0.9981234669685364
1,1,0.9894694089889526
0,0,0.0004070085706189275
0,0,0.0007944396347738802
0,0,0.00035764731001108885
1,1,0.9999450445175171
1,1,0.9995311498641968
0,0,0.0136895552277565
0,0,0.00042783349636010826
0,0,1.287894065171713e-06
1,1,0.9970843195915222
1,1,0.9991281628608704
0,0,0.06720039248466492
0,0,0.003180865431204438
1,1,0.9999822378158569
1,1,0.9412171244621277
0,0,0.001182384672574699
0,0,0.002811806509271264
0,0,0.11648713797330856
0,0,3.145133860016358e-06
0,0,0.27887818217277527
0,0,0.07219402492046356
0,0,0.00016873300774022937
0,1,0.6304607391357422
1,1,0.9921022057533264
1,1,0.9821377992630005
0,0,0.004312596749514341
0,0,0.003312991000711918
0,0,0.010151578113436699
1,1,0.9996182918548584
1,1,0.9924342632293701
1,1,0.9792680740356445
0,0,0.3610026240348816
0,0,0.16195406019687653
0,0,0.00011425903358031064
0,0,0.020385582000017166
1,1,0.9962990880012512
1,1,0.9999244213104248
1,1,0.9993380904197693
0,0,0.0002289664262207225
0,0,0.0010538708884269
0,0,0.0006550502148456872
1,1,0.9962448477745056
1,1,0.9987326264381409
1,1,0.9838878512382507
0,0,0.02172878384590149
1,1,0.9674341678619385
1,1,0.9880717992782593
1,1,0.9812672138214111
1,1,0.9764993786811829
1,1,0.9941693544387817
1,1,0.9999860525131226
1,0,0.3309212028980255
1,1,0.998608410358429
0,0,6.412552465917543e-05
0,0,0.009548746049404144
0,0,0.00020140012202318758
0,0,0.2030995935201645
0,0,0.02871379256248474
1,1,0.9976263642311096
0,0,0.00027240277267992496
1,1,0.9918853044509888
0,0,0.0018794038332998753
0,0,0.0778314620256424
1,1,0.9999914169311523
1,1,0.9999227523803711
1,1,0.9998550415039062
1,1,0.8698475360870361
0,0,0.009736103937029839
0,0,0.000373046234017238
1,1,0.9999490976333618
0,0,0.0264794509857893
0,0,0.09116428345441818
1,1,0.9996490478515625
0,0,0.015487425029277802
0,0,0.007421765476465225
1,1,0.9953517913818359
1,1,0.9984159469604492
0,0,0.001195636228658259
0,0,0.00013979527284391224
1,1,0.9767945408821106
0,0,0.002415968105196953
1,1,0.9997996687889099
0,0,0.04191785305738449
0,0,0.00014420993102248758
1,1,0.917422354221344
1,1,0.9998606443405151
1,0,0.324980229139328
1,1,0.9956661462783813
0,0,0.006711853202432394
1,1,0.997635006904602
0,0,0.050599224865436554
1,1,0.9902886152267456
1,1,0.9998328685760498
1,1,0.9992127418518066
0,0,7.745102266198955e-06
0,0,0.025219358503818512
1,1,0.996926486492157
1,1,0.9901100993156433
1,1,0.9921974539756775
1,1,0.9837191700935364
1,1,0.6071262955665588
0,0,0.009343549609184265
0,1,0.8719407320022583
1,1,0.8325788378715515
0,0,0.00013283886073622853
0,0,0.0016919568879529834
0,0,0.003002461278811097
0,0,7.250792987179011e-05
1,1,0.9940471649169922
1,1,0.9900376796722412
0,0,0.00048652361147105694
0,0,1.2265557458590592e-08
0,0,0.020042473450303078
0,0,0.004441289696842432
0,0,0.001040357630699873
0,0,0.00027468660846352577
1,1,0.9993990659713745
1,1,0.9993591904640198
1,1,0.9820190668106079
0,0,0.0027228735852986574
0,0,6.896638660691679e-05
0,0,1.888623955892399e-05
0,1,0.9965531826019287
1,1,0.9385299682617188
1,1,0.9977914094924927
0,0,0.008065980859100819
0,0,0.025165118277072906
1,1,0.99970942735672
1,1,0.9995803236961365
0,0,0.00027677681646309793
0,0,0.000730307016056031
1,1,0.9738619327545166
0,0,0.0017516460502520204
0,0,0.004488965962082148
0,0,0.035180334001779556
0,0,0.01982509344816208
0,0,0.00013267491885926574
0,0,0.004651909694075584
0,0,0.0008524362347088754
0,0,0.0005693904822692275
0,0,0.027685143053531647
0,0,0.002386907348409295
0,0,0.00012238982890266925
0,0,3.463058601482771e-05
1,1,0.9276872277259827
0,0,0.09845656156539917
1,1,0.9999045133590698
1,1,0.9734839797019958
0,1,0.7702787518501282
0,0,0.0010929680429399014
0,0,0.00032487226417288184
1,1,0.9295376539230347
0,0,1.5806179362698458e-05
1,1,0.9982049465179443
1,1,0.9975013136863708
1,1,0.9327272772789001
0,1,0.850340723991394
0,0,0.002416423289105296
0,0,1.0103130989591591e-06
0,0,0.0035605509765446186
1,1,0.9958013892173767
1,1,0.9509610533714294
0,0,0.010432752780616283
0,0,3.448803909122944e-07
0,0,0.13467667996883392
1,1,0.9666290283203125
0,0,0.21637554466724396
0,0,0.00023026179405860603
0,0,0.00027366686845198274
0,0,0.1842883974313736
1,1,0.9999531507492065
0,0,1.1863146937685087e-05
0,0,0.0004741206648759544
1,1,0.9590163230895996
0,0,0.012695126235485077
0,0,0.17472755908966064
0,0,0.0001296487607760355
0,0,0.0005639927112497389
0,0,4.0133950278686825e-06
0,0,0.08868920803070068
0,0,0.00010903573274845257
1,1,0.9998760223388672
1,1,0.9999251365661621
0,0,0.0313153900206089
0,0,0.0028030762914568186
1,1,0.999152421951294
0,0,0.00012503002653829753
1,1,0.9992551207542419
1,1,0.9998461008071899
1,1,0.9987725615501404
1,1,0.9983099699020386
0,0,0.0009933875408023596
1,1,0.9461334943771362
0,0,0.13698425889015198
0,0,0.013951589353382587
0,0,0.013331091962754726
0,0,0.000497186731081456
1,1,0.9792712330818176
0,0,0.0031302080024033785
1,1,0.7158281207084656
0,0,0.0016006588703021407
1,1,0.9919092059135437
0,0,0.0036771264858543873
0,0,0.006204161327332258
0,0,0.0106112165376544
0,0,0.39057162404060364
0,0,0.00015943095786496997
1,1,0.9999333620071411
0,0,0.03834637999534607
0,1,0.6744428873062134
0,0,0.061258718371391296
0,1,0.7340297102928162
1,0,0.4653138816356659
0,0,0.0003589418774936348
1,1,0.999994158744812
0,0,0.0032887437846511602
1,0,0.13246017694473267
0,0,6.569934339495376e-05
1,1,0.9735774397850037
1,1,0.9991129040718079
0,0,0.008002536371350288
0,0,2.703408790694084e-05
0,0,0.06577718257904053
1,1,0.9889808893203735
0,0,0.15076491236686707
1,1,0.9951261281967163
1,1,0.999936580657959
0,0,0.03328273072838783
0,0,0.0004452640423551202
1,1,0.9999352693557739
0,0,0.00011279167665634304
0,0,0.0029602423310279846
0,0,4.6147582111188967e-07
0,0,0.0002755776804406196
0,0,0.03731744736433029
0,0,0.14653171598911285
0,0,0.003078562906011939
1,1,0.9914705157279968
1,1,0.9957774877548218
0,0,0.17870089411735535
0,0,3.5968434531241655e-05
1,1,0.9981284737586975
0,0,0.0017871613381430507
1,1,0.9994068145751953
1,1,0.9930480122566223
1,1,0.9966362714767456
1,1,0.9968947172164917
0,0,0.17031550407409668
1,1,0.9990992546081543
0,1,0.9139983057975769
1,1,0.9994539618492126
0,0,0.18047760426998138
0,0,0.00011271092807874084
0,0,0.04806052893400192
0,1,0.8932042121887207
0,0,0.026873009279370308
0,0,0.021876271814107895
1,1,0.9930428266525269
0,0,0.016315964981913567
0,0,2.6543824787950143e-05
0,0,0.021163741126656532
1,1,0.9499997496604919
0,0,0.00045669733663089573
0,0,0.0019970282446593046
1,1,0.5391988754272461
1,1,0.7960116267204285
1,1,0.9975128173828125
0,0,0.025310691446065903
1,1,0.9957596659660339
1,1,0.9984071850776672
1,1,0.9999531507492065
1,1,0.9973427653312683
1,1,0.9829556941986084
0,0,0.0003416373219806701
0,0,0.030577300116419792
1,1,0.999818742275238
1,1,0.9998694658279419
1,1,0.9996832609176636
0,0,0.00038191999192349613
0,0,2.4900960852392018e-05
0,0,0.0005037469090893865
1,1,0.9956871867179871
1,1,0.9993035793304443
1,1,0.9998999834060669
0,0,9.083445320356986e-07
0,0,0.038920775055885315
0,0,0.023174816742539406
0,0,0.09903272241353989
1,1,0.9998329877853394
0,0,0.26291853189468384
0,1,0.8226632475852966
1,1,0.9936437606811523
1,1,0.872603714466095
0,0,0.00010309876961400732
0,0,0.02253676950931549
0,0,0.0007959468057379127
0,0,0.13885505497455597
1,1,0.9975747466087341
0,0,0.002435252768918872
0,0,0.00017276106518693268
1,1,0.9996552467346191
0,0,2.186171150242444e-05
0,0,0.004981213249266148
0,0,4.361928949947469e-05
0,0,0.002430412219837308
0,0,6.297310028458014e-05
0,0,0.0025680328253656626
0,0,0.000209784644539468
0,0,0.0004321414162404835
1,1,0.9496415257453918
0,0,0.00521949864923954
1,1,0.998170018196106
1,1,0.934767484664917
0,0,0.18981727957725525
1,1,0.9996633529663086
1,1,0.9998990297317505
1,1,0.9485394954681396
1,1,0.9823216199874878
1,1,0.9999982118606567
0,0,0.0007529559661634266
1,1,0.9999547004699707
0,0,0.019793521612882614
0,0,0.001175995683297515
0,0,0.03754367679357529
0,0,0.00635751336812973
1,1,0.991313636302948
1,1,0.9590753316879272
1,1,0.9999285936355591
1,1,0.9969287514686584
1,1,0.994852602481842
0,0,0.30314651131629944
0,1,0.5010984539985657
1,1,0.999792754650116
1,1,0.9216740131378174
1,1,0.9951983094215393
1,1,0.9995926022529602
1,1,0.9902741312980652
1,1,0.647861897945404
0,0,0.19792336225509644
0,0,0.09669094532728195
1,1,0.9999418258666992
1,1,0.9833574295043945
0,0,0.013524793088436127
1,1,0.9978660941123962
1,1,0.9997000694274902
1,1,0.999997615814209
0,0,0.00042893094359897077
1,1,0.9999885559082031
1,1,0.972179114818573
0,0,0.04765166714787483
1,1,0.9998084902763367
1,1,0.9809576272964478
1,1,0.9222567081451416
1,0,0.46569836139678955
1,1,0.9594137072563171
0,0,0.1688980609178543
1,1,0.9951564073562622
1,1,0.998306393623352
0,0,7.656076195416972e-05
0,0,0.0036070288624614477
1,1,0.9983721375465393
1,1,0.9944816827774048
1,1,0.9960126876831055
0,1,0.775467574596405
1,1,0.997307300567627
1,1,0.9999767541885376
1,1,0.9860574007034302
0,0,0.0007385689532384276
1,1,0.9900007247924805
0,0,0.3026508092880249
1,1,0.9903719425201416
0,0,0.00340724503621459
0,0,0.025608738884329796
1,1,0.9990266561508179
0,0,5.021052515985502e-07
0,1,0.5394994020462036
1,1,0.9979812502861023
1,1,0.9995768666267395
0,0,0.0017316450830549002
1,1,0.9994868040084839
0,0,0.42095255851745605
1,1,0.9898155927658081
0,0,0.0004149327287450433
0,0,0.000842995650600642
0,0,0.0016363069880753756
0,0,2.796364606183488e-05
0,0,0.0009386288002133369
0,0,0.20713667571544647
0,0,0.0012869873316958547
1,1,0.9996583461761475
1,1,0.9998435974121094
1,0,0.3463517129421234
0,0,0.01727725751698017
0,0,0.0012531470274552703
0,0,0.4682067632675171
0,1,0.9890286922454834
0,0,0.0019824726041406393
1,1,0.9980675578117371
0,0,0.0042457422241568565
0,1,0.8582732081413269
0,0,0.0035773897543549538
1,1,0.7321364283561707
1,1,0.99822598695755
0,0,0.08043520152568817
1,1,0.9748749732971191
1,1,0.999245285987854
1,1,0.9996196031570435
1,1,0.9460554122924805
1,1,0.9998635053634644
0,0,5.795769902761094e-05
1,1,0.9999428987503052
1,1,0.9998579025268555
0,0,0.0008108844049274921
0,0,0.05051980912685394
0,0,0.13359718024730682
1,1,0.999553382396698
0,0,0.00046488948282785714
0,0,0.015100550837814808
1,1,0.9893826246261597
1,1,0.9756306409835815
0,0,0.02926364541053772
1,1,0.9631754755973816
1,1,0.9979485869407654
1,1,0.9365861415863037
1,1,0.9149457812309265
1,1,0.9998955726623535
1,1,0.9990272521972656
0,0,0.008600113913416862
0,0,1.5068241737026256e-05
0,0,0.000196953333215788
0,0,0.1293257474899292
0,0,0.043541502207517624
0,0,0.06224516034126282
0,0,0.0003514628915581852
1,1,0.9998974800109863
1,0,0.30129584670066833
1,1,0.804900586605072
1,1,0.9975772500038147
1,1,0.9999991655349731
0,0,0.03021184727549553
1,1,0.9999760389328003
0,0,6.406030479411129e-06
1,1,0.9905441999435425
0,0,0.018623290583491325
1,1,0.9901171326637268
1,1,0.9983695149421692
0,0,0.01520759891718626
1,1,0.9999947547912598
0,0,4.4498276110971346e-05
0,0,0.07864818722009659
0,0,3.78737531718798e-05
1,1,0.985862672328949
1,1,0.9999828338623047
0,0,0.27444058656692505
0,0,0.0010288964258506894
0,0,8.07327960501425e-05
1,0,0.04330213740468025
0,0,0.3275839388370514
0,0,0.00011285160144325346
0,0,0.00012526749924290925
0,1,0.977026641368866
1,1,0.5413207411766052
0,0,0.015501494519412518
0,0,2.02531591639854e-05
0,0,0.007591406814754009
1,1,0.9750303030014038
0,0,0.1227860152721405
0,0,0.0006626241374760866
0,1,0.5133418440818787
0,0,0.003257237607613206
0,0,2.2927813915885054e-05
0,0,0.01605607196688652
0,0,0.02777751535177231
0,0,0.0028507050592452288
0,0,3.529258174239658e-05
1,1,0.9997175335884094
0,0,8.494045323459432e-05
1,1,0.9325249195098877
1,1,0.9998736381530762
0,0,0.09581631422042847
1,0,0.028301365673542023
1,1,0.9991536140441895
0,0,3.205833490937948e-05
1,1,0.997677743434906
1,1,0.9985867738723755
1,1,0.9999489784240723
1,1,0.9988946318626404
1,1,0.9999266862869263
1,1,0.7574136853218079
1,1,0.8680036067962646
0,0,0.2637379765510559
0,0,8.582099690102041e-05
1,1,0.9861915111541748
1,1,0.999663233757019
1,1,0.999980092048645
1,1,0.9012284278869629
0,0,5.831330781802535e-06
0,0,0.0024815837386995554
0,0,0.0038260933943092823
1,1,0.9801124334335327
0,0,1.4443643522099592e-05
0,0,3.60006233677268e-05
0,0,0.003978451248258352
0,0,1.716560473141726e-05
0,0,1.2258186643521185e-06
0,0,0.05991602689027786
0,0,0.016828542575240135
0,0,0.04720761254429817
0,0,0.0048609268851578236
0,0,6.453383321058936e-07
1,1,0.8698095083236694
0,0,0.0009102481999434531
0,0,0.002465007593855262
0,0,0.008194693364202976
0,0,0.02430153638124466
1,1,0.9999051094055176
1,1,0.9986661672592163
1,1,0.9997554421424866
0,0,0.04344670847058296
0,0,0.0006014961400069296
0,0,0.0032792433630675077
0,0,0.05431458726525307
0,0,0.0001675803359830752
0,0,2.905671499320306e-05
0,0,0.0009555921424180269
0,0,0.0008770215208642185
1,1,0.9931869506835938
1,1,0.998819887638092
1,1,0.8859049081802368
1,1,0.9936902523040771
0,0,0.0005568045889958739
1,1,0.9944677352905273
0,0,1.6038453395594843e-05
1,1,0.9991422891616821
1,1,0.995096743106842
1,1,0.9601168632507324
1,1,0.99989914894104
0,0,0.0023089060559868813
0,0,0.006503807380795479
0,0,0.0004384600033517927
0,1,0.7192713618278503
1,1,0.9999408721923828
0,0,0.0025528641417622566
1,1,0.9931508302688599
0,0,0.0015564693603664637
0,0,0.0019297822145745158
0,0,0.049304813146591187
0,0,0.4746031165122986
0,0,0.0058279442600905895
0,0,0.11734502017498016
0,0,0.0105418860912323
0,0,0.004560298286378384
0,0,0.12773840129375458
0,0,0.1189369484782219
1,1,0.9998570680618286
1,1,0.999995231628418
1,1,0.9974977374076843
1,1,0.9997788071632385
1,1,0.9982746839523315
1,1,0.9821121692657471
1,1,0.9508135914802551
1,1,0.9599077701568604
0,0,6.25931570539251e-05
1,1,0.9975001215934753
1,1,0.9999713897705078
0,0,0.1409047693014145
0,0,0.4956645965576172
0,0,0.009560826234519482
1,1,0.9999545812606812
1,1,0.9997485280036926
1,1,0.9515022039413452
0,0,9.802468412090093e-06
0,0,0.4739704728126526
1,1,0.99934321641922
1,1,0.9314731955528259
0,0,0.0027906175237149
1,1,0.9671018123626709
0,0,0.020525788888335228
0,0,8.241758769145235e-05
0,0,0.0009052187670022249
1,1,0.9981971383094788
1,1,0.9999651908874512
1,1,0.9997760653495789
1,1,0.9999569654464722
1,1,0.7606406211853027
0,0,9.730191231938079e-05
1,1,0.997863233089447
1,1,0.9947730898857117
0,0,7.893048314144835e-05
1,1,0.9997230172157288
0,0,0.011261320672929287
1,1,0.8464439511299133
1,1,0.9983975291252136
0,0,0.002513149520382285
1,1,0.8295632004737854
0,0,0.0001348413497908041
0,0,0.026196520775556564
0,0,0.00017422276141587645
0,0,0.04420845955610275
0,0,0.049654800444841385
1,1,0.9961032867431641
1,1,0.9983896017074585
0,0,0.06787857413291931
1,1,0.9999308586120605
1,1,0.999868631362915
0,0,0.19865453243255615
0,0,1.8572334738564678e-05
1,1,0.9999505281448364
1,1,0.9975460171699524
1,1,0.9892844557762146
1,1,0.9982141256332397
0,0,1.7265752831008285e-05
0,0,2.541716412451933e-06
0,0,0.0016988369170576334
0,0,0.004131885711103678
0,0,0.0001100768567994237
0,0,0.002452265005558729
1,1,0.9999769926071167
1,1,0.9999797344207764
1,1,0.8253105282783508
1,1,0.9999536275863647
1,1,0.999800980091095
1,1,0.9993199110031128
0,0,0.0016628917073830962
1,1,0.9835045337677002
1,1,0.9996447563171387
1,1,0.9997950196266174
0,0,0.0008743535145185888
0,1,0.9683977365493774
0,0,0.0006364777218550444
0,0,0.05033896118402481
0,1,0.9968879818916321
0,0,6.482026219600812e-05
0,0,1.969631739484612e-05
0,0,0.04229606315493584
0,0,0.00434651505202055
1,1,0.9738950729370117
0,0,2.845449387223198e-07
1,1,0.9866363406181335
0,0,0.07882902026176453
1,1,0.8826958537101746
0,0,0.010098086670041084
0,0,0.0009068235522136092
0,1,0.6778321862220764
0,0,0.007705367635935545
0,1,0.8117542266845703
0,0,0.009119370020925999
1,1,0.959587037563324
1,1,0.9742435216903687
0,0,0.0004495467583183199
0,0,4.4076063204556704e-05
0,0,0.00030168957891874015
0,0,0.01383325643837452
1,1,0.9989117383956909
1,1,0.8350552320480347
0,0,0.0010391921969130635
0,0,0.07407240569591522
0,0,0.014344032853841782
1,1,0.9624127745628357
1,1,0.999874472618103
0,0,2.6606498067849316e-05
1,1,0.9840430617332458
0,1,0.8979020714759827
1,0,0.045116204768419266
0,0,0.007942584343254566
0,0,0.001555170863866806
0,1,0.9040531516075134
1,1,0.7811239957809448
1,1,0.9999794960021973
0,0,0.07095614075660706
1,1,0.6276665925979614
1,1,0.8063914775848389
0,0,0.3588041663169861
1,1,0.6739968657493591
1,1,0.9820011258125305
0,0,0.0016540026990696788
0,1,0.5385254621505737
1,1,0.9995310306549072
0,0,0.0003204188833478838
1,1,0.9553723931312561
1,1,0.9987938404083252
0,0,0.0011436461936682463
0,0,0.03009568713605404
0,0,1.4091498087509535e-05
1,1,0.9993242025375366
1,1,0.99913090467453
1,1,0.9990301132202148
0,0,0.023459533229470253
1,1,0.9995112419128418
1,1,0.5839961767196655
1,1,0.9975044131278992
1,1,0.9985654950141907
1,1,0.9985257983207703
1,1,0.9988971948623657
1,1,0.997503936290741
0,0,9.662369848228991e-05
1,1,0.9615938067436218
1,1,0.9995537400245667
1,1,0.9847230911254883
1,1,0.9998424053192139
1,1,0.9884646534919739
0,0,0.003722661640495062
0,0,0.001650218153372407
0,1,0.8996623158454895
0,0,0.0010821718024089932
1,1,0.8066033124923706
0,0,7.441608613589779e-05
1,1,0.9995442032814026
1,0,0.0746096819639206
0,0,0.028440400958061218
0,0,0.0016332195373252034
0,0,0.2028367668390274
0,0,0.010441754944622517
0,0,1.0557791938481387e-06
0,0,4.528942008619197e-05
0,0,0.060787394642829895
0,0,0.2884597182273865
1,1,0.9989230036735535
0,0,0.28682705760002136
1,1,0.9659494161605835
0,1,0.656712532043457
1,1,0.9672063589096069
1,1,0.9998531341552734
1,1,0.9986763596534729
1,1,0.999041736125946
0,0,0.036453332751989365
1,1,0.9999878406524658
1,1,0.9634721279144287
0,0,0.023991931229829788
1,0,0.0004825152282137424
1,1,0.9999934434890747
1,1,0.9998823404312134
1,1,0.999554455280304
1,1,0.9959469437599182
0,0,0.04540940001606941
1,1,0.9997723698616028
1,1,0.9990512728691101
0,0,0.0035671989899128675
1,1,0.9943108558654785
1,1,0.9724141955375671
1,1,0.9965127110481262
1,1,0.9997091889381409
0,0,0.0008416725904680789
1,1,0.9960479140281677
0,0,0.0002600341395009309
1,1,0.9995146989822388
0,0,1.311906089540571e-05
1,1,0.9999748468399048
0,0,0.00011714186985045671
0,0,0.0012483204482123256
1,1,0.9947680234909058
0,0,0.0030995274428278208
1,1,0.9999977350234985
0,0,0.11991279572248459
1,1,0.9987058639526367
1,1,0.9998828172683716
1,1,0.9999969005584717
0,0,0.00014080182882025838
0,0,0.019273031502962112
1,1,0.9424419403076172
0,0,0.45970407128334045
1,1,0.9994375109672546
1,1,0.9992786049842834
1,1,0.9620998501777649
0,0,0.0003994990256614983
0,0,0.18976810574531555
1,1,0.9970443844795227
1,1,0.9951647520065308
1,1,0.8494853377342224
1,1,0.9982682466506958
0,0,0.045212771743535995
0,0,0.20768611133098602
0,0,0.18509024381637573
0,0,0.0012429121416062117
0,0,0.0008965458837337792
1,1,0.6046456098556519
0,0,0.07368596643209457
0,0,0.0019894333090633154
0,0,0.004052251577377319
1,1,0.9999678134918213
1,1,0.999975323677063
1,1,0.9894988536834717
1,1,0.9996907711029053
1,1,0.9993334412574768
1,1,0.9888521432876587
1,1,0.9982929825782776
0,0,3.874004687531851e-05
1,1,0.9948394894599915
1,1,0.9931675791740417
1,1,0.9932518601417542
1,1,0.9996190071105957
0,0,0.036696650087833405
0,0,0.0009192326688207686
0,0,0.16988737881183624
1,1,0.9975451827049255
0,0,0.023352758958935738
0,0,0.1524081826210022
1,1,0.9987154006958008
1,0,0.4193916618824005
0,0,0.007869763299822807
1,1,0.9999475479125977
1,1,0.9999939203262329
1,1,0.9998745918273926
0,0,5.184526162338443e-05
0,0,0.023343000560998917
0,1,0.9609834551811218
0,0,0.008664023131132126
0,0,1.1966129420670768e-07
0,0,5.486661393661052e-05
1,1,0.9999672174453735
1,1,0.9946850538253784
1,1,0.9980729818344116
1,1,0.9946650266647339
1,1,0.9999308586120605
0,0,1.708743548078928e-05
1,1,0.9760780334472656
1,1,0.9860154390335083
1,1,0.9978829026222229
1,1,0.6795476675033569
1,1,0.9980171918869019
1,0,0.008899502456188202
1,1,0.9868365526199341
0,0,0.00017370522255077958
1,1,0.9984036087989807
1,1,0.9991058707237244
1,1,0.8551433086395264
0,0,0.004965245258063078
1,1,0.9999432563781738
1,1,0.9652127623558044
1,1,0.9998635053634644
1,1,0.9998083710670471
1,1,0.9971020817756653
1,1,0.9950487017631531
0,1,0.8558309674263
1,1,0.9975718855857849
1,1,0.5354318022727966
1,1,0.9043961763381958
0,0,0.0006620663916692138
0,0,0.0498490184545517
0,0,0.0013644573045894504
0,1,0.5587667226791382
0,0,0.19105486571788788
0,1,0.9875398874282837
1,1,0.994056224822998
0,0,0.17914772033691406
0,0,0.36576977372169495
1,1,0.9979267120361328
0,0,0.002888880204409361
1,1,0.9521510601043701
1,1,0.9836565256118774
0,0,0.0018352335318922997
1,1,0.9990816116333008
0,1,0.61012202501297
0,1,0.6089907288551331
1,1,0.9997554421424866
1,1,0.9996358156204224
1,1,0.9998080134391785
1,1,0.9996261596679688
1,1,0.9764420986175537
1,1,0.9971556663513184
1,1,0.9999743700027466
1,1,0.9999972581863403
1,1,0.9917301535606384
1,1,0.9989786148071289
1,1,0.9998557567596436
1,1,0.6586254239082336
1,1,0.6682209372520447
1,1,0.5283129811286926
1,1,0.9979504942893982
0,0,0.0424727164208889
1,1,0.9797281622886658
1,1,0.9999992847442627
1,1,0.9935985803604126
1,1,0.9999607801437378
1,1,0.9990478157997131
0,0,0.00725695351138711
1,1,0.999839186668396
1,1,0.9945737719535828
0,1,0.595754086971283
0,0,0.0004121363162994385
0,0,0.0073150284588336945
0,0,0.0019025891087949276
1,1,0.9880563020706177
0,0,0.22553567588329315
0,0,0.0017731189727783203
1,1,0.9996095299720764
0,0,0.0049565997906029224
0,0,0.00014600506983697414
0,0,4.3700893002096564e-05
1,1,0.978133499622345
1,1,0.9976491332054138
0,0,0.008791969157755375
1,1,0.9273824095726013
0,1,0.9010043144226074
0,0,0.00015054630057420582
0,0,0.2830365002155304
0,0,0.020807987079024315
1,1,0.9984632730484009
1,1,0.8418859243392944
1,1,0.9998384714126587
1,1,0.9989835619926453
0,0,0.028049342334270477
1,1,0.9991971850395203
1,1,0.9964773058891296
0,0,0.17747963964939117
0,0,8.937931283981015e-07
0,0,2.2854876078781672e-05
0,0,0.009377251379191875
1,1,0.9996678829193115
1,1,0.9952200055122375
0,0,0.14163954555988312
1,1,0.9951038360595703
1,0,0.33654576539993286
0,0,0.0012275640619918704
1,1,0.9703725576400757
1,0,0.3840375244617462
1,1,0.9999649524688721
0,0,0.00045757516636513174
1,1,0.9770182967185974
0,0,0.0036828683223575354
1,1,0.9999675750732422
1,1,0.9948164820671082
1,1,0.969528317451477
1,1,0.974956214427948
1,1,0.9992570281028748
0,0,3.12753145408351e-05
0,1,0.6288326382637024
1,1,0.813794732093811
0,0,0.00015240097127389163
0,0,0.0072837830521166325
0,0,0.00117090146522969
1,1,0.9997808337211609
0,0,0.0002268031967105344
1,1,0.994667649269104
0,0,0.4295836091041565
1,1,0.9967844486236572
0,0,0.000198436071514152
0,0,0.0004103336250409484
1,1,0.9911227226257324
1,1,0.9594985246658325
0,0,0.0011059337994083762
1,1,0.9985254406929016
0,0,0.034431956708431244
1,1,0.9811221361160278
0,0,0.0006444897735491395
0,0,0.00025901495246216655
1,1,0.99992835521698
1,1,0.9898626804351807
0,1,0.5475770235061646
1,1,0.9999488592147827
0,0,0.2099304050207138
1,1,0.999196469783783
1,1,0.9999740123748779
1,1,0.5409483909606934
0,0,0.013307911343872547
0,0,0.007500432897359133
0,0,0.15525603294372559
1,1,0.8123771548271179
0,0,0.00011233774421270937
1,0,0.38795578479766846
1,1,0.9969737529754639
0,0,0.01780579797923565
0,0,0.0007103958050720394
0,0,0.002696163486689329
0,1,0.5980367064476013
1,1,0.5524636507034302
0,0,0.0011444929987192154
0,0,0.0008526454330421984
0,0,0.000773689360357821
1,1,0.9992450475692749
0,0,1.3098519957566168e-06
1,1,0.9998596906661987
1,1,0.9900549650192261
0,0,0.014212674461305141
0,0,7.271969479916152e-06
1,0,0.11744121462106705
1,1,0.9989197254180908
1,1,0.9988985061645508
0,0,0.026830974966287613
0,0,0.006359968800097704
1,1,0.995029866695404
0,0,0.0725381001830101
1,1,0.9954581260681152
1,1,0.9019885659217834
0,0,0.0004502447263803333
1,1,0.9978190660476685
0,0,0.0023663120809942484
1,1,0.9672341346740723
1,1,0.9998984336853027
1,1,0.9940974712371826
0,0,0.08289425075054169
0,0,0.00561497313901782
0,0,0.00036984021426178515
1,1,0.9954543113708496
0,0,0.0002538536791689694
1,1,0.9991121888160706
1,1,0.860054612159729
0,0,0.0010473306756466627
0,1,0.968877375125885
0,0,0.00010127990390174091
0,0,0.024345548823475838
0,0,0.0032854366581887007
0,1,0.8771211504936218
0,0,0.002536760177463293
0,0,0.003741227323189378
0,0,0.04789622128009796
0,0,9.637699986342341e-05
1,1,0.9987313151359558
0,0,0.0022327143233269453
1,1,0.9013290405273438
1,1,0.8819369673728943
0,0,0.0012050087098032236
1,1,0.998751163482666
0,0,0.003769222181290388
1,1,0.985559344291687
1,1,0.9294427037239075
1,0,0.47053062915802
0,1,0.6788197159767151
1,1,0.9997170567512512
1,1,0.9982526898384094
0,0,0.005385755095630884
1,1,0.8986672759056091
1,1,0.9985361099243164
0,0,0.0013052156427875161
0,0,0.042229484766721725
0,0,0.005265532992780209
0,0,0.3768192231655121
0,0,0.000158142953296192
0,0,0.00023617770057171583
0,0,2.6771699594974052e-06
0,0,0.001188713125884533
1,1,0.9995631575584412
1,1,0.9982461929321289
1,1,0.9835230708122253
0,1,0.9618518352508545
1,1,0.9973757266998291
1,1,0.9996577501296997
0,0,0.004475453402847052
1,1,0.7852708101272583
0,0,5.934524779149797e-06
0,1,0.7460782527923584
0,0,0.002830438781529665
0,0,0.009274815209209919
1,1,0.9999641180038452
1,1,0.6145543456077576
0,0,6.96838615112938e-05
0,0,0.27985042333602905
1,1,0.9971808195114136
0,0,0.0017214729450643063
0,0,0.37749746441841125
0,0,0.007545176427811384
1,0,0.4654683768749237
1,1,0.996971607208252
1,1,0.9945214986801147
0,0,0.019229015335440636
1,1,0.9714487791061401
0,0,0.0011358346091583371
0,0,0.0051832967437803745
1,1,0.9999239444732666
1,1,0.9999890327453613
1,1,0.9957024455070496
1,1,0.9986978769302368
1,1,0.9994680285453796
0,0,0.0363825224339962
0,0,1.8680372022572556e-06
0,0,0.0007680573035031557
0,0,0.003363893600180745
1,0,0.21913717687129974
0,0,0.0011843357933685184
1,1,0.9953704476356506
1,1,0.9999057054519653
1,0,0.034709420055150986
0,1,0.9811479449272156
0,0,0.0787268653512001
0,0,1.953024184331298e-05
0,0,0.009857411496341228
0,0,2.1437301256810315e-05
0,0,9.154513827525079e-05
0,0,0.13525685667991638
1,1,0.9997960925102234
1,0,0.16693495213985443
1,1,0.9999589920043945
1,1,0.9895080327987671
1,1,0.9993118047714233
1,1,0.9988032579421997
1,1,0.9758146405220032
1,1,0.9677051305770874
1,1,0.9966431856155396
1,1,0.9920754432678223
1,1,0.9962839484214783
1,1,0.9874835014343262
0,0,0.0005813658935949206
0,0,0.008662646636366844
1,1,0.9943264126777649
0,0,0.04064706340432167
0,0,0.25848522782325745
0,0,0.0019145581172779202
0,0,7.896510942373425e-05
0,0,0.10921001434326172
1,1,0.9995304346084595
0,0,0.00015732085739728063
0,0,9.684352698968723e-05
0,0,0.13951829075813293
0,0,7.00150994816795e-05
1,1,0.9785431623458862
1,1,0.9897159934043884
0,0,0.033170707523822784
0,0,0.0136147765442729
0,0,0.01785297691822052
0,0,0.18867045640945435
1,1,0.999752938747406
1,1,0.9671246409416199
0,0,5.2689691074192524e-05
0,1,0.8583536744117737
1,0,0.3529791235923767
0,0,0.005330743733793497
1,1,0.9348769783973694
1,0,0.33431297540664673
0,0,0.08428988605737686
1,1,0.999665379524231
0,0,0.10552375763654709
1,1,0.9607359170913696
0,0,0.002340130042284727
1,1,0.9967987537384033
0,0,0.01103618647903204
0,1,0.5248151421546936
0,0,0.29881834983825684
0,0,0.039776936173439026
0,0,1.2873505511379335e-05
0,0,0.00048023200361058116
0,0,0.00013843190390616655
1,1,0.9965655207633972
0,0,0.0001879887713585049
1,1,0.9988304972648621
1,1,0.9964642524719238
0,0,0.0003582953941076994
0,0,0.006531020160764456
1,1,0.9299921989440918
1,1,0.9883559942245483
1,0,0.003076583379879594
0,0,1.0110022230946925e-05
0,0,2.3643511667614803e-05
0,0,0.3114362061023712
1,1,0.8311914801597595
1,1,0.9998072981834412
0,0,0.023683952167630196
0,0,0.0016056668246164918
1,1,0.9700518846511841
0,0,0.027031192556023598
1,1,0.8788366913795471
1,1,0.9907369017601013
0,0,0.0002462368574924767
1,1,0.994424045085907
0,0,0.011068924330174923
0,0,0.00785062462091446
1,1,0.9238442182540894
1,1,0.9906406402587891
0,0,0.012796638533473015
0,0,0.00436786562204361
1,1,0.9997150301933289
0,0,0.03179684281349182
1,1,0.9591459631919861
0,0,0.2580570578575134
1,1,0.9978210926055908
0,0,0.007399227470159531
1,1,0.6521244645118713
1,1,0.9994008541107178
0,0,0.0021027594339102507
1,1,0.9998462200164795
1,1,0.9980965256690979
0,0,0.0028904674109071493
1,1,0.9999666213989258
1,1,0.9905245900154114
0,0,0.0002791566075757146
0,0,0.005221177823841572
0,0,0.0035670397337526083
1,0,0.4490238428115845
0,0,1.1266352885286324e-05
0,0,1.4390748503956274e-07
0,0,0.00010958953498629853
0,0,0.0059974840842187405
0,1,0.9290831089019775
1,1,0.9816665649414062
1,1,0.5179770588874817
0,0,0.031801652163267136
0,0,0.00016172026516869664
0,0,0.08638808876276016
0,1,0.9602128863334656
0,0,0.011081446893513203
0,0,0.025279169902205467
1,1,0.9995648264884949
1,1,0.9999756813049316
1,1,0.9996318817138672
1,1,0.9481024742126465
1,0,0.24284516274929047
0,0,0.16490310430526733
0,0,2.6705078198574483e-05
0,0,0.00016437734302598983
1,1,0.9763389825820923
0,0,0.005094781052321196
0,0,0.01367279328405857
0,0,3.6759967770194635e-05
0,0,0.0034409610088914633
0,0,0.0014097468229010701
1,1,0.9893923997879028
1,1,0.9346070885658264
1,1,0.999346911907196
1,1,0.9987830519676208
0,0,9.815246448852122e-05
0,0,7.044875383144245e-05
0,0,0.004033631179481745
0,0,0.000142473159939982
0,0,5.448484807857312e-05
1,1,0.9899821877479553
0,0,0.04434996470808983
0,0,2.911713090725243e-05
0,0,0.01582970842719078
0,0,0.007177190855145454
0,0,0.004578962456434965
0,0,0.009689314290881157
0,0,7.847342203604057e-05
0,0,0.00012468795466702431
0,0,0.0002576015831436962
1,1,0.9986017346382141
1,1,0.9996092915534973
0,0,0.00014397855557035655
0,0,0.030137330293655396
0,0,0.3461669087409973
1,1,0.9997082352638245
0,0,0.17948436737060547
0,0,0.21542663872241974
0,0,0.0001195820514112711
0,0,0.003194785676896572
1,1,0.9995492100715637
0,0,0.002628389513120055
1,0,0.0203224066644907
0,0,1.903559677884914e-05
0,0,8.487993909511715e-06
1,1,0.8374419808387756
1,1,0.9959731698036194
1,1,0.7993339896202087
1,1,0.9999113082885742
0,0,0.45828700065612793
0,0,0.015979159623384476
0,0,0.19721417129039764
1,1,0.9952567219734192
1,1,0.9996815919876099
0,0,0.3376503884792328
1,1,0.9878777265548706
0,0,0.0014692917466163635
0,0,2.5832794563029893e-05
0,0,0.08886433392763138
0,0,6.942014442756772e-05
0,0,0.01602504961192608
1,1,0.9395609498023987
1,1,0.8738070726394653
1,1,0.9979667663574219
1,1,0.798514723777771
1,1,0.9738131761550903
0,0,2.1390105757745914e-05
1,1,0.9958621263504028
0,0,0.020469482988119125
0,0,0.001217917655594647
0,0,0.014993790537118912
1,1,0.9999064207077026
0,0,6.0613224377448205e-06
1,1,0.9858255982398987
0,0,0.000149793122545816
0,0,0.00042970688082277775
0,0,0.0010223292047157884
0,0,0.03571702912449837
0,0,0.0006300266832113266
0,0,0.014546260237693787
1,1,0.9873868823051453
0,0,2.3214633984025568e-06
1,1,0.9990076422691345
1,1,0.9988604784011841
0,0,2.5736795578268357e-05
0,0,0.000144590376294218
1,1,0.9688036441802979
1,1,0.9977328777313232
1,1,0.9988090991973877
0,0,0.27121174335479736
1,1,0.9977279305458069
0,0,0.15428106486797333
0,0,0.02015642076730728
0,0,0.0025517824105918407
0,0,0.42533907294273376
0,0,0.0002275860751979053
0,0,0.00011132277722936124
1,1,0.9997499585151672
1,1,0.9999192953109741
0,0,7.359280971286353e-06
1,1,0.7010151743888855
1,1,0.9654096961021423
1,1,0.9771971106529236
1,1,0.9937098026275635
0,0,0.0024292725138366222
1,1,0.9986011385917664
1,1,0.9811527729034424
1,1,0.9997137188911438
1,1,0.9897313714027405
1,1,0.7983859777450562
1,1,0.993375837802887
1,1,0.9853789806365967
1,1,0.9999953508377075
1,1,0.8546833992004395
0,0,0.02636737748980522
0,1,0.8502859473228455
0,0,0.0044932919554412365
0,0,4.086276931047905e-06
1,1,0.9595545530319214
0,0,0.0015282807871699333
0,0,0.3208140432834625
1,1,0.9245669841766357
0,0,0.0003735833161044866
1,1,0.9135912656784058
1,1,0.9889953136444092
0,1,0.5090267062187195
0,0,0.0008720537880435586
0,0,0.4044187068939209
1,1,0.8023300170898438
0,0,0.07189520448446274
0,0,0.22377103567123413
0,0,0.11509881913661957
0,0,0.48428118228912354
0,0,0.3031497299671173
1,0,0.30796587467193604
1,1,0.8992407917976379
1,1,0.9776275157928467
0,0,0.4684655964374542
1,1,0.9078578948974609
1,1,0.9993618130683899
1,1,0.9967368245124817
1,0,0.004663750063627958
1,0,0.04505222663283348
0,0,0.02073069103062153
0,1,0.9539141058921814
1,1,0.9967306852340698
0,0,0.05228489264845848
0,0,0.17808298766613007
0,0,0.12518484890460968
0,0,0.004706155974417925
0,0,0.07760869711637497
0,0,0.019013313576579094
0,0,0.0033813577610999346
0,0,0.4260365962982178
1,1,0.8814943432807922
1,1,0.784468948841095
0,0,0.01775282993912697
0,0,0.0030664110090583563
1,1,0.9810152053833008
0,0,0.0010924579109996557
0,0,0.004063972271978855
0,0,0.0002720544580370188
0,0,0.009587395936250687
1,1,0.9664239287376404
0,1,0.6691985130310059
1,1,0.9552347660064697
0,0,0.00011638685828074813
0,0,0.005385581403970718
0,0,0.003373760497197509
0,0,0.0031777555122971535
0,0,0.47945117950439453
0,0,3.012287834280869e-06
1,1,0.7725690007209778
1,1,0.9979470372200012
0,0,0.03782033920288086
0,0,0.04927688464522362
0,0,0.024040935561060905
0,0,0.202493354678154
0,0,0.0005140537396073341
0,0,0.04429854825139046
1,1,0.9948504567146301
0,0,0.00861037615686655
0,1,0.5781788229942322
1,1,0.9434055089950562
0,1,0.990736186504364
0,0,0.00023918393708299845
0,0,0.0001509050198365003
0,0,0.0007339378353208303
1,1,0.9825360774993896
1,1,0.9991655349731445
0,0,8.167436135408934e-06
1,1,0.9728821516036987
0,0,0.03242192417383194
1,1,0.999220609664917
0,0,0.026692328974604607
1,1,0.9999918937683105
1,1,0.7640526294708252
1,1,0.9997345805168152
1,1,0.997870683670044
1,1,0.9999449253082275
0,0,0.14705054461956024
0,0,0.13091428577899933
1,1,0.782588005065918
1,1,0.9960508942604065
0,0,1.1879026260430692e-06
0,0,0.03243577107787132
0,1,0.9532899260520935
0,0,1.1744225503207417e-06
1,1,0.9978335499763489
0,0,0.0005633192486129701
0,0,0.0003079634625464678
0,0,0.025072939693927765
0,0,0.17155838012695312
1,1,0.9819943308830261
1,1,0.9627369046211243
1,1,0.9995799660682678
0,1,0.6389382481575012
1,1,0.6593607664108276
1,1,0.913223385810852
1,1,0.9998304843902588
0,1,0.697235643863678
0,0,0.11215090751647949
0,0,0.03081580065190792
0,0,0.0071578603237867355
1,1,0.9069924354553223
1,1,0.8418284058570862
1,1,0.9866242408752441
0,0,0.00017461641982663423
1,1,0.9905166029930115
1,1,0.9714822173118591
1,1,0.9585751295089722
0,0,0.0024330748710781336
1,1,0.8336597681045532
0,0,0.1700398027896881
0,0,0.008717439137399197
1,1,0.9999257326126099
1,1,0.9998975992202759
1,1,0.999995231628418
1,1,0.9994737505912781
0,0,0.00030892714858055115
1,1,0.999686598777771
1,1,0.9999697208404541
0,0,0.002724382560700178
0,0,0.0006186750251799822
0,1,0.6359020471572876
0,0,0.0001783503539627418
0,0,0.0063804625533521175
1,1,0.9998205304145813
0,0,0.004367894493043423
0,0,0.008077950216829777
1,1,0.6254175305366516
0,0,0.00048150739166885614
1,1,0.9957797527313232
0,0,0.0005486426525749266
0,1,0.6705182790756226
0,0,0.03173239529132843
0,0,0.004177593160420656
0,0,0.00711952056735754
0,0,0.3400954008102417
0,0,0.0009212084696628153
0,0,1.638057983655017e-05
0,0,0.0018920492148026824
0,0,1.6519099517608993e-05
0,0,0.012949038296937943
0,0,0.0018206301610916853
1,1,0.9999701976776123
0,0,1.9125815015286207e-05
1,1,0.9979567527770996
0,0,0.00882399920374155
0,0,0.006694955751299858
1,1,0.9925042390823364
1,1,0.997612476348877
1,1,0.9987660646438599
0,1,0.5087281465530396
1,1,0.5269014835357666
0,0,0.2882607579231262
0,0,0.015361091122031212
1,1,0.9178627133369446
0,0,0.006079072132706642
1,1,0.9995404481887817
0,0,0.0005062388954684138
1,1,0.9684422612190247
0,0,0.3284702003002167
0,0,0.0003422172158025205
1,1,0.9601601362228394
0,0,1.992654870264232e-05
1,1,0.997297465801239
0,0,0.03443588316440582
1,1,0.9994669556617737
0,0,1.5266707123373635e-05
0,0,0.030105814337730408
1,1,0.9993610978126526
1,1,0.9915050864219666
0,0,0.020284680649638176
0,0,0.06413502991199493
0,0,0.008420821279287338
0,1,0.8448992967605591
0,0,0.018345586955547333
0,0,0.35144680738449097
0,0,0.007174347527325153
1,1,0.9998434782028198
1,1,0.9995889067649841
1,1,0.9971211552619934
1,1,0.6831467747688293
0,0,0.08351003378629684
0,0,1.802309270715341e-05
0,0,0.0022985010873526335
1,1,0.9874318838119507
0,0,2.1145528080523945e-05
1,1,0.999500036239624
1,1,0.9791895151138306
0,0,0.05777468532323837
1,1,0.9970808625221252
1,1,0.999955415725708
1,1,0.9684848189353943
0,0,0.014300263486802578
1,1,0.9891411066055298
1,0,0.17331770062446594
0,1,0.9980734586715698
0,0,0.04926391690969467
0,0,0.20087303221225739
1,1,0.9988045692443848
0,0,0.11899705976247787
1,1,0.9974579215049744
1,0,0.0867534875869751
0,0,0.006181756965816021
0,0,4.964490926795406e-06
0,0,0.17575733363628387
0,0,0.019933830946683884
0,0,4.216261368128471e-05
0,0,9.180320193991065e-05
1,1,0.807298481464386
1,1,0.9999285936355591
0,0,0.0022424699272960424
0,0,0.0029138417448848486
1,1,0.9979402422904968
0,0,0.000949312059674412
0,0,0.47974684834480286
1,1,0.9964672327041626
1,1,0.9987658262252808
0,0,0.0011447126744315028
0,0,6.326990842353553e-05
0,1,0.6317909955978394
0,0,0.0014151218347251415
0,0,0.004681969061493874
1,0,0.4781288504600525
1,1,0.9999480247497559
1,1,0.9954735636711121
0,1,0.9284894466400146
1,0,0.14023937284946442
1,1,0.9998972415924072
0,0,0.0005033324705436826
1,1,0.9980960488319397
0,0,0.06265579909086227
1,1,0.9992426633834839
1,1,0.9996163845062256
0,0,0.2508963942527771
0,0,0.0007508278940804303
1,1,0.9997535347938538
1,0,0.006423061713576317
1,1,0.9575260281562805
1,1,0.990224301815033
0,0,0.00012514642730820924
0,0,0.025589361786842346
1,1,0.9809789657592773
1,1,0.9998685121536255
0,0,0.36398980021476746
0,0,0.000910133239813149
0,0,0.0001265245082322508
0,0,3.601694515964482e-06
0,0,0.07571613043546677
0,0,0.012947788462042809
1,1,0.9480412006378174
1,1,0.9531435966491699
0,0,0.4354034960269928
1,1,0.9986639022827148
1,1,0.708406925201416
1,0,0.40944814682006836
0,0,0.0003231849696021527
0,0,0.001531474874354899
0,1,0.5088785290718079
1,1,0.8718662858009338
1,0,0.25699546933174133
1,1,0.9997174143791199
1,1,0.9997329115867615
1,1,0.9999778270721436
1,1,0.9829083681106567
0,0,0.009860395453870296
1,1,0.9999680519104004
1,1,0.9986856579780579
1,1,0.9986798167228699
0,0,2.562971531006042e-05
1,1,0.9986525177955627
1,1,0.9921144247055054
0,0,0.13095739483833313
1,1,0.7522901296615601
1,1,0.9083181619644165
0,0,0.0006373148062266409
0,0,2.4490171199431643e-05
1,1,0.9795516729354858
0,0,0.00010679840488592163
1,1,0.999427080154419
1,1,0.9543799161911011
0,1,0.9389147758483887
1,1,0.9999815225601196
1,1,0.9994674324989319
0,0,2.657602863109787e-06
0,0,0.029408924281597137
1,1,0.9989067316055298
1,1,0.9991532564163208
1,1,0.6782096028327942
1,1,0.9975188970565796
1,1,0.9941138625144958
0,0,0.013630974106490612
1,1,0.9998698234558105
0,0,0.0007865573279559612
0,0,0.00052483263425529
0,0,0.33379966020584106
1,1,0.9999169111251831
1,1,0.9996711015701294
1,1,0.9860091805458069
1,1,0.8097522854804993
1,1,0.8616104125976562
0,0,0.054243218153715134
1,1,0.9972763657569885
0,0,0.00039026071317493916
1,1,0.9996365308761597
0,0,5.3920815844321623e-05
1,1,0.9992673993110657
1,1,0.99769127368927
1,1,0.9858564138412476
0,0,0.042108889669179916
1,1,0.7909195423126221
1,1,0.8325283527374268
0,0,1.0339739674236625e-05
1,1,0.9812042117118835
0,0,6.82629324728623e-05
0,0,0.0009073801920749247
0,0,0.49710822105407715
1,1,0.9904911518096924
1,1,0.9985665678977966
0,0,1.2290893209865317e-06
0,0,0.07312693446874619
1,1,0.9877188205718994
0,1,0.7430035471916199
0,0,0.005699547939002514
0,0,0.000913948577363044
0,0,0.002789402147755027
0,0,0.01863493025302887
0,0,0.00639825314283371
0,0,0.014049642719328403
1,1,0.9935318231582642
1,1,0.9967708587646484
0,0,0.012730909511446953
0,0,0.0020107105374336243
0,0,6.135875446489081e-05
0,0,0.028474189341068268
0,0,5.706018058049267e-08
0,0,0.010295839980244637
1,1,0.9994325041770935
1,1,0.999713122844696
0,0,0.0029986624140292406
0,1,0.8076298236846924
1,1,0.7194634079933167
0,0,0.44659513235092163
0,0,0.0037083642091602087
1,1,0.5764104127883911
0,0,0.0007807677029632032
0,0,1.1272824167463114e-06
0,0,0.0006424775929190218
1,1,0.9602226614952087
0,0,0.00023617611441295594
0,0,0.001121038687415421
1,1,0.9912761449813843
0,0,0.0013142400421202183
0,0,0.010083586908876896
0,0,0.000447255268227309
0,0,0.005301062483340502
1,1,0.9930290579795837
0,0,0.0009685307741165161
0,0,5.679726382368244e-05
0,0,6.175092130433768e-05
0,0,0.016870170831680298
0,0,0.0002892091288231313
0,0,8.325005182996392e-05
1,1,0.6144058108329773
0,0,0.31207263469696045
1,1,0.8245264291763306
0,0,0.0005248961970210075
0,0,0.031075920909643173
0,0,0.00015607208479195833
1,1,0.9998832941055298
0,0,0.004269798751920462
0,0,0.314742773771286
0,0,0.016303440555930138
1,1,0.9997593760490417
1,1,0.9716149568557739
0,0,0.0007489159470424056
1,1,0.999923825263977
0,1,0.9917299151420593
0,0,0.008713624440133572
0,0,0.014601399190723896
1,1,0.9801408648490906
0,0,0.3288615047931671
0,0,0.009891234338283539
1,1,0.9711489677429199
0,0,0.06536633521318436
1,1,0.9998461008071899
0,0,0.0010301807196810842
0,0,0.00959089957177639
1,1,0.99974125623703
1,1,0.9940323233604431
1,1,0.9999349117279053
0,0,0.00013178838707972318
0,0,0.2641303241252899
1,1,0.999950647354126
1,1,0.988290548324585
0,0,0.0042221201583743095
0,0,0.31515759229660034
0,0,0.0005867956206202507
1,1,0.9969710111618042
0,0,0.0002670498797670007
1,1,0.8496009707450867
0,0,0.38943877816200256
0,0,0.0003526406071614474
0,0,0.007279312703758478
1,1,0.9935129284858704
0,0,0.11426825076341629
1,1,0.9999430179595947
1,1,0.994952917098999
1,1,0.8801985383033752
1,0,0.011593104340136051
1,1,0.6933119297027588
1,1,0.9999635219573975
1,1,0.9968929290771484
0,0,0.0016171495663002133
0,0,0.005787666421383619
0,0,2.1114432513513748e-07
1,1,0.9999488592147827
0,0,0.3246743381023407
0,0,0.013475018553435802
0,0,0.03829508274793625
0,0,0.02955229952931404
1,1,0.9319953918457031
1,1,0.9037222862243652
1,1,0.9823331236839294
0,0,0.002897858154028654
1,1,0.9950705766677856
1,1,0.8510693311691284
1,1,0.9998626708984375
0,0,1.8121952962246723e-05
1,1,0.6708550453186035
0,0,0.004792862106114626
0,0,5.981515278108418e-05
0,0,0.037681180983781815
1,1,0.9899467825889587
0,0,0.10712870955467224
1,1,0.9920558333396912
0,0,5.997451808070764e-06
1,1,0.9999327659606934
1,1,0.9951019287109375
1,1,0.6135275363922119
1,1,0.9965033531188965
1,1,0.9981980919837952
0,0,0.0008273385465145111
1,1,0.9992684721946716
0,0,0.2936953902244568
0,0,0.002333493670448661
1,1,0.8125113248825073
1,1,0.9747130870819092
0,1,0.8438999652862549
1,1,0.9955838322639465
1,1,0.9979003667831421
1,1,0.9993888139724731
0,1,0.588560938835144
0,0,0.013290341943502426
0,1,0.9576847553253174
0,0,0.00038088232395239174
0,0,0.0006591498968191445
1,1,0.9525471925735474
0,0,0.00027373339980840683
0,0,0.062388595193624496
0,0,0.00010416306758997962
0,0,0.00032961307442747056
0,0,0.009281039237976074
0,0,0.007039578631520271
0,1,0.614168107509613
0,0,0.0025965762324631214
0,0,0.001493092393502593
0,0,0.3090052306652069
0,0,0.005740971304476261
1,1,0.9998266100883484
0,0,0.0008859424851834774
0,0,2.617718382680323e-05
0,0,0.00011333981819916517
0,0,0.003074695821851492
0,0,0.010131081566214561
0,0,0.008268164470791817
0,0,0.024815324693918228
0,0,0.0006480995216406882
0,0,0.0026786725502461195
0,0,0.06704641133546829
0,0,1.4270009160100017e-05
0,0,0.0075501990504562855
0,0,0.022238245233893394
0,0,0.000245228671701625
0,0,0.042207177728414536
0,0,0.013118640519678593
0,0,0.04363137111067772
0,0,0.0005032878834754229
0,0,0.0017134257359430194
0,0,0.003492717631161213
0,0,0.15305712819099426
0,0,6.510387174785137e-05
0,0,2.9792741770506836e-05
0,0,0.008287506178021431
0,0,0.2834727168083191
0,0,0.05470180884003639
0,0,0.020983481779694557
0,0,0.003975633066147566
0,0,0.013006685301661491
0,0,0.00012199566117487848
0,0,0.3029941916465759
0,0,0.010152948088943958
0,0,0.03191868215799332
1,1,0.6393979787826538
1,1,0.9972930550575256
1,1,0.9993804693222046
1,1,0.9988214373588562
0,0,2.603698885650374e-05
1,1,0.9948387742042542
1,1,0.9951445460319519
0,1,0.9268158078193665
1,1,0.9976663589477539
1,1,0.9983094930648804
0,0,0.001090041478164494
1,1,0.9914066791534424
0,0,3.122310317849042e-06
0,0,0.0037782408762723207
1,1,0.9938940405845642
1,1,0.9926046133041382
0,0,0.018364686518907547
1,1,0.9999892711639404
1,1,0.9999781847000122
1,1,0.9907819628715515
1,1,0.9996829032897949
1,1,0.9610794186592102
1,1,0.8515127301216125
1,1,0.9959277510643005
1,1,0.8302330374717712
1,1,0.7330349683761597
1,1,0.9999841451644897
1,1,0.9999269247055054
0,0,2.1905977973801782e-06
1,1,0.9999395608901978
1,1,0.971345841884613
1,1,0.9989055395126343
1,1,0.9674893617630005
1,1,0.9294794797897339
1,1,0.9999908208847046
1,1,0.9457250833511353
1,1,0.9985153079032898
0,0,0.0044027999974787235
1,1,0.9994301199913025
1,1,0.9999909400939941
1,1,0.9764862656593323
1,1,0.98929762840271
1,1,0.9903913736343384
1,1,0.9997184872627258
1,1,0.9999880790710449
1,1,0.9999805688858032
1,1,0.9973847270011902
0,0,0.0003765190776903182
1,1,0.9986611604690552
1,1,0.8533244729042053
1,1,0.9999105930328369
0,0,0.0012869169004261494
0,1,0.8189843893051147
0,0,0.00028966774698346853
1,1,0.9933034777641296
0,0,0.050039008259773254
1,1,0.9964267611503601
0,0,0.0479748360812664
0,0,0.1504201889038086
0,0,0.0001314415130764246
1,0,0.39310163259506226
1,1,0.9989374279975891
0,0,0.0006997835007496178
0,0,0.00021585451031569391
0,0,9.023124584928155e-05
1,1,0.9783434271812439
0,0,0.02853008732199669
0,0,0.0020567961037158966
0,0,0.001158324652351439
0,0,0.015265462920069695
0,0,6.487604696303606e-05
0,0,0.006887465249747038
0,0,0.010660474188625813
0,0,0.03190389275550842
0,0,0.07735244184732437
1,1,0.9997363686561584
1,1,0.9865829348564148
1,1,0.9937115907669067
1,1,0.9962064027786255
0,0,0.0003084609634242952
1,1,0.9257338643074036
1,1,0.9999383687973022
1,1,0.9998119473457336
0,0,0.005389881785959005
1,1,0.999982476234436
1,1,0.9944385290145874
1,1,0.9992092251777649
0,0,0.0034382445737719536
0,0,0.09101584553718567
1,0,0.0941765159368515
1,1,0.9905872941017151
1,1,0.9990516304969788
0,0,0.35347774624824524
1,1,0.9340155720710754
1,1,0.9689008593559265
0,0,0.04192015156149864
1,1,0.9994890689849854
0,0,3.558861499186605e-05
1,1,0.9700841903686523
0,0,0.00038906754343770444
0,0,0.0034694639034569263
0,0,1.589205930940807e-05
0,0,0.21205149590969086
1,1,0.9999827146530151
0,0,0.00067292177118361
0,0,0.02068302407860756
1,1,0.9928764700889587
1,1,0.9961506128311157
1,1,0.99687260389328
1,1,0.8438155055046082
0,1,0.6788877248764038
1,1,0.9959349632263184
0,0,0.04405853897333145
0,0,0.02217390201985836
0,0,0.00011257107689743862
0,0,0.09763380140066147
0,0,0.007447840645909309
0,0,0.061443984508514404
0,0,0.0019093160517513752
0,0,0.0033403150737285614
0,0,0.0036293696612119675
1,1,0.9932339787483215
0,0,0.08806295692920685
1,1,0.9880653023719788
0,0,0.0014069697353988886
0,0,0.005764486268162727
1,1,0.9996545314788818
1,1,0.9971222281455994
1,1,0.7374905347824097
0,0,0.2414121925830841
0,0,0.00028844494954682887
1,1,0.9568895697593689
0,0,0.0019092297879979014
1,1,0.8682546019554138
0,0,0.14790351688861847
0,1,0.7803031802177429
0,0,0.03310886025428772
0,0,0.0008681004401296377
0,0,0.0070508006028831005
0,0,0.023577570915222168
0,0,0.002828338649123907
0,0,3.2104926503961906e-05
0,0,0.4564925730228424
0,0,0.003996499348431826
0,0,0.19119298458099365
0,0,0.30917295813560486
0,0,4.5623073674505576e-05
0,0,4.049250128446147e-05
0,0,0.0011278538731858134
0,1,0.6576285362243652
0,0,0.0006207656697370112
0,0,0.00896923616528511
0,0,2.4175145881599747e-05
0,0,0.005048890598118305
0,0,0.39670446515083313
0,0,4.0995080780703574e-05
0,1,0.5440706610679626
1,1,0.9996318817138672
0,0,0.02282225340604782
0,0,0.07022354006767273
1,1,0.9969930648803711
1,1,0.9991022348403931
1,1,0.9999998807907104
1,1,0.9999427795410156
0,0,0.18994367122650146
1,1,0.9921132326126099
0,1,0.6905791759490967
1,1,0.9552470445632935
0,1,0.8439120650291443
0,0,0.00790578406304121
1,1,0.8958485722541809
0,0,0.027741895988583565
0,0,0.36958733201026917
1,1,0.8568111658096313
1,1,0.9999054670333862
0,0,2.257343294331804e-05
0,0,0.0004875770246144384
1,1,0.9639179706573486
0,0,0.020195312798023224
1,1,0.9806168079376221
1,1,0.9996275901794434
1,1,0.9991793036460876
0,0,0.003405350958928466
0,0,0.0005658689769916236
0,0,6.345377187244594e-05
0,0,0.00017462173127569258
0,0,0.001986354822292924
1,1,0.9998688697814941
1,1,0.9966790676116943
1,1,0.9999938011169434
1,1,0.812666118144989
1,0,0.34129101037979126
1,1,0.9998633861541748
0,0,0.002599816070869565
1,1,0.9995038509368896
1,1,0.9992737174034119
0,0,0.00111413246486336
1,1,0.9775260090827942
1,1,0.999688982963562
0,0,0.00350423576310277
0,0,1.1892576367245056e-05
0,0,0.01301344484090805
1,1,0.9649168848991394
0,0,0.0001075829059118405
0,0,0.0007143547409214079
1,0,0.22425106167793274
1,1,0.9847564101219177
0,0,0.2828747034072876
0,0,0.011457351967692375
1,1,0.999086856842041
0,0,3.916313289664686e-05
0,0,0.4016083776950836
0,0,0.0021699953358620405
0,0,0.00384069187566638
0,0,0.02211475372314453
1,1,0.9998607635498047
0,1,0.9221017956733704
0,0,0.00010146250860998407
1,1,0.9986818432807922
0,0,0.004602300934493542
1,0,0.1474519968032837
1,1,0.99871826171875
1,1,0.7261821031570435
1,1,0.9785013794898987
0,0,0.00013853715790901333
0,0,0.0006704748375341296
0,0,0.3041120767593384
0,0,0.01371101662516594
0,0,0.4240913391113281
1,1,0.9437636137008667
1,1,0.9857578277587891
1,1,0.7244561910629272
1,1,0.9967074394226074
1,1,0.9686601758003235
0,0,3.2503528927918524e-05
1,1,0.9789243340492249
1,1,0.9999657869338989
0,0,0.00020430693984963
0,0,7.497067599615548e-06
0,0,0.00014521255798172206
1,1,0.9998286962509155
0,0,0.0017587661277502775
1,1,0.9925808906555176
1,1,0.8634733557701111
0,0,0.0003340549301356077
0,1,0.6194013953208923
0,0,0.013767113909125328
0,0,0.016551710665225983
1,1,0.9774482846260071
0,0,0.007710339035838842
1,1,0.9789993762969971
1,0,0.3676220774650574
1,1,0.983700692653656
1,1,0.9864132404327393
1,1,0.9974072575569153
1,1,0.9999644756317139
1,1,0.9904575347900391
1,1,0.9926167130470276
0,0,3.271992318332195e-05
0,0,0.4226223826408386
0,0,0.16247457265853882
0,0,0.45250287652015686
1,1,0.9775353074073792
1,1,0.9479103088378906
0,0,0.007406466640532017
1,1,0.7922546863555908
1,1,0.9999362230300903
1,1,0.9969661831855774
1,1,0.9999617338180542
1,1,0.7245990633964539
1,1,0.9982584118843079
0,1,0.9383049607276917
0,0,0.0028803590685129166
1,1,0.9999982118606567
0,0,0.00010744993051048368
1,1,0.9903049468994141
1,1,0.9982566237449646
0,0,0.002572182798758149
1,1,0.9948509335517883
1,1,0.9999613761901855
1,1,0.9993152618408203
1,1,0.9997344613075256
0,0,0.0059304870665073395
0,0,7.007823296589777e-05
0,0,0.07982544600963593
0,0,0.0016483878716826439
0,0,0.2409897893667221
1,1,0.9990311861038208
1,1,0.9999058246612549
1,1,0.9997535347938538
0,0,0.0057368166744709015
0,0,0.0031979824416339397
1,1,0.9975824356079102
1,1,0.9546558856964111
1,0,0.37029990553855896
1,1,0.998544454574585
0,0,8.13130391179584e-05
0,0,0.037398263812065125
1,1,0.9783345460891724
0,0,0.04297543317079544
1,1,0.8378003835678101
0,0,0.19496522843837738
1,1,0.9993358254432678
1,1,0.999993085861206
1,1,0.9999986886978149
1,1,0.9991952776908875
0,0,8.19428387330845e-05
0,0,0.00038447952829301357
1,1,0.9589170217514038
1,1,0.8689396977424622
1,1,0.9944300055503845
1,1,0.9902451038360596
0,0,0.0011643115431070328
1,1,0.999993085861206
1,1,0.9998378753662109
1,1,0.9920223951339722
1,1,0.9960349202156067
1,1,0.9096420407295227
0,0,0.0002712624263949692
0,0,0.44829341769218445
0,0,5.08161883772118e-06
0,0,0.004465688951313496
0,1,0.8576833605766296
1,1,0.989468514919281
1,1,0.99928218126297
0,0,0.032250940799713135
0,0,0.001986295450478792
0,0,0.00033523922320455313
0,0,2.3505153876612894e-06
0,0,0.007507911883294582
0,0,0.20610235631465912
0,0,7.58481037337333e-05
0,0,0.053090427070856094
0,0,0.002825971692800522
0,0,0.0006251250742934644
0,0,0.49941781163215637
0,0,7.553341129096225e-05
0,0,0.034432291984558105
0,0,0.00047087110579013824
0,0,7.305706822080538e-05
0,1,0.6875587105751038
0,0,0.0009800788247957826
0,0,0.003287701401859522
0,0,7.045648089842871e-05
0,0,0.10424936562776566
0,0,0.0019304703455418348
0,0,0.005065486766397953
0,0,0.3402644097805023
0,0,2.0599814888555557e-05
0,0,1.2217410585435573e-06
0,1,0.701134443283081
0,0,0.029787292703986168
1,1,0.9930485486984253
0,0,0.00513633294031024
1,1,0.9975404739379883
1,1,0.721836268901825
1,1,0.9982782602310181
1,1,0.999581515789032
1,1,0.9251405000686646
1,1,0.9891642928123474
0,0,0.03872046619653702
0,0,0.009195644408464432
0,0,0.00027700886130332947
0,0,0.00503388699144125
0,1,0.5062865614891052
0,0,0.001986529678106308
0,0,3.269322405685671e-05
1,1,0.9911972284317017
0,0,0.0010777772404253483
1,1,0.9588519930839539
1,1,0.8943504095077515
1,1,0.7970023155212402
1,1,0.9946718811988831
0,0,1.0945510439341888e-05
0,0,0.0008284547366201878
0,0,0.014684365130960941
0,0,0.03527264669537544
1,1,0.9787600636482239
0,0,0.08298172056674957
0,1,0.5635484457015991
1,1,0.9942398071289062
1,1,0.9828227162361145
1,1,0.8240811228752136
1,1,0.9798868894577026
0,0,1.0183710401179269e-05
0,0,0.014499074779450893
0,0,0.18248721957206726
0,0,0.00017744033539202064
1,1,0.9822323322296143
0,0,0.051691003143787384
1,1,0.9604477286338806
1,1,0.9999561309814453
1,1,0.88155597448349
0,0,0.00514264265075326
0,0,0.004757486749440432
1,1,0.7187718749046326
0,0,0.0006258639623411
1,1,0.9999803304672241
0,0,0.01143918838351965
1,1,0.9997078776359558
1,1,0.99931800365448
1,1,0.9999901056289673
1,1,0.9969409108161926
1,1,0.9885900616645813
1,1,0.9985742568969727
1,1,0.8731764554977417
1,1,0.9995249509811401
1,1,0.9201604723930359
0,0,8.487609761687054e-07
1,1,0.9263485074043274
0,0,0.07580231875181198
0,0,0.0005088639445602894
1,1,0.9999878406524658
0,0,0.0002725095546338707
0,0,0.0032053508330136538
1,1,0.9965342283248901
0,1,0.7544066905975342
0,0,0.0007839323952794075
0,0,0.013407592661678791
0,0,0.0021838145330548286
0,0,4.755136978928931e-05
0,0,3.43617211910896e-05
1,1,0.9976364374160767
0,0,0.002193615771830082
1,1,0.9960812926292419
0,0,0.007040395401418209
0,0,0.0003110078687313944
0,0,0.11238135397434235
0,0,0.0009240752551704645
0,0,5.335428431862965e-05
1,1,0.9991469383239746
1,1,0.9804383516311646
0,0,0.002187564503401518
1,1,0.9999467134475708
1,0,0.45958542823791504
0,0,6.432383088395e-05
1,0,0.4854178726673126
0,0,0.00039796053897589445
1,1,0.9992175102233887
0,0,0.05899882689118385
0,0,0.029204241931438446
1,1,0.9940389394760132
0,0,0.0007891320856288075
0,0,0.0019365038024261594
1,1,0.9995094537734985
1,1,0.8996875286102295
1,1,0.9954195022583008
0,0,2.156874688807875e-05
0,0,0.0007125597330741584
1,1,0.9968122839927673
1,1,0.998022198677063
1,1,0.9932548999786377
0,0,0.0004173694469500333
1,1,0.9997835755348206
0,0,9.933774708770216e-05
0,0,0.2611956298351288
0,0,0.25310632586479187
0,0,0.001648014527745545
1,1,0.9859189987182617
0,0,4.704730599769391e-06
0,0,0.0012949013616889715
0,0,0.21291875839233398
1,1,0.9998527765274048
0,0,0.0650642141699791
0,0,2.2902266209712252e-05
0,0,0.0016985192196443677
0,0,0.0002934816584456712
0,0,0.307778000831604
1,1,0.8389468789100647
1,1,0.9970818161964417
0,0,0.037588395178318024
0,0,0.003272221889346838
0,0,0.01073185633867979
0,0,0.0015277402708306909
1,1,0.9911261200904846
0,0,2.3604536181665026e-05
0,0,1.1254850505793002e-05
1,1,0.9999139308929443
1,1,0.9978302121162415
1,0,0.06255995482206345
1,1,0.9922552108764648
1,1,0.9998317956924438
1,1,0.9999316930770874
0,1,0.5238369107246399
1,1,0.9993158578872681
1,1,0.9996500015258789
1,1,0.9737922549247742
1,1,0.976077139377594
0,0,2.974327571791946e-06
1,1,0.9997183680534363
1,1,0.9974485039710999
1,1,0.9857365489006042
0,0,0.001063851872459054
0,0,0.0012604870134964585
1,1,0.9997180104255676
1,1,0.9896424412727356
1,1,0.8225224018096924
1,1,0.9999361038208008
1,1,0.9998801946640015
1,1,0.9999264478683472
0,0,1.0560837836237624e-05
1,1,0.9983434677124023
1,1,0.9988552331924438
0,0,0.03286951780319214
0,0,0.0001601090480107814
1,1,0.9999538660049438
0,1,0.9197903871536255
1,1,0.943444550037384
1,1,0.8655760884284973
0,0,0.0020138255786150694
0,0,0.00011772809375543147
0,0,0.410144567489624
1,1,0.9999744892120361
1,1,0.5801666975021362
1,1,0.9999949932098389
0,0,0.0027962469030171633
1,0,0.08830825239419937
1,1,0.9998276233673096
0,0,0.03623610734939575
0,0,0.04939163103699684
0,0,0.0017908707959577441
1,1,0.9804216027259827
0,0,0.00027696287725120783
0,0,0.0022277527023106813
0,1,0.98080974817276
1,1,0.9952942728996277
1,1,0.9985920786857605
0,0,0.0031213718466460705
1,1,0.7357465028762817
1,0,0.4588377773761749
1,1,0.8779414892196655
1,1,0.9920674562454224
0,0,0.05315650627017021
0,0,0.06566507369279861
0,0,1.8984510461450554e-05
1,1,0.9955701231956482
0,0,8.00824273028411e-05
0,0,5.010279892303515e-06
1,1,0.9989007711410522
0,0,9.678822971181944e-05
0,0,0.0007410834077745676
0,0,0.09048402309417725
0,0,0.25338098406791687
0,0,0.0025907661765813828
0,1,0.5437206029891968
0,0,0.034625690430402756
0,0,0.44315841794013977
1,1,0.9858406782150269
1,1,0.986951470375061
0,0,0.002200594637542963
1,0,0.16389085352420807
1,1,0.9984184503555298
0,0,0.00029800477204844356
0,0,0.01947726309299469
0,0,0.0036746065597981215
0,0,0.04026874154806137
0,0,0.0005269111134111881
0,0,0.002746475161984563
0,0,0.050319284200668335
0,0,2.2344713215716183e-05
0,0,0.01532877329736948
0,1,0.7910851836204529
0,0,0.0006517534493468702
0,0,0.0010057498002424836
0,0,0.000554535654373467
0,0,0.0017517051892355084
0,0,0.07612291723489761
0,0,0.002262033987790346
0,0,0.00168572086840868
0,0,0.00028623611433431506
0,0,0.03562592342495918
0,0,0.044640373438596725
0,0,9.114032195611799e-09
0,0,3.8770427636336535e-05
0,0,0.05984631925821304
0,0,3.577982715796679e-05
1,1,0.973793089389801
1,1,0.9294066429138184
0,1,0.6997848153114319
1,1,0.9855232238769531
1,1,0.9999911785125732
1,1,0.9996503591537476
1,1,0.9947859644889832
1,1,0.9028461575508118
1,1,0.9997304081916809
1,1,0.9980083107948303
1,1,0.8969606161117554
1,1,0.9997269511222839
0,0,0.00033790452289395034
0,1,0.8903523683547974
0,0,0.010609724558889866
1,1,0.9188416600227356
1,1,0.995943009853363
0,0,0.002544595394283533
0,0,0.00026188328047282994
0,0,0.0008713009301573038
0,0,2.0705640054075047e-05
0,0,0.0005262483027763665
0,0,0.006738495081663132
0,0,0.023021772503852844
0,0,0.0032582285348325968
0,0,0.0667814239859581
1,1,0.9999997615814209
1,1,0.9043849110603333
0,0,0.00048189153312705457
1,1,0.9585884809494019
0,0,0.12288131564855576
1,1,0.9974253177642822
1,1,0.9991797804832458
1,1,0.9997349381446838
1,1,0.999413251876831
1,1,0.9994932413101196
1,1,0.9999972581863403
1,1,0.9657584428787231
0,0,0.13975390791893005
1,1,0.9295507669448853
1,1,0.99490886926651
0,0,0.0005084484000690281
0,0,0.453884094953537
1,1,0.997031569480896
0,1,0.5855669975280762
1,1,0.9998506307601929
1,1,0.9982975125312805
1,1,0.9995811581611633
1,1,0.9993239641189575
0,0,0.002181835938245058
0,1,0.7258527874946594
0,0,0.029175572097301483
1,1,0.9999806880950928
0,0,3.986999945482239e-05
1,1,0.9994211196899414
1,1,0.9968018531799316
0,0,8.595138206146657e-05
0,0,0.00010494771413505077
0,0,0.2858264744281769
0,0,0.000543542206287384
0,0,6.667054321951582e-07
0,0,0.00023361311468761414
0,0,0.019392915070056915
0,0,0.00465723592787981
0,0,6.903406756464392e-06
0,0,2.1088637367938645e-05
1,1,0.9998862743377686
1,1,0.9983823299407959
1,0,0.14004382491111755
0,0,1.9980768684035866e-06
0,0,0.024478014558553696
1,1,0.902970552444458
1,1,0.9947410821914673
1,1,0.999632716178894
1,1,0.919994592666626
1,1,0.9999306201934814
0,0,7.106829116310109e-07
1,1,0.9267688989639282
1,1,0.978646457195282
0,0,0.0010407422669231892
1,1,0.9438915848731995
0,0,0.0001141886823461391
1,0,0.34991565346717834
0,0,0.0002665449574124068
0,0,0.00013247279275674373
0,0,0.00017884591943584383
0,0,0.062001071870326996
1,1,0.998490571975708
0,1,0.9432649612426758
0,0,1.5128177892620442e-06
0,0,0.012126103974878788
0,0,0.0008975655655376613
0,1,0.5344453454017639
1,1,0.999980092048645
1,1,0.99953293800354
1,1,0.9994233846664429
1,1,0.9950650334358215
1,1,0.9998090863227844
1,1,0.9998660087585449
1,1,0.9999772310256958
0,0,0.06370671838521957
1,1,0.9952642917633057
1,1,0.9390580058097839
1,1,0.9494217038154602
1,1,0.9999480247497559
0,0,0.001458083395846188
0,0,0.14688946306705475
1,1,0.8420557379722595
0,1,0.5803446769714355
1,1,0.9888209104537964
1,1,0.9786800146102905
1,1,0.8295636177062988
0,0,0.004812588449567556
0,0,0.00017184462922159582
1,0,0.13040970265865326
0,0,4.822707069251919e-06
0,0,0.0030285632237792015
1,1,0.9992488026618958
1,1,0.9999927282333374
1,1,0.999549925327301
0,0,0.0004888582043349743
0,0,0.0009349185274913907
0,0,0.02688402496278286
0,0,0.0024586725048720837
0,0,0.0797615498304367
0,0,0.0005615483387373388
0,0,0.0005405237316153944
0,0,0.0024630597326904535
0,0,1.0026334393842262e-06
0,0,3.340513785587973e-06
0,0,0.0012732082977890968
1,1,0.991961658000946
1,1,0.9997484087944031
1,1,0.9524542093276978
1,1,0.9977073669433594
0,0,0.04178690165281296
1,1,0.7750623226165771
1,1,0.9947032332420349
1,1,0.9614399671554565
0,0,3.339882823638618e-05
1,0,0.31868118047714233
0,0,1.0835390639840625e-05
0,0,6.684000254608691e-05
1,1,0.995710015296936
1,1,0.9985398054122925
0,0,0.39340078830718994
1,1,0.9890884160995483
0,0,0.0072321235202252865
0,1,0.8486528992652893
0,0,0.00029059938970021904
0,0,0.00015986344078555703
0,0,0.01861218363046646
1,1,0.9974586367607117
0,0,0.07758396863937378
1,0,0.22949811816215515
0,0,0.0054031494073569775
1,1,0.9926151037216187
0,1,0.9728386998176575
1,1,0.9999990463256836
0,0,0.010248379781842232
0,0,0.4955960810184479
1,1,0.9096745848655701
1,1,0.9930673837661743
0,0,4.366534085420426e-06
1,1,0.9972941279411316
1,1,0.999956488609314
0,0,0.00197453610599041
1,1,0.9996757507324219
0,0,0.13025015592575073
1,1,0.9690291285514832
0,0,0.0688588097691536
1,1,0.9577059745788574
1,1,0.9998764991760254
1,1,0.9678189158439636
1,0,0.293084979057312
1,1,0.9999977350234985
1,0,0.0437491238117218
1,1,0.9898910522460938
1,1,0.9984835982322693
0,0,0.0007677052635699511
0,0,9.488805972068803e-07
0,0,0.006913478951901197
0,0,0.02410469390451908
0,0,0.13868649303913116
0,0,0.005334664136171341
0,0,0.013787303119897842
1,1,0.9997292160987854
1,1,0.9979427456855774
0,0,0.0006858628476038575
0,0,0.0027329830918461084
0,0,0.00011166766489623114
1,0,0.44762611389160156
0,0,0.0003295979695394635
0,0,0.10915472358465195
0,0,0.029313208535313606
0,0,0.0002718480827752501
0,0,3.653423846117221e-05
1,1,0.8011762499809265
1,1,0.9964505434036255
1,1,0.9999998807907104
1,1,0.9372398853302002
1,1,0.9975950121879578
1,1,0.9998632669448853
0,0,2.386856431257911e-05
0,0,0.0001644961885176599
1,1,0.9949672818183899
1,1,0.9540923237800598
0,0,0.006468997802585363
0,0,0.002636535791680217
1,1,0.9990222454071045
0,0,1.4946731425879989e-05
0,0,1.6181020328076556e-05
0,0,0.00464872270822525
0,0,0.02157783694565296
1,1,0.9065822958946228
0,0,0.00039583511534146965
1,1,0.9992378950119019
0,0,0.017493920400738716
0,0,0.00254806294105947
0,0,0.001021119300276041
0,0,0.033239200711250305
0,0,0.10072626918554306
0,0,0.026452232152223587
1,0,0.3499014675617218
0,0,0.009770202450454235
0,0,0.002314758487045765
0,0,2.8621419914998114e-05
0,0,0.007975188083946705
0,0,0.00017893596668727696
0,1,0.9272972345352173
1,1,0.9998014569282532
1,0,0.016181131824851036
1,1,0.9997468590736389
1,1,0.666028618812561
1,1,0.9977497458457947
0,0,0.0008253263076767325
0,1,0.6630443930625916
0,0,2.0755142031703144e-05
0,0,0.4979053735733032
0,0,0.11467166244983673
1,1,0.995072066783905
0,1,0.99505615234375
1,1,0.9998089671134949
0,0,0.0002728370891418308
0,0,0.0005781396757811308
0,0,0.2140391319990158
1,1,0.9996830224990845
0,0,0.00038304011104628444
1,1,0.9558462500572205
0,0,0.0006487126229330897
1,1,0.9178972840309143
1,1,0.9998784065246582
1,1,0.999874472618103
1,1,0.999660849571228
0,0,0.00228693475946784
1,1,0.9990984201431274
0,0,0.029471203684806824
0,0,0.01746930181980133
0,1,0.9077174067497253
1,1,0.9996002316474915
0,0,0.0028551570139825344
1,1,0.99687260389328
1,1,0.9949706196784973
1,1,0.9997579455375671
1,1,0.9553929567337036
1,1,0.9977578520774841
1,1,0.9999173879623413
1,1,0.9993359446525574
1,1,0.9805600643157959
0,0,0.002976915566250682
1,1,0.9993221759796143
0,0,7.066143734846264e-05
1,1,0.6457234621047974
0,0,1.4140820212560357e-06
1,1,0.9937406182289124
0,0,0.03376739099621773
0,0,0.00012123756459914148
0,0,0.02026035077869892
1,1,0.9992396831512451
0,0,2.922077510447707e-05
1,1,0.9999428987503052
0,0,0.0003067723009735346
1,1,0.9825379252433777
1,1,0.9997656941413879
0,0,0.43222013115882874
0,0,0.16500848531723022
0,0,0.0006641471991315484
1,1,0.8753056526184082
0,0,0.013998722657561302
0,0,0.002011422533541918
0,0,0.003236112417653203
1,1,0.9992352724075317
1,1,0.9906069040298462
0,0,0.0002679498866200447
1,1,0.8945862054824829
0,0,0.00024379797105211765
0,0,0.007969888858497143
1,1,0.7481102347373962
1,1,0.9960598349571228
1,1,0.9570544362068176
1,1,0.9998461008071899
0,0,2.6734382117865607e-05
0,0,0.000597416190430522
0,0,0.00023937557125464082
1,1,0.9999979734420776
1,1,0.9777669906616211
1,1,0.6241230964660645
0,0,0.0052660927176475525
0,0,0.024091970175504684
1,1,0.994698166847229
0,0,9.704302073032522e-08
0,0,0.07533417642116547
0,0,0.00336970342323184
1,1,0.999975323677063
0,0,0.04091551899909973
1,1,0.7975839376449585
0,0,3.452684723015409e-06
1,1,0.958050549030304
1,1,0.9953633546829224
0,0,0.09367489069700241
1,1,0.9645283222198486
1,1,0.9959142804145813
1,1,0.9985128045082092
0,0,0.35703516006469727
0,0,0.0007072634762153029
0,0,0.002958748023957014
0,0,0.0005544566665776074
0,0,0.28457778692245483
1,1,0.9259695410728455
1,1,0.991496205329895
1,1,0.9783030152320862
1,1,0.9999561309814453
0,0,2.9032369639026e-05
1,1,0.9997978806495667
0,0,0.0004115011834073812
0,0,6.229625432752073e-05
0,0,0.00021872618526685983
0,1,0.9361453056335449
0,0,0.12976813316345215
0,0,1.16396440716926e-05
0,0,6.561976624652743e-05
1,1,0.9990816116333008
1,1,0.9998127818107605
0,0,0.003937250934541225
0,0,4.8361784138251096e-05
1,1,0.9999433755874634
0,0,0.038220856338739395
0,0,0.19425448775291443
1,1,0.5329205393791199
0,0,0.18885472416877747
0,0,0.4673739969730377
0,0,5.2715018682647496e-05
0,0,0.03134046494960785
0,0,0.160481795668602
0,0,0.3703102171421051
0,0,0.021598024293780327
0,0,0.22502708435058594
0,0,0.0159001462161541
1,1,0.9996874332427979
1,1,0.9991751313209534
1,1,0.9948984980583191
0,0,0.13917213678359985
1,1,0.9996547698974609
1,1,0.9889987111091614
0,1,0.7119356393814087
0,0,0.0003521256148815155
1,1,0.9992983341217041
0,0,0.1353236734867096
1,1,0.9537811279296875
1,1,0.9973642230033875
0,0,0.0004681417194660753
0,0,0.0029750410467386246
0,0,0.08404923975467682
1,1,0.9992994070053101
1,1,0.9999489784240723
1,1,0.9979752898216248
0,0,0.007374226115643978
1,1,0.9999951124191284
1,1,0.9999511241912842
1,1,0.9990591406822205
1,1,0.9998797178268433
0,0,0.2798245847225189
0,0,0.006669184193015099
1,1,0.9484757781028748
1,1,0.998579740524292
1,1,0.9995755553245544
0,1,0.9939769506454468
0,0,0.014334422536194324
0,0,0.01613006368279457
1,1,0.9569746255874634
0,0,0.0007627411396242678
1,1,0.9987841248512268
1,1,0.7571055889129639
0,0,0.014403731562197208
1,1,0.9425764679908752
1,1,0.9996089339256287
1,1,0.9933888912200928
0,0,0.0005169129581190646
1,1,0.997896671295166
1,1,0.8688497543334961
1,1,0.9794695377349854
1,1,0.999841570854187
0,0,0.018038198351860046
0,0,0.043646495789289474
1,1,0.9994946718215942
1,1,0.9999269247055054
0,0,8.425177657045424e-05
1,1,0.6021389961242676
1,1,0.9945629239082336
0,0,0.08176291733980179
1,1,0.9923259019851685
1,1,0.9996926784515381
0,0,4.849554215979879e-07
1,1,0.9992430210113525
1,1,0.9841368198394775
1,1,0.9474340081214905
0,0,0.006544563919305801
1,1,0.9999191761016846
0,0,1.5845933376112953e-05
0,0,0.007450181525200605
0,0,0.0005337772890925407
1,1,0.9982385635375977
1,1,0.9938203692436218
0,0,0.0002919732069130987
1,1,0.9997393488883972
1,1,0.9976542592048645
1,1,0.9753045439720154
0,0,0.00018136829021386802
0,0,0.00017453233886044472
1,1,0.9977439641952515
1,1,0.9986129999160767
0,1,0.6538223028182983
0,0,0.03691951185464859
0,0,0.0018823741702362895
0,0,7.052889259284711e-07
1,1,0.9831364750862122
0,0,0.004897732753306627
1,1,0.9301116466522217
1,1,0.9972419738769531
1,1,0.9943810105323792
1,1,0.9916865229606628
0,0,0.07750418782234192
1,1,0.9959866404533386
1,1,0.9999858140945435
1,1,0.9997876286506653
1,1,0.9991477727890015
0,0,9.775864600669593e-05
0,0,0.006181627977639437
0,0,0.0003926478966604918
0,0,0.07612590491771698
1,1,0.9987136125564575
1,1,0.9923962950706482
1,1,0.992443859577179
1,1,0.9993533492088318
0,0,0.05801989883184433
1,1,0.9681763648986816
1,1,0.9992877840995789
0,0,0.06746744364500046
0,0,0.00161547283641994
0,0,0.011648975312709808
0,0,0.00881526991724968
1,1,0.9853091835975647
0,0,0.0015498424181714654
1,1,0.9895143508911133
1,1,0.9965953230857849
0,0,0.004580740351229906
1,1,0.9997958540916443
1,1,0.983539342880249
1,1,0.9990249872207642
0,0,0.002038349397480488
0,0,6.44240208202973e-05
1,0,0.07337968051433563
0,0,0.03053969331085682
0,0,0.001037183916196227
1,1,0.9965227842330933
0,0,0.0012191531714051962
0,0,0.45248329639434814
1,1,0.9999468326568604
0,1,0.9579505324363708
0,0,0.0012992079136893153
0,0,0.0024363952688872814
0,0,0.017620090395212173
1,1,0.9999617338180542
0,0,4.508344500209205e-05
1,1,0.973628044128418
0,0,0.001853324007242918
1,1,0.9992076754570007
0,0,0.001984203467145562
1,1,0.9999736547470093
1,1,0.9999802112579346
0,0,0.006390518508851528
0,0,2.88886155885848e-07
0,0,0.0010072177974507213
1,1,0.9984742999076843
0,0,0.003449088893830776
0,0,0.00025065208319574594
1,1,0.9996134638786316
1,1,0.9733860492706299
1,1,0.9999871253967285
0,0,0.036875080317258835
0,0,9.582139318808913e-05
0,0,0.0042117685079574585
1,1,0.9192800521850586
0,1,0.5747930407524109
1,1,0.9906407594680786
0,0,0.0001984935806831345
1,1,0.9976563453674316
0,0,0.000144816396641545
1,1,0.9974006414413452
0,0,0.005777591373771429
1,1,0.9894659519195557
1,1,0.9992874264717102
1,0,0.43255776166915894
0,0,0.012694790959358215
1,1,0.999154806137085
0,0,1.7541729846470844e-07
0,0,2.983752165164333e-05
0,0,0.00025815554545260966
1,1,0.9006216526031494
0,1,0.5636614561080933
0,0,0.00012198413605801761
0,0,0.10223545134067535
1,1,0.9918606877326965
1,1,0.9995961785316467
1,1,0.9965936541557312
0,0,0.00013064852100796998
0,0,0.00015500526933465153
1,1,0.9999804496765137
1,1,0.9869970083236694
0,0,0.05054737627506256
1,1,0.9999959468841553
1,1,0.9999165534973145
0,0,6.254092113522347e-06
0,0,0.0002703448408283293
0,0,0.0032325952779501677
0,1,0.6105674505233765
1,1,0.9911234378814697
1,1,0.9971700310707092
1,1,0.5097596645355225
1,1,0.9890994429588318
0,0,0.357082337141037
1,1,0.8825098872184753
1,1,0.9040998220443726
1,1,0.9991044402122498
1,1,0.8060078620910645
1,1,0.6507031917572021
1,1,0.98526531457901
0,0,0.004606907721608877
0,0,8.136624819599092e-05
0,0,0.017886988818645477
0,0,0.08515036851167679
1,1,0.9996067881584167
0,0,0.0004721383156720549
1,1,0.9999568462371826
0,1,0.8302000164985657
0,0,2.110608147631865e-05
0,0,7.588110020151362e-05
0,0,8.160877041518688e-05
1,1,0.8078427314758301
1,1,0.9945946335792542
1,1,0.9996681213378906
1,1,0.9974873065948486
1,1,0.9524142146110535
1,1,0.9774826765060425
0,0,0.16241355240345
1,1,0.9917641282081604
1,1,0.8368616104125977
1,1,0.9950041174888611
1,0,0.2714572250843048
0,0,0.01966000348329544
1,1,0.9027650356292725
1,1,0.8882205486297607
0,1,0.5451934933662415
1,1,0.9992815852165222
0,0,0.001784642692655325
1,1,0.999600350856781
0,0,4.402313606988173e-06
0,0,0.001277258386835456
1,1,0.9986550807952881
1,1,0.9417334794998169
0,0,0.011254744604229927
0,0,0.008533559739589691
0,0,0.006063068751245737
0,0,0.00044634085497818887
1,1,0.9990218877792358
0,0,0.2415299117565155
0,0,0.009687534533441067
0,0,8.57231643749401e-05
0,0,7.556541845588072e-07
0,0,0.004752332344651222
0,0,0.04084487631917
0,0,0.001434012083336711
0,0,0.0003353091888129711
0,0,0.005246329121291637
0,0,0.005944562144577503
0,0,0.0017511910991743207
1,1,0.9478337168693542
0,0,4.373153205960989e-05
0,0,4.266316682333127e-05
0,0,3.205740540579427e-06
1,1,0.9889336824417114
1,1,0.961456835269928
0,0,0.0033182415645569563
0,0,0.03453514352440834
1,0,0.3470747470855713
1,1,0.9688681960105896
1,1,0.5191832184791565
0,0,0.013423680327832699
0,0,0.0035723280161619186
1,1,0.9999195337295532
0,0,0.002010171767324209
1,1,0.9903500080108643
0,0,0.16065402328968048
1,1,0.9984865188598633
0,0,8.062016422627494e-05
0,0,0.03584062680602074
0,0,0.4243036210536957
0,0,0.01820509508252144
1,1,0.9999816417694092
1,1,0.9915512800216675
1,1,0.9998894929885864
1,1,0.9999738931655884
1,1,0.8306871056556702
0,0,0.38268163800239563
1,1,0.9998729228973389
1,1,0.9885665774345398
1,1,0.96542888879776
1,1,0.9647213220596313
1,1,0.9997013211250305
1,1,0.9981666803359985
1,1,0.9991766810417175
0,0,0.0014084733556956053
0,0,0.1914137601852417
0,0,0.0005327162798494101
0,0,0.04999678581953049
0,0,1.4324587027658708e-05
0,0,0.03308086097240448
0,0,0.0004351451643742621
0,0,0.00015002524014562368
0,0,0.02177620865404606
1,1,0.9865735769271851
1,1,0.9999971389770508
0,0,0.0036383888218551874
0,1,0.8818972110748291
0,0,1.0043302609119564e-05
0,0,0.0003728002484422177
0,0,0.00016972505545709282
0,0,0.11536972224712372
1,1,0.9955574870109558
0,0,6.199158815434203e-05
0,0,0.013377194292843342
1,1,0.9878882765769958
1,1,0.9999279975891113
0,0,0.0017411743756383657
1,1,0.9957472681999207
0,0,0.006025015376508236
0,0,0.007751916069537401
0,0,0.0033564185723662376
0,0,0.0002511223719920963
0,0,0.18970546126365662
1,1,0.9999724626541138
1,1,0.9999821186065674
1,1,0.9986616373062134
0,0,0.10676360875368118
1,1,0.9308132529258728
0,0,0.0007091360166668892
0,0,0.01431025005877018
0,0,5.7741331147553865e-06
1,1,0.9993195533752441
0,0,0.014435574412345886
1,1,0.9957787990570068
1,1,0.999772846698761
0,0,0.008223790675401688
0,0,0.0045367456041276455
0,0,0.07422564923763275
0,0,0.0006486080819740891
0,0,0.0003540293837431818
1,1,0.9862528443336487
1,1,0.9999134540557861
0,0,0.005802033934742212
1,1,0.9339330196380615
1,1,0.9996238946914673
0,0,0.3195015490055084
0,0,0.00014790853310842067
0,0,0.0005113536608405411
0,0,0.000485122756799683
0,0,0.03597528487443924
0,0,0.4037492871284485
0,0,0.002898135222494602
0,0,0.013836444355547428
0,0,0.0001228995097335428
0,0,0.004338779486715794
1,1,0.9991645812988281
0,0,2.116306859534234e-06
0,0,0.000706658058334142
0,0,0.0017833038000389934
0,1,0.8207139372825623
1,1,0.9325320720672607
1,1,0.9138527512550354
0,0,0.2854277193546295
0,0,8.250895916717127e-05
1,1,0.9138655066490173
1,1,0.998286783695221
0,1,0.7238227725028992
0,0,0.0006152149871923029
1,1,0.9999176263809204
1,1,0.9945273995399475
0,1,0.6749244928359985
1,1,0.9525284171104431
1,1,0.9956678152084351
1,1,0.9992567896842957
1,1,0.9998717308044434
0,0,0.00022962817456573248
0,1,0.7618802785873413
0,0,0.013505103997886181
0,0,2.376667362113949e-05
1,1,0.9973762035369873
1,1,0.9993768334388733
1,1,0.9936657547950745
1,1,0.9992825388908386
0,0,0.24497902393341064
0,0,0.000532657140865922
1,1,0.9997989535331726
0,1,0.9288078546524048
1,1,0.9893215894699097
1,1,0.9998316764831543
1,1,0.9998713731765747
0,0,0.007085517514497042
1,1,0.997491717338562
0,0,0.00021770833700429648
0,0,0.0043258690275251865
0,0,0.12700733542442322
0,0,0.14306481182575226
0,0,0.0763629674911499
1,1,0.602558970451355
1,1,0.9418675899505615
1,0,0.49183592200279236
0,0,0.04420036822557449
1,1,0.9989053010940552
1,1,0.9998605251312256
0,0,0.40998923778533936
0,1,0.919660210609436
0,0,0.002062260638922453
0,0,0.0001518529315944761
0,0,0.030495192855596542
1,1,0.9995043277740479
1,1,0.9357627034187317
0,0,0.0004826882213819772
0,0,0.010517348535358906
0,0,0.002345146145671606
0,0,0.0034122338984161615
0,0,0.12394294142723083
1,1,0.9995181560516357
0,0,0.24321173131465912
1,1,0.979068398475647
1,1,0.9794535040855408
0,1,0.9385073781013489
1,1,0.9999892711639404
1,1,0.9993593096733093
0,0,0.0164785198867321
0,1,0.8800857067108154
1,1,0.9991527795791626
0,0,0.00033219007309526205
0,1,0.5414835214614868
1,1,0.9670765995979309
0,0,0.0821545422077179
1,1,0.998473584651947
0,0,0.002778063528239727
1,1,0.9794475436210632
0,0,0.014725576154887676
0,0,0.0341191366314888
0,0,0.007116066757589579
1,1,0.9505793452262878
1,1,0.9989703893661499
1,0,0.441277414560318
1,1,0.9242708086967468
1,1,0.9999585151672363
0,0,0.0030164849013090134
0,0,0.0003035102563444525
1,1,0.7528831958770752
1,1,0.9999936819076538
0,0,0.016075994819402695
0,0,3.305175414425321e-05
1,1,0.9999308586120605
1,1,0.9946842789649963
1,1,0.9521936774253845
1,1,0.9911143779754639
0,0,0.0008995732641778886
1,1,0.9787308573722839
0,0,0.0871952623128891
1,1,0.9968516230583191
0,0,0.29397833347320557
0,0,0.04216393828392029
1,0,0.24005596339702606
1,1,0.999517560005188
1,1,0.9975255131721497
1,1,0.9998180270195007
0,0,0.003187488531693816
0,0,6.552278500748798e-05
1,0,0.36792293190956116
1,1,0.9981964230537415
1,1,0.862332820892334
0,0,0.0014635517727583647
0,0,0.03823644667863846
0,0,0.0028306192252784967
1,1,0.9938073754310608
0,1,0.6427332162857056
1,0,0.04276347905397415
1,1,0.9917020201683044
0,0,0.001331246574409306
0,0,0.0012489870423451066
1,1,0.9977128505706787
1,1,0.9898188710212708
1,1,0.9991452693939209
1,1,0.7281955480575562
1,1,0.9027438163757324
1,1,0.9846024513244629
1,1,0.9999680519104004
1,1,0.9995920062065125
1,1,0.9986695051193237
1,1,0.9999544620513916
1,1,0.9838348627090454
1,1,0.999967098236084
0,1,0.9723156094551086
0,1,0.663849413394928
1,1,0.999988317489624
1,1,0.9998109936714172
1,1,0.9936860203742981
0,0,0.11948704719543457
1,0,0.02405235543847084
0,0,0.0020656667184084654
1,1,0.999889612197876
1,1,0.9994476437568665
0,0,0.0011159180430695415
1,1,0.9997574687004089
1,1,0.9998856782913208
0,0,7.193067722255364e-05
0,0,0.0025140114594250917
1,1,0.998323380947113
1,1,0.9988771080970764
1,1,0.9992634654045105
1,1,0.9245079755783081
1,1,0.999984860420227
0,0,0.002237959299236536
1,1,0.9943735599517822
1,1,0.8593187928199768
0,0,0.00021770002786070108
1,1,0.9910611510276794
0,1,0.6924383044242859
1,1,0.9984512329101562
0,0,0.2932121753692627
0,0,0.07898976653814316
1,1,0.9999831914901733
1,0,0.3208298683166504
0,0,0.44574472308158875
1,1,0.8688149452209473
0,0,0.10084902495145798
0,0,0.0004429588734637946
1,1,0.9999915361404419
1,1,0.9433791041374207
0,0,0.00017028284491971135
0,0,0.023220548406243324
0,0,0.00021556801220867783
0,0,0.0031927896197885275
1,1,0.9997603297233582
0,0,0.0016449427930638194
0,0,0.017017873004078865
0,0,0.000678200158290565
0,0,0.0006811996572650969
1,1,0.9997970461845398
0,0,0.03869558125734329
0,0,0.0026544274296611547
1,1,0.5139119625091553
1,1,0.9868120551109314
0,0,3.692770769703202e-05
0,0,6.144205144664738e-07
1,1,0.9785025119781494
1,1,0.9989676475524902
0,0,0.004579607862979174
0,0,8.061340486165136e-05
1,1,0.9939993619918823
0,1,0.917926013469696
0,0,0.1988351047039032
0,0,0.19869573414325714
0,0,0.00037762909778393805
1,1,0.9994614720344543
1,1,0.9957613348960876
0,0,0.0003270076704211533
0,0,0.00024408010358456522
0,0,0.003926859237253666
0,0,0.0533808209002018
0,0,0.2624644935131073
0,0,1.4343890143209137e-05
1,1,0.9944913387298584
0,0,0.2148502916097641
0,0,0.034263741225004196
0,0,0.0001320907031185925
0,0,0.018172916024923325
1,1,0.7812424302101135
0,1,0.7686170935630798
0,0,0.030630603432655334
0,0,0.010189568623900414
0,0,3.4630258596735075e-05
0,0,0.009818412363529205
0,1,0.7920372486114502
0,0,0.013772864826023579
0,0,0.35348185896873474
1,1,0.9995267391204834
0,0,0.0018003826262429357
0,0,0.0008801725343801081
0,0,0.0013616890646517277
0,0,0.06376785039901733
0,0,5.170089934836142e-05
0,0,0.0020460160449147224
0,1,0.5944812297821045
1,1,0.9256532788276672
0,0,0.00032045342959463596
1,1,0.9694344997406006
0,0,0.0006226380937732756
1,1,0.9760783910751343
0,1,0.9912678599357605
0,0,0.07517169415950775
1,1,0.9768173098564148
1,1,0.9963282942771912
1,1,0.9976485371589661
1,1,0.9720074534416199
1,1,0.9448810815811157
0,0,0.15134397149085999
1,1,0.9994914531707764
1,1,0.9401390552520752
0,0,0.1789778769016266
1,1,0.999584972858429
1,1,0.9979199767112732
1,1,0.9999676942825317
1,1,0.9999995231628418
1,1,0.9989538192749023
1,1,0.9989509582519531
0,0,0.0008221829775720835
1,1,0.9998281002044678
0,0,0.004670124500989914
1,1,0.98610919713974
0,0,0.16678018867969513
1,1,0.9956526756286621
1,1,0.8352824449539185
1,1,0.9985951781272888
0,0,0.22099389135837555
1,1,0.9302491545677185
1,1,0.9922671914100647
1,1,0.9990535378456116
0,0,0.0004238732217345387
1,1,0.9984052777290344
0,0,0.0002371427690377459
0,0,0.00014475219359155744
1,1,0.9929783940315247
1,1,0.9999390840530396
0,0,0.00012589246034622192
0,0,0.00033226830419152975
1,1,0.9933096170425415
1,1,0.993147075176239
0,0,0.0013593845069408417
1,0,0.38173845410346985
0,0,0.001753060845658183
0,0,0.00019394206174183637
1,1,0.9509118795394897
0,0,0.014739688485860825
1,1,0.9371204972267151
0,0,0.003354031592607498
1,1,0.9911989569664001
1,1,0.9952796697616577
1,1,0.9615116119384766
1,1,0.9950212240219116
1,1,0.8880831599235535
1,1,0.9760468006134033
1,1,0.999630331993103
0,0,6.715584390803997e-07
1,1,0.9997765421867371
1,1,0.9999206066131592
0,1,0.940669059753418
1,1,0.9998136162757874
1,1,0.9994040727615356
0,0,5.809516551380511e-06
1,1,0.9837831854820251
0,0,0.040079038590192795
1,1,0.9997352957725525
0,0,0.26830509305000305
1,1,0.9772791862487793
1,1,0.9994744658470154
0,0,0.002701036399230361
0,0,0.00021003122674301267
1,1,0.9982627034187317
1,1,0.9991850256919861
0,0,0.000646627158857882
1,1,0.9188721179962158
1,1,0.8503645062446594
0,0,0.03664242476224899
1,1,0.989759087562561
0,0,0.04133273661136627
0,0,0.017550619319081306
1,1,0.9995800852775574
1,1,0.7053050994873047
1,1,0.9998103976249695
1,1,0.9988681077957153
0,0,0.0006926469504833221
1,1,0.9949567914009094
1,1,0.9855256676673889
1,1,0.9981788396835327
0,0,0.002161783864721656
0,0,9.52836580836447e-06
1,1,0.998855471611023
1,1,0.9999750852584839
1,1,0.9966771602630615
1,1,0.9984444975852966
1,1,0.999996542930603
1,1,0.999136745929718
1,1,0.9999997615814209
0,0,0.008701474405825138
1,1,0.9999463558197021
1,1,0.9999856948852539
0,0,0.03864645957946777
0,0,0.0004071223083883524
0,0,0.0008119127014651895
0,0,0.03430801257491112
0,0,0.010066847316920757
1,1,0.9999418258666992
0,0,0.47003230452537537
0,0,0.05027581378817558
0,0,0.0004049149283673614
1,1,0.9956900477409363
1,1,0.9939501285552979
0,0,0.041669491678476334
1,1,0.9913954138755798
0,0,0.26579925417900085
1,1,0.5102195143699646
0,1,0.9699053764343262
1,0,0.2925345003604889
1,1,0.9792240262031555
1,1,0.8945397138595581
0,0,0.0009929357329383492
1,1,0.9998098015785217
1,0,0.4057948887348175
0,0,0.14394192397594452
0,1,0.9806159734725952
1,1,0.9999876022338867
1,1,0.9996067881584167
1,1,0.9997212290763855
1,1,0.8993198275566101
1,1,0.9988184571266174
1,1,0.9990808963775635
1,1,0.9963703155517578
0,0,0.08550632745027542
1,1,0.9994798302650452
1,1,0.999723494052887
1,1,0.7051779627799988
1,1,0.7002747058868408
0,0,0.4328088164329529
0,0,0.045512281358242035
1,1,0.9990936517715454
0,0,0.18950945138931274
1,1,0.9969692826271057
1,1,0.9999958276748657
1,1,0.999944806098938
0,0,0.019427886232733727
1,1,0.9898996949195862
0,0,0.1529829204082489
1,1,0.9999912977218628
0,0,0.00012389187759254128
0,0,0.36645492911338806
0,0,0.000359298283001408
0,0,4.293884558137506e-05
0,0,0.24913723766803741
0,0,0.004569751676172018
1,1,0.9999759197235107
1,1,0.999958872795105
1,1,0.9998034834861755
0,0,0.015051059424877167
0,0,0.007650560233741999
1,1,0.9998528957366943
0,0,0.3047035336494446
0,0,0.007871901616454124
1,1,0.9999979734420776
1,1,0.6455228328704834
1,1,0.9999978542327881
0,0,0.08659637719392776
1,1,0.9999558925628662
1,1,0.609329104423523
0,0,5.393779065343551e-05
0,0,0.019325291737914085
0,0,0.0030590349342674017
1,1,0.9620655179023743
1,1,0.9999097585678101
0,0,0.004206931684166193
1,1,0.9425262212753296
0,0,0.00039616506546735764
1,1,0.9996911287307739
1,1,0.9999991655349731
1,0,0.395021915435791
1,1,0.9984257221221924
0,0,4.9719201342668384e-06
1,1,0.9999667406082153
1,1,0.9997860789299011
1,1,0.5483797788619995
1,1,0.9999229907989502
1,1,0.9874740839004517
1,1,0.999935507774353
1,1,0.996496856212616
1,1,0.9999686479568481
1,1,0.9999836683273315
0,0,0.22790908813476562
0,0,0.0019091098802164197
0,0,0.0027581744361668825
0,0,0.04228680208325386
1,1,0.994602620601654
1,1,0.7772774696350098
0,0,0.18951945006847382
1,1,0.9999732971191406
1,1,0.9966434240341187
1,1,0.9999376535415649
1,1,0.999861478805542
0,0,1.3386203079335246e-07
0,0,0.0074803829193115234
1,1,0.9582647085189819
0,0,0.30055391788482666
0,0,0.00364153110422194
0,0,0.030091462656855583
1,1,0.9999033212661743
0,0,0.047765448689460754
1,1,0.9950315952301025
0,0,5.964217780274339e-05
0,1,0.9751502275466919
0,0,0.039314888417720795
0,0,0.007799712475389242
0,0,0.01250899862498045
0,1,0.8709420561790466
0,0,0.0017918291268870234
1,1,0.9324459433555603
0,0,1.3123178177920636e-05
0,0,0.007058125454932451
1,1,0.9787282943725586
1,1,0.9993864297866821
1,1,0.995232880115509
1,1,0.9326950311660767
1,1,0.7729830145835876
0,0,0.016037490218877792
0,0,0.40159183740615845
0,0,0.004037789534777403
0,0,0.0009854467352852225
1,1,0.9999284744262695
1,0,0.29179850220680237
0,0,0.2773475646972656
1,1,0.9998747110366821
0,0,0.30406007170677185
1,1,0.9994476437568665
1,1,0.9999839067459106
0,0,0.0017525384901091456
1,1,0.9996238946914673
0,1,0.5453629493713379
1,1,0.9943127632141113
1,1,0.8969029784202576
1,1,0.9828814268112183
0,0,0.02477702684700489
1,1,0.997421383857727
1,1,0.998908281326294
1,1,0.998601496219635
1,1,0.9994198083877563
1,1,0.9980224370956421
1,1,0.9998385906219482
1,1,0.5527849197387695
0,0,0.00015218880434986204
1,1,0.9408899545669556
0,1,0.6471757292747498
0,0,0.3569276034832001
0,0,1.8310015548195224e-06
0,0,0.15557588636875153
0,0,0.0004186926526017487
1,1,0.9859402179718018
1,1,0.999380350112915
1,1,0.8847882747650146
0,0,0.448652058839798
0,0,0.0002982833539135754
1,1,0.9959523677825928
1,1,0.995959460735321
1,1,0.9999147653579712
0,0,0.005979334935545921
1,1,0.9926329255104065
1,1,0.9191489219665527
1,1,0.9983397722244263
1,1,0.6630987524986267
1,1,0.9662183523178101
0,0,0.40020063519477844
0,0,0.0009957787115126848
0,0,0.00033192383125424385
0,0,4.9035345000447705e-05
1,1,0.9987697005271912
1,1,0.9894934892654419
1,1,0.9999997615814209
1,1,0.95453280210495
1,1,0.9988712668418884
1,1,0.99849534034729
1,1,0.9994441866874695
1,1,0.9998399019241333
0,0,0.0005814708420075476
0,0,0.007735376711934805
1,1,0.9943981766700745
1,1,0.6242549419403076
0,0,0.08987702429294586
1,1,0.9809609651565552
0,0,0.006410506088286638
1,1,0.9957391023635864
0,1,0.7647507190704346
1,1,0.998058021068573
0,0,0.25333377718925476
0,0,0.13046851754188538
1,1,0.9852986335754395
1,1,0.9748067855834961
0,1,0.9615014791488647
1,1,0.9977141618728638
1,1,0.9555143117904663
0,0,0.010236449539661407
0,0,2.1608915631077252e-05
1,1,0.9465353488922119
0,0,0.0037329967599362135
1,1,0.8994011878967285
1,1,0.9967393279075623
1,1,0.9559468030929565
0,0,0.027211245149374008
0,0,0.0007883699145168066
0,0,0.24895212054252625
0,0,0.004061724524945021
0,0,0.0002121293218806386
0,0,0.01641722582280636
0,0,0.002893079537898302
1,1,0.9989703893661499
0,0,0.01571386121213436
1,1,0.9935393929481506
1,1,0.9990986585617065
1,1,0.9999185800552368
1,1,0.9999674558639526
0,0,2.0169221897958778e-05
1,1,0.9682467579841614
0,0,0.42873549461364746
1,1,0.9999991655349731
0,0,0.4438532888889313
1,1,0.9899354577064514
0,0,0.0016046216478571296
1,1,0.9985814094543457
1,1,0.999500036239624
1,0,0.4776964783668518
1,1,0.9998288154602051
1,1,0.9999977350234985
1,1,0.9998902082443237
1,1,0.9982249140739441
0,0,0.005694337654858828
0,0,0.0007532085292041302
1,0,0.005022329278290272
1,1,0.9370906949043274
1,1,0.9954919815063477
1,1,0.9955880641937256
1,1,0.9988446235656738
1,1,0.9967722296714783
0,0,1.7171757917822106e-06
0,1,0.5483003854751587
1,1,0.9795461297035217
0,0,0.0011105260346084833
0,0,0.00027920614229515195
0,0,0.20368605852127075
1,1,0.8465169668197632
1,1,0.9991154074668884
1,1,0.6421777009963989
0,1,0.5290852189064026
0,0,0.0005303937359713018
1,1,0.9986264705657959
0,0,0.03538227826356888
0,0,0.0005577923730015755
0,0,0.14702415466308594
1,1,0.9380996227264404
0,0,0.11714418232440948
0,0,1.689454984443728e-05
0,0,0.0008602258167229593
0,0,0.04564661905169487
1,1,0.979743480682373
1,1,0.9989878535270691
1,1,0.8843165040016174
0,0,0.0013710028724744916
0,0,0.0007369554368779063
1,1,0.9957493543624878
1,1,0.999886155128479
0,0,0.4100252389907837
1,1,0.9696798324584961
0,0,0.0005597971030510962
1,1,0.9992840886116028
1,1,0.9999251365661621
0,0,2.354089701839257e-05
1,0,0.0012449767673388124
1,1,0.966738760471344
1,1,0.9984058737754822
0,0,0.04183652251958847
1,1,0.7689284682273865
0,1,0.9159619808197021
0,0,0.0019262139685451984
1,1,0.9287878274917603
0,0,0.017238987609744072
0,1,0.5583316683769226
0,0,0.00014094730431679636
1,1,0.9018970131874084
0,0,0.0002931189665105194
1,1,0.9994335770606995
1,1,0.9999661445617676
1,1,0.9999295473098755
0,0,0.0002728886029217392
1,1,0.9958586096763611
1,1,0.9996052384376526
1,1,0.9989995360374451
1,1,0.998904824256897
1,0,0.3834335207939148
1,1,0.9432437419891357
1,1,0.9997900128364563
0,0,0.00773799791932106
1,1,0.9998573064804077
1,1,0.9996730089187622
1,1,0.9999189376831055
0,0,0.2535193860530853
0,0,0.00024844816653057933
1,1,0.9912089109420776
0,0,0.009530476294457912
0,0,0.0037689502350986004
0,0,0.07657201588153839
1,1,0.9718561172485352
0,0,0.0008384653483517468
1,1,0.9644309878349304
0,0,0.0007196214282885194
1,1,0.9997897744178772
1,1,0.9999860525131226
1,1,0.9960528612136841
1,1,0.9997580647468567
1,1,0.8645885586738586
1,1,0.9976056814193726
0,0,0.00017849037249106914
0,0,5.310261985869147e-05
0,0,0.0004874884616583586
0,0,0.004294583573937416
1,1,0.9985994696617126
1,0,0.05717886611819267
1,1,0.8962866067886353
1,1,0.989743173122406
0,0,0.0030845075380057096
0,0,0.04881465062499046
1,1,0.9900467991828918
0,0,0.0005071990890428424
0,0,0.007158635649830103
1,1,0.9827709794044495
1,1,0.839366614818573
0,0,4.5588887587655336e-05
0,0,0.00011377305054338649
0,0,0.0002026928123086691
0,1,0.9546633958816528
0,0,0.09144491702318192
0,0,0.019144324585795403
0,0,0.0034861150197684765
0,0,3.7878158764215186e-05
0,0,0.0016138056525960565
0,0,0.016748659312725067
0,0,0.005245395936071873
0,0,0.018401065841317177
0,1,0.8107710480690002
0,0,0.0028940218035131693
0,0,0.04825392737984657
1,1,0.9938554167747498
1,1,0.9972249269485474
0,0,0.17645519971847534
0,0,0.11445201188325882
0,0,0.00029879307840019464
1,0,0.06455981731414795
0,0,0.011708575300872326
0,0,0.004354481585323811
0,0,0.0005076437955722213
1,1,0.9940606951713562
0,0,0.034062836319208145
0,0,3.0404189601540565e-06
1,0,0.48013025522232056
0,0,0.009742814116179943
0,1,0.9704424142837524
1,1,0.575336754322052
0,1,0.7651162147521973
0,0,0.12005318701267242
0,0,0.021780412644147873
0,0,0.008427286520600319
0,0,0.0009109665988944471
0,0,0.26521024107933044
0,0,0.0001296919072046876
0,0,0.0033049422781914473
0,0,0.0001351669052382931
0,0,0.04342351853847504
0,0,0.06758932024240494
0,0,2.2535685275215656e-05
1,1,0.928792417049408
1,1,0.9992145299911499
0,0,0.0060593131929636
0,1,0.519759476184845
0,0,0.0001753458782332018
0,0,0.49894556403160095
1,1,0.9975284934043884
0,0,0.00014245101192500442
1,1,0.9887197613716125
0,0,0.0066197277046740055
0,0,4.120677476748824e-05
0,0,0.000425822043325752
0,0,0.0004767419013660401
0,0,0.00045386876445263624
0,0,0.0001666353055043146
1,1,0.9584619998931885
1,1,0.8422383666038513
0,0,0.0005532335489988327
0,0,5.0566733989398926e-05
1,1,0.9982713460922241
1,1,0.9996823072433472
0,0,0.0005658662412315607
0,0,0.0047077601775527
0,0,0.006425709929317236
0,0,2.6710884412750602e-05
0,0,0.08948852121829987
0,0,0.2977888286113739
1,1,0.9702375531196594
1,1,0.9952431321144104
0,0,0.0015269593568518758
0,1,0.9993613362312317
0,0,0.0006685863481834531
1,1,0.7706903219223022
1,0,0.18829263746738434
0,0,0.12233082205057144
0,0,0.001017048372887075
1,1,0.9972467422485352
1,1,0.9999818801879883
1,1,0.9622339010238647
0,1,0.5089547038078308
0,0,0.000719060655683279
1,1,0.985691487789154
0,0,0.0004055780591443181
0,1,0.9311866760253906
0,0,0.0037370992358773947
0,0,0.0042462823912501335
1,0,0.05554669722914696
1,1,0.9989665746688843
0,0,0.0005976992542855442
1,1,0.9896860718727112
0,0,0.4804256856441498
0,0,3.8020061765564606e-05
1,1,0.7516928911209106
1,1,0.8860028982162476
1,1,0.7148044109344482
1,1,0.9862174987792969
1,1,0.9946873188018799
0,0,0.010783097706735134
0,0,0.15470421314239502
0,0,0.10470130294561386
0,0,0.004069076851010323
0,0,0.0003755883953999728
0,0,0.0012985683279111981
0,0,0.01042769756168127
0,0,0.031518250703811646
0,1,0.6556081175804138
0,0,1.6336149201379158e-05
0,0,0.004823933821171522
1,1,0.9999946355819702
0,0,0.00015082374738994986
1,1,0.8682356476783752
1,1,0.9262206554412842
0,0,0.02428528107702732
0,0,0.002463589422404766
0,0,0.0001302689779549837
0,0,9.79038086370565e-05
1,1,0.9997988343238831
1,1,0.9853687882423401
0,0,0.0003569241671357304
1,1,0.9992602467536926
1,1,0.9792989492416382
1,1,0.9778558611869812
0,0,0.008236981928348541
1,1,0.9034028649330139
1,1,0.999992847442627
0,0,0.0002088464389089495
1,1,0.5056377053260803
1,1,0.9946452379226685
1,1,0.9864322543144226
0,0,0.33727988600730896
1,1,0.9999403953552246
1,1,0.9999980926513672
1,1,0.9085115790367126
0,0,0.21022064983844757
1,1,0.999976634979248
1,1,0.9920487999916077
1,1,0.9998358488082886
1,0,0.2123415619134903
1,1,0.999776303768158
1,1,0.9942710399627686
1,1,0.8739413022994995
1,1,0.9914986491203308
1,1,0.997309684753418
1,1,0.9748618006706238
1,1,0.9724891781806946
0,1,0.5891678929328918
1,1,0.9903539419174194
1,1,0.9841692447662354
1,1,0.9999620914459229
1,1,0.9999794960021973
1,1,0.9832640290260315
1,1,0.9958751797676086
0,0,0.007688974961638451
0,0,1.4512555935652927e-05
1,1,0.9966824650764465
1,1,0.9999332427978516
1,1,0.9998007416725159
1,1,0.6362471580505371
0,0,0.0002756985486485064
1,0,0.4542989432811737
1,1,0.7777988314628601
1,1,0.9989882111549377
1,1,0.9980543851852417
0,0,0.005209931172430515
0,0,2.3468899598810822e-05
1,1,0.9998865127563477
0,0,3.1066870178619865e-06
0,1,0.9945163130760193
1,1,0.9992308616638184
0,0,0.15323463082313538
0,0,0.00013584915723185986
1,0,0.14456044137477875
0,0,0.014339134097099304
1,1,0.9999775886535645
1,1,0.9785682559013367
0,0,0.4186135232448578
1,1,0.9350513815879822
0,0,8.926400187192485e-05
1,1,0.9990761280059814
0,0,9.468310054217e-06
1,1,0.9970695376396179
1,1,0.9999144077301025
1,1,0.9836938977241516
1,0,0.2714678645133972
0,0,0.007117333356291056
1,1,0.9971319437026978
1,1,0.9939619898796082
0,0,0.0064958143047988415
1,1,0.9601194858551025
0,0,0.0011371310101822019
1,1,0.9495809674263
1,1,0.7192354798316956
1,0,0.27558544278144836
0,0,3.1322324502980337e-05
0,0,0.0005925224395468831
1,1,0.987877368927002
1,1,0.9988182187080383
1,1,0.977226734161377
1,1,0.9967755675315857
0,0,0.0027310666628181934
1,1,0.9892560243606567
1,1,0.9779770374298096
1,1,0.7586001753807068
1,1,0.9945192933082581
1,1,0.9628781676292419
1,1,0.9999840259552002
1,1,0.9939833283424377
1,1,0.9930058121681213
0,0,0.0022987001575529575
1,1,0.9502856135368347
0,0,0.00812920555472374
0,0,0.0008438885561190546
0,0,0.0014678164152428508
0,0,0.025166241452097893
1,1,0.9988859295845032
1,1,0.9946759939193726
0,0,0.0003401897265575826
1,1,0.9891541600227356
1,0,0.3607024848461151
1,1,0.9998175501823425
1,1,0.9971818923950195
1,1,0.9919305443763733
0,0,0.003505949629470706
1,1,0.9990986585617065
1,1,0.9995701909065247
1,1,0.9986438155174255
0,1,0.6448079347610474
1,1,0.9945845007896423
1,1,0.9998815059661865
0,0,0.01715198904275894
0,0,0.02435954660177231
1,1,0.9994551539421082
0,0,6.19623315287754e-05
0,0,0.0013271119678393006
1,1,0.9993681311607361
0,0,0.004018752370029688
1,1,0.9996713399887085
0,0,0.0003921574680134654
1,1,0.9990033507347107
0,0,0.40039926767349243
0,0,0.02739383839070797
1,1,0.9998754262924194
1,1,0.999941349029541
0,0,0.11333033442497253
1,1,0.9994353652000427
1,1,0.9999604225158691
0,0,0.0040001031011343
0,0,0.00012427986075636
1,1,0.9993515610694885
1,1,0.991188645362854
1,1,0.9911842942237854
0,1,0.5601086020469666
1,1,0.8560818433761597
1,1,0.9787181615829468
1,0,0.47842422127723694
1,1,0.7817159295082092
0,0,0.024426154792308807
1,1,0.9997729659080505
1,1,0.7922652363777161
1,1,0.9998787641525269
0,0,0.000207185948966071
0,0,0.0010164192644879222
0,0,0.021525438874959946
1,1,0.9925383925437927
0,0,0.013446163386106491
1,1,0.8614805340766907
0,0,0.05526963248848915
0,0,2.751735109995934e-06
1,0,0.12887892127037048
0,0,0.0022509999107569456
0,0,0.00241832179017365
0,0,0.0004377863369882107
1,1,0.9999610185623169
0,0,0.0003066132194362581
0,0,0.08066407591104507
1,1,0.9994248151779175
1,1,0.9549217820167542
1,1,0.9997859597206116
0,0,0.0001439207699149847
0,0,0.001439807121641934
0,1,0.9990537762641907
1,1,0.9718436002731323
0,0,0.0003384700103197247
0,0,0.002021502936258912
0,0,0.00334075465798378
0,0,3.319768893561559e-06
0,0,0.006962462794035673
0,0,0.035320691764354706
1,0,0.057718656957149506
0,0,0.006366541609168053
1,0,0.16800948977470398
1,1,0.9978390336036682
1,1,0.9998782873153687
0,0,0.004723621066659689
0,0,4.4356049329508096e-05
1,1,0.999993085861206
0,0,0.0007609664462506771
1,1,0.9977104663848877
0,1,0.6492845416069031
0,0,0.005643821787089109
1,1,0.998405396938324
0,0,0.02845405973494053
1,1,0.9856104254722595
0,0,0.05614380165934563
0,0,0.4347868859767914
1,1,0.9621415138244629
0,0,0.02652357704937458
0,0,0.0001186067602247931
1,0,0.014473600313067436
1,1,0.999582827091217
0,0,0.0014366104733198881
1,1,0.9508998990058899
0,0,0.02620251663029194
1,1,0.9997599720954895
0,0,0.00023212199448607862
0,0,0.0003340609837323427
0,0,0.004101000260561705
1,1,0.8631724715232849
1,1,0.9918345212936401
1,1,0.9631167054176331
1,1,0.5060304999351501
1,1,0.9779247045516968
0,0,0.1579025685787201
0,0,0.07759922742843628
1,1,0.9043312072753906
1,1,0.8069930672645569
0,0,0.0332443043589592
1,1,0.9962624907493591
0,1,0.5004085302352905
0,0,0.21127870678901672
1,1,0.9997316002845764
0,0,0.007717022206634283
1,0,0.09098398685455322
0,0,0.0173336248844862
0,0,0.006513798143714666
1,1,0.986336350440979
1,1,0.99934321641922
1,1,0.9803921580314636
0,1,0.5080681443214417
1,1,0.9911113381385803
1,1,0.9883633255958557
0,0,0.021112622693181038
0,0,0.08628077805042267
1,0,0.33643606305122375
0,0,4.585397164191818e-06
0,0,0.013061223551630974
0,0,0.08227302879095078
0,0,0.00035808433312922716
1,1,0.8935683369636536
1,1,0.9996663331985474
0,0,0.004878935404121876
1,0,0.3451322913169861
0,0,0.0016307668993249536
1,1,0.9998058676719666
0,0,0.3844679594039917
0,0,0.01030786707997322
0,0,0.02191906049847603
1,1,0.5166177749633789
0,0,0.000438680755905807
0,0,0.004836753476411104
1,1,0.894306480884552
1,1,0.9929683804512024
1,1,0.8486528992652893
0,1,0.7758788466453552
0,0,0.001056307926774025
0,0,7.260992333613103e-06
1,1,0.9874883890151978
0,1,0.5637528300285339
0,0,0.004264677409082651
1,1,0.8195539712905884
0,0,0.0031236293725669384
0,0,0.002060235245153308
1,1,0.8127045035362244
0,1,0.7014726996421814
1,0,0.013024725019931793
0,1,0.9952942728996277
0,0,0.024241100996732712
0,0,0.08713971823453903
0,1,0.7706719040870667
0,0,0.0059428345412015915
1,0,0.03609591722488403
1,1,0.9649386405944824
0,0,1.0749589591796394e-06
0,0,0.004627677146345377
1,1,0.9971935153007507
0,0,4.057421756442636e-05
0,0,0.0015106134815141559
0,0,0.001011655549518764
0,0,0.03779924660921097
0,0,0.014606902375817299
0,0,0.007585546001791954
0,0,0.004395431838929653
0,0,0.04380432516336441
1,0,0.11943633109331131
0,0,0.48815518617630005
0,0,0.0005539741250686347
0,0,0.000697205017786473
0,0,0.08086411654949188
0,0,0.014102742075920105
0,1,0.8780064582824707
0,0,0.04375714436173439
0,0,0.004094094503670931
0,1,0.7624606490135193
0,0,0.001996317645534873
0,0,7.45769148124964e-06
0,1,0.8213374018669128
0,0,1.2305306881899014e-05
1,1,0.9667912721633911
1,1,0.9939742684364319
1,1,0.9999799728393555
1,1,0.9999997615814209
1,1,0.9997689127922058
0,0,1.497450512033538e-06
1,1,0.9998981952667236
0,0,0.002703507198020816
1,1,0.9862274527549744
1,0,0.035988688468933105
1,1,0.9999872446060181
1,1,0.9968059062957764
0,0,0.002093479735776782
1,1,0.9976735711097717
1,1,0.9684551954269409
1,1,0.9974920749664307
1,1,0.9995525479316711
0,0,9.825762390391901e-05
1,1,0.9999228715896606
1,1,0.9769936203956604
1,1,0.9998559951782227
1,1,0.9977967739105225
1,1,0.9991567134857178
1,1,0.9991633892059326
1,1,0.9999566078186035
1,1,0.9999746084213257
1,1,0.9887891411781311
1,1,0.9891791343688965
1,1,0.995306670665741
1,1,0.996593177318573
1,1,0.999247670173645
1,1,0.9999679327011108
1,1,0.9998680353164673
1,1,0.9998788833618164
1,1,0.999974250793457
0,0,0.018769197165966034
1,1,0.9989166259765625
0,0,0.052937865257263184
1,1,0.841752827167511
1,1,0.9979932308197021
1,1,0.9369420409202576
1,1,0.9999855756759644
0,0,0.004313862416893244
1,1,0.9986190795898438
1,1,0.9995348453521729
1,1,0.9570204615592957
1,1,0.9999797344207764
1,1,0.9657942652702332
1,1,0.959028422832489
1,1,0.9999929666519165
0,0,0.023726489394903183
0,1,0.86420738697052
1,1,0.9998505115509033
0,0,0.00044549605809152126
0,0,0.00042631063843145967
1,1,0.9996343851089478
1,1,0.9999262094497681
1,1,0.9999688863754272
0,0,0.00043955474393442273
1,1,0.9789167642593384
1,1,0.9998072981834412
1,1,0.9982031583786011
0,0,0.14563314616680145
1,1,0.9977045655250549
1,1,0.997123658657074
1,1,0.9970486760139465
0,0,0.05655714496970177
0,0,0.0002617390127852559
0,0,1.438604431314161e-05
1,1,0.999993085861206
0,1,0.7682276368141174
1,1,0.9999449253082275
1,1,0.9999929666519165
0,0,0.00018392849597148597
1,1,0.9994586110115051
1,1,0.9420209527015686
1,1,0.999792754650116
0,0,0.005086422897875309
1,1,0.9996616840362549
1,1,0.999177873134613
1,1,0.9996389150619507
1,1,0.9999861717224121
1,1,0.9903755784034729
1,1,0.9957892298698425
1,1,0.9999992847442627
1,1,0.9344606995582581
1,1,0.9996217489242554
0,0,0.009995742700994015
0,0,0.0005426807911135256
0,0,0.012741385959088802
0,0,0.00018024338351096958
0,0,0.1051492765545845
0,0,0.27894699573516846
0,1,0.9233637452125549
0,0,0.02014593966305256
0,1,0.777138888835907
1,1,0.9264525175094604
0,0,0.3932124078273773
1,1,0.9992406368255615
1,1,0.9997920393943787
1,1,0.9997285008430481
1,1,0.8651424646377563
1,1,0.9999788999557495
1,1,0.9969459176063538
1,1,0.9488321542739868
1,1,0.948555588722229
0,0,0.23541603982448578
1,1,0.9944213032722473
1,1,0.9995809197425842
1,1,0.9989013671875
0,0,3.089186066063121e-05
1,1,0.6427894234657288
0,0,3.177337248416734e-06
1,1,0.9999486207962036
1,1,0.9937553405761719
0,0,0.00011984482989646494
1,1,0.9999390840530396
0,0,0.34656891226768494
0,0,4.896207610727288e-05
0,0,0.0008775665191933513
0,0,0.06747540831565857
0,0,0.0035917230416089296
0,1,0.9825602173805237
0,1,0.7225750088691711
0,0,0.008735254406929016
1,1,0.9997300505638123
0,0,0.00019474534201435745
1,1,0.980736494064331
0,0,0.04961990937590599
1,1,0.9764515161514282
1,1,0.9997485280036926
0,0,0.1615711748600006
0,0,9.392225911142305e-05
0,0,0.014354817569255829
1,1,0.9454278945922852
1,0,0.490563303232193
0,0,0.0021880953572690487
0,0,0.011725272051990032
0,0,0.0002250332327093929
0,0,0.017582038417458534
0,0,0.00012831260391976684
0,0,7.801032188581303e-05
0,0,0.016694845631718636
0,1,0.9017189145088196
0,0,0.0006518510053865612
0,0,0.011790226213634014
0,0,0.00030023339786566794
1,1,0.9889856576919556
0,0,5.303874786477536e-05
0,0,0.006916400510817766
0,0,0.01945619285106659
0,0,0.0006226745899766684
0,1,0.8706893920898438
0,0,0.06611165404319763
0,0,0.011661631055176258
0,0,0.08570830523967743
0,0,0.002365582622587681
0,0,6.202500117069576e-06
1,1,0.828499972820282
0,0,1.1258351150900126e-05
0,0,0.1172705739736557
0,0,0.05660321190953255
0,0,1.43103216032614e-05
1,0,0.032612789422273636
0,0,0.0041620307601988316
0,0,1.5910241927485913e-05
0,0,0.0007824293570593
0,0,0.009429926984012127
0,0,0.34105488657951355
0,0,0.0008213728433474898
0,0,0.24848084151744843
0,0,0.27074822783470154
0,0,0.0038604026194661856
0,0,0.00018502592865843326
0,0,2.454427522025071e-05
0,0,0.06279362738132477
0,0,0.053795263171195984
0,0,0.0011019642697647214
0,0,5.902729753870517e-05
0,0,0.0003620220522861928
0,0,0.0006820792332291603
0,0,0.17801494896411896
0,0,0.0029531533364206553
0,0,0.00010334908438380808
0,0,0.0006051665986888111
0,0,0.004172878805547953
0,0,0.00016492856957484037
0,0,0.007608321029692888
0,0,6.244063683880086e-07
0,0,0.01314272079616785
0,0,0.0064659155905246735
0,0,0.00015311162860598415
0,0,0.4487420618534088
0,0,0.003957412205636501
0,1,0.6622498631477356
0,0,0.08459361642599106
0,0,0.19726333022117615
0,0,0.005696394946426153
0,0,4.513463136390783e-05
0,1,0.8741206526756287
0,0,0.0012551568215712905
0,0,0.00011526527669047937
0,1,0.524861752986908
0,0,0.01926398277282715
0,0,0.008201166987419128
0,0,0.002290558535605669
0,0,0.0016316233668476343
1,1,0.831397533416748
1,0,0.14047984778881073
0,0,0.0009770157048478723
0,0,0.0008997254190035164
0,0,0.00205252249725163
0,0,0.00012882298324257135
0,0,1.5365825674962252e-05
1,1,0.9109501838684082
0,0,0.0025278523098677397
0,0,9.878495620796457e-05
1,1,0.996245801448822
0,0,0.0068713524378836155
0,0,0.006562604568898678
0,0,6.266279524425045e-05
0,0,0.0013330124784260988
0,0,0.00046463869512081146
1,1,0.573066234588623
0,0,0.0019194228807464242
1,1,0.9972969889640808
0,0,0.06268899142742157
0,0,4.36665914094192e-06
1,1,0.9997518658638
0,0,0.005409108009189367
0,0,0.0010872010607272387
0,0,0.00733622582629323
0,0,0.00489418301731348
0,0,0.003386162221431732
1,1,0.9251198172569275
0,0,0.012396487407386303
0,0,0.47375649213790894
0,0,0.08361570537090302
0,1,0.8329566121101379
0,0,0.006408838555216789
1,1,0.9961291551589966
0,0,0.0026092426851391792
0,0,0.019680369645357132
0,0,0.0004960829974152148
0,0,0.02829207107424736
0,0,9.920759111992083e-06
1,1,0.9993065595626831
1,1,0.9998409748077393
0,0,0.000975604634732008
1,1,0.9957486987113953
1,1,0.5746360421180725
1,1,0.9959110021591187
0,0,0.0002537839754950255
1,1,0.9996167421340942
1,1,0.9261552691459656
1,1,0.9995843768119812
0,0,6.332338671199977e-05
1,0,0.3863617777824402
1,1,0.9827600717544556
0,0,0.006336132064461708
0,0,0.005898772738873959
1,1,0.8151636123657227
0,0,0.0071938796900212765
1,1,0.9967316389083862
0,0,0.08683988451957703
1,1,0.9997510313987732
0,1,0.9902448654174805
0,0,0.002344527281820774
0,0,0.005794881377369165
0,0,0.002178581664338708
0,0,0.0041449894197285175
0,0,0.0031987379770725965
0,1,0.9912531971931458
1,1,0.9839829206466675
0,0,0.0006469313520938158
0,0,0.001532709109596908
1,1,0.9972913861274719
0,0,0.010162134654819965
0,0,0.00016900981427170336
0,0,4.9244998081121594e-05
1,1,0.9715576171875
1,1,0.9815634489059448
0,0,2.7056498765887227e-06
0,0,0.006999011617153883
1,1,0.999788224697113
1,1,0.9890601634979248
0,0,0.00017053763440344483
0,0,3.4292941563762724e-05
0,0,0.005082175135612488
1,1,0.9794937968254089
1,1,0.9932981133460999
1,1,0.9999804496765137
0,1,0.7034664750099182
1,0,0.1675916463136673
1,1,0.7830290794372559
1,1,0.9572138786315918
1,1,0.9844100475311279
1,1,0.999099612236023
0,1,0.8846420049667358
0,0,0.1113038957118988
0,0,0.002428491599857807
1,1,0.9920693635940552
1,1,0.9940077066421509
1,1,0.9853963255882263
1,1,0.9986404776573181
0,0,0.053151361644268036
0,0,0.00024098384892567992
0,0,0.06443945318460464
1,1,0.9997879862785339
1,1,0.9962846040725708
0,0,0.045291315764188766
1,1,0.9999243021011353
0,0,0.005811186973005533
1,1,0.5996018648147583
0,0,0.11163626611232758
0,0,0.00027134313131682575
1,1,0.999660849571228
1,1,0.999981164932251
0,0,0.00019617816724348813
0,0,0.03127405792474747
1,1,0.9267106652259827
1,1,0.9986734390258789
1,1,0.999226450920105
0,0,0.29368236660957336
1,1,0.999908447265625
1,1,0.9935570359230042
1,1,0.9999510049819946
1,1,0.999996542930603
0,0,0.014414831064641476
0,0,0.05858975276350975
0,0,0.0031544649973511696
0,0,9.449024219065905e-06
0,1,0.8786223530769348
0,0,0.010101824067533016
1,1,0.9107652902603149
0,0,0.000846432987600565
0,1,0.7170955538749695
0,0,0.0011599742574617267
1,1,0.6289733052253723
1,1,0.9942870736122131
1,1,0.9993372559547424
1,1,0.9980288147926331
1,0,0.01929011009633541
0,0,0.05651801824569702
1,1,0.9993730187416077
1,1,0.9999653100967407
1,1,0.9999983310699463
1,1,0.9950432777404785
1,1,0.9985976815223694
0,0,0.18653935194015503
1,1,0.9998793601989746
1,1,0.9996446371078491
1,1,0.627458930015564
1,1,0.9808136820793152
1,0,0.4045090675354004
1,1,0.6599751114845276
1,1,0.9998117089271545
0,0,0.013932541012763977
0,0,0.0001053007654263638
1,1,0.9999440908432007
0,0,0.003779816906899214
1,1,0.9999529123306274
0,0,0.004836909472942352
1,1,0.9999793767929077
1,1,0.9989016056060791
1,1,0.9999967813491821
1,0,0.3689901828765869
1,1,0.9999860525131226
1,1,0.9999027252197266
1,1,0.9454415440559387
0,0,9.052953100763261e-05
1,1,0.9982410669326782
1,1,0.9997005462646484
1,1,0.9976816177368164
0,0,0.24246667325496674
0,0,0.00011114447988802567
1,1,0.9997988343238831
0,0,0.001429903320968151
1,1,0.999985933303833
0,0,0.0009022926678881049
0,0,0.001800062949769199
1,1,0.9855158925056458
1,1,0.9997884631156921
1,0,0.4988223612308502
0,0,0.3132850229740143
0,0,0.07118897885084152
1,1,0.9961764812469482
0,0,0.12703290581703186
0,0,0.138141930103302
1,1,0.9987772107124329
0,0,0.04890069738030434
1,1,0.9999606609344482
1,1,0.995227575302124
0,0,0.0005513440119102597
0,1,0.9884223341941833
1,1,0.9997907280921936
0,0,0.40817195177078247
0,0,0.1528981328010559
1,1,0.9918368458747864
0,0,3.539274985087104e-05
0,0,0.05475056171417236
1,1,0.9997392296791077
1,1,0.9996570348739624
0,0,0.00021785141143482178
1,1,0.9999992847442627
0,0,0.0018713341560214758
0,0,7.36174058602046e-07
1,1,0.9999716281890869
0,0,0.000258598942309618
1,1,0.5212312936782837
1,1,0.986335039138794
1,1,0.9999994039535522
0,0,1.971753590623848e-05
1,1,0.9936058521270752
0,0,0.00682956725358963
0,0,0.029165109619498253
1,1,0.9988061189651489
0,0,0.03174934908747673
1,1,0.9998781681060791
1,1,0.9785473346710205
1,1,0.9933660626411438
1,1,0.7324351668357849
1,1,0.8655033111572266
1,0,0.12979596853256226
1,0,0.13145507872104645
1,0,0.2589530944824219
1,0,0.1022769957780838
1,1,0.8395847082138062
0,0,0.017404941841959953
1,1,0.8592473864555359
0,0,0.0010767735075205564
1,1,0.9858884215354919
0,0,0.0002655985008459538
1,1,0.9575772285461426
0,0,0.26509755849838257
0,0,0.0016356433043256402
0,0,2.580203499746858e-07
0,0,0.00018753348558675498
1,1,0.9854572415351868
1,1,0.9942789077758789
1,1,0.9991075396537781
1,0,0.04874764010310173
1,1,0.9997206330299377
1,1,0.9995619654655457
0,1,0.6250641942024231
1,1,0.9442791938781738
1,1,0.9261848330497742
1,1,0.7775076627731323
0,0,0.00012877494737040251
1,1,0.9701859354972839
1,1,0.9907330274581909
1,1,0.9997835755348206
0,0,0.014210055582225323
0,0,2.395650199105148e-06
0,0,7.881110832386184e-06
0,0,0.01997261308133602
1,1,0.8843511343002319
0,1,0.8373295068740845
1,1,0.9653077125549316
0,0,0.04316679388284683
1,1,0.9999891519546509
1,1,0.9929072856903076
0,0,0.00021531061793211848
1,1,0.9974023103713989
0,0,0.0012040656292811036
1,1,0.9998499155044556
1,1,0.999817430973053
0,0,0.043988101184368134
0,0,0.00043159531196579337
1,1,0.9935097098350525
0,0,0.022000426426529884
0,0,0.006430862471461296
0,0,0.4490567445755005
0,0,0.0027628554962575436
0,0,0.07898740470409393
0,0,0.002141342032700777
0,1,0.9656307101249695
0,1,0.8052643537521362
1,1,0.9994791150093079
1,1,0.925041675567627
1,1,0.9980358481407166
0,0,0.0010501531651243567
1,1,0.8641204833984375
0,0,0.027236679568886757
0,0,0.3876635432243347
0,0,0.1799992024898529
0,0,0.0032645033206790686
0,0,0.31675541400909424
0,0,0.0035406779497861862
0,0,0.0002614237309899181
0,0,0.00011692971020238474
0,0,0.354388952255249
1,1,0.9969346523284912
0,0,0.29425761103630066
1,1,0.9993298053741455
1,1,0.9996242523193359
1,1,0.9966368675231934
1,1,0.9988916516304016
0,0,2.9860266295145266e-05
1,1,0.9840394854545593
0,0,6.71289672027342e-06
1,1,0.7518497705459595
1,1,0.9875715970993042
1,1,0.9958336353302002
1,1,0.999980092048645
1,1,0.9995662569999695
0,1,0.9227057099342346
0,0,7.87639437476173e-05
0,0,0.0009510285453870893
0,0,0.0767703726887703
0,0,0.0008228158694691956
1,1,0.9642578959465027
1,1,0.8509404063224792
0,0,0.002869995543733239
1,1,0.6478195786476135
0,0,0.00024692073930054903
0,0,0.004323375876992941
0,0,0.001974724233150482
0,0,0.017574965953826904
1,1,0.9997574687004089
0,0,0.0018079867586493492
1,1,0.9665954113006592
0,0,0.009313786402344704
0,0,0.009409765712916851
1,1,0.9687609672546387
1,1,0.8893203139305115
0,0,0.007829326204955578
1,1,0.9999983310699463
1,1,0.999988317489624
1,1,0.9739992022514343
0,0,0.019973892718553543
0,0,0.00017051323084160686
0,0,0.0010474624577909708
1,0,0.41526010632514954
1,1,0.9995087385177612
1,1,0.9981825351715088
1,1,0.9999462366104126
1,1,0.9999525547027588
0,0,0.001742425374686718
1,1,0.9983975291252136
1,1,0.9991371035575867
1,1,0.9998459815979004
0,0,2.5264567739213817e-05
0,0,0.017825983464717865
1,1,0.84055095911026
0,0,1.1614461982389912e-05
0,0,0.0008554061641916633
1,1,0.9995349645614624
0,0,0.1607734113931656
0,0,0.00042024519643746316
0,0,0.02165296860039234
0,0,0.0033882868010550737
1,0,0.23374107480049133
0,0,0.0028231709729880095
1,1,0.9992889165878296
1,1,0.9994304776191711
1,1,0.9329655766487122
1,1,0.9976855516433716
1,1,0.9798919558525085
0,0,0.003524722531437874
0,0,7.944479875732213e-05
1,1,0.9975137710571289
1,1,0.7191252112388611
1,1,0.9977062940597534
0,0,0.0067789265885949135
0,0,0.01457894779741764
0,0,0.055481791496276855
0,0,0.031956128776073456
1,1,0.9999809265136719
0,1,0.9624447822570801
1,1,0.7334561944007874
1,1,0.9931774139404297
1,1,0.9879069328308105
0,0,0.13947786390781403
1,1,0.9170396327972412
1,1,0.9999997615814209
1,1,0.7888171076774597
0,0,0.003367617493495345
0,0,0.006199111696332693
1,1,0.9968158602714539
1,1,0.9294101595878601
1,1,0.9928877949714661
0,0,0.005255731754004955
1,1,0.9964510202407837
1,1,0.9999754428863525
0,0,0.0001250533969141543
1,1,0.9914531707763672
0,0,0.001858920557424426
1,1,0.9987421631813049
0,0,1.0492167348274961e-06
1,1,0.9986355900764465
1,1,0.9532853364944458
0,1,0.8607620000839233
1,1,0.9963259100914001
1,1,0.9983680844306946
0,0,0.0030741903465241194
0,0,0.0011393652530387044
0,0,0.045950621366500854
1,1,0.8391972184181213
0,1,0.5070841908454895
1,1,0.9854447245597839
1,1,0.999539852142334
1,1,0.9787479639053345
0,0,0.00040178309427574277
0,0,0.07557468861341476
1,1,0.9998414516448975
1,0,0.19685429334640503
0,0,0.00946823414415121
0,0,0.09724996238946915
0,1,0.6894056797027588
1,1,0.9993458390235901
0,0,0.0014132874784991145
0,0,0.00038196530658751726
0,0,0.010583198629319668
0,0,0.4270319938659668
0,1,0.978152334690094
0,1,0.6212158203125
0,0,0.0026866463012993336
0,0,7.559446544291859e-07
1,1,0.8973088264465332
0,0,1.35926993607427e-05
0,0,0.0013994489563629031
0,0,0.35331472754478455
1,1,0.9998078942298889
1,1,0.793195366859436
0,0,0.04410063475370407
0,0,5.979291017865762e-05
0,0,3.721565371961333e-05
1,1,0.6557481288909912
0,0,0.004860559944063425
0,0,0.03297334164381027
1,1,0.9971731901168823
1,1,0.9999138116836548
0,0,0.01744249276816845
0,0,3.846482741209911e-06
0,0,0.001286501414142549
0,0,0.05929521471261978
0,0,3.873731111525558e-05
0,0,0.0007121599046513438
0,0,2.5170438675559126e-05
0,0,0.0024474032688885927
1,1,0.999717652797699
1,1,0.9986045956611633
1,1,0.9950019717216492
0,0,0.32352742552757263
1,1,0.9949866533279419
1,1,0.9999288320541382
0,0,0.024415593594312668
1,1,0.9897290468215942
0,0,0.0008104564622044563
0,0,0.0012175383744761348
1,1,0.905365526676178
1,1,0.9999884366989136
1,0,0.3321962058544159
1,1,0.9983572363853455
1,1,0.9995735287666321
1,1,0.9998726844787598
1,1,0.9998646974563599
0,0,0.06754563748836517
0,0,0.0006043550674803555
0,0,0.010006194934248924
0,0,0.22545909881591797
0,1,0.8552080988883972
0,1,0.8709328770637512
1,1,0.9751859307289124
1,1,0.9394320845603943
1,0,0.39818546175956726
1,1,0.9998823404312134
0,0,0.001388120697811246
0,0,0.056149404495954514
0,0,0.0008821922237984836
0,0,0.015124030411243439
0,1,0.7607985734939575
0,0,0.16666074097156525
0,0,4.725541657535359e-05
1,1,0.9074897170066833
1,1,0.9974254965782166
0,0,0.012054892256855965
0,0,0.28341177105903625
0,0,0.0015930929221212864
1,1,0.8175066113471985
0,0,0.03584818169474602
0,0,0.0015362341655418277
1,1,0.9998825788497925
0,0,0.30043092370033264
0,1,0.5721794366836548
1,1,0.9819381237030029
1,1,0.9954546689987183
0,1,0.5266239047050476
0,0,0.01567140780389309
0,0,0.027833331376314163
0,0,0.26280879974365234
0,0,0.0018679972272366285
0,0,0.061150241643190384
1,1,0.9987490177154541
1,1,0.6914964318275452
1,1,0.9990289211273193
0,0,0.005446285475045443
1,1,0.9997653365135193
1,1,0.975514829158783
0,0,0.0012167425593361259
1,1,0.7330318093299866
0,0,0.16723477840423584
1,1,0.925022304058075
1,1,0.9491571187973022
0,0,8.925215297495015e-06
0,0,0.23390810191631317
0,0,0.0005721028428524733
0,0,7.210702506199596e-07
1,1,0.9983134269714355
0,0,0.0471876822412014
1,1,0.9903855323791504
1,1,0.9998693466186523
0,0,9.238148049917072e-05
0,0,0.4236558973789215
0,0,0.0008686627843417227
0,0,0.0015909207286313176
0,0,0.00742077874019742
1,1,0.8126532435417175
0,0,0.025229113176465034
0,1,0.5742499232292175
1,1,0.9999443292617798
1,1,0.9999772310256958
1,1,0.9922906756401062
1,1,0.8772794008255005
1,1,0.9999191761016846
1,1,0.9806113243103027
1,1,0.9962863922119141
1,1,0.9950383305549622
0,0,0.0005696580628864467
1,1,0.9971604347229004
1,1,0.9752883315086365
1,1,0.9998842477798462
1,1,0.9917486906051636
0,1,0.9366333484649658
0,0,0.020685093477368355
0,0,0.0009089940576814115
0,0,1.6148336499099969e-06
0,0,0.00025739611010067165
1,1,0.9998306035995483
0,0,0.0005508754402399063
0,0,1.8167320092743466e-07
0,0,0.0011666190112009645
0,0,0.10652667284011841
0,1,0.5080532431602478
0,0,0.024936150759458542
1,1,0.9993890523910522
0,0,0.012277078814804554
1,1,0.9496931433677673
1,1,0.9999068975448608
0,0,0.0015776355285197496
0,0,0.002234478248283267
0,1,0.9985248446464539
0,1,0.6612645983695984
1,1,0.9991401433944702
1,1,0.9874846339225769
0,0,0.0005057961097918451
1,1,0.8413040041923523
1,1,0.9998633861541748
0,0,0.10059021413326263
0,0,0.03256554901599884
1,1,0.9995762705802917
1,1,0.9019870758056641
0,0,0.0011036483338102698
1,1,0.9993544220924377
0,0,0.39965522289276123
0,1,0.8041096925735474
0,0,0.00011068471940234303
1,1,0.9745502471923828
1,0,0.46615058183670044
1,1,0.9999258518218994
1,1,0.9996484518051147
1,1,0.9746050834655762
0,0,0.006130510941147804
0,0,0.0005685450159944594
1,1,0.9872028231620789
1,1,0.9995604157447815
1,1,0.9994668364524841
0,1,0.6226210594177246
1,1,0.972423791885376
1,1,0.9999376535415649
0,0,0.03624450042843819
0,0,0.06573544442653656
0,0,0.004075700882822275
1,1,0.9086490273475647
0,0,0.04734956473112106
0,0,0.010747093707323074
1,1,0.9951737523078918
1,1,0.7863727807998657
1,1,0.9710095524787903
0,1,0.9273870587348938
1,1,0.9984229803085327
0,0,0.002273016143590212
0,0,0.017335070297122
0,0,0.002312210388481617
1,1,0.9996894598007202
0,0,0.4757249355316162
0,0,0.0017372327856719494
0,0,0.06836652010679245
0,0,0.02938830479979515
0,0,0.12297553569078445
0,0,0.019989898428320885
0,0,0.00026238663122057915
0,0,0.13101842999458313
0,0,0.0006920883315615356
0,0,0.02430589310824871
1,1,0.999674916267395
1,1,0.9998496770858765
0,0,7.857901800889522e-05
0,0,0.038760244846343994
1,1,0.9996623992919922
1,1,0.9999523162841797
0,0,0.00013185024727135897
1,1,0.8832560777664185
0,0,0.0021284138783812523
0,0,0.0017716307193040848
1,1,0.9445910453796387
1,1,0.999636173248291
0,0,1.1337401701894123e-05
1,1,0.9999535083770752
1,1,0.998271107673645
0,0,0.1610931158065796
0,0,0.00026486715069040656
1,1,0.9988821148872375
0,1,0.9778395891189575
0,0,7.117864242900396e-06
0,0,0.027029281482100487
0,0,0.00039200219907797873
1,1,0.9998200535774231
1,1,0.9999808073043823
1,1,0.9983671307563782
1,1,0.9540842175483704
1,1,0.9999364614486694
1,1,0.8111200332641602
1,1,0.9692989587783813
0,1,0.7067298889160156
0,0,1.158946815849049e-05
1,1,0.9976988434791565
0,0,0.0005397162749432027
0,0,7.108797581167892e-05
0,0,0.014008915051817894
0,0,0.001733284443616867
0,0,0.0009157643071375787
0,0,1.1906615782208974e-07
0,0,0.002811894752085209
0,0,0.006683981046080589
0,1,0.9975398778915405
0,0,0.0024175201542675495
1,1,0.9940271377563477
1,1,0.9044987559318542
0,1,0.6546892523765564
0,0,8.342114597326145e-05
1,1,0.8458209037780762
1,1,0.9997723698616028
1,1,0.9999037981033325
1,1,0.9930853843688965
0,0,0.006269466131925583
0,0,0.000319357612170279
1,0,0.12601226568222046
0,0,0.07644066959619522
0,1,0.6724578738212585
0,1,0.7335168719291687
0,0,0.0004339780134614557
0,0,1.8474136595614254e-05
0,1,0.5673890113830566
0,1,0.868303656578064
0,0,0.0014317694585770369
0,0,0.005586517509073019
0,0,0.07683500647544861
0,0,0.0001227372995344922
0,1,0.9419592022895813
0,1,0.9343478679656982
0,0,0.027421751990914345
0,0,0.2654602825641632
0,0,0.011443663388490677
0,0,7.4025633693963755e-06
0,0,0.0025588511489331722
0,0,0.00017707221559248865
0,0,0.0014851191081106663
0,0,0.00019898115715477616
0,0,0.061517782509326935
0,1,0.9830787181854248
0,0,5.748821786255576e-05
1,1,0.6718735098838806
0,1,0.8720424771308899
0,0,0.0004959449870511889
1,1,0.9841392636299133
1,1,0.8251727223396301
0,0,0.0029112384654581547
1,1,0.9984369874000549
0,0,0.002898245118558407
1,1,0.9997089505195618
1,0,0.4897587299346924
1,1,0.7374523878097534
1,1,0.9989883303642273
1,1,0.9789560437202454
1,1,0.9857592582702637
0,0,0.010478519834578037
1,1,0.9997923970222473
1,0,0.05796395242214203
1,1,0.9987471103668213
1,1,0.9954637885093689
1,1,0.9970947504043579
1,1,0.9996733665466309
0,0,0.00017153719090856612
1,1,0.9969225525856018
0,0,4.270440331310965e-05
0,0,0.0005140564753673971
1,1,0.7370822429656982
1,1,0.9999957084655762
0,0,0.046194955706596375
1,1,0.9809169173240662
0,0,1.559025804453995e-05
1,1,0.9989194869995117
0,0,0.001269053085707128
0,0,0.017622053623199463
1,1,0.9961321353912354
0,0,0.002265589078888297
0,0,2.537273394409567e-05
0,0,0.026053540408611298
0,0,0.058521419763565063
0,1,0.9702928066253662
0,0,0.265991747379303
0,0,0.0076676164753735065
0,0,0.01615002378821373
1,1,0.9982919096946716
1,1,0.9965764880180359
1,1,0.9999892711639404
1,1,0.9885494112968445
1,1,0.9982559084892273
1,1,0.9648542404174805
1,1,0.5205328464508057
1,1,0.9994712471961975
0,0,0.008484159596264362
0,0,0.3436643183231354
0,1,0.9987087249755859
0,0,0.06917678564786911
0,0,0.17233870923519135
0,0,0.020211538299918175
1,1,0.9993484616279602
0,0,8.453725968138315e-06
1,1,0.9706993103027344
0,0,0.013741577044129372
1,1,0.9999822378158569
0,0,0.04342443868517876
1,1,0.9996660947799683
1,1,0.942254900932312
0,0,6.376665987772867e-05
1,1,0.9930739402770996
1,1,0.995474636554718
1,1,0.9978031516075134
1,0,0.06590747833251953
1,1,0.945766270160675
0,1,0.8010010123252869
1,1,0.8958408236503601
1,1,0.9996030926704407
0,0,0.00931671354919672
0,0,0.011630559340119362
1,1,0.9983651041984558
0,0,0.0037638042122125626
0,0,0.005719874985516071
1,1,0.9994730353355408
0,0,0.17765116691589355
1,1,0.9996166229248047
1,1,0.9284589290618896
1,1,0.9987780451774597
1,1,0.944053590297699
1,1,0.9998801946640015
1,1,0.9999836683273315
1,1,0.9990766048431396
1,1,0.999956488609314
1,1,0.9999992847442627
1,1,0.9998012185096741
1,1,0.9915751814842224
1,1,0.9994568228721619
1,1,0.9999352693557739
0,0,0.020678313449025154
0,0,0.000740404415410012
0,0,2.3920818421174772e-05
0,0,0.0002072825882351026
1,1,0.9764299988746643
0,0,0.08727017045021057
1,1,0.9984058737754822
1,1,0.9831401705741882
1,1,0.9999970197677612
0,0,0.01286993082612753
0,0,0.00019503169460222125
0,0,3.42429120792076e-05
0,0,0.002896632067859173
1,0,0.4268087148666382
0,0,0.4277077317237854
0,1,0.5366228222846985
1,1,0.9982417821884155
0,0,0.0015947152860462666
1,1,0.9859654903411865
1,1,0.9993029832839966
1,1,0.9998767375946045
1,1,0.999954342842102
1,1,0.9967531561851501
1,1,0.9993460774421692
0,0,0.055163584649562836
1,1,0.9952847361564636
1,1,0.9977514147758484
1,1,0.9998520612716675
1,1,0.9464378356933594
1,1,0.9987888932228088
1,1,0.9571495652198792
0,0,0.0008058977546170354
0,0,0.2441312074661255
0,0,9.287629654863849e-05
0,0,0.37197357416152954
1,1,0.9836264252662659
1,1,0.9956856966018677
1,1,0.9953857064247131
0,0,0.2619953751564026
1,1,0.5298678278923035
1,1,0.9833419322967529
1,1,0.8090612292289734
1,1,0.9416803121566772
1,1,0.8987048268318176
1,1,0.7407148480415344
1,1,0.8627282381057739
0,0,0.006988983601331711
0,0,0.00020038646471221
0,0,3.031993145441447e-08
0,0,1.5983225239324383e-05
0,0,0.3199949860572815
1,1,0.9997592568397522
1,1,0.9999387264251709
1,1,0.9534563422203064
1,1,0.9982263445854187
1,1,0.999923586845398
1,1,0.9999008178710938
1,1,0.9992223978042603
1,1,0.8903631567955017
1,1,0.9669054746627808
1,1,0.9885669946670532
1,1,0.9999606609344482
1,1,0.9999207258224487
0,0,0.0035923852119594812
1,1,0.9999995231628418
1,1,0.991370439529419
0,0,0.32041457295417786
1,1,0.9992369413375854
0,0,0.0016661649569869041
1,1,0.9997196793556213
1,1,0.9998489618301392
0,0,0.0002610210212878883
1,1,0.9937876462936401
1,1,0.9061355590820312
1,1,0.9998428821563721
1,1,0.9999043941497803
1,1,0.9991552829742432
1,1,0.9991081357002258
1,1,0.9988403916358948
0,1,0.8409535884857178
1,1,0.9999456405639648
0,0,0.034446410834789276
1,1,0.9952352643013
1,1,0.7336293458938599
1,1,0.9999998807907104
1,1,0.9809691905975342
1,1,0.9999264478683472
1,1,0.9998205304145813
1,1,0.979610800743103
1,1,0.9927571415901184
1,1,0.9861969351768494
1,1,0.9995875954627991
1,1,0.9975278973579407
0,0,0.010688376612961292
0,0,0.0018194736912846565
0,0,0.0008752412395551801
1,1,0.9999182224273682
0,0,0.0015181084163486958
1,1,0.9999721050262451
0,0,0.0003911956155207008
0,0,0.0035141906701028347
0,1,0.8012564182281494
0,0,0.014349326491355896
0,1,0.6182761788368225
0,0,0.0007774507976137102
0,0,0.058127548545598984
1,1,0.9821203351020813
0,0,0.00033404442365281284
1,1,0.977236270904541
1,1,0.998740017414093
0,0,0.35517483949661255
0,0,0.001485742861405015
0,0,0.0032852741423994303
0,0,0.0023455468472093344
1,1,0.9947670698165894
0,0,0.0035695864353328943
1,1,0.9983397722244263
0,0,4.2068518268933985e-06
1,1,0.9985542893409729
0,0,2.8062815545126796e-05
0,0,4.4669585008705326e-07
0,0,6.053519973647781e-05
1,1,0.9999592304229736
0,0,0.20195721089839935
0,0,0.09601882845163345
0,0,0.00012843844888266176
0,0,0.0012704330729320645
0,0,0.0005326071404851973
0,1,0.5648495554924011
1,1,0.9998928308486938
1,1,0.9997624754905701
0,0,0.013227980583906174
1,1,0.9991076588630676
0,0,1.0389318958914373e-05
0,0,0.012018946930766106
0,0,0.0026684971526265144
0,0,0.000332490133587271
1,1,0.9999814033508301
1,1,0.99991774559021
0,0,0.0013352768728509545
1,1,0.8463585376739502
0,0,0.06403574347496033
1,0,0.14310240745544434
0,0,1.901877658383455e-05
0,0,0.005752698052674532
0,0,0.018000997602939606
0,0,7.417979941237718e-05
0,0,4.720609467767645e-06
0,1,0.8913406133651733
0,0,0.0785737857222557
0,0,0.0025915673468261957
1,1,0.9920865893363953
1,1,0.9968686699867249
1,1,0.9553199410438538
1,1,0.9975860118865967
1,1,0.9999456405639648
0,0,0.000723359698895365
1,1,0.9999279975891113
0,0,1.237201377080055e-05
1,1,0.9993630051612854
1,1,0.9277081489562988
1,1,0.999634861946106
1,1,0.98773592710495
1,1,0.9882439374923706
1,1,0.9774268865585327
1,1,0.9998332262039185
1,1,0.9904599189758301
1,1,0.9888656735420227
1,1,0.9757771492004395
1,1,0.9835472702980042
0,0,0.20968148112297058
1,1,0.9965123534202576
1,1,0.9998708963394165
1,1,0.9997153878211975
1,1,0.9911865592002869
0,0,0.001520467922091484
0,0,0.0023773962166160345
0,0,0.03294122591614723
0,0,0.0013496314641088247
1,0,0.19491395354270935
1,1,0.9981992840766907
1,1,0.9874744415283203
0,0,0.014449250884354115
0,0,0.00048685388173907995
1,1,0.9995213747024536
1,1,0.9929365515708923
1,1,0.9868403673171997
1,1,0.9812953472137451
1,1,0.995244562625885
1,1,0.9407212734222412
0,0,0.003617900423705578
1,1,0.9999756813049316
0,0,0.3108638823032379
0,0,9.329116323897324e-07
0,0,0.0013902030186727643
1,1,0.6245967745780945
0,0,0.006217711605131626
1,1,0.9967862367630005
0,0,2.8362586817820556e-05
1,1,0.862289309501648
0,0,1.8582682059786748e-06
0,0,0.0037105020601302385
1,1,0.7660520076751709
1,1,0.9787117838859558
1,0,0.1361369788646698
1,1,0.995987594127655
0,0,0.018754474818706512
1,1,0.996933102607727
0,0,0.001445984235033393
0,0,0.0001971880265045911
1,1,0.9998061060905457
0,0,0.07677476853132248
1,1,0.9999052286148071
1,1,0.9993945360183716
0,0,0.00023943037376739085
1,1,0.9977515339851379
1,1,0.5488663911819458
1,1,0.9474084973335266
1,1,0.9993595480918884
1,1,0.9998189806938171
1,1,0.9976590871810913
1,1,0.9885059595108032
0,0,0.056914787739515305
1,1,0.6988233923912048
1,1,0.9879896640777588
0,0,0.004273977130651474
1,1,0.9901997447013855
0,0,1.860622978711035e-05
0,0,0.08223537355661392
1,1,0.9997339844703674
1,1,0.9998410940170288
1,1,0.966474711894989
0,0,0.2628733217716217
1,1,0.9999985694885254
0,0,0.34598881006240845
0,0,0.0034116292372345924
0,0,0.11034131795167923
0,0,0.008762811310589314
1,1,0.9997273087501526
0,0,9.802114072954282e-05
0,0,0.48807525634765625
1,1,0.999980092048645
0,0,0.0018584419740363955
0,0,0.000846975133754313
0,0,0.0001194225114886649
0,0,0.002256032545119524
0,0,7.121173257473856e-05
1,1,0.9999815225601196
1,1,0.9955675005912781
0,0,0.0004408606910146773
1,1,0.9992627501487732
0,0,0.44677624106407166
1,1,0.9960768818855286
1,1,0.9999685287475586
0,1,0.998529314994812
1,1,0.9999939203262329
1,1,0.9943563342094421
1,1,0.9776777625083923
1,1,0.9973989725112915
0,0,0.2573554217815399
0,0,0.11575841903686523
1,1,0.9943407773971558
0,0,0.00022243162675295025
0,0,0.0003007272898685187
0,0,0.3059026300907135
0,0,0.06782589852809906
1,0,0.36706504225730896
0,0,0.03240631893277168
1,1,0.9911777377128601
1,1,0.963759183883667
1,1,0.988865315914154
0,0,1.7320375263807364e-05
1,1,0.999880313873291
0,0,8.364358109247405e-06
0,1,0.8905245661735535
1,1,0.9999409914016724
1,1,0.9548613429069519
0,1,0.6415390372276306
1,1,0.9999998807907104
1,1,0.9943622350692749
1,1,0.9978286623954773
0,0,0.019743485376238823
0,0,0.039383359253406525
1,1,0.998954176902771
1,1,0.9928205609321594
1,1,0.8934462666511536
1,1,0.9999383687973022
0,0,1.2816103662771638e-05
0,0,0.09110406786203384
1,1,0.9847221970558167
1,1,0.9960015416145325
0,0,0.19190578162670135
1,1,0.9478614330291748
0,0,0.12795932590961456
0,0,0.35147544741630554
0,0,1.4922961781849153e-05
0,0,0.0005040747346356511
0,0,0.0641849935054779
1,1,0.9912120699882507
1,1,0.6641992926597595
1,1,0.9999780654907227
1,1,0.9999909400939941
0,0,8.724221697775647e-05
0,0,0.088546022772789
0,0,0.15127407014369965
1,1,0.9903935790061951
1,1,0.9900686144828796
0,0,0.013925709761679173
1,1,0.8728837370872498
1,1,0.9985669255256653
1,1,0.9996821880340576
0,0,0.002832423197105527
0,0,0.3520191013813019
0,0,0.37352368235588074
0,0,0.0004115262709092349
1,1,0.9941845536231995
1,1,0.9999899864196777
1,1,0.9999523162841797
1,1,0.9905315637588501
0,0,0.08304785192012787
0,0,0.002963431878015399
1,1,0.9699927568435669
1,1,0.9982296824455261
0,0,0.0002162815653719008
0,0,0.04956214129924774
0,0,0.0035213481169193983
0,0,0.028309930115938187
0,1,0.7117018699645996
0,0,0.23160430788993835
0,0,0.0035957032814621925
0,1,0.660075306892395
0,0,0.1337422877550125
1,1,0.9999651908874512
1,1,0.9883451461791992
1,1,0.9475326538085938
1,1,0.9559081196784973
0,0,0.017358966171741486
1,0,0.006623061839491129
1,1,0.9434087872505188
0,0,0.0024773709010332823
0,0,0.0036084000021219254
0,0,0.005941556766629219
0,0,0.002014760160818696
1,1,0.9862661957740784
0,0,0.06488100439310074
0,0,1.7757831756171072e-06
0,0,0.0006946201319806278
0,0,0.006677455268800259
0,0,9.995014261221513e-05
0,0,1.5527748473687097e-05
0,0,0.0021394863724708557
1,1,0.8880012035369873
1,1,0.9989591836929321
0,0,0.010614571161568165
1,1,0.9876357913017273
1,1,0.9545692801475525
0,0,0.05206878483295441
0,0,0.00011135101522086188
1,1,0.9983488321304321
0,0,0.015173166058957577
1,1,0.9996862411499023
0,0,0.00020223644969519228
0,0,0.00596662936732173
1,1,0.9897773861885071
1,1,0.956544041633606
1,1,0.9213756918907166
1,1,0.9990780353546143
1,1,0.9994131326675415
1,1,0.8256181478500366
0,0,0.0770723894238472
1,0,0.0201627966016531
1,1,0.999407172203064
0,0,0.0009417555411346257
1,1,0.9820554852485657
0,0,3.024392754014116e-07
0,0,0.33792585134506226
1,1,0.6740754842758179
1,1,0.9996066689491272
1,1,0.9929706454277039
1,1,0.9999972581863403
0,0,0.031132204458117485
0,0,0.29655349254608154
0,0,0.000631935428828001
0,0,0.00027793500339612365
0,0,0.0005778829799965024
0,0,0.0013502261135727167
1,1,0.9982333183288574
0,0,0.001234090537764132
0,0,8.984207852336112e-06
0,0,0.060732126235961914
0,0,0.0014345637755468488
0,0,0.010452604852616787
0,0,0.06550680100917816
0,0,0.00024472136283293366
0,0,2.517519169487059e-05
1,1,0.9987660646438599
1,1,0.9995648264884949
0,0,0.01687905564904213
0,0,0.008168582804501057
1,1,0.9999842643737793
1,1,0.9779149293899536
1,1,0.9940231442451477
1,1,0.997177243232727
1,1,0.9997016787528992
0,0,0.0006559425964951515
0,0,0.00034914922434836626
0,0,0.002328947652131319
1,1,0.9999008178710938
1,1,0.6250938177108765
0,0,0.02932572178542614
0,1,0.7422080636024475
1,1,0.9999266862869263
1,1,0.9999774694442749
1,1,0.9999990463256836
1,1,0.9990853071212769
1,1,0.9999980926513672
1,1,0.992347240447998
0,1,0.802899956703186
0,0,0.004399755969643593
1,1,0.9997661709785461
0,0,4.94208543386776e-05
1,1,0.999992847442627
1,1,0.9955922961235046
1,1,0.9650557637214661
0,0,0.0032252438832074404
0,0,0.06657281517982483
0,0,0.002492820145562291
0,0,0.041292350739240646
1,1,0.9999146461486816
0,0,0.0008773127337917686
1,1,0.9656394124031067
0,1,0.9848400950431824
1,1,0.9996373653411865
1,1,0.8987941741943359
1,1,0.998637855052948
1,1,0.821204423904419
1,1,0.9944136738777161
1,1,0.9574140310287476
1,1,0.8947567939758301
0,0,0.19164857268333435
0,0,0.0021613261196762323
1,1,0.9625876545906067
1,1,0.999776303768158
1,1,0.9956308603286743
0,0,5.768667961092433e-06
1,1,0.9999362230300903
0,0,0.022252220660448074
0,0,0.0002902609994634986
1,1,0.9999878406524658
1,1,0.9998539686203003
0,0,5.1165879995096475e-06
1,1,0.9997580647468567
1,1,0.9990942478179932
1,1,0.9998645782470703
1,0,0.0774242952466011
1,1,0.9978663325309753
1,1,0.9999501705169678
1,1,0.9755163788795471
0,0,0.006363549269735813
1,1,0.994502067565918
1,1,0.9997072815895081
0,0,0.17202536761760712
0,0,0.02142661064863205
1,1,0.9775741696357727
1,1,0.9388776421546936
1,1,0.9934432506561279
1,1,0.9999152421951294
0,0,0.15516503155231476
1,1,0.9996775388717651
0,0,0.0009259824291802943
0,0,0.19329224526882172
0,0,0.08621629327535629
1,1,0.9999914169311523
1,1,0.9989475607872009
1,1,0.9998103976249695
0,0,0.008960936218500137
1,0,0.14460933208465576
1,1,0.9998552799224854
1,1,0.9991530179977417
1,0,0.0376870334148407
1,1,0.9992008805274963
1,1,0.7089614868164062
0,0,1.5893008367129369e-06
0,0,0.03404596075415611
0,0,0.04065048322081566
1,1,0.9970107078552246
0,0,0.020841501653194427
1,1,0.9995874762535095
0,0,5.699475514120422e-05
0,0,8.884171620593406e-07
0,0,0.0002661089529283345
0,0,0.19280554354190826
1,1,0.9859622120857239
1,0,0.2405925840139389
1,1,0.8560015559196472
0,0,0.0002165523183066398
1,1,0.8645234107971191
0,0,0.013973425142467022
0,0,0.0007452778518199921
0,0,0.005134887993335724
0,0,0.0030983518809080124
1,1,0.9974386692047119
0,0,0.0043439967557787895
0,1,0.629941999912262
0,0,0.16272078454494476
0,0,0.03709127753973007
0,0,9.65051949606277e-05
0,1,0.9572479724884033
0,0,0.0002574473910499364
0,0,0.1341002732515335
0,0,0.000559113163035363
1,1,0.9811677932739258
0,0,0.008796204812824726
0,0,0.0046560270711779594
1,1,0.9020028114318848
1,1,0.999841570854187
1,1,0.9999772310256958
1,1,0.9988611936569214
0,0,1.142061228165403e-05
1,1,0.9978039860725403
1,1,0.5941327214241028
1,1,0.9993407130241394
1,1,0.9996127486228943
0,0,6.594364094780758e-05
0,0,0.0013176247011870146
1,1,0.9669637680053711
1,0,0.04696197062730789
0,0,0.12739022076129913
1,1,0.9945592284202576
0,0,0.019182585179805756
0,1,0.9846062660217285
0,0,0.0001363207120448351
1,1,0.999459445476532
0,0,0.0021011841017752886
0,0,1.907873411255423e-06
0,0,0.12077655643224716
0,0,0.029674069955945015
1,1,0.999976634979248
0,0,3.54390522261383e-06
1,1,0.9969133138656616
0,0,0.0006370118353515863
1,1,0.7716618776321411
0,0,0.10111603140830994
1,1,0.9998171925544739
1,1,0.9996919631958008
1,1,0.9999984502792358
0,1,0.8344207406044006
0,0,0.045851293951272964
0,0,0.00025145060499198735
1,1,0.8888891935348511
0,0,9.736729225551244e-06
1,1,0.9984855055809021
1,1,0.9805183410644531
1,1,0.8191611766815186
0,0,9.629072792449733e-07
0,0,1.2691968549916055e-05
0,0,7.610191914864117e-06
1,1,0.9671242237091064
0,0,0.0011421024100854993
1,1,0.9962218999862671
0,0,8.019331289688125e-05
0,1,0.6302109360694885
1,1,0.9965564012527466
0,0,0.03606756031513214
0,0,0.004114346578717232
1,1,0.9994710087776184
1,1,0.739643931388855
1,1,0.997326135635376
1,1,0.999967098236084
1,1,0.9506106972694397
0,0,0.17661339044570923
1,1,0.9930510520935059
1,1,0.9866307377815247
0,1,0.7793952822685242
0,0,6.30999929853715e-05
0,0,0.0018568355590105057
1,1,0.9993584752082825
1,1,0.9907464981079102
0,0,0.022929392755031586
1,1,0.9996304512023926
0,0,0.0025370160583406687
1,1,0.9998728036880493
1,0,0.37700456380844116
1,1,0.9934695959091187
1,1,0.8958379030227661
1,1,0.9984690546989441
0,0,0.00011384045501472428
1,1,0.6539188027381897
1,1,0.9893432855606079
1,1,0.9991616010665894
1,1,0.9667553901672363
1,1,0.9985997080802917
1,1,0.9999963045120239
1,1,0.9972221851348877
1,1,0.9812880754470825
1,1,0.9008070230484009
1,1,0.9999595880508423
0,0,1.7369600755046122e-05
1,1,0.9837490320205688
0,0,0.0022536369506269693
1,1,0.6905807852745056
0,0,0.30548015236854553
0,0,0.21595293283462524
1,1,0.9973860383033752
1,1,0.9319083094596863
1,1,0.9947185516357422
1,1,0.7292393445968628
0,0,0.00129159283824265
0,0,0.00018651969730854034
1,1,0.9996517896652222
1,1,0.9830337166786194
1,1,0.9676986336708069
1,1,0.9379035830497742
0,0,0.0003558223834261298
1,1,0.9988941550254822
0,0,0.001818259945139289
0,1,0.8216644525527954
0,0,0.00011067985906265676
1,1,0.9975428581237793
0,0,0.00043540450860746205
0,0,0.012968664988875389
0,0,0.0004506842524278909
1,1,0.9795333743095398
1,1,0.9963703155517578
0,0,0.0011031553149223328
0,0,0.00018140615429729223
1,1,0.9998810291290283
0,0,0.001531883142888546
1,1,0.9999847412109375
1,1,0.9075860977172852
1,1,0.9980459213256836
0,0,0.1503811627626419
0,0,0.16393277049064636
0,0,4.8709283873904496e-05
0,0,0.19550365209579468
0,0,0.0012621640926226974
0,0,1.1963306860707235e-05
0,0,0.12319917231798172
0,0,0.03622343763709068
1,1,0.9998295307159424
0,0,0.010687503963708878
1,1,0.9876503348350525
1,1,0.9998925924301147
0,0,0.24547387659549713
0,0,0.005410026293247938
0,0,0.03933108597993851
0,1,0.7905483245849609
0,0,0.004139879252761602
1,1,0.9370144605636597
1,1,0.9235284924507141
0,0,7.187789833551506e-06
1,1,0.9873420596122742
1,1,0.956422746181488
0,0,0.04065759852528572
0,0,6.521247996715829e-05
1,1,0.9852250218391418
0,0,0.0008418157231062651
1,1,0.9999058246612549
0,0,0.11377584934234619
0,0,0.0005912345368415117
1,1,0.9997392296791077
0,0,9.09870068426244e-05
1,1,0.99941086769104
0,0,0.000785003590863198
0,0,0.15416200459003448
0,0,0.000960704346653074
1,1,0.9985072016716003
1,1,0.9970260262489319
1,1,0.9889466166496277
1,1,0.9766603708267212
0,0,0.0011334156151860952
1,1,0.9956176280975342
0,0,0.030139802023768425
0,0,0.010550095699727535
0,0,0.12512613832950592
1,1,0.9991028308868408
0,0,0.0025477330200374126
0,0,0.0006764553254470229
1,1,0.9907621741294861
0,0,0.0003216548066120595
0,0,5.996313120704144e-05
0,0,0.0004641318810172379
0,0,0.011864300817251205
0,0,5.792234333057422e-06
0,0,0.002077270532026887
1,1,0.9987383484840393
0,0,0.04100732132792473
0,0,0.06325942277908325
0,0,0.011315124109387398
0,0,9.001794387586415e-05
0,0,0.055438652634620667
1,1,0.9972272515296936
0,0,0.15748605132102966
1,1,0.8003645539283752
1,1,0.9672530889511108
1,1,0.9895392060279846
1,1,0.9905187487602234
1,1,0.9910762310028076
1,1,0.9985255599021912
0,1,0.750951886177063
0,0,0.2711974084377289
1,1,0.7086936235427856
0,0,4.6246888814494014e-05
1,1,0.9899068474769592
1,1,0.9950704574584961
1,1,0.9985474944114685
0,0,0.000529275625012815
0,0,0.04142763465642929
0,0,2.187981408496853e-05
1,0,0.4303622543811798
1,1,0.9996917247772217
0,0,0.0025070628616958857
1,1,0.9968530535697937
0,0,0.000181722964043729
1,0,0.4691027104854584
0,0,0.04986933618783951
0,0,0.001778824138455093
0,0,0.003463122295215726
0,0,0.00044211099157109857
0,0,2.8515492886072025e-05
0,0,0.09547902643680573
0,0,0.0005823943647556007
0,0,3.4022849604298244e-07
0,0,0.011843970976769924
1,1,0.9977326393127441
1,1,0.9989833235740662
0,0,2.9404433007584885e-05
1,1,0.9908638596534729
1,1,0.9998134970664978
0,0,0.32291606068611145
1,1,0.9999768733978271
1,1,0.9922365546226501
1,1,0.9999845027923584
1,1,0.999976634979248
1,1,0.9999991655349731
0,0,0.0009097018628381193
1,1,0.9975858926773071
0,0,0.03924190253019333
1,0,0.1680145114660263
0,0,0.0018388271564617753
0,0,0.08730629831552505
0,0,0.31099703907966614
1,1,0.9982500672340393
1,1,0.9998645782470703
0,0,0.008187398314476013
0,0,0.026816653087735176
1,1,0.8633378148078918
1,1,0.9780781865119934
0,0,0.01381699088960886
0,0,3.869529609801248e-05
1,1,0.9407609105110168
0,0,0.013227395713329315
0,1,0.8680863380432129
1,0,0.4911133050918579
1,1,0.9976007342338562
0,0,7.359835308307083e-06
0,0,0.008053801022469997
0,0,0.07484797388315201
1,1,0.9996984004974365
0,0,0.01119974534958601
1,1,0.9992607235908508
0,0,0.005318222567439079
1,1,0.9992554783821106
0,0,0.0010681312996894121
0,0,0.003012850182130933
1,1,0.9983099699020386
1,1,0.9948037266731262
0,0,0.020780539140105247
0,0,1.5350271496572532e-05
0,0,8.526710007572547e-05
1,1,0.9890255331993103
1,1,0.9888172149658203
0,0,0.03962632641196251
0,0,0.39663657546043396
0,0,0.40832167863845825
0,0,0.007078036665916443
1,1,0.6529453992843628
0,1,0.9013180136680603
1,1,0.9999996423721313
1,1,0.9997485280036926
1,1,0.9946510195732117
0,0,1.1082920536864549e-05
1,1,0.997232973575592
0,0,0.016150297597050667
0,0,0.13119389116764069
1,1,0.9813045263290405
0,0,0.0025063930079340935
1,1,0.9998769760131836
1,1,0.9999058246612549
0,0,0.1376253366470337
0,0,1.6826134014991112e-05
0,0,4.707935659098439e-06
0,0,0.019549116492271423
1,1,0.9936694502830505
0,0,0.03480842709541321
0,0,0.00017807033145800233
0,0,0.2538538873195648
0,0,0.020726706832647324
0,1,0.6029037237167358
0,0,2.443833182041999e-05
1,0,0.06840240955352783
1,0,0.10715427994728088
1,1,0.9997671246528625
0,1,0.6904234290122986
0,0,0.004171977285295725
0,0,0.1968604326248169
0,0,0.08880593627691269
0,0,0.012516770511865616
0,0,1.3357499483390711e-05
0,0,0.1042819619178772
1,1,0.999795138835907
0,0,4.387936769489897e-06
0,0,0.0027099663857370615
0,0,0.006074610631912947
0,0,0.004903183318674564
0,0,0.012696495279669762
1,1,0.9992315769195557
0,0,0.008535929024219513
1,1,0.9994774460792542
1,1,0.9997605681419373
1,1,0.9887058138847351
1,1,0.9991229176521301
0,0,0.10248880833387375
0,0,0.031695861369371414
0,0,0.04651268944144249
0,1,0.8524881601333618
1,1,0.9106155633926392
1,1,0.8935947418212891
0,0,0.47704124450683594
0,0,0.001879843999631703
1,1,0.9890092015266418
1,1,0.991884708404541
1,1,0.7854400277137756
0,1,0.6592736840248108
0,0,0.002644042018800974
0,0,0.0007573142647743225
0,1,0.5916220545768738
0,0,6.182644938235171e-06
1,1,0.9855222702026367
1,1,0.9997493624687195
1,1,0.9994980096817017
0,0,0.0011841632658615708
0,0,0.008402597159147263
0,0,0.0006617642939090729
1,1,0.998414158821106
0,0,0.0014410450821742415
0,0,0.02592325583100319
1,0,0.4735106825828552
0,0,0.030292486771941185
1,1,0.9984952211380005
0,0,0.01939699612557888
1,1,0.9990041851997375
0,0,0.0013736600521951914
1,1,0.99958735704422
1,1,0.999377965927124
0,0,2.3363706986856414e-06
1,1,0.9981127977371216
0,0,0.0008305594092234969
0,0,0.13354772329330444
0,0,0.006597861647605896
1,1,0.8943428993225098
1,1,0.999197781085968
1,1,0.9989783763885498
1,1,0.92743980884552
1,1,0.9994522929191589
0,0,0.03393861651420593
1,0,0.19286365807056427
1,1,0.9992274045944214
1,1,0.9999914169311523
1,1,0.9994321465492249
0,0,0.013575123623013496
0,0,0.04768550023436546
1,1,0.9952915906906128
0,0,1.2797259785202186e-07
0,0,0.00029528915183618665
1,1,0.9975355863571167
0,0,0.005874251015484333
0,0,2.2469524992629886e-05
0,0,0.031707942485809326
1,1,0.9812375903129578
0,0,0.009569653309881687
1,1,0.9784693121910095
1,1,0.9979739785194397
1,1,0.9961230158805847
1,1,0.9996938705444336
1,1,0.9501124024391174
1,0,0.011473576538264751
1,0,0.20284147560596466
1,1,0.9947303533554077
1,1,0.9967083930969238
0,0,0.41799992322921753
0,0,0.09467800706624985
1,1,0.9989510774612427
1,0,0.3006662130355835
1,1,0.9975888729095459
1,1,0.9991975426673889
1,1,0.9998165965080261
0,0,0.0060695456340909
0,0,0.005518799647688866
1,1,0.9994718432426453
1,1,0.9916349649429321
0,0,0.036334969103336334
1,1,0.9902167320251465
1,1,0.9724729657173157
1,1,0.9667607545852661
1,1,0.9966192245483398
0,0,0.0014889310114085674
1,1,0.9893804788589478
1,1,0.9785619974136353
1,1,0.9888918995857239
1,1,0.9998338222503662
0,0,1.198330119223101e-05
0,0,0.006923416163772345
0,1,0.9794445037841797
0,0,0.003252593567594886
1,1,0.9995766282081604
1,1,0.9997736811637878
0,0,0.0005587919731624424
1,1,0.9998849630355835
1,1,0.999544084072113
1,1,0.9987805485725403
1,1,0.99993896484375
1,1,0.99875807762146
1,1,0.9999935626983643
1,1,0.9760373830795288
1,1,0.7449910640716553
0,0,0.0011502249399200082
1,1,0.9999549388885498
1,1,0.9999748468399048
1,1,0.9991520643234253
1,1,0.9894967079162598
0,1,0.7689810395240784
1,1,0.9999959468841553
0,0,0.026685021817684174
1,1,0.9999784231185913
0,0,0.24164554476737976
1,1,0.9926747679710388
1,1,0.9907020330429077
1,1,0.984906792640686
1,1,0.995729386806488
1,1,0.9996664524078369
0,0,0.06394749134778976
0,0,0.000936474185436964
1,1,0.9972270131111145
1,1,0.9999370574951172
0,0,7.055975584080443e-05
0,0,0.16191864013671875
0,0,4.783499025506899e-05
0,0,0.0005416524363681674
0,0,0.00042122259037569165
1,1,0.9983363747596741
1,1,0.9987366795539856
1,1,0.999969482421875
1,1,0.9501098394393921
1,1,0.9794169068336487
0,0,0.0019427364459261298
0,0,0.1184515506029129
0,0,1.8462811567587778e-05
1,1,0.9998558759689331
1,1,0.9997264742851257
1,1,0.9980873465538025
1,1,0.9683054089546204
0,1,0.6840242147445679
1,1,0.9968867897987366
1,1,0.9999127388000488
1,1,0.9942703247070312
1,1,0.9999359846115112
1,1,0.9778076410293579
1,1,0.9950662851333618
1,1,0.5425730347633362
0,0,0.0037229023873806
1,1,0.9999701976776123
1,1,0.984219491481781
0,0,1.4457410543400329e-05
1,1,0.9992377758026123
0,0,0.003078978508710861
0,0,0.008992636576294899
1,1,0.8003795146942139
1,1,0.9973849654197693
1,1,0.9888938069343567
1,1,0.9993903636932373
1,1,0.8970283269882202
1,1,0.998531699180603
1,1,0.990026593208313
1,1,0.9999955892562866
0,0,0.004024006426334381
1,1,0.646574079990387
0,0,6.164758360682754e-06
0,0,5.924832748860354e-07
0,0,0.000707576924469322
1,1,0.8522432446479797
0,0,6.398843652277719e-06
0,0,4.7365268983412534e-05
0,0,2.3102058548829518e-05
0,1,0.6703542470932007
0,1,0.6796411871910095
1,1,0.9929070472717285
1,1,0.958885133266449
0,0,0.0008928707684390247
1,1,0.9843568205833435
0,0,0.004989671520888805
0,0,0.0011967204045504332
1,1,0.5809848308563232
0,0,0.3933027386665344
1,1,0.9929335117340088
0,0,0.15490569174289703
1,1,0.9622845649719238
1,1,0.9998980760574341
1,1,0.9999831914901733
1,1,0.9997455477714539
1,1,0.9806680679321289
1,1,0.990394651889801
1,1,0.9921004176139832
1,1,0.9999696016311646
1,1,0.9990960359573364
1,1,0.9999880790710449
1,1,0.9997324347496033
1,1,0.9994161128997803
1,1,0.9925013184547424
1,1,0.9996515512466431
0,0,0.012609942816197872
0,1,0.9493891596794128
1,1,0.9885614514350891
1,1,0.9963656663894653
1,1,0.9920088052749634
0,0,0.004778121132403612
1,1,0.8420316576957703
0,0,0.0032241037115454674
0,0,0.08128738403320312
0,0,0.0009386627934873104
0,0,0.00899880938231945
0,0,1.2538581586341024e-06
0,0,0.029167557135224342
0,0,0.22588831186294556
0,0,0.025685934349894524
1,1,0.9999291896820068
0,1,0.6417888402938843
1,1,0.9998654127120972
1,1,0.9973627924919128
1,1,0.9999632835388184
1,1,0.999893307685852
1,1,0.9997593760490417
0,0,0.00011226931383134797
1,1,0.999819815158844
1,0,0.2591245174407959
0,0,0.0014353222213685513
0,0,0.031042465940117836
0,0,0.3528238832950592
1,1,0.999269425868988
1,1,0.9882479310035706
1,0,0.4154256284236908
1,0,0.12842920422554016
1,1,0.9515358805656433
1,1,0.6925421357154846
1,1,0.9986029267311096
0,0,0.0010453276336193085
0,0,0.000736808986403048
0,0,0.0005527507164515555
1,1,0.997916042804718
0,0,0.16395513713359833
0,0,1.1736063925127382e-06
0,0,9.336762741440907e-05
1,1,0.9999929666519165
1,1,0.9994901418685913
1,1,0.9570987820625305
1,1,0.9996936321258545
1,1,0.9999790191650391
0,0,0.0019137567142024636
1,1,0.8511770963668823
0,0,0.00141489680390805
0,0,0.0006564144277945161
0,0,0.013634289614856243
1,1,0.994100034236908
0,0,0.0001207559835165739
1,1,0.9491026997566223
0,0,0.0013084145030006766
1,1,0.998502254486084
1,1,0.9980049729347229
1,1,0.9983029365539551
1,1,0.9955942034721375
1,1,0.9804824590682983
1,1,0.9246544241905212
0,0,0.32789456844329834
1,1,0.9969907999038696
1,1,0.992409348487854
1,1,0.9984235763549805
0,0,7.598827323818114e-06
0,0,0.00862827617675066
1,1,0.9986591339111328
1,1,0.9999130964279175
1,0,0.1691826581954956
0,0,0.0009349225438199937
1,1,0.9961960315704346
0,0,0.011610526591539383
0,0,0.1946745663881302
0,0,0.001149484422057867
0,0,0.4281332492828369
0,0,0.14731580018997192
0,0,0.04404919594526291
0,1,0.9076279401779175
1,1,0.9698456525802612
0,0,0.3179587125778198
0,0,0.09861598908901215
1,1,0.8389663696289062
1,1,0.9851884841918945
0,0,0.1895735263824463
1,1,0.9999533891677856
0,0,0.0006485299090854824
1,1,0.9396914839744568
0,0,0.3186425268650055
1,0,0.17879240214824677
1,1,0.9998633861541748
1,1,0.9998661279678345
1,1,0.8215618133544922
0,0,0.0013636325020343065
0,0,0.006016009487211704
1,1,0.981497049331665
0,0,0.003671317594125867
0,0,0.05246395990252495
1,1,0.9868001937866211
1,1,0.9667631983757019
1,1,0.9774446487426758
1,1,0.9986263513565063
1,1,0.9998438358306885
1,1,0.9796957969665527
0,0,0.013823372311890125
1,1,0.9999974966049194
1,1,0.9997336268424988
1,0,0.45943522453308105
1,1,0.9974519610404968
1,1,0.9999438524246216
1,1,0.8922637701034546
0,0,0.11003528535366058
0,0,0.09562715142965317
0,0,0.002557598752900958
0,0,1.5175634871411603e-05
0,0,0.0003895878908224404
1,1,0.9606898427009583
0,0,0.0166055615991354
0,0,0.007575043942779303
0,0,0.017761072143912315
1,1,0.9709897637367249
0,0,0.027017245069146156
0,0,0.08369369059801102
0,1,0.8372836112976074
0,0,0.001077471300959587
0,0,0.4383433759212494
0,0,0.0005587653140537441
1,0,0.3983408510684967
1,1,0.9999974966049194
1,1,0.9999991655349731
1,1,0.9994874000549316
1,1,0.9888062477111816
1,1,0.9990407824516296
1,1,0.9989132881164551
1,1,0.9780771732330322
0,1,0.768774688243866
0,0,0.005108973942697048
1,1,0.9995297193527222
1,1,0.9888380765914917
1,0,0.4916815757751465
1,1,0.9989796280860901
1,1,0.9873576164245605
1,1,0.9942124485969543
1,1,0.9997379183769226
1,1,0.9999897480010986
0,0,0.007479412946850061
1,1,0.9999572038650513
0,0,0.00010426760127302259
1,1,0.9915640354156494
0,0,0.09439129382371902
1,1,0.9983497858047485
0,0,0.0012675854377448559
1,1,0.9631757736206055
0,0,2.3871889425208792e-05
1,1,0.9731345772743225
0,0,1.701634027995169e-05
0,0,0.006760766264051199
1,1,0.9859635233879089
0,0,0.00019199121743440628
0,0,0.00031117783510126173
0,0,1.9679569959407672e-05
0,0,0.005403528921306133
1,1,0.9998303651809692
1,1,0.9999610185623169
0,1,0.9543174505233765
0,0,0.000952190428506583
1,1,0.9848703742027283
1,1,0.9982923865318298
1,1,0.9811918139457703
1,1,0.9379727244377136
1,1,0.9469054341316223
1,1,0.9988235831260681
0,0,0.025751514360308647
0,0,0.0010460193734616041
1,1,0.8889834880828857
0,0,0.03296630084514618
1,1,0.9193406105041504
1,1,0.8325262665748596
0,0,0.0008733718423172832
0,0,1.4170672329782974e-05
0,0,0.006164538208395243
1,1,0.999218225479126
1,1,0.7634502649307251
1,1,0.9999350309371948
0,0,0.0069979047402739525
1,1,0.7923848032951355
1,1,0.8909909725189209
1,1,0.9999392032623291
0,0,0.011632505804300308
1,1,0.9143210649490356
0,0,2.9210441425675526e-06
1,1,0.9994701743125916
0,0,0.02890242077410221
0,0,0.000419852149207145
0,0,0.00039894640212878585
0,0,0.0003857398696709424
1,1,0.9992389678955078
1,1,0.9848981499671936
1,1,0.9999827146530151
1,1,0.9994465708732605
0,0,0.0035164637956768274
0,0,0.10759890824556351
0,1,0.5658534169197083
0,0,0.3823436200618744
0,0,0.0679173693060875
0,0,0.0004966195556335151
1,1,0.992797315120697
1,1,0.9995689988136292
0,0,0.0018399652326479554
1,1,0.9662196636199951
0,1,0.6177758574485779
0,0,0.00026803475338965654
1,1,0.9993005990982056
1,1,0.9986532926559448
1,1,0.9997803568840027
1,1,0.9956750273704529
1,1,0.9999963045120239
1,1,0.7164180874824524
1,1,0.9997772574424744
0,0,0.09806105494499207
0,1,0.5947182774543762
1,1,0.9990262985229492
1,1,0.9686114192008972
0,0,0.01510242372751236
0,0,4.477542461245321e-05
0,0,0.48723340034484863
0,0,0.03226187452673912
1,1,0.9689714908599854
0,1,0.9574915170669556
1,0,0.012350587174296379
1,1,0.9975662231445312
1,1,0.993762195110321
1,1,0.9915909767150879
1,1,0.9994990825653076
1,1,0.8932393193244934
1,1,0.9999738931655884
1,1,0.9734709858894348
0,0,0.0693540945649147
0,0,0.008584215305745602
0,0,0.06469324976205826
0,0,0.19035835564136505
0,0,0.0024520130828022957
0,0,0.00502769835293293
0,1,0.7788690328598022
0,0,0.02453383430838585
0,0,0.0006185739766806364
0,0,0.00051517115207389
1,1,0.9995346069335938
0,1,0.5737459063529968
1,1,0.9999171495437622
0,0,0.018565017729997635
1,1,0.9906214475631714
0,0,0.0010112576419487596
1,1,0.9999877214431763
0,0,0.00013716537796426564
1,1,0.9918866753578186
0,0,0.004103302955627441
1,1,0.6529171466827393
1,1,0.9820315837860107
1,1,0.907437801361084
1,1,0.8880520462989807
1,1,0.9994741082191467
0,0,0.03896300122141838
0,0,0.0007015193114057183
0,0,0.009965690784156322
1,1,0.999832272529602
1,1,0.999849796295166
1,1,0.9397475123405457
1,1,0.951787531375885
0,0,0.06516283005475998
1,1,0.9934921860694885
1,1,0.998205304145813
1,1,0.9996742010116577
0,0,6.286455754889175e-05
1,1,0.9935470223426819
0,1,0.9254648685455322
1,1,0.9388609528541565
1,1,0.7540751695632935
0,0,0.0005774898454546928
0,0,0.00035652084625326097
1,1,0.7305980324745178
0,1,0.8698821067810059
1,1,0.9987776875495911
0,0,0.013806046918034554
1,1,0.9989590644836426
1,1,0.9745863676071167
1,0,0.4710283577442169
0,0,0.27301326394081116
0,0,0.09362257272005081
0,1,0.8557499647140503
1,1,0.9838988184928894
0,0,0.14569225907325745
0,0,0.0041448636911809444
1,1,0.9999232292175293
1,1,0.9876654148101807
0,1,0.6960034370422363
1,1,0.9978641867637634
0,1,0.7908022999763489
0,0,0.03630582615733147
0,0,0.00041920787771232426
1,1,0.9996098875999451
1,1,0.9998775720596313
1,1,0.9970722198486328
1,1,0.9999856948852539
0,1,0.6981456279754639
1,0,0.4218665659427643
0,0,0.002294852863997221
0,0,0.009724599309265614
1,1,0.9358883500099182
1,0,0.24126915633678436
1,1,0.9984460473060608
0,0,0.025987491011619568
0,0,0.48615762591362
0,0,3.173624691044097e-06
0,0,0.00379884522408247
1,1,0.7933559417724609
1,1,0.9884359836578369
1,1,0.9996500015258789
0,0,0.00012273882748559117
1,1,0.9994779229164124
1,1,0.9803106188774109
1,1,0.9998306035995483
0,1,0.7248308658599854
0,0,6.663698150077835e-05
1,1,0.9989100694656372
1,1,0.9971345663070679
0,0,0.00010741160804172978
0,0,0.028179366141557693
0,0,0.01664440892636776
0,0,0.00021641691273543984
0,0,0.003771453630179167
1,1,0.9957757592201233
0,1,0.9587288498878479
1,1,0.9940749406814575
1,1,0.994563639163971
1,1,0.970628559589386
1,1,0.994569718837738
1,0,0.13122715055942535
0,0,0.016037264838814735
1,1,0.9776026606559753
0,0,2.6368099497631192e-05
0,1,0.7257485389709473
1,1,0.9947444200515747
1,1,0.9982115030288696
1,1,0.9694143533706665
1,1,0.9831917881965637
0,0,0.3193782866001129
0,0,0.032152995467185974
0,0,1.4469685993390158e-05
0,0,0.008730548433959484
1,1,0.9981486797332764
1,1,0.9999977350234985
0,0,0.001753706717863679
0,0,0.023578256368637085
1,1,0.9852199554443359
0,0,0.004135319031774998
0,0,0.0031155680771917105
0,0,0.00019144992984365672
0,0,1.262923251488246e-05
1,1,0.5278054475784302
1,1,0.9764760732650757
0,0,0.001297772629186511
0,0,0.21376550197601318
0,0,7.76027354731923e-06
1,1,0.6614825129508972
1,1,0.9998038411140442
1,1,0.9995484948158264
1,1,0.977384626865387
0,0,0.0009236728656105697
1,1,0.9989948868751526
1,1,0.9998922348022461
1,1,0.9999064207077026
1,1,0.9958613514900208
1,1,0.9987173080444336
0,0,0.1206657811999321
1,1,0.9882526993751526
1,1,0.9838432669639587
1,1,0.6358731985092163
0,0,0.01673201471567154
0,0,0.03529416024684906
0,0,0.1352958381175995
1,1,0.9972878694534302
1,1,0.9983824491500854
1,1,0.9886367917060852
1,1,0.9828588366508484
1,1,0.996903121471405
1,1,0.999679446220398
1,1,0.9471719861030579
1,1,0.9273175001144409
1,1,0.9998883008956909
0,0,0.008743684738874435
1,1,0.9867284893989563
1,1,0.9999579191207886
0,0,0.12555301189422607
0,0,0.00041911774314939976
0,1,0.7681048512458801
1,0,0.4283301532268524
1,1,0.999667763710022
0,0,0.014049233868718147
1,1,0.9998786449432373
1,1,0.9971150159835815
1,1,0.9807955622673035
0,0,2.2842632461106405e-05
1,1,0.9872718453407288
1,1,0.999097466468811
1,1,0.9989017248153687
0,0,0.030346915125846863
1,1,0.9687735438346863
1,1,0.9999308586120605
0,0,0.00016615835193078965
0,0,0.019688604399561882
1,1,0.9546891450881958
1,1,0.7961750626564026
0,0,0.004535121843218803
0,0,0.0062096319161355495
0,0,0.04195171594619751
1,1,0.9848372340202332
1,1,0.7760960459709167
0,0,0.2449464350938797
1,1,0.9995161294937134
0,0,0.0025276357773691416
0,1,0.7730006575584412
1,1,0.991569459438324
1,1,0.9981170892715454
1,0,0.13426536321640015
0,0,0.0788673609495163
0,1,0.7060487866401672
1,1,0.9985363483428955
0,0,0.009290685877203941
0,0,0.029349196702241898
1,1,0.999982476234436
1,1,0.9619266986846924
1,1,0.9999983310699463
1,1,0.9954603314399719
1,1,0.931236982345581
0,0,0.026349183171987534
0,0,0.1681620180606842
0,0,3.734060328497435e-06
1,1,0.9991150498390198
0,0,0.01684590056538582
0,0,0.008160342462360859
0,0,0.00016818143194541335
1,1,0.9991621971130371
1,1,0.9979544878005981
0,0,0.0032699769362807274
0,0,0.23817604780197144
1,1,0.9364669919013977
0,0,0.01845465414226055
0,0,0.009703243151307106
1,1,0.8563405275344849
1,1,0.9968895316123962
1,1,0.9002199769020081
1,1,0.9999537467956543
0,0,0.13444466888904572
1,1,0.9258960485458374
1,1,0.996032178401947
0,0,0.06478191167116165
0,0,0.39056092500686646
0,0,0.0007863621576689184
0,0,5.721592970076017e-06
0,0,0.06959144026041031
1,1,0.6879640221595764
1,1,0.9985859394073486
1,1,0.9951809644699097
0,0,4.483389659526438e-07
0,0,0.012164783664047718
0,0,0.0001265614409931004
0,0,0.0015133748529478908
1,0,0.037921562790870667
1,1,0.7833672165870667
0,0,0.004819782916456461
1,1,0.9988783001899719
0,0,0.26644593477249146
1,1,0.9241741895675659
0,1,0.5723406076431274
1,1,0.9915749430656433
0,1,0.8021209239959717
0,1,0.551689863204956
1,1,0.99795001745224
0,1,0.6192907094955444
1,1,0.9959717392921448
0,0,0.0004487021069508046
0,0,0.0013665511505678296
1,1,0.9956093430519104
1,1,0.7275334000587463
1,1,0.9995474219322205
1,1,0.9989829659461975
1,1,0.9796136617660522
1,1,0.9754968881607056
0,0,0.0003184482338838279
0,0,8.92254538484849e-05
1,1,0.9999934434890747
1,1,0.9861539602279663
1,1,0.9933041930198669
0,0,0.003106055548414588
0,0,0.026317603886127472
0,0,0.012859624810516834
0,0,0.010667089372873306
1,1,0.9986165761947632
0,0,0.07792072743177414
1,1,0.988513171672821
1,1,0.9969949722290039
1,1,0.6333878636360168
1,1,0.9714728593826294
1,1,0.9996234178543091
1,1,0.9965747594833374
1,1,0.9973871111869812
0,0,0.0007144823903217912
1,1,0.9999184608459473
0,0,0.03948216885328293
0,0,0.03289645537734032
1,1,0.6002547740936279
0,0,0.0016703121364116669
0,0,0.012295381166040897
0,0,0.003771770978346467
1,1,0.9862164258956909
1,1,0.9997190833091736
0,0,0.037997301667928696
0,0,0.0009925172198563814
0,0,0.27087894082069397
1,1,0.9722796082496643
1,1,0.9999915361404419
0,0,5.942125426372513e-06
1,1,0.9999947547912598
0,0,0.0005034785717725754
0,0,3.375161031726748e-05
1,1,0.9880780577659607
1,1,0.5411162972450256
0,0,0.015489665791392326
1,1,0.9985320568084717
1,1,0.9635023474693298
1,1,0.768635630607605
1,1,0.9687308073043823
1,1,0.9978371262550354
1,1,0.9982391595840454
1,1,0.9849409461021423
0,0,0.06534041464328766
0,1,0.9974144697189331
0,0,0.03544648364186287
1,1,0.9994944334030151
0,0,0.0003338639216963202
0,0,0.00039221468614414334
0,0,0.07701223343610764
1,1,0.9997385144233704
1,1,0.7927815318107605
0,0,0.0372321642935276
0,0,0.00019508916011545807
1,0,0.3372799754142761
0,0,0.0006174404406920075
0,0,2.3015290935290977e-06
1,1,0.9701967239379883
0,0,0.0017668228829279542
0,1,0.9792500138282776
0,0,4.780544259119779e-05
0,0,0.01003617700189352
0,0,0.0004598631931003183
0,0,0.002766220597550273
0,0,0.004370296373963356
0,0,0.006099316757172346
0,1,0.8827151656150818
1,1,0.9994113445281982
1,0,0.46250537037849426
0,0,0.007106615696102381
0,0,7.965522672748193e-05
0,0,0.0009759950917214155
0,0,0.028220344334840775
0,0,8.263975178124383e-05
0,0,0.00021495268447324634
0,0,0.003154318081215024
1,1,0.9946885108947754
0,1,0.7125489711761475
0,0,0.003811699105426669
0,0,0.007275558076798916
1,1,0.9999743700027466
0,0,0.021995527669787407
1,1,0.9416552782058716
0,0,0.000904886401258409
1,1,0.9982580542564392
0,1,0.5630340576171875
1,1,0.9998856782913208
1,1,0.9999755620956421
1,1,0.999991774559021
1,1,0.9966685175895691
1,1,1.0
1,1,0.9987125396728516
0,0,0.0011914779897779226
1,1,0.7786129713058472
1,1,0.9962655901908875
0,0,0.0029418657068163157
1,1,0.9928937554359436
1,1,0.7025984525680542
1,1,0.9995423555374146
1,1,0.9970656037330627
0,0,0.008621647022664547
0,0,0.026442300528287888
1,1,0.9999185800552368
1,1,0.9771476984024048
0,0,0.018669424578547478
1,1,0.7689598202705383
0,0,0.012568836100399494
1,1,0.9519171714782715
0,0,0.00010947058763122186
1,1,0.7585244178771973
0,0,0.16936218738555908
1,1,0.99905925989151
0,1,0.5026039481163025
0,1,0.6455500721931458
1,1,0.9998897314071655
1,1,0.9999979734420776
1,1,0.9991160035133362
1,1,0.9997100234031677
1,1,0.9995837807655334
1,1,0.998193085193634
0,0,1.6404246707679704e-05
0,0,0.04936724528670311
0,0,0.1429005116224289
0,0,0.013625571504235268
0,0,0.0004773428081534803
0,0,0.1129988506436348
0,0,0.003388006938621402
1,1,0.9998156428337097
0,0,7.576439384138212e-05
0,0,0.03350050747394562
0,0,0.1984667330980301
1,1,0.9999383687973022
0,0,0.004961294122040272
1,1,0.9649782180786133
1,1,0.9870280027389526
1,1,0.9656471014022827
1,1,0.999972939491272
1,1,0.9862682819366455
1,0,0.08604343980550766
0,0,0.002508351346477866
0,0,0.014848588965833187
0,0,0.001555604045279324
1,1,0.9354691505432129
0,0,4.877708306594286e-06
0,0,0.004800900351256132
1,1,0.9196552634239197
1,1,0.9999330043792725
1,1,0.9999934434890747
1,1,0.7058600783348083
0,0,0.008242249488830566
0,0,0.006160601507872343
1,1,0.9994385838508606
1,1,0.994248628616333
0,0,0.00015536618593614548
0,0,0.00039289367850869894
0,0,0.07053352147340775
0,0,0.017037536948919296
1,1,0.9868946075439453
1,1,0.9999995231628418
1,1,0.9223940968513489
1,1,0.9999978542327881
1,1,0.996222734451294
0,0,0.014855126850306988
1,1,0.999994158744812
1,1,0.9659833312034607
1,1,0.999933123588562
0,0,0.02006065845489502
1,1,0.9925854802131653
0,0,0.0026438431814312935
1,1,0.9999470710754395
0,0,0.00355679914355278
0,0,0.06233712285757065
0,0,0.3705819845199585
0,0,0.01109523605555296
1,1,0.9954807758331299
0,0,0.07254025340080261
1,1,0.9374468326568604
0,0,0.015868280082941055
0,0,0.004854442551732063
1,1,0.999995231628418
1,1,0.9999946355819702
1,1,0.90562903881073
0,0,1.5988012819434516e-05
1,1,0.996894359588623
1,1,0.9997244477272034
1,1,0.9999819993972778
0,0,0.08979394286870956
1,1,0.9992430210113525
0,0,0.005537364631891251
1,1,0.9988443851470947
1,1,0.9994925260543823
1,1,0.6561997532844543
1,1,0.995899498462677
1,1,0.9846448302268982
0,0,0.0018621074268594384
0,0,0.09502612799406052
1,1,0.9999985694885254
1,1,0.9997902512550354
1,1,0.9741805195808411
0,0,0.03453461080789566
0,0,0.21215811371803284
0,0,0.002530682599171996
1,1,0.8658462166786194
1,1,0.9975306391716003
0,0,0.027135388925671577
1,1,0.936391294002533
1,1,0.7698630690574646
1,1,0.9998351335525513
0,0,0.005196327343583107
1,1,0.9402840733528137
0,1,0.989696741104126
0,0,3.5140969885105733e-06
1,1,0.996880054473877
1,1,0.9994693398475647
0,0,0.000722993747331202
1,1,0.9999767541885376
1,1,0.9931424856185913
1,1,0.990675687789917
1,1,0.8887162804603577
0,0,0.037688080221414566
1,1,0.7338700890541077
1,1,0.9983322024345398
0,0,0.4518834054470062
0,0,0.04237361252307892
0,0,0.02267644740641117
1,1,0.9962705373764038
1,1,0.99810791015625
1,1,0.9999667406082153
1,1,0.9073067307472229
1,1,0.9781327247619629
0,0,0.043769627809524536
0,0,0.3089410066604614
0,0,0.0012764210114255548
0,0,1.2775359209626913e-05
1,1,0.9998672008514404
0,0,0.003613459412008524
1,1,0.9989181756973267
0,0,0.000279369909549132
1,1,0.984217643737793
1,1,0.6956985592842102
1,1,0.9999518394470215
1,1,0.9999967813491821
1,1,0.9999359846115112
1,1,0.99973064661026
1,1,0.999823272228241
0,0,0.0010672819335013628
0,0,0.0013649739557877183
0,0,0.05144115537405014
0,0,2.251764090033248e-05
0,0,0.1902754157781601
1,1,0.9115670323371887
1,1,0.9998784065246582
1,1,0.8939024209976196
0,0,0.2521103620529175
1,1,0.9996905326843262
0,0,0.0006640861392952502
1,1,0.9746212363243103
1,1,0.9996272325515747
0,0,0.003211174625903368
0,0,0.10936202853918076
0,0,0.0024123541079461575
1,1,0.9997349381446838
1,1,0.9999099969863892
0,0,0.001445598667487502
1,1,0.9979273080825806
0,0,0.21581049263477325
0,0,0.0004454572044778615
0,0,0.00242098537273705
1,1,0.9999573230743408
0,0,0.0018420105334371328
0,0,0.00013883813517168164
1,1,0.9582306742668152
0,0,0.002183123491704464
0,0,0.014209462329745293
1,1,0.9333724975585938
1,1,0.9993107318878174
0,0,0.0012480809818953276
0,0,0.0010666430462151766
0,0,0.01814604178071022
0,0,0.0006147812237031758
1,1,0.9996697902679443
0,0,0.021036453545093536
0,0,0.0013062901562079787
1,1,0.9803644418716431
1,1,0.9998950958251953
1,1,0.9998282194137573
1,1,0.999752938747406
0,0,0.031844429671764374
0,0,0.0048223333433270454
0,0,6.640044011874124e-05
0,0,0.0927581787109375
1,1,0.9999773502349854
0,0,0.000650745234452188
0,0,0.00616516312584281
0,0,0.07486480474472046
0,0,0.007006299216300249
1,1,0.8514328002929688
1,1,0.9892867803573608
1,1,0.9915401339530945
0,1,0.9596667289733887
1,1,0.9997847676277161
1,1,0.9988498687744141
1,1,0.9999464750289917
1,1,0.9963091015815735
0,0,0.0036552397068589926
0,0,0.0895865336060524
0,0,0.012563114985823631
0,0,0.05209863930940628
0,0,0.03542882949113846
1,1,0.9841152429580688
1,1,0.9988124370574951
0,1,0.5155588388442993
1,1,0.9992386102676392
0,0,0.001013711909763515
0,0,0.017859499901533127
1,1,0.9678465723991394
1,1,0.9704551100730896
1,1,0.9994373917579651
0,0,0.2840086817741394
0,0,2.25202165893279e-05
1,0,0.08602709323167801
0,0,0.021709289401769638
0,0,0.004783698357641697
1,1,0.998518168926239
1,1,0.9839271903038025
1,1,0.9987364411354065
1,1,0.9992788434028625
1,1,0.9761443734169006
1,1,0.9984320998191833
1,1,0.9999874830245972
1,1,0.995090126991272
1,1,0.9998905658721924
0,0,0.0021313882898539305
1,1,0.9913830161094666
1,1,0.9995843768119812
1,1,0.9996947050094604
0,0,1.0021880370914005e-05
1,1,0.8558592796325684
0,0,0.002012652810662985
0,0,0.15266583859920502
0,0,0.014988093636929989
1,1,0.999911904335022
0,0,0.24838146567344666
0,0,0.0006889530341140926
0,0,0.01215333305299282
0,0,0.00041570336907170713
1,1,0.8377976417541504
1,1,0.9997784495353699
1,0,0.4855411946773529
1,1,0.8439694046974182
0,0,0.009411392733454704
1,1,0.9991931319236755
1,1,0.9899449944496155
0,0,0.018328608945012093
1,1,0.9998983144760132
0,0,0.0012726724380627275
1,1,0.9972741007804871
0,0,0.018104221671819687
0,0,0.0004227989411447197
1,1,0.9977878332138062
1,1,0.999521017074585
1,1,0.8210311532020569
0,0,0.0004567049618344754
1,1,0.8085187673568726
1,1,0.9969056248664856
0,0,0.135911226272583
1,1,0.9834611415863037
0,0,0.0007146556745283306
0,0,0.0009673250024206936
0,0,1.2832632592107984e-06
0,0,0.0002517895773053169
1,1,0.9996438026428223
1,1,0.9980134963989258
1,1,0.9942412376403809
1,1,0.8298658728599548
1,1,0.5352946519851685
1,1,0.9991379976272583
1,1,0.8647370934486389
1,1,0.8628531098365784
0,0,0.04877094551920891
0,0,0.004188040737062693
1,1,0.9772623777389526
1,1,0.9997645020484924
1,1,0.8781821131706238
0,0,0.0017901489045470953
0,0,0.005995474755764008
0,0,0.03188209608197212
1,1,0.9999326467514038
1,1,0.9998619556427002
1,0,0.030097154900431633
0,0,0.0007429106044583023
1,1,0.9861268997192383
1,1,0.970577597618103
1,1,0.9767439365386963
0,0,1.9870738469762728e-05
0,0,0.3051167130470276
1,1,0.9999971389770508
0,0,0.00024647946702316403
1,1,0.999997615814209
1,1,0.9970752000808716
0,0,0.004506492987275124
0,0,0.013822183012962341
0,0,0.26604339480400085
0,0,1.8176157254856662e-06
0,0,0.0021738579962402582
1,1,0.9986032843589783
0,0,8.225662895711139e-05
0,0,0.11205238103866577
1,1,0.9999847412109375
1,1,0.9933138489723206
1,1,0.9995936751365662
0,0,0.2351679503917694
1,1,0.9999516010284424
1,1,0.9999798536300659
0,0,0.09469166398048401
1,1,0.9973921775817871
0,0,0.003638866124674678
1,1,0.9991576671600342
1,1,0.9947506785392761
1,1,0.9977124929428101
0,0,0.0032577053643763065
1,1,0.9972485899925232
1,1,0.9317799210548401
0,0,0.002633004682138562
1,1,0.9993011951446533
1,1,0.9877945184707642
1,1,0.9996888637542725
1,1,0.5550282597541809
1,0,0.015731949359178543
0,0,0.01638222672045231
1,1,0.9997397065162659
1,1,0.9996034502983093
0,0,0.008779676631093025
1,1,0.9721770882606506
0,0,0.0004823409835807979
1,1,0.9997546076774597
0,0,0.018216203898191452
0,1,0.746475338935852
1,1,0.9771488904953003
0,0,0.0008442408870905638
1,1,0.9999046325683594
1,1,0.7849863171577454
0,0,0.0026730657555162907
1,1,0.999933123588562
0,0,0.2784520089626312
0,0,8.438678923994303e-05
0,0,0.0007695000967942178
0,0,0.006584227085113525
1,1,0.9979934692382812
1,1,0.9894694089889526
0,0,6.277905413298868e-06
1,1,0.9998884201049805
0,0,0.3994404077529907
0,0,3.38312383973971e-05
1,1,0.9983362555503845
0,1,0.506211519241333
0,0,0.21556584537029266
0,0,0.0013050938723608851
0,0,6.80202356306836e-05
1,1,0.9300194382667542
0,0,0.02276058867573738
1,1,0.9873234629631042
1,1,0.9976217150688171
1,1,0.9929296374320984
1,1,0.9972858428955078
0,0,0.4689880907535553
1,1,0.9013190269470215
1,1,0.9994348883628845
1,1,0.998370349407196
1,1,0.9988476037979126
0,0,0.013886150903999805
0,0,0.07369334250688553
0,0,0.005352914799004793
0,0,6.585892697330564e-05
1,1,0.9930976033210754
0,0,0.42373037338256836
0,0,0.005644584074616432
0,0,0.36207935214042664
1,1,0.9939706325531006
1,1,0.9999449253082275
1,1,0.9995310306549072
1,1,0.9999668598175049
1,1,0.9974421262741089
1,0,0.47668007016181946
1,1,0.9950258135795593
1,1,0.9998260140419006
1,1,0.999904990196228
1,1,0.9973695278167725
0,0,0.00015474831161554903
0,0,0.00032165818265639246
1,1,0.9953688383102417
1,1,0.976321816444397
0,0,0.0009290747111663222
0,0,5.9103673265781254e-05
1,1,0.9999959468841553
1,1,0.5840145945549011
0,0,0.002843899419531226
0,0,0.01703302562236786
1,1,0.9885604977607727
1,1,0.9999701976776123
1,1,0.7294143438339233
1,1,0.9997748732566833
1,1,0.9998949766159058
1,1,0.9992813467979431
0,0,0.030211221426725388
0,0,0.00014399517385754734
1,0,0.44847431778907776
0,0,0.002568533644080162
1,1,0.9999420642852783
1,1,0.9980402588844299
1,1,0.9998186230659485
1,1,0.9525660276412964
0,0,0.00028275884687900543
0,0,0.00020900240633636713
1,1,0.9996125102043152
0,0,6.262820534175262e-05
0,0,0.25576406717300415
1,1,0.9809194207191467
1,1,0.9996488094329834
0,0,0.0018866362515836954
0,0,6.570023106178269e-05
1,1,0.9326016306877136
0,0,0.00010944897076115012
1,1,0.9997150301933289
0,0,0.00012854933447670192
0,0,0.0953672006726265
1,1,0.9906938672065735
0,0,0.0004070035647600889
0,0,7.984130206750706e-06
0,1,0.791522204875946
0,1,0.608433187007904
0,0,0.06971285492181778
0,0,0.05786442011594772
1,1,0.9986978769302368
1,1,0.9997485280036926
0,0,0.01411561667919159
0,0,0.0021442766301333904
1,1,0.9792802929878235
1,1,0.9844494462013245
0,0,8.196261478587985e-05
1,1,0.9138606190681458
1,1,0.9898499250411987
0,0,0.00022400291345547885
0,0,1.2352218618616462e-05
0,0,7.887345418566838e-05
0,0,0.0011258277809247375
0,0,0.006062197498977184
0,0,0.09002261608839035
0,0,0.49635717272758484
0,0,0.054893020540475845
1,1,0.9991832375526428
0,0,5.735361992265098e-05
1,1,0.9987249970436096
0,0,0.00016599018999841064
0,0,0.01542673259973526
1,1,0.9999598264694214
1,1,0.9979981780052185
1,1,0.9999858140945435
0,0,0.0012382782297208905
1,1,0.9998088479042053
1,1,0.9999381303787231
0,0,0.15097138285636902
1,1,0.5807353854179382
1,1,0.9999998807907104
1,1,0.9987446069717407
1,1,0.9999738931655884
1,1,0.9994754195213318
1,1,0.9986836314201355
1,1,0.9990426898002625
0,1,0.9945200085639954
0,0,0.04198769852519035
1,1,0.998449444770813
1,1,0.9917156100273132
1,1,0.9999547004699707
0,0,5.1961656026833225e-06
0,0,0.0007764317560940981
1,1,0.99960857629776
1,1,0.9996750354766846
0,0,8.921779226511717e-05
0,0,0.0017724598292261362
1,1,0.998619556427002
1,1,0.7335342764854431
0,0,0.009943884797394276
0,0,0.018369929865002632
1,1,0.9986434578895569
1,1,0.9060863256454468
1,0,0.3150945007801056
0,0,0.003850136883556843
1,1,0.5679320096969604
1,1,0.9658675789833069
1,1,0.9993228912353516
0,0,4.49186991318129e-05
0,0,0.0006063218461349607
1,1,0.9999678134918213
0,0,0.0013539030915126204
0,0,0.003117569722235203
0,0,0.010585340671241283
0,0,0.004887074697762728
0,0,0.2624300718307495
0,0,0.00011500441178213805
0,0,0.20607776939868927
0,1,0.518244743347168
0,0,0.00601030932739377
0,1,0.9649618268013
0,0,0.19364750385284424
0,0,0.00014857714995741844
0,0,0.01007975172251463
1,1,0.9999202489852905
0,0,1.5239211279549636e-06
0,0,3.84827762900386e-05
1,1,0.9740583300590515
1,1,0.9995256662368774
1,1,0.999477207660675
0,0,0.0056276763789355755
0,0,0.00021866800670977682
1,1,0.9996449947357178
1,1,0.9991829991340637
0,0,6.588129326701164e-05
1,1,0.9826881289482117
1,1,0.9948225021362305
1,1,0.998613715171814
0,0,8.069269824773073e-05
1,1,0.9998681545257568
1,1,0.974060595035553
1,1,0.9969038367271423
1,1,0.9241408109664917
0,0,9.442313057661522e-06
0,1,0.857674777507782
0,0,6.621023658226477e-06
0,0,0.00503881461918354
0,0,4.501608054852113e-05
1,1,0.9994322657585144
0,0,7.021105375315528e-06
0,0,0.0002153198583982885
1,1,0.9935857653617859
1,0,0.3400405943393707
0,0,0.007079290226101875
0,0,0.028531888499855995
0,0,0.0009832419455051422
1,1,0.9383362531661987
0,0,0.00013282973668538034
0,0,0.000244084294536151
1,0,0.4300469756126404
0,0,0.0009937647264450788
0,0,0.0011878693476319313
0,0,0.011342737823724747
1,1,0.9996824264526367
1,1,0.9987683892250061
1,1,0.9441312551498413
1,1,0.9999998807907104
1,1,0.9999369382858276
1,1,0.9999942779541016
1,1,0.7181690335273743
1,1,0.9973650574684143
1,1,0.9999948740005493
1,1,0.9946318864822388
1,1,0.9994910955429077
1,1,0.9998339414596558
1,1,0.999996542930603
1,1,0.9205574989318848
1,1,0.9975917339324951
0,0,5.4529074986930937e-05
1,1,0.9472498893737793
1,1,0.8704058527946472
1,1,0.999380350112915
1,1,0.9991718530654907
0,0,4.390816684463061e-06
1,1,0.9999977350234985
0,0,0.012519233860075474
0,0,4.427131716511212e-05
0,0,0.28886720538139343
0,0,0.0005966582684777677
0,1,0.9539763927459717
1,1,0.9994567036628723
0,0,0.08785998821258545
0,0,0.0495079904794693
0,0,0.0009970535757020116
0,0,0.2628951966762543
1,1,0.9996310472488403
1,1,0.9989354014396667
1,1,0.9894620776176453
1,1,0.8385679125785828
1,1,0.9853516221046448
0,0,0.08226937055587769
0,1,0.9758363962173462
1,1,0.9539985060691833
1,1,0.9998667240142822
0,1,0.9445054531097412
1,1,0.966269314289093
1,1,0.9878779649734497
1,1,0.9997138381004333
0,0,0.0047809407114982605
1,1,0.9993512034416199
0,0,0.019089799374341965
1,1,0.9961434006690979
0,0,0.19132831692695618
0,0,0.0007097302586771548
0,0,0.286345511674881
1,1,0.9387434720993042
0,0,0.08751605451107025
0,0,0.0028568110428750515
0,0,0.0019115055911242962
1,1,0.9997703433036804
0,0,0.002701517893001437
1,1,0.8180896043777466
1,1,0.9109741449356079
1,1,0.999768078327179
1,1,0.997174859046936
0,0,0.018975667655467987
0,0,0.00023418093041982502
1,1,0.9986868500709534
1,1,0.998842179775238
0,0,0.13561604917049408
0,0,0.0009885455947369337
1,1,0.9819204211235046
0,0,0.12759184837341309
0,0,0.006144754588603973
0,0,0.009193554520606995
1,1,0.9983134269714355
0,0,0.05721670389175415
0,0,0.009369410574436188
1,1,0.862384021282196
1,1,0.9999794960021973
0,1,0.508405864238739
1,1,0.9998756647109985
1,1,0.9993340373039246
1,1,0.9997150301933289
1,1,0.9996553659439087
1,1,0.9845167994499207
0,0,0.0031340671703219414
1,0,0.20424765348434448
0,0,0.0673854723572731
1,1,0.9981154203414917
1,1,0.9977828860282898
1,1,0.9680724143981934
0,0,1.9034599972655997e-05
1,1,0.9994907379150391
0,0,0.0007172712939791381
1,1,0.9733875393867493
0,1,0.6446617245674133
0,0,1.5696123512043414e-07
1,1,0.9842901825904846
0,0,0.02376072108745575
1,1,0.9818239808082581
0,0,0.0003220730577595532
0,0,0.042125049978494644
0,0,1.792385046428535e-05
0,0,0.00012029227218590677
0,1,0.980115532875061
1,1,0.9976212382316589
1,1,0.8412595391273499
1,1,0.9999206066131592
1,1,0.9999308586120605
1,1,0.9521365761756897
1,1,0.9997469782829285
1,1,0.9997188448905945
1,1,0.9883003234863281
0,0,0.2316429167985916
1,1,0.980251133441925
0,0,0.013096645474433899
0,0,0.0013931154971942306
0,0,0.0001643196737859398
0,0,0.19728294014930725
0,0,0.048637378960847855
0,0,1.792491093510762e-05
0,0,3.070840466534719e-05
0,1,0.9352102875709534
0,0,6.367162859532982e-05
1,1,0.9228834509849548
0,0,0.0042987181805074215
0,0,4.634715151041746e-05
1,1,0.9992855191230774
1,1,0.9964948296546936
0,0,0.2448926568031311
1,0,0.30437082052230835
0,0,0.00026163170696236193
0,0,0.143042653799057
1,1,0.9950259327888489
1,1,0.9962483048439026
0,0,0.1806270182132721
0,0,0.00011248619557591155
0,0,0.07335647195577621
0,0,0.00014710765390191227
0,0,0.0004105241678189486
0,0,0.08476242423057556
0,0,0.005855007097125053
0,1,0.7654216289520264
1,1,0.9999525547027588
1,1,0.9998418092727661
1,1,0.9999492168426514
1,1,0.5657108426094055
1,1,0.8534055352210999
1,1,0.8049625158309937
0,0,0.0028846829663962126
0,0,0.012041809037327766
0,0,0.13121385872364044
0,0,6.386652239598334e-05
0,0,0.0036834508646279573
1,1,0.9966844916343689
1,0,0.4085586667060852
0,0,0.036962300539016724
1,1,0.9872532486915588
0,0,0.021188480779528618
0,0,0.004811058286577463
1,1,0.9996317625045776
1,1,0.9959076642990112
1,1,0.998984158039093
1,1,0.9997807145118713
1,1,0.9999769926071167
1,1,0.9997031092643738
1,1,0.9953202605247498
0,0,0.1849093735218048
1,1,0.9999691247940063
0,0,0.02077498286962509
0,0,0.05163966491818428
0,0,0.0004687090404331684
1,1,0.9999791383743286
1,1,0.9994961023330688
0,0,3.332161941216327e-05
0,0,0.006218784488737583
0,0,0.011923800222575665
1,1,0.9537853598594666
0,0,0.48051947355270386
1,1,0.9911642074584961
0,0,0.00032471836311742663
0,0,0.2754935026168823
1,1,0.9998180270195007
1,1,0.945629358291626
1,1,0.9193059802055359
1,1,0.8583503365516663
1,1,0.9993426203727722
0,0,2.164271609217394e-05
1,1,0.9999265670776367
0,0,0.00011576315591810271
1,0,0.035282108932733536
1,0,0.47251516580581665
0,0,0.00198979489505291
1,1,0.9972483515739441
1,1,0.9999984502792358
1,1,0.9999812841415405
0,0,0.003965538460761309
1,1,0.958225429058075
0,0,3.351608756929636e-05
1,1,0.9941283464431763
0,0,0.0585324652493
1,1,0.9996634721755981
1,1,0.9999951124191284
1,1,0.9701157212257385
1,0,0.010096590034663677
1,1,0.9986479878425598
1,1,0.9807698726654053
1,1,0.6451402306556702
0,0,0.2783358693122864
0,0,0.044163644313812256
1,1,0.8866700530052185
0,0,0.0005240410682745278
0,0,7.797618309268728e-06
1,1,0.998740017414093
0,0,0.0004302426241338253
0,0,0.17383034527301788
1,1,0.9998735189437866
1,1,0.9999911785125732
0,0,0.015230994671583176
0,0,0.1662585735321045
1,1,0.9805876612663269
1,1,0.9295365214347839
0,0,6.876794486743165e-06
1,1,0.9956325888633728
0,0,0.014858170412480831
1,1,0.999981164932251
0,0,0.018658043816685677
0,0,0.29336217045783997
1,1,0.9826667904853821
1,1,0.9960552453994751
1,1,0.9994920492172241
1,1,0.9890301823616028
1,1,0.9994964599609375
1,1,0.9999805688858032
0,0,0.024020936340093613
1,1,0.9888948202133179
1,1,0.9998340606689453
1,1,0.9999978542327881
1,1,0.9998989105224609
0,0,0.00732338847592473
0,0,0.013840870000422001
1,1,0.9947992563247681
0,0,0.0016103873495012522
1,1,0.9948299527168274
1,1,0.999626874923706
1,1,0.9961206316947937
1,1,0.9981437921524048
1,1,0.9968865513801575
1,1,0.978066086769104
1,1,0.9999173879623413
1,1,0.9999979734420776
1,1,0.9999860525131226
1,1,0.9841861128807068
1,1,0.9998745918273926
1,1,0.9791814088821411
0,0,3.649089194368571e-05
1,1,0.9994615912437439
1,1,0.9997935891151428
0,0,0.11804667115211487
1,1,0.9992961883544922
1,1,0.9851577281951904
1,1,0.9996098875999451
1,1,0.9298815131187439
1,1,0.9891247749328613
1,1,0.9999884366989136
1,1,0.9915870428085327
1,1,0.9999876022338867
0,1,0.7659875750541687
0,0,0.00014785199891775846
0,0,0.0018361849943175912
1,0,0.41616466641426086
1,1,0.9998878240585327
0,0,4.089489084435627e-05
0,0,0.09671778976917267
0,0,2.872335426218342e-05
1,1,0.9975723624229431
1,1,0.9970884919166565
0,0,0.004567719995975494
0,0,0.005563199054449797
0,0,0.016175629571080208
1,1,0.998497486114502
1,0,0.428372323513031
1,0,0.36687350273132324
1,1,0.9949477910995483
0,1,0.597058892250061
1,1,0.9876722693443298
0,0,0.05283203348517418
1,1,0.9972737431526184
0,0,0.248881533741951
1,1,0.9978302121162415
0,0,0.22177374362945557
1,1,0.9937146306037903
1,1,0.9996422529220581
1,1,0.9757708311080933
1,1,0.9399576783180237
1,1,0.9990912675857544
1,1,0.9998179078102112
1,1,0.9657761454582214
0,0,0.00961505901068449
1,1,0.998264491558075
1,1,0.9995326995849609
0,0,0.13695818185806274
1,1,0.9898301959037781
1,0,0.4845788776874542
0,0,0.0003187948605045676
1,1,0.9943163990974426
0,0,0.24327988922595978
0,0,0.02216498740017414
0,0,0.23329490423202515
0,0,0.0003342639247421175
0,0,0.0021019030828028917
0,0,0.0034302789717912674
1,1,0.9999697208404541
1,1,0.9999997615814209
1,1,0.9999918937683105
0,0,0.3399716317653656
1,1,0.9989125728607178
1,1,0.9999595880508423
1,1,0.9991452693939209
0,1,0.8733601570129395
1,1,0.9998526573181152
1,1,0.9949453473091125
1,1,0.9815100431442261
0,1,0.506551206111908
1,1,0.9998169541358948
0,0,0.0029971871990710497
1,1,0.9959560036659241
1,1,0.9999430179595947
0,0,0.000837234256323427
1,1,0.9903256893157959
1,1,0.9628707766532898
0,0,0.26449519395828247
1,1,0.9998424053192139
1,1,0.9592039585113525
0,0,5.2868017519358546e-05
0,0,0.000385567283956334
0,0,0.0068130698055028915
1,1,0.6737182140350342
1,1,0.9999902248382568
1,1,0.9700714945793152
1,1,0.6681477427482605
1,1,0.6126184463500977
0,0,0.0005444739363156259
1,1,0.9995775818824768
0,0,0.0011668970109894872
0,0,0.0021602518390864134
0,0,0.43301302194595337
1,1,0.9982953667640686
1,1,0.657079815864563
1,1,0.9765031337738037
1,1,0.9999388456344604
1,1,0.9969478249549866
1,1,0.9421302676200867
1,1,0.99811851978302
0,0,0.06480898708105087
0,0,1.2699062608589884e-05
1,1,0.9994710087776184
1,1,0.9998200535774231
0,0,0.16243436932563782
0,0,0.0018895575776696205
0,0,0.011429022997617722
1,1,0.9970653653144836
1,1,0.9996626377105713
0,0,0.0006314128986559808
0,0,1.4255073438107502e-05
0,0,0.003032627748325467
0,0,0.00446225143969059
1,1,0.6286089420318604
1,1,0.9977648258209229
0,0,0.0008095009834505618
0,1,0.9514590501785278
0,1,0.8501202464103699
1,1,0.9999865293502808
1,1,0.9971274733543396
0,0,0.00010457039752509445
0,0,9.67073137871921e-05
0,0,0.00814748927950859
1,1,0.8275682330131531
0,0,6.843670234957244e-07
0,0,0.0020418940111994743
0,0,0.009381880983710289
1,1,0.992156982421875
0,1,0.7375985383987427
0,0,0.0003751053591258824
1,1,0.9990869760513306
1,1,0.9999740123748779
1,1,0.9999762773513794
1,1,0.9969291090965271
1,1,0.9975572824478149
0,0,0.009281227365136147
1,1,0.9997739195823669
0,0,0.00045094313099980354
0,0,4.339277438702993e-06
0,1,0.9945768117904663
1,0,0.23325584828853607
0,0,0.0034015257842838764
0,0,0.008837751112878323
0,0,0.0019208622397854924
0,0,0.000283600646071136
0,1,0.5489897727966309
0,0,0.0003292725596111268
0,0,0.0013048433465883136
0,0,0.018970545381307602
0,0,0.025389239192008972
1,1,0.9947487711906433
1,1,0.996677041053772
1,1,0.9998086094856262
0,0,1.7584604847797891e-06
1,1,0.8677278757095337
1,0,0.1146845743060112
0,0,0.025386031717061996
0,0,8.689665264682844e-05
0,1,0.8070019483566284
0,1,0.7508403062820435
0,0,0.09099537134170532
0,1,0.5166580080986023
0,0,0.49206799268722534
0,0,0.13995124399662018
1,1,0.9992436170578003
0,1,0.5909727811813354
1,1,0.8323744535446167
0,0,0.0001317434071097523
1,1,0.9999279975891113
1,1,0.9968311190605164
1,1,0.7854549884796143
0,0,0.19763511419296265
1,1,0.7824606895446777
0,0,0.038870032876729965
0,0,0.03043476492166519
0,0,0.01378244161605835
0,1,0.6485269665718079
1,1,0.9991812109947205
1,0,0.30788299441337585
1,1,0.5845513939857483
1,1,0.9990444779396057
1,1,0.9999836683273315
1,1,0.9997188448905945
1,1,0.9999834299087524
1,1,0.9999995231628418
1,1,0.5386893153190613
0,0,0.1292555183172226
0,1,0.7713964581489563
0,0,0.0008353270823135972
0,0,0.23687893152236938
1,1,0.6941402554512024
0,0,0.0016106939874589443
0,0,0.0009010947542265058
0,0,0.3188208043575287
1,1,0.9999908208847046
0,0,1.3672699878952699e-06
1,1,0.9705488681793213
1,1,0.971244752407074
0,0,0.00017133775691036135
1,1,0.5515965819358826
1,1,0.9626875519752502
1,1,0.7664304971694946
1,1,0.9679379463195801
0,0,0.05326613783836365
1,1,0.9998852014541626
1,1,0.5842338800430298
0,0,0.0006729044253006577
1,1,0.9999500513076782
1,1,0.509745180606842
0,0,1.117917872761609e-05
1,1,0.9997246861457825
0,0,0.006206072401255369
1,1,0.9881880879402161
1,1,0.9666255116462708
1,1,0.9991694688796997
1,1,0.99993896484375
1,0,0.4294571876525879
0,0,0.0002524077717680484
0,0,0.1138446182012558
1,1,0.8593428730964661
1,1,0.9994309544563293
1,1,0.9882060885429382
0,1,0.8781443238258362
1,1,0.9983727335929871
1,1,0.9996005892753601
0,0,0.004444731865078211
1,1,0.9996365308761597
0,0,7.053682202240452e-05
1,1,0.9999912977218628
0,0,0.26941654086112976
1,1,0.9793732166290283
1,1,0.99882572889328
0,0,0.00018506438937038183
1,1,0.964111864566803
0,0,0.02240711823105812
0,0,0.0006202872027643025
0,0,3.836672840407118e-05
0,0,0.0018779381643980742
0,1,0.5851629376411438
0,0,2.4901888536987826e-05
0,0,2.25006965592911e-06
1,1,0.9969485402107239
1,1,0.7013213634490967
1,1,0.9998307228088379
0,0,0.0005622319877147675
1,0,0.3174837529659271
0,0,0.008131232112646103
0,0,0.008603289723396301
0,0,0.18502308428287506
1,1,0.9888092875480652
1,1,0.9972209930419922
1,1,0.9998264908790588
1,1,0.9999808073043823
0,0,0.00031641850364394486
1,1,0.9988331198692322
1,1,0.7293694615364075
0,1,0.5459119081497192
1,1,0.9998717308044434
1,1,0.9999994039535522
0,0,4.580851509672357e-06
0,1,0.5234088897705078
1,1,0.9999704360961914
1,1,0.9990121126174927
0,1,0.524863064289093
0,0,0.0007948667625896633
1,1,0.9907467365264893
1,1,0.8686423897743225
0,0,0.006001578643918037
0,0,0.1833779662847519
1,1,0.9693195819854736
1,1,0.9539084434509277
0,0,0.0005376188200898468
1,1,0.990894079208374
0,0,0.002713381079956889
0,0,0.0004895103047601879
0,0,0.00031442567706108093
0,0,0.0008864377159625292
0,0,0.000625370244961232
0,0,0.04652777686715126
0,0,0.02330598793923855
1,1,0.9648590683937073
1,1,0.9864174127578735
1,1,0.9996176958084106
1,1,0.9983219504356384
0,0,0.00031509637483395636
1,1,0.8577612042427063
1,1,0.9999914169311523
0,0,0.0021210568957030773
1,1,0.998674750328064
0,0,3.318110429972876e-06
0,0,0.14946109056472778
0,0,0.00013613456394523382
0,0,0.000660521094687283
0,0,0.00043504833593033254
0,0,0.3186192214488983
0,0,0.00017452485917601734
1,1,0.9694352746009827
1,1,0.9999666213989258
1,1,0.9648957848548889
0,0,0.0022438615560531616
0,1,0.8475343585014343
1,1,0.9998003840446472
1,1,0.9978273510932922
1,1,0.9999960660934448
1,0,0.12218767404556274
1,1,0.991657555103302
0,0,0.030217701569199562
0,0,0.0008979393169283867
1,1,0.9995030164718628
0,0,3.573450885596685e-05
0,0,0.0008126752218231559
0,0,0.3795771300792694
1,1,0.9999957084655762
1,1,0.9965593218803406
0,0,0.00022784268367104232
0,0,0.000470597151434049
1,1,0.9999444484710693
0,0,0.0007132047903724015
1,1,0.994838535785675
0,0,0.17160406708717346
1,1,0.9870002865791321
1,1,0.9996302127838135
1,1,0.9928089380264282
0,0,0.0006052658427506685
0,0,0.00029381929198279977
0,0,2.9318471206352115e-05
0,1,0.9879524111747742
1,1,0.9739465117454529
0,1,0.506261944770813
0,0,0.00020781670173164457
0,0,0.2284415066242218
0,0,0.10268408805131912
0,0,0.11947888880968094
0,0,0.006517588160932064
1,1,0.9985479712486267
0,0,0.00013040867634117603
0,0,0.001037401263602078
0,1,0.5801080465316772
0,0,0.06966810673475266
1,1,0.9894499182701111
1,1,0.9999018907546997
0,1,0.8931691646575928
1,1,0.777110755443573
0,0,0.0006296127685345709
0,0,2.8088783437851816e-05
0,0,0.12093858420848846
0,0,0.3819619119167328
1,1,0.9980618357658386
0,0,0.2701599895954132
0,0,0.06277775764465332
0,1,0.9742372035980225
1,1,0.9877039194107056
1,1,0.9997373223304749
1,0,0.2712564766407013
0,0,0.004523035138845444
1,1,0.9969488978385925
0,0,0.008572624064981937
1,1,0.9841982126235962
1,1,0.7311486005783081
0,1,0.6133748888969421
0,0,0.0418676994740963
0,0,0.0934009999036789
0,0,0.0004900427884422243
0,1,0.7778902053833008
0,0,0.0042534940876066685
1,1,0.997524082660675
0,0,0.013860095292329788
0,0,0.000628584180958569
1,0,0.1180703341960907
1,1,0.9981880784034729
0,0,9.61323021329008e-05
1,1,0.9999712705612183
0,0,0.00014545493468176574
0,0,5.580546348937787e-05
0,0,0.29656660556793213
0,0,7.831534276192542e-06
0,0,0.00011874334450112656
0,0,0.0011763748480007052
0,0,9.043175850820262e-06
0,0,2.7114901968161575e-05
0,0,0.0017588682239875197
1,1,0.9999629259109497
1,1,0.9999717473983765
1,1,0.999987006187439
0,0,0.00011812875891337171
1,1,0.9902042150497437
0,0,0.0010301111033186316
0,0,0.476731538772583
0,0,0.0026608214247971773
0,0,0.000129101870697923
1,1,0.9991748929023743
0,0,0.38224273920059204
0,0,3.1413354008691385e-05
0,0,0.00014567367907147855
0,0,0.0031712083145976067
0,0,0.0012979214079678059
0,0,0.006495620124042034
0,0,0.004638465121388435
0,0,5.303975922288373e-05
0,0,4.233791696606204e-05
0,0,0.002377275377511978
0,0,0.0012743736151605844
0,0,0.00014626146003138274
1,1,0.9996597766876221
0,0,1.533322688374028e-06
0,0,2.8030395696987398e-05
0,0,0.0033301454968750477
0,0,4.793714833795093e-05
1,1,0.9996557235717773
0,0,0.003294785972684622
1,1,0.8784650564193726
1,1,0.9807093143463135
1,1,0.9914523363113403
0,0,0.04657850041985512
1,0,0.2980806529521942
0,0,0.45973488688468933
0,0,0.0914083942770958
1,1,0.9772411584854126
1,1,0.8095971941947937
0,0,0.01615050993859768
1,1,0.9694492220878601
0,0,6.38494748272933e-05
1,0,0.043165337294340134
1,1,0.5949055552482605
1,1,0.9958598017692566
1,1,0.9945966005325317
0,1,0.5701675415039062
1,1,0.9986060261726379
0,0,0.001745422836393118
1,1,0.6437490582466125
1,1,0.9990469813346863
0,0,0.003880738280713558
1,0,0.4148142635822296
0,0,0.0027698446065187454
0,0,9.008143933897372e-06
0,0,0.0004064581880811602
0,0,0.09697365760803223
0,0,0.008203420788049698
0,0,0.004748502280563116
0,0,0.06138542294502258
0,0,3.5762976040132344e-05
1,1,0.9999396800994873
0,0,0.021835358813405037
0,0,0.003209776943549514
0,0,0.03798716142773628
0,0,0.02966000884771347
0,0,0.00016466599481645972
0,0,0.008130047470331192
0,0,0.001317563815973699
0,0,0.01519051194190979
1,0,0.10414616763591766
1,1,0.8963298797607422
0,0,0.04218437895178795
0,0,0.0018963450565934181
1,1,0.9999891519546509
0,0,0.016154153272509575
1,1,0.9998340606689453
1,1,0.9350383877754211
0,0,4.3579725570452865e-06
1,1,0.9999986886978149
1,1,0.9999206066131592
1,1,0.8388972282409668
1,1,0.9999754428863525
1,1,0.9999182224273682
0,0,0.005108091980218887
0,1,0.7846840620040894
1,1,0.998794674873352
0,0,0.2357761263847351
1,1,0.9999408721923828
1,1,0.9979724287986755
0,0,0.05159435421228409
0,0,5.7318022300023586e-05
0,0,0.10807537287473679
0,0,0.00021860860579181463
0,0,0.07726284861564636
0,0,0.22395627200603485
0,0,0.000985432998277247
1,1,0.9954608082771301
0,0,0.001015470246784389
1,1,0.998288094997406
1,1,0.991279661655426
0,0,0.013630390167236328
0,0,0.00012434044037945569
1,1,0.9984561204910278
0,0,9.323255198978586e-07
0,0,0.09474348276853561
1,1,0.9998726844787598
1,1,0.9999434947967529
0,0,0.1011950671672821
0,0,0.0005371181759983301
0,0,0.00023565000446978956
1,1,0.9988571405410767
1,1,0.9731824398040771
1,1,0.9694077372550964
0,0,0.001448845025151968
0,0,0.0012379263062030077
1,1,0.9999998807907104
0,0,0.04760535806417465
1,1,0.989957869052887
0,0,0.006049721036106348
0,0,2.9573595838883193e-06
1,1,0.9938358664512634
0,0,0.003513394156470895
0,0,3.955185820814222e-05
0,0,0.12842194736003876
0,1,0.5562222599983215
1,1,0.9923140406608582
0,0,0.4485768675804138
1,1,0.7872981429100037
0,0,0.0014532204950228333
1,1,0.9993329644203186
0,0,0.009153091348707676
1,1,0.9993927478790283
0,0,0.004593525547534227
1,1,0.9873113632202148
1,1,0.9940510392189026
0,0,0.1562482714653015
1,1,0.9990397095680237
0,0,0.00881790742278099
1,1,0.9570339322090149
1,1,0.9890177249908447
1,1,0.9981520771980286
1,1,0.8387075066566467
0,0,0.002727505285292864
0,0,0.00010723057494033128
1,1,0.9989818930625916
0,1,0.6991477012634277
1,1,0.9999098777770996
1,1,0.9794172644615173
0,0,0.008279604837298393
0,0,0.0015344234416261315
1,1,0.9979069232940674
0,0,0.02166496217250824
1,1,0.9980430603027344
0,0,0.13526496291160583
0,0,0.028545735403895378
1,1,0.9647103548049927
0,0,0.28927507996559143
1,1,0.5766522884368896
1,1,0.9999728202819824
1,1,0.9559450149536133
1,1,0.9999102354049683
1,1,0.9999345541000366
0,0,0.3623563349246979
0,0,0.002121233381330967
0,0,0.01833530142903328
1,1,0.9952318072319031
0,0,0.47460395097732544
0,0,0.006221121642738581
0,1,0.9322054982185364
0,0,0.0024233863223344088
0,0,0.020413843914866447
0,0,0.0013694773660972714
0,0,2.6677807909436524e-06
1,1,0.9121379256248474
1,1,0.9806720614433289
1,1,0.9798034429550171
0,0,0.009028180502355099
0,0,4.5558856072602794e-05
1,1,0.9933197498321533
1,1,0.9984411597251892
0,0,0.09471748024225235
1,1,0.9983726143836975
1,1,0.923930823802948
0,0,0.0001263769227080047
1,1,0.9958140254020691
1,1,0.9956465363502502
0,0,0.022016022354364395
1,1,0.9998495578765869
0,0,3.4745251014101086e-06
0,0,0.024715451523661613
0,0,0.0007051316788420081
0,0,0.06341814994812012
0,0,0.0017633807146921754
0,0,0.0007554005132988095
1,1,0.9993016719818115
1,1,0.9999125003814697
1,1,0.9978185892105103
1,1,0.9748536944389343
0,0,0.002123842015862465
0,0,0.013218199834227562
0,0,5.254017378319986e-05
0,0,0.0013303541345521808
1,1,0.981065571308136
1,1,0.9999886751174927
1,1,0.9997913241386414
1,1,0.9890578389167786
1,1,0.9999966621398926
0,0,0.18260136246681213
1,1,0.9986569881439209
1,1,0.9907131791114807
0,0,0.25355592370033264
1,1,0.9157434105873108
1,1,0.9993340373039246
1,0,0.1332019716501236
1,1,0.9882804155349731
1,1,0.9987561702728271
0,0,0.043550699949264526
0,0,0.004393316805362701
0,0,0.0011834179749712348
0,0,6.400437268894166e-05
0,1,0.9665592312812805
1,1,0.6391832232475281
1,1,0.9863132238388062
0,0,0.0021772596519440413
1,1,0.9999054670333862
0,0,0.45746833086013794
0,0,3.4447880352672655e-06
0,0,0.0020795806776732206
0,0,1.3154201951692812e-05
0,0,0.004328284878283739
0,0,0.0005700784968212247
1,1,0.999609649181366
0,0,0.0008019713568501174
0,0,0.00016615597996860743
0,1,0.8677091002464294
0,1,0.8352327942848206
0,0,0.4512242078781128
0,0,0.0004245630989316851
1,1,0.9998756647109985
0,0,0.0017129797488451004
0,0,0.0007310889777727425
0,0,0.00023833097657188773
0,0,0.21952681243419647
0,0,0.005184828769415617
1,1,0.9995317459106445
0,0,0.026834039017558098
1,1,0.9977712631225586
1,1,0.9997466206550598
1,1,0.996136486530304
1,1,0.9989446997642517
0,0,0.013827182352542877
0,0,8.698162855580449e-05
0,0,0.12025731801986694
0,0,0.0012232426088303328
0,0,0.003956234082579613
0,0,0.033929262310266495
1,1,0.9242604374885559
0,0,0.0007617039373144507
0,0,0.033561475574970245
1,1,0.989590585231781
1,1,0.9997698664665222
0,0,2.8996262699365616e-05
0,0,0.09444792568683624
1,1,0.9991859793663025
1,1,0.9999779462814331
1,1,0.9689221382141113
1,0,0.40686795115470886
0,0,0.005652375053614378
0,0,1.8406608432997018e-05
1,1,0.9999890327453613
1,1,0.9999393224716187
1,1,0.8862457275390625
1,1,0.9974114298820496
1,0,0.21323494613170624
1,1,0.9927392601966858
1,1,0.9998466968536377
1,1,0.9654320478439331
0,0,0.024409200996160507
0,0,0.004435421898961067
0,0,0.004363148473203182
1,1,0.9981189370155334
0,0,4.754108886118047e-06
0,0,0.009432220831513405
0,1,0.8061532378196716
0,0,0.06121092662215233
0,0,0.10238415002822876
0,0,0.028388289734721184
1,1,0.9074684977531433
1,1,0.9269428849220276
1,1,0.9488114714622498
1,1,0.999991774559021
1,1,0.9866971373558044
0,0,0.00012904599134344608
1,1,0.9999961853027344
1,1,0.9911421537399292
1,1,0.9076588153839111
0,0,0.42168188095092773
1,1,0.971276581287384
0,0,0.0023789440747350454
1,1,0.9999762773513794
0,0,0.014644239097833633
0,0,0.4897174835205078
1,1,0.9999678134918213
1,1,0.9999330043792725
1,1,0.9907209873199463
1,1,0.998866081237793
1,1,0.9999812841415405
1,1,0.9993519186973572
0,0,0.00018617426394484937
1,1,0.9867193102836609
1,1,0.9999786615371704
0,0,0.0007207401795312762
1,1,0.9997285008430481
1,1,0.9999765157699585
1,0,0.32612788677215576
0,0,1.6327769117197022e-05
0,0,0.00020793582370970398
0,0,0.004319851286709309
0,0,0.044518668204545975
0,0,3.923348049283959e-05
0,0,0.0002647308283485472
0,0,0.0018158175516873598
1,1,0.7800358533859253
0,0,0.001282890560105443
1,1,0.9957289099693298
1,1,0.9878634214401245
0,0,0.0014886516146361828
1,1,0.990760326385498
1,1,0.9638517498970032
1,1,0.8252686262130737
1,0,0.1815558671951294
1,1,0.929502010345459
0,0,2.0981119632779155e-06
0,0,0.0005751848802901804
0,0,0.004281772766262293
0,0,2.650186070241034e-05
0,0,0.07962381839752197
0,0,0.00407209200784564
0,0,0.20988556742668152
0,0,0.03325300291180611
0,0,0.0059770396910607815
1,1,0.7342740297317505
1,1,0.9995384216308594
0,1,0.5704146027565002
0,0,0.0002745083183981478
1,1,0.7675036191940308
0,0,0.011300737038254738
1,1,0.9993656277656555
0,0,0.03584836423397064
1,1,0.9992654919624329
0,0,0.008572697639465332
1,1,0.9995866417884827
1,1,0.9860746264457703
1,1,0.9998252987861633
1,1,0.9878893494606018
1,1,0.9989466071128845
1,1,0.6644126772880554
1,1,0.9702364206314087
0,0,0.0008486170554533601
0,0,0.0004928872804157436
1,1,0.9703707695007324
0,0,0.09724640846252441
0,0,6.263602699618787e-05
0,0,2.7561516617424786e-05
0,0,0.0013192477636039257
1,1,0.999991774559021
0,0,5.1841503591276705e-05
0,0,0.08176498115062714
1,1,0.6768916845321655
0,0,0.0012899111025035381
1,1,0.9990837574005127
0,0,0.009516352787613869
1,1,0.8675575256347656
1,1,0.8385319113731384
0,0,0.28481143712997437
1,1,0.9999469518661499
0,0,0.020320940762758255
1,1,0.9938939213752747
1,1,0.9589363932609558
0,0,0.21838253736495972
0,0,0.3934992253780365
1,1,0.8702617883682251
1,1,0.9958311915397644
0,0,0.023802228271961212
0,0,0.00012786178558599204
0,0,0.0053719510324299335
0,0,0.0011447923025116324
0,0,0.0004388563975226134
0,0,7.577306678285822e-05
0,0,0.0008365441462956369
0,0,9.474624675931409e-05
0,0,0.039620283991098404
0,0,0.03627495840191841
0,0,0.0031015805434435606
0,0,0.03698645159602165
1,1,0.9460358619689941
1,1,0.9984667301177979
1,1,0.9988646507263184
0,0,0.0037051790859550238
1,1,0.9998018145561218
1,1,0.9987712502479553
0,0,8.710167662684398e-07
0,0,0.0016463067149743438
1,1,0.9728924036026001
1,1,0.9999520778656006
1,1,0.9931174516677856
0,0,0.0014258165610954165
0,0,0.0003160259802825749
0,0,0.0008554933592677116
1,1,0.8839765787124634
0,0,0.012302525341510773
1,1,0.9994502663612366
0,0,2.9614338927785866e-05
1,1,0.9956164360046387
0,0,0.014815548434853554
1,1,0.9989131689071655
1,1,0.9911439418792725
1,1,0.9974367022514343
1,1,0.9997001886367798
0,0,0.027640802785754204
0,0,0.377216637134552
0,0,6.393800140358508e-05
1,1,0.9999498128890991
0,0,0.0005331010324880481
1,1,0.9703816771507263
1,1,0.9882774949073792
0,0,0.0015174327418208122
0,0,0.07428283244371414
0,0,0.0013274754164740443
0,0,0.00048175465781241655
0,0,4.0634819015394896e-05
0,0,0.00019211207109037787
0,0,0.0129064517095685
0,0,0.001602440606802702
0,0,9.940521704265848e-05
0,0,0.007208959199488163
0,0,0.05379035323858261
0,0,0.0026740701869130135
0,0,0.007624766789376736
0,0,0.005154390353709459
0,0,4.082922896486707e-05
0,0,0.09970063716173172
0,0,0.0020958660170435905
0,0,0.0006368369795382023
0,0,0.0033248858526349068
0,0,0.09494626522064209
0,0,0.002864084905013442
0,0,0.0028280497062951326
0,0,0.00440569594502449
0,0,0.11100165545940399
1,1,0.9512732625007629
0,0,0.003107944503426552
0,0,0.0003843470476567745
1,1,0.9984248876571655
1,1,0.995712161064148
1,1,0.9993252754211426
0,0,0.1614944040775299
0,0,0.022550301626324654
1,1,0.9734295606613159
1,1,0.9992222785949707
1,1,0.8415167331695557
0,0,2.6473771868040785e-05
1,1,0.9559634327888489
1,1,0.9999840259552002
1,1,0.9667448997497559
1,1,0.9999912977218628
1,1,0.9976744055747986
1,1,0.9944071769714355
1,1,0.933259129524231
1,1,0.9960463643074036
1,1,0.8106926083564758
1,1,0.9575052857398987
1,1,0.9982321858406067
1,1,0.9958821535110474
1,1,0.995876133441925
0,1,0.8963117003440857
0,0,0.38168585300445557
1,1,0.9996964931488037
0,0,0.09876333922147751
0,0,0.0001516633783467114
0,0,6.422687147278339e-05
0,0,0.00040522345807403326
0,0,8.708254608791322e-05
0,0,0.04493161290884018
0,0,0.015419786795973778
1,1,0.9938117265701294
0,0,0.0015952566172927618
0,1,0.8743524551391602
0,0,3.2061443562270142e-06
0,0,0.1353565901517868
1,1,0.9319295287132263
0,0,0.003923708572983742
0,0,0.0015577386366203427
1,1,0.8507626056671143
0,0,0.0003834156959783286
1,1,0.9969671368598938
1,1,0.9998841285705566
1,0,0.10870537906885147
1,1,0.9999841451644897
0,0,0.02011452615261078
0,0,0.057305678725242615
0,0,0.0027952694799751043
0,1,0.7777646780014038
0,0,0.0011572178918868303
1,1,0.9624507427215576
1,1,0.9307217597961426
0,0,0.019301142543554306
0,0,0.0049366215243935585
1,1,0.8867710828781128
1,1,0.978359043598175
0,0,0.00020262169709894806
0,0,0.2641605734825134
1,1,0.9992735981941223
0,0,1.9877525119227357e-05
0,0,0.0009481970919296145
1,1,0.9943588376045227
1,1,0.9885187745094299
0,0,0.0003162068023812026
0,0,0.00016308466729242355
0,0,0.0028216519858688116
1,1,0.9956157207489014
0,0,0.00016794457042124122
1,1,0.9998379945755005
0,0,0.028327975422143936
0,0,0.005026970524340868
1,1,0.9275271892547607
1,1,0.9998806715011597
0,0,9.599433542462066e-05
0,0,0.00032840415951795876
1,1,0.9921286106109619
0,0,0.0009914124384522438
0,0,0.01310430746525526
0,0,0.0010063804220408201
0,0,1.7126900274888612e-05
1,1,0.9998233914375305
0,0,0.0011452313046902418
0,0,0.00041090353624895215
0,0,0.13775299489498138
0,0,1.0181515790463891e-05
0,0,0.0010088388808071613
0,0,7.584868581034243e-05
1,1,0.5256882309913635
1,1,0.993854820728302
1,1,0.9987691044807434
0,0,7.376522989943624e-05
1,1,0.9999690055847168
0,0,0.00025702579296194017
0,0,0.0004944844404235482
1,1,0.9928165674209595
1,1,0.9999879598617554
0,0,7.633469067513943e-05
0,0,0.0003187012334819883
0,0,0.016092270612716675
0,0,0.041862573474645615
1,1,0.9480888843536377
0,0,2.994681562995538e-05
1,1,0.9994483590126038
1,1,0.9983592629432678
1,1,0.9954753518104553
0,0,0.013397619128227234
0,0,0.00018819411343429238
0,0,0.042848922312259674
0,0,0.0020118907559663057
1,1,0.9935292601585388
0,0,0.0014374239835888147
1,1,0.9980694651603699
0,1,0.5471823811531067
0,0,0.00017704993661027402
0,0,0.10745275765657425
0,0,1.381915353704244e-06
0,0,0.0001075785985449329
0,0,0.026155570521950722
0,0,0.00014136565732769668
1,1,0.9999728202819824
1,0,0.24216921627521515
0,0,2.8324204322416335e-05
0,0,0.0037493654526770115
1,1,0.9769167304039001
1,1,0.9999864101409912
1,1,0.973766028881073
0,0,0.15609033405780792
0,0,0.00028694351203739643
1,1,0.9999090433120728
1,1,0.9906067848205566
1,0,0.21982061862945557
1,1,0.9999895095825195
0,0,0.3072836697101593
0,0,0.36801600456237793
1,0,0.08471399545669556
1,1,0.9984287619590759
0,0,0.39650967717170715
1,1,0.9882529377937317
1,1,0.9998912811279297
1,1,0.9996944665908813
0,0,0.000867153110448271
1,1,0.8699188232421875
1,1,0.9999953508377075
0,0,0.0005967057077214122
0,0,0.022769741714000702
0,0,0.04574694484472275
0,0,0.014138861559331417
1,1,0.9999336004257202
0,0,0.48839300870895386
0,0,3.079486987189739e-06
0,0,0.0033088051714003086
0,0,0.27012258768081665
1,1,0.9995177984237671
0,0,0.13437145948410034
0,0,0.0011169229401275516
0,0,0.0009215257596224546
1,1,0.9953931570053101
0,0,0.005451702047139406
1,1,0.9938325881958008
0,0,0.0024911430664360523
0,0,0.00040370988426730037
1,1,0.9999868869781494
1,1,0.9999080896377563
1,1,0.9999980926513672
0,0,0.000372128066373989
0,0,0.00019897185848094523
0,0,0.0011123566655442119
1,1,0.9994756579399109
1,1,0.6917273998260498
0,0,6.924863100721268e-06
0,1,0.9639502167701721
0,1,0.5365116000175476
0,0,0.145769864320755
1,1,0.9308710694313049
0,0,0.4362018406391144
1,0,0.22580264508724213
1,0,0.3891863524913788
0,0,0.00048465223517268896
0,0,0.019920850172638893
0,0,0.053395770490169525
1,1,0.9719457626342773
0,0,0.07330543547868729
0,0,0.0025692449416965246
1,1,0.9889311194419861
0,0,0.014367534779012203
1,1,0.972019374370575
0,0,0.0023140525445342064
0,0,0.0082596680149436
1,1,0.9972226619720459
0,0,0.018017053604125977
1,1,0.9996083378791809
1,1,0.9997853636741638
0,0,3.2740490496507846e-07
1,1,0.9999958276748657
0,0,0.12188461422920227
1,1,0.9999706745147705
0,0,0.0020281157921999693
1,1,0.9999873638153076
0,0,6.49522480671294e-05
1,1,0.9731398820877075
1,1,0.9982296824455261
1,1,0.9148336052894592
1,1,0.9999978542327881
0,0,0.026454593986272812
1,1,0.9999104738235474
0,0,0.0012715957127511501
1,1,0.9096078276634216
1,1,0.9999052286148071
0,0,0.0008660106686875224
0,0,0.02076747454702854
1,1,0.9994027614593506
1,1,0.9999935626983643
0,0,0.0009235224570147693
1,1,0.9411998987197876
1,1,0.9958155751228333
1,1,0.9686844944953918
0,0,0.008031531237065792
0,0,0.00021975903655402362
0,0,0.008148201741278172
0,0,0.00031216462957672775
0,0,0.0006332038901746273
1,0,0.4881739914417267
0,0,0.00045818116632290184
0,0,0.022515982389450073
0,0,1.051246545102913e-05
1,1,0.8825080394744873
1,1,0.9968737363815308
1,1,0.8968102335929871
1,1,0.9996496438980103
1,1,0.9053756594657898
0,0,0.003761652624234557
0,0,8.597880878369324e-06
1,1,0.9754823446273804
1,1,0.9964053630828857
1,1,0.9999783039093018
0,0,0.00302725937217474
0,0,0.0045473636128008366
1,1,0.9997133612632751
1,1,0.5576424598693848
0,0,0.03250913321971893
1,1,0.7195824980735779
0,0,0.0008728855173103511
1,1,0.9985400438308716
0,1,0.9944556355476379
0,0,0.04771934449672699
0,0,0.011287957429885864
0,0,0.0006380514241755009
0,0,0.04957306757569313
0,0,0.0020668141078203917
0,0,2.6257068839186104e-06
1,1,0.9998694658279419
0,0,0.20831440389156342
0,0,0.0048619164153933525
1,1,0.9994547963142395
0,0,0.3818528652191162
1,1,0.9967066645622253
0,0,0.007328132167458534
0,0,0.0062806871719658375
0,0,0.14511357247829437
1,1,0.9995798468589783
1,1,0.9863191843032837
1,1,0.997098445892334
0,0,0.45013394951820374
1,1,0.995991051197052
1,1,0.8740928769111633
1,1,0.9987286925315857
0,0,0.04144209623336792
1,1,0.9988055229187012
0,0,0.000456315086921677
0,0,0.02939573861658573
1,0,0.3669351637363434
0,0,8.361470463569276e-06
1,1,0.9803923964500427
0,0,0.0072607435286045074
0,0,0.019965045154094696
1,1,0.7596514821052551
1,1,0.9953822493553162
1,1,0.9966985583305359
1,1,0.9880770444869995
0,0,0.0035210552159696817
0,1,0.6981966495513916
0,0,0.09714238345623016
0,0,0.001594647648744285
0,0,8.901006367523223e-06
1,1,0.9956259727478027
0,0,0.4804234206676483
0,0,8.682871703058481e-05
0,0,0.0008260041358880699
1,1,0.9381074905395508
0,0,0.005935946013778448
0,0,0.128611221909523
0,0,0.05339644104242325
1,1,0.9997668862342834
0,0,0.0008440127712674439
0,0,0.009756883606314659
0,0,0.00690815132111311
0,0,0.0004196146910544485
0,0,7.9096615081653e-05
0,0,0.009024376049637794
1,1,0.9678798913955688
1,1,0.976917028427124
0,0,0.0062392158433794975
0,0,8.320584311150014e-05
0,0,0.05105775594711304
0,0,0.05619090050458908
1,1,0.9518964886665344
0,0,0.01938018761575222
1,1,0.9996401071548462
1,1,0.9960741996765137
0,0,0.3507858216762543
0,0,0.00216037523932755
0,0,0.0023327721282839775
1,1,0.9703294634819031
0,0,0.00743367662653327
0,0,2.877661700040335e-06
0,1,0.983858048915863
1,1,0.9987926483154297
0,0,0.011686800047755241
0,0,0.00017714973364491016
0,0,0.00017194461543112993
0,0,0.0066364118829369545
0,0,0.022321123629808426
1,1,0.7080432176589966
0,0,4.466092650545761e-05
0,0,0.002380707999691367
1,1,0.9999831914901733
0,0,0.11789590865373611
1,1,0.9998466968536377
0,1,0.9231598973274231
1,1,0.8969182968139648
0,0,0.00022471739794127643
1,1,0.9898764491081238
1,1,0.7892286777496338
0,0,2.820329063979443e-05
1,1,0.9328698515892029
0,0,0.0007326080813072622
1,1,0.9973787069320679
0,0,0.32832932472229004
0,0,0.0007467605173587799
0,0,0.03796509653329849
0,0,0.06063897907733917
1,1,0.9592441320419312
0,0,0.0014301463961601257
0,0,0.008385087363421917
0,0,5.336905815056525e-07
0,0,0.0003264709375798702
1,1,0.9994481205940247
1,1,0.7589821219444275
0,0,0.08582144975662231
0,0,0.0014766325475648046
0,0,0.018325794488191605
0,0,3.854437090922147e-05
1,1,0.9956823587417603
0,0,3.997843305114657e-05
0,1,0.7554918527603149
0,1,0.709862232208252
1,1,0.9995943903923035
0,0,0.003237223019823432
0,0,0.0008042464614845812
0,0,0.01818067766726017
1,1,0.9366142153739929
0,0,7.094014290487394e-05
1,1,0.9997456669807434
0,0,0.00022755027748644352
0,1,0.7020914554595947
0,0,0.007917034439742565
1,1,0.9954797029495239
1,1,0.9904806017875671
1,1,0.9988007545471191
0,0,0.008727994747459888
1,1,0.9996774196624756
1,1,0.9931127429008484
0,0,2.8060378099326044e-05
0,0,1.0737891898315866e-05
0,0,0.32975631952285767
0,0,0.012964075431227684
0,0,0.3130335509777069
1,1,0.9999816417694092
1,1,0.9991982579231262
1,1,0.8539115190505981
0,0,0.30451837182044983
1,1,0.9920585751533508
1,1,0.9508888125419617
1,1,0.9979535341262817
0,0,0.0006653759628534317
0,0,0.03067295253276825
0,1,0.808558464050293
0,0,0.02024996094405651
1,1,0.9801204800605774
0,0,0.1830226629972458
0,0,0.4600653052330017
1,1,0.9985259175300598
1,1,0.9982643723487854
0,1,0.9881861209869385
0,0,4.660830381908454e-05
1,1,0.9848781228065491
0,0,0.020818287506699562
0,0,0.0008007895085029304
1,1,0.9996386766433716
0,0,0.029681451618671417
1,1,0.9999905824661255
1,1,0.9435677528381348
1,1,0.9979323148727417
0,0,0.0012259901268407702
0,0,0.0011852787574753165
1,1,0.9942593574523926
0,0,0.0005080359405837953
0,0,0.028110943734645844
0,0,0.00012998966849409044
0,0,0.004549466539174318
1,1,0.9189146161079407
1,1,0.9959813356399536
0,0,0.2514238953590393
1,1,0.9885900616645813
0,0,0.0006788684404455125
1,1,0.8207533955574036
0,0,0.004507684614509344
0,0,0.0027655698359012604
0,0,7.104344695108011e-05
1,1,0.6465364098548889
1,1,0.9905941486358643
1,1,0.9994003772735596
1,1,0.9867777824401855
1,1,0.8386178612709045
1,1,0.8742313981056213
1,1,0.9999444484710693
1,1,0.9996598958969116
0,1,0.6452916264533997
1,1,0.9953332543373108
0,0,0.024857962504029274
0,0,0.0013602795079350471
0,0,0.2734026312828064
0,1,0.9244469404220581
1,0,0.47529393434524536
1,1,0.9999366998672485
1,1,0.9086410999298096
0,1,0.9308666586875916
1,1,0.9993089437484741
1,1,0.9971358776092529
1,1,0.9980850219726562
0,0,0.0001224729639943689
1,1,0.9999880790710449
1,1,0.9990027546882629
1,1,0.9710625410079956
1,1,0.9996165037155151
1,1,0.9995623230934143
1,1,0.9257594347000122
0,0,7.81848793849349e-05
0,0,8.32976948004216e-05
0,0,0.00011138659465359524
0,0,0.008509745821356773
1,1,0.9963525533676147
1,1,0.999864935874939
1,1,0.8334905505180359
0,1,0.5788303017616272
1,1,0.8864834904670715
1,1,0.9996054768562317
1,1,0.9999284744262695
0,0,0.05842912569642067
1,1,0.9994834661483765
1,1,0.992380678653717
0,0,0.3506240248680115
0,0,4.953423922415823e-05
1,1,0.9992581009864807
0,0,0.06334653496742249
1,1,0.6231791973114014
0,0,0.001477767713367939
0,0,0.02310439571738243
0,0,0.00028117356123402715
0,0,6.589335680473596e-05
0,0,0.0035202018916606903
1,1,0.9999572038650513
0,0,0.14805108308792114
1,1,0.9999803304672241
1,1,0.933793842792511
0,0,0.4646915793418884
1,1,0.9914149641990662
1,1,0.999792754650116
1,1,0.9895358681678772
1,1,0.9998630285263062
1,1,0.9032676815986633
0,0,8.90297960722819e-05
0,0,4.787205034517683e-05
0,1,0.6907215118408203
0,0,0.005003958009183407
1,1,0.9095577001571655
1,1,0.9986839890480042
1,1,0.99843829870224
0,0,0.0064004031009972095
1,1,0.8627082109451294
0,0,0.0004538478096947074
1,1,0.9999918937683105
0,0,0.0006661374354735017
0,0,0.00032443678355775774
1,1,0.9975925087928772
0,1,0.8930745124816895
0,0,8.201257151085883e-05
0,0,3.056439527426846e-05
1,1,0.9997790455818176
0,0,0.05449025332927704
0,1,0.5113803148269653
1,1,0.9653921127319336
1,0,0.26385143399238586
0,0,0.002137764822691679
0,0,0.0013990673469379544
1,1,0.9999083280563354
0,0,0.014834115281701088
1,1,0.9996538162231445
0,0,0.05773762986063957
0,0,0.005285909865051508
0,0,0.03158523887395859
0,0,0.0172140933573246
1,1,0.9989078044891357
1,1,0.9998922348022461
1,1,0.9015935063362122
0,0,0.04682362824678421
0,0,7.466472743544728e-05
0,1,0.5065211057662964
0,0,0.0010309391655027866
0,0,0.006008979398757219
0,0,2.738213697739411e-05
0,0,2.8583614039234817e-05
0,0,0.00029730156529694796
0,0,0.00034371705260127783
1,1,0.9747476577758789
1,1,0.9997642636299133
1,1,0.9999761581420898
1,1,0.9999960660934448
1,1,0.9999933242797852
0,0,0.0034484744537621737
0,0,1.8330372768105008e-05
1,1,0.9602076411247253
0,0,0.02341056801378727
0,0,0.014091873541474342
0,0,3.54864005203126e-06
1,1,0.9992963075637817
1,1,0.9998881816864014
0,0,0.00039485524757765234
1,1,0.9992077946662903
0,0,1.1571940206067666e-07
0,1,0.9617833495140076
0,0,0.07922448217868805
1,0,0.32381007075309753
1,1,0.9314404129981995
1,1,0.99998939037323
1,1,0.9988872408866882
1,1,0.9487132430076599
1,1,0.9784163236618042
0,0,0.0008680946775712073
0,0,0.0004305406764615327
0,0,0.0015127079095691442
0,0,0.005879186559468508
1,1,0.999502420425415
0,0,6.682140565317241e-07
0,0,0.00229008705355227
0,0,0.023216094821691513
0,0,0.00023347820388153195
0,0,0.03193017467856407
0,0,0.004442554898560047
0,0,0.00013754285464528948
0,0,0.0026053788606077433
0,0,2.5726587409735657e-05
1,1,0.9992994070053101
0,0,0.12593035399913788
0,0,0.0003388884651940316
0,0,0.00262271030806005
0,0,3.568605097825639e-05
0,0,0.25996965169906616
0,0,3.363134601386264e-05
1,1,0.8590792417526245
1,1,0.9998087286949158
0,0,0.018198270350694656
1,1,0.9910694360733032
0,0,1.7371075955452397e-05
0,0,0.002087227301672101
0,0,0.44359952211380005
1,1,0.999810516834259
1,1,0.9927587509155273
0,0,2.198541915277019e-05
0,0,2.2512400391860865e-05
0,0,2.3528627934865654e-07
0,1,0.6511486768722534
0,0,0.00045168722863309085
0,1,0.7653690576553345
1,1,0.9603869915008545
0,0,0.0003859563439618796
1,1,0.9166720509529114
1,1,0.903856098651886
1,1,0.9760931730270386
0,0,0.0001224981970153749
0,0,2.8938417017343454e-05
1,1,0.9445222616195679
0,0,0.4860121011734009
1,1,0.981298565864563
1,1,0.8613786101341248
1,1,0.9237666130065918
1,1,0.9247187376022339
1,1,0.9965655207633972
0,1,0.542897641658783
0,0,0.00884732510894537
0,0,0.19734731316566467
0,0,0.46722978353500366
0,0,0.0005095014348626137
1,1,0.9999043941497803
1,1,0.9976625442504883
0,0,0.06296753883361816
0,0,0.05350417643785477
0,0,0.14842933416366577
1,1,0.9593591690063477
0,0,0.03618529066443443
0,0,6.77316784276627e-05
1,1,0.9953579306602478
0,0,0.0018335694912821054
1,1,0.9531639218330383
0,0,0.001235629548318684
0,0,0.00011586573964450508
0,0,0.22504141926765442
1,0,0.13947811722755432
1,1,0.9999828338623047
1,1,0.8464013338088989
0,0,2.1273968741297722e-05
0,0,0.24534274637699127
1,1,0.9998670816421509
1,1,0.8916642665863037
1,1,0.9994755387306213
0,0,0.0034647437278181314
0,0,0.0001408689859090373
1,1,0.9985091090202332
1,1,0.926205575466156
1,1,0.9997848868370056
0,0,7.853163879190106e-06
1,1,0.9999607801437378
0,0,0.010556348599493504
1,1,0.9992247819900513
0,0,1.411776366921913e-07
0,0,0.1584121733903885
1,1,0.9835032224655151
0,0,0.00180175865534693
0,0,0.0055174496956169605
0,0,0.0007470743730664253
0,0,0.0015898009296506643
1,1,0.9383949637413025
0,0,0.19713953137397766
0,0,0.043917737901210785
0,0,0.041656266897916794
0,0,0.17903278768062592
0,0,0.10340691357851028
1,1,0.9832803010940552
1,1,0.9925717711448669
1,1,0.9993294477462769
0,1,0.6191629767417908
0,0,0.14501240849494934
0,0,0.002959579462185502
1,1,0.9995027780532837
0,0,0.0004958711797371507
1,1,0.9999978542327881
0,1,0.9627376198768616
0,0,0.0001189843169413507
0,0,0.004910657182335854
1,1,0.9984251260757446
0,0,2.8054972062818706e-05
0,0,9.329926979262382e-05
1,1,0.9999775886535645
1,1,0.9999250173568726
0,0,0.14251598715782166
1,1,0.9415008425712585
1,1,0.837629497051239
1,1,0.9999648332595825
0,0,0.008654419332742691
0,0,0.19097739458084106
1,1,0.9967639446258545
0,1,0.5604729056358337
0,0,0.017191430553793907
0,1,0.6384574174880981
1,1,0.8623277544975281
0,0,0.00015069394430611283
0,0,0.1543397754430771
0,0,0.07340625673532486
0,0,0.0126862907782197
0,0,8.005143172340468e-06
1,1,0.9996170997619629
0,0,0.014251255430281162
0,0,0.0027140325400978327
0,0,0.0012459097197279334
0,0,0.0037509226240217686
0,0,0.04506160691380501
0,0,8.811021689325571e-05
1,1,0.97849041223526
0,0,0.009907138533890247
1,1,0.9944964051246643
1,1,0.997637152671814
0,0,0.39481818675994873
1,1,0.9894728064537048
1,1,0.9990918636322021
0,0,0.059348974376916885
1,1,0.9996649026870728
1,1,0.9889500737190247
0,0,0.09113334119319916
1,1,0.9995905756950378
1,1,0.9996874332427979
0,0,0.0951407253742218
0,0,0.0012742024846374989
0,0,0.0010959352366626263
0,0,8.108407200779766e-05
0,0,0.06482822448015213
1,1,0.7579555511474609
1,1,0.9975218176841736
1,1,0.9979222416877747
0,0,0.059222135692834854
0,0,2.006390059250407e-05
1,1,0.9987596273422241
1,1,0.6417479515075684
0,0,0.002692273585125804
1,1,0.9886210560798645
1,1,0.9986754059791565
1,1,0.8933422565460205
0,0,0.48111480474472046
1,1,0.9999778270721436
1,1,0.978145956993103
1,1,0.7888152003288269
1,1,0.9999939203262329
0,0,0.0031474942807108164
0,0,9.073678666027263e-05
0,0,2.0937162844347768e-05
1,1,0.9543096423149109
1,1,0.9999721050262451
0,0,0.021278269588947296
0,0,0.0004948812420479953
0,0,0.0012465323088690639
0,0,0.0018292980967089534
0,0,0.00048339777276851237
0,0,8.489353604090866e-06
0,0,1.4648380783910397e-06
0,0,7.6089295362180565e-06
1,1,0.9963757395744324
0,0,0.00015262854867614806
1,1,0.8176403641700745
1,0,0.006152927875518799
0,0,0.04247010871767998
0,0,0.05578978359699249
0,0,0.15587419271469116
0,0,0.0014642737805843353
0,0,0.11163956671953201
0,1,0.9161320328712463
1,1,0.9557608962059021
0,0,0.0016031434061005712
0,0,0.00993088074028492
0,0,0.005196628160774708
1,1,0.8925949335098267
1,1,0.999972939491272
0,0,0.0002597796556074172
1,1,0.9732168912887573
1,1,0.9736785888671875
1,1,0.9994924068450928
0,0,0.01824328303337097
1,1,0.7343460321426392
1,1,0.9835988283157349
0,0,0.00044188558240421116
1,1,0.9949344992637634
1,1,0.9667433500289917
0,0,0.015948312357068062
0,0,0.1918947994709015
0,0,0.00046579723129980266
0,0,0.011903367005288601
0,0,2.1667601686203852e-05
0,0,0.1354394108057022
1,1,0.999998927116394
0,0,5.963743660686305e-06
1,1,0.986876368522644
1,1,0.9975111484527588
1,1,0.7161145806312561
0,0,0.0006206020480021834
0,0,2.7928092549700523e-06
0,0,0.00014761844067834318
0,0,0.007587664294987917
1,1,0.7029094696044922
0,0,0.0001533527101855725
0,0,2.4175145881599747e-05
0,0,0.001945185475051403
0,0,0.009457140229642391
1,1,0.8432852625846863
0,0,0.007008695509284735
0,0,0.02860911190509796
0,0,6.707322881993605e-06
1,1,0.9696090817451477
1,1,0.9990397095680237
0,0,0.0004613938508555293
0,0,7.064559758873656e-05
1,1,0.9996402263641357
0,0,0.012265191413462162
0,0,0.0325966440141201
1,0,0.38832351565361023
1,1,0.9681848287582397
0,0,0.0001926645782077685
0,0,0.0009342287667095661
0,0,0.0019626962020993233
1,1,0.989872932434082
0,0,0.09391675144433975
0,1,0.9986742734909058
1,1,0.9875857830047607
0,0,0.0006345843430608511
1,1,0.9994801878929138
1,1,0.9971349239349365
0,0,0.061897773295640945
0,0,0.04700262472033501
0,0,0.01294334139674902
0,0,0.007280153688043356
0,0,0.00022377067944034934
1,1,0.9973998069763184
1,1,0.9954557418823242
1,1,0.9996967315673828
0,0,1.5846309906919487e-05
0,0,0.023496676236391068
1,1,0.9999994039535522
1,1,0.9817311763763428
0,0,0.016255538910627365
0,0,0.0005732204299420118
0,0,0.00564058730378747
0,0,0.0012838451657444239
0,0,0.03074396774172783
1,1,0.9965606331825256
1,1,0.9296275973320007
0,1,0.5851715803146362
1,1,0.9907221794128418
1,0,0.3644311726093292
0,0,0.011150656268000603
0,0,0.02994428761303425
1,1,0.9552830457687378
0,0,0.07269670069217682
0,0,0.000783455150667578
0,0,0.00044970278395339847
1,1,0.9444075226783752
0,0,0.0769851952791214
1,0,0.029178988188505173
0,0,0.027939705178141594
0,0,1.3881437553209253e-05
0,0,0.008332030847668648
0,0,0.006528580095618963
1,1,0.96872878074646
0,0,0.47640642523765564
1,0,0.27791568636894226
1,1,0.9999643564224243
1,1,0.8331842422485352
0,0,6.134933209978044e-05
0,0,0.06384935975074768
1,0,0.001953886356204748
1,1,0.9999172687530518
1,1,0.8193132877349854
1,1,0.9993143081665039
0,0,0.06360799074172974
0,0,0.007534985896199942
0,0,0.00882761087268591
0,0,6.729998858645558e-05
0,0,0.003676300635561347
0,0,0.017516005784273148
1,1,0.9189227819442749
0,0,0.0279463529586792
0,1,0.681538999080658
0,0,0.01915520615875721
0,0,0.0010803666664287448
1,1,0.9864153265953064
1,1,0.8860183954238892
0,0,0.059022802859544754
1,1,0.7021189332008362
1,1,0.9469352960586548
0,0,0.019597211852669716
0,0,0.00842374935746193
1,1,0.997715950012207
1,1,0.8807497024536133
0,0,0.005125554744154215
0,0,0.0008520169067196548
0,0,0.05436207354068756
1,1,0.9988481998443604
1,1,0.9992586970329285
1,1,0.9963545799255371
1,1,0.9898790121078491
0,0,1.3221083463577088e-05
1,1,0.9292610883712769
0,0,0.0062780422158539295
0,0,0.0005133310914970934
1,1,0.9904705286026001
0,0,0.001218488672748208
0,0,0.004167767707258463
1,0,0.0831969752907753
0,0,0.4849075675010681
1,0,0.22574488818645477
1,1,0.9466508030891418
1,1,0.9999665021896362
0,0,0.01742437668144703
1,1,0.999531626701355
0,0,1.0762908459582832e-05
0,0,0.0007902017096057534
1,1,0.9868605732917786
0,0,0.0025325887836515903
0,0,0.025725839659571648
1,1,0.9994582533836365
0,0,0.00020962688722647727
0,0,4.822767004952766e-05
0,0,8.145952392624167e-07
1,1,0.9997701048851013
0,0,9.433581908524502e-06
0,0,0.004685781430453062
1,1,0.9989084005355835
0,0,0.0001991800672840327
0,0,5.5168952712847386e-06
1,1,0.9996028542518616
1,1,0.9999711513519287
0,0,0.00011193718091817573
0,0,0.006505705416202545
0,0,0.00788307748734951
0,0,0.17433027923107147
1,1,0.9493982791900635
0,0,0.4029614329338074
1,1,0.9983862638473511
1,1,0.9999402761459351
0,0,0.0005486910231411457
1,1,0.9999977350234985
0,0,0.0005364231183193624
0,0,0.26427480578422546
0,0,0.06744560599327087
0,0,4.497068584896624e-05
0,0,0.002058299956843257
1,1,0.9999892711639404
1,1,0.9281888604164124
0,0,0.25030145049095154
0,0,0.00019504713418427855
0,0,3.803445724770427e-05
1,1,0.9024608135223389
1,1,0.9995940327644348
0,1,0.9806860685348511
0,0,0.0006140387267805636
0,0,0.11901206523180008
1,1,0.9964983463287354
0,0,0.0007581294630654156
0,0,0.006444875150918961
1,1,0.9987830519676208
1,1,0.9999592304229736
0,1,0.9730727076530457
0,0,0.0008013914921320975
0,0,0.004614630714058876
1,1,0.9570847153663635
1,0,0.14528091251850128
1,1,0.9999791383743286
1,1,0.9967551827430725
1,1,0.999987006187439
1,0,0.24165339767932892
0,0,0.000609248352702707
1,1,0.9999885559082031
1,1,0.9999840259552002
1,1,0.9972910284996033
0,0,3.557368472684175e-05
0,0,3.6143450415693223e-05
0,0,0.0006426735781133175
0,0,0.04282195121049881
0,0,0.0001928424899233505
0,0,0.051512621343135834
0,0,0.12670952081680298
0,0,0.0019163404358550906
0,0,0.44260063767433167
0,0,0.0003568394749891013
0,0,0.2553708851337433
1,1,0.9995878338813782
0,0,0.0012567770900204778
0,1,0.8850740790367126
0,0,0.000930538575630635
1,1,0.9999090433120728
0,0,0.1990315467119217
0,0,7.3491046350682154e-06
0,0,0.0038443440571427345
0,0,0.008522839285433292
0,0,8.726498890609946e-06
0,0,0.17062793672084808
0,0,0.0032130812760442495
0,0,0.055732883512973785
0,0,0.1625235378742218
0,0,0.03931433707475662
1,1,0.998961329460144
0,0,0.001851175562478602
1,1,0.984228253364563
0,0,7.699668640270829e-05
0,0,0.05832350254058838
0,0,0.46818044781684875
1,1,0.9900355935096741
0,1,0.6978638768196106
0,0,0.011462397873401642
1,1,0.9840589761734009
1,1,0.8149591684341431
0,0,0.002689535031095147
0,0,0.04165368154644966
0,0,0.0035464020911604166
0,0,0.00015080708544701338
0,0,0.09019364416599274
0,0,0.13383467495441437
1,1,0.9977529644966125
0,0,0.005648452788591385
0,0,0.004626892972737551
0,0,1.631001055102388e-06
1,1,0.9999592304229736
0,0,0.006733447778970003
1,1,0.9997015595436096
1,1,0.9991341233253479
0,0,0.014164113439619541
0,0,6.525758635689272e-06
0,0,0.0001254234666703269
0,1,0.8758215308189392
0,0,0.015858327969908714
0,1,0.6333428025245667
1,1,0.9996718168258667
0,0,0.06070374697446823
0,0,0.00019415815768297762
0,0,0.0363309346139431
0,0,0.0536554716527462
1,1,0.9878687262535095
0,0,4.337401333032176e-05
1,1,0.9403253793716431
0,1,0.5163695812225342
1,1,0.9723713994026184
1,1,0.9939168095588684
1,1,0.7109848260879517
1,1,0.5378959774971008
1,1,0.9996153116226196
0,0,0.015558430925011635
1,1,0.9917431473731995
1,1,0.998907208442688
0,0,0.00010730053327279165
1,1,0.9999752044677734
1,0,0.303912878036499
0,0,0.0003445043694227934
1,1,0.9719491004943848
0,0,0.01974630169570446
0,0,5.7568022384657525e-06
1,1,0.9981445074081421
1,1,0.9705207943916321
0,0,0.006159661337733269
1,1,0.9999804496765137
1,1,0.9930394291877747
1,1,0.999927282333374
0,0,0.03382658213376999
0,0,0.0005200771265663207
1,1,0.9733675122261047
1,1,0.9994921684265137
0,0,0.00032757397275418043
1,1,0.9523330926895142
1,1,0.9988815188407898
1,1,0.9701721668243408
1,1,0.9997307658195496
0,0,0.01912579871714115
1,1,0.9997128844261169
1,1,0.9633870720863342
1,1,0.9594705700874329
1,1,0.99981290102005
1,1,0.9291768074035645
1,0,0.45893341302871704
1,1,0.9997430443763733
0,0,0.0030154811684042215
1,1,0.9451063275337219
0,0,0.00046187371481209993
0,0,0.0004771374224219471
1,1,0.5059200525283813
1,1,0.9722083210945129
0,0,0.030494771897792816
0,0,8.679048187332228e-05
1,1,0.9459407329559326
0,0,0.004030170850455761
1,1,0.9995052814483643
0,0,0.008295787498354912
1,1,0.9824031591415405
0,0,3.7943209463264793e-07
0,0,0.21795883774757385
0,0,0.0019435680005699396
1,1,0.9603903293609619
0,0,0.08088373392820358
0,0,0.0007034175214357674
1,1,0.9996547698974609
1,1,0.9999961853027344
1,1,0.9999829530715942
0,0,0.0006296244682744145
0,0,0.0021764629054814577
0,0,0.21584993600845337
0,0,0.12233390659093857
0,0,0.00013207245501689613
1,1,0.9761921167373657
0,0,0.042799342423677444
0,0,0.06648299098014832
0,1,0.579124927520752
0,0,0.00143240496981889
0,0,0.0015775985084474087
1,1,0.9800335764884949
1,1,0.9997884631156921
0,0,0.03697856515645981
0,0,0.0017624424071982503
0,1,0.6408773064613342
0,0,0.0003492697433102876
1,1,0.9282462000846863
0,0,0.0021124903578311205
0,1,0.7580518126487732
1,1,0.9689217805862427
0,0,0.00015243177767843008
0,0,0.003941275179386139
0,0,2.712692912609782e-05
0,0,0.00010761347220977768
0,1,0.9645543694496155
1,1,0.9986574649810791
0,0,1.2398411854519509e-05
0,0,0.053332775831222534
0,0,0.11032567173242569
0,0,0.04140131175518036
0,0,8.227255420933943e-06
0,0,8.778602023085114e-06
0,0,0.00010557303176028654
0,0,0.0003951415710616857
0,0,0.010533816181123257
0,1,0.9290841817855835
0,0,0.0600622296333313
0,0,0.16391226649284363
0,1,0.7790803909301758
0,0,0.004441055469214916
1,1,0.9887604713439941
0,0,0.0008449116139672697
0,0,0.011555747129023075
0,0,2.4397766537731513e-05
1,1,0.9995312690734863
0,0,0.0024202149361371994
1,1,0.9915313720703125
1,1,0.9990610480308533
1,1,0.9926359057426453
1,1,0.9999039173126221
0,0,0.003524423111230135
0,0,0.0035033621825277805
0,0,0.01065781433135271
1,1,0.9985185265541077
1,1,0.9942224621772766
1,1,0.9564065933227539
0,1,0.5695441961288452
1,1,0.9996826648712158
0,0,0.07729589939117432
0,0,0.040409982204437256
0,0,0.0008695770520716906
0,0,0.15158893167972565
1,1,0.9999728202819824
1,1,0.7632445693016052
1,1,0.8801743984222412
0,0,2.157342322561817e-07
0,0,0.068467877805233
0,0,2.566723560448736e-05
0,0,0.00023623106244485825
1,1,0.9940822720527649
0,0,0.0009156133746728301
1,1,0.9999085664749146
1,1,0.9977937936782837
0,0,0.0045006838627159595
1,0,0.32981571555137634
0,0,0.061772726476192474
0,0,0.015194856561720371
0,0,0.004381779581308365
0,0,0.007224978879094124
0,0,0.11941763013601303
1,1,0.999945878982544
1,1,0.993767499923706
0,0,0.007573817390948534
1,1,0.9940294027328491
0,0,0.18362252414226532
1,1,0.9998819828033447
0,0,0.0029345203656703234
0,0,0.0046340953558683395
0,0,0.00011676447320496663
0,0,0.0044488017447292805
1,0,0.20769758522510529
0,1,0.5960586667060852
0,0,0.00010469841072335839
1,1,0.8068578839302063
0,0,0.06249050796031952
1,1,0.6533032655715942
0,0,0.17286096513271332
0,0,2.5030088224298197e-08
0,0,1.6003859855118208e-05
1,0,0.29694706201553345
0,0,0.0010492481524124742
0,1,0.818440318107605
1,1,0.9999831914901733
1,1,0.9939826130867004
0,0,0.04179883375763893
1,1,0.999929666519165
1,1,0.8097380995750427
1,1,0.9745165109634399
0,0,3.1202627724269405e-05
1,1,0.9645105600357056
1,1,0.9966427087783813
1,1,0.9825059175491333
1,1,0.9997630715370178
0,0,0.004173124674707651
1,1,0.9999465942382812
1,1,0.9999216794967651
0,0,0.004062000662088394
1,1,0.9690077304840088
0,0,0.00033971265656873584
0,0,0.0012513417750597
0,1,0.5691872835159302
0,0,0.00044928290299139917
1,1,0.9998020529747009
0,0,8.306607014674228e-06
1,1,0.99916672706604
1,1,0.9999895095825195
0,0,2.3459948351955973e-05
1,1,0.9999732971191406
0,0,9.25061249290593e-05
0,0,0.00011604343308135867
0,0,0.000191468745470047
1,1,0.9916403293609619
1,1,0.9989156723022461
1,1,0.8997341394424438
1,1,0.9092531800270081
0,0,0.4344960153102875
1,1,0.877397894859314
1,1,0.9998561143875122
1,1,0.9836909174919128
1,1,0.9916321635246277
1,1,0.9986814856529236
0,0,0.25035277009010315
1,1,0.9863909482955933
1,1,0.9003683924674988
1,1,0.9771066308021545
1,1,0.9618011116981506
1,1,0.9997708201408386
0,1,0.8033698201179504
1,1,0.6785647869110107
1,1,0.9999145269393921
0,0,9.882207814371213e-05
1,1,0.700153648853302
1,1,0.9467482566833496
0,0,0.003713413141667843
0,0,6.233755266293883e-05
0,0,0.05052798241376877
0,0,0.29784953594207764
0,0,0.0007773481775075197
0,0,0.013493070378899574
1,1,0.9903020262718201
1,1,0.999915599822998
0,0,0.0028216533828526735
0,1,0.8514589071273804
1,1,0.9953826069831848
0,0,2.0278575902921148e-05
1,1,0.9999247789382935
1,1,0.9757580757141113
1,1,0.9731972217559814
1,1,0.9529915452003479
1,1,0.998353123664856
1,1,0.9978286623954773
0,0,0.0011921323603019118
1,1,0.995364785194397
0,0,0.062460076063871384
1,0,0.4658229649066925
1,1,0.9999617338180542
1,1,0.9996351003646851
1,1,0.9525253772735596
0,0,0.040101535618305206
1,1,0.9995608925819397
1,1,0.9992167949676514
1,1,0.9999830722808838
1,1,0.9531661868095398
1,1,0.9773381948471069
0,0,0.0007048300467431545
1,1,0.9998875856399536
0,0,0.007049845531582832
0,0,0.026586364954710007
1,1,0.9949794411659241
0,0,0.036479368805885315
1,1,0.9983193278312683
0,0,0.016422754153609276
1,1,0.9998747110366821
1,1,0.9888203740119934
0,0,0.00028405312332324684
0,0,7.172963523771614e-05
1,1,0.9999945163726807
1,1,0.9587281942367554
0,0,0.005997685249894857
1,1,0.999817430973053
0,0,0.03816362842917442
1,1,0.9995514750480652
1,1,0.9999985694885254
1,1,0.9992901086807251
1,1,0.8947719931602478
1,1,0.9999938011169434
0,0,0.0005688995006494224
0,0,5.8363157222629525e-06
1,1,0.9996213912963867
1,1,0.988851010799408
1,1,0.9999675750732422
1,1,0.9734165668487549
1,1,0.9991037249565125
1,1,0.9999744892120361
1,1,0.9922473430633545
1,1,0.9997245669364929
0,0,0.00010698974074330181
1,0,0.27118241786956787
1,1,0.6854652762413025
0,0,0.017632970586419106
1,1,0.9823030829429626
1,1,0.9999551773071289
1,1,0.9996744394302368
0,0,0.012388178147375584
1,1,0.9670175313949585
1,1,0.8147509098052979
0,0,0.3437991738319397
1,1,0.9921903014183044
0,0,1.710009769340104e-06
0,0,0.03329731523990631
1,1,0.9573624730110168
1,1,0.9989018440246582
1,1,0.999983549118042
0,0,0.021968694403767586
0,0,0.046870023012161255
1,0,0.2581239342689514
0,0,2.842167532435269e-06
1,1,0.9996577501296997
0,0,8.919054380385205e-06
0,0,0.008732669986784458
1,1,0.9999986886978149
1,1,0.9993434548377991
0,0,0.09663209319114685
1,1,0.9996176958084106
1,1,0.9862878322601318
1,1,0.9995438456535339
1,1,0.9999454021453857
0,0,0.005039827898144722
1,1,0.9752976298332214
1,0,0.3157515525817871
0,0,0.20301002264022827
1,0,0.0025339405983686447
1,1,0.99736088514328
0,0,0.1053699478507042
0,0,0.0005745553062297404
0,0,0.279549241065979
1,1,0.9997566342353821
1,1,0.9879087805747986
0,0,0.13455794751644135
1,1,0.9994029998779297
1,1,0.9996947050094604
0,0,0.002609492279589176
1,1,0.9994576573371887
0,1,0.675900399684906
0,0,0.0710819885134697
0,0,2.2320475181913935e-05
0,1,0.9734917879104614
0,1,0.9822561740875244
1,1,0.7243039608001709
0,0,0.0020447340793907642
1,1,0.9993026256561279
1,1,0.9473185539245605
1,1,0.9990953207015991
1,0,0.29196083545684814
0,0,0.00628413213416934
0,1,0.7717753648757935
0,0,0.00679147569462657
0,0,0.001519150915555656
0,0,0.004041571170091629
1,1,0.9854211211204529
0,0,0.02439696341753006
0,0,0.0001919330097734928
1,1,0.9998865127563477
0,0,0.0007268133340403438
0,0,0.1849897801876068
1,1,0.9196966886520386
0,0,0.12967489659786224
1,1,0.7751948833465576
0,0,0.025481944903731346
0,0,0.004241349641233683
0,0,0.00031810716609470546
0,0,0.19540342688560486
0,0,0.0023911884054541588
0,0,0.011579932644963264
1,0,0.400137722492218
1,1,0.9867762923240662
0,0,0.010892665944993496
0,0,0.00020344056247267872
0,0,1.8002581782639027e-05
0,0,0.0015972447581589222
1,1,0.9647142291069031
0,0,3.1342108286480652e-06
1,1,0.9167713522911072
1,1,0.8264505863189697
1,0,0.35104355216026306
0,0,0.023227738216519356
0,0,0.028213823214173317
0,0,0.009440578520298004
0,0,0.039504457265138626
0,0,0.0003744090208783746
0,0,0.2827039957046509
0,0,0.009590433910489082
0,0,0.0004420389304868877
0,0,0.07061845064163208
0,0,4.198779060970992e-05
1,1,0.9155442118644714
0,1,0.9688447713851929
1,1,0.8958311676979065
1,0,0.12098240107297897
0,0,0.0002691797271836549
0,0,0.02432672679424286
1,1,0.9524887800216675
0,0,0.019861476495862007
0,0,0.004464949481189251
1,1,0.9999576807022095
0,0,0.06258435547351837
0,0,0.018366122618317604
0,0,0.006525911390781403
1,1,0.9993370175361633
1,1,0.999970555305481
0,0,0.002652558498084545
1,1,0.9997281432151794
0,0,0.008294731378555298
0,0,0.00026910865562967956
1,1,0.9998451471328735
0,0,0.0149086257442832
1,1,0.9999024868011475
1,1,0.9646437764167786
0,0,0.028004761785268784
0,0,0.0003600979398470372
0,0,0.0003416913968976587
1,1,0.9933276176452637
1,1,0.9350488185882568
1,1,0.9952353835105896
1,1,0.999997615814209
1,1,0.9917091727256775
0,0,0.007363580632954836
1,1,0.9999004602432251
0,0,0.00016195265925489366
0,0,0.0005050373147241771
0,0,0.06178191304206848
1,1,0.9854167103767395
1,1,0.6796576380729675
0,0,0.13517488539218903
0,0,0.07977061718702316
0,0,0.00020812942238990217
0,0,0.0006952824769541621
1,1,0.8318300247192383
1,1,0.9909915924072266
0,0,0.00026966523728333414
0,0,0.019228404387831688
1,1,0.9838661551475525
1,1,0.9889096617698669
0,0,0.014148841612040997
0,0,0.0008251557010225952
0,0,0.006136954762041569
1,1,0.9853442311286926
1,1,0.980566143989563
0,0,5.221028550295159e-05
1,1,0.9038771390914917
0,1,0.7627193927764893
1,1,0.9968462586402893
0,0,0.0013065104139968753
0,0,0.0316459983587265
1,1,0.9722188711166382
1,1,0.9814323782920837
0,0,1.558798771839065e-06
1,1,0.6243451833724976
1,1,0.9996930360794067
1,1,0.993990957736969
1,1,0.9832637906074524
0,0,0.003245776752009988
1,1,0.9692299962043762
0,0,0.000925712869502604
0,0,0.0026621432043612003
0,0,0.001138005405664444
1,1,0.9135125875473022
1,1,0.9977071285247803
0,0,0.0045489352196455
1,1,0.9987742304801941
1,1,0.7100846171379089
1,1,0.9990707039833069
0,0,0.10731041431427002
1,1,0.9996949434280396
0,0,2.408948785159737e-05
0,1,0.6728695631027222
0,0,0.00018842463032342494
0,0,0.0008369818679057062
0,0,0.0006452579982578754
1,0,0.07995852082967758
1,1,0.9987401366233826
1,1,0.8630357980728149
0,0,0.008685000240802765
0,0,0.025489306077361107
0,0,0.2346367985010147
0,0,0.010729745030403137
1,1,0.9841732978820801
1,1,0.9429305195808411
0,0,3.6061475839233026e-05
1,1,0.9986139535903931
0,0,0.00026916537899523973
0,0,0.23424160480499268
0,0,0.042219165712594986
0,0,0.004251456819474697
0,0,0.0007519570644944906
0,1,0.7747881412506104
0,0,0.3968353867530823
0,1,0.588761031627655
0,0,3.936630309908651e-05
0,0,5.31747627974255e-06
1,1,0.9994145631790161
1,1,0.9988366961479187
1,1,0.9982795715332031
0,0,0.026057587936520576
0,0,2.0999732441850938e-05
0,0,0.06732115894556046
0,0,0.006638945546001196
0,0,5.185159170650877e-05
0,0,0.36674052476882935
0,0,3.245156040065922e-05
0,0,0.00022148121206555516
1,1,0.9992774128913879
1,1,0.9907800555229187
0,1,0.8890973925590515
0,0,2.2560563593287952e-05
1,1,0.9951713681221008
0,0,6.2919843912823126e-06
1,1,0.9873006939888
0,0,0.03254545480012894
0,0,0.004070274531841278
0,0,0.00015678265481255949
0,0,0.007413055747747421
1,1,0.9525154232978821
0,0,0.028182633221149445
1,1,0.9999122619628906
0,0,0.04240504652261734
0,0,1.885517849586904e-05
0,0,0.0009335553040727973
1,1,0.9999735355377197
1,1,0.9995567202568054
1,1,0.9985367059707642
1,1,0.9969502091407776
0,0,0.0006249010912142694
1,1,0.999091386795044
1,1,0.9997811913490295
1,1,0.9999399185180664
1,1,0.9997848868370056
0,0,0.00017368682892993093
1,0,0.16453328728675842
1,1,0.9999665021896362
0,0,0.009571104310452938
0,0,0.0019905620720237494
0,0,0.001035677152685821
0,0,0.13251858949661255
0,0,0.002618905156850815
0,0,0.3245333433151245
0,0,0.003087275195866823
0,0,3.832789298030548e-05
1,1,0.9953005313873291
0,0,0.0006510019884444773
1,1,0.9966681599617004
0,0,0.0007423132774420083
0,0,0.006123901344835758
1,1,0.998906135559082
1,1,0.9960148334503174
1,1,0.9993570446968079
1,1,0.8929471373558044
1,1,0.9994989633560181
1,1,0.9976569414138794
0,1,0.9900611639022827
0,0,0.0010456154122948647
0,0,3.570368426153436e-05
1,1,0.9105814695358276
1,1,0.9996187686920166
1,1,0.5760626792907715
0,0,2.7761859655583976e-06
0,0,0.017483148723840714
0,0,0.027004890143871307
0,0,0.001851513865403831
1,1,0.999997615814209
1,1,0.9984183311462402
0,0,0.0008661505416966975
0,0,0.00014906516298651695
0,0,0.0012953447876498103
0,0,0.00024345581186935306
0,0,0.11405224353075027
1,1,0.5052473545074463
0,0,0.06103905290365219
1,1,0.999744713306427
1,1,0.9924665093421936
0,0,0.0005488021415658295
1,1,0.9998862743377686
1,1,0.9866748452186584
1,1,0.9300397634506226
0,0,0.060076646506786346
0,0,0.00023751158732920885
1,1,0.999985933303833
0,0,0.00017746587400324643
0,0,5.016347859054804e-05
0,0,0.0004887491813860834
1,1,0.9947373270988464
1,1,0.9993324875831604
1,1,0.9991758465766907
1,1,0.9033915996551514
1,1,0.9765040278434753
0,0,0.014100123196840286
0,0,0.00018792621267493814
0,0,0.008113844320178032
1,1,0.9992589354515076
0,1,0.9915428161621094
0,0,0.00020535591465886682
1,1,0.995918333530426
1,1,0.9964171648025513
0,0,0.0015268073184415698
1,1,0.9993353486061096
1,1,0.9999421834945679
0,0,0.012442309409379959
0,0,0.0037667108699679375
1,1,0.9971502423286438
0,0,0.0001754962286213413
1,0,0.07115756720304489
0,0,0.22110572457313538
1,0,0.17494991421699524
1,1,0.9997565150260925
1,1,0.9993982315063477
1,1,0.9999406337738037
0,0,3.9674214349361137e-05
1,1,0.9997337460517883
0,0,1.9503217117744498e-05
1,1,0.9995168447494507
1,1,0.7849239706993103
0,0,0.000869788636919111
1,1,0.9976752400398254
0,0,3.51750168192666e-05
0,0,0.08931297063827515
1,1,0.9981622099876404
0,0,0.06818854808807373
0,0,0.017970526590943336
0,1,0.8403270244598389
1,1,0.9998619556427002
0,1,0.5946402549743652
0,0,0.04237828403711319
1,1,0.9999922513961792
1,1,0.9964893460273743
0,0,0.2776526212692261
1,1,0.972505509853363
1,1,0.9990494847297668
0,0,7.092789746820927e-05
0,1,0.9088278412818909
0,0,4.6197914343792945e-05
1,1,0.9918007254600525
0,0,0.14898714423179626
1,1,0.9383386969566345
1,1,0.9963898062705994
0,0,4.690575588028878e-05
1,1,0.9914332628250122
1,1,0.9876476526260376
1,1,0.9975584745407104
1,1,0.996396005153656
0,0,0.14675912261009216
0,0,1.471314226364484e-05
0,0,0.0006434960523620248
1,1,0.9999535083770752
0,0,0.06518557667732239
1,1,0.999769389629364
1,1,0.9983019828796387
1,1,0.9997966885566711
1,1,0.856151819229126
0,0,0.02634955570101738
1,1,0.9695817232131958
1,1,0.9982307553291321
0,1,0.9596655964851379
1,1,0.8786997199058533
1,1,0.9995765089988708
0,1,0.9632901549339294
1,1,0.9995848536491394
1,1,0.9996938705444336
1,1,0.9928545355796814
1,1,0.9998698234558105
1,1,0.8342089056968689
1,1,0.9992079138755798
0,0,0.000241149784415029
0,0,0.18549194931983948
0,0,0.0013460494810715318
1,1,0.9752574563026428
0,0,3.874536923831329e-05
0,0,0.00012988981325179338
1,1,0.999672532081604
1,1,0.9984844326972961
1,1,0.9622339010238647
1,0,0.3705599308013916
1,1,0.5188313126564026
0,0,0.00022128256387077272
1,1,0.9443351030349731
0,0,0.0015035606920719147
1,1,0.7951958179473877
1,1,0.9999425411224365
1,1,0.9891440272331238
1,1,0.9967700242996216
1,1,0.9987240433692932
1,1,0.9999005794525146
1,1,0.9840154647827148
0,0,0.03683660924434662
0,0,0.0502287857234478
1,1,0.9999287128448486
0,0,9.889369721349794e-06
0,0,0.0024472647346556187
0,0,0.3961273431777954
1,1,0.999972939491272
1,1,0.9994832277297974
1,1,0.9844282865524292
1,1,0.9999979734420776
0,1,0.6188704371452332
1,1,0.9389916658401489
0,0,0.01426697801798582
0,0,0.002449821447953582
1,1,0.9992519021034241
0,1,0.5805286765098572
0,0,4.8411435273010284e-05
0,0,0.0046353996731340885
1,1,0.9516856074333191
0,0,1.884473931568209e-06
1,1,0.6094099879264832
0,0,0.012931667268276215
1,1,0.9954627156257629
0,0,0.012292996980249882
1,1,0.999776303768158
0,0,4.512826126301661e-05
0,0,1.9200193491997197e-05
1,1,0.9995452761650085
1,1,0.9511739015579224
1,1,0.9419680833816528
0,0,0.001787304412573576
0,0,0.0001948289282154292
1,1,0.8839091658592224
0,0,0.02351154386997223
1,0,0.014607143588364124
0,0,0.0001159636813099496
0,0,0.004124475177377462
0,0,0.014352726750075817
1,1,0.8530562520027161
0,0,0.04856067895889282
0,0,0.03053358942270279
1,1,0.994105339050293
0,0,2.846415100066224e-06
0,0,0.0015606031520292163
0,0,0.014420908875763416
0,0,6.257131462916732e-05
0,1,0.5021471381187439
0,1,0.8813114762306213
1,0,0.32027778029441833
1,1,0.8847365975379944
0,0,0.00011579383863136172
0,0,0.0028587733395397663
0,0,0.21273298561573029
0,0,0.0036038991529494524
1,1,0.996996283531189
0,0,0.27237144112586975
0,0,0.002692447742447257
1,1,0.9989833235740662
0,0,0.0006456840201281011
0,0,0.004187752492725849
0,0,0.09365765750408173
0,0,0.0002507938479539007
1,1,0.9997715353965759
1,1,0.8627700805664062
0,1,0.9335252046585083
0,0,7.160621407820145e-06
0,0,0.0919012576341629
1,1,0.8480075001716614
1,1,0.9977123737335205
1,1,0.9998737573623657
1,1,0.9934205412864685
0,0,0.29845574498176575
1,1,0.9801897406578064
1,1,0.8572884798049927
1,1,0.9999816417694092
1,1,0.8999010920524597
1,1,0.9999079704284668
1,1,0.9253847599029541
1,1,0.9993014335632324
1,1,0.9972501397132874
0,1,0.5668572783470154
0,0,0.001562757883220911
1,1,0.9979161620140076
1,1,0.9994717240333557
1,1,0.9999756813049316
0,0,0.3551598787307739
1,1,0.9999396800994873
0,0,0.0031241357792168856
1,1,0.9971223473548889
1,1,0.9727339744567871
1,1,0.9933823347091675
1,1,0.997722327709198
1,1,0.9833120107650757
1,1,0.9545003175735474
0,1,0.7990288734436035
0,0,9.445541218155995e-05
1,1,0.9994574189186096
1,1,0.9998082518577576
0,0,0.004429950844496489
0,0,0.029196085408329964
0,0,0.0007676518871448934
0,0,0.0032740638125687838
1,1,0.5891295075416565
1,1,0.940085768699646
1,1,0.9999825954437256
1,1,0.9995936751365662
0,1,0.7088794708251953
0,0,0.0008639498264528811
1,1,0.9997453093528748
1,1,0.9976240992546082
0,0,0.02483959123492241
0,1,0.6244683265686035
0,0,0.07880852371454239
1,1,0.9994188547134399
0,0,1.2121015515731415e-06
0,0,0.18693195283412933
0,0,0.003201147308573127
0,0,2.6402471121400595e-05
0,0,0.002939969766885042
1,1,0.9789830446243286
1,1,0.5534802675247192
0,0,0.013786200433969498
0,0,0.27184316515922546
0,1,0.7301890850067139
1,1,0.5666431784629822
1,1,0.9646458029747009
1,1,0.9916325211524963
0,1,0.7240299582481384
0,0,0.008268363773822784
0,1,0.8219097852706909
0,1,0.6046369075775146
0,0,0.08232276141643524
1,1,0.9726340770721436
0,0,4.692493348557036e-06
0,0,0.00018405340961180627
1,1,0.5667888522148132
1,1,0.9984891414642334
1,1,0.9999386072158813
1,1,0.9966642260551453
0,1,0.6260141730308533
1,1,0.9999990463256836
0,1,0.8991513252258301
0,0,0.0070615545846521854
0,0,0.001317290822044015
1,1,0.9999958276748657
1,1,0.999104917049408
1,1,0.9988114833831787
1,1,0.9434459209442139
0,0,0.00011684734636219218
0,0,0.00978631991893053
1,1,0.9997411370277405
1,1,0.9206004738807678
0,0,0.0007311872905120254
1,1,0.9983837604522705
1,1,0.937383234500885
1,1,0.9999710321426392
0,0,0.45317959785461426
1,1,0.9999972581863403
1,0,0.10752560198307037
1,1,0.9998906850814819
1,1,0.9984492063522339
0,0,5.487107046064921e-06
0,0,5.0929324970638845e-06
0,0,7.389442907879129e-05
1,1,0.9516894817352295
1,1,0.9988873600959778
0,0,0.0013244729489088058
1,1,0.9814148545265198
1,1,0.9918308854103088
0,0,0.0006530993850901723
1,1,0.5051722526550293
1,1,0.9943959712982178
1,1,0.9694733023643494
1,1,0.7368148565292358
0,0,0.08441941440105438
0,0,0.17759999632835388
0,0,0.0013266595778986812
1,1,0.9659082293510437
1,1,0.9998782873153687
0,0,0.0024838948156684637
1,1,0.8407751321792603
0,0,0.0004334785626269877
1,1,0.9403789639472961
0,0,0.25465846061706543
0,0,0.011278705671429634
1,1,0.9559907913208008
0,0,0.016076385974884033
1,1,0.9999938011169434
1,0,0.008341665379703045
1,0,0.15677452087402344
1,1,0.999963641166687
0,0,0.0781932920217514
0,1,0.7099432349205017
0,0,0.12671728432178497
0,1,0.9125553965568542
1,1,0.9998229146003723
0,0,0.001073037856258452
1,1,0.9666926860809326
0,0,0.1842576116323471
1,1,0.9725865721702576
1,0,0.41959148645401
0,0,0.2883078455924988
0,0,0.000239975459408015
0,0,0.03287150710821152
1,1,0.9999966621398926
1,1,0.9999774694442749
1,1,0.9968909621238708
1,1,0.9791429042816162
1,1,0.999995231628418
1,1,0.9999936819076538
1,1,0.9950748085975647
1,1,0.9810190796852112
1,1,0.999854564666748
1,1,0.999945878982544
1,1,0.9998674392700195
0,0,0.0036685748491436243
0,0,0.036344368010759354
0,0,0.009055541828274727
1,1,0.9992814660072327
0,0,0.018882041797041893
1,1,0.9999978542327881
1,1,0.9991527795791626
1,1,0.9919257760047913
1,1,0.9995825886726379
0,0,5.892386980121955e-05
0,0,0.0005170341464690864
0,0,0.022580774500966072
0,0,0.002600236563012004
0,0,1.4946056126063922e-06
0,0,0.30436599254608154
0,0,0.00509075541049242
0,0,0.04310142993927002
0,0,0.0008697191369719803
0,0,0.4121549725532532
0,0,0.0009728154400363564
1,1,0.9966637492179871
1,1,0.9949853420257568
0,1,0.7800725102424622
0,0,0.003581542754545808
0,0,3.553689384716563e-05
0,0,0.07364249974489212
1,1,0.7576282620429993
0,0,0.15171818435192108
0,0,0.00025746726896613836
1,1,0.9029996991157532
0,0,0.00029897005879320204
0,0,0.0020661442540585995
0,0,9.164759831037372e-05
1,1,0.9993762373924255
1,1,0.9982660412788391
0,0,0.09989659488201141
1,1,0.9989408850669861
1,1,0.9997573494911194
0,0,0.03402233123779297
0,0,6.998770004429389e-06
1,1,0.9277883768081665
1,1,0.9999972581863403
1,1,0.9991356730461121
1,1,0.9875791668891907
1,1,0.9948678016662598
0,0,0.18064172565937042
1,1,0.9998103976249695
1,1,0.9999332427978516
1,1,0.9995761513710022
1,1,0.811227560043335
1,1,0.999394416809082
1,1,0.9977377653121948
1,1,0.9745694994926453
1,1,0.998370349407196
0,0,0.0001276646798942238
1,1,0.9171362519264221
0,0,0.0031980599742382765
1,1,0.9953678846359253
0,0,0.43930020928382874
1,1,0.9966182112693787
0,0,0.00044682741281576455
0,0,0.00837466586381197
0,0,1.070151847670786e-05
0,0,0.010242326185107231
1,1,0.9524800777435303
1,1,0.9547027349472046
0,0,0.00038454492460004985
0,0,0.02169526182115078
1,1,0.999226450920105
1,1,0.999985933303833
0,0,0.05727280676364899
0,0,0.004334765020757914
0,0,0.14823676645755768
0,0,0.003827522275969386
1,1,0.9999923706054688
1,0,0.030426448211073875
1,1,0.9727728962898254
1,1,0.9999085664749146
1,1,0.9997274279594421
1,1,0.9544363617897034
1,1,0.9990237951278687
1,1,0.999508261680603
1,1,0.6577404141426086
1,1,0.9999856948852539
1,1,0.9759440422058105
1,1,0.9902545809745789
1,1,0.5463182330131531
1,1,0.9991003274917603
0,0,0.0003430707729421556
1,1,0.9918648600578308
1,1,0.9998701810836792
1,1,0.9939860105514526
1,1,0.9954466223716736
1,1,0.9482144117355347
1,1,0.9878144264221191
0,0,1.930827238538768e-05
1,1,0.9994033575057983
1,1,0.9917439818382263
0,0,0.010199475102126598
1,1,0.9996480941772461
1,1,0.9995655417442322
0,0,1.1559025551832747e-05
0,0,0.0228577833622694
1,1,0.9631850719451904
0,0,0.2584497332572937
0,1,0.6973894834518433
1,1,0.9997736811637878
1,1,0.9998531341552734
1,1,0.9999363422393799
1,1,0.9999994039535522
1,1,0.8468945026397705
1,1,0.9996520280838013
1,1,0.9948098659515381
1,1,0.9903644919395447
0,0,0.2874429225921631
1,1,0.9999489784240723
1,1,0.9366812109947205
1,1,0.9991376399993896
1,0,0.0026592134963721037
0,0,0.00020875886548310518
1,1,0.9999905824661255
1,1,0.9632296562194824
0,0,0.02848542295396328
0,0,0.013342575170099735
1,1,0.9031837582588196
1,1,0.9999926090240479
1,1,0.9993308782577515
1,1,0.997635006904602
1,1,0.8382388353347778
0,0,0.00020385259995236993
1,1,0.9870802760124207
0,0,1.653987624194997e-06
1,1,0.9999229907989502
1,1,0.7302364110946655
1,1,0.9997655749320984
1,1,0.9942481517791748
1,1,0.8430859446525574
1,1,0.9757712483406067
0,0,0.2361358255147934
1,1,0.9529753923416138
1,1,0.9996592998504639
1,1,0.9971773624420166
1,1,0.9940791130065918
1,1,0.9998579025268555
1,1,0.9998544454574585
1,1,0.9966986775398254
1,1,0.9996325969696045
0,0,0.047590725123882294
1,1,0.9995142221450806
1,1,0.9998754262924194
0,0,0.0016228511231020093
0,0,0.49265187978744507
0,0,0.013245300389826298
1,1,0.9851853847503662
1,1,0.9950626492500305
0,0,0.08421654254198074
1,1,0.940032422542572
1,1,0.9677446484565735
0,0,9.74002318798739e-07
0,0,0.00010155067866435274
1,1,0.9999352693557739
0,0,0.0009571675909683108
0,0,0.00015458092093467712
1,1,0.9515618681907654
1,1,0.9991457462310791
1,1,0.9986244440078735
0,0,0.44397640228271484
0,1,0.9175463914871216
0,0,0.00027857275563292205
1,1,0.9929869771003723
0,0,0.11068104207515717
0,0,7.22702534403652e-05
1,1,0.9999542236328125
0,0,4.055298268212937e-05
0,0,4.6481459321512375e-06
1,1,0.9998648166656494
0,0,1.6628584489808418e-05
1,1,0.9996297359466553
0,0,0.00028963902150280774
0,0,0.018900176510214806
0,0,0.0027057647239416838
0,1,0.7220506072044373
0,0,0.0020115766674280167
0,0,0.001379060442559421
0,0,0.4333136975765228
1,1,0.9385614395141602
0,0,7.044411904644221e-05
1,1,0.9999918937683105
1,1,0.9998109936714172
1,1,0.9950186014175415
0,0,0.1467795968055725
0,0,5.4424090194515884e-05
1,1,0.9413154721260071
0,0,0.35618504881858826
0,0,0.02820618823170662
1,1,0.9836538434028625
1,1,0.9982617497444153
0,0,0.14825040102005005
0,0,0.0003970079415012151
1,1,0.9997809529304504
1,1,0.9752798080444336
0,0,1.5840825653867796e-05
0,0,1.2529326340882108e-05
0,0,0.05056536942720413
0,0,3.7257723306538537e-06
0,0,0.20995627343654633
0,0,0.04980288818478584
1,1,0.9989795088768005
0,0,0.07561968266963959
1,1,0.9972748160362244
0,0,4.798201553057879e-05
0,0,0.0005545316962525249
1,1,0.9955126643180847
1,1,0.9998708963394165
0,0,0.005486916750669479
0,0,0.00013065163511782885
0,0,0.0011486815055832267
0,0,0.0003029927611351013
0,0,0.004135558381676674
0,0,0.036431945860385895
1,1,0.9919722080230713
0,0,0.0002142300218110904
0,0,0.013055691495537758
1,1,0.943210244178772
0,0,7.976103370310739e-05
1,1,0.99623703956604
0,0,0.06536437571048737
0,0,0.015017420053482056
1,1,0.9997584223747253
1,1,0.9862041473388672
0,0,0.00023721129400655627
0,0,0.034238070249557495
1,1,0.9999960660934448
1,1,0.9997324347496033
0,0,2.2176545826368965e-06
1,1,0.9998487234115601
0,0,0.0014842996606603265
1,1,0.9997517466545105
1,1,0.9977526068687439
0,0,0.39549198746681213
0,0,0.3290533423423767
0,0,0.27653560042381287
0,0,2.1384776118793525e-06
1,1,0.9996459484100342
1,1,0.8568670153617859
1,1,0.9957872033119202
1,1,0.5219274163246155
1,1,0.9867172241210938
1,1,0.9993581175804138
1,1,0.9985979199409485
1,1,0.9882497787475586
1,1,0.9993220567703247
0,0,0.00029876374173909426
1,1,0.9999933242797852
1,1,0.9975040555000305
1,1,0.9712732434272766
0,0,0.003721333807334304
0,1,0.6424626111984253
1,1,0.9991211295127869
0,0,0.002422880381345749
0,0,0.01929321326315403
0,0,0.0002049164177151397
0,0,0.12008851021528244
1,1,0.9999381303787231
1,1,0.995744526386261
1,1,0.9999011754989624
1,1,0.9999428987503052
1,1,0.8772974014282227
1,1,0.9992412328720093
0,0,3.004229802172631e-05
0,0,0.021016674116253853
1,1,0.9235522150993347
1,1,0.9995309114456177
1,1,0.9970393180847168
0,0,0.039076805114746094
0,0,0.020234251394867897
0,0,0.02161937765777111
0,0,0.009028991684317589
1,1,0.8493177890777588
1,1,0.9999428987503052
1,1,0.9969496130943298
1,1,0.9996659755706787
0,1,0.9459361433982849
1,1,0.9884787201881409
0,0,0.08559655398130417
0,0,0.012529908679425716
0,0,0.07198408991098404
0,0,0.002167067024856806
1,1,0.9998425245285034
1,1,0.9892784953117371
0,0,0.013568587601184845
0,0,8.1730104284361e-05
1,1,0.983946681022644
0,1,0.5475381016731262
0,0,7.616397488163784e-05
0,0,0.02141120284795761
0,0,0.23348882794380188
0,0,0.003931031562387943
0,0,0.00015416347014252096
0,0,0.446973592042923
0,0,0.004764311946928501
1,1,0.9999305009841919
0,0,0.0011088959872722626
0,0,0.008161133155226707
0,0,0.0016683500725775957
1,1,0.9816039800643921
1,1,0.9898350834846497
0,1,0.7319249510765076
0,0,5.2801358833676204e-05
0,0,3.880141957779415e-05
1,0,0.4628988206386566
1,1,0.710307776927948
0,0,0.00010334671969758347
1,1,0.9999176263809204
1,1,0.9996627569198608
1,1,0.9998546838760376
1,1,0.9990139007568359
1,1,0.9980050921440125
0,0,0.10692022740840912
0,0,0.01218688115477562
0,1,0.8679887056350708
0,0,8.726908708922565e-05
1,1,0.9999467134475708
1,1,0.9998675584793091
1,1,0.9971016049385071
1,1,0.9995712637901306
0,0,4.095882104593329e-05
0,0,0.002727858256548643
1,1,0.9991268515586853
1,1,0.9997329115867615
0,0,0.0011381247313693166
1,0,0.011624815873801708
1,1,0.9999649524688721
0,0,0.0002522793074604124
1,1,0.9998846054077148
1,1,0.9849453568458557
0,0,0.1993790715932846
0,0,0.23431645333766937
1,0,0.342252641916275
0,0,3.279080192442052e-05
0,0,1.2394699297146872e-05
1,0,0.1994115710258484
1,1,0.99732506275177
1,1,0.9890494346618652
0,0,8.8196960859932e-05
0,0,0.18961434066295624
1,1,0.9897584915161133
0,0,0.007615107111632824
1,1,0.9967482089996338
1,1,0.9997888207435608
0,0,9.841506835073233e-05
0,1,0.8777505159378052
0,0,0.013417109847068787
0,0,0.01860186643898487
1,1,0.9999899864196777
1,1,0.9999430179595947
0,0,0.005634917411953211
1,1,0.9999488592147827
1,1,0.9999805688858032
0,0,0.00019692422938533127
0,0,0.04791272059082985
0,0,0.01693136617541313
1,0,0.19785284996032715
1,1,0.9862504005432129
0,0,0.00025946207460947335
1,1,0.9891695380210876
1,1,0.9938951134681702
1,1,0.812970757484436
0,0,0.034350667148828506
0,0,0.010853084735572338
0,0,0.013450685888528824
1,1,0.9993929862976074
1,1,0.998310923576355
1,1,0.979957103729248
1,0,0.013887757435441017
0,0,0.001157577964477241
0,0,0.1609831601381302
0,0,0.005535151343792677
0,0,0.0012538520386442542
0,0,0.30491209030151367
1,1,0.9992652535438538
1,1,0.9914796352386475
1,1,0.9991355538368225
0,0,0.002683446276932955
0,0,0.0004868126125074923
0,0,0.034633293747901917
0,0,0.0038177547976374626
0,1,0.5615501403808594
1,1,0.9976330995559692
1,1,0.9993122816085815
1,1,0.9914495348930359
1,1,0.9989582300186157
1,1,0.9974740147590637
1,1,0.5027010440826416
1,1,0.9986538887023926
1,1,0.9790250658988953
1,1,0.9927307963371277
0,0,0.0012680019717663527
0,0,0.0018272409215569496
0,0,0.24544554948806763
0,0,5.6664226576685905e-05
0,1,0.7751560211181641
0,0,0.09330102801322937
0,0,0.20862218737602234
0,0,7.560374069726095e-05
0,0,2.1161524273338728e-05
0,0,0.01200707908719778
1,1,0.9996063113212585
0,0,0.002070681657642126
0,0,0.00021616159938275814
0,0,0.001115481718443334
1,1,0.965542733669281
1,1,0.9999732971191406
0,0,3.879943051288137e-06
1,1,0.9696226716041565
0,0,0.028874678537249565
0,0,0.002694087103009224
0,0,8.12743655842496e-06
1,1,0.990646243095398
0,0,0.04432414472103119
1,1,0.9819115400314331
1,1,0.9853777885437012
1,1,0.9991863369941711
1,1,0.9999964237213135
0,0,0.0009656118927523494
0,1,0.7724444270133972
0,1,0.5213472843170166
0,0,0.0007646675803698599
0,0,0.008310746401548386
1,1,0.9862224459648132
1,1,0.9998883008956909
1,1,0.9999974966049194
1,1,0.9987990856170654
0,0,1.1728931895049755e-05
1,1,0.9992746710777283
1,1,0.9995372295379639
0,0,0.000539454398676753
0,0,0.002285235095769167
1,1,0.9995383024215698
1,1,0.9941640496253967
1,1,0.9999945163726807
1,1,0.9995681643486023
1,1,0.999569833278656
0,0,6.74565089866519e-05
0,0,0.08087311685085297
1,1,0.9994252920150757
1,1,0.9976131916046143
0,0,0.02577873133122921
0,0,0.000377970514819026
0,0,0.10415629297494888
0,0,0.03028043545782566
0,0,0.0003855435352306813
0,0,0.00017035349446814507
1,1,0.9849224090576172
0,0,1.909468846861273e-05
1,1,0.9995061159133911
1,1,0.9999716281890869
1,1,0.9592976570129395
1,1,0.9999911785125732
1,0,0.0027758688665926456
0,0,0.09736282378435135
0,0,0.028054704889655113
0,0,0.002358451019972563
0,0,0.004323472268879414
1,1,0.9943353533744812
1,1,0.9996979236602783
0,0,0.022913193330168724
0,0,0.00025507109239697456
1,1,0.9999399185180664
0,0,2.8861633836640976e-05
1,1,0.9999982118606567
0,0,0.01806505210697651
0,0,1.2359655556792859e-05
1,1,0.9949354529380798
1,1,0.9687657952308655
0,0,0.00013825844507664442
1,1,0.9922327995300293
1,1,0.8755596876144409
1,1,0.9960544109344482
0,0,0.0013155800988897681
0,0,0.0013471319107338786
1,1,0.9399567246437073
1,1,0.999234676361084
0,0,0.00018247583648189902
1,1,0.9089586138725281
1,1,0.9991395473480225
1,1,0.5176217555999756
1,1,0.9999185800552368
1,1,0.9983896017074585
0,0,0.09722646325826645
0,0,0.00010258548718411475
0,1,0.8255926966667175
0,0,0.006345987319946289
0,0,0.005238458514213562
0,0,0.004276910796761513
1,1,0.9999481439590454
1,1,0.9999681711196899
1,1,0.9628094434738159
1,1,0.9976202845573425
1,1,0.9930992126464844
1,1,0.999832034111023
0,0,0.00019834375416394323
0,0,0.000391413108445704
0,0,0.00014081806875765324
1,1,0.9968180656433105
0,0,0.0003383499861229211
0,0,0.016321329399943352
0,0,0.058410972356796265
1,1,0.9987910389900208
1,1,0.9995939135551453
1,1,0.99922776222229
1,1,0.9926164746284485
0,0,0.0008728260872885585
1,1,0.9755727648735046
1,1,0.9831404089927673
1,1,0.999969482421875
1,1,0.9994726777076721
0,0,0.0008941295091062784
0,0,0.42064031958580017
1,1,0.981765627861023
0,0,0.036755990236997604
0,0,0.0020197173580527306
0,0,0.002073010429739952
0,0,0.18601424992084503
0,0,0.4337399899959564
0,0,0.005311726126819849
0,0,0.001119068474508822
1,1,0.6257943511009216
0,0,0.01060117781162262
0,1,0.5172056555747986
0,0,0.003735559992492199
0,0,0.017491379752755165
0,0,0.0007304890314117074
0,0,0.08668116480112076
0,0,0.02319551445543766
1,1,0.9986542463302612
0,0,0.012705559842288494
0,0,0.018249109387397766
0,0,0.0007103027310222387
1,1,0.9059431552886963
0,0,0.00026817023172043264
1,1,0.9996366500854492
1,1,0.984928548336029
1,1,0.7649439573287964
0,0,0.0045839594677090645
1,1,0.966206431388855
1,1,0.8964548707008362
0,1,0.6904928088188171
0,1,0.8739314079284668
1,1,0.9880886673927307
0,0,0.005608453880995512
1,1,0.8499220013618469
0,0,0.24209703505039215
0,0,0.005835250951349735
0,0,0.005810737609863281
0,0,0.013656821101903915
0,0,0.00015119453018996865
0,0,0.00011751140118576586
1,1,0.9923876523971558
0,1,0.9670434594154358
0,0,0.00018216170428786427
0,0,0.1776677668094635
1,1,0.8810184001922607
1,1,0.9998973608016968
0,0,0.12551091611385345
0,0,0.01927448995411396
1,1,0.9802151918411255
1,1,0.9897419214248657
0,0,1.1012723177827866e-07
1,1,0.9996650218963623
0,0,0.0004728884669020772
1,1,0.9993149042129517
0,0,1.1912916306755506e-05
0,0,0.017599763348698616
0,0,0.14095237851142883
0,0,3.0886990316503216e-06
1,1,0.9728168249130249
1,1,0.9962186217308044
1,1,0.9998055100440979
1,1,0.9992879033088684
1,1,0.9683542847633362
1,1,0.9976728558540344
0,0,0.0023846342228353024
0,0,0.0023698052391409874
0,0,0.0009338069939985871
0,0,0.03033609874546528
1,1,0.976166844367981
1,1,0.9977076053619385
1,1,0.9765344858169556
1,1,0.9967740178108215
0,0,0.22246254980564117
0,0,0.05068892240524292
0,0,1.4893956176820211e-05
1,1,0.9997881054878235
1,1,0.9987006187438965
0,0,0.2891300320625305
0,0,0.0010873848805204034
0,0,0.004837929271161556
1,1,0.9903427362442017
0,1,0.5037413835525513
1,1,0.9344403147697449
1,1,0.9968909621238708
1,1,0.956986665725708
0,0,0.2777268886566162
1,1,0.9999572038650513
0,1,0.7495789527893066
1,1,0.9965561628341675
1,1,0.9936531782150269
0,0,0.0006597887841053307
1,1,0.9850195646286011
1,1,0.9966806769371033
0,0,0.001982244197279215
0,0,0.0003762739652302116
0,0,4.2697643948486075e-05
1,1,0.932896614074707
0,0,0.00028857728466391563
1,1,0.9999988079071045
1,1,0.9999996423721313
0,0,1.834780505305389e-06
1,1,0.9988250136375427
1,1,0.990086019039154
0,0,0.0023146141320466995
0,0,0.0005660215974785388
0,0,0.013369707390666008
1,1,0.9994997978210449
0,0,0.0006482413155026734
0,0,9.308179187428323e-07
1,0,0.0012386799789965153
1,0,0.4597961902618408
0,0,2.4689756173756905e-05
0,0,0.009322740137577057
0,0,0.001323316595517099
1,1,0.915188729763031
1,1,0.8140273690223694
0,0,0.1173848956823349
0,0,0.0003688866854645312
0,0,2.1483820091816597e-05
0,0,0.0011391459265723825
1,1,0.705834150314331
0,0,0.02229386195540428
0,0,0.0026442145463079214
0,0,0.005578190088272095
0,0,0.4635967016220093
0,0,0.0007063284865580499
0,0,0.00032656994881108403
0,0,0.027229061350226402
0,0,0.03239463269710541
0,0,0.0009638858027756214
0,0,0.0026270546950399876
0,0,0.1386633962392807
0,0,0.00019453451386652887
0,0,0.006050131283700466
0,0,0.21891090273857117
0,0,0.1318163424730301
0,0,0.3709315359592438
1,1,0.9606251120567322
0,0,2.3968199457158335e-05
0,0,0.008487546816468239
0,0,0.012214913964271545
0,0,0.017025906592607498
0,0,0.009006011299788952
0,0,0.00025670178001746535
0,0,0.002915198216214776
1,1,0.9999687671661377
0,0,0.006826605647802353
0,0,0.0037703036796301603
0,0,0.0008203646866604686
1,1,0.9988846182823181
0,0,1.4729037900451658e-07
1,1,0.8921785354614258
0,0,0.19136682152748108
0,0,0.0027389300521463156
0,0,5.0029170779453125e-06
0,0,0.00017679485608823597
1,1,0.9998884201049805
1,1,0.835841715335846
1,1,0.9922391176223755
1,1,0.9999125003814697
0,0,0.08573618531227112
0,0,8.140400495904032e-07
0,0,0.00034846385824494064
1,1,0.9991263747215271
1,1,0.9966301321983337
1,1,0.9967725872993469
0,0,0.0002599233703222126
0,0,4.6592173021053895e-05
1,1,0.9999613761901855
1,1,0.9989939332008362
1,1,0.9943658113479614
1,1,0.9999830722808838
1,1,0.9974932670593262
1,1,0.999512791633606
1,1,0.9999867677688599
1,1,0.9999455213546753
1,1,0.9992677569389343
0,0,0.0002505765878595412
1,1,0.9999061822891235
1,1,0.6278834939002991
1,1,0.9991593360900879
1,1,0.9956390857696533
1,1,0.9983429908752441
1,1,1.0
1,1,0.9996703863143921
1,1,0.9983931183815002
1,1,0.9999892711639404
1,1,0.9996339082717896
1,0,0.17445388436317444
1,1,0.9922865629196167
1,1,0.9630441665649414
1,1,0.9999086856842041
1,1,0.9997879862785339
1,1,0.9997444748878479
1,1,0.9997872710227966
1,1,0.7705538272857666
1,1,0.9201062917709351
1,1,0.9999301433563232
1,1,0.9999948740005493
1,1,0.9987456798553467
1,1,0.9478350877761841
1,1,0.9983218312263489
1,1,0.9999816417694092
1,1,0.9618648290634155
1,1,0.9492520689964294
1,1,0.9994654059410095
1,1,0.5306845903396606
1,1,0.9991801381111145
0,0,5.552931543206796e-05
1,1,0.9985954165458679
1,0,0.029315078631043434
0,0,2.3782564312568866e-05
0,0,9.363493882119656e-05
1,1,0.995027482509613
0,0,2.560587199695874e-05
0,0,0.002619439270347357
0,0,0.08233807235956192
0,1,0.6731057167053223
1,1,0.9924221634864807
1,1,0.7601619362831116
1,1,0.9988143444061279
1,1,0.9994906187057495
0,0,1.5215921848721337e-05
1,1,0.9993651509284973
1,1,0.9966272711753845
1,1,0.9991239905357361
1,1,0.9686352610588074
1,1,0.9995344877243042
0,0,4.509010977926664e-05
1,1,0.8134765028953552
0,0,0.0014940745895728469
1,1,0.9999736547470093
1,1,0.9867587685585022
0,0,0.1600949466228485
1,1,0.9430831074714661
1,1,0.9990600943565369
1,1,0.9966566562652588
1,1,0.9997631907463074
1,1,0.9990009665489197
0,0,0.00033781529054977
1,1,0.7447242140769958
0,0,0.009562483057379723
0,0,0.03455651178956032
1,1,0.9998728036880493
0,0,0.017404288053512573
0,0,9.310369023296516e-06
0,0,0.06435550004243851
1,1,0.9973896145820618
1,1,0.9991191029548645
0,0,0.3716023564338684
0,0,0.003406365867704153
1,1,0.988838791847229
1,1,0.9999639987945557
0,1,0.6252235174179077
0,0,0.0002183255273848772
1,0,0.428737074136734
0,0,0.023232173174619675
0,0,0.028430920094251633
0,0,0.0017123634461313486
1,1,0.9987202882766724
1,1,0.9969105124473572
0,0,1.7807097947297734e-06
1,1,0.9999727010726929
1,1,0.9999723434448242
0,0,0.0005118886474519968
0,0,0.0001937991619342938
1,1,0.9931337833404541
0,0,0.005997548811137676
0,0,0.03256288915872574
1,1,0.9996966123580933
0,0,0.24629740417003632
1,1,0.9236111044883728
1,1,0.9839597344398499
1,1,0.9996304512023926
1,1,0.9997122883796692
0,0,0.03711750730872154
0,0,7.737910891592037e-06
0,0,0.0035027663689106703
1,1,0.9997647404670715
0,0,0.04818888008594513
0,0,0.00013592274626716971
0,0,5.943310270595248e-07
0,0,0.040317609906196594
0,0,0.007463062182068825
1,1,0.949491560459137
0,0,0.005021057091653347
1,1,0.9762231111526489
0,0,1.8289774743607268e-05
0,0,4.56238558399491e-05
1,1,0.998955488204956
1,1,0.9896016716957092
0,0,1.3510932149074506e-05
0,0,0.05368401110172272
0,0,0.14403390884399414
1,1,0.9999083280563354
1,1,0.9997261166572571
0,0,0.005130395758897066
1,1,0.9995290040969849
1,1,0.9995433688163757
1,1,0.9999874830245972
0,0,7.180136890383437e-06
1,1,0.9394403696060181
0,0,0.0022525384556502104
1,1,0.9998372793197632
1,1,0.9501093029975891
0,0,0.03470759838819504
1,1,0.9969696402549744
0,1,0.6489661931991577
1,1,0.9988214373588562
1,1,0.8821079134941101
0,0,0.06001220643520355
1,1,0.9999954700469971
0,0,0.025191228836774826
1,1,0.999998927116394
1,1,0.9907192587852478
0,0,0.011385337449610233
0,0,0.008035426028072834
0,1,0.5663902163505554
0,0,0.0005669367965310812
0,0,0.012443979270756245
0,0,0.016183866187930107
0,0,0.08645074814558029
1,1,0.9809284806251526
0,0,6.8108297455182765e-06
0,0,0.0005093637737445533
1,1,0.8469359874725342
0,0,0.3716181814670563
0,0,0.10704100877046585
1,1,0.977695882320404
0,0,0.0009733902988955379
0,0,0.030522575601935387
0,1,0.5120484828948975
1,1,0.9306549429893494
1,1,0.9727091789245605
0,0,3.6267989344196394e-05
0,0,0.014856187626719475
1,1,0.9999876022338867
1,1,0.8662989735603333
1,1,0.9946691393852234
1,1,0.9993802309036255
1,1,0.9999973773956299
0,0,0.006444557569921017
0,0,0.0011945980368182063
1,1,0.8613904714584351
1,1,0.998140811920166
1,1,0.923603355884552
1,1,0.9940090179443359
0,0,0.005686572752892971
1,1,0.9937999844551086
1,1,0.9944815635681152
0,0,0.09473253041505814
1,1,0.9999651908874512
1,1,0.978959858417511
1,1,0.9925299286842346
1,1,0.9999802112579346
1,1,0.9951310157775879
1,1,0.9994280934333801
1,1,0.8819234371185303
1,1,0.9996641874313354
1,1,0.9933497309684753
1,1,0.8992493748664856
1,1,0.9963415265083313
1,1,0.999980092048645
1,1,0.750695526599884
0,0,0.01347011886537075
1,1,0.9998314380645752
0,0,0.00013513430894818157
1,1,0.9988958835601807
1,1,0.999860405921936
1,1,0.999700665473938
1,1,0.9990409016609192
0,0,0.001583112752996385
0,0,7.61889896239154e-06
0,0,0.0002244959759991616
0,0,0.33334413170814514
1,1,0.9998207688331604
0,0,1.2654385272981017e-06
1,1,0.8276058435440063
0,0,0.0021549484226852655
0,0,0.06219828501343727
1,0,0.002580302767455578
0,1,0.7820178270339966
0,0,0.033431679010391235
1,1,0.9874496459960938
1,1,0.9996745586395264
1,1,0.9644763469696045
0,1,0.5056316256523132
1,1,0.8760842084884644
1,1,0.9982004165649414
0,0,0.0003648255951702595
0,0,8.612049668954569e-07
0,0,7.685567311455088e-07
1,1,0.9951553344726562
0,0,0.0013744817115366459
0,0,0.0038547427393496037
0,0,0.033889591693878174
0,0,0.00025304534938186407
1,1,0.8527966141700745
0,0,0.0007997059728950262
1,1,0.999506950378418
1,1,0.9952560067176819
1,1,0.9983252882957458
0,0,4.560941306408495e-05
0,0,0.0021236015018075705
0,0,0.005179899279028177
1,1,0.9815235733985901
0,0,4.630024704965763e-06
1,0,0.059565603733062744
0,0,0.0012117023579776287
0,0,0.008055579848587513
1,1,0.9975072741508484
0,0,0.03645914047956467
1,1,0.9977916479110718
0,0,0.00012486941704992205
0,0,0.07855221629142761
1,1,0.9998295307159424
1,1,0.9969657063484192
0,0,0.0005042595439590514
1,1,0.9989514350891113
1,1,0.9981764554977417
1,1,0.9999840259552002
1,1,0.9997639060020447
0,0,0.02159537561237812
1,1,0.999794065952301
1,1,0.9999710321426392
0,0,1.0529542123549618e-05
0,0,0.0014185422332957387
1,1,0.9999043941497803
1,1,0.9998106360435486
0,1,0.8172863721847534
0,0,0.0004356556455604732
0,0,0.00032582139829173684
1,1,0.9996351003646851
0,0,0.02847174182534218
1,1,0.943861186504364
0,0,0.0017333669820800424
1,0,0.0720653310418129
0,0,1.7453785403631628e-05
0,0,0.1503002643585205
1,1,0.9997274279594421
1,0,0.14469674229621887
1,1,0.9996771812438965
1,1,0.9985125660896301
1,1,0.9918643236160278
0,0,0.2167494148015976
1,1,0.9985100626945496
1,1,0.6489103436470032
0,0,0.0020394555758684874
0,0,0.00011728716344805434
0,0,0.0023715589195489883
0,0,3.9446764276362956e-05
0,0,0.015686478465795517
0,0,3.255328556406312e-05
1,0,0.053685370832681656
1,1,0.9998570680618286
1,1,0.9995317459106445
0,0,7.267836190294474e-05
1,1,0.9996790885925293
1,1,0.9989879727363586
1,1,0.8635813593864441
0,0,0.012626453302800655
0,0,0.016621392220258713
0,0,0.03707138076424599
0,0,0.00017368998669553548
1,1,0.972016453742981
0,0,0.14465148746967316
0,0,6.133227088866988e-06
1,1,0.9972146153450012
0,0,0.006171752233058214
1,1,0.9987081289291382
1,1,0.956974983215332
1,1,0.9524729251861572
1,1,0.874767541885376
1,1,0.9734085202217102
1,1,0.9978616833686829
1,1,0.9999028444290161
1,1,0.9885542988777161
0,0,0.1053759753704071
1,1,0.972655177116394
1,1,0.8958122134208679
1,1,0.9979537725448608
1,0,0.4739278256893158
1,1,0.9995731711387634
1,1,0.9900577664375305
0,0,0.003266980405896902
1,1,0.9458868503570557
0,0,3.248927532695234e-05
1,1,0.9999183416366577
1,0,0.030597837641835213
0,0,0.0009121361072175205
1,1,0.993435263633728
1,1,0.9980691075325012
0,0,5.769664130639285e-05
1,1,0.980486273765564
1,1,0.99992835521698
1,1,0.9988511800765991
1,1,0.9682897925376892
0,0,0.01452422421425581
1,1,0.988434910774231
1,1,0.8423334956169128
1,1,0.9993882179260254
0,0,0.0016610585153102875
0,0,0.00024828335153870285
1,1,0.943070650100708
0,0,0.03432196378707886
1,1,0.9972499012947083
0,0,1.5628189430572093e-05
1,1,0.9553413987159729
0,0,0.011813966557383537
0,0,0.02926783822476864
1,1,0.9999033212661743
0,0,0.00020300844334997237
0,0,1.9526592950569466e-05
0,0,0.003853662870824337
1,1,0.995486319065094
1,1,0.9998797178268433
1,1,0.9997642636299133
1,1,0.687366783618927
0,0,0.0024295058101415634
0,0,0.008903245441615582
1,1,0.9995836615562439
0,0,0.0038985335268080235
0,0,0.024341806769371033
0,0,0.00144738529343158
1,1,0.9999638795852661
1,1,0.9906452894210815
1,1,0.9990084767341614
1,1,0.9992826581001282
1,1,0.9999921321868896
1,1,0.9999755620956421
0,0,0.011801387183368206
1,1,0.503556489944458
1,1,0.995238184928894
0,0,0.00022681380505673587
0,0,0.0008580617140978575
0,0,0.021854586899280548
1,1,0.9303585886955261
0,0,8.8135811893153e-06
1,0,0.425046443939209
1,1,0.9926030039787292
0,0,0.005409841425716877
1,1,0.8425665497779846
1,1,0.9986342787742615
1,1,0.7172550559043884
1,1,0.8897845149040222
1,1,0.5291299223899841
0,0,0.0022003119811415672
1,1,0.9576584100723267
0,0,0.00868659745901823
1,1,0.999630331993103
0,0,0.038280706852674484
0,0,1.2371199773042463e-05
1,1,0.9998641014099121
0,0,0.36875247955322266
1,1,0.9999984502792358
1,1,0.9999936819076538
0,0,0.0007006683736108243
1,1,0.9999982118606567
0,0,0.01069103367626667
1,1,0.9959052801132202
1,1,0.9998741149902344
1,1,0.9999853372573853
0,1,0.7113096117973328
1,1,0.9979432225227356
0,0,0.05150863528251648
1,1,0.9997895359992981
0,1,0.6302192211151123
1,1,0.9992063641548157
0,0,4.905798050458543e-05
1,1,0.6630879044532776
0,0,0.013910447247326374
0,0,0.002972757676616311
1,1,0.9991956353187561
0,0,0.1089480072259903
0,0,0.00027309474535286427
0,0,0.02024196647107601
1,1,0.91399085521698
0,0,0.16048015654087067
1,1,0.9999732971191406
0,0,0.406301349401474
1,1,0.9945889711380005
0,0,0.001591429696418345
1,1,0.9999045133590698
1,1,0.9778106212615967
0,0,1.72696072695544e-05
1,1,0.9100169539451599
0,0,3.946828655898571e-05
1,1,0.9965002536773682
1,1,0.9948241710662842
0,0,0.00795487966388464
0,1,0.9745618104934692
1,1,0.9653750061988831
1,1,0.9735183715820312
1,1,0.9998385906219482
0,1,0.628638505935669
1,1,0.9989414811134338
1,1,0.9951748251914978
1,1,0.99997878074646
1,1,0.9998272061347961
0,1,0.5587634444236755
1,1,0.9995611310005188
1,1,0.9993383288383484
0,0,6.020567161613144e-05
1,1,0.9882248640060425
1,1,0.9035895466804504
0,0,0.00018044456373900175
1,1,0.8675462007522583
1,1,0.9975735545158386
1,1,0.9866383075714111
1,1,0.9993274211883545
1,1,0.8794751167297363
1,1,0.9970327615737915
0,0,0.08610713481903076
0,0,0.09548372775316238
0,0,0.00181600172072649
0,0,0.0003609640698414296
0,0,0.09042724221944809
0,0,0.004630228038877249
0,0,0.04824163392186165
0,1,0.9774259924888611
1,1,0.9828290343284607
0,0,0.004906192421913147
0,0,0.00044762532343156636
0,1,0.9460614919662476
1,1,0.9999207258224487
1,1,0.9993730187416077
1,1,0.9999994039535522
0,0,0.08391919732093811
1,1,0.9988964796066284
1,1,0.9415848851203918
0,0,0.022527022287249565
0,1,0.5423207879066467
0,0,0.4255569875240326
0,1,0.6281577348709106
0,0,0.004707674961537123
1,1,0.9961276650428772
1,1,0.9930614829063416
0,0,3.0363966288859956e-05
1,1,0.9933533668518066
0,0,0.024568401277065277
1,1,0.8654939532279968
1,1,0.7578336596488953
0,0,0.0007650619372725487
1,1,0.9993749260902405
0,0,0.1677400916814804
1,1,0.9999676942825317
1,1,0.987060546875
0,0,0.0020551474299281836
0,0,0.0045183333568274975
0,0,0.028095608577132225
1,1,0.987389326095581
1,1,0.9974501729011536
1,1,0.998863935470581
0,0,0.10056687146425247
0,0,0.14888225495815277
0,0,0.00013966270489618182
0,0,0.00019580553635023534
0,0,3.4725300793070346e-05
0,0,0.007605012971907854
0,0,0.10395928472280502
1,1,0.9999634027481079
1,1,0.9999821186065674
1,1,0.9840506911277771
0,0,0.03811752423644066
1,1,0.9997391104698181
0,0,0.12624353170394897
0,0,0.03143972530961037
1,1,0.9969595670700073
1,1,0.9999567270278931
1,1,0.9999240636825562
1,1,0.9999936819076538
0,0,0.1059795543551445
1,1,0.999612033367157
1,0,0.4455268681049347
1,1,0.9874215126037598
1,1,0.9476804733276367
0,0,0.02371084690093994
0,0,0.012736251577734947
1,1,0.9847826361656189
1,1,0.8930663466453552
1,1,0.9379209280014038
1,1,0.9995294809341431
1,1,0.9965499639511108
1,1,0.9536491632461548
1,1,0.9996421337127686
0,1,0.8436204791069031
0,0,0.06630245596170425
0,0,0.022036999464035034
1,1,0.9986068606376648
1,1,0.9834994673728943
1,1,0.9984169006347656
1,1,0.9900833368301392
1,1,0.9991173148155212
1,1,0.9998927116394043
0,0,0.00019733661611098796
0,0,0.0003805464366450906
1,0,0.37050849199295044
1,1,0.9925878643989563
1,1,0.9990070462226868
1,1,0.9998742341995239
1,1,0.9981265664100647
1,1,0.9995730519294739
0,0,0.017121534794569016
1,1,0.934286892414093
0,0,0.0021762331016361713
1,0,0.2853530943393707
1,1,0.9996224641799927
1,1,0.9999476671218872
1,1,0.9685515761375427
1,1,0.9994738698005676
1,1,0.9986116886138916
1,1,0.9954763054847717
1,1,0.9702972769737244
0,0,9.47772350627929e-05
0,0,0.00031979510094970465
1,1,0.924254298210144
1,1,0.8770540356636047
0,0,0.15776093304157257
0,0,0.011859231628477573
1,1,0.9751616716384888
1,1,0.9999440908432007
0,1,0.6697441935539246
1,1,0.8551000952720642
0,0,0.00044919896754436195
0,0,0.25907570123672485
0,0,0.26754263043403625
0,1,0.8815541863441467
1,1,0.9782786965370178
1,1,0.9917346239089966
1,1,0.8278711438179016
1,1,0.9999641180038452
1,1,0.9942690134048462
1,1,0.6151240468025208
1,1,0.9999731779098511
1,1,0.998561441898346
1,1,0.9999785423278809
1,1,0.996119499206543
1,1,0.9990039467811584
1,1,0.9940880537033081
0,0,0.0020017351489514112
1,1,0.998001754283905
0,0,0.0007269269553944468
0,0,0.007276545744389296
1,1,0.9996115565299988
1,1,0.9888496994972229
0,0,7.160887435020413e-06
0,0,0.020760444924235344
0,0,0.007146695628762245
1,1,0.9777480363845825
0,0,0.0020311824046075344
1,1,0.9998200535774231
0,0,0.08216960728168488
0,0,0.0022179994266480207
0,0,8.468742635159288e-06
1,0,0.3851551413536072
1,1,0.9999843835830688
0,0,0.006528100464493036
1,1,0.7848547697067261
1,1,0.997772753238678
0,0,0.004977182950824499
0,0,0.007364016491919756
0,0,8.809097926132381e-05
1,1,0.972497284412384
0,0,0.215603768825531
1,1,0.9988231062889099
0,0,1.982472531381063e-05
1,1,0.9930954575538635
1,0,0.18024608492851257
1,1,0.9999200105667114
1,1,0.9992092847824097
1,1,0.9988266825675964
1,1,0.9999587535858154
1,1,0.9992812275886536
1,1,0.9568852186203003
1,0,0.33427533507347107
0,0,0.011514958925545216
1,1,0.9999743700027466
1,1,0.9881442785263062
0,1,0.6902840733528137
1,1,0.9975169897079468
0,0,0.18176797032356262
1,1,0.9486525058746338
0,0,0.001360081834718585
0,0,0.0005193964461795986
0,0,7.549840665888041e-05
0,0,0.003239251673221588
1,1,0.7704044580459595
0,0,1.468614300392801e-05
0,0,0.06877192854881287
0,0,0.00026736423023976386
1,1,0.9803558588027954
0,0,3.521313146848115e-06
1,1,0.992327868938446
0,0,0.1962474137544632
0,0,0.001178542384877801
0,0,0.0012184352381154895
0,0,2.2592686946154572e-05
0,0,0.019484395161271095
0,0,0.02562144212424755
0,0,0.00017761299386620522
0,0,0.17537295818328857
0,0,0.013446402736008167
0,1,0.7767882943153381
0,0,0.0024055978283286095
0,0,8.485714351991192e-05
0,0,0.008375339210033417
0,0,4.635034656530479e-06
0,0,0.0025646688882261515
0,0,0.0003383551666047424
0,0,8.337384315382224e-06
1,1,0.9997560381889343
0,0,0.01825786754488945
0,0,0.08037147670984268
1,1,0.9770673513412476
0,0,8.963001164374873e-06
1,1,0.9992127418518066
0,1,0.9982954859733582
0,1,0.7473897337913513
1,1,0.9992013573646545
1,1,0.9999090433120728
1,1,0.9997650980949402
1,1,0.9889983534812927
0,0,0.005113578867167234
1,1,0.9998218417167664
0,0,0.00010673671204131097
1,1,0.9972376823425293
0,0,1.4307235687738284e-05
1,1,0.9991053938865662
1,1,0.9999494552612305
1,1,0.9999297857284546
1,1,0.9997881054878235
1,1,0.9694572687149048
1,1,0.999968409538269
1,1,0.9998537302017212
1,1,0.9421513080596924
0,0,0.009175178594887257
0,0,0.3851764500141144
0,0,0.00399764021858573
0,0,4.442885983735323e-05
1,1,0.9991185069084167
0,0,0.0005954124499112368
0,0,0.0001130342498072423
0,0,0.003345594508573413
1,1,0.9984709620475769
0,0,0.00019412484834901989
0,0,0.0016401486936956644
0,0,0.000726950413081795
1,1,0.9775230288505554
1,1,0.9994939565658569
1,1,0.9996272325515747
0,0,0.00031411225791089237
1,1,0.9990699887275696
1,1,0.9999954700469971
0,0,0.2106323540210724
0,0,0.004783110227435827
0,0,0.18550485372543335
1,1,0.5001184940338135
0,0,0.008107245899736881
0,0,0.0612688772380352
0,0,0.0024001910351216793
0,0,0.023650143295526505
1,0,0.3247990906238556
0,0,0.004765375051647425
0,0,0.00030587337096221745
1,1,0.9992744326591492
1,1,0.999299168586731
0,1,0.8406570553779602
0,1,0.8681636452674866
0,0,0.03331363946199417
1,1,0.9991056323051453
1,1,0.9832565188407898
1,1,0.9999991655349731
1,1,0.9992905855178833
0,0,0.17264436185359955
1,1,0.9982067346572876
1,1,0.9981099367141724
0,0,0.30644935369491577
0,1,0.7309013605117798
1,1,0.9946827292442322
0,0,0.006839302834123373
1,1,0.9711616635322571
0,0,0.0002800801012199372
0,0,0.00048721529310569167
0,0,0.006410165689885616
1,1,0.9998489618301392
0,0,0.0017866359557956457
1,1,0.9325978755950928
0,0,3.783115607802756e-05
0,0,0.00022987747797742486
0,0,0.04767831414937973
0,0,0.0016321649309247732
0,0,0.021802730858325958
0,0,0.0026041287928819656
0,0,8.353713928954676e-05
0,0,0.005708247888833284
0,0,0.04791441932320595
1,1,0.9999512434005737
0,0,0.13961966335773468
0,0,0.0035586163867264986
0,0,0.062041524797677994
1,1,0.9986600875854492
1,1,0.8937445878982544
0,0,0.007196503225713968
1,1,0.9999774694442749
0,1,0.6615870594978333
0,0,0.3212968409061432
1,1,0.9704836010932922
1,1,0.9974451065063477
1,1,0.9880659580230713
0,0,3.5909015423385426e-06
0,1,0.9723595380783081
0,1,0.9713171720504761
0,0,0.00958158727735281
1,1,0.9943919777870178
0,0,0.002289470052346587
0,0,0.02596837282180786
0,0,0.03552820160984993
0,0,1.0983309266521246e-06
0,0,0.021793387830257416
0,0,0.002107934793457389
0,0,0.0024783092085272074
0,0,0.0001422475470462814
1,1,0.9999547004699707
0,0,0.00032005345565266907
1,1,0.9977593421936035
0,0,0.00034734979271888733
0,0,0.0021391953341662884
1,0,0.3808579444885254
0,0,0.30556732416152954
0,0,0.019594840705394745
0,0,9.077988215722144e-05
0,0,0.013075331225991249
0,0,2.4649614260852104e-06
0,0,0.051972728222608566
0,0,0.0018368057208135724
0,0,2.8632896373892436e-06
1,1,0.9437543749809265
1,1,0.9989641904830933
0,0,0.007590979337692261
1,1,0.9970159530639648
0,0,0.001208991277962923
1,1,0.999790370464325
0,0,0.11472835391759872
1,1,0.9944576025009155
0,0,0.020209716632962227
0,0,0.016004512086510658
1,1,0.7708732485771179
0,0,0.006330742500722408
0,0,0.13869129121303558
0,0,0.0003413244558032602
0,0,0.05639226362109184
0,0,0.04755018278956413
0,0,0.012266461737453938
1,1,0.989240825176239
1,1,0.9957749247550964
1,1,0.9942394495010376
1,1,0.9979586601257324
1,1,0.9999731779098511
1,1,0.9996765851974487
0,0,0.030070384964346886
0,0,0.015946799889206886
0,0,0.0013900500489398837
0,0,0.08601914346218109
0,0,5.2020654948137235e-06
0,0,0.3641646206378937
1,1,0.9998555183410645
0,1,0.9144315123558044
0,0,0.0019963327795267105
1,1,0.9960881471633911
1,1,0.9824867844581604
0,0,0.06221388652920723
0,0,0.001016241149045527
0,0,0.13729466497898102
0,0,0.14416030049324036
1,1,0.9993871450424194
1,1,0.9995823502540588
0,0,0.0075551168993115425
0,0,0.00037844356847926974
0,0,0.00015258679923135787
0,0,0.08666940778493881
0,0,0.3688230812549591
0,0,0.020467054098844528
0,0,0.0002829497680068016
0,0,0.00017130852211266756
0,0,2.4088843929348513e-05
1,1,0.8018056154251099
0,0,0.3046279549598694
1,1,0.7152897119522095
1,0,0.3333364725112915
0,0,0.10294793546199799
0,0,0.4454691410064697
0,0,0.0018575277645140886
1,1,0.9995988011360168
1,1,0.8928091526031494
1,1,0.9936390519142151
0,0,0.009310562163591385
0,0,2.2743358840671135e-06
0,0,0.00012576000881381333
0,0,0.0006724957493133843
0,0,0.0009914581896737218
0,0,0.031679145991802216
0,0,0.00041834640433080494
1,1,0.9983009696006775
0,0,6.609870069951285e-06
0,0,0.0011995821259915829
0,0,2.3987338863662444e-05
0,1,0.6297831535339355
0,0,0.40870076417922974
0,0,0.06739591062068939
1,1,0.9666019678115845
0,0,0.007188109681010246
1,1,0.9988012313842773
1,1,0.9999262094497681
1,1,0.9999895095825195
0,0,0.1555292159318924
1,1,0.98773592710495
1,1,0.9988541603088379
1,1,0.99759441614151
1,1,0.9233905673027039
1,1,0.6289216876029968
0,0,0.0013485033996403217
0,0,0.004207982216030359
0,1,0.6319636106491089
0,0,0.002760149072855711
0,0,0.0004132219182793051
1,0,0.3450448215007782
0,0,1.917018926178571e-05
0,0,0.003965148702263832
0,1,0.5481463074684143
0,0,3.504174628687906e-06
0,0,0.0003699255466926843
0,0,0.0006693090545013547
0,0,5.577284696300921e-07
1,1,0.987475574016571
1,1,0.9942633509635925
0,0,0.1089397668838501
1,1,0.9868370294570923
0,0,0.0012994888238608837
0,0,0.4917599856853485
0,0,0.0008915683138184249
0,0,0.0006968443049117923
0,0,9.094548659049906e-06
0,0,0.008074191398918629
0,0,0.033903926610946655
0,0,0.000650400179438293
0,0,0.01991201564669609
0,0,0.00395593885332346
0,0,7.375181212410098e-06
0,0,0.004822608549147844
0,1,0.8318930864334106
0,0,1.4082833331485745e-05
0,0,0.0004962941748090088
0,0,0.21074278652668
0,0,0.009918885305523872
0,0,2.1696444036933826e-06
0,0,0.0026960764080286026
0,0,0.004511597566306591
0,0,0.01115360762923956
0,0,0.0007190134492702782
0,0,0.3649548590183258
0,0,0.08093074709177017
0,0,0.38350164890289307
1,1,0.6470977663993835
1,1,0.9613824486732483
1,1,0.9988616704940796
0,0,0.31706860661506653
0,0,2.267083982587792e-05
0,0,0.007397588808089495
1,1,0.9989213943481445
1,1,0.9994953870773315
1,1,0.9999749660491943
0,0,0.1726013422012329
0,0,0.0026122075505554676
0,0,0.0008172087254934013
1,1,0.9964590668678284
0,0,0.00021674318122677505
1,1,0.9791657328605652
1,1,0.8702935576438904
1,1,0.7138499617576599
1,1,0.999259889125824
1,1,0.6108327507972717
1,1,0.9957473874092102
0,0,0.005276566371321678
1,1,0.9979844093322754
1,1,0.9580284357070923
0,0,0.20461924374103546
1,1,0.998855471611023
1,1,0.9897069931030273
0,0,0.024387825280427933
0,0,0.3973216712474823
1,0,0.18209943175315857
0,0,0.00011446099233580753
1,1,0.901613175868988
0,0,0.00028201198438182473
0,0,0.005577997304499149
1,1,0.9984239339828491
1,0,0.42742443084716797
0,1,0.7001851797103882
1,1,0.9861352443695068
1,1,0.9597827792167664
0,0,0.006667613983154297
0,0,0.00019103690283372998
1,1,0.9998830556869507
0,0,2.357043058509589e-06
1,1,0.9829455614089966
1,1,0.991036057472229
1,1,0.9996618032455444
1,1,0.9994651675224304
0,0,0.15474680066108704
0,1,0.8909534215927124
0,0,0.003127251286059618
1,1,0.9847211241722107
1,1,0.9999258518218994
1,1,0.9229965209960938
1,1,0.7126280069351196
1,1,0.9906090497970581
1,1,0.9819899797439575
0,0,0.005998717620968819
1,1,0.9947850108146667
1,1,0.9875003099441528
1,1,0.9299418926239014
0,0,5.626182883133879e-06
1,1,0.9253891110420227
1,1,0.9949594736099243
1,1,0.9986152648925781
0,0,0.0005599029827862978
1,1,0.9997531771659851
0,0,0.003066979581490159
1,1,0.9999963045120239
0,0,0.03565144166350365
0,1,0.8521349430084229
0,0,5.924536526435986e-05
1,1,0.8745906352996826
0,0,0.0017610262148082256
0,0,0.009379589930176735
1,1,0.989837646484375
1,1,0.9917776584625244
1,1,0.9997832179069519
0,0,1.925814285641536e-05
0,0,0.0006956171710044146
0,0,5.533916555577889e-05
1,1,0.998753547668457
1,1,0.9997276663780212
1,1,0.9942318797111511
0,0,0.012872178107500076
1,1,0.999548614025116
0,0,0.009108354337513447
0,0,0.08681971579790115
0,0,0.0006117899902164936
0,0,0.001020747353322804
1,1,0.9944291114807129
0,0,0.13345001637935638
0,0,0.0008451560279354453
0,0,0.012517683207988739
1,1,0.9970496892929077
1,0,0.3437964916229248
0,0,0.0011948819737881422
0,0,0.0013187483418732882
1,1,0.9843035340309143
1,1,0.999376118183136
1,1,0.7909783124923706
1,1,0.9994899034500122
1,1,0.9891707301139832
0,0,0.4926401674747467
0,0,0.2887426018714905
0,1,0.9856245517730713
1,1,0.9638375639915466
1,1,0.9967619180679321
0,0,2.2415269995690323e-05
0,0,0.01042595598846674
1,1,0.9925375580787659
0,0,0.00012184080696897581
1,1,0.999765932559967
1,1,0.9998916387557983
1,0,0.3223148584365845
1,1,0.9981656670570374
0,0,1.2598605280800257e-05
1,1,0.9788417220115662
1,1,0.9959011673927307
1,1,0.999620795249939
1,1,0.9922424554824829
1,1,0.9976531863212585
1,1,0.9998730421066284
1,1,0.9997883439064026
0,0,3.403127266210504e-05
0,0,0.059951625764369965
1,1,0.9978516101837158
1,1,0.9998061060905457
1,1,0.9995749592781067
1,0,0.25416508316993713
0,0,0.0005326927057467401
1,1,0.9849788546562195
0,0,0.4016374349594116
0,0,0.0002195142296841368
1,1,0.9493066668510437
0,0,0.005259801633656025
1,1,0.9994930028915405
0,0,0.001554263406433165
1,1,0.966467022895813
1,1,0.8944646716117859
1,1,0.999806821346283
1,1,0.9999986886978149
0,0,0.0017068905290216208
1,1,0.9993953704833984
0,0,9.289915760746226e-05
0,0,0.0014188516652211547
0,1,0.5721814036369324
1,1,0.9999918937683105
0,0,0.012616874650120735
0,0,2.3697191863902844e-05
0,0,0.005895428825169802
1,1,0.9999829530715942
0,0,5.21992615176714e-06
1,1,0.784031093120575
0,0,0.08936237543821335
0,0,0.016693077981472015
0,0,0.018816685304045677
1,1,0.9994524121284485
0,0,0.0012733914190903306
1,1,0.9946063160896301
1,1,0.9991492033004761
1,1,0.9987773299217224
0,0,9.360922558698803e-05
0,0,0.01926182210445404
0,0,0.009960150346159935
0,0,1.6381122804887127e-06
0,0,1.2017493418170488e-06
0,0,0.007640843279659748
0,0,4.231505045027006e-06
1,1,0.9709011316299438
0,0,0.001160185900516808
0,0,9.613019358312158e-08
1,1,0.9984462857246399
1,0,0.36209598183631897
1,1,0.9994463324546814
1,1,0.9325831532478333
0,0,7.971389277372509e-05
0,0,0.0032332343980669975
1,1,0.6379261016845703
0,0,0.3531222939491272
1,1,0.9515625238418579
1,1,0.8892683386802673
1,1,0.9994291663169861
1,1,0.9999547004699707
0,0,9.120810136664659e-05
0,0,0.004322723485529423
0,0,0.0002591268566902727
0,0,0.0003293915942776948
0,0,0.0179295651614666
0,0,0.03696119785308838
1,1,0.886634349822998
1,1,0.9999681711196899
1,0,0.08355656266212463
1,1,0.9971855282783508
1,1,0.9942253232002258
0,0,0.0007991399033926427
0,0,1.2819109542760998e-05
1,1,0.9291824698448181
1,1,0.9963305592536926
0,0,0.00918824877589941
1,1,0.9999749660491943
1,1,0.9999415874481201
0,0,0.056849606335163116
0,0,0.0002856516221072525
0,0,5.0609567551873624e-05
1,1,0.9761531352996826
1,1,0.8539077043533325
1,1,0.8490129709243774
0,0,0.010869760997593403
1,1,0.9995255470275879
1,1,0.5654292702674866
1,1,0.9933066964149475
0,0,0.00018327077850699425
1,1,0.9999784231185913
0,0,2.9844833989045583e-05
1,0,0.11524852365255356
0,0,4.120278390473686e-06
1,1,0.9737581610679626
1,1,0.9932926893234253
0,0,0.04711597040295601
1,1,0.7660682797431946
1,1,0.9876603484153748
1,1,0.9855996370315552
1,1,0.9996786117553711
0,0,0.0005735157756134868
1,1,0.9997829794883728
0,0,0.00029843978700228035
0,0,0.0026673716492950916
0,0,0.00020712967670988292
1,1,0.9903507828712463
0,0,0.006630636285990477
0,0,3.074541382375173e-05
0,0,0.04710865765810013
1,1,0.9996451139450073
0,0,0.13581272959709167
1,1,0.9480354189872742
1,1,0.993885338306427
0,0,0.004449851810932159
0,1,0.6207690238952637
0,0,0.00911268126219511
1,1,0.9370855689048767
1,1,0.9995949864387512
0,0,0.06588444113731384
0,0,0.03432022035121918
0,0,0.12123863399028778
0,0,0.00033038476249203086
1,1,0.9999386072158813
1,1,0.9931567311286926
1,1,0.9809673428535461
0,0,0.18211574852466583
0,0,0.018750974908471107
0,0,0.00011787693802034482
0,0,0.002130656037479639
0,0,0.0009851236827671528
0,0,0.023220030590891838
1,1,0.8617680668830872
1,1,0.9527513384819031
1,1,0.9973857998847961
1,1,0.988352358341217
1,1,0.6221432685852051
1,1,0.9987446069717407
0,0,0.0007110047154128551
0,0,0.0013174363411962986
1,1,0.9999808073043823
1,1,0.999967098236084
1,1,0.9998898506164551
0,0,0.000121059209050145
1,1,0.9961896538734436
1,1,0.992878258228302
0,0,0.06993098556995392
1,1,0.7976844310760498
0,0,1.897053880384192e-05
0,0,0.0006770238396711648
0,0,0.1951097548007965
0,0,0.41030874848365784
0,0,6.871396908536553e-05
1,1,0.9837021827697754
1,1,0.970699667930603
1,1,0.9912988543510437
1,1,0.9603893160820007
1,1,0.9998399019241333
0,0,0.029448039829730988
1,1,0.735479474067688
1,1,0.9963930249214172
1,0,0.25298282504081726
0,0,0.0012610176345333457
0,0,0.01413455419242382
0,0,0.014803492464125156
0,0,0.012306209653615952
0,0,0.00069088937016204
1,1,0.9998117089271545
1,1,0.9985234141349792
1,1,0.9656822085380554
0,0,0.00010382431355537847
0,0,0.0015113522531464696
1,1,0.9974913597106934
1,0,0.47793048620224
0,0,0.0064214738085865974
0,0,0.004404919687658548
0,0,0.030054736882448196
0,0,0.0009452790254727006
0,0,0.05053124576807022
1,1,0.9991884827613831
0,0,0.23244589567184448
1,1,0.9281677007675171
1,1,0.9827961921691895
0,0,0.01034531369805336
0,0,0.1047428771853447
0,0,0.013138781301677227
0,0,0.0003521232574712485
0,0,0.30497899651527405
0,0,0.00040772449574433267
0,0,0.011390491388738155
1,1,0.9900741577148438
1,0,0.23040740191936493
1,1,0.9998407363891602
1,1,0.9998050332069397
1,1,0.9763321876525879
0,0,0.00017970282351598144
0,0,0.028689108788967133
0,0,1.4445503438764717e-05
0,0,0.0008963793516159058
0,1,0.8726778626441956
0,0,0.18872903287410736
1,1,0.9816039800643921
0,0,0.01688617654144764
0,0,0.355624258518219
0,0,0.020166998729109764
0,0,0.000568308518268168
0,0,0.000175129811395891
1,1,0.9956676959991455
1,1,0.9999542236328125
0,0,0.46333634853363037
1,1,0.9889693260192871
1,1,0.9999113082885742
0,0,0.0010021328926086426
1,1,0.9833666086196899
0,0,0.06609895080327988
1,1,0.996612012386322
1,1,0.999697208404541
0,0,0.001514129457063973
0,0,0.0010498540941625834
0,0,8.517461537849158e-06
1,1,0.9773561954498291
1,1,0.9999337196350098
0,0,3.2784890208859e-05
0,0,0.0013379501178860664
1,1,0.9912158250808716
1,1,0.9992169141769409
1,1,0.9787291288375854
0,0,1.4576497960661072e-05
1,1,0.979786217212677
1,1,0.9896438121795654
0,0,0.00045551429502665997
1,1,0.9946130514144897
0,0,0.0004860999179072678
1,1,0.9108772873878479
1,1,0.9903166890144348
0,0,0.001797819510102272
0,0,0.008139736019074917
1,1,0.9998724460601807
0,0,0.003240166464820504
0,0,5.511693416337948e-06
1,1,0.7325966954231262
0,0,5.15064675710164e-05
0,0,0.0001490370195824653
1,1,0.9990057349205017
1,1,0.9989708662033081
1,1,0.9762465357780457
1,1,0.9994596838951111
1,1,0.9995743632316589
1,1,0.998465895652771
1,1,0.9999744892120361
0,0,0.0005508707254193723
1,1,0.9923851490020752
1,1,0.9988369345664978
0,1,0.975790798664093
0,0,0.0003395527310203761
0,0,0.005079388618469238
0,0,0.0001443622459191829
1,1,0.9499239325523376
1,1,0.8523043394088745
0,0,0.022380895912647247
1,1,0.9859715104103088
0,0,9.484033944318071e-05
1,1,0.9998779296875
1,1,0.999969482421875
1,1,0.9997527003288269
0,0,0.012944315560162067
0,0,0.00391731970012188
1,1,0.9909760355949402
1,1,0.9999959468841553
1,1,0.9992321729660034
0,0,0.359307199716568
0,0,0.00037121359491720796
0,0,0.002050108276307583
1,1,0.9998379945755005
1,1,0.9875993728637695
0,0,0.023017486557364464
0,0,0.012297751381993294
1,1,0.9996618032455444
1,1,0.9991920590400696
0,0,0.02669188380241394
1,1,0.9997665286064148
0,0,0.0003310216125100851
1,1,0.9999247789382935
0,0,0.0008878307417035103
1,1,0.9998910427093506
0,0,8.424993575317785e-05
0,0,0.0002120094432029873
0,0,0.018040960654616356
0,0,0.00012105193309253082
0,0,0.0241949912160635
1,1,0.9978964328765869
0,0,0.005969169549643993
0,0,9.252983545593452e-06
0,0,0.19478075206279755
0,0,0.001103860791772604
0,0,0.39274862408638
0,0,8.965052256826311e-05
0,0,0.006239795591682196
0,0,0.0025835076812654734
1,1,0.9270145893096924
1,1,0.9987263083457947
0,0,0.00012112502008676529
1,0,0.22523652017116547
1,1,0.9998183846473694
1,1,0.9997153878211975
1,1,0.99847811460495
1,1,0.993731677532196
1,1,0.9995478987693787
1,1,0.8665282726287842
1,1,0.9591129422187805
1,1,0.9749541878700256
1,1,0.9852147698402405
1,1,0.9979827404022217
0,0,0.00585644505918026
0,0,0.10544200986623764
1,1,0.9994472861289978
0,0,0.13947319984436035
1,1,0.9842979907989502
0,0,0.002412395551800728
1,0,0.397256463766098
1,1,0.9982268214225769
1,1,0.9999990463256836
0,0,0.01603827252984047
1,1,0.9999532699584961
0,0,0.00017978902906179428
1,1,0.9995267391204834
1,1,0.9999971389770508
1,1,0.9999610185623169
1,1,0.9958123564720154
1,1,0.9960427284240723
0,0,0.08226438611745834
1,1,0.9998726844787598
0,0,0.05590631067752838
1,1,0.9991994500160217
1,1,0.9475502371788025
1,1,0.9776870012283325
0,0,0.009632251225411892
1,1,0.9999630451202393
1,1,0.9974338412284851
0,0,9.199213673127815e-05
0,0,0.13885492086410522
1,1,0.8645718097686768
1,1,0.9997310042381287
1,1,0.999717652797699
1,1,0.9911773204803467
1,1,0.9998401403427124
0,0,9.30891910684295e-05
0,0,0.0013003820786252618
0,1,0.9944964051246643
0,0,0.0012627154355868697
0,0,0.12276113033294678
1,1,0.8193109035491943
1,1,0.9991487264633179
0,0,0.33026185631752014
0,0,0.27509963512420654
1,1,0.9965395927429199
1,1,0.9292269349098206
1,1,0.9980230331420898
0,0,0.0014746645465493202
1,1,0.8397831916809082
0,0,7.42374686524272e-05
1,1,0.7417388558387756
0,1,0.6057112812995911
0,0,0.08546167612075806
0,0,0.006465253420174122
0,0,0.005193497985601425
0,0,0.0001546834100736305
1,1,0.7793025374412537
0,0,0.0041717179119586945
1,1,0.9927177429199219
1,1,0.9912853837013245
1,1,0.9566109776496887
1,1,0.9959177374839783
1,1,0.9253150224685669
0,0,0.0004944090032950044
1,1,0.9941020607948303
0,0,3.354019645485096e-05
1,1,0.9709590077400208
1,1,0.9999443292617798
1,1,0.9999275207519531
1,1,0.9502175450325012
0,0,0.002233632141724229
0,0,0.033694200217723846
1,1,0.9863424897193909
0,0,0.0007994521874934435
1,1,0.9996627569198608
1,1,0.9992377758026123
1,1,0.8406944274902344
0,0,0.008886003866791725
0,0,9.714226325741038e-05
1,1,0.9950000047683716
1,1,0.9849849939346313
1,1,0.9781579375267029
1,1,0.9052695631980896
1,0,0.3258679211139679
1,1,0.9998958110809326
0,0,0.00044634047662839293
1,1,0.9386558532714844
0,0,0.001447357703000307
1,1,0.9998706579208374
0,0,6.44510582787916e-05
0,0,0.001961646368727088
1,1,0.9774781465530396
0,0,0.0006111792172305286
0,0,0.06128588691353798
0,0,0.043269187211990356
0,0,0.03470632806420326
1,1,0.9998242259025574
0,0,0.0007458046893589199
1,1,0.9994964599609375
1,1,0.9802138209342957
0,0,0.0030786741990596056
0,0,0.0001543730904813856
1,1,0.9975294470787048
0,0,0.016860833391547203
0,0,0.12466959655284882
0,0,0.011370780877768993
0,0,0.0068360683508217335
0,0,0.008623098023235798
0,0,5.13022450832068e-06
0,0,0.012842451222240925
0,0,0.0022916824091225863
1,1,0.9982168078422546
1,1,0.9946841597557068
1,1,0.993909478187561
0,0,3.0606322525272844e-06
1,1,0.9979426264762878
0,0,8.103553409455344e-05
0,0,0.0016191725153476
0,1,0.9133688807487488
0,0,0.09485141932964325
1,1,0.9999111890792847
1,1,0.9967705011367798
0,0,0.06802185624837875
1,1,0.9999843835830688
0,0,0.0017101176781579852
0,0,0.014500369317829609
1,1,0.9962784647941589
1,1,0.9999994039535522
1,1,0.6028866767883301
1,1,0.9997926354408264
1,1,0.9909999966621399
1,1,0.9997393488883972
1,1,0.9987967014312744
1,1,0.9998705387115479
1,1,0.999909520149231
0,0,0.025883983820676804
1,1,0.9998775720596313
0,0,0.004282057285308838
1,1,0.9949719905853271
0,0,0.06280764937400818
0,0,0.0005712152924388647
1,1,0.8299904465675354
0,0,2.591552856756607e-06
0,0,0.004074875731021166
0,0,0.05125570669770241
1,1,0.986664891242981
0,0,0.21182957291603088
1,1,0.5737504959106445
1,1,0.9994373917579651
1,1,0.9457159042358398
0,0,2.5180666852975264e-05
1,1,0.6540335416793823
0,0,0.009461193345487118
0,0,0.12891355156898499
0,0,0.00012262874224688858
0,0,0.018230212852358818
0,0,0.004723026882857084
0,0,2.0325796867837198e-05
0,0,2.3915206384117482e-06
1,1,0.9922260046005249
0,0,4.639332928491058e-06
0,0,0.01407434232532978
0,1,0.6482678055763245
0,0,0.005282626487314701
0,0,0.011535394936800003
1,1,0.9999433755874634
1,1,0.9981826543807983
1,1,0.9999841451644897
1,1,0.9983445405960083
1,1,0.999970555305481
0,0,0.40813788771629333
1,1,0.9762528538703918
0,0,0.05159236863255501
1,1,0.8629546761512756
1,1,0.9994916915893555
1,1,0.9991340041160583
0,0,1.1241410902584903e-05
1,1,0.9998561143875122
1,1,0.9943774342536926
0,1,0.9574090242385864
0,1,0.9933745265007019
0,0,4.507385892793536e-05
0,0,0.00596126914024353
1,1,0.9975584745407104
0,0,0.00036725433892570436
0,0,0.00014163738524075598
0,0,0.03458690643310547
1,1,0.9994407296180725
1,1,0.9961810111999512
1,0,0.11532457172870636
1,1,0.9920992851257324
0,0,0.001161661115474999
0,0,0.0020814656745642424
0,0,0.0003254348994232714
1,1,0.9999983310699463
1,1,0.9996267557144165
0,0,0.20195896923542023
0,0,0.30930888652801514
0,0,0.0032709436491131783
0,0,0.06801018863916397
1,0,0.017787795513868332
0,1,0.5886711478233337
1,1,0.9977527260780334
0,0,0.00018102048488799483
0,0,0.00018825872393790632
0,0,0.002291759941726923
0,0,6.4570799622742925e-06
0,0,0.0076156980358064175
0,0,0.0008395451004616916
1,1,0.9999405145645142
0,0,0.13796965777873993
0,0,0.0005273263668641448
1,1,0.9998515844345093
1,1,0.9992753863334656
0,1,0.5280205607414246
1,1,0.9999058246612549
0,0,0.0018565809587016702
0,0,0.002107007196173072
0,0,2.2603981051361188e-05
1,1,0.9905357956886292
0,0,0.036936186254024506
1,1,0.9572852253913879
1,1,0.9999971389770508
1,0,0.0473867692053318
0,0,0.00018549049855209887
0,0,0.11615920811891556
0,0,0.0007867031963542104
1,0,0.03823941573500633
1,1,0.778030276298523
0,0,0.00042269902769476175
0,0,5.0974663281522226e-06
1,1,0.9996278285980225
1,1,0.892714262008667
0,0,0.0014985570451244712
1,1,0.6847493648529053
0,0,0.008035292848944664
1,1,0.9544618725776672
0,1,0.772581934928894
1,1,0.9656751155853271
0,0,0.20269130170345306
1,1,0.9999942779541016
0,0,0.0003390839556232095
1,1,0.9996874332427979
1,1,0.968712329864502
0,0,8.762908692006022e-05
1,1,0.9998233914375305
1,1,0.9579471349716187
0,0,0.0005895857466384768
1,1,0.9998610019683838
1,1,0.9966859221458435
0,0,0.06763304024934769
0,0,0.001398403779603541
0,0,0.004204241558909416
0,0,0.021114299073815346
1,1,0.9998480081558228
1,1,0.884145200252533
1,1,0.9999150037765503
1,0,0.21306873857975006
1,1,0.9973217844963074
0,0,6.17811965639703e-05
1,1,0.8651753067970276
1,1,0.9995031356811523
0,0,7.705574535066262e-05
0,0,0.0003284617851022631
0,0,0.00028809785726480186
0,0,0.002603433094918728
0,0,0.0007125964039005339
0,0,0.0018027210608124733
0,0,0.04952457547187805
1,1,0.9987485408782959
1,1,0.9981694221496582
1,1,0.9996315240859985
1,1,0.9936342239379883
1,1,0.8829242587089539
1,1,0.893409252166748
1,1,0.9759275913238525
0,1,0.9610835313796997
0,0,0.04635390639305115
0,1,0.5529628396034241
1,1,0.9440509080886841
1,1,0.772382378578186
0,0,0.006185953505337238
0,0,0.11810022592544556
0,0,0.0005661246250383556
0,0,0.4650183916091919
1,1,0.9841495156288147
1,1,0.9989604949951172
1,1,0.9701247811317444
0,0,0.0030135950073599815
0,0,4.4788874220103025e-05
0,0,0.17025430500507355
1,1,0.9988308548927307
0,0,0.258674293756485
1,1,0.9998550415039062
0,0,0.0012879358837381005
1,1,0.9978594183921814
1,1,0.9997573494911194
1,1,0.9975973963737488
1,1,0.9909147024154663
1,1,0.9995033740997314
1,1,0.9910118579864502
0,0,0.49606454372406006
1,1,0.9989639520645142
0,0,3.208674752386287e-05
0,0,0.0009559864411130548
0,0,0.013087064027786255
0,1,0.5504722595214844
1,1,0.9999752044677734
0,0,0.01286015659570694
0,0,0.0013749111676588655
1,0,0.28610485792160034
0,0,0.00012314796913415194
0,0,1.827468850024161e-06
1,1,0.9998846054077148
0,0,0.011298290453851223
0,0,0.0005367870326153934
1,1,0.7580679059028625
0,0,0.0006160023622214794
0,0,0.030646253377199173
0,0,7.29785897419788e-05
1,1,0.9728551506996155
1,1,0.9967800974845886
0,0,0.00024617815506644547
0,0,0.018840383738279343
1,1,0.9999386072158813
0,0,0.3099568784236908
0,0,0.0008917637751437724
0,0,0.024266548454761505
1,1,0.8400390148162842
1,1,0.9959840774536133
1,1,0.999737560749054
0,0,0.00020855689945165068
0,0,0.01263708621263504
1,1,0.7449491024017334
1,1,0.9990496039390564
1,1,0.9947739243507385
0,0,0.03031657449901104
1,1,0.883173406124115
0,0,0.05802527442574501
1,1,0.8079280853271484
1,1,0.9998784065246582
1,1,0.9766254425048828
1,1,0.8420383334159851
1,1,0.9847080707550049
1,1,0.9836729168891907
0,0,2.9410797651507892e-05
1,1,0.9689663052558899
1,1,0.9379823803901672
0,0,0.0010763171594589949
0,0,0.00028619138174690306
1,1,0.9981167316436768
1,1,0.9999356269836426
1,1,0.9984906911849976
1,1,0.5312643647193909
1,1,0.9964171648025513
0,0,3.319392999401316e-05
0,0,4.406698735692771e-06
0,0,0.0104733407497406
0,0,0.0012990593677386642
1,1,0.5410966873168945
1,1,0.9995689988136292
1,1,0.9992615580558777
0,0,5.716093073715456e-05
0,0,0.1595810353755951
0,0,0.05473187193274498
1,1,0.9998959302902222
0,0,0.0007456610910594463
0,0,0.0576024204492569
1,1,0.9982512593269348
0,0,0.00013138937356416136
0,0,0.0001476744655519724
1,1,0.9995391368865967
0,0,0.016979698091745377
0,0,0.005736977327615023
0,0,0.0007744081667624414
0,0,0.08937813341617584
0,0,0.007930937223136425
0,0,0.006396609824150801
1,1,0.9974563717842102
1,1,0.9993013143539429
0,0,0.02222314290702343
1,1,0.9992507100105286
1,1,0.9988242983818054
0,0,0.010579973459243774
0,0,2.016879807342775e-05
0,0,1.460269504605094e-05
0,0,0.026922184973955154
0,0,0.01191406138241291
1,1,0.9860746264457703
0,0,2.5498142349533737e-05
1,1,0.925652801990509
0,0,0.02956157736480236
1,1,0.9995761513710022
1,1,0.958043098449707
1,1,0.5138689875602722
1,1,0.9003668427467346
0,0,0.011532829143106937
0,0,0.003787011606618762
0,0,0.0001458652113797143
0,0,0.10494261234998703
0,0,0.0039710490964353085
0,0,0.0006086157518438995
1,1,0.5540181398391724
1,1,0.9953868985176086
1,1,0.6624563336372375
0,1,0.8774558901786804
1,1,0.9960494637489319
0,0,0.01308814249932766
0,0,0.00023549639445263892
1,1,0.9043073058128357
0,0,0.0001648224424570799
0,0,0.05718998610973358
0,1,0.9937012195587158
1,1,0.9971154928207397
1,1,0.9732012152671814
0,0,0.011947316117584705
1,1,0.9624489545822144
0,1,0.7658740282058716
1,1,0.9996305704116821
0,0,0.006289106793701649
0,0,0.00028794488753192127
0,1,0.748916506767273
0,0,0.000572925724554807
0,1,0.9571239948272705
0,0,0.0012006332399323583
0,0,7.318858115468174e-05
0,1,0.899823009967804
1,1,0.9843890070915222
1,1,0.9982024431228638
0,1,0.5568568110466003
0,0,0.00018923198513220996
1,1,0.824047327041626
0,0,0.00354221579618752
0,1,0.6063838601112366
0,0,0.0012587964301928878
1,1,0.9978539347648621
0,0,0.494608998298645
0,0,0.03981636464595795
1,1,0.999854564666748
1,1,0.992760419845581
1,1,0.9995467066764832
1,1,0.9990708827972412
0,0,0.002400157041847706
0,0,0.21396532654762268
1,1,0.908187747001648
1,1,0.9943547248840332
0,0,0.11824749410152435
1,0,0.08508927375078201
1,0,0.25258761644363403
0,0,0.34612584114074707
0,1,0.529853105545044
0,0,7.62638301239349e-05
0,1,0.7969381213188171
0,0,0.0062577808275818825
1,1,0.9359608292579651
0,0,0.015750611200928688
1,1,0.999824583530426
1,1,0.9998370409011841
1,0,0.3586171865463257
0,0,0.0045329309068620205
1,1,0.988491415977478
0,0,3.679377550724894e-05
0,0,0.1309078186750412
1,1,0.9507856965065002
1,1,0.9994742274284363
1,1,0.9906131029129028
1,1,0.8971271514892578
1,1,0.9984273910522461
0,0,1.4709989955008496e-06
0,0,7.262640338012716e-06
1,1,0.9997592568397522
1,1,0.9999639987945557
0,0,2.1119893062859774e-05
0,0,0.019500937312841415
1,1,0.9947898387908936
0,0,0.01241939328610897
0,0,0.0009583511273376644
0,0,1.391623209201498e-05
0,0,0.04223145171999931
1,1,0.9999573230743408
0,1,0.8891118168830872
1,1,0.9999926090240479
0,0,0.0006778033566661179
1,1,0.9987165927886963
0,0,2.821973112077103e-06
0,0,0.0010942145017907023
1,1,0.998005211353302
1,1,0.9999997615814209
1,1,0.9999778270721436
0,0,0.018136443570256233
0,0,0.3843798041343689
0,0,0.011524993926286697
1,0,0.15087009966373444
0,0,0.0016697491519153118
0,0,0.07136505097150803
0,0,0.014718825928866863
0,0,0.00014212199312169105
1,1,0.9999939203262329
1,1,0.8890368938446045
1,1,0.9998570680618286
0,0,0.3595740795135498
1,1,0.9855146408081055
1,1,0.9987462759017944
1,1,0.999933123588562
1,1,0.9952532052993774
1,1,0.9980485439300537
1,1,0.9753205180168152
1,1,0.9853491187095642
1,1,0.9994912147521973
1,1,0.9994398951530457
1,1,0.9987688660621643
0,0,0.08140001446008682
1,1,0.9997662901878357
1,1,0.9999524354934692
1,1,0.8109704852104187
0,0,0.4495554268360138
1,1,0.9295223355293274
1,1,0.9979610443115234
0,0,0.08203251659870148
0,0,0.00019310376956127584
1,1,0.9161537885665894
1,1,0.9980252981185913
0,0,0.0003330862964503467
0,0,7.072952575981617e-05
1,0,0.41060638427734375
0,0,0.00037004126352258027
1,1,0.9995021820068359
0,0,0.011156474240124226
0,0,0.012883846648037434
1,1,0.9970495700836182
1,1,0.9958957433700562
1,1,0.689503014087677
0,0,9.845513704931363e-05
0,0,0.006568984128534794
0,0,0.1221981793642044
0,0,0.4844169616699219
1,1,0.9985170960426331
1,1,0.9999809265136719
1,1,0.999599039554596
0,0,0.004921779502183199
0,0,7.338108844123781e-06
0,0,0.0008802861557342112
1,1,0.9972109198570251
1,1,0.999176561832428
1,1,0.9799075126647949
0,0,0.2371170073747635
0,0,2.5499111870885827e-05
1,1,0.9999363422393799
1,1,0.9972223043441772
1,1,0.8492447733879089
1,1,0.9999974966049194
1,1,0.9958034157752991
1,1,0.998325765132904
1,1,0.9847931861877441
1,1,0.7528254389762878
0,0,0.015617448836565018
0,0,4.135031758778496e-06
1,1,0.9999281167984009
1,1,0.9569717049598694
1,1,0.9982505440711975
0,0,5.529425834538415e-06
1,1,0.9973414540290833
0,0,0.18527191877365112
0,0,0.2824106812477112
1,1,0.9985004663467407
0,0,0.043535925447940826
0,0,0.22331705689430237
0,0,0.006842730566859245
0,0,0.0037052843254059553
1,1,0.9761975407600403
0,0,6.361569830914959e-06
0,0,0.0203933734446764
1,1,0.9913217425346375
1,1,0.9892168045043945
1,1,0.995074450969696
1,1,0.9997816681861877
1,1,0.9805591702461243
0,0,9.106403922487516e-06
1,1,0.9995452761650085
1,1,0.9998229146003723
1,1,0.9992989301681519
0,0,0.0047489190474152565
0,0,0.4340522289276123
0,0,0.00276861060410738
1,1,0.9972628355026245
0,0,5.0696787212700656e-08
0,0,0.0001082348680938594
0,0,0.0008242594776675105
1,1,0.8851243257522583
1,1,0.9448943734169006
0,0,0.04923964664340019
0,0,0.014251475222408772
1,1,0.7058265805244446
0,0,0.004562803078442812
1,1,0.9992541670799255
0,0,0.424236536026001
0,0,0.00011774043377954513
1,1,0.9954391121864319
1,1,0.9947732090950012
1,1,0.9941670894622803
1,1,0.5519776940345764
1,1,0.9994484782218933
1,1,0.9297932982444763
0,0,0.007999311201274395
1,1,0.9988263249397278
1,1,0.9999089241027832
0,0,0.0003692075260914862
1,1,0.9999769926071167
1,1,0.9993641972541809
1,1,0.6440536379814148
1,1,0.9999825954437256
1,1,0.9393724203109741
0,0,0.11801186203956604
0,0,0.12190666049718857
0,0,0.19595755636692047
1,1,0.9999715089797974
0,0,0.3021737337112427
0,0,0.0008769044070504606
1,1,0.994917631149292
0,0,0.20424868166446686
1,1,0.999336302280426
0,0,0.006125241983681917
0,0,0.16095122694969177
0,0,0.0036963142920285463
0,0,0.0002470829931553453
1,1,0.9999810457229614
1,1,0.9975771307945251
0,0,2.4514169126632623e-05
0,0,2.1297779312590137e-05
1,1,0.9997521042823792
0,1,0.9223002791404724
0,1,0.5213272571563721
0,0,0.031222181394696236
1,1,0.999607503414154
0,0,0.0013460891786962748
0,0,2.753403714450542e-05
1,1,0.8217062950134277
1,1,0.9973626732826233
0,0,0.001934804255142808
1,0,0.12162939459085464
1,1,0.9925872683525085
0,0,3.258039100728638e-07
1,1,0.9999755620956421
0,0,0.06612642109394073
0,0,0.38186466693878174
0,0,0.013106422498822212
1,1,0.9844406843185425
1,1,0.912777304649353
1,1,0.999553382396698
0,0,6.7037994995189365e-06
1,1,0.9746613502502441
1,1,0.9650318622589111
1,1,0.9965935349464417
1,1,0.9906438589096069
1,1,0.9988077878952026
1,1,0.9892250895500183
1,1,0.999453604221344
1,1,0.9969505071640015
1,1,0.9998654127120972
0,0,0.01812109723687172
1,1,0.9996032118797302
1,1,0.9993804693222046
1,1,0.9995588660240173
1,1,0.999195396900177
0,0,0.012848171405494213
1,1,0.9951801300048828
1,1,0.9999974966049194
1,1,0.9986390471458435
1,1,0.998164713382721
0,0,0.0026364328805357218
1,1,0.990885317325592
1,1,0.9971936941146851
0,0,0.01866116002202034
0,0,0.004741300828754902
0,0,0.017908209934830666
1,1,0.9953851103782654
1,1,0.9950953722000122
0,0,0.012817757204174995
1,1,0.9978311657905579
0,0,0.012592612765729427
1,1,0.9999022483825684
1,1,0.963380753993988
0,0,0.00022088270634412766
1,1,0.9983251690864563
0,0,0.4131300449371338
1,1,0.9999854564666748
0,0,0.24042530357837677
0,0,0.0027514412067830563
0,0,0.133113831281662
0,0,0.009357680566608906
0,0,2.842640969902277e-05
1,1,0.8266558051109314
0,0,0.02314661256968975
1,1,0.9994425177574158
0,0,0.0009506919304840267
1,1,0.9980729818344116
1,1,0.7813234925270081
1,1,0.9915058016777039
0,0,0.013952495530247688
0,0,0.002868297044187784
0,0,0.0008864706032909453
0,0,0.05685188248753548
0,0,0.0002714148140512407
1,1,0.9992731213569641
1,1,0.997308611869812
1,1,0.914845883846283
0,0,0.0731046125292778
1,1,0.9983955025672913
1,1,0.996635377407074
0,1,0.7592287063598633
0,0,0.17305366694927216
1,1,0.5715867877006531
1,1,0.999993085861206
0,0,0.19971655309200287
0,0,5.067892561783083e-05
0,0,9.155537838978489e-08
0,0,0.005171740427613258
0,0,0.00043815208482556045
0,0,0.00029874808387830853
0,0,0.020439201965928078
0,0,0.004578751511871815
0,0,0.0003120039764326066
0,0,0.00034624451654963195
1,1,0.9995063543319702
1,1,0.9978390336036682
0,0,0.001727298367768526
1,1,0.9998384714126587
1,0,0.3430924117565155
0,0,0.14602544903755188
1,1,0.996766209602356
1,1,0.9999622106552124
1,1,0.9921038150787354
0,0,0.0005696521257050335
0,0,0.003129902994260192
0,1,0.97542804479599
0,0,6.773968925699592e-05
0,0,0.006389355752617121
0,0,0.07946035265922546
0,0,0.001139816828072071
1,1,0.9423065781593323
0,0,3.905461198883131e-06
0,0,0.35525035858154297
0,0,0.002353641437366605
1,1,0.998174786567688
1,1,0.627475380897522
0,0,0.01289309374988079
0,0,0.23549380898475647
1,1,0.9981436729431152
0,1,0.8274253606796265
1,1,0.9753324389457703
1,1,0.9998726844787598
1,1,0.9969732761383057
0,0,0.06067681685090065
1,1,0.9999637603759766
0,1,0.9490046501159668
1,1,0.9998422861099243
1,1,0.9983304142951965
0,0,0.04898636043071747
0,0,0.2872330844402313
0,0,0.011395229026675224
0,0,0.052097439765930176
1,0,0.2511439621448517
1,1,0.9544013738632202
1,1,0.9926620721817017
0,0,2.0052002582815476e-05
0,0,0.19594083726406097
0,0,7.08234729245305e-05
1,1,0.9913346171379089
1,1,0.9625320434570312
1,1,0.9999403953552246
1,1,0.9994276165962219
1,1,0.7082822918891907
0,0,0.014010612852871418
0,0,0.0002945704327430576
1,1,0.9992526173591614
0,0,0.000434594665421173
0,0,6.196794856805354e-05
1,1,0.9999302625656128
1,0,0.020101560279726982
1,1,0.9972895383834839
0,0,0.014049016870558262
1,1,0.9999969005584717
0,0,0.0003646274271886796
0,0,0.000152427121065557
0,0,3.889782237820327e-05
1,1,0.9788074493408203
0,0,0.06777923554182053
0,0,0.00028622112586162984
0,0,1.2514116178863333e-06
1,1,0.9842811822891235
1,1,0.9981903433799744
0,0,0.056662097573280334
0,0,0.0003476240672171116
0,0,0.008538777939975262
1,1,0.9972915053367615
1,1,0.9999979734420776
1,1,0.9980863332748413
0,0,0.33299171924591064
0,0,0.010653018020093441
0,0,0.001077867578715086
0,0,2.8337768526398577e-05
0,0,0.004029202274978161
0,0,0.036218415945768356
0,1,0.5231285691261292
0,0,0.05618749558925629
0,0,0.0013425133656710386
1,1,0.9734594821929932
0,0,0.010543418116867542
1,1,0.9921835064888
0,0,0.0009360949625261128
0,0,0.0006398545228876173
0,0,6.513367407023907e-05
0,0,0.012845673598349094
1,1,0.9999853372573853
1,1,0.99921715259552
1,1,0.9999927282333374
1,1,0.9936422109603882
0,0,0.00021287129493430257
1,1,0.997821569442749
0,0,0.0001521703670732677
1,1,0.9999967813491821
0,0,0.01487345527857542
0,0,0.004768732003867626
1,1,0.9804952144622803
0,0,0.07997311651706696
0,0,0.0027082066517323256
1,1,0.9998190999031067
1,1,0.9874895215034485
0,0,0.06183662265539169
0,0,0.03152025490999222
0,0,0.08799732476472855
0,0,5.097925532027148e-05
1,1,0.9969066977500916
0,0,0.002606953028589487
0,1,0.585670530796051
1,1,0.9988609552383423
1,1,0.9989591836929321
1,1,0.999576985836029
1,0,0.24265891313552856
1,1,0.9994489550590515
1,1,0.9998362064361572
1,1,0.8696732521057129
0,1,0.9298728704452515
0,0,0.022310232743620872
0,0,0.07794221490621567
1,0,0.17889638245105743
1,1,0.9994687438011169
1,1,0.9985692501068115
0,0,0.1247895359992981
1,1,0.9816538095474243
1,1,0.7968858480453491
1,1,0.9752845764160156
1,1,0.9026367664337158
1,1,0.9989602565765381
0,1,0.8343157172203064
0,0,0.0004350759263616055
1,1,0.9996962547302246
0,0,2.140349351975601e-05
1,1,0.9921445250511169
0,0,0.013639175333082676
0,0,5.5678741773590446e-05
0,0,3.273422862548614e-06
0,0,0.0004705648752860725
1,1,0.997020423412323
0,0,3.59525547537487e-05
0,0,4.995457857148722e-05
0,1,0.5800086855888367
0,0,0.137858048081398
0,0,0.0024092693347483873
1,1,0.9999351501464844
1,1,0.9888319969177246
1,0,0.3282184898853302
0,0,0.002946840599179268
0,0,0.00019549251010175794
1,1,0.9837454557418823
1,1,0.8720242381095886
1,1,0.9996907711029053
1,1,0.8151803016662598
1,1,0.9981529116630554
1,1,0.9998303651809692
1,0,0.21080636978149414
0,0,0.0017848187126219273
1,1,0.9983114004135132
1,1,0.9983235001564026
0,0,3.823722636298044e-06
1,1,0.9923753142356873
0,0,0.0002598797727841884
1,1,0.9620331525802612
1,1,0.9994383454322815
0,0,0.1586761325597763
1,1,0.8938580751419067
1,1,0.9642778635025024
1,1,0.9974806904792786
0,0,6.302801193669438e-05
1,1,0.9908294677734375
0,0,0.12884071469306946
0,0,0.0035232172813266516
0,0,0.053270868957042694
1,1,0.9999065399169922
1,1,0.9937416911125183
1,1,0.9999990463256836
0,0,0.12880003452301025
1,1,0.9682297706604004
0,1,0.6066153645515442
0,0,0.00021456752438098192
0,1,0.6045083999633789
1,1,0.9995545744895935
1,1,0.9849743843078613
0,0,8.970182534540072e-05
0,0,0.00017262125038541853
1,1,0.9999992847442627
1,0,0.1751742660999298
1,1,0.9648587107658386
0,0,0.04383346438407898
0,0,0.026607898995280266
1,1,0.9999840259552002
1,1,0.9969246983528137
1,1,0.9984431862831116
1,1,0.9966650605201721
1,1,0.9370317459106445
1,1,0.9998743534088135
1,1,0.9681810140609741
1,1,0.9970019459724426
1,1,0.999982476234436
1,1,0.9996246099472046
1,1,0.9209412336349487
0,0,0.015614312142133713
1,1,0.9982033967971802
0,0,0.0076701524667441845
0,0,0.01188215333968401
0,0,0.43323731422424316
0,0,0.07477996498346329
1,1,0.9825249314308167
1,1,0.9999396800994873
1,1,0.9996374845504761
1,0,0.23225319385528564
0,0,0.0009627233957871795
0,0,0.00017003541870508343
0,0,0.37616103887557983
0,0,0.05673115327954292
0,0,2.5589374175183366e-08
0,0,0.025246139615774155
0,0,0.05981932207942009
0,0,0.0005939865950495005
1,1,0.9999972581863403
0,0,0.4429599344730377
0,0,0.028841841965913773
0,0,0.000308871763991192
0,0,0.006992992013692856
0,0,0.008691517636179924
1,1,0.9964497089385986
1,1,0.9999096393585205
0,0,0.002566778799518943
1,1,0.9998965263366699
0,0,0.0031275355722755194
1,1,0.9994481205940247
1,1,0.9999508857727051
0,0,3.217621997464448e-05
0,0,0.030605105683207512
1,1,0.9998010993003845
0,0,0.010730266571044922
0,0,0.14468719065189362
1,1,0.9998335838317871
0,0,0.0010544996475800872
0,0,0.0021864010486751795
0,0,0.0031472400296479464
1,1,0.9973824620246887
0,0,0.3636877238750458
1,1,0.9838410019874573
0,0,0.001372989732772112
0,0,5.9739228163380176e-05
1,1,0.9998605251312256
0,1,0.5095900893211365
1,0,0.03742329403758049
1,1,0.9999535083770752
1,1,0.9999876022338867
0,0,8.732695278013125e-05
1,1,0.9795798063278198
1,1,0.9998891353607178
1,1,0.9996956586837769
0,0,0.0005221492028795183
0,0,0.027797065675258636
1,1,0.6052681803703308
0,0,0.07384180277585983
1,1,0.9955567717552185
1,1,0.99936443567276
0,0,0.0007167915464378893
0,0,0.04452984780073166
1,1,0.9972151517868042
0,0,0.004792350810021162
1,1,0.9965817332267761
1,1,0.9866209030151367
1,1,0.9572958946228027
1,1,0.9271872639656067
1,1,0.9988932013511658
1,1,0.8061966300010681
0,0,0.006273685488849878
1,0,0.0010178835364058614
1,1,0.9999854564666748
1,1,0.9976983666419983
1,1,0.9964359998703003
1,1,0.9992002844810486
1,1,0.9981628060340881
0,0,0.004143700934946537
0,0,0.006473672576248646
1,1,0.8850602507591248
1,1,0.9999988079071045
0,0,4.37551861978136e-05
0,0,3.3835462090792134e-05
1,1,0.9999955892562866
0,0,0.008582997135818005
0,0,0.00026712907128967345
0,0,0.0014178785495460033
0,0,0.0004844402428716421
0,0,0.0021945189218968153
0,0,7.76676824898459e-05
1,1,0.9631384015083313
0,1,0.9607884883880615
0,0,5.1341794460313395e-05
0,0,0.0003030950319953263
0,0,0.344829261302948
0,0,0.34572237730026245
0,0,2.4035566639213357e-06
0,0,0.002940903417766094
0,1,0.9797836542129517
0,0,0.03473779186606407
0,0,0.00022322557924780995
0,0,0.07231626659631729
1,1,0.6904637813568115
1,1,0.9996258020401001
1,1,0.9998871088027954
1,1,0.9831271171569824
1,1,0.9983381032943726
1,1,0.9999823570251465
0,0,0.0021434971131384373
1,1,0.9999997615814209
1,1,0.999754011631012
0,0,0.003331885440275073
0,0,0.04881187528371811
1,1,0.9999532699584961
1,1,0.9955195188522339
0,1,0.6339148879051208
0,0,0.0013880121987313032
1,1,0.9992938041687012
1,1,0.896253764629364
1,1,0.9998441934585571
0,0,0.010914737358689308
1,1,0.9574845433235168
1,1,0.9281671643257141
0,0,0.3989161252975464
1,1,0.998508632183075
1,1,0.9386518001556396
1,1,0.9960009455680847
1,1,0.9998351335525513
0,0,0.3657592535018921
0,0,1.8754071788862348e-05
1,1,0.9983275532722473
1,1,0.9999703168869019
1,1,0.9882678389549255
1,1,0.9607477784156799
1,1,0.9998151659965515
1,1,0.9953562617301941
1,1,0.9999945163726807
0,0,0.005454132333397865
1,1,0.5212228894233704
0,0,0.001863335375674069
0,0,0.0002972777292598039
0,0,8.137687837006524e-05
1,1,0.999880313873291
0,0,0.009878517128527164
1,1,0.9997357726097107
0,0,0.002006314694881439
1,1,0.9985660910606384
1,0,0.16284115612506866
0,0,0.057753752917051315
0,0,6.576591840712354e-05
0,1,0.879860520362854
0,0,0.006827640347182751
0,0,0.08982060104608536
0,0,0.013607502914965153
0,0,0.09000248461961746
0,0,0.000719388946890831
1,1,0.927619218826294
1,1,0.9971070885658264
0,0,0.03932603448629379
0,0,6.57868156395125e-07
1,0,0.44186821579933167
0,0,0.014605995267629623
0,0,0.34148579835891724
1,1,0.5593197345733643
0,0,0.0263708233833313
0,0,0.3593718111515045
0,0,0.32142263650894165
0,0,0.13869181275367737
0,0,4.813435225514695e-05
0,0,0.2098207026720047
1,1,0.5872479677200317
1,1,0.9619422554969788
1,1,0.9967003464698792
0,1,0.7383798360824585
1,1,0.9749310612678528
1,1,0.8738557696342468
1,1,0.9999994039535522
0,0,0.0167405903339386
1,1,0.9992254972457886
0,0,0.1177494078874588
1,1,0.9998401403427124
0,1,0.9507610201835632
0,1,0.8280237913131714
0,0,0.0008966739987954497
1,1,0.9974464178085327
0,0,0.0004611071490217
0,0,0.0038592221681028605
0,0,0.00029764414648525417
1,1,0.9729359745979309
1,1,0.9997847676277161
0,0,0.00017868124996311963
0,0,0.0006990649271756411
1,1,0.9985783100128174
1,1,0.8699465394020081
0,0,0.021512316539883614
0,1,0.7373003363609314
0,0,0.00017352659779135138
0,0,0.008352993056178093
0,0,0.00032873591408133507
1,1,0.981113076210022
1,1,0.9991512298583984
0,0,0.16864420473575592
1,1,0.9909080266952515
1,1,0.999222993850708
0,1,0.9654922485351562
0,0,0.3000151216983795
0,0,0.027373498305678368
1,1,0.9998278617858887
1,1,0.9096794128417969
1,1,0.9998942613601685
1,1,0.9999535083770752
1,1,0.6487300992012024
1,1,0.9998713731765747
0,1,0.9908419847488403
0,0,9.756801591720432e-05
1,0,0.17059089243412018
1,1,0.9970479607582092
0,0,5.33392776560504e-05
0,0,0.0532497838139534
0,0,0.016586434096097946
1,1,0.9987058639526367
0,0,7.626914157299325e-05
1,1,0.9655592441558838
0,0,0.050468530505895615
1,1,0.9999979734420776
1,1,0.5172669291496277
0,0,1.049261300067883e-05
1,1,0.9983795881271362
0,0,1.7004465917125344e-05
1,0,0.20592200756072998
1,1,0.9494363069534302
1,1,0.8252643346786499
0,0,0.04304184019565582
0,0,0.19511966407299042
0,1,0.8154184818267822
0,1,0.6066553592681885
1,1,0.9798096418380737
0,1,0.9375499486923218
0,0,0.043441854417324066
1,1,0.8694195747375488
1,1,0.999850869178772
1,1,0.9995951056480408
1,1,0.9999852180480957
0,0,0.0016102897934615612
1,1,0.9999071359634399
0,0,0.07806296646595001
0,0,0.03191986680030823
0,0,0.00023055990459397435
1,1,0.9998564720153809
1,1,0.9991660118103027
1,1,0.9975473284721375
0,0,0.10632630437612534
0,0,0.44031044840812683
1,1,0.9837432503700256
0,0,9.040295481099747e-07
1,1,0.8746852874755859
0,0,0.0006580565241165459
1,1,0.999792754650116
1,1,0.7510589957237244
1,1,0.9968859553337097
1,1,0.9999806880950928
1,1,0.9999997615814209
1,1,0.9543893337249756
1,1,0.9997461438179016
1,1,0.9973684549331665
1,1,0.9977635145187378
1,1,0.9998495578765869
1,1,0.9924401044845581
1,1,0.9926543235778809
1,1,0.9997308850288391
1,1,0.9985529780387878
0,0,0.03193582221865654
0,0,0.19591908156871796
0,0,0.005349039565771818
0,0,0.0027859348338097334
1,1,0.9999957084655762
0,0,9.973192936740816e-05
1,1,0.9999866485595703
1,1,0.9969064593315125
1,0,0.48222774267196655
1,1,0.9231621026992798
1,1,0.9999018907546997
1,1,0.9998396635055542
0,1,0.7985113859176636
0,0,0.06389680504798889
1,0,0.05243530869483948
1,1,0.860004186630249
1,1,0.999521017074585
1,0,0.48626792430877686
1,0,0.045795876532793045
1,1,0.9999957084655762
0,0,0.00041776735452003777
1,1,0.9999904632568359
1,1,0.9991853833198547
0,0,0.001798365730792284
1,1,0.9919772744178772
1,1,0.8945558667182922
0,0,0.08621323108673096
1,1,0.9972409009933472
0,0,0.0018464222084730864
1,0,0.4645676612854004
1,1,0.9916326403617859
1,1,0.9574958682060242
1,1,0.9887188673019409
0,0,2.2243595765303326e-07
0,1,0.9583145380020142
1,1,0.9983283877372742
1,1,0.9997135996818542
1,1,0.9791492819786072
0,0,0.00018485485634300858
1,1,0.9986764788627625
1,1,0.9959807395935059
0,0,0.0003865018079522997
1,1,0.8304541110992432
1,1,0.9979277849197388
1,1,0.99699866771698
1,1,0.9992179870605469
0,0,0.16947150230407715
1,1,0.9545813798904419
1,1,0.916374146938324
1,1,0.9973611235618591
1,1,0.8680697083473206
1,1,0.9852081537246704
1,1,0.9752348065376282
0,0,0.0035837865434587
0,0,0.10344167053699493
0,0,0.4844592213630676
0,0,0.0002132074732799083
0,0,0.017365800216794014
1,1,0.9803784489631653
1,1,0.9876696467399597
1,0,0.40167978405952454
0,1,0.5468552708625793
0,0,0.14985668659210205
0,0,0.03375549986958504
1,1,0.9991533756256104
1,1,0.9997621178627014
1,1,0.9966238737106323
1,1,0.9895673394203186
0,0,0.00013827213842887431
1,1,0.9991771578788757
1,1,0.9860889315605164
0,0,0.02028913050889969
1,1,0.9991908669471741
0,0,0.014012048952281475
0,1,0.6230241060256958
1,1,0.9667217135429382
1,1,0.9847646951675415
1,1,0.9997249245643616
1,1,0.9998781681060791
1,1,0.9931689500808716
0,0,0.03255930915474892
1,1,0.9998416900634766
1,1,0.9999182224273682
1,1,0.9939157366752625
1,1,0.8915217518806458
1,1,0.9997615218162537
0,0,0.0035282415337860584
1,1,0.9995332956314087
0,1,0.9283287525177002
1,1,0.9996563196182251
1,0,0.022595182061195374
0,0,0.04973313957452774
0,0,0.00450168875977397
1,1,0.9999297857284546
0,1,0.9413573145866394
1,1,0.9932333827018738
1,1,0.9751073718070984
1,1,0.7728086113929749
1,1,0.99993896484375
1,1,0.9904730916023254
0,0,6.653169839410111e-05
0,0,0.0006727034342475235
0,0,0.0030910070054233074
0,0,0.0011945127043873072
0,0,0.0010724022286012769
1,1,0.9631327390670776
1,1,0.9939894676208496
0,1,0.6793213486671448
0,0,2.2946429453440942e-05
1,1,0.9998635053634644
1,1,0.9999908208847046
1,1,0.9999898672103882
1,1,0.9999165534973145
1,1,0.9999293088912964
1,1,0.999964714050293
1,1,0.9935036301612854
1,1,0.9998769760131836
0,0,0.0026429961435496807
1,1,0.9766331911087036
1,1,0.998569130897522
1,1,0.9979554414749146
1,1,0.9875231385231018
1,1,0.8078712821006775
0,0,5.437287654785905e-06
1,1,0.9633848667144775
1,1,0.9017571210861206
0,0,0.004201527684926987
1,1,0.9954873919487
1,1,0.9938982725143433
1,1,0.9887595176696777
1,1,0.9679951071739197
1,1,0.9596406817436218
0,0,1.5402326880575856e-06
1,1,0.9622394442558289
0,0,0.00505270529538393
1,1,0.9776445627212524
0,0,2.1598694729618728e-05
1,1,0.9926498532295227
1,1,0.9959595799446106
1,1,0.9551015496253967
0,0,5.943817086517811e-05
1,1,0.9976769089698792
1,1,0.9998158812522888
0,0,0.0017846827395260334
0,0,0.09148848056793213
0,0,0.0025424081832170486
1,1,0.9999842643737793
1,1,0.9909005165100098
1,1,0.998681366443634
0,0,0.0004576639039441943
1,1,0.9999439716339111
1,1,0.9737116694450378
1,1,0.823817253112793
1,1,0.9997517466545105
1,1,0.9945563077926636
0,0,0.0003716849023476243
1,1,0.811897337436676
1,1,0.9999539852142334
0,0,0.00011228600487811491
0,0,0.004636719822883606
1,1,0.9186619520187378
1,1,0.9998960494995117
1,1,0.9981142282485962
1,1,0.9990715980529785
1,1,0.9980497360229492
1,1,0.9619536399841309
1,1,0.9861400127410889
0,0,0.13151362538337708
1,1,0.9962544441223145
0,0,0.003917466849088669
0,0,0.00267338240519166
0,0,0.00016597942158114165
0,0,0.0007535022450610995
0,0,0.006399514619261026
1,1,0.9994662404060364
1,1,0.9915333390235901
1,1,0.9989680051803589
0,0,0.0004104936379007995
0,1,0.8211749792098999
0,0,0.0012072633253410459
0,1,0.9259994029998779
1,1,0.9998517036437988
0,0,0.07639099657535553
1,1,0.9360524415969849
1,1,0.9997550845146179
0,0,0.014948694035410881
0,0,0.437290757894516
1,1,0.9996739625930786
1,1,0.9999217987060547
1,1,0.9999281167984009
1,1,0.9986531734466553
1,1,0.9994990825653076
1,1,0.9999812841415405
1,1,0.9995040893554688
1,1,0.9977433681488037
0,0,0.06226304918527603
1,1,0.9070556163787842
1,1,0.9981355667114258
1,1,0.748299777507782
1,1,0.9960256814956665
1,1,0.9897540211677551
1,1,0.9345465898513794
0,0,3.1870622478891164e-05
0,0,0.00010000066686188802
1,1,0.9737337231636047
1,1,0.9976133108139038
0,0,0.034981925040483475
0,0,0.0010458031902089715
1,1,0.9751843810081482
1,1,0.9944948554039001
1,1,0.9999363422393799
1,1,0.9515222907066345
0,0,0.3747754693031311
1,1,0.9995908141136169
0,0,0.004417717922478914
1,1,0.9861132502555847
1,1,0.9999992847442627
1,1,0.9976071119308472
1,0,0.0700174942612648
1,1,0.9958133101463318
1,1,0.9988217949867249
1,1,0.9965774416923523
0,1,0.7679955363273621
0,0,1.0895470040850341e-05
1,1,0.8632072806358337
1,1,0.9454461336135864
1,1,0.9955484867095947
1,1,0.9997912049293518
1,1,0.7054260969161987
0,0,0.00010726197069743648
1,1,0.9952672719955444
0,1,0.9740055203437805
1,1,0.9997773766517639
1,1,0.7297210097312927
1,1,0.9767580628395081
1,1,0.998504638671875
1,1,0.8502271175384521
0,0,2.8181861125631258e-05
1,1,0.9999984502792358
0,0,0.0013451518025249243
0,0,0.10318562388420105
0,0,0.3348390758037567
1,1,0.9977791905403137
0,0,4.916269062960055e-06
0,0,0.0002985393803101033
1,1,0.9589959383010864
0,0,0.002216353779658675
1,1,0.9979460835456848
1,1,0.9997579455375671
1,1,0.9968223571777344
1,1,0.9943547248840332
0,0,0.0016553087625652552
0,0,0.00799421314150095
0,0,0.016314741224050522
0,0,0.04797352850437164
1,1,0.9534522294998169
0,0,2.14819488064677e-06
1,1,0.9712480306625366
1,1,0.9498425126075745
0,0,0.1292852759361267
0,0,0.02351435087621212
1,1,0.8696799874305725
0,0,0.05221901088953018
1,1,0.9987409710884094
1,1,0.9995625615119934
0,0,1.7684700651443563e-05
0,0,2.2230446120374836e-05
0,0,0.0007361710304394364
0,1,0.5260111093521118
1,0,0.20087993144989014
0,0,0.10790670663118362
0,0,0.020812446251511574
0,0,0.05490395426750183
1,1,0.9993301630020142
0,0,0.000255056016612798
1,1,0.9998849630355835
0,0,0.0039979382418096066
1,0,0.40085238218307495
0,1,0.760917603969574
1,1,0.9989525079727173
0,0,0.0011790936114266515
0,0,0.0010586694115772843
0,0,0.000524063827469945
1,1,0.9865731000900269
1,1,0.8810674548149109
0,0,2.9756538424408063e-05
1,1,0.9592311978340149
0,0,0.014770113863050938
0,0,0.021435044705867767
1,1,0.9945923686027527
1,1,0.9968451261520386
0,0,0.01424513291567564
0,0,0.1792984902858734
0,0,0.008178029209375381
0,0,0.048181429505348206
0,0,5.429604061646387e-05
0,1,0.93328458070755
1,1,0.9794826507568359
1,1,0.9985231757164001
1,1,0.9999916553497314
1,1,0.8476573824882507
1,1,0.9973307847976685
0,1,0.7471846342086792
0,0,0.36505985260009766
1,1,0.9031779170036316
1,1,0.967758059501648
1,1,0.9615327715873718
1,1,0.9905346035957336
1,1,0.9999550580978394
0,0,0.0017220794688910246
1,1,0.8101645112037659
1,1,0.9930423498153687
1,1,0.9994571805000305
1,1,0.9893007874488831
1,1,0.9984386563301086
0,1,0.704254150390625
0,0,0.018445750698447227
1,1,0.9599605798721313
1,1,0.9999183416366577
1,1,0.9996059536933899
1,1,0.9996389150619507
1,1,0.9995823502540588
0,0,0.2126607447862625
0,0,3.3506074714750866e-07
1,1,0.9897017478942871
0,0,0.000999468844383955
1,1,0.9997692704200745
1,1,0.9990376234054565
0,0,0.0012385507579892874
1,1,0.9999768733978271
1,1,0.9446339011192322
1,1,0.9845172762870789
1,1,0.9967202544212341
0,0,0.1129840686917305
1,1,0.9985698461532593
0,0,0.0002527986653149128
0,0,0.00914814230054617
0,0,0.0007466085953637958
1,1,0.9999873638153076
1,1,0.9978272318840027
1,0,0.07608159631490707
1,1,0.9995253086090088
0,0,2.4442202629870735e-05
1,1,0.9985300302505493
0,0,0.000254496349953115
1,1,0.999911904335022
0,0,0.008264414966106415
0,0,0.005065005738288164
0,0,0.33876141905784607
0,0,0.00021286177798174322
1,1,0.9998538494110107
0,0,0.3804509937763214
0,0,0.038085415959358215
0,0,0.025965038686990738
1,1,0.9997941851615906
0,0,0.004475024063140154
1,1,0.9085404872894287
0,0,0.020601939409971237
1,1,0.8761278390884399
1,1,0.9964194297790527
0,0,5.225783752393909e-06
0,1,0.9104793667793274
0,0,0.002976076677441597
1,1,0.9645971059799194
0,0,0.0010599828092381358
0,0,0.0008639160078018904
1,1,0.9741840362548828
0,0,0.2246503084897995
0,0,0.1913851648569107
1,1,0.8768154978752136
0,0,0.000432175409514457
1,1,0.9929190278053284
1,1,0.9989246726036072
0,0,0.1908283680677414
0,0,0.0001245926396222785
1,1,0.9974310994148254
0,0,4.403564889798872e-05
1,1,0.9999814033508301
1,1,0.5032204389572144
0,0,3.9584800106240436e-05
0,0,0.006442966405302286
0,0,0.049280814826488495
1,1,0.9630261659622192
1,1,0.9551031589508057
0,0,0.3229891061782837
1,1,0.6329854726791382
1,1,0.6022939682006836
1,1,0.9334127306938171
1,1,0.9999599456787109
1,1,0.9998414516448975
0,1,0.558630108833313
0,0,0.21461839973926544
1,1,0.9195873141288757
0,0,0.0056199803948402405
0,0,0.0017510775942355394
1,1,0.9903166890144348
0,0,0.00017864191613625735
0,0,0.06624168157577515
1,1,0.9985750913619995
1,1,0.9003182053565979
0,0,0.006515837274491787
0,0,0.1810918003320694
1,1,0.999988317489624
1,1,0.5358373522758484
1,1,0.994082510471344
1,1,0.9994644522666931
0,0,3.469987495918758e-05
1,0,0.3691186010837555
1,1,0.880972146987915
0,0,0.27215367555618286
0,0,0.014474158175289631
1,1,0.529370129108429
1,0,0.006366106681525707
0,1,0.6843411922454834
1,1,0.9993897676467896
0,0,0.007719143759459257
1,0,0.1564357429742813
1,1,0.9024535417556763
0,0,0.0007232887437567115
1,1,0.9989345669746399
1,1,0.9992407560348511
1,1,0.9998942613601685
1,1,0.9797165989875793
0,0,0.011874938383698463
0,0,4.035153688164428e-05
1,1,0.9984995126724243
1,1,0.9690685272216797
1,1,0.5834428071975708
1,1,0.9999970197677612
0,0,9.082466476684203e-07
0,0,0.0009157625609077513
1,1,0.9900549650192261
0,0,0.007188585586845875
0,0,0.030016956850886345
0,0,0.00039655386353842914
0,0,0.000947505293879658
1,1,0.9782084822654724
0,0,0.11200112104415894
1,1,0.9680535197257996
1,1,0.9946892261505127
1,1,0.9970071911811829
0,1,0.8418846726417542
1,1,0.9540314674377441
0,0,0.000154967448906973
0,0,0.38506749272346497
0,0,5.749227057094686e-05
1,1,0.9894790053367615
0,0,0.00014043979172129184
0,0,0.0002588076167739928
0,0,0.00629641767591238
0,0,0.0008649168303236365
1,1,0.9532318711280823
1,1,0.9997666478157043
1,1,0.6733430027961731
1,1,0.9969210624694824
1,1,0.9437468647956848
0,0,0.00019664598221424967
0,0,0.09367102384567261
0,0,0.00061576790176332
1,1,0.9999741315841675
0,0,1.0126311735803029e-06
1,1,0.7240778207778931
1,1,0.9910118579864502
1,1,0.924523115158081
0,0,8.655551209812984e-05
0,1,0.6339168548583984
0,0,0.0009323029080405831
1,1,0.9990565180778503
1,1,0.9984276294708252
0,0,0.012053773738443851
1,0,0.1491946280002594
1,1,0.9998929500579834
0,0,3.143876529065892e-05
0,1,0.537749707698822
1,1,0.982029139995575
1,1,0.9823421835899353
0,0,0.009390159510076046
0,0,5.64738002140075e-05
0,1,0.5551369786262512
0,0,0.0775085985660553
0,0,1.0746423413365846e-06
0,0,0.0065726786851882935
0,0,0.001904865144751966
1,1,0.9998816251754761
1,1,0.9993346333503723
0,0,0.0005278254393488169
0,1,0.637758195400238
1,1,0.9869452118873596
0,0,0.0014036742504686117
1,1,0.8859465718269348
0,0,0.0007309538195841014
1,1,0.9983426332473755
0,0,0.012850523926317692
1,1,0.9993396401405334
0,0,0.0015616458840668201
0,0,0.0006621528882533312
1,0,0.4542044699192047
0,0,0.00041672540828585625
0,0,0.028642596676945686
0,0,0.0006870256620459259
0,0,1.4696594007546082e-05
1,1,0.9182340502738953
1,1,0.9996114373207092
0,0,1.47965877772549e-07
1,1,0.9963674545288086
1,1,0.8720260262489319
1,1,0.9399789571762085
0,0,3.616917092585936e-05
1,1,0.9998282194137573
0,0,0.017361024394631386
1,0,0.47862768173217773
1,1,0.9999589920043945
1,1,0.9963420033454895
0,1,0.8514798879623413
1,1,0.9991658926010132
1,1,0.9999293088912964
1,1,0.9993929862976074
0,1,0.692224383354187
1,1,0.9938428401947021
1,1,0.984184741973877
0,0,0.0035600168630480766
1,1,0.9811193943023682
0,0,0.09207084774971008
0,0,0.004654031712561846
1,1,0.9983553290367126
0,0,0.0016221319092437625
0,1,0.6538980007171631
0,0,0.0011959797702729702
1,1,0.9999656677246094
1,1,0.9999247789382935
0,0,0.05709845945239067
0,0,6.660979124717414e-05
0,0,0.0007752063684165478
0,0,0.03860228508710861
0,0,0.0001334327389486134
1,1,0.8406369090080261
0,0,0.011542894877493382
1,1,0.9685842394828796
0,0,0.004234525840729475
0,0,0.10694289952516556
1,1,0.9994810223579407
0,0,0.00182631507050246
1,1,0.9983770847320557
1,1,0.9996291399002075
0,0,0.12323679029941559
0,0,0.00016053387662395835
0,0,2.9519326290028403e-06
0,0,0.00400985311716795
1,1,0.9988000392913818
0,0,0.49947839975357056
0,0,0.032481640577316284
1,1,0.999946117401123
1,1,0.9995570778846741
0,0,0.09541918337345123
0,0,0.012301099486649036
1,1,0.9834541082382202
1,1,0.9999469518661499
0,0,0.43121659755706787
0,0,0.38087600469589233
0,0,0.00018634067964740098
0,0,0.0001905306417029351
0,0,0.018883896991610527
0,0,8.629636738533009e-08
1,1,0.9963757395744324
0,0,0.00012452149530872703
1,1,0.9406477212905884
1,1,0.9906269311904907
1,1,0.9764392375946045
1,1,0.9989346861839294
1,1,0.9995852112770081
1,1,0.9942756295204163
1,1,0.9827911257743835
0,0,0.0015305578708648682
0,0,0.00795840285718441
0,0,0.04539576917886734
1,0,0.4781080186367035
1,0,0.42569294571876526
1,1,0.9995356798171997
1,1,0.998789370059967
1,1,0.9999972581863403
0,1,0.7318414449691772
1,1,0.9984018206596375
1,1,0.9982889294624329
1,1,0.9992799162864685
1,1,0.9971386194229126
1,1,0.9999954700469971
0,0,0.005985874682664871
1,1,0.972380518913269
0,0,0.023070670664310455
0,0,0.0005653045373037457
0,0,1.6792215319583192e-05
1,1,0.9956910014152527
1,1,0.9533364772796631
1,1,0.9998364448547363
0,0,0.0006643978995271027
1,1,0.9796522259712219
1,1,0.9973891377449036
0,0,0.15479356050491333
1,1,0.9995054006576538
0,0,0.00232717115432024
0,0,0.11490682512521744
0,0,0.25719699263572693
1,1,0.9940766096115112
1,1,0.967217743396759
1,1,0.999247670173645
0,0,0.01170892920345068
0,0,0.02685457281768322
0,0,0.04349623993039131
0,0,0.3406895399093628
1,1,0.9994755387306213
0,0,0.11009794473648071
1,1,0.9999456405639648
0,1,0.816312313079834
1,1,0.9781973958015442
1,0,0.4661513566970825
1,1,0.9303857088088989
0,0,0.07641535252332687
0,0,0.004607336595654488
1,1,0.8274019360542297
1,1,0.9897638559341431
1,1,0.8976641893386841
1,1,0.9904616475105286
0,0,0.032515011727809906
1,0,0.1223054826259613
1,1,0.9940885305404663
0,0,0.021374007686972618
1,1,0.9999934434890747
1,1,0.9999622106552124
1,1,0.9713594913482666
0,0,0.11840933561325073
0,0,0.3123592734336853
0,0,0.0018383641727268696
1,1,0.9915661811828613
0,0,0.18445613980293274
0,0,0.10679683089256287
0,0,7.259974609041819e-06
0,0,0.00020054378546774387
0,0,0.0291366558521986
1,1,0.9966164231300354
1,1,0.9938894510269165
0,0,0.24933859705924988
0,0,0.0024572438560426235
0,0,7.40313989808783e-05
0,0,0.3692868649959564
0,0,0.09325692057609558
1,1,0.9925304055213928
0,0,0.04072048142552376
1,1,0.9998304843902588
1,1,0.9967297315597534
1,1,0.9989928603172302
0,0,0.15724800527095795
0,0,0.14820744097232819
0,0,0.005900103598833084
1,1,0.9941985607147217
1,1,0.9921877384185791
0,0,0.00012964480265509337
1,1,0.9999934434890747
1,1,0.9440650343894958
0,0,0.19836808741092682
0,0,3.103344715782441e-05
1,1,0.9980906844139099
1,1,0.9919130802154541
1,1,0.9999747276306152
1,1,0.9998107552528381
1,1,0.9217713475227356
1,1,0.8290069103240967
1,1,0.99664705991745
0,1,0.8986520767211914
1,1,0.9999740123748779
1,1,0.9999184608459473
1,1,0.9998487234115601
1,0,0.2580474615097046
1,1,0.9992768168449402
0,0,0.1802893429994583
0,0,0.11486397683620453
0,0,0.2214200347661972
1,1,0.9799067378044128
1,1,0.9997351765632629
1,1,0.993712842464447
0,0,0.08712899684906006
1,1,0.9756750464439392
1,1,0.9939168095588684
1,1,0.999927282333374
0,0,3.933667812816566e-06
0,0,0.0008365457179024816
1,1,0.9997425675392151
1,1,0.9999350309371948
1,1,0.9999532699584961
1,1,0.9966976642608643
1,1,0.9691499471664429
0,0,0.4244239926338196
1,0,0.49357759952545166
0,0,0.002349363872781396
1,1,0.9998944997787476
1,1,0.9975318908691406
0,0,0.00137245818041265
1,1,0.7608981728553772
0,1,0.8134694695472717
0,0,0.005326702259480953
1,1,0.9783801436424255
1,1,0.9999037981033325
1,1,0.9999107122421265
0,0,6.796278466936201e-05
1,1,0.9999542236328125
0,0,0.11604521423578262
0,0,0.0016475266311317682
0,0,0.08675669133663177
1,0,0.07936766743659973
1,1,0.9993034601211548
0,0,0.07639188319444656
0,0,0.0014757750323042274
0,0,4.929518127028132e-06
1,1,0.9999806880950928
1,1,0.9998503923416138
0,0,0.02140919119119644
0,0,1.8412751160212792e-05
0,0,0.11324463039636612
0,0,0.015773098915815353
1,1,0.9976568222045898
0,0,9.966665857064072e-06
1,1,0.998902440071106
0,0,0.007599767297506332
1,0,0.10296294838190079
0,0,0.021127918735146523
0,0,0.05958518385887146
0,0,0.0013521346263587475
0,1,0.9880235195159912
0,0,0.2514541447162628
1,1,0.9903721809387207
1,1,0.981567919254303
0,0,0.00011037578951800242
0,0,8.362840162590146e-05
1,1,0.9998486042022705
0,0,0.0012305998243391514
1,1,0.9992671608924866
1,1,0.9966991543769836
1,1,0.9394447207450867
0,0,0.004775614477694035
1,1,0.8987193703651428
0,0,5.1942901336587965e-05
0,0,0.016026658937335014
1,1,0.9273450970649719
1,1,0.997319757938385
1,1,0.999329686164856
1,1,0.9999924898147583
0,0,0.3799666166305542
1,1,0.9985342025756836
1,1,0.9920439720153809
0,0,0.18485620617866516
1,1,0.8461178541183472
1,1,0.9249972105026245
1,1,0.9996942281723022
0,0,0.08638489246368408
1,1,0.8887114524841309
0,0,0.0078318752348423
0,0,0.02182038687169552
0,0,0.02960505522787571
0,0,0.002438150579109788
0,0,0.001104731229133904
0,0,0.41761472821235657
0,0,0.00016237696399912238
0,1,0.8282846212387085
0,0,0.02306266501545906
0,0,8.509182225679979e-05
1,1,0.6606771945953369
0,0,0.003094141138717532
0,0,2.2284020815277472e-05
0,0,0.0004024877562187612
1,1,0.9795714616775513
1,1,0.9999445676803589
1,1,0.9990835189819336
1,1,0.9983344674110413
1,1,0.9916912317276001
1,1,0.9999241828918457
1,0,0.3146965205669403
1,1,0.9997017979621887
0,1,0.9951521158218384
0,0,0.05586358904838562
1,1,0.9863947629928589
1,0,0.0018430417403578758
1,1,0.9999833106994629
0,0,0.016595473513007164
1,1,0.9202628135681152
0,0,2.0862342353211716e-05
0,0,0.0006302795372903347
0,0,0.0005497211823239923
1,1,0.9980296492576599
0,0,0.04918471351265907
0,0,3.188436312484555e-05
1,1,0.9994319081306458
0,0,0.00555051676928997
0,0,0.020502980798482895
0,0,5.2578718168661e-05
0,0,0.006393326446413994
1,1,0.9542605876922607
1,1,0.9998599290847778
1,1,0.9997654557228088
0,0,1.276179409614997e-05
0,0,0.050887394696474075
0,0,0.0043921382166445255
0,1,0.8578774333000183
1,1,0.9987848401069641
0,0,0.029158389195799828
0,0,0.0013420097529888153
1,1,0.9999734163284302
1,1,0.9999669790267944
0,0,0.001259797951206565
1,1,0.9995941519737244
0,0,0.37408363819122314
1,1,0.9998689889907837
1,1,0.9942850470542908
0,0,0.3693233132362366
0,0,0.29678985476493835
1,1,0.9988501071929932
0,1,0.6437990665435791
1,1,0.9927037954330444
1,1,0.989810585975647
0,0,0.003997313790023327
1,1,0.9672111868858337
0,1,0.8663838505744934
1,1,0.9940207600593567
1,1,0.9957075119018555
0,0,0.084412582218647
0,0,0.00039514119271188974
0,0,0.05535787343978882
0,0,0.045634929090738297
0,0,0.45795583724975586
0,0,0.17034123837947845
0,0,0.0019887166563421488
0,0,4.30229956691619e-05
0,0,0.0020307551603764296
0,0,0.00010878148896154016
1,0,0.21392743289470673
1,0,0.17613108456134796
0,0,1.1956532034673728e-05
0,0,0.24604254961013794
1,0,0.37211453914642334
1,1,0.999987006187439
0,0,0.3624666929244995
1,1,0.9319254755973816
1,1,0.9957648515701294
0,0,0.0038411731366068125
1,1,0.9998586177825928
1,1,0.9927206039428711
0,1,0.9010011553764343
1,1,0.9994348883628845
0,0,0.44880950450897217
0,0,0.0006040826556272805
0,0,0.09205759316682816
0,0,2.7221074560657144e-05
1,1,0.998923122882843
1,1,0.9965980648994446
0,0,4.217386958771385e-05
1,1,0.9801539182662964
0,0,0.00021505109907593578
1,1,0.7368983030319214
1,1,0.9992173910140991
0,0,0.0018970094388350844
1,1,0.9948453903198242
1,0,0.45075857639312744
1,1,0.6778255105018616
1,1,0.9999192953109741
1,1,0.999542236328125
0,0,0.22651909291744232
1,1,0.957935631275177
0,0,0.001862892066128552
0,0,0.05644996091723442
1,1,0.9993746876716614
1,1,0.9857155680656433
1,0,0.044133421033620834
0,0,0.03640451282262802
0,0,0.001591938897036016
0,0,0.014008269645273685
0,0,0.0009671900188550353
1,1,0.9970256686210632
1,1,0.9936153888702393
1,1,0.9980379939079285
0,0,0.02535245753824711
1,1,0.9959698915481567
1,1,0.9293441772460938
1,0,0.3880315124988556
1,1,0.9999855756759644
0,0,1.9139208234264515e-05
0,0,0.00012866301403846592
0,0,0.26141035556793213
1,1,0.9999053478240967
1,1,0.9938105940818787
0,0,0.22150708734989166
1,1,0.999972939491272
0,0,0.1257394552230835
0,0,0.006382230669260025
1,1,0.7866044640541077
1,1,0.99988853931427
1,1,0.9999752044677734
1,1,0.9999786615371704
0,0,2.627214416861534e-05
0,0,2.1367577573983e-05
1,1,0.9999489784240723
1,1,0.9934090375900269
1,1,0.9977141618728638
0,0,0.006094785872846842
0,0,0.0006526081124320626
0,0,0.018918504938483238
0,0,0.002710467902943492
0,0,6.2835548305884e-05
0,0,0.006109199021011591
0,0,0.0007212434429675341
0,0,6.778585429856321e-06
0,1,0.6002430319786072
0,0,0.014992514625191689
1,1,0.9990088939666748
1,1,0.9986082911491394
1,1,0.9997708201408386
0,0,0.002390990499407053
0,0,0.0034773366060107946
0,0,0.0013823608169332147
1,1,0.9960107803344727
0,0,0.013626480475068092
0,0,0.07370787858963013
0,0,2.97213155135978e-05
1,1,0.9811131954193115
0,1,0.507332980632782
1,1,0.9183874726295471
1,1,0.9995436072349548
1,1,0.9784919023513794
1,1,0.9940522313117981
1,1,0.7918994426727295
0,0,0.0003398066037334502
0,0,0.1318168044090271
0,0,0.0010946632828563452
1,1,0.9993927478790283
1,1,0.8398810029029846
1,1,0.9997993111610413
1,1,0.9996640682220459
1,1,0.9988816380500793
0,0,0.05638856440782547
1,1,0.9640364050865173
0,0,2.2613423425354995e-05
1,1,0.9999676942825317
1,1,0.9999861717224121
1,1,0.9921831488609314
0,0,0.00043326744344085455
1,1,0.9995847344398499
1,1,0.9999535083770752
1,1,0.9890955090522766
0,1,0.7988827228546143
1,1,0.9991579055786133
0,0,3.755788929993287e-05
0,0,0.005439120344817638
0,0,0.21547521650791168
0,0,5.075372655483079e-07
1,1,0.9837020635604858
0,0,0.00044609440374188125
0,0,0.015645215287804604
0,0,0.0009618711774237454
1,1,0.9901294112205505
0,0,6.520844181068242e-05
0,0,0.02082044444978237
1,1,0.9996912479400635
0,0,0.03815091401338577
0,0,0.0009075704147107899
1,1,0.9422913193702698
1,1,0.9994825124740601
1,1,0.5656095147132874
0,1,0.8769270777702332
1,1,0.9965043067932129
0,0,0.0058059412986040115
0,0,0.001485923188738525
0,0,0.34339800477027893
0,1,0.5492496490478516
1,0,0.008400515653192997
0,1,0.7457544803619385
0,0,0.004603635519742966
1,1,0.9900509715080261
0,0,0.1666404902935028
1,1,0.9996004700660706
0,0,0.0011019832454621792
0,1,0.9936124682426453
0,0,0.36172181367874146
0,0,1.9742806216527242e-06
1,1,0.9742094874382019
0,0,0.05827080458402634
0,0,0.006175497081130743
1,1,0.9859561920166016
1,1,0.9977208971977234
1,1,0.999772846698761
1,1,0.9996788501739502
1,1,0.9996764659881592
1,1,0.9996004700660706
1,1,0.9948666095733643
1,1,0.9937273263931274
0,0,0.019588090479373932
1,1,0.9966921806335449
1,1,0.9753325581550598
1,1,0.8996075987815857
1,1,0.9995477795600891
0,0,0.011975334957242012
0,0,0.000865889829583466
1,1,0.9994999170303345
0,0,0.003595610847696662
1,1,0.9996141195297241
0,0,0.00267208949662745
1,1,0.999038577079773
0,0,1.934386273205746e-05
1,1,0.9999988079071045
1,1,0.9994301199913025
1,1,0.9999752044677734
0,0,0.00035811096313409507
1,1,0.9999899864196777
1,0,0.49528077244758606
0,0,4.7138255467871204e-05
0,0,0.02395699732005596
0,0,0.033221419900655746
1,1,0.999767005443573
0,0,4.9048205255530775e-05
1,1,0.9944741129875183
1,1,0.9991494417190552
0,0,0.0005108723416924477
1,1,0.9672629237174988
0,1,0.6602702736854553
1,1,0.9848772287368774
0,0,0.02093924954533577
0,0,9.899958240566775e-05
1,1,0.9999850988388062
1,1,0.9873884320259094
1,1,0.998923122882843
1,1,0.9819234013557434
0,0,0.00012580690963659436
0,0,0.03369792923331261
1,1,0.9986379742622375
0,0,0.0051118154078722
1,1,0.992972731590271
0,0,0.0028288469184190035
0,0,0.012294449843466282
0,1,0.8430801630020142
0,0,0.0024226808454841375
1,1,0.9958086013793945
1,1,0.8365201950073242
1,1,0.9996594190597534
1,1,0.9973610043525696
1,1,0.99078768491745
1,1,0.9999346733093262
1,1,0.9973849654197693
1,1,0.9986557960510254
0,0,0.0008139830315485597
1,1,0.9992353916168213
1,1,0.9994538426399231
0,0,0.17988239228725433
1,1,0.9997139573097229
1,1,0.9949148893356323
0,0,0.24909263849258423
1,1,0.9702898859977722
1,1,0.9899066090583801
0,0,0.0034979674965143204
0,0,4.4578973756870255e-05
1,1,0.9973451495170593
0,0,0.009194505400955677
0,0,0.00015956175047904253
1,1,0.9825698137283325
1,1,0.997805655002594
0,0,9.757340740179643e-05
1,0,0.2395293116569519
0,0,7.206159011730051e-07
1,1,0.6604936718940735
0,0,0.02591528370976448
0,0,0.02123517170548439
1,1,0.99272221326828
0,0,2.5877647203742526e-05
0,0,0.004186410456895828
0,0,0.06129315122961998
0,0,0.0006760174292139709
0,0,0.018357157707214355
1,1,0.9989386200904846
0,0,0.006895506288856268
0,0,1.5721096815468627e-06
1,1,0.9999728202819824
1,1,0.9994331002235413
0,0,0.44172757863998413
0,0,0.11298295110464096
1,1,0.992658793926239
1,1,0.998683750629425
1,1,0.9989620447158813
1,1,0.998371422290802
0,0,0.00014360109344124794
1,1,0.9997829794883728
0,0,0.0001275642862310633
0,0,3.1195897918223636e-06
1,1,0.9969791173934937
0,0,5.607266939477995e-05
0,0,0.10861082375049591
0,0,0.07825727760791779
0,0,1.4168226698529907e-05
0,0,0.0006432217196561396
1,1,0.9988705515861511
1,1,0.999414324760437
1,1,0.9988757967948914
0,1,0.9847185015678406
1,1,0.9984591007232666
0,0,0.0008541428833268583
0,0,7.344896175709437e-07
1,1,0.9998676776885986
1,0,0.17695562541484833
1,1,0.9997958540916443
1,1,0.9657878279685974
1,1,0.9991163611412048
1,1,0.8391373753547668
1,1,0.9154745936393738
1,1,0.9992496371269226
1,1,0.9999181032180786
0,0,0.29069823026657104
1,1,0.9992333650588989
1,1,0.999700665473938
1,1,0.9977949857711792
1,1,0.9988027811050415
1,1,0.6609305143356323
1,1,0.8625084757804871
0,0,0.011817658320069313
1,1,0.9991984963417053
0,0,0.008043898269534111
1,0,0.45294633507728577
1,1,0.9999674558639526
1,1,0.9988272786140442
0,0,0.038405079394578934
0,0,0.0015028214547783136
1,1,0.9986866116523743
0,0,3.3830430766101927e-05
0,0,0.46008116006851196
0,0,4.070327486260794e-05
0,0,0.00028855030541308224
1,1,0.9999469518661499
1,1,0.9931743741035461
1,1,0.99930739402771
0,0,0.0003554138820618391
1,1,0.9559493064880371
0,1,0.8955414295196533
1,0,0.4075598120689392
1,1,0.9993231296539307
1,1,0.9982677698135376
1,1,0.9926705360412598
0,0,0.01576993800699711
0,0,0.0002862339315470308
1,1,0.9992144107818604
1,1,0.9974341988563538
1,1,0.6958186626434326
0,0,0.003924981690943241
1,1,0.9997957348823547
1,1,0.9860712885856628
1,1,0.9895539283752441
0,0,0.04948965087532997
0,0,0.0026370887644588947
1,1,0.9991320967674255
1,1,0.9600592851638794
0,0,0.030330335721373558
1,0,0.3543919622898102
1,1,0.6770795583724976
0,0,7.03867117408663e-05
1,1,0.9968168139457703
0,1,0.959689199924469
0,0,0.00029633770463988185
0,0,0.01701536774635315
1,1,0.9951358437538147
0,0,0.0014791355933994055
1,0,0.39006897807121277
1,1,0.9999817609786987
1,1,0.999998927116394
1,1,0.9997530579566956
1,1,0.9996768236160278
1,1,0.9980155229568481
1,1,0.7259213328361511
1,1,0.9980996251106262
0,0,1.866765524027869e-05
0,1,0.7046554088592529
1,1,0.9999986886978149
1,1,0.9871960878372192
0,0,1.702651161394897e-06
0,1,0.9063500761985779
1,1,0.9999889135360718
1,1,0.9999499320983887
1,1,0.9966974258422852
0,0,0.007968313060700893
1,1,0.9984952211380005
1,1,0.9999982118606567
1,1,0.9997368454933167
1,1,0.997016191482544
1,1,0.9948930740356445
0,0,0.003976860549300909
0,0,0.00016518069605808705
1,1,0.9995073080062866
0,0,1.7234004189958796e-05
0,1,0.7882652282714844
0,0,0.038556892424821854
0,0,0.001032398664392531
1,1,0.9954202175140381
1,1,0.9998887777328491
1,1,0.999454915523529
1,1,0.8838476538658142
0,0,4.3173549784114584e-06
1,1,0.9998041987419128
0,0,0.12618489563465118
1,1,0.9998477697372437
0,0,0.01393857505172491
1,1,0.9500644207000732
1,1,0.9968127608299255
1,1,0.990815281867981
0,0,0.00028005873900838196
1,1,0.9998098015785217
1,1,0.9998262524604797
1,1,0.9999803304672241
1,1,0.9592897295951843
1,1,0.9999611377716064
1,1,0.992323637008667
0,0,0.003208739450201392
0,0,5.357055670174304e-06
1,1,0.9744611382484436
1,1,0.7497085332870483
1,1,0.9896278381347656
0,0,4.5281512939254753e-07
0,0,0.0007328081410378218
0,0,0.00012609561963472515
1,1,0.9191379547119141
1,1,0.9763373136520386
1,1,0.9069802761077881
1,1,0.9996392726898193
1,1,0.9965108036994934
1,1,0.9992596507072449
1,1,0.9376165866851807
1,1,0.9999650716781616
0,1,0.6282585263252258
1,1,0.9951775074005127
1,1,0.9830884337425232
1,1,0.9505143165588379
1,1,0.9999934434890747
0,0,0.0015838652616366744
1,1,0.9712852239608765
0,0,0.0010715847602114081
0,0,0.0009069376974366605
1,1,0.9593194723129272
1,1,0.9989187717437744
0,0,0.09006380289793015
0,0,0.016578013077378273
0,0,0.0017605728935450315
0,0,0.013110525906085968
0,0,7.172328423621366e-06
0,0,0.00026805492234416306
0,0,7.11940089104246e-08
0,0,0.0026990959886461496
1,1,0.9926935434341431
0,0,7.662671850994229e-05
0,0,0.0008695277501828969
1,1,0.9993014335632324
0,0,0.0004932844312861562
1,1,0.9995623230934143
1,1,0.9904277324676514
0,0,0.0001273698144359514
1,1,0.9964978694915771
0,0,0.16968263685703278
1,1,0.5077125430107117
1,1,0.9887175559997559
1,1,0.8909546732902527
1,1,0.9980078339576721
0,0,0.045705318450927734
0,0,0.12036480009555817
1,1,0.997531533241272
0,0,0.0014194260584190488
0,0,0.03567097336053848
1,1,0.7985840439796448
1,1,0.9999220371246338
1,1,0.9999185800552368
0,0,0.0013497002655640244
1,1,0.9999639987945557
1,1,0.9999816417694092
0,1,0.7002871036529541
0,0,0.0012394777731969953
1,1,0.9996956586837769
0,0,0.0010479195043444633
0,0,0.04982435330748558
1,1,0.9998718500137329
1,1,0.9998050332069397
0,0,0.15285705029964447
1,1,0.9982767105102539
0,0,0.0002877802471630275
0,0,0.001978519605472684
1,1,0.9999942779541016
1,1,0.9627351760864258
1,1,0.9894494414329529
1,1,0.9993780851364136
1,1,0.9996647834777832
0,0,0.08960839360952377
1,1,0.9986070990562439
0,0,0.03053494542837143
1,1,0.9999624490737915
1,1,0.9995090961456299
1,1,0.9857792854309082
0,0,0.00037577966577373445
0,0,0.0637674555182457
1,1,0.5030657649040222
1,1,0.9988722205162048
1,1,0.9788130521774292
1,1,0.9997538924217224
0,0,0.3771992623806
0,0,0.0007995634223334491
0,1,0.5846503973007202
0,1,0.8773331046104431
1,1,0.9987150430679321
1,1,0.9998880624771118
0,0,0.17305302619934082
0,0,2.6888199499808252e-05
1,1,0.7761085629463196
0,0,0.01056464109569788
0,0,0.0007244338630698621
0,0,0.014608221128582954
1,1,0.983018159866333
0,0,0.002207447774708271
0,1,0.6099932789802551
0,0,0.49433431029319763
1,1,0.9956249594688416
1,1,0.8731765747070312
1,1,0.9987794756889343
0,0,0.002431846223771572
1,1,0.857295572757721
1,1,0.9654091596603394
0,0,0.3621677756309509
1,1,0.6854609251022339
1,1,0.9993138313293457
1,1,0.9978647828102112
1,1,0.8843761086463928
1,0,0.22465690970420837
0,1,0.7365445494651794
0,0,0.003195419441908598
1,1,0.9954535961151123
1,1,0.8557751178741455
1,1,0.8362935185432434
1,1,0.9999966621398926
1,1,0.9995380640029907
1,1,0.9979992508888245
1,1,0.9786027073860168
1,1,0.9997768998146057
1,1,0.9997946619987488
1,1,0.9990123510360718
1,1,0.9968090653419495
0,0,0.020010411739349365
0,0,0.00031635304912924767
1,1,0.9999812841415405
0,0,0.017054099589586258
0,0,0.28799131512641907
1,1,0.999774158000946
1,0,0.010898368433117867
1,1,0.904043972492218
1,1,0.999882698059082
1,1,0.8360832333564758
0,0,0.16745014488697052
1,1,0.9956913590431213
1,0,0.26860281825065613
0,0,0.01585267297923565
0,1,0.9940913319587708
1,1,0.9998273253440857
1,1,0.9999573230743408
0,0,5.1193612307542935e-05
1,1,0.866660475730896
1,1,0.9895368814468384
1,1,0.9953442215919495
1,1,0.9922245740890503
0,1,0.667041003704071
1,1,0.999803364276886
0,0,0.0031577926129102707
0,0,0.03544514626264572
0,0,0.0003777720557991415
0,0,0.2902061939239502
1,1,0.9986159801483154
0,0,0.2919660210609436
1,1,0.963164746761322
0,0,0.00032533067860640585
1,1,0.9997904896736145
1,1,0.9998130202293396
1,1,0.9901846647262573
0,0,0.0002562789886724204
1,1,0.992470383644104
1,1,0.9999841451644897
1,1,0.9628407955169678
1,1,0.9988100528717041
0,0,0.01610163412988186
1,1,0.9198282361030579
1,1,0.9930410385131836
0,0,0.014688782393932343
1,1,0.7768773436546326
1,1,0.9999804496765137
1,1,0.9964643716812134
1,1,0.9998860359191895
0,0,0.0016156135825440288
0,0,6.648819544352591e-05
0,0,0.006886535789817572
1,1,0.9343539476394653
1,1,0.9999676942825317
1,1,0.9971480965614319
1,1,0.9999899864196777
1,1,0.8078016638755798
0,0,0.15687823295593262
1,1,0.8642228841781616
0,0,0.0016843306366354227
0,1,0.7464525103569031
1,1,0.9999324083328247
0,0,0.009041732177138329
1,1,0.8427794575691223
1,1,0.9985631108283997
1,1,0.997057318687439
1,1,0.8697710037231445
1,1,0.5665774345397949
1,1,0.9448557496070862
0,0,0.00027509519713930786
1,1,0.8928700685501099
1,1,0.9963789582252502
1,1,0.9743278622627258
1,1,0.9347428679466248
1,1,0.9999761581420898
0,1,0.9326053857803345
1,1,0.9957214593887329
1,1,0.9799422025680542
1,1,0.9999949932098389
0,0,0.3078373074531555
0,0,0.019575849175453186
1,1,0.999479353427887
0,0,0.001800719415768981
0,0,9.236400728696026e-06
0,1,0.9514322876930237
0,0,0.00020118728571105748
0,0,1.940644324349705e-05
0,0,0.31865331530570984
1,1,0.8317535519599915
0,0,0.06978505104780197
0,0,0.0364798866212368
1,1,0.9999102354049683
1,1,0.9901580214500427
1,1,0.9994833469390869
1,1,0.9097941517829895
0,0,0.026699628680944443
0,0,0.18401849269866943
1,1,0.9994939565658569
0,0,0.00286105927079916
1,1,0.9950012564659119
1,1,0.9889441728591919
0,0,2.861032271539443e-06
0,0,0.0008605008479207754
0,0,0.00856869388371706
0,0,0.0009556463337503374
1,1,0.9992577433586121
0,0,0.0016775563126429915
1,1,0.9993302822113037
0,0,0.00024511764058843255
1,1,0.9997739195823669
0,0,0.13265223801136017
1,1,0.9917431473731995
1,1,0.9968684315681458
0,0,3.158192339469679e-05
1,1,0.9899116158485413
1,1,0.9933986663818359
1,1,0.9981322884559631
0,0,0.025946173816919327
1,1,0.9999698400497437
1,1,0.999969482421875
1,1,0.9945549964904785
0,0,0.00033107592025771737
1,1,0.9813578724861145
0,0,0.0005946921883150935
1,1,0.6613274216651917
1,1,0.9969350099563599
1,1,0.9976582527160645
1,1,0.9525107741355896
1,1,0.9105706810951233
1,1,0.917765200138092
1,1,0.9998511075973511
0,0,0.006998253054916859
1,1,0.8826267123222351
0,0,6.736163049936295e-05
1,1,0.9848361611366272
0,0,0.0006905595073476434
0,0,0.0009077901486307383
1,1,0.9992283582687378
1,1,0.972249448299408
1,1,0.9962998032569885
0,0,0.0008989062043838203
0,0,4.862330911237223e-07
1,1,0.5113396644592285
1,1,0.9998304843902588
0,0,0.00380792748183012
1,1,0.986793577671051
1,1,0.9988849759101868
1,1,0.9343535900115967
1,1,0.7101626396179199
1,1,0.982768714427948
1,1,0.9984294772148132
1,1,0.9469705820083618
1,1,0.999962329864502
0,1,0.6339048743247986
0,0,0.26131242513656616
1,1,0.9998511075973511
0,0,0.007650981191545725
0,0,0.002406508894637227
1,1,0.998116135597229
0,0,0.0029544017743319273
0,1,0.815727949142456
1,1,0.9796711802482605
1,1,0.9997134804725647
0,0,0.1319483369588852
1,1,0.9996851682662964
1,1,0.8811431527137756
1,1,0.994061291217804
1,1,0.9590420126914978
1,1,0.9996581077575684
1,1,0.9985644221305847
1,1,0.9917465448379517
0,0,0.0010779333533719182
1,1,0.993274450302124
1,1,0.9992572665214539
1,0,0.23813678324222565
1,1,0.9999868869781494
0,0,0.008885050192475319
1,1,0.9993927478790283
0,1,0.747345507144928
0,0,0.001143287867307663
0,0,0.10895874351263046
1,1,0.9999701976776123
0,1,0.5058259963989258
1,1,0.9848206639289856
1,1,0.9999920129776001
0,0,0.04963122308254242
1,1,0.9993763566017151
1,1,0.9918575882911682
1,1,0.9990196228027344
0,0,0.006684626918286085
0,1,0.616891086101532
1,1,0.9910162687301636
0,0,0.4987705945968628
1,1,0.8152832984924316
0,1,0.6836645603179932
1,1,0.5393131375312805
1,1,0.8469239473342896
1,1,0.9999855756759644
1,1,0.9787261486053467
1,1,0.9269794821739197
1,1,0.9998351335525513
1,1,0.9983898401260376
0,0,0.005120977759361267
0,0,0.0007729884819127619
0,0,0.00032744533382356167
1,1,0.9989388585090637
1,1,0.9801989197731018
1,1,0.9989187717437744
1,1,0.9997994303703308
1,1,0.995924711227417
1,1,0.9990668892860413
0,0,0.009382324293255806
1,1,0.9871426820755005
1,1,0.7042235136032104
1,1,0.969209611415863
1,1,0.9958761930465698
1,1,0.9982884526252747
1,1,0.9999096393585205
0,1,0.6497654914855957
1,0,0.010757182724773884
0,0,0.010784638114273548
0,0,0.03983263671398163
1,1,0.9245384335517883
0,0,0.37876003980636597
0,0,0.005931409541517496
1,1,0.9841933846473694
0,0,0.0008607350173406303
1,1,0.9992153644561768
1,1,0.9997972846031189
0,0,0.05337958037853241
0,0,0.14713093638420105
0,0,0.13485963642597198
1,1,0.9998959302902222
0,0,0.000586095207836479
0,1,0.9154282212257385
1,1,0.9994993209838867
1,1,0.9999810457229614
0,0,0.0787568986415863
1,1,0.9998894929885864
0,0,0.18512891232967377
1,0,0.2533040940761566
1,1,0.9959320425987244
0,0,7.514157914556563e-05
0,0,0.08259086310863495
0,0,0.00534478947520256
1,1,0.9999821186065674
1,1,0.9771233797073364
1,1,0.9999895095825195
0,0,0.001994970953091979
0,0,0.00013004359789192677
0,0,0.06243123114109039
1,1,0.9952214360237122
1,1,0.992606520652771
0,0,0.1165657564997673
0,0,6.340151594486088e-05
0,0,0.32823309302330017
1,1,0.9989950060844421
0,0,0.0002011372271226719
1,1,0.9999401569366455
1,1,0.9965884685516357
0,0,0.18119370937347412
1,0,0.34451162815093994
1,1,0.9987418055534363
1,1,0.9520114660263062
1,1,0.9999681711196899
1,1,0.999997615814209
0,0,0.008602426387369633
1,1,0.9961572289466858
1,1,0.9981065988540649
0,0,0.45378991961479187
0,0,0.00017494522035121918
1,1,0.9996422529220581
1,1,0.9921505451202393
1,1,0.999346911907196
1,1,0.9995062351226807
0,0,0.00018210543203167617
0,1,0.6311681270599365
1,1,0.9999786615371704
1,1,0.9973477125167847
1,1,0.9999657869338989
1,1,0.9426639080047607
0,0,0.27197378873825073
1,1,0.9901566505432129
1,1,0.9976413249969482
0,0,0.0023185815662145615
0,0,0.0015702508389949799
0,0,0.00038717352435924113
0,0,0.0576254203915596
1,1,0.7227608561515808
0,1,0.6648174524307251
0,0,0.1624382734298706
0,0,0.0028094330336898565
1,1,0.9999926090240479
0,0,7.2581674430693965e-06
1,1,0.9996799230575562
1,1,0.7514580488204956
0,0,0.014515893533825874
1,1,0.9998266100883484
0,0,0.01171289011836052
1,1,0.9585472941398621
1,1,0.9874758124351501
1,1,0.9976716637611389
0,0,0.0005258008022792637
1,1,0.7806501984596252
0,0,3.6861278204014525e-05
0,1,0.7549002170562744
1,1,0.6648072004318237
0,0,0.00016788260836619884
1,1,0.9252066612243652
1,1,0.9979210495948792
1,1,0.9998090863227844
0,0,0.0032800163608044386
1,1,0.999771773815155
1,1,0.9916648268699646
1,1,0.9999428987503052
0,0,0.006346127949655056
0,0,0.004363305866718292
0,0,0.3400949537754059
0,0,0.005548898596316576
0,0,0.008980992250144482
0,0,5.263194179860875e-05
1,0,0.3204498887062073
1,1,0.980126678943634
0,0,0.007748527452349663
1,1,0.9999501705169678
1,1,0.999843955039978
0,1,0.5676870942115784
1,1,0.9998786449432373
1,1,0.9947031140327454
1,1,0.9954290390014648
0,0,0.0019348079804331064
0,0,0.00020187365589663386
1,1,0.989686906337738
0,0,0.14660042524337769
1,1,0.8720847964286804
1,1,0.953377902507782
0,0,0.00021622900385409594
0,0,0.008935129269957542
1,1,0.999988317489624
0,0,0.00011480510147521272
1,1,0.9999257326126099
1,1,0.9999330043792725
0,0,4.9762107664719224e-05
1,1,0.9999998807907104
0,0,0.01144371833652258
0,0,0.00015332901966758072
1,1,0.8776851892471313
0,0,0.06037667766213417
1,1,0.8290961384773254
0,0,0.0007183353882282972
0,0,0.002172264736145735
1,1,0.9687841534614563
1,1,0.5529647469520569
1,1,0.9996509552001953
0,1,0.71780925989151
1,1,0.9609075784683228
0,0,0.08194226026535034
1,1,0.9995772242546082
1,1,0.8818895816802979
1,1,0.9999427795410156
0,0,0.1746617704629898
1,0,0.012133073061704636
1,1,0.9978936314582825
1,1,0.6466605067253113
1,1,0.9912652373313904
1,1,0.9789019227027893
1,1,0.9999428987503052
1,1,0.9951252341270447
0,0,8.975437231129035e-05
1,0,0.4880543649196625
1,1,0.9588118195533752
1,1,0.7663672566413879
0,0,0.003985052928328514
0,0,0.017573021352291107
0,0,2.0493691408773884e-05
0,0,0.00304478220641613
0,0,0.2977619171142578
1,1,0.993009090423584
0,0,7.501607615267858e-05
0,0,0.2181541472673416
1,1,0.994429349899292
1,1,0.9999927282333374
1,1,0.9995699524879456
1,1,0.9894232153892517
1,0,0.45397189259529114
0,0,0.1695834994316101
1,1,0.8228808641433716
0,0,0.05612919107079506
0,0,0.011310580186545849
1,1,0.9998549222946167
1,1,0.6387191414833069
0,0,0.0029952528420835733
0,0,0.00011639041622402146
0,0,0.0009042119490914047
1,1,0.9996488094329834
0,0,0.009933107532560825
1,1,0.9968311190605164
0,0,0.002773546613752842
0,1,0.6097709536552429
0,0,3.81231693609152e-05
1,1,0.9999387264251709
0,0,0.006241226568818092
0,0,0.0020070758182555437
0,0,0.001358503825031221
1,1,0.9988143444061279
1,1,0.9999837875366211
1,1,0.9999388456344604
1,1,0.9994651675224304
0,0,7.798190927132964e-05
0,0,0.1194128468632698
1,1,0.9996050000190735
1,1,0.9999650716781616
0,0,0.02637401781976223
1,1,0.9975677132606506
1,0,0.43296507000923157
0,0,0.039646048098802567
0,0,0.0012544301571324468
0,0,7.632035703863949e-05
1,1,0.9996306896209717
1,1,0.9951258301734924
1,1,0.9998549222946167
0,0,0.01361366268247366
1,1,0.999771773815155
1,1,0.9918414354324341
1,1,0.9996215105056763
1,0,0.4860427677631378
1,1,0.9994595646858215
0,0,0.008374626748263836
0,0,0.0013963845558464527
0,0,5.448390311357798e-06
1,1,0.8361560702323914
1,1,0.9668874144554138
1,1,0.9915907382965088
1,1,0.9800348281860352
1,1,0.9974060654640198
1,1,0.9782343506813049
1,1,0.998349666595459
0,0,0.13477268815040588
0,0,0.12155181914567947
1,1,0.9955230951309204
1,1,0.999977707862854
0,0,0.2559773325920105
0,0,0.0014027674915269017
1,1,0.9939915537834167
0,0,0.0005393752944655716
1,1,0.5789698958396912
0,0,0.010040943510830402
0,0,3.145445816699066e-06
0,0,1.396506377204787e-05
0,0,0.0018649634439498186
0,0,0.00023619976127520204
0,0,0.004466178826987743
1,1,0.9993201494216919
0,0,4.106211690668715e-06
0,0,0.3619793653488159
0,0,0.001316230627708137
0,1,0.993440568447113
1,0,0.10908193141222
0,0,0.0010226030135527253
0,0,2.7808449885924347e-05
1,1,0.9746764898300171
0,0,0.022174641489982605
0,0,1.6809133740025572e-05
0,0,1.3592406276075053e-06
1,1,0.8430163860321045
0,0,0.04706975817680359
0,0,0.3003377914428711
0,0,0.017613636329770088
1,1,0.999380350112915
1,1,0.9985733032226562
1,1,0.9814783334732056
0,0,0.025654133409261703
0,0,0.0050648283213377
0,0,8.815430192044005e-06
0,0,0.3157372772693634
1,1,0.9608909487724304
1,1,0.9997355341911316
0,0,8.924434223445132e-05
1,1,0.9242982864379883
1,1,0.9999818801879883
1,1,0.9993782043457031
1,1,0.9997187256813049
1,1,0.9996438026428223
0,0,1.7384449165547267e-05
1,1,0.9851893186569214
0,0,0.002976124407723546
1,1,0.999984860420227
1,1,0.9999983310699463
0,0,0.020428888499736786
1,1,0.5556643605232239
0,0,8.019316737772897e-05
0,0,0.03868676722049713
1,1,0.9993982315063477
1,1,0.987522542476654
1,1,0.9801791310310364
1,1,0.9998993873596191
0,0,0.1599740833044052
1,1,0.9991555213928223
0,0,0.0014290749095380306
0,0,0.004029898904263973
0,0,0.0019570449367165565
1,0,0.2511414885520935
0,0,0.0016928673721849918
1,1,0.9947434663772583
0,0,0.001214127754792571
0,0,0.007359270937740803
1,1,0.999874472618103
0,0,0.055845655500888824
0,0,0.005842037498950958
1,1,0.9998168349266052
0,0,0.045503098517656326
0,0,0.049301765859127045
1,1,0.9997859597206116
1,1,0.9995672106742859
0,0,0.009862522594630718
0,0,0.3891812860965729
1,1,0.9799532890319824
1,1,0.9999967813491821
1,1,0.9972354769706726
1,1,0.9992260932922363
1,1,0.9952351450920105
0,0,0.00952140986919403
1,1,0.9083963632583618
1,1,0.9999587535858154
0,0,4.0265649658977054e-07
1,1,0.9999438524246216
1,1,0.9974415302276611
1,1,0.9994545578956604
0,0,0.031971413642168045
1,1,0.7384492754936218
0,0,7.060843472572742e-06
0,0,0.01137782633304596
1,1,0.9980601668357849
0,0,0.003398811211809516
0,0,0.00045561196748167276
0,0,0.008639451116323471
0,0,0.00022554425231646746
0,0,0.003852630266919732
0,0,1.7382293663104065e-05
1,1,0.9773948788642883
0,0,0.00042238604510203004
0,0,2.6911751774605364e-05
0,0,4.846636329602916e-06
0,0,0.0030997218564152718
0,0,0.0003218127822037786
1,1,0.987756609916687
1,1,0.9269087910652161
1,1,0.9989535808563232
1,1,0.9908480644226074
1,1,0.9640547037124634
1,1,0.9995689988136292
0,0,0.20040655136108398
0,0,0.001183379557915032
1,1,0.9997155070304871
1,1,0.9996645450592041
1,1,0.9964699745178223
1,1,0.9991982579231262
1,1,0.8509231209754944
0,0,0.001021946081891656
1,1,0.999671220779419
0,0,0.013999873772263527
0,0,0.009386114776134491
0,0,0.001759397448040545
1,1,0.9999966621398926
0,0,0.02272164635360241
1,1,0.9888020753860474
0,1,0.6882843971252441
1,1,0.9587547183036804
1,1,0.9998944997787476
1,1,0.9953910112380981
1,1,0.6162949204444885
1,1,0.837681233882904
1,1,0.9999972581863403
0,0,4.418468233780004e-05
1,1,0.8886117935180664
0,0,0.000591098447330296
0,0,0.11365479975938797
1,1,0.9999938011169434
0,0,0.0005258987657725811
1,1,0.9664939641952515
1,1,0.9999769926071167
0,0,0.3402215242385864
0,0,0.019623614847660065
1,1,0.9318089485168457
1,1,0.9773924946784973
1,1,0.7646616697311401
0,0,0.00029490847373381257
1,1,0.9862887859344482
0,0,5.830083318869583e-05
1,1,0.8727044463157654
1,1,0.9942360520362854
0,0,0.008720435202121735
0,0,0.01775507442653179
1,1,0.8591676354408264
1,0,0.009896321222186089
1,1,0.9978570342063904
0,0,0.38736674189567566
0,0,0.06200806796550751
1,1,0.9988911747932434
0,0,0.0024439343251287937
0,0,0.12803246080875397
1,1,0.9772761464118958
1,1,0.9999226331710815
1,1,0.999818742275238
1,1,0.9888712763786316
1,1,0.9956008195877075
0,0,0.00011781545617850497
1,0,0.10125437378883362
1,1,0.9998488426208496
0,0,0.06847620010375977
1,1,0.6306141018867493
1,1,0.9962368011474609
1,1,0.9620380401611328
0,0,1.6911702914512716e-05
0,0,9.753416088642552e-05
0,0,4.849802644457668e-05
0,0,0.00018502645252738148
1,1,0.9991256594657898
1,1,0.9999309778213501
1,1,0.9999361038208008
0,0,0.0011495830258354545
1,1,0.9999946355819702
1,1,0.9999425411224365
1,1,0.995451033115387
0,0,0.012324429117143154
1,1,0.6182242631912231
1,1,0.9893849492073059
1,1,0.9875263571739197
1,1,0.9994391798973083
1,1,0.9978456497192383
0,0,0.001165356719866395
1,1,0.9847625494003296
1,1,0.999853253364563
1,1,0.9864923357963562
1,1,0.9989675283432007
0,0,0.051483090966939926
1,1,0.8862634897232056
1,1,0.9986525177955627
1,1,0.9083123803138733
1,0,0.1517227590084076
1,1,0.9998055100440979
1,1,0.9073973298072815
0,0,0.38010331988334656
1,1,0.9982936978340149
1,1,0.9990140199661255
1,1,0.9963170289993286
1,1,0.9533984661102295
1,1,0.9671112895011902
1,1,0.7106364369392395
1,1,0.5600103735923767
0,0,0.12701469659805298
1,1,0.9879727363586426
0,0,0.0990997776389122
1,1,0.9896079897880554
1,1,0.9989761114120483
1,1,0.9973500967025757
1,1,0.8339404463768005
1,1,0.9982559084892273
1,1,0.9546937942504883
1,1,0.999925971031189
1,1,0.9987245202064514
1,1,0.9962301850318909
1,1,0.9328117370605469
1,1,0.9712867140769958
0,0,0.0014935197541490197
1,1,0.589992105960846
1,1,0.9544248580932617
1,1,0.9195796847343445
1,1,0.9309844970703125
1,0,0.0562269352376461
0,0,2.1318850485840812e-05
0,0,0.31739556789398193
1,1,0.9987234473228455
0,0,1.1870084563270211e-05
0,1,0.6749185919761658
1,1,0.9999860525131226
1,1,0.9992170333862305
1,1,0.9999889135360718
0,0,0.0060148886404931545
0,0,0.0025362414307892323
1,1,0.9959331154823303
1,1,0.9994276165962219
1,1,0.9996083378791809
1,1,0.9961479902267456
1,1,0.9998821020126343
1,1,0.9974305033683777
1,1,0.9986995458602905
1,1,0.9938315153121948
1,1,0.9997679591178894
1,1,0.9994022846221924
0,0,0.0003136448503937572
0,1,0.8402106761932373
1,1,0.9996744394302368
0,0,0.0136951245367527
1,1,0.999995231628418
1,1,0.9778554439544678
1,1,0.9248068928718567
0,0,0.11680899560451508
1,1,0.9983892440795898
0,0,0.12607179582118988
1,1,0.999929666519165
1,1,0.9999333620071411
1,1,0.9940692186355591
0,0,0.0004889073316007853
1,1,0.9943851232528687
0,0,0.008383238688111305
0,0,0.00013535108882933855
1,0,0.4430719316005707
0,0,0.059868764132261276
0,0,0.029217461124062538
0,1,0.9660646319389343
1,1,0.9415249824523926
0,0,0.00048777920892462134
1,1,0.9961332082748413
1,1,0.9912421703338623
0,0,8.413408068008721e-05
1,1,0.784284770488739
0,0,0.0018470470095053315
0,0,0.001178315607830882
0,0,0.034862544387578964
1,1,0.9992504715919495
1,1,0.9921979308128357
0,0,0.00024795570061542094
1,1,0.9999836683273315
1,1,0.9608316421508789
0,0,0.016082344576716423
1,1,0.9405635595321655
0,0,0.0004428968532010913
0,0,1.9954102754127234e-05
1,1,0.9990637898445129
0,0,0.2791929841041565
1,1,0.9873901605606079
1,1,0.9957887530326843
0,0,0.0014052637852728367
0,0,0.052224721759557724
0,0,0.019863490015268326
1,1,0.9428815841674805
1,1,0.9663772583007812
1,1,0.9744629859924316
0,0,0.09192454069852829
0,0,0.008223176002502441
0,0,0.024674521759152412
0,0,0.0028787984047085047
1,1,0.9999903440475464
0,0,0.0001339528535027057
1,1,0.9691905975341797
0,0,0.07342672348022461
0,0,0.09180247038602829
1,1,0.9925014972686768
0,0,0.21831770241260529
0,0,0.00045933303772471845
1,1,0.9999086856842041
1,1,0.9795889258384705
1,1,0.9999039173126221
1,1,0.9992642998695374
1,1,0.9981778860092163
0,0,0.000650364498142153
0,0,0.4599432647228241
0,0,0.020270537585020065
0,0,0.3317969739437103
1,1,0.9997095465660095
1,1,0.9953939914703369
1,1,0.9999985694885254
1,1,0.9943535327911377
0,0,0.006594414822757244
0,0,8.705229447514284e-06
0,0,1.5717749192845076e-05
0,0,0.014761241152882576
0,0,0.00019392836838960648
0,0,0.005670386366546154
1,1,0.9981366395950317
1,1,0.9983110427856445
1,1,0.9959284663200378
0,0,4.7196597734000534e-05
0,0,0.029996832832694054
1,1,0.9979523420333862
1,1,0.9996563196182251
1,1,0.9872162938117981
1,1,0.6025211215019226
1,1,0.9499839544296265
0,0,5.233720798969443e-07
0,0,0.011770674027502537
1,1,0.9947208166122437
0,0,0.019453372806310654
0,0,0.013453603722155094
0,0,0.0038542593829333782
1,1,0.9998584985733032
1,1,0.9983747005462646
1,1,0.9580822587013245
0,0,0.09712404757738113
1,1,0.9993137121200562
0,0,0.011589356698095798
0,0,0.4850977957248688
0,0,0.37028470635414124
0,0,1.0293970262864605e-05
1,0,0.40950191020965576
0,0,0.0751696228981018
1,1,0.996709942817688
1,1,0.9781205058097839
1,1,0.9999970197677612
0,0,0.0007225013105198741
0,0,0.009758652187883854
1,1,0.9998226761817932
1,1,0.9953926801681519
1,1,0.8863618969917297
0,0,0.0008361751097254455
1,1,0.9998798370361328
1,1,0.9973315000534058
0,0,0.0019111806759610772
0,0,0.00030343446996994317
0,0,8.607216841483023e-06
1,1,0.9980217218399048
0,0,0.0015900528524070978
0,0,6.7571704676083755e-06
1,1,0.9899255037307739
0,0,0.0003614220186136663
0,0,0.008717892691493034
0,0,0.007896577939391136
0,0,0.0002768327249214053
1,1,0.9999483823776245
0,1,0.8835293054580688
0,0,0.004358421545475721
0,0,0.0003950619138777256
0,0,0.003514977404847741
1,1,0.9998400211334229
1,1,0.998053789138794
1,1,0.9999451637268066
1,1,0.8008905649185181
0,0,0.00012140277249272913
1,1,0.9998194575309753
1,1,0.9996771812438965
1,1,0.8889685869216919
1,1,0.9902510643005371
0,0,0.0031272293999791145
1,1,0.938542902469635
1,1,0.883111298084259
0,1,0.7293499112129211
0,0,0.022770753130316734
0,0,0.0030508849304169416
0,0,0.00012457589036785066
0,1,0.9871699810028076
0,0,1.6996555132209323e-05
0,0,0.013018853962421417
0,0,0.00026994047220796347
0,0,0.19416366517543793
0,0,0.007901439443230629
0,0,0.00437003280967474
1,1,0.9995099306106567
0,0,0.0005056951195001602
0,0,0.08615194261074066
1,1,0.9963449835777283
0,0,7.946707046357915e-05
1,1,0.9917014241218567
0,0,0.06755449622869492
1,1,0.9999207258224487
0,0,0.0803820863366127
0,0,1.91396102309227e-05
1,1,0.9999598264694214
1,1,0.9999808073043823
1,1,0.9863165020942688
1,1,0.8778979182243347
1,1,0.999981164932251
1,1,0.9999985694885254
1,1,0.9995824694633484
1,1,0.9999241828918457
1,1,0.9999679327011108
1,1,0.9994571805000305
1,1,0.9696875810623169
1,1,0.9118111729621887
0,0,0.0012645989190787077
1,1,0.9993181228637695
0,0,4.301462467992678e-06
1,1,0.9923303723335266
0,0,0.011701988987624645
1,1,0.9979597330093384
1,1,0.9999985694885254
1,1,0.9998706579208374
0,1,0.5932475328445435
1,1,0.9999955892562866
1,1,0.9971828460693359
0,0,0.000106333005533088
0,0,0.0020551278721541166
0,0,3.071015817113221e-05
0,0,0.001593107939697802
1,1,0.9999970197677612
1,1,0.9999665021896362
1,1,0.9999978542327881
1,1,0.9997366070747375
0,0,0.0006120163016021252
0,0,0.23689143359661102
1,1,0.9253220558166504
1,1,0.9978163242340088
0,0,0.0003212983428966254
0,0,9.397090616403148e-05
0,0,0.005755570251494646
0,0,0.009643474593758583
0,0,0.004802761599421501
0,0,0.0031684841960668564
0,0,0.0002972851216327399
1,1,0.9998371601104736
1,1,0.7804248332977295
1,1,0.994385838508606
1,1,0.9991447925567627
1,1,0.9998528957366943
1,1,0.6679772734642029
1,1,0.9939073920249939
0,0,3.2144693250302225e-05
1,1,0.9953746199607849
0,0,0.03808754310011864
0,0,2.062560497506638e-06
1,1,0.911201536655426
1,1,0.9571120142936707
1,1,0.9446585178375244
0,0,0.056647174060344696
1,1,0.9998648166656494
0,0,0.0022389348596334457
1,1,0.7468374371528625
0,0,4.891251228400506e-05
0,0,0.00013826093345414847
1,1,0.9986006617546082
0,0,0.002886358182877302
0,0,0.040561676025390625
0,0,0.016859710216522217
1,1,0.9941492080688477
1,1,0.8753291368484497
1,0,0.1606978476047516
1,1,0.9999402761459351
0,0,0.1214878261089325
0,0,0.12282929569482803
0,0,9.313048212788999e-05
0,0,0.08851350843906403
1,1,0.9764134287834167
0,1,0.7984045147895813
1,1,0.9787915945053101
1,1,0.6902332901954651
0,0,3.538332975949743e-06
0,0,7.010228728177026e-05
1,1,0.8806459307670593
0,1,0.5137366652488708
1,1,0.9962510466575623
0,0,0.18869301676750183
1,1,0.9998090863227844
1,1,0.9997451901435852
0,0,0.02369958534836769
1,1,0.9999935626983643
0,1,0.5506926774978638
0,0,0.0029835079330950975
0,0,0.0001358788285870105
0,0,0.022920168936252594
0,0,0.0024344073608517647
0,0,0.00025577464839443564
0,0,0.0029258662834763527
1,1,0.9727526307106018
1,1,0.9975084066390991
1,1,0.9999533891677856
1,1,0.9778134822845459
1,1,0.9989826083183289
1,1,0.9988780617713928
0,0,0.06352481991052628
1,1,0.8963825702667236
1,1,0.9794270992279053
1,1,0.9692006707191467
0,0,0.0834054946899414
0,0,0.02044069394469261
1,1,0.997413694858551
1,1,0.9984599351882935
0,0,0.006931091658771038
0,0,0.03492650389671326
1,1,0.6019726395606995
0,0,0.00021615170408040285
0,0,0.004267237149178982
1,1,0.9954665899276733
1,1,0.9985188841819763
0,0,0.0023039444349706173
1,1,0.999103844165802
0,0,0.408315509557724
1,1,0.9981422424316406
0,0,0.00012891895312350243
0,0,0.003112182952463627
0,0,0.00037099316250532866
0,0,1.0572154678811785e-05
1,1,0.9989629983901978
1,1,0.8517186641693115
0,0,0.008028298616409302
1,1,0.9902738928794861
1,1,0.9976962208747864
0,0,0.04130184277892113
1,1,0.9999053478240967
0,0,0.00012727329158224165
0,0,0.04395603761076927
1,1,0.9778424501419067
1,1,0.965150773525238
1,1,0.999947190284729
1,1,0.9255436062812805
0,0,0.0012658053310588002
1,1,0.9995871186256409
0,0,0.026570579037070274
1,1,0.9943811297416687
1,1,0.9991384744644165
1,1,0.9960243701934814
1,1,0.9362857341766357
0,0,0.00027523451717570424
1,1,0.9995982050895691
1,1,0.9937987923622131
1,1,0.9678921699523926
0,1,0.5907456874847412
0,0,4.479631388676353e-05
1,1,0.9868209958076477
1,1,0.6306161880493164
0,0,0.004531083162873983
1,1,0.9589515328407288
0,0,0.010348804295063019
1,1,0.9991728663444519
1,1,0.998917818069458
1,1,0.9995809197425842
1,1,0.9974865913391113
0,0,0.006557659711688757
0,0,0.00017535271763335913
1,1,0.6891377568244934
1,1,0.9995760321617126
1,1,0.751546323299408
1,1,0.9874479174613953
0,0,0.00048014457570388913
0,0,0.00042362097883597016
0,1,0.5166646838188171
1,1,0.9966660141944885
1,1,0.9989057779312134
1,1,0.9941051006317139
1,1,0.9963914752006531
1,1,0.9994470477104187
0,0,1.2731294191326015e-05
0,0,4.548099695966812e-06
0,0,0.01102825254201889
1,1,0.997032642364502
0,1,0.9445796608924866
1,1,0.598992109298706
1,1,0.9990270137786865
1,1,0.9989808201789856
0,0,0.25226759910583496
0,0,0.00032042042585089803
0,0,0.00011485032882774249
0,0,0.07201734185218811
1,1,0.9995111227035522
0,0,0.008278696797788143
0,0,0.0007187122828327119
1,1,0.9999182224273682
1,1,0.9998250603675842
1,1,0.998095691204071
1,1,0.9998120665550232
0,0,0.000878384686075151
0,0,0.02167689986526966
0,0,0.0005082481075078249
0,0,2.3766922822687775e-05
0,0,9.860867430688813e-05
1,1,0.9995138645172119
0,0,0.162980854511261
1,1,0.6211304664611816
1,1,0.9999754428863525
0,0,0.0015864719171077013
0,0,0.005833637900650501
1,1,0.8639096617698669
1,1,0.9995796084403992
1,1,0.9687942266464233
0,0,0.0008707464439794421
1,1,0.9924762845039368
0,0,0.0017331656999886036
0,0,1.3716354260395747e-05
1,1,0.9998624324798584
0,0,0.048053670674562454
1,1,0.9999024868011475
1,1,0.9992889165878296
1,1,0.9996830224990845
1,1,0.9991903901100159
1,1,0.9564489126205444
0,0,0.00016497103206347674
1,1,0.9995482563972473
1,1,0.9997991919517517
0,0,0.03346322849392891
1,1,0.9971963167190552
1,1,0.9354546070098877
0,0,0.3611721098423004
0,0,0.00370150338858366
0,0,0.21074074506759644
0,0,0.003870260203257203
0,0,0.03875504806637764
0,0,0.00023406038235407323
1,1,0.9657174348831177
1,1,0.998599112033844
1,1,0.9992772936820984
0,0,8.104496373562142e-05
1,1,0.995855987071991
1,1,0.9995642304420471
1,1,0.9918866753578186
0,0,0.004677631426602602
1,1,0.9999517202377319
1,1,0.9999469518661499
1,1,0.9998987913131714
0,0,0.33059993386268616
1,1,0.9675194025039673
1,1,0.9980744123458862
1,1,0.8064613938331604
1,1,0.8924213647842407
0,0,0.02111082151532173
1,1,0.6540070176124573
0,0,3.0372659693966853e-06
1,1,0.8922490477561951
1,1,0.9999116659164429
1,1,0.951893150806427
0,0,0.04916657879948616
0,0,0.010631776414811611
0,0,0.001005403813906014
0,0,1.7913136616698466e-05
1,1,0.7531538605690002
1,1,0.9930073022842407
1,1,0.9841057658195496
1,1,0.9993476271629333
0,0,0.03406047821044922
0,0,0.0006075669662095606
1,1,0.9998829364776611
1,1,0.999931812286377
0,0,5.973904535494512e-06
1,1,0.9997051358222961
1,1,0.7919398546218872
0,0,0.0006109867244958878
0,0,0.01807996816933155
0,0,2.2962538423598744e-05
0,0,0.011193246580660343
1,1,0.8833037614822388
1,1,0.8172303438186646
0,0,0.032126154750585556
0,0,0.013888397254049778
0,0,0.013295432552695274
1,1,0.8980553150177002
1,1,0.9703245162963867
0,0,0.029197394847869873
0,0,0.0005487901507876813
0,0,0.0008726020460017025
0,1,0.6230467557907104
1,1,0.9998395442962646
1,1,0.9997478127479553
1,1,0.9997511506080627
1,1,0.9871397614479065
1,1,0.9996874332427979
0,0,9.328313353762496e-06
1,0,0.04077785462141037
0,0,0.0017783865332603455
0,0,0.00012174243602203205
1,1,0.9982070922851562
1,1,0.9988822340965271
1,1,0.8875871896743774
0,0,0.00020814192248508334
0,0,0.0012868703342974186
0,0,0.00010566890705376863
1,1,0.9999405145645142
1,0,0.1327119916677475
0,0,0.1936335414648056
1,1,0.9998181462287903
1,1,0.9848266839981079
1,1,0.9958786964416504
1,0,0.0006701719830743968
1,1,0.9935294985771179
0,0,0.0037172012962400913
0,0,0.0008610343793407083
1,1,0.9190234541893005
0,0,2.2011017790646292e-06
0,0,2.2211987015907653e-05
0,0,0.00016322654846590012
1,1,0.9998717308044434
1,1,0.8226736187934875
1,1,0.9998795986175537
1,1,0.9995146989822388
1,1,0.9997939467430115
1,1,0.7725827693939209
1,1,0.9878465533256531
0,0,0.0777563527226448
1,1,0.9841998815536499
0,0,1.4284319149737712e-05
0,0,1.684548806224484e-06
0,0,0.00047882916987873614
1,1,0.9914207458496094
0,0,0.0025939189363271
1,1,0.9996726512908936
1,1,0.9824862480163574
0,0,0.00021551025565713644
1,0,0.24245835840702057
1,1,0.9926114678382874
0,0,0.1525769680738449
1,0,0.4136870205402374
1,1,0.5742484927177429
1,1,0.9587918519973755
1,1,0.9977332353591919
0,0,0.004038871265947819
1,0,0.0001814021816244349
0,0,0.0265459343791008
1,1,0.7607108354568481
1,1,0.9998220801353455
1,0,0.30638882517814636
1,1,0.9988771080970764
1,1,0.9989017248153687
1,1,0.999885082244873
0,0,0.039068203419446945
1,1,0.9999731779098511
0,0,0.1490141898393631
1,1,0.9997168183326721
1,1,0.9871078133583069
1,1,0.9997590184211731
1,1,0.5736585855484009
1,1,0.9555467367172241
1,1,0.9943597912788391
1,1,0.8947352170944214
0,0,0.006316761951893568
0,0,0.07146762311458588
0,0,0.034680139273405075
0,0,0.002907376503571868
0,0,0.000410045642638579
0,0,5.3915984608465806e-05
0,0,0.03900785744190216
1,1,0.9998099207878113
0,0,0.04184486344456673
0,0,0.00032151807681657374
0,0,3.64646220987197e-05
1,1,0.8436391949653625
0,0,1.6149557268363424e-05
0,0,0.002338325371965766
1,1,0.9999116659164429
1,1,0.9994680285453796
1,1,0.9689992666244507
0,0,0.42295223474502563
1,1,0.7712579369544983
0,1,0.545948326587677
1,1,0.9994857311248779
0,0,0.3392674922943115
1,1,0.9999762773513794
1,1,0.9997623562812805
0,0,0.007711871527135372
1,1,0.992821991443634
0,0,0.293892502784729
0,0,0.02715332992374897
0,0,1.7574746379978023e-05
0,0,0.00034444197081029415
1,1,0.8931058049201965
0,0,0.0006546560325659811
0,0,0.14789801836013794
0,0,0.0005001907120458782
0,0,0.0036742996890097857
1,1,0.9984481334686279
1,1,0.9991342425346375
1,1,0.9999964237213135
1,1,0.999545156955719
0,0,1.4908237972122151e-05
1,1,0.9531297087669373
1,1,0.9951392412185669
1,1,0.9885374307632446
1,1,0.9999737739562988
0,0,0.07660519331693649
0,0,0.0008932226337492466
0,0,2.8508966352092102e-05
0,0,0.25676071643829346
0,0,5.0199319957755506e-05
1,1,0.9013206958770752
1,1,0.995189905166626
1,1,0.9997935891151428
0,0,8.399043144891039e-05
1,1,0.9999333620071411
1,1,0.9504371881484985
1,1,0.8037891387939453
1,1,0.9993688464164734
0,0,0.01009917352348566
0,0,7.377192559943069e-06
1,1,0.9998185038566589
1,1,0.9672867655754089
0,0,0.054704781621694565
0,0,0.01986558921635151
0,0,0.00028087376267649233
1,1,0.9895436763763428
1,1,0.9362394213676453
1,1,0.9995039701461792
1,1,0.9998530149459839
1,1,0.9943221807479858
0,0,0.07595255225896835
1,1,0.99973064661026
1,1,0.9682661890983582
1,1,0.9992762207984924
1,1,0.7572823166847229
1,1,0.9999207258224487
1,0,0.08763764053583145
0,1,0.56599360704422
0,0,0.11793859302997589
0,0,0.019941212609410286
0,1,0.605397641658783
0,0,0.0003463138418737799
0,0,0.010158274322748184
1,1,0.99715256690979
1,1,0.9998121857643127
1,1,0.9696081876754761
1,1,0.9735395908355713
1,1,0.9999736547470093
1,1,0.971001386642456
0,0,0.0003068144142162055
1,1,0.9999148845672607
1,1,0.9769026041030884
1,0,0.17568810284137726
1,1,0.9999858140945435
1,1,0.9929080009460449
1,1,0.9999926090240479
1,1,0.9980508089065552
1,1,0.999674916267395
1,1,0.9999356269836426
0,0,0.0854979082942009
1,1,0.9999831914901733
1,1,0.6637911796569824
0,1,0.8410965204238892
1,1,0.9961245656013489
0,0,0.02381308190524578
0,0,3.216557524865493e-05
0,0,0.0002855209168046713
1,1,0.8744436502456665
0,0,5.466126458486542e-05
1,1,0.9999978542327881
0,0,2.1185151126701385e-05
1,1,0.9797573685646057
0,1,0.9372790455818176
1,1,0.9999216794967651
0,0,8.180706936400384e-05
0,0,0.010100631974637508
0,1,0.7384145855903625
0,0,0.0031349072232842445
1,1,0.9913902282714844
1,1,0.9999722242355347
1,1,0.9994798302650452
1,0,0.40917807817459106
1,1,0.9920656085014343
1,1,0.9994822144508362
1,1,0.9626672267913818
1,1,0.9957333207130432
1,1,0.9988921284675598
1,1,0.9929748773574829
1,1,0.9941609501838684
0,1,0.5753142237663269
1,1,0.5428265929222107
1,1,0.9999942779541016
0,0,0.10920557379722595
0,0,0.0002575340331532061
0,0,0.25697067379951477
1,1,0.9930586814880371
1,1,0.9666027426719666
1,1,0.9999376535415649
1,1,0.9894002079963684
1,1,0.998427152633667
1,1,0.9770633578300476
1,1,0.9526862502098083
0,1,0.7417046427726746
1,1,0.9995824694633484
0,0,0.001120536937378347
0,1,0.5539106726646423
0,0,0.0017015427583828568
0,0,0.012172774411737919
0,0,0.004820560570806265
1,1,0.9999876022338867
1,1,0.8302094340324402
1,1,0.9620998501777649
1,1,0.9972968697547913
1,1,0.993823766708374
0,0,2.6881430130742956e-06
1,1,0.999874472618103
0,0,0.0033238555770367384
1,1,0.999997615814209
0,0,0.00021888285118620843
0,0,0.04435081034898758
1,1,0.9998741149902344
0,0,0.0029270213562995195
0,0,0.15876895189285278
1,1,0.9992434978485107
1,1,0.9601247310638428
0,0,0.00025450752582401037
0,0,0.008840967901051044
0,0,0.0002053424104815349
0,0,0.00022990575234871358
1,1,0.9997982382774353
0,0,0.007303078193217516
0,0,3.321115582366474e-05
0,0,0.0005988563061691821
0,0,0.0032427425030618906
1,1,0.9999983310699463
0,0,0.00010051252320408821
0,0,0.0008684230851940811
1,1,0.9984612464904785
1,1,0.9966868758201599
1,1,0.9979908466339111
1,1,0.9975132942199707
0,0,0.034153882414102554
0,0,0.2067151814699173
0,0,2.834249926308985e-06
1,1,0.9986429810523987
0,0,0.0010315688559785485
1,1,0.995263934135437
0,0,0.004556323401629925
1,1,0.9907348155975342
0,0,0.10312329977750778
0,0,0.005152096971869469
1,1,0.9634401798248291
1,1,0.9999028444290161
0,0,0.3913920819759369
0,0,0.0021589486859738827
1,1,0.9916315674781799
0,0,0.2795970141887665
0,0,0.14325213432312012
0,0,8.567266195314005e-05
1,0,0.3969595432281494
1,1,0.9213234186172485
0,0,0.14061158895492554
1,1,0.9979090690612793
1,1,0.9999938011169434
1,1,0.9993278980255127
1,1,0.8159804344177246
1,1,0.9975923895835876
1,1,0.9747620224952698
1,1,0.9999921321868896
1,1,0.9503651261329651
1,1,0.9998192191123962
0,0,0.006323601119220257
0,0,0.0016695760423317552
1,1,0.9999871253967285
1,1,0.5675504803657532
1,1,0.9143785238265991
1,1,0.9968352913856506
1,1,0.9316250085830688
0,0,0.0224942397326231
1,1,0.9943821430206299
0,0,0.0003390173951629549
1,1,0.9999347925186157
0,0,0.01956328935921192
1,1,0.951185405254364
1,1,0.9944356679916382
1,1,0.9977497458457947
0,0,0.02793242037296295
1,1,0.999351441860199
0,0,0.00015336880460381508
0,0,5.696720472769812e-05
0,0,0.00803097989410162
0,0,0.0006827078177593648
1,1,0.9873730540275574
1,1,0.9999035596847534
1,1,0.9969598054885864
0,0,4.8227528168354183e-05
0,0,0.0026344163343310356
1,1,0.8746261596679688
0,0,0.014900119043886662
1,1,0.9998049139976501
1,1,0.9945085644721985
1,1,0.9988879561424255
1,1,0.997857391834259
1,1,0.9992461204528809
1,1,0.9498914480209351
1,1,0.9994638562202454
0,0,0.33679595589637756
0,0,0.007821277715265751
0,0,7.54835782572627e-05
0,0,0.00010802215547300875
1,1,0.9988313317298889
0,0,0.003534226678311825
0,0,0.0013157178182154894
1,1,0.991709291934967
0,0,0.0008157033007591963
0,0,0.0005076157976873219
0,0,0.13228416442871094
1,1,0.9953120946884155
0,1,0.5502644181251526
1,1,0.9999570846557617
0,0,0.0024171636905521154
1,1,0.9625403881072998
1,1,0.9993652701377869
1,1,0.9998464584350586
0,0,0.00010732714144978672
0,0,0.003309621475636959
0,0,5.035221329308115e-05
0,1,0.6567395925521851
1,1,0.9998462200164795
0,0,0.0002974725211970508
1,1,0.9997687935829163
0,0,0.27444711327552795
1,1,0.9999951124191284
1,0,0.014097154140472412
1,1,0.9982393980026245
1,1,0.9908487796783447
0,0,0.29022660851478577
0,1,0.8195791244506836
0,0,0.0008667957736179233
0,0,0.005612928420305252
0,0,0.44671493768692017
0,0,0.11887543648481369
1,1,0.5920324921607971
1,1,0.9531096816062927
0,0,0.0018329316517338157
0,0,1.3798997315461747e-05
0,0,0.011312250047922134
0,0,0.007589574437588453
1,1,0.9991994500160217
1,1,0.9923145174980164
1,1,0.9862889051437378
1,1,0.9996742010116577
1,1,0.9697659015655518
1,1,0.9514164328575134
1,0,0.3856821060180664
1,1,0.9999953508377075
0,0,0.008342888206243515
1,1,0.9912090301513672
1,1,0.9999557733535767
1,1,0.999471127986908
1,1,0.9991899132728577
0,0,0.02617974393069744
1,1,0.6488664746284485
1,1,0.9965182542800903
1,1,0.9631550908088684
0,0,0.01944022625684738
1,1,0.9878872632980347
0,0,0.14462800323963165
1,0,0.3298009932041168
1,1,0.996723473072052
0,0,0.44814518094062805
0,0,0.06437652558088303
0,0,0.1307053416967392
0,1,0.961775541305542
0,0,3.4079275792464614e-05
0,0,0.021103352308273315
1,1,0.9993372559547424
0,0,0.06930878758430481
1,1,0.988710343837738
1,1,0.9254430532455444
0,0,0.1460081934928894
1,1,0.9814987778663635
0,0,0.0006494020344689488
0,0,0.029153281822800636
1,1,0.9638109803199768
0,0,3.444824324105866e-05
0,0,0.0028679370880126953
1,1,0.8121083378791809
1,1,0.9840500950813293
0,0,0.19315627217292786
0,0,0.00021504001051653177
0,0,0.1571095585823059
1,1,0.9998959302902222
0,0,0.0016104232054203749
0,0,5.6001648772507906e-05
0,0,0.0008653599652461708
1,1,0.9697390198707581
0,0,0.02132880687713623
1,1,0.9999204874038696
1,0,0.0775134265422821
0,0,0.001574428635649383
0,0,0.0004760099691338837
0,1,0.9691178798675537
1,1,0.9981189370155334
0,0,0.043720729649066925
0,0,0.004723486490547657
0,0,0.03401261568069458
0,0,0.00402159383520484
1,1,0.65031898021698
0,0,0.0004818007873836905
1,1,0.9846833348274231
1,0,0.36741766333580017
0,0,0.4825499653816223
1,1,0.9901692867279053
0,0,0.00022081909992266446
0,1,0.6211690902709961
1,1,0.984767735004425
0,0,0.01313212513923645
0,0,0.008468414656817913
0,0,0.0007759860600344837
1,1,0.9985200762748718
0,0,0.17883428931236267
0,0,0.011055977083742619
0,0,0.0016216387739405036
0,0,0.15005800127983093
0,0,0.0009022892918437719
0,0,3.311449745524442e-06
0,0,0.008426361717283726
1,1,0.9998714923858643
0,0,0.010444780811667442
0,0,0.049742650240659714
0,0,0.0005937220412306488
1,1,0.9915332198143005
1,0,0.44175535440444946
0,0,9.275239426642656e-05
0,0,0.002210077829658985
1,0,0.058037709444761276
0,0,0.001707745366729796
0,0,0.1253691166639328
0,0,0.020227834582328796
0,0,0.12441837042570114
0,0,0.00018889883358497173
0,0,0.0004536790947895497
0,0,1.967431489902083e-05
1,1,0.9995253086090088
0,0,0.03385317325592041
0,0,9.417150977242272e-06
0,0,0.2779611349105835
0,0,0.1531759798526764
1,1,0.9487447738647461
0,0,6.89823991706362e-07
0,0,1.0039490916824434e-05
0,0,0.00039930426282808185
1,1,0.9958158135414124
0,0,0.13291491568088531
0,0,0.1543053537607193
0,0,7.446146241818496e-07
1,1,0.9618421196937561
0,0,4.279380300431512e-05
1,1,0.9285024404525757
0,0,0.02111387997865677
0,0,0.06015950068831444
1,1,0.9328356981277466
0,0,0.030505776405334473
0,0,0.05341554060578346
0,0,0.2486521601676941
0,0,0.0047249323688447475
1,1,0.9698420166969299
1,1,0.994170069694519
1,1,0.9982004165649414
0,0,0.0005920889088883996
0,0,5.264670562610263e-06
0,0,0.00112158025149256
0,0,0.005678826943039894
1,1,0.9939671754837036
0,0,0.002818783512338996
0,0,0.3695746958255768
1,1,0.9687814712524414
0,0,0.0048616924323141575
0,0,0.0008885484421625733
0,0,0.00018311201711185277
0,0,0.3106992840766907
0,0,0.0002367162669543177
1,1,0.9982798099517822
0,0,4.872434146818705e-05
0,0,0.03700721263885498
0,0,0.002372023882344365
1,1,0.9929044842720032
0,0,3.983526039519347e-05
0,0,0.010152052156627178
0,0,0.1618393063545227
0,0,0.0002212751714978367
1,1,0.9963024854660034
1,1,0.987173318862915
0,1,0.6017190217971802
1,1,0.9999405145645142
1,1,0.9999616146087646
1,1,0.9988910555839539
1,1,0.9999363422393799
0,1,0.995107889175415
0,0,8.567008080717642e-06
0,0,0.00024384261632803828
1,1,0.994127631187439
1,1,0.9988301396369934
0,0,0.000692891248036176
0,0,0.033879734575748444
0,0,0.00272744451649487
1,1,0.9981833100318909
1,1,0.999632716178894
1,1,0.9871203303337097
1,1,0.999963641166687
0,0,0.007429976016283035
0,1,0.6849154233932495
0,0,0.00011487135634524748
1,1,0.9994927644729614
1,1,0.9988001585006714
1,1,0.8974453210830688
0,0,0.007754380349069834
1,1,0.9941055774688721
1,1,0.9999727010726929
1,1,0.9999171495437622
1,1,0.998817503452301
0,0,0.0046203951351344585
1,1,0.8857026696205139
1,1,0.9902902245521545
0,0,0.142498180270195
0,0,5.586973929894157e-05
1,1,0.9995554089546204
0,0,0.0014480450190603733
0,0,3.7045847420813516e-06
1,1,0.811501681804657
1,1,0.9988201260566711
1,1,0.9994390606880188
1,1,0.9888132214546204
1,1,0.9949170351028442
1,1,0.9465366005897522
1,1,0.9853731989860535
0,0,2.5665467546787113e-06
1,1,0.9671241044998169
1,1,0.8960683345794678
1,1,0.7076935172080994
1,1,0.9707272052764893
0,0,0.2358958125114441
1,1,0.730211079120636
0,0,0.09106877446174622
1,1,0.9999860525131226
0,0,0.0005983208538964391
1,1,0.9995361566543579
1,1,0.9996823072433472
1,1,0.5058956742286682
1,1,0.9999728202819824
1,1,0.9953747391700745
0,0,0.0009930412052199244
0,0,0.0006659970968030393
0,0,0.00024926126934587955
0,0,0.007482992019504309
1,1,0.9985817670822144
0,0,0.2600654363632202
0,0,0.22577346861362457
0,1,0.8242623805999756
0,0,0.002280518179759383
0,0,0.0014802874065935612
0,0,0.009905473329126835
1,1,0.9997648596763611
0,1,0.6536313891410828
0,0,0.016172830015420914
0,0,0.03691263496875763
0,0,0.0002277397725265473
1,1,0.9999860525131226
0,0,0.007964522577822208
0,0,0.00023906926799099892
0,0,0.0021784885320812464
0,0,0.000268415518803522
0,0,0.00011633448593784124
1,1,0.8381573557853699
0,0,0.03860229253768921
0,0,0.000822837115265429
1,1,0.9999945163726807
0,0,0.0032638730481266975
0,0,0.019223764538764954
1,1,0.6097429990768433
1,1,0.9996654987335205
1,1,0.9988682270050049
1,1,0.9999812841415405
0,0,2.9121599709469592e-06
0,0,0.01075807586312294
1,1,0.9971454739570618
0,0,0.017305495217442513
0,0,0.4232812523841858
1,1,0.9999854564666748
1,1,0.9903834462165833
1,1,0.9999967813491821
1,1,0.9999650716781616
1,1,0.9999948740005493
1,1,0.9992111921310425
0,0,0.0015089730732142925
0,0,0.01257359515875578
0,0,0.004324125591665506
1,1,0.9326383471488953
1,1,0.9999523162841797
0,0,8.618561696493998e-05
0,0,0.006320617627352476
1,1,0.9987515211105347
0,0,0.0004694179224316031
0,0,0.004252686630934477
0,0,0.08400998264551163
1,1,0.9749435186386108
1,1,0.7755545377731323
1,1,0.9999138116836548
1,1,0.9999281167984009
0,0,0.059618424624204636
1,1,0.9861100912094116
1,1,0.9996374845504761
0,1,0.7221001982688904
0,0,0.014881318435072899
0,0,0.0013081975048407912
1,1,0.9999300241470337
1,1,0.9959529638290405
0,0,0.0007671465282328427
1,1,0.9551617503166199
1,1,0.9149616360664368
1,1,0.9963014125823975
0,1,0.5229002833366394
1,1,0.9995834231376648
0,0,0.08568138629198074
1,1,0.9811443090438843
1,1,0.9994100332260132
0,0,0.002389137400314212
0,0,0.0022837568540126085
1,1,0.9994390606880188
0,0,0.03580975532531738
1,1,0.9995214939117432
0,0,0.010015135630965233
1,1,0.9407482743263245
0,0,0.00020515473443083465
1,1,0.9996956586837769
1,1,0.9892274141311646
1,1,0.8357248306274414
1,1,0.9978175163269043
1,1,0.9998279809951782
1,1,0.9958743453025818
1,1,0.9949245452880859
0,0,3.691992242238484e-05
0,0,0.02683720551431179
0,0,2.4993640934667383e-08
1,1,0.9996565580368042
0,0,0.0015589708928018808
1,1,0.5633081197738647
1,1,0.9999352693557739
1,1,0.9996902942657471
1,1,0.9999803304672241
1,1,0.9975155591964722
1,1,0.9987731575965881
1,1,0.9994750618934631
0,0,0.2389100342988968
1,1,0.9928523898124695
1,1,0.920459508895874
0,0,0.011780240572988987
1,1,0.9999746084213257
1,1,0.9865121841430664
1,1,0.9534664154052734
1,1,0.998401939868927
1,1,0.9998576641082764
0,1,0.9573714137077332
1,1,0.9948904514312744
0,0,0.00023538435925729573
0,0,0.00012937546125613153
0,0,0.2506841719150543
0,0,0.0028198694344609976
0,0,0.00037237012293189764
1,1,0.9999070167541504
0,0,0.024011675268411636
0,0,0.02976611629128456
1,1,0.9987473487854004
1,1,0.9975572824478149
1,1,0.9989635944366455
1,1,0.9999963045120239
1,1,0.93156898021698
0,0,0.00013177645450923592
1,1,0.9963929057121277
0,0,0.004745749291032553
1,0,0.048116303980350494
1,1,0.9776526689529419
1,1,0.9992905855178833
1,1,0.9822614192962646
1,1,0.998979389667511
1,1,0.6429863572120667
0,0,0.15171116590499878
1,1,0.9978716373443604
1,1,0.9999048709869385
1,1,0.9999653100967407
1,1,0.9756322503089905
1,1,0.9674710631370544
0,0,2.1511845261557028e-05
1,1,0.9950183629989624
1,1,0.9943138360977173
1,1,0.9990861415863037
1,1,0.9998440742492676
0,0,0.24182406067848206
1,1,0.9983556866645813
0,0,7.91022102930583e-05
1,1,0.9546071290969849
1,1,0.9984203577041626
1,1,0.9996500015258789
1,1,0.9991984963417053
1,1,0.9997437596321106
0,0,5.926271478529088e-05
1,1,0.8509735465049744
0,0,0.0003715003258548677
1,1,0.8647275567054749
1,1,0.8695905804634094
1,1,0.997542142868042
1,1,0.999524712562561
1,1,0.6526445150375366
0,0,0.00020627904450520873
1,1,0.999971866607666
0,0,0.07856498658657074
0,0,0.005833934526890516
1,1,0.9993016719818115
0,0,0.1294635683298111
0,0,0.0006400411948561668
0,0,0.309957891702652
1,0,0.4705278277397156
1,1,0.9698049426078796
0,0,0.06702646613121033
0,1,0.8928765058517456
0,0,0.005540400743484497
1,1,0.9941710829734802
1,1,0.9766315817832947
1,1,0.9983857870101929
1,1,0.9997288584709167
1,1,0.9999579191207886
0,0,0.27942436933517456
1,1,0.9999406337738037
0,0,0.00011369789717718959
1,1,0.9996737241744995
0,0,0.4584363102912903
0,0,1.2969866247658501e-06
0,0,0.29950839281082153
0,0,0.0018278959905728698
0,0,0.384034126996994
0,0,0.21044489741325378
1,1,0.9999947547912598
1,1,0.9863806366920471
0,0,0.1379023790359497
0,0,0.007118357811123133
1,1,0.856120765209198
0,0,4.8886588047025725e-05
1,1,0.9999998807907104
1,1,0.9999971389770508
1,1,0.9999111890792847
0,0,0.4821343421936035
1,1,0.9837860465049744
1,1,0.9991456270217896
0,0,4.6883706090739e-05
1,1,0.9999935626983643
1,1,0.9999964237213135
1,1,0.9518545866012573
1,1,0.999996542930603
1,1,0.9999992847442627
0,0,0.0029878062196075916
1,1,0.7492457628250122
0,0,0.2263636589050293
0,0,0.10996398329734802
1,1,0.9989389777183533
1,1,0.9939024448394775
1,1,0.9985840320587158
1,1,0.9922318458557129
1,1,0.9831567406654358
0,0,0.0013589935842901468
1,1,0.9998515844345093
0,0,0.0016433437122032046
0,0,7.967452984303236e-05
0,0,6.637568731093779e-05
0,0,0.0412864051759243
1,1,0.9416361451148987
1,1,0.8915109634399414
0,0,0.0019490985432639718
0,0,0.1071711927652359
1,0,0.16838721930980682
1,1,0.9893303513526917
0,1,0.8947272896766663
1,1,0.5202949047088623
1,1,0.9998999834060669
0,0,0.0034446273930370808
0,0,0.023059044033288956
1,1,0.999146580696106
1,0,0.21284829080104828
1,1,0.985215425491333
1,1,0.9984558820724487
0,1,0.8255571722984314
1,1,0.8612174987792969
0,0,0.0006291152094490826
0,0,0.0011431932216510177
1,1,0.8052637577056885
0,0,5.285642691887915e-05
0,0,1.95562606677413e-05
1,1,0.9997674822807312
0,0,3.4131437587348046e-06
0,0,0.00014975770318415016
1,1,0.9993302822113037
1,1,0.9791543483734131
1,1,0.998751163482666
1,1,0.7695446014404297
1,1,0.9999690055847168
1,0,0.04585335776209831
1,1,0.9997860789299011
0,0,0.0011901016114279628
0,0,0.004420702811330557
0,0,0.017920751124620438
1,1,0.9994350075721741
0,0,0.000794238643720746
0,0,0.03335059434175491
0,0,3.839574219455244e-06
1,1,0.9995892643928528
1,1,0.9994850158691406
1,1,0.9995856881141663
1,1,0.6417415142059326
1,1,0.9999959468841553
0,0,0.00031569713610224426
0,0,0.38493993878364563
1,0,0.2961961328983307
0,0,0.016865070909261703
0,0,0.00048429780872538686
0,0,0.0002156132395612076
0,1,0.5743356943130493
1,1,0.7100140452384949
0,0,0.024825874716043472
0,0,0.0012141851475462317
1,1,0.9999643564224243
1,1,0.999946117401123
1,1,0.9933847784996033
1,1,0.9938526153564453
1,1,0.8935444951057434
1,1,0.7496545910835266
1,1,0.9973425269126892
1,1,0.6007197499275208
1,1,0.9387190937995911
1,1,0.9941794872283936
1,1,0.9909470081329346
1,1,0.9994121789932251
1,1,0.9999978542327881
0,0,6.558466702699661e-05
1,1,0.8815075159072876
1,1,0.9999483823776245
1,1,0.9981050491333008
0,0,0.18220283091068268
1,0,0.11677106469869614
1,1,0.9999208450317383
0,0,0.14386926591396332
1,1,0.9990147352218628
1,1,0.9995827078819275
0,1,0.89800626039505
1,1,0.6523481607437134
0,0,9.160041372524574e-05
1,1,0.9879487752914429
0,0,0.0377117283642292
0,0,0.02608250267803669
0,0,0.019568128511309624
1,1,0.6818548440933228
0,0,0.018393222242593765
1,1,0.995672881603241
0,0,0.012813582085072994
0,0,0.0036158072762191296
1,1,0.6156743168830872
0,0,0.017864033579826355
0,0,0.26861315965652466
0,0,0.00532009731978178
1,0,0.2683173418045044
1,1,0.8749513030052185
1,1,0.9996970891952515
1,1,0.9999207258224487
1,1,0.9834861755371094
1,1,0.9896336793899536
0,0,0.24102172255516052
0,0,0.010889526456594467
0,0,0.25249186158180237
0,0,0.04225600138306618
0,0,0.004505930468440056
0,0,1.8501059457776137e-05
0,0,0.0063081178814172745
0,0,0.034130264073610306
0,0,4.008759333373746e-06
0,0,0.10305505245923996
1,1,0.9998443126678467
1,1,0.9997439980506897
1,1,0.9996330738067627
1,1,0.9814552664756775
0,0,8.882526162778959e-05
1,1,0.9999879598617554
1,1,0.977382242679596
1,1,0.9999985694885254
0,0,0.0026537233497947454
0,1,0.9899285435676575
1,1,0.9999812841415405
1,1,0.9774173498153687
0,0,0.000215388456126675
1,1,0.986724317073822
1,1,0.9999977350234985
0,0,0.004146883729845285
0,0,0.0017765701049938798
0,0,0.36765727400779724
1,0,0.2646419107913971
1,1,0.9999988079071045
1,1,0.998380184173584
0,0,1.3231577213446144e-05
1,1,0.9999181032180786
1,1,0.8195434212684631
1,1,0.99972003698349
1,1,0.9979605674743652
1,1,0.9985435009002686
1,1,0.9999388456344604
1,1,0.9992725253105164
1,1,0.9999632835388184
0,0,0.0034157205373048782
0,0,0.027554992586374283
0,0,0.00011080256808781996
0,0,0.007318602409213781
0,0,4.826999793294817e-05
1,1,0.9789732098579407
0,0,0.032047368586063385
0,1,0.8672202229499817
0,0,0.0018310220912098885
0,0,0.0945897102355957
0,1,0.9456958770751953
0,0,0.20341189205646515
0,0,0.029869582504034042
0,0,2.3310240067075938e-05
1,1,0.9983344674110413
0,0,0.026448173448443413
0,0,0.0006716751959174871
0,0,0.06838354468345642
0,0,0.1659296154975891
0,0,0.0010182874975726008
1,1,0.9982652068138123
1,1,0.8673800230026245
0,0,0.0015738395741209388
1,0,0.0016448433743789792
0,0,0.00022293439542409033
1,1,0.9993401169776917
0,0,4.795396307599731e-06
0,0,0.0011668468359857798
0,0,0.15854890644550323
1,1,0.9980103373527527
0,0,0.00675176503136754
1,1,0.9833643436431885
0,0,0.0002321284409845248
0,0,0.0048812925815582275
1,1,0.9453017711639404
0,0,0.41578635573387146
0,0,0.019243238493800163
1,1,0.9919850826263428
0,0,0.0006110085523687303
0,0,0.029742438346147537
0,0,0.0037920987233519554
0,1,0.6402115225791931
0,0,0.2535455822944641
1,0,0.010052516125142574
0,0,0.09410881251096725
1,1,0.9929162263870239
0,0,6.583597951248521e-06
0,0,0.0012380039552226663
0,0,0.00011411608284106478
0,0,0.0005632604588754475
1,1,0.981270432472229
1,1,0.9999337196350098
1,1,0.9733012318611145
1,1,0.9941933751106262
1,1,0.9995712637901306
1,1,0.9999910593032837
1,1,0.9995601773262024
1,1,0.9999949932098389
1,1,0.999198853969574
0,0,0.15761978924274445
1,1,0.9991078972816467
1,1,0.9997773766517639
1,1,0.6770276427268982
1,1,0.9951342940330505
1,1,0.9934564232826233
1,1,0.9999775886535645
1,1,0.9712231755256653
0,0,2.45612500293646e-05
0,0,0.004444063175469637
1,1,0.9826906323432922
1,0,0.39155182242393494
0,0,0.0001059339483617805
0,0,0.015010496601462364
1,1,0.9902336597442627
1,1,0.9998014569282532
0,0,0.01806628704071045
0,0,0.05969388782978058
1,1,0.9999589920043945
1,1,0.9965394735336304
1,1,0.993933379650116
1,1,0.99991774559021
0,0,0.0817817822098732
0,1,0.6593761444091797
1,1,0.9678636789321899
1,1,0.9993784427642822
0,0,0.0026201496366411448
0,0,0.0030391959007829428
0,0,0.047164760529994965
0,0,3.023198041773867e-05
0,0,0.028589822351932526
1,1,0.9993757605552673
0,0,0.00022587479907087982
0,0,0.11308445036411285
0,0,0.0005482672713696957
0,0,7.896142051322386e-05
1,0,0.05942856892943382
0,0,0.00012855864770244807
1,1,0.9999796152114868
0,0,0.002655322663486004
0,0,9.016777039505541e-05
0,0,0.10012966394424438
1,1,0.9696983098983765
1,1,0.999974250793457
0,0,0.010892746970057487
0,1,0.5801122188568115
0,0,0.004311347845941782
0,0,0.013634623028337955
0,0,0.0010361986933276057
0,0,0.024533966556191444
1,1,0.9977697134017944
0,0,0.0003476515703368932
1,1,0.9999489784240723
0,0,0.01058501098304987
1,1,0.9535135626792908
0,0,0.00320244999602437
0,0,0.03838866576552391
1,1,0.9995092153549194
0,0,2.393902832409367e-05
0,0,0.012139923870563507
0,0,0.30107614398002625
0,0,0.000870901218149811
0,0,0.00562325119972229
0,0,0.000394137081457302
1,0,0.0002500350819900632
0,1,0.9145327210426331
1,1,0.8315712213516235
0,0,9.718562796479091e-05
0,0,0.16317901015281677
0,0,0.09306324273347855
0,1,0.6788804531097412
0,0,0.0037131577264517546
1,1,0.999795138835907
1,1,0.8296335339546204
1,1,0.9941662549972534
1,1,0.9945681095123291
1,1,0.9995096921920776
0,0,0.00011054769856855273
0,0,0.009467294439673424
0,0,0.30209559202194214
1,1,0.9975926280021667
1,1,0.9982770681381226
0,0,0.0005501025589182973
1,1,0.975749135017395
1,1,0.9999986886978149
0,0,0.06530143320560455
1,1,0.9991810917854309
0,0,2.1946583729004487e-05
0,0,0.07090678811073303
0,0,0.00013084826059639454
1,1,0.8147153854370117
1,1,0.9615597724914551
1,1,0.9983886480331421
0,0,0.024050094187259674
0,0,3.4638287615962327e-06
1,1,0.999636173248291
0,0,0.00019942084327340126
0,0,0.01142245251685381
1,1,0.5794130563735962
0,0,0.022167570888996124
0,0,0.26370149850845337
1,1,0.8199942111968994
1,1,0.99968421459198
1,1,0.9945547580718994
1,1,0.9427543878555298
1,1,0.9958729147911072
0,0,0.016648685559630394
0,0,4.4262407755013555e-05
1,1,0.9902997016906738
0,0,0.4907694160938263
0,0,0.03981269896030426
1,1,0.9999637603759766
1,1,0.9977381229400635
1,1,0.9874528050422668
0,0,0.3010561168193817
1,1,0.9999572038650513
1,1,0.8648063540458679
1,1,0.9999957084655762
0,0,0.40168657898902893
0,0,0.002961057238280773
1,1,0.999963641166687
0,0,2.9750239264103584e-05
0,0,0.13888637721538544
1,1,0.9998724460601807
1,1,0.9960854053497314
1,1,0.9993293285369873
0,0,0.00031270881299860775
1,1,0.9981228709220886
0,0,0.012053068727254868
0,0,0.00041223439620807767
0,0,0.0029994179494678974
1,1,0.9958028197288513
0,0,0.0008860737434588373
1,1,0.9999430179595947
0,1,0.9279066920280457
1,1,0.9948498606681824
1,0,0.4076891243457794
0,0,0.039700672030448914
0,0,6.0213492361071985e-06
0,0,0.0013883757637813687
1,1,0.738733172416687
1,1,0.9992021918296814
0,0,0.0009205683600157499
0,0,0.002633680822327733
0,0,0.0028699205722659826
0,0,0.00010116156772710383
1,1,0.9961047172546387
0,0,2.4825323635013774e-05
1,1,0.9783103466033936
0,0,0.1319018453359604
0,0,0.00016351147496607155
1,1,0.9845045804977417
0,0,0.002640605205669999
1,1,0.9996071457862854
1,1,0.8891105055809021
0,0,0.0038456826005131006
1,1,0.9991466999053955
1,1,0.981188952922821
1,1,0.9990367889404297
1,1,0.9067202806472778
0,1,0.8887515664100647
0,0,0.046830419450998306
1,1,0.9999972581863403
1,1,0.9968031644821167
0,0,0.12532617151737213
0,0,0.0017835600301623344
0,0,0.0009660075302235782
0,0,0.07710559666156769
0,0,5.897424216527725e-06
0,0,0.0002479701361153275
1,1,0.9979842901229858
0,0,4.734183312393725e-05
0,0,6.784066499676555e-05
1,1,0.9490574598312378
0,0,0.00012392566713970155
1,1,0.9986078143119812
0,1,0.9765533804893494
0,0,0.1691034883260727
0,0,0.00033165179775096476
1,0,0.23718196153640747
1,1,0.9975021481513977
1,1,0.9991361498832703
1,1,0.999887228012085
1,1,0.9990972280502319
0,0,0.0002106135943904519
0,0,0.020419472828507423
0,0,0.0012085583293810487
1,1,0.9977757334709167
1,1,0.9919346570968628
0,0,0.027731357142329216
0,0,0.00642560888081789
1,1,0.9999939203262329
1,1,0.9969552755355835
0,1,0.6806016564369202
1,1,0.996613085269928
1,1,0.9803921580314636
0,0,0.05582365393638611
1,1,0.995363712310791
1,1,0.9867715239524841
1,1,0.9890430569648743
1,1,0.8889256119728088
0,0,0.0005896911025047302
0,0,1.0032791578851175e-05
1,1,0.9999986886978149
0,0,0.191757470369339
0,1,0.5025846362113953
0,0,0.0016599470982328057
1,1,0.9848041534423828
0,0,0.06994736194610596
1,1,0.9948151707649231
1,1,0.9998788833618164
1,1,0.9734202027320862
1,1,0.999819815158844
1,1,0.9990925788879395
1,1,0.999962568283081
0,0,0.013951268047094345
1,1,0.985870361328125
1,1,0.9967488050460815
0,0,0.17304487526416779
0,0,0.18316532671451569
0,0,2.7667854737956077e-05
0,0,0.013597983866930008
0,0,0.20113779604434967
0,0,0.07525189220905304
0,0,0.00010311942605767399
0,0,0.1632664054632187
1,1,0.9296925067901611
1,1,0.9983788728713989
1,1,0.9944420456886292
0,0,0.0003214837342966348
0,0,0.0003369288460817188
1,1,0.999956488609314
1,1,0.9999997615814209
0,0,0.33987078070640564
1,1,0.99957674741745
1,1,0.9883126616477966
0,0,7.605082646477968e-05
1,1,0.9862101674079895
0,0,1.947121290868381e-06
1,1,0.9962196946144104
1,1,0.9999001026153564
1,1,0.8530070781707764
0,0,0.004526583477854729
1,1,0.9942248463630676
1,1,0.9973147511482239
1,1,0.9999592304229736
0,0,0.00015911567606963217
0,0,0.040045980364084244
0,0,0.0018685065442696214
1,1,0.953386127948761
0,0,1.0282058610755485e-05
1,1,0.9977380037307739
0,0,0.005081453826278448
1,1,0.9569401144981384
1,1,0.9882559180259705
0,0,0.014869341626763344
0,0,0.00010079605272039771
0,0,0.0002699013566598296
0,0,7.249547707033344e-06
0,0,0.2518441677093506
0,0,0.002784161362797022
0,0,5.59778927708976e-05
0,0,3.9922808355186135e-05
0,0,0.00015265490219462663
0,0,0.3004479706287384
0,0,0.026397107169032097
1,1,0.9630758166313171
1,1,0.9989686012268066
1,1,0.9999649524688721
0,0,1.5425317769768299e-06
0,0,1.3750602192885708e-05
0,0,0.16650334000587463
1,1,0.9987939596176147
0,0,0.0006289700977504253
0,0,2.037946615018882e-05
0,0,0.013042734935879707
0,0,0.0011317514581605792
0,0,0.00010333056707167998
1,1,0.999846339225769
1,1,0.9998194575309753
0,0,0.09189704060554504
0,0,0.006761276163160801
1,1,0.8638057112693787
1,1,0.9546330571174622
0,1,0.8467271327972412
0,0,2.1969950466882437e-05
1,1,0.9979933500289917
0,0,0.003122269408777356
1,1,0.9761316776275635
0,0,0.45048850774765015
1,1,0.9753673672676086
1,1,0.8973928689956665
1,1,0.9999942779541016
1,1,0.9988787770271301
0,0,0.018463553860783577
0,0,0.0002855323546100408
1,1,0.9979633092880249
1,1,0.9857343435287476
1,1,0.937456488609314
0,0,0.006181022152304649
1,1,0.9930108189582825
1,1,0.9562276005744934
0,0,0.3598770201206207
0,0,0.012532787397503853
0,0,0.0046095154248178005
1,1,0.9906355738639832
1,1,0.9563902616500854
1,1,0.9777705073356628
1,1,0.9998807907104492
1,1,0.9328793883323669
1,1,0.9999309778213501
0,0,0.00671339500695467
0,0,0.003913181833922863
0,0,0.005084398668259382
0,0,0.0024992467369884253
0,0,0.002466352889314294
1,1,0.9459653496742249
1,1,0.9999852180480957
1,0,0.15756595134735107
1,1,0.9998716115951538
1,1,0.9852705001831055
1,1,0.9959700107574463
0,0,0.0453658252954483
1,1,0.9998832941055298
0,0,6.432898953789845e-05
0,0,0.003723469562828541
1,0,0.22656917572021484
1,1,0.9934539794921875
0,0,0.0006364337750710547
0,0,0.0048013306222856045
1,1,0.9950966238975525
0,0,0.0030900987330824137
0,0,0.07588563114404678
1,1,0.9966990351676941
0,0,0.0007939162896946073
1,1,0.9958685636520386
0,0,2.1242251477815444e-06
1,1,0.9963964819908142
0,0,0.003278247779235244
1,1,0.9732087850570679
1,1,0.9960038065910339
0,0,0.47793668508529663
0,0,0.022798264399170876
0,0,1.6650072211632505e-05
1,1,0.9753875732421875
0,0,0.00026263867039233446
0,0,0.00020442776440177113
1,1,0.9998587369918823
1,0,0.49074432253837585
1,1,0.9999830722808838
0,0,0.04924992844462395
0,0,0.028643909841775894
1,1,0.9966499209403992
0,0,6.402616236300673e-06
0,1,0.5074666738510132
0,0,2.392396709183231e-06
0,0,0.0018058153800666332
0,0,0.0037384291645139456
1,1,0.9997420907020569
0,0,0.0006740613607689738
0,0,0.0014956402592360973
0,0,0.0005864380509592593
1,1,0.9984918832778931
0,0,0.0006708879955112934
1,1,0.9977093935012817
0,0,3.898963041137904e-05
1,1,0.9593752026557922
1,1,0.9992159605026245
1,1,0.9409183859825134
0,0,2.1512509551513403e-09
0,1,0.8120837211608887
1,1,0.9996229410171509
1,1,0.9310635328292847
0,0,0.0011670158710330725
1,1,0.9936076402664185
1,1,0.9999532699584961
0,0,0.17675083875656128
1,1,0.540422797203064
1,1,0.9999041557312012
1,1,0.9998044371604919
0,0,0.0013373506953939795
1,1,0.8751554489135742
1,1,0.9982120990753174
1,1,0.9991764426231384
1,1,0.99997878074646
0,0,0.0010406351648271084
0,0,5.837618573423242e-06
0,0,0.005230927839875221
1,1,0.9985576272010803
1,1,0.9606715440750122
1,1,0.9998836517333984
0,0,0.0665775015950203
0,0,0.0016294794622808695
0,0,0.09977825731039047
1,1,0.9977349042892456
0,0,0.032747335731983185
0,0,0.0033126240596175194
1,1,0.9954487681388855
1,1,0.9994722008705139
0,0,0.0003133122227154672
0,0,0.0001145768619608134
0,0,0.016915809363126755
0,0,3.2340711186407134e-05
1,1,0.9141915440559387
0,0,0.0003553789865691215
1,1,0.9090641140937805
0,0,0.13369841873645782
0,1,0.938069760799408
0,0,0.08193452656269073
1,1,0.9987096786499023
0,0,0.0016350874211639166
1,1,0.9993846416473389
1,1,0.982730507850647
0,0,0.05432983487844467
1,1,0.9999096393585205
1,1,0.986906886100769
1,1,0.9955441355705261
1,1,0.9519773125648499
0,0,0.0020489750895649195
0,0,0.38886868953704834
1,1,0.9999102354049683
0,0,0.0005415029590949416
0,0,0.0013924972154200077
0,0,0.002689313841983676
0,1,0.8455542922019958
0,0,9.837227844400331e-05
0,0,0.0017207658383995295
0,0,0.011089633218944073
0,0,0.013050692155957222
1,1,0.5594350099563599
1,1,0.8264206051826477
1,1,0.9351668953895569
1,1,0.8460023403167725
1,0,0.49957799911499023
0,0,0.27026572823524475
1,1,0.998160183429718
0,1,0.980438232421875
1,1,0.9999512434005737
1,1,0.976097822189331
1,1,0.9993045330047607
1,1,0.997209370136261
0,0,0.058720141649246216
0,0,0.030741987749934196
0,0,5.614602559944615e-05
0,0,0.0001095658153644763
0,0,0.025883637368679047
0,0,0.008250205777585506
1,1,0.9999628067016602
0,0,0.20531198382377625
0,0,0.06556620448827744
1,1,0.9953461289405823
0,0,0.01364224310964346
0,0,0.004135428927838802
1,1,0.9947180151939392
0,0,0.013634398579597473
0,0,0.00010630968608893454
0,0,0.027546968311071396
0,0,0.009853382594883442
0,0,0.00035494897747412324
0,0,8.402215462410823e-05
1,1,0.9999593496322632
1,1,0.854032576084137
1,1,0.999672532081604
1,1,0.9996941089630127
1,1,0.972642183303833
1,1,0.9999597072601318
0,1,0.70194411277771
1,1,0.9999823570251465
1,1,0.9875952005386353
1,1,0.9999170303344727
0,0,0.05168350413441658
1,1,0.9969547986984253
0,0,1.8707345361690386e-06
1,1,0.9881496429443359
1,1,0.997444748878479
0,0,0.008107553236186504
1,1,0.9994580149650574
0,0,0.0005812309682369232
1,1,0.995880126953125
1,1,0.9999979734420776
1,1,0.949044942855835
0,0,0.00026571398484520614
1,1,0.9999948740005493
1,1,0.999944806098938
0,0,0.024882014840841293
0,0,0.003116391832008958
0,0,1.8826902987711946e-06
0,0,7.1216463766177185e-06
0,0,0.000892858428414911
1,1,0.9993348717689514
0,0,0.35929620265960693
1,1,0.9906071424484253
0,0,0.015119973570108414
1,1,0.9985242486000061
1,1,0.9962207674980164
0,0,0.00023474627232644707
1,1,0.999225378036499
0,0,0.04501737654209137
1,1,0.9968457818031311
0,0,0.0008507403545081615
0,0,0.005494988989084959
1,1,0.9998846054077148
1,0,0.022019481286406517
1,1,0.9974180459976196
0,0,0.00032504790578968823
0,0,0.039466600865125656
0,0,0.0011784957023337483
0,0,0.006607691757380962
0,1,0.5802366733551025
1,1,0.9999229907989502
0,0,0.0029848841950297356
1,1,0.984411895275116
0,0,0.0009973101550713181
0,0,0.0020211758092045784
0,0,0.00499050272628665
1,1,0.9999728202819824
1,1,0.9602320194244385
0,0,0.07230325043201447
0,0,2.2997954147285782e-05
1,1,0.9999767541885376
0,0,0.06913207471370697
0,0,0.004466931335628033
0,0,0.10257800668478012
0,0,1.2044561117363628e-05
0,0,0.0075509212911129
1,1,0.9946413040161133
1,1,0.9631255865097046
0,0,0.0001494940515840426
0,0,0.001442655106075108
1,1,0.9882577061653137
0,0,0.002456036629155278
0,0,0.08901038020849228
0,0,0.08415321260690689
0,1,0.9635825753211975
1,1,0.9999333620071411
0,0,0.42423391342163086
0,0,0.00020753136777784675
1,1,0.9995818734169006
0,0,3.1332992875832133e-06
0,0,0.03595253452658653
0,0,0.013299324549734592
0,0,0.006257540080696344
1,0,0.10540987551212311
0,0,0.016346758231520653
0,0,0.00656967144459486
0,0,5.840516314492561e-05
0,1,0.9752228856086731
0,0,0.02961486391723156
0,0,0.015231753699481487
0,0,0.00030555654666386545
0,0,0.0006869611679576337
0,0,0.007466253358870745
1,1,0.9998958110809326
1,1,0.992119312286377
1,1,0.9593189358711243
1,1,0.9980588555335999
1,1,0.9997463822364807
1,1,0.9999130964279175
1,1,0.9999403953552246
1,1,0.9999439716339111
0,0,3.3284715755144134e-05
0,0,0.0028311009518802166
1,1,0.9529687166213989
1,1,0.971092164516449
0,0,0.02882279083132744
0,0,0.0016268054023385048
0,0,0.0006618721527047455
0,0,0.00011476187501102686
1,1,0.9996943473815918
0,0,0.00011867973807966337
1,1,0.9781404733657837
0,0,0.0035777143202722073
0,0,0.018566668033599854
1,1,0.8231398463249207
1,1,0.9995790123939514
0,0,1.9250792320235632e-06
0,0,0.000986658502370119
1,1,0.9997604489326477
1,0,0.10519347339868546
0,0,0.0005361726507544518
0,0,0.0008410063455812633
1,1,0.9998296499252319
0,0,0.005160548258572817
0,0,0.0002675723226275295
1,1,0.9999935626983643
0,0,0.00742649519816041
0,0,0.0016612001927569509
0,0,0.01764984428882599
0,0,0.00020005181431770325
0,0,0.15520451962947845
0,0,0.0019404226914048195
0,0,7.395977445412427e-05
0,0,0.004888598807156086
0,0,0.00011585293395910412
0,0,3.2342897611670196e-05
1,1,0.9810623526573181
1,0,0.17545565962791443
0,0,0.3378300964832306
1,1,0.9991980195045471
0,0,0.006522567477077246
0,0,0.0025130275171250105
0,0,0.0005157293053343892
0,0,0.0022282826248556376
0,0,0.31205517053604126
1,1,0.5241459608078003
1,1,0.9916666150093079
1,1,0.9993257522583008
1,1,0.9999986886978149
1,1,0.9999217987060547
1,1,0.9182018637657166
1,1,0.9998226761817932
1,1,0.9980389475822449
1,1,0.999068558216095
1,1,0.9793480634689331
1,1,0.9978060126304626
1,1,0.9427443742752075
1,1,0.9882152080535889
0,0,0.009971526451408863
0,0,9.963136108126491e-05
1,1,0.9999520778656006
0,0,0.009451987221837044
1,1,0.9130350351333618
0,0,7.274437666637823e-05
0,0,0.00013009803660679609
0,0,0.005148473661392927
1,1,0.9960970282554626
1,1,0.9890833497047424
0,0,0.21661776304244995
1,1,0.813361406326294
1,1,0.9999984502792358
0,1,0.9638336896896362
1,1,0.9873698353767395
1,1,0.9700774550437927
1,1,0.9916929602622986
0,0,4.533466199063696e-05
0,1,0.8998854756355286
0,0,0.022207243368029594
1,1,0.9999850988388062
1,1,0.9990887641906738
0,0,0.25363317131996155
0,0,0.0016242129495367408
1,1,0.8361963629722595
0,0,0.11727071553468704
0,0,0.27711647748947144
0,0,0.0003782866697292775
0,0,0.00023436766059603542
0,0,0.0005743333022110164
0,0,0.030275369063019753
0,0,0.02278871275484562
0,0,0.06561142206192017
0,0,0.00025830496451817453
0,0,0.044561803340911865
0,0,0.05767073482275009
0,0,0.00019293060177005827
1,1,0.9898849725723267
1,0,0.4312312602996826
1,1,0.570690929889679
1,1,0.9999873638153076
1,1,0.9996546506881714
1,1,0.9875301122665405
1,1,0.988197386264801
1,1,0.9803643226623535
0,0,3.498184469208354e-06
0,0,0.16004441678524017
0,0,0.27664560079574585
1,1,0.9904939532279968
1,0,0.2863219082355499
1,1,0.9994328618049622
1,1,0.9999841451644897
0,0,0.00256154197268188
1,1,0.8469052314758301
1,1,0.9665759205818176
1,1,0.9929881691932678
0,0,0.3038395941257477
1,0,0.48257017135620117
1,1,0.9573012590408325
1,1,0.9557865858078003
1,1,0.9999938011169434
0,0,0.0003021876036655158
0,0,0.0003238486824557185
1,1,0.9964112639427185
0,0,0.0003137426101602614
0,0,0.0001785191270755604
0,0,0.0013266355963423848
1,1,0.9999761581420898
0,0,0.0023013437166810036
1,1,0.986014723777771
1,1,0.9872775673866272
0,1,0.9836723208427429
1,1,0.9929242134094238
1,1,0.9981294274330139
1,0,0.11199665069580078
0,0,8.48432318889536e-05
1,0,0.43557974696159363
0,0,3.231189964481018e-07
1,1,0.9813604354858398
1,1,0.9095394611358643
0,0,0.07033352553844452
0,0,0.0006198129267431796
1,1,0.9994105100631714
0,0,0.18715235590934753
0,0,0.012659858912229538
0,0,0.0048330738209187984
0,1,0.5236472487449646
0,0,1.244446866621729e-05
1,1,0.9903560876846313
1,1,0.9992977380752563
1,1,0.7541115283966064
0,0,0.0006587489042431116
1,1,0.9844685196876526
1,1,0.9973082542419434
0,0,0.0012420830316841602
1,1,0.9996345043182373
1,1,0.998910665512085
0,0,0.017231930047273636
0,0,0.030277889221906662
0,0,0.08864052593708038
1,1,0.9958866238594055
0,0,0.008864376693964005
1,1,0.9623551368713379
0,0,0.0003705262497533113
0,1,0.7776257395744324
1,1,0.991965651512146
0,0,0.2741812467575073
0,0,0.008931971155107021
0,0,0.3106077015399933
1,0,0.4297994077205658
0,0,0.4406444728374481
0,0,0.0003080601163674146
1,1,0.9998793601989746
1,1,0.9999529123306274
0,0,0.00036371711757965386
1,1,0.9998277425765991
1,1,0.9457520842552185
1,1,0.9894738793373108
1,1,0.9994722008705139
1,1,0.9999986886978149
0,0,0.017465585842728615
0,0,0.19863449037075043
1,1,0.9948593378067017
0,0,0.0014805460814386606
0,0,0.004311399068683386
1,1,0.9995061159133911
0,0,0.00242844526655972
0,0,0.07426781207323074
0,0,0.00034968822728842497
0,0,0.002227799268439412
1,1,0.999915599822998
0,0,0.0001660451089264825
0,1,0.9732325673103333
0,0,0.28580567240715027
1,1,0.9983159303665161
1,1,0.9999852180480957
1,1,0.9961280226707458
0,0,0.00015961562166921794
0,0,0.0016333728563040495
1,1,0.9996452331542969
0,0,0.00115136057138443
1,1,0.9998899698257446
1,1,0.9938850998878479
0,0,3.5539302189135924e-05
1,1,0.9678594470024109
0,0,0.013210097327828407
1,1,0.999954104423523
1,1,0.9994702935218811
0,0,1.0151605238206685e-05
1,1,0.9193105697631836
1,1,0.9991907477378845
1,1,0.9964610934257507
1,1,0.9999339580535889
1,1,0.9838248491287231
1,1,0.9999810457229614
1,1,0.9998781681060791
1,0,0.17789223790168762
0,0,0.03911827504634857
0,0,0.02054606005549431
1,1,0.9990455508232117
1,1,0.9980091452598572
1,1,0.9998353719711304
0,0,5.369842619984411e-05
1,1,0.9993358254432678
0,0,0.004611731972545385
0,0,0.038033924996852875
0,0,5.608240462606773e-05
1,0,0.06886538118124008
1,1,0.9994284510612488
1,1,0.9968544840812683
0,0,5.591311946773203e-07
0,0,0.0001989752781810239
1,1,0.9999654293060303
1,1,0.9965052604675293
0,1,0.8392427563667297
1,1,0.7799632549285889
1,1,0.9999910593032837
0,0,0.20333561301231384
0,0,0.2740568518638611
0,0,0.0012973066186532378
0,0,0.00013162437244318426
1,1,0.999305248260498
0,0,0.0018967259675264359
1,1,0.9999918937683105
1,1,0.9804103970527649
0,0,0.006997211836278439
0,0,3.294985435786657e-05
0,0,0.0578976571559906
1,1,0.9999758005142212
0,0,0.0026565224397927523
0,0,0.010056264698505402
1,1,0.9979058504104614
1,1,0.9612624049186707
0,0,0.27538636326789856
1,1,0.9302653074264526
0,0,0.4772452116012573
1,1,0.9987701773643494
0,0,0.17504601180553436
0,0,0.007692072074860334
0,0,0.004255649633705616
0,0,0.002371902810409665
0,0,0.0006216004258021712
0,0,9.82452547759749e-05
0,0,0.010280074551701546
0,0,0.014526271261274815
0,0,0.0001783173793228343
0,1,0.9357385635375977
1,0,0.2882157564163208
1,1,0.9893184304237366
0,0,0.2672710120677948
1,1,0.9939225316047668
0,0,0.055325329303741455
1,1,0.9227080941200256
1,1,0.989190936088562
1,1,0.9973301887512207
0,0,1.8569377061794512e-05
1,1,0.9999401569366455
1,1,0.8325960040092468
1,1,0.9997581839561462
0,0,0.023933008313179016
0,0,6.067286813049577e-05
0,0,1.9312470612931065e-05
1,1,0.9945857524871826
1,1,0.9996235370635986
0,0,1.8858416297007352e-05
0,0,0.33201131224632263
1,1,0.5461781024932861
1,1,0.9999325275421143
0,0,0.023909885436296463
0,0,6.166088860481977e-05
0,0,6.126426887931302e-05
0,0,0.08910128474235535
0,0,6.283668335527182e-05
0,0,0.0002933311916422099
0,0,1.9039255221287021e-06
0,0,0.002618971047922969
1,1,0.8244022130966187
0,0,0.028022127225995064
0,0,0.01186471525579691
1,1,0.9875710010528564
1,1,0.9828973412513733
1,1,0.998404324054718
0,0,0.009387542493641376
0,1,0.6380678415298462
1,1,0.9999563694000244
0,1,0.5355386137962341
0,0,0.002131420886144042
0,0,0.0006227039848454297
0,0,0.00021422143618110567
0,0,0.15081870555877686
1,1,0.9977795481681824
1,1,0.9994388222694397
0,0,0.004705658182501793
0,0,1.4666967217635829e-05
0,0,0.0013382164761424065
1,1,0.9719066619873047
1,1,0.9999995231628418
0,0,0.13457052409648895
1,1,0.9991415739059448
1,0,0.3929041028022766
1,1,0.9946423768997192
1,1,0.9627751708030701
0,0,0.0028852219693362713
1,1,0.9999932050704956
0,0,0.02030416764318943
0,0,0.26298046112060547
0,0,0.2330387383699417
0,0,0.02425968088209629
1,1,0.8853757977485657
0,0,0.00047567833098582923
0,1,0.9795902967453003
1,1,0.9999990463256836
1,1,0.7279874682426453
1,1,0.9827951788902283
1,1,0.9522738456726074
1,1,0.9075236916542053
1,1,0.9996685981750488
1,1,0.9999202489852905
1,1,0.9706875681877136
1,1,0.9450116157531738
0,0,0.1490592062473297
1,0,0.09560053050518036
0,0,4.4709517510455044e-07
0,1,0.9902991056442261
0,0,6.396958724508295e-06
0,0,0.0002879418898373842
1,1,0.9998154044151306
0,0,1.552065441501327e-05
1,1,0.9938080906867981
1,1,0.932948887348175
0,0,0.0006007118499837816
0,0,0.18512462079524994
1,1,0.9990181922912598
0,1,0.7228311896324158
1,1,0.9981756210327148
1,1,0.980776846408844
1,1,0.9779790043830872
1,1,0.7976691126823425
1,1,0.9939059615135193
0,0,3.943348565371707e-05
1,1,0.9997867941856384
1,1,0.5213505625724792
1,1,0.9982549548149109
0,1,0.6596311926841736
1,1,0.9994763731956482
1,1,0.9999902248382568
0,0,0.004129455424845219
0,0,0.2849559485912323
0,0,0.004098562989383936
1,1,0.9998165965080261
0,0,0.016647320240736008
0,0,0.000473212479846552
1,1,0.9903935790061951
1,1,0.9832435250282288
1,1,0.995631217956543
0,0,5.390966180129908e-05
0,0,0.00026734513812698424
0,0,0.01925055682659149
1,1,0.9057838320732117
1,1,0.9969425797462463
1,1,0.9995286464691162
1,0,0.41267645359039307
1,0,0.02248685248196125
1,1,0.6708235144615173
0,0,0.007130787242203951
1,1,0.9917980432510376
1,1,0.9994334578514099
1,1,0.9983294606208801
1,1,0.9994070529937744
0,0,0.0010591086465865374
1,1,0.9521166086196899
0,0,0.009629599750041962
0,0,8.289204743050504e-06
0,0,0.0010321818990632892
0,1,0.6347282528877258
0,0,1.625391064408177e-06
1,1,0.9730587601661682
1,1,0.9803413152694702
1,1,0.9891138076782227
0,0,0.0017240619054064155
1,1,0.9235961437225342
1,1,0.9999402761459351
0,0,0.017797011882066727
1,1,0.9999698400497437
1,0,0.2620869576931
1,1,0.9883660674095154
1,1,0.9728661179542542
1,1,0.9998365640640259
1,1,0.6929245591163635
1,0,0.19867542386054993
1,1,0.9978912472724915
0,0,0.0009013457456603646
1,1,0.9677225351333618
1,1,0.999573290348053
1,1,0.7313590049743652
0,0,0.021890703588724136
0,0,0.00021343670960050076
0,0,0.2611616849899292
1,1,0.910184919834137
0,1,0.7030761241912842
1,1,0.9642736315727234
1,1,0.9975404739379883
0,0,0.025594813749194145
0,0,0.023970022797584534
1,1,0.9990426898002625
0,0,0.49356645345687866
0,0,0.07030119746923447
1,1,0.9955110549926758
0,0,0.0017896122299134731
0,0,0.16689811646938324
1,1,0.9997963309288025
0,0,0.05264248698949814
0,0,0.000631167960818857
0,1,0.5183613300323486
0,0,4.2234245483996347e-05
0,0,0.032023947685956955
0,0,8.34388572457101e-07
1,1,0.9999361038208008
0,0,2.484948345227167e-05
0,0,7.421581540256739e-05
0,0,0.0015451780054718256
0,0,2.871261676773429e-05
0,0,0.00021870866476092488
1,1,0.995672345161438
0,0,0.000599563296418637
0,0,0.12047839164733887
0,0,0.00018327760335523635
1,1,0.9997996687889099
0,0,0.0009112773695960641
1,0,0.40976688265800476
0,0,0.006919695530086756
0,0,0.0009253143216483295
1,1,0.995092511177063
1,1,0.9980370402336121
1,1,0.999718964099884
0,0,0.0757322832942009
0,0,0.01895875483751297
0,0,0.01092456839978695
1,1,0.9299522042274475
1,1,0.9557385444641113
0,0,0.03401419520378113
0,0,0.07953246682882309
0,0,0.048232078552246094
1,0,0.011224014684557915
0,1,0.6662254333496094
1,1,0.9162970781326294
1,1,0.9986383318901062
1,1,0.9881684184074402
0,1,0.6464105248451233
1,1,0.9998056292533875
1,1,0.9999489784240723
0,0,0.021217964589595795
1,1,0.9803138971328735
0,0,0.00026714461273513734
1,1,0.9998722076416016
0,0,9.558466263115406e-05
0,0,0.0588371679186821
1,1,0.9966756105422974
0,0,0.36522597074508667
1,1,0.9999845027923584
1,1,0.9957942962646484
0,0,0.0016501734498888254
1,1,0.7500895857810974
0,0,0.3072599768638611
0,0,0.00108259916305542
0,0,0.007326824124902487
1,1,0.995997428894043
1,1,0.9999783039093018
0,0,0.47921162843704224
0,0,0.0001647729513933882
1,1,0.9591866135597229
0,0,0.007004396058619022
1,1,0.9613828063011169
1,1,0.995433509349823
1,1,0.997453510761261
0,0,0.06682002544403076
0,0,0.2460523098707199
1,1,0.9997571110725403
0,0,0.01834976114332676
0,0,0.008449752815067768
0,0,0.0010594840859994292
1,1,0.9831352233886719
1,1,0.9998422861099243
0,0,0.03139110654592514
0,0,0.00011130388884339482
0,1,0.6518802046775818
0,0,0.05582992732524872
0,0,0.00016980826330836862
1,1,0.9998562335968018
0,0,0.0227184034883976
1,1,0.6616868376731873
1,1,0.9806739091873169
0,0,0.10297642648220062
0,0,0.03099755197763443
1,1,0.9999010562896729
0,1,0.9976303577423096
0,0,0.0034029423259198666
0,0,0.0002003052650252357
0,0,4.500453724176623e-05
1,1,0.716535210609436
0,0,0.00034625871921889484
0,0,0.0012639855267480016
0,0,0.027314741164445877
0,0,0.0006124165374785662
0,0,3.4652092040232674e-07
1,1,0.9993506073951721
0,0,0.1238798201084137
0,0,3.7038556911284104e-05
0,0,0.019276374951004982
0,0,0.2384393960237503
0,0,8.071563206613064e-05
1,1,0.9990584254264832
0,0,0.006850625853985548
0,0,0.007272413931787014
0,0,0.0506218820810318
1,1,0.9999995231628418
1,0,0.16619357466697693
0,0,0.004643529187887907
0,0,1.3226076589489821e-06
0,0,0.010055690072476864
1,1,0.938303530216217
0,0,0.005248780827969313
0,0,0.00027073328965343535
1,1,0.9997819066047668
0,0,0.3784637451171875
0,1,0.6072580218315125
0,0,0.00592863280326128
0,1,0.9852343201637268
0,0,1.2671819604292978e-05
0,0,0.141660675406456
0,0,3.9880989788798615e-05
1,1,0.944617509841919
0,0,8.894324855646119e-05
0,0,0.0001513666211394593
0,0,0.2513686716556549
0,1,0.8092284798622131
1,1,0.9342331886291504
1,1,0.889500617980957
0,0,0.0007727144984528422
0,0,0.40728655457496643
1,1,0.9932647943496704
1,1,0.9998251795768738
1,1,0.9416883587837219
1,1,0.999897837638855
1,1,0.9941726326942444
1,1,0.9990348815917969
0,0,0.03449966013431549
0,0,0.3509652614593506
1,1,0.9997215867042542
1,1,0.9975556135177612
0,0,0.12051481008529663
1,1,0.9584720730781555
1,1,0.9968673586845398
0,0,0.0005367369158193469
1,1,0.9988127946853638
0,0,0.00213852571323514
1,1,0.9999696016311646
0,0,0.01862647384405136
1,1,0.999992847442627
0,0,0.0012616886524483562
1,1,0.9999728202819824
0,0,3.312578337499872e-05
1,1,0.9940394163131714
1,1,0.9948368072509766
0,0,0.07790665328502655
1,0,0.17546892166137695
0,1,0.9922871589660645
0,0,9.966205107048154e-05
0,0,2.3376356693916023e-05
1,1,0.9999526739120483
1,1,0.9999867677688599
0,0,0.019212933257222176
0,0,3.6917568650096655e-05
0,0,2.3578866603202187e-05
0,0,0.09075555205345154
1,1,0.9999856948852539
0,0,0.02896433137357235
1,1,0.9537219405174255
0,0,0.001179027371108532
1,1,0.9999716281890869
0,0,0.0009297644137404859
1,1,0.999714195728302
1,1,0.9871542453765869
0,0,0.06410309672355652
1,1,0.9995054006576538
1,1,0.9951915740966797
0,0,0.00013624964049085975
0,0,5.806070112157613e-05
0,0,9.234913704858627e-07
1,1,0.9805650115013123
0,0,0.016101831570267677
0,0,0.0014112661592662334
0,0,0.01934613473713398
0,0,2.693159694899805e-05
0,0,0.0007408828823827207
1,1,0.9720603823661804
0,0,0.001821456360630691
0,0,2.770365790638607e-05
0,0,0.00032285513589158654
0,0,0.00025054338038899004
0,0,0.0579957477748394
0,0,0.0026059760712087154
0,0,0.002139840740710497
1,1,0.9888455271720886
0,0,0.011115768924355507
0,0,7.519663631683215e-05
0,0,0.03397414833307266
0,0,0.0009135729051195085
0,1,0.9351447820663452
0,0,0.00045615676208399236
1,1,0.7600191235542297
1,1,0.9999364614486694
1,1,0.9934383034706116
0,0,0.01789429411292076
0,0,0.06264568865299225
1,1,0.9999932050704956
1,1,0.999798595905304
1,1,0.9881256818771362
0,0,1.7361087884637527e-05
0,0,0.019216403365135193
1,1,0.9996603727340698
1,1,0.8691567182540894
0,1,0.536414623260498
0,0,0.01403261162340641
1,1,0.9998536109924316
1,1,0.9985069632530212
1,1,0.9983193278312683
1,1,0.9966758489608765
1,1,0.9985795021057129
1,1,0.9811422228813171
1,1,0.9823868274688721
1,1,0.995241641998291
0,1,0.6440514922142029
1,1,0.8769904971122742
1,1,0.9999920129776001
0,1,0.9461415410041809
1,1,0.9831293225288391
1,1,0.9999057054519653
0,0,0.013725236058235168
0,0,0.22752176225185394
1,1,0.9997929930686951
1,1,0.5123322606086731
1,1,0.9991426467895508
0,0,0.03897828236222267
1,1,0.9995599389076233
1,1,0.9798049330711365
1,1,0.9802154302597046
0,1,0.9619041085243225
1,1,0.9050931930541992
1,1,0.9999315738677979
0,0,0.1343180537223816
0,0,0.3901061713695526
1,1,0.9964268803596497
0,0,0.0003084103809669614
0,0,0.00042506083264015615
0,0,3.644119715318084e-05
1,0,0.4091353416442871
0,0,0.0098847271874547
0,0,0.0036624677013605833
1,1,0.9024671316146851
1,1,0.9928315877914429
1,1,0.9883922934532166
1,1,0.9976415634155273
1,1,0.9998024106025696
0,0,0.001555619528517127
1,1,0.9937958717346191
1,1,0.9999947547912598
0,0,5.990415229462087e-05
1,1,0.9998348951339722
0,0,0.0004141014942433685
1,1,0.999970555305481
0,0,0.4911387264728546
0,0,0.02331390045583248
0,0,8.662494656164199e-05
0,0,0.008088498376309872
1,1,0.9993416666984558
1,1,0.9998733997344971
0,0,0.05129101127386093
0,0,0.00780976377427578
1,1,0.9946460723876953
1,1,0.9999994039535522
0,0,2.9087574148434214e-05
1,1,0.9815365672111511
1,1,0.9878627061843872
0,0,0.00977467279881239
0,0,0.000694926071446389
0,0,0.01605621539056301
0,0,0.011937514878809452
0,0,0.012073845602571964
0,0,0.006028513889759779
0,0,0.0034928354434669018
0,1,0.9922983050346375
0,0,0.01079566776752472
1,1,0.9995536208152771
0,0,0.1661207675933838
1,1,0.9998884201049805
1,1,0.9999363422393799
1,1,0.9999737739562988
1,1,0.9994496703147888
1,1,0.9999994039535522
0,1,0.707236647605896
1,1,0.5913074612617493
0,0,0.00014249949890654534
1,1,0.9999053478240967
1,1,0.9987597465515137
0,0,0.00028731938800774515
0,1,0.5254635214805603
0,0,0.0017163744196295738
1,1,0.5680587887763977
1,1,0.9998171925544739
1,1,0.999993085861206
1,0,0.1480417400598526
0,0,0.004002176690846682
1,1,0.9980095028877258
1,1,0.9982713460922241
0,0,0.2976471483707428
1,1,0.9998928308486938
0,0,0.0008300786721520126
1,1,0.9938173890113831
1,1,0.9999887943267822
0,0,0.050354965031147
1,1,0.9999494552612305
0,0,2.4684055460966192e-05
0,0,8.5322571976576e-05
0,0,0.022957248613238335
1,1,0.8745402097702026
0,0,0.15469959378242493
1,1,0.9997702240943909
1,1,0.5550394654273987
1,1,0.9969661831855774
0,0,0.0007774163386784494
1,1,0.99977046251297
0,0,0.0009296094067394733
0,1,0.9653252363204956
0,0,0.06094153970479965
0,0,0.0020295900758355856
0,1,0.6546285152435303
1,1,0.9920923113822937
0,0,7.38309790904168e-06
0,0,0.1976877748966217
1,1,0.9996442794799805
0,0,0.0012370492331683636
0,0,0.0006852836231701076
1,1,0.9998970031738281
0,1,0.972173273563385
0,0,0.0004146430583205074
1,1,0.9905781745910645
0,0,0.0032339536119252443
0,0,0.004026378970593214
0,0,0.1130376085639
0,0,0.009269542060792446
0,0,0.0004067929112352431
0,0,0.00013444565411191434
1,1,0.8650470972061157
0,0,0.001261986675672233
0,0,0.0009519273298792541
1,1,0.999281108379364
1,1,0.9999872446060181
0,0,0.06940405815839767
0,0,0.010670994408428669
1,1,0.9992815852165222
0,0,0.0018721912056207657
1,1,0.9028794765472412
0,0,0.00037951208651065826
0,0,0.009651708416640759
0,0,0.05502992123365402
1,1,0.9945580959320068
1,1,0.9986407160758972
1,1,0.9675765633583069
0,0,0.10445597767829895
0,0,0.007864824496209621
1,1,0.9999618530273438
0,0,0.052985504269599915
0,0,3.9178747101686895e-05
0,0,0.48119351267814636
0,0,0.0005771422875113785
0,0,4.9712594773154706e-05
0,0,0.001806741114705801
0,0,1.8063996321870945e-05
0,0,7.861821359256282e-05
1,1,0.9975343942642212
0,0,0.3676401972770691
0,0,3.790620030486025e-05
1,1,0.8221505880355835
0,1,0.5505655407905579
0,0,0.008866668678820133
0,0,0.0008088724571280181
1,1,0.9918357133865356
1,1,0.9999394416809082
0,0,0.09754686057567596
1,1,0.9992157220840454
1,0,0.005864560138434172
1,1,0.9972831010818481
0,1,0.6908186674118042
0,0,0.00011838146019726992
1,1,0.9984514713287354
0,0,0.0004382418701425195
0,0,0.07738889753818512
1,1,0.9999958276748657
1,1,0.9817976951599121
0,0,5.210561084822984e-06
0,0,0.4769556522369385
0,0,0.012004059739410877
1,0,0.44081002473831177
1,1,0.9919556379318237
1,1,0.9992844462394714
1,1,0.9922741055488586
0,0,0.0010743271559476852
0,0,0.0014074341161176562
1,1,0.999625563621521
0,0,0.00037975277518853545
0,1,0.5044784545898438
0,0,0.3835223317146301
1,1,0.9979979395866394
1,1,0.9977572560310364
0,0,0.0007502127555198967
1,0,0.4332788586616516
1,1,0.9014312028884888
1,1,0.999790370464325
1,1,0.9989086389541626
1,1,0.9992546439170837
1,1,0.9999949932098389
1,1,0.8790125250816345
0,1,0.8580714464187622
1,1,0.928329586982727
1,1,0.9560607671737671
1,1,0.9699824452400208
1,1,0.9673538208007812
0,0,0.03873663395643234
1,1,0.9999902248382568
0,0,8.364051609532908e-05
1,1,0.9674782156944275
1,1,0.9953073859214783
1,1,0.840160608291626
0,0,1.763394607223745e-06
0,0,5.227933434071019e-05
1,1,0.999893069267273
1,1,0.9999651908874512
0,0,0.0025727602187544107
1,1,0.9981783628463745
0,0,1.5238401829265058e-05
0,0,0.013104899786412716
1,1,0.9896823763847351
1,1,0.9999005794525146
0,0,0.007408349309116602
0,1,0.6503553986549377
1,1,0.9998822212219238
1,1,0.9988501071929932
1,1,0.9997796416282654
0,0,0.007897972129285336
0,0,0.02728099375963211
1,1,0.9999496936798096
1,1,0.9986552000045776
0,0,0.009029512293636799
1,1,0.9938960671424866
1,1,0.9787936210632324
1,1,0.9997304081916809
0,0,4.953108145855367e-07
0,0,0.1371932029724121
0,0,0.002813878236338496
1,1,0.7644380331039429
1,1,0.9998384714126587
0,0,0.0004152559849899262
0,0,0.06821716576814651
0,0,4.1730750126589555e-06
1,1,0.9992490410804749
1,0,0.034112945199012756
0,0,0.0011931628687307239
0,0,3.680701047414914e-05
0,0,0.0016832390101626515
1,1,0.9952003955841064
0,0,0.0029082198161631823
0,0,0.15066027641296387
0,0,0.08406677097082138
0,0,0.0036122663877904415
1,1,0.9217208027839661
0,0,0.0117115443572402
0,0,0.0038447806145995855
1,0,0.2058364748954773
1,1,0.9908079504966736
0,0,0.0027226251550018787
0,0,9.734942432260141e-05
1,1,0.997097373008728
0,0,0.00020331083214841783
1,1,0.9997521042823792
0,0,0.37409481406211853
1,1,0.9920493960380554
1,1,0.9986746311187744
1,0,0.2432285100221634
0,0,7.388688391074538e-05
0,0,0.00022609370353166014
0,1,0.9614731669425964
1,1,0.9794105291366577
0,0,0.06436410546302795
1,1,0.9420507550239563
0,0,5.4269028623821214e-05
0,0,0.0003394180675968528
0,0,0.002693351823836565
0,0,4.77668709208956e-06
0,0,0.01563175953924656
1,1,0.8697754740715027
1,1,0.9999847412109375
0,0,0.0030150781385600567
0,0,0.26829275488853455
1,1,0.8178077340126038
0,0,0.002099771751090884
1,1,0.9891632795333862
1,1,0.6743504405021667
1,1,0.9938064813613892
0,0,0.06575167179107666
0,0,0.0033650705590844154
1,1,0.9503733515739441
0,0,9.360297553939745e-05
0,0,3.7751116906292737e-05
0,0,8.550307939003687e-06
0,0,0.10485081374645233
0,0,0.193635955452919
0,0,0.0003298736410215497
0,0,0.0010170541936531663
0,0,0.013799783773720264
0,0,0.012822185643017292
1,1,0.9993957281112671
1,1,0.9499953389167786
1,1,0.9983554482460022
0,0,3.249466681154445e-05
1,1,0.9671705961227417
0,0,0.0037278220988810062
1,1,0.9946369528770447
1,1,0.9667420983314514
1,1,0.9991686344146729
0,0,0.02466450445353985
0,0,0.019098712131381035
0,0,0.05704175680875778
0,0,0.00017939211102202535
1,1,0.996898889541626
1,1,0.9956212639808655
1,1,0.9962724447250366
1,1,0.8067067861557007
0,0,0.0019306825706735253
0,0,7.398481830023229e-05
1,1,0.9999908208847046
1,1,0.9983445405960083
1,1,0.9683959484100342
0,0,6.394451702362858e-06
1,1,0.6024982333183289
1,1,0.9934555888175964
0,0,9.206710274156649e-06
0,0,0.006520293187350035
0,0,0.016475113108754158
0,0,0.11851584166288376
0,0,0.003285018028691411
1,1,0.99755859375
1,1,0.9999270439147949
1,1,0.9999361038208008
1,1,0.9698182940483093
1,1,0.9969095587730408
0,0,0.0005923834978602827
1,1,0.7973752617835999
0,0,0.007345767691731453
0,0,1.671187419560738e-05
1,1,0.9998884201049805
0,0,0.0038556235376745462
1,1,0.9324411749839783
0,0,0.00031846127239987254
1,1,0.9971355199813843
1,1,0.5648660063743591
0,0,0.008207689970731735
1,1,0.9999792575836182
0,0,0.000494698528200388
0,0,0.00015290560259018093
1,1,0.9877651929855347
0,0,0.049061957746744156
1,1,0.9971675276756287
0,0,0.11961536109447479
1,1,0.9999639987945557
1,1,0.9990655779838562
1,1,0.9888793230056763
1,1,0.7730867266654968
0,0,0.052681323140859604
0,0,1.5181540220510215e-05
0,0,1.3888534340367187e-05
1,1,0.978264570236206
0,0,0.008808594197034836
1,1,0.9993467926979065
0,0,2.7035326638724655e-05
0,0,0.0019194100750610232
0,0,4.142762190895155e-05
0,0,0.0021784501150250435
1,1,0.9799944162368774
1,1,0.9925966262817383
0,0,0.0632525235414505
1,1,0.9999754428863525
1,1,0.691436767578125
0,0,0.0038578545209020376
0,0,8.269603131338954e-05
1,1,0.9999874830245972
0,0,0.36651623249053955
1,0,0.22862909734249115
1,1,0.9938363432884216
1,1,0.9781454801559448
0,0,0.0035919551737606525
0,0,0.08659978955984116
0,0,0.00039954602834768593
0,1,0.991196870803833
0,0,6.333850706141675e-06
0,0,0.0017973780632019043
0,0,0.0338323675096035
0,0,0.3597501814365387
0,0,0.03664061427116394
1,1,0.9386326670646667
1,1,0.9881533980369568
1,1,0.9999032020568848
0,0,0.02946755662560463
0,0,0.00044467594125308096
1,1,0.9956457018852234
1,1,0.9968390464782715
0,0,0.010453743860125542
1,1,0.9979276657104492
1,1,0.9928637146949768
0,0,8.329825504915789e-05
1,1,0.9743806719779968
0,0,0.015138184651732445
1,1,0.9991163611412048
1,0,0.05534318834543228
1,1,0.9995986819267273
1,1,0.9285157918930054
0,1,0.9539704918861389
0,0,4.791222636413295e-06
1,1,0.9964554309844971
0,0,0.0055868434719741344
1,1,0.8145998120307922
1,1,0.9955301880836487
0,0,1.9838666048599407e-05
1,1,0.999812662601471
0,0,0.0007139566005207598
0,0,0.0021573223639279604
1,1,0.9997667670249939
0,0,0.004193936940282583
1,1,0.9999682903289795
1,1,0.8467550873756409
1,1,0.9995126724243164
1,1,0.9941001534461975
0,0,0.04190528020262718
1,0,0.24381394684314728
0,0,0.0018312173197045922
1,1,0.8392216563224792
1,1,0.9999825954437256
0,0,0.15950429439544678
1,1,0.9849446415901184
1,1,0.9938727617263794
1,1,0.9818118214607239
1,1,0.9970337152481079
1,1,0.9900631308555603
0,0,0.055111803114414215
1,1,0.5404235124588013
0,0,4.68203543277923e-05
1,1,0.9933339953422546
1,1,0.865039587020874
1,1,0.924665093421936
1,1,0.8672885298728943
1,1,0.9772363901138306
1,1,0.9991559982299805
0,0,0.018340202048420906
1,1,0.9994644522666931
1,1,0.9999072551727295
1,1,0.9999855756759644
1,1,0.8807988166809082
0,0,0.0014275521971285343
1,1,0.980199933052063
1,1,0.9907793998718262
1,1,0.9830031991004944
0,0,9.482805035077035e-05
0,0,2.7780035452451557e-05
1,1,0.995299220085144
0,0,0.006164973601698875
1,1,0.9999690055847168
1,1,0.9997721314430237
0,0,0.15283241868019104
1,0,0.2460559457540512
0,0,0.00023407532717101276
1,1,0.997989296913147
1,1,0.9996734857559204
0,0,0.00264595914632082
0,0,2.6467334464541636e-05
1,1,0.9900609254837036
1,1,0.7102526426315308
1,1,0.999991774559021
0,0,0.004177392926067114
1,1,0.9997197985649109
0,0,0.00012930022785440087
0,0,0.0001582568365847692
0,0,0.00020456875790841877
0,0,0.006882411427795887
0,0,0.05642874166369438
0,0,0.2570715546607971
1,1,0.9968379735946655
0,1,0.7402440905570984
1,0,0.34576815366744995
1,1,0.9668980240821838
0,0,0.006900147534906864
0,0,0.05283430218696594
0,0,0.00012525913189165294
1,1,0.9991306662559509
0,0,0.0009623047080822289
1,1,0.9984341263771057
0,0,0.11874660849571228
1,1,0.9997866749763489
1,1,0.9880528450012207
0,0,0.1151839941740036
0,0,0.08317610621452332
1,1,0.9999420642852783
1,1,0.9996035695075989
1,1,0.999921441078186
1,1,0.999848484992981
1,1,0.9994869232177734
1,1,0.9999994039535522
1,1,0.9692012071609497
1,1,0.7815883755683899
0,0,0.40564966201782227
0,0,0.4281099736690521
0,0,0.004839892033487558
0,0,0.0028565600514411926
0,0,0.004116314463317394
1,1,0.9901793003082275
0,0,0.10313308238983154
1,1,0.9863253235816956
1,1,0.9909537434577942
1,1,0.9986407160758972
0,0,6.582851256098365e-06
1,1,0.9997153878211975
0,0,0.04802948981523514
1,1,0.9921796321868896
0,0,0.016473844647407532
0,0,0.08125977963209152
0,1,0.7220689058303833
1,1,0.9963254332542419
1,1,0.9997408986091614
1,1,0.6980471611022949
0,0,0.2785310745239258
1,1,0.9998834133148193
1,1,0.8799518346786499
0,0,0.039676375687122345
1,1,0.9993811845779419
1,1,0.9173526167869568
1,1,0.9963241815567017
1,1,0.9933498501777649
1,1,0.9997790455818176
0,0,0.0005708663375116885
0,0,0.0010175562929362059
0,0,0.03727369382977486
0,0,0.035189494490623474
0,0,0.035517506301403046
0,0,0.0007651329506188631
1,1,0.9762048125267029
1,1,0.9999412298202515
0,1,0.5541247725486755
1,1,0.9997232556343079
0,0,0.006965299136936665
0,0,0.00035012688022106886
0,0,0.005455503705888987
1,1,0.9522449970245361
1,1,0.963851273059845
1,1,0.9999613761901855
0,0,0.004638476297259331
0,0,3.4253389458172023e-06
0,0,0.1424170881509781
0,0,0.0002304847293999046
1,1,0.9995743632316589
1,1,0.9829224348068237
1,1,0.9999510049819946
0,1,0.863199770450592
0,0,0.01633290946483612
0,0,0.03773871436715126
1,1,0.999915599822998
0,0,1.9472606709314277e-06
1,1,0.9948976635932922
0,0,0.1862640678882599
0,0,0.010734271258115768
0,0,0.02377163991332054
0,0,0.06074386462569237
0,0,0.017328141257166862
0,0,0.17524105310440063
1,1,0.6972116827964783
0,0,0.0009397769463248551
0,0,0.00019405840430408716
0,0,0.0705576092004776
0,0,0.0017223916947841644
0,0,0.0036178124137222767
0,0,1.3239755389804486e-06
0,0,4.056527359352913e-06
0,0,0.01578710973262787
1,1,0.7913126945495605
0,0,0.00017041084356606007
1,1,0.9985435009002686
0,0,0.006956936791539192
1,1,0.9993485808372498
1,1,0.9974531531333923
1,1,0.9997164607048035
1,1,0.7798366546630859
1,1,0.995404839515686
0,0,0.1579921990633011
1,1,0.9999173879623413
1,1,0.9991685152053833
1,1,0.9799458384513855
0,0,0.00025018773158080876
0,0,0.008135240525007248
0,0,0.00014872981410007924
0,0,0.005881105083972216
1,1,0.8807899951934814
0,0,0.07836347073316574
1,1,0.8473365306854248
0,0,0.00017667167412582785
1,1,0.9943462014198303
0,0,0.035806335508823395
1,1,0.9322923421859741
1,1,0.9754133224487305
0,0,0.22108493745326996
1,1,0.8797714114189148
1,1,0.9952576756477356
1,1,0.9999525547027588
1,1,0.9967479705810547
1,1,0.9994392991065979
1,1,0.9697524309158325
1,1,0.9999805688858032
1,1,0.9992730021476746
1,1,0.9996174573898315
0,0,0.0523388497531414
1,1,0.9976848363876343
0,0,1.1471764992165845e-05
0,0,0.2665511667728424
0,0,0.000543460831977427
1,1,0.9980199337005615
0,0,7.760717380733695e-06
1,1,0.9918633699417114
0,0,0.179728701710701
0,0,0.009347686544060707
0,0,0.003420298919081688
0,0,0.05381271615624428
0,0,0.0003439609135966748
0,0,0.027333125472068787
1,1,0.997473418712616
0,0,0.05331569164991379
1,1,0.9751594066619873
1,1,0.9999634027481079
1,1,0.9999778270721436
1,1,0.9678807854652405
0,0,9.314480848843232e-06
0,0,0.010853156447410583
0,0,0.00010651770571712404
0,0,0.19762572646141052
1,1,0.998944103717804
1,1,0.9946346282958984
1,1,0.9998794794082642
0,0,0.0003602648212108761
0,0,0.0008174707181751728
0,0,0.0009522856562398374
0,0,0.00041693064849823713
1,1,0.961681604385376
0,0,0.0008762091747485101
0,0,0.0002665378269739449
0,0,0.19578960537910461
0,0,0.0018852879293262959
1,1,0.9332987070083618
1,1,0.9294676184654236
0,0,0.0002193657128373161
0,0,0.00042519575799815357
1,1,0.9999104738235474
1,1,0.9925334453582764
0,0,0.0009295248310081661
1,1,0.9975895881652832
1,1,0.9893367290496826
1,1,0.985072910785675
0,0,0.02680169977247715
1,1,0.9975870847702026
0,0,0.0008300363551825285
0,0,0.010686324909329414
0,0,0.46743130683898926
1,1,0.6173607707023621
0,1,0.6275821328163147
1,1,0.9962390661239624
0,0,3.6690453271148726e-06
1,1,0.9993428587913513
0,0,0.001780975260771811
1,1,0.9996591806411743
0,0,0.037751149386167526
1,1,0.9527136087417603
0,1,0.5688118934631348
1,1,0.9970173835754395
1,1,0.9999881982803345
0,0,0.17394378781318665
1,1,0.9991462230682373
1,1,0.9951902627944946
0,0,7.352932880166918e-05
1,1,0.9997571110725403
1,1,0.7782766819000244
1,1,0.9914163947105408
0,0,0.09666275233030319
1,1,0.9963732361793518
0,0,0.0004906377289444208
0,0,0.00550286378711462
1,1,0.9984886646270752
0,0,1.6140177194756689e-06
0,0,0.16275674104690552
1,1,0.9867991805076599
1,1,0.9984908103942871
1,1,0.9999176263809204
0,0,0.0042968858033418655
0,0,0.008801165968179703
1,1,0.8743818402290344
0,0,0.014355235733091831
0,0,0.00019880253239534795
0,0,3.3341293601552024e-05
0,0,0.0034796574618667364
1,1,0.9940541386604309
0,0,0.006373048294335604
1,1,0.9979343414306641
1,1,0.9999971389770508
1,1,0.9991121888160706
1,1,0.999036431312561
0,0,2.5354884201078676e-05
0,0,0.0007377820438705385
1,1,0.9937625527381897
1,1,0.9926450252532959
1,1,0.9994242191314697
1,1,0.9876367449760437
1,1,0.9985401630401611
1,1,0.9995898604393005
1,1,0.998984158039093
0,0,0.0005233684205450118
1,1,0.9957625269889832
1,1,0.9735081791877747
1,1,0.9931093454360962
1,1,0.9998432397842407
1,1,0.999502420425415
1,1,0.9989271759986877
0,0,4.577398794936016e-05
1,1,0.9983654618263245
0,0,2.1835354345967062e-05
1,1,0.9126269817352295
0,0,0.02444440685212612
1,1,0.9914404153823853
0,0,0.02751527540385723
1,1,0.9992467164993286
1,1,0.9984808564186096
1,1,0.9968121647834778
0,0,0.002133413450792432
1,0,0.43104100227355957
0,0,0.06041441485285759
1,1,0.9999825954437256
1,1,0.9999052286148071
1,1,0.9953859448432922
0,0,0.02071482501924038
0,0,0.0017073285998776555
1,1,0.9253389835357666
1,1,0.9994956254959106
0,0,4.413507485878654e-05
1,1,0.9595128297805786
1,1,0.9936279058456421
0,0,0.006842339411377907
0,0,0.17856720089912415
1,1,0.9996883869171143
1,1,0.9978218078613281
0,0,0.0008836615015752614
0,0,0.013962936587631702
0,0,0.008575997315347195
0,0,0.11733755469322205
1,1,0.9873227477073669
1,1,0.9042795300483704
1,1,0.9959694147109985
0,0,0.00043872089008800685
0,0,0.00024555387790314853
1,1,0.9928280711174011
0,0,0.0732901468873024
1,1,0.9993378520011902
1,1,0.9998939037322998
0,0,0.023217273876070976
1,1,0.5973549485206604
1,1,0.9867748022079468
1,1,0.9991382360458374
1,1,0.9741817712783813
1,1,0.9998830556869507
1,0,0.26320314407348633
0,0,1.1534008081071079e-05
0,0,5.8261780395696405e-06
0,0,0.0022707798052579165
1,1,0.9799108505249023
0,0,0.034085117280483246
1,1,0.9743700623512268
0,0,0.00013972357555758208
0,0,0.03181755170226097
1,1,0.9846464991569519
1,1,0.9966566562652588
0,0,6.3436614254896995e-06
1,1,0.9998465776443481
0,0,0.0010070321150124073
0,0,0.050168056041002274
0,0,0.0005431915633380413
0,0,0.06769013404846191
0,0,3.0975199479144067e-05
0,0,0.08917102962732315
1,1,0.9980903267860413
1,1,0.9999158382415771
0,1,0.6580305695533752
0,0,0.0011443921830505133
0,0,1.370206427964149e-05
1,1,0.9878658652305603
0,0,0.008127898909151554
0,0,0.008889153599739075
1,1,0.6458900570869446
0,0,0.00036414145142771304
0,0,0.010766233317553997
1,1,0.9949788451194763
0,0,0.010298089124262333
1,1,0.9577521085739136
0,0,0.001541966455988586
1,1,0.6121478080749512
0,0,0.003852008143439889
1,1,0.9999963045120239
1,1,0.9410175681114197
1,1,0.9991162419319153
1,1,0.9989448189735413
0,0,0.0019576754420995712
1,1,0.999286949634552
1,1,0.9770564436912537
0,0,7.15991118340753e-05
1,1,0.999988317489624
0,0,0.014354269951581955
1,1,0.9999051094055176
0,0,0.0007481237989850342
0,0,0.002152740955352783
1,1,0.693913996219635
1,1,0.9876412749290466
1,1,0.9942417144775391
0,0,0.10303579270839691
1,1,0.9999828338623047
0,0,0.002094028750434518
0,0,0.06628116965293884
1,1,0.982144832611084
0,0,0.00012368719035293907
1,1,0.9999876022338867
1,1,0.9996893405914307
0,0,0.03973899409174919
1,1,0.9998334646224976
0,0,0.17588099837303162
0,1,0.8146039843559265
1,1,0.9538930654525757
0,0,0.004154178313910961
1,1,0.9991936087608337
1,1,0.9981400966644287
1,1,0.9770440459251404
1,1,0.9988765120506287
1,1,0.9984710812568665
0,0,0.0024998921435326338
1,1,0.9823727011680603
1,1,0.9999977350234985
1,1,0.918097198009491
1,1,0.9948529601097107
1,1,0.9997389912605286
1,1,0.9997962117195129
0,0,0.04080497473478317
1,1,0.999937891960144
1,1,0.9999918937683105
0,0,2.5346931579406373e-05
0,0,0.021970907226204872
0,0,0.04485839605331421
0,0,0.005257205106317997
0,0,0.0014024068368598819
1,1,0.9995303153991699
1,1,0.9982321858406067
0,0,0.003834627103060484
1,1,0.9894483089447021
1,1,0.9377604126930237
1,1,0.9995273351669312
0,0,6.073473741707858e-06
0,0,2.60525121120736e-05
0,0,0.0004832763515878469
1,1,0.9914310574531555
1,1,0.9994829893112183
1,1,0.9626789093017578
1,1,0.9997856020927429
1,1,0.9851490259170532
1,1,0.9997877478599548
0,0,0.0020478209480643272
1,1,0.9989489912986755
0,0,0.022764654830098152
0,0,9.66392121881654e-07
1,1,0.9945070147514343
0,0,0.4409739673137665
0,0,1.1819049177574925e-05
0,0,0.01631135866045952
0,0,0.0010388229275122285
1,1,0.9998944997787476
1,1,0.9843026399612427
1,1,0.9997113347053528
1,1,0.9994946718215942
1,1,0.8566106557846069
1,1,0.9997573494911194
1,1,0.9999498128890991
1,1,0.9988858103752136
1,1,0.9651039242744446
0,0,0.006085572764277458
1,1,0.9983415603637695
0,0,0.0012601219350472093
1,1,0.9999978542327881
1,1,0.9999369382858276
1,1,0.9977543950080872
0,1,0.9764710664749146
0,0,0.0016398192383348942
1,1,0.9999966621398926
1,1,0.9988211989402771
1,1,0.6337422132492065
1,1,0.9926510453224182
0,0,0.0002572238736320287
0,0,0.07561025023460388
0,0,0.0016684049041941762
1,1,0.9620177149772644
1,1,0.9076621532440186
1,1,0.9344161748886108
0,0,0.015135546214878559
0,0,0.009052359499037266
0,0,0.00035416646278463304
0,0,0.031133953481912613
0,0,0.004831424914300442
0,0,3.440500222495757e-06
0,0,0.029075466096401215
1,1,0.9998795986175537
0,0,0.09360820055007935
1,1,0.8004574775695801
0,0,2.1601601474685594e-05
0,0,0.04991013556718826
0,0,0.015725798904895782
0,1,0.503116250038147
1,1,0.9999983310699463
0,0,0.2863613963127136
1,1,0.9948837161064148
1,1,0.9998002648353577
1,1,0.9998289346694946
1,1,0.998974084854126
0,0,0.0012225203681737185
1,1,0.5148312449455261
0,0,2.7153304472449236e-05
0,0,0.00032149386242963374
0,0,0.00019463786156848073
0,1,0.9987993240356445
0,0,0.17956818640232086
0,0,0.02593107707798481
1,1,0.9981661438941956
1,1,0.8409090042114258
1,0,0.08010003715753555
0,0,0.01471343357115984
0,0,0.0018516064155846834
1,1,0.9986911416053772
0,0,0.0008098249672912061
0,0,0.0014613827224820852
0,0,0.003237050725147128
0,0,7.306176485144533e-06
1,1,0.9969577789306641
0,0,0.0009774821810424328
0,0,0.0005898285307921469
0,0,0.0005586758488789201
0,0,0.06686883419752121
0,0,0.1174611821770668
0,0,0.002122394507750869
0,0,0.000549942662473768
0,0,0.008188130334019661
0,0,5.500895349541679e-05
1,1,0.9959239959716797
1,1,0.9462442994117737
1,0,0.3315548002719879
0,0,0.0881471112370491
1,1,0.9811567068099976
1,1,0.9995798468589783
0,0,0.08473270386457443
0,0,0.0078051346354186535
1,1,0.5791664123535156
1,1,0.999840259552002
0,0,8.857075590640306e-05
1,1,0.9918621778488159
0,0,0.03273611143231392
0,0,0.000308143236907199
0,0,0.01457749493420124
1,1,0.9970597624778748
0,0,0.01214549969881773
1,1,0.9829902648925781
0,0,0.00396756362169981
0,1,0.5209055542945862
1,1,0.99912029504776
1,1,0.9970636963844299
1,1,0.9995630383491516
0,0,9.095881978282705e-05
0,0,0.003958968911319971
1,1,0.9998323917388916
0,0,7.658841241209302e-06
0,0,9.512030374025926e-05
0,0,2.1062504629298928e-07
0,0,0.06030382961034775
0,0,0.4196358621120453
0,0,0.0001270007633138448
0,0,0.007994734682142735
0,0,0.05433304235339165
0,0,0.15436743199825287
0,0,0.01598333567380905
1,0,0.0035816722083836794
0,0,0.0006815509404987097
0,0,0.009690102189779282
1,1,0.9999696016311646
1,1,0.9917212128639221
1,1,0.9971554279327393
0,0,6.848025077488273e-05
1,1,0.7565416097640991
0,0,0.00012066898489138111
0,0,0.0003855602699331939
0,0,0.2568458020687103
0,0,0.0041783712804317474
1,1,0.9969134330749512
1,1,0.9994500279426575
1,1,0.94387286901474
0,0,0.007298450451344252
0,0,0.0005127960466779768
0,0,0.30139538645744324
0,0,3.692636892083101e-05
1,1,0.9985572695732117
1,1,0.9999737739562988
1,1,0.9999427795410156
1,1,0.9911652207374573
0,0,0.003439545165747404
1,1,0.9960338473320007
1,1,0.9994206428527832
1,1,0.9924411773681641
1,1,0.9998626708984375
0,0,0.00885219406336546
0,0,5.095871983940015e-06
0,0,0.001271535875275731
1,1,0.9986176490783691
1,1,0.9997660517692566
1,1,0.8976924419403076
1,1,0.9805088043212891
1,1,0.9998319149017334
1,1,0.9998205304145813
0,1,0.8946290016174316
1,0,0.17882557213306427
0,0,0.3242529034614563
0,0,0.0001075991167454049
0,0,0.002621409483253956
1,1,0.9736527800559998
1,1,0.9934908747673035
1,1,0.9851993322372437
1,1,0.991415798664093
1,1,0.9996342658996582
1,1,0.9989293217658997
1,1,0.9916736483573914
0,0,0.0007075523026287556
0,0,0.001966990064829588
0,0,0.0024202826898545027
1,1,0.9958972930908203
0,0,0.0038380036130547523
1,1,0.9998773336410522
0,0,0.008960546925663948
0,0,0.05839495360851288
0,0,0.026856504380702972
1,1,0.9968446493148804
0,0,1.953696710188524e-06
0,0,0.027497045695781708
0,0,0.01146040391176939
1,1,0.9887540340423584
1,1,0.847366988658905
0,0,0.012077521532773972
1,1,0.9827362298965454
0,0,0.17823052406311035
0,0,0.28752660751342773
1,1,0.9992699027061462
0,0,0.45155930519104004
0,0,0.0002894046774599701
0,0,0.07730365544557571
0,0,0.0014223589096218348
0,0,0.04223179817199707
0,0,0.13168728351593018
1,1,0.9988840222358704
1,1,0.9961026906967163
0,0,0.04491899907588959
0,0,0.0020348094403743744
0,1,0.9757934212684631
0,0,0.0001526025152998045
0,0,0.020846299827098846
1,1,0.9998769760131836
1,0,0.16586613655090332
0,0,0.07663024216890335
0,0,0.18754690885543823
0,1,0.6394371390342712
0,0,0.006164480000734329
0,0,0.3035562336444855
1,1,0.9818404316902161
0,0,0.0015876059187576175
1,1,0.8159232139587402
0,0,0.001920397742651403
1,1,0.8692668080329895
0,0,0.09788252413272858
0,0,0.0005270374240353703
1,1,0.999985933303833
0,0,0.00014660481247119606
1,1,0.9991241097450256
1,1,0.999800980091095
1,1,0.9472173452377319
1,1,0.9525564312934875
0,0,0.0014522818382829428
1,1,0.8983122706413269
0,0,0.016657141968607903
1,1,0.9656702876091003
1,1,0.9999675750732422
0,0,0.03393397480249405
0,0,0.41219812631607056
0,0,0.12068569660186768
0,1,0.7914540767669678
1,1,0.7229878306388855
1,0,0.18595509231090546
0,0,0.005595454014837742
0,0,8.83373650140129e-05
1,1,0.9992656111717224
1,1,0.9994456171989441
0,0,0.12157442420721054
1,1,0.9986987113952637
1,1,0.9991482496261597
1,1,0.9878960847854614
0,0,0.00012827712635044008
0,0,0.0005289213731884956
0,0,0.00018167946836911142
0,0,0.08575013279914856
0,0,0.0727975144982338
1,1,0.9949136972427368
1,1,0.9922061562538147
1,1,0.5240456461906433
0,0,4.739618816529401e-06
0,0,0.016926946118474007
0,0,0.0003452313248999417
1,1,0.9900520443916321
1,1,0.9991872906684875
0,0,0.00013448578829411417
0,0,0.006600853521376848
0,0,0.0005190821830183268
0,0,0.08227412402629852
0,0,0.00027924872119911015
1,1,0.9969600439071655
0,0,0.00035284305340610445
1,1,0.6416183114051819
0,0,0.0032826694659888744
0,0,0.0002550071512814611
0,0,0.0010766489431262016
0,0,0.1015811339020729
1,1,0.5204327702522278
0,0,0.04490077495574951
1,1,0.9919214248657227
0,0,0.0007243023137561977
0,0,0.11024501174688339
0,0,0.2968582808971405
0,1,0.9621288180351257
0,0,1.8112463351371844e-07
0,0,0.00045320752542465925
1,0,0.09927086532115936
0,0,2.15661566471681e-05
1,1,0.8218215107917786
0,0,9.114463318837807e-05
0,0,0.004387411754578352
0,0,0.008254529908299446
0,0,0.005761344451457262
1,1,0.9979975819587708
0,0,0.24296128749847412
1,1,0.9983993172645569
1,1,0.9482789039611816
0,0,0.0004140645614825189
0,0,0.009679422713816166
0,0,7.376888970611617e-05
0,0,0.0007102699019014835
0,0,0.04775093495845795
0,0,0.02355349436402321
0,0,0.0005679175374098122
0,0,0.001453372067771852
0,0,0.004522326868027449
1,1,0.9998701810836792
0,0,0.00021060716244392097
0,0,0.00234191189520061
0,0,0.01066316943615675
1,1,0.9674482345581055
0,0,0.014217506162822247
1,1,0.9994644522666931
0,0,0.003764680353924632
1,1,0.9901394248008728
0,0,0.048192109912633896
0,0,0.0013367744395509362
0,0,0.0017943605780601501
0,0,0.0025528871919959784
1,1,0.9288075566291809
0,0,3.4038934245472774e-05
0,0,0.004969134461134672
1,1,0.9984875917434692
1,1,0.942840576171875
1,1,0.9957541227340698
0,0,0.0007934349705465138
0,0,0.036376629024744034
1,1,0.9871639013290405
0,0,0.0016343785682693124
0,0,0.09313570708036423
0,0,0.14636541903018951
1,1,0.9969518184661865
1,1,0.7142698168754578
1,1,0.9997170567512512
1,1,0.9750056266784668
1,1,0.9972975850105286
0,0,0.16794514656066895
1,1,0.9999316930770874
0,0,0.023018382489681244
1,1,0.9013158679008484
0,0,0.09370633214712143
0,0,3.2905811622185865e-06
0,0,0.0002192546526202932
0,0,0.008524921722710133
0,0,0.021790679544210434
0,1,0.5232319235801697
0,0,0.28091463446617126
1,1,0.9485196471214294
1,1,0.9941059350967407
0,0,0.00016686996968928725
0,0,0.034264832735061646
0,0,0.002083928557112813
1,1,0.9948321580886841
0,0,0.0010371562093496323
0,0,0.0056604184210300446
1,1,0.8822780847549438
0,0,0.005064818076789379
1,1,0.9837204217910767
0,0,0.0004697923723142594
1,1,0.9999982118606567
1,1,0.5543152093887329
0,0,0.0003476151032373309
0,0,0.017541322857141495
0,0,0.0019498290494084358
0,0,0.0006039899308234453
0,0,0.13332976400852203
1,0,0.3549726903438568
0,0,0.06471369415521622
1,1,0.9641947150230408
0,0,0.005674977786839008
1,1,0.8719832301139832
0,0,0.14104381203651428
0,0,0.00018870997882913798
1,1,0.994985818862915
0,0,0.00030502708978019655
0,0,0.00011845609697047621
1,1,0.9554492831230164
1,1,0.5189149975776672
0,0,0.002309422707185149
1,1,0.9994825124740601
0,0,0.02189052104949951
0,0,0.00010130106238648295
1,1,0.9880148768424988
1,1,0.707587718963623
1,1,0.8249750137329102
0,0,0.24054628610610962
1,1,0.9999886751174927
1,1,0.999334990978241
0,0,0.03584166243672371
1,1,0.8915827870368958
0,1,0.9973464012145996
0,0,1.520997284387704e-05
1,1,0.9906232953071594
0,0,0.23778954148292542
0,0,0.008731435984373093
0,0,0.009387129917740822
1,1,0.9996101260185242
1,1,0.9519721269607544
1,1,0.9999634027481079
1,1,0.9645877480506897
0,0,0.09218548983335495
1,1,0.9998175501823425
0,0,0.00024512887466698885
1,1,0.9998612403869629
1,1,0.9979851245880127
0,1,0.553036630153656
0,0,0.014149274677038193
1,1,0.6330667734146118
1,1,0.9999828338623047
0,0,1.171317035186803e-05
1,1,0.9804369807243347
0,0,0.0006347821326926351
1,1,0.9999260902404785
0,0,7.560242465842748e-06
0,0,0.00019294550293125212
1,0,0.04997227340936661
1,1,0.999263346195221
0,0,0.0016652151243761182
1,1,0.9939940571784973
0,0,0.00013437285088002682
1,1,0.9992576241493225
1,1,0.9998592138290405
1,1,0.9901173710823059
0,0,0.0021163972560316324
1,1,0.9939090013504028
1,1,0.9994407296180725
0,0,0.22556589543819427
1,1,0.8041547536849976
1,1,0.9917744994163513
0,0,0.0010067237308248878
1,1,0.999430239200592
1,1,0.9975200295448303
0,0,0.0189505722373724
1,0,0.07723820954561234
0,0,0.04879292845726013
0,0,0.004757956136018038
0,0,3.6375851777847856e-05
0,0,0.003721968736499548
0,0,0.08134893327951431
1,1,0.9810491800308228
0,0,6.314550410024822e-05
0,0,0.0012940499000251293
0,0,0.001812648493796587
1,1,0.9997065663337708
1,1,0.9999872446060181
1,1,0.9991555213928223
0,0,0.03077775239944458
0,0,0.0006304122507572174
0,1,0.9390255212783813
1,0,0.42857804894447327
0,0,8.584333409089595e-05
0,0,0.10592744499444962
0,0,0.0018875710666179657
1,1,0.9994188547134399
0,0,0.00017726495570968837
1,1,0.9844624996185303
1,1,0.9998086094856262
1,1,0.9990116357803345
1,1,0.5715774893760681
1,1,0.996976375579834
0,1,0.972855269908905
1,1,0.9572305679321289
0,0,0.47848424315452576
1,1,0.9863004684448242
1,1,0.9995904564857483
1,1,0.9671295285224915
0,0,4.394134521135129e-05
0,0,0.041933413594961166
1,0,0.4342074394226074
1,1,0.9079675674438477
1,1,0.9999864101409912
1,1,0.8277090787887573
1,1,0.9984338879585266
0,0,0.001010759617201984
0,0,0.0016212734626606107
0,1,0.9946288466453552
1,1,0.9990617632865906
1,1,0.9996718168258667
1,1,0.8753871321678162
0,0,0.0006259062793105841
1,1,0.9958873391151428
1,1,0.9997596144676208
0,0,1.051395884132944e-05
1,1,0.9993403553962708
0,0,0.0014816102338954806
0,0,0.005580393597483635
1,1,0.9983402490615845
1,1,0.9992942810058594
1,1,0.9944809675216675
1,1,0.9999808073043823
1,1,0.999996542930603
1,1,0.999854326248169
1,1,0.8883284330368042
1,0,0.4249679148197174
1,1,0.9999425411224365
0,0,0.0008296401938423514
1,1,0.9989871382713318
1,1,0.8732963800430298
1,1,0.9587284326553345
0,0,0.0035802004858851433
1,1,0.8453832864761353
0,0,0.052239641547203064
0,0,0.023052062839269638
0,0,9.797375969355926e-05
0,0,0.010934011079370975
0,0,0.003592947032302618
0,0,0.1414436548948288
0,0,0.16195015609264374
1,1,0.9996945858001709
0,0,0.029797978699207306
1,1,0.7463559508323669
0,0,0.0006421277648769319
1,1,0.9719862937927246
1,1,0.8664765357971191
0,0,0.00026516278740018606
0,0,0.0028292047791182995
0,0,0.002301786094903946
0,0,0.0004507914709392935
0,0,6.701269740005955e-05
1,1,0.5106724500656128
0,0,0.009199189953505993
0,0,3.896219641319476e-05
0,0,0.0002649798116181046
0,0,2.4533628675271757e-05
0,0,0.0015352630289271474
0,0,0.3039240539073944
0,0,0.0781315341591835
0,0,0.0027522039599716663
1,1,0.9583508372306824
1,1,0.9647322297096252
0,0,0.19555073976516724
0,0,0.00021685357205569744
0,0,0.0001894571032607928
0,0,9.864502317213919e-06
0,0,0.000163663862622343
0,0,0.2538922429084778
0,0,0.035580310970544815
0,0,0.15524643659591675
1,0,0.3286248445510864
0,0,7.864445797167718e-05
0,0,0.00029330741381272674
0,0,0.044191423803567886
0,0,9.003660125017632e-06
1,1,0.9997187256813049
0,0,0.001134634716436267
1,1,0.9900630116462708
1,1,0.9999823570251465
1,1,0.9957116842269897
0,0,0.04493382200598717
1,1,0.8910691738128662
0,0,0.000812598445918411
0,0,0.015645639970898628
1,1,0.9999101161956787
1,1,0.6532068848609924
1,1,0.9964053630828857
0,1,0.9783363342285156
0,0,0.013850902207195759
1,1,0.7720118165016174
0,0,0.03417295217514038
0,0,0.00343765108846128
0,0,0.0001308637292822823
0,0,0.12023255228996277
1,0,0.06659593433141708
0,0,0.0015607747482135892
0,0,0.010354817844927311
0,0,0.015531059354543686
1,1,0.9998558759689331
0,0,6.316805638562073e-07
0,0,0.00018322623509448022
1,1,0.8308489322662354
1,1,0.999924898147583
1,1,0.9996432065963745
0,0,0.0011765098897740245
1,1,0.9999889135360718
1,0,0.2814817726612091
0,0,0.0018822700949385762
1,1,0.9287962317466736
1,1,0.9683620929718018
1,1,0.9998966455459595
1,1,0.9998780488967896
0,0,0.000212116603506729
0,0,0.0013124850811436772
1,1,0.9988526105880737
0,0,3.69443696399685e-05
1,1,0.970461368560791
0,0,0.1200476884841919
1,1,0.8363308906555176
0,0,3.8530583879037295e-06
1,1,0.9935327768325806
1,1,0.9992289543151855
1,1,0.827034056186676
0,0,0.044476110488176346
1,1,0.9779326915740967
0,0,0.00038940482772886753
1,1,0.9417499899864197
0,0,0.0006913142278790474
1,1,0.9995393753051758
1,1,0.999764621257782
1,1,0.9985566735267639
1,1,0.9998028874397278
1,0,0.3369072377681732
1,1,0.985215425491333
0,0,3.62757382390555e-05
0,0,0.00027202957426197827
0,0,0.00021610144176520407
0,0,0.0010567830177024007
0,0,0.1197279542684555
1,1,0.9974144697189331
0,0,0.018966756761074066
1,1,0.9989880919456482
1,1,0.9292344450950623
0,0,0.029722411185503006
0,0,4.0212053136201575e-05
0,0,0.003980445209890604
1,1,0.9521635174751282
0,0,0.01649809069931507
0,0,5.652669642586261e-06
1,1,0.9453211426734924
1,1,0.9978277087211609
1,1,0.5940132737159729
1,1,0.9386724829673767
1,1,0.9993962049484253
0,0,0.004616992548108101
1,1,0.9998749494552612
1,1,0.9998973608016968
1,1,0.9909850358963013
0,0,0.0035056096967309713
0,0,0.04303493723273277
1,1,0.9471155405044556
1,1,0.9627465605735779
0,0,0.0015814262442290783
1,0,0.4324996769428253
0,0,0.0002181646559620276
1,1,0.9962300658226013
1,1,0.9949599504470825
1,1,0.9980564117431641
1,0,0.4815036952495575
0,0,0.0030829315073788166
0,0,0.0007184603018686175
0,0,0.13888241350650787
1,1,0.9999958276748657
0,0,0.0008245755452662706
0,0,0.0001208225658047013
1,1,0.99753737449646
1,0,0.3164025843143463
1,1,0.9883859157562256
0,0,0.00016710117051843554
0,0,8.379397087310281e-08
0,0,0.0022171763703227043
1,1,0.7028621435165405
1,1,0.9999668598175049
0,0,0.004285681992769241
1,1,0.9940521121025085
1,1,0.9988740086555481
0,0,0.0018449989147484303
1,1,0.9898481965065002
1,1,0.9964736104011536
0,0,0.00015587233065161854
1,1,0.9995203018188477
1,1,0.9842228293418884
1,1,0.9999983310699463
1,1,0.9756594896316528
1,1,0.997068464756012
0,0,0.007700961548835039
0,0,0.011852785013616085
0,0,0.13375607132911682
0,0,0.0011054876958951354
1,1,0.9999681711196899
0,0,0.007893571630120277
1,1,0.9705844521522522
1,1,0.9996998310089111
1,1,0.8593258261680603
1,1,0.999901533126831
1,1,0.9999607801437378
0,0,4.077397898072377e-05
1,1,0.9444062113761902
1,1,0.9917933344841003
0,0,0.0001359069428872317
0,0,0.007144263479858637
1,1,0.9983641505241394
0,0,0.0012902453308925033
0,0,0.1041344702243805
0,0,0.0001728508505038917
0,0,0.0019563299138098955
0,0,0.0005246365908533335
0,0,1.8720460502663627e-05
1,1,0.9495779871940613
1,1,0.7358803749084473
0,0,6.0148347984068096e-05
0,0,0.0011386566329747438
0,0,0.023186035454273224
0,0,0.03012452833354473
0,0,0.002239919500425458
1,1,0.9998959302902222
1,1,0.9998396635055542
0,0,0.0033900539856404066
1,1,0.9712606072425842
1,1,0.9849510192871094
1,1,0.9838690161705017
0,0,0.02675890363752842
0,0,0.009590905159711838
1,1,0.9814972877502441
1,1,0.9999803304672241
1,1,0.935284435749054
0,0,0.011836790479719639
1,1,0.9990553259849548
1,1,0.5194739103317261
0,0,0.19804270565509796
0,0,0.2865951955318451
0,0,6.857199332443997e-05
1,1,0.9756036400794983
1,1,0.9983591437339783
0,0,0.002984465565532446
0,0,3.663056486402638e-05
0,0,0.00025178142823278904
1,1,0.9297230243682861
1,1,0.9835761189460754
0,0,0.003957889508455992
0,0,0.0009490837110206485
0,0,0.028901496902108192
1,1,0.9999357461929321
0,1,0.6544253826141357
0,0,0.11472396552562714
1,1,0.9998564720153809
1,1,0.9920667409896851
1,1,0.9621167182922363
0,0,2.6398671252536587e-05
0,0,0.0012200262863188982
0,1,0.5175945162773132
0,0,0.004921966698020697
1,1,0.9999830722808838
1,1,0.9999902248382568
0,0,0.0056866430677473545
0,0,0.002063306048512459
1,1,0.9999955892562866
0,0,0.0006387837347574532
0,0,1.263897956960136e-05
1,1,0.9999289512634277
0,0,0.0003924480697605759
1,1,0.9995132684707642
0,0,0.021842552348971367
0,0,2.1008807379985228e-05
0,0,0.00047288485802710056
0,0,0.0005981494905427098
0,1,0.8926262855529785
0,0,0.004211534280329943
0,0,0.09891703724861145
0,0,8.238073496613652e-05
1,1,0.9994280934333801
0,0,0.013909073546528816
0,1,0.6802542805671692
1,1,0.9917649626731873
1,1,0.9857731461524963
1,1,0.9998366832733154
0,0,0.019669314846396446
1,1,0.9968750476837158
1,1,0.999523401260376
1,1,0.994674801826477
1,1,0.9996742010116577
1,1,0.9499796032905579
1,1,0.9955126643180847
1,1,0.9819008708000183
1,1,0.991569459438324
1,1,0.9998177886009216
1,1,0.9995263814926147
1,1,0.9991967082023621
1,1,0.9996703863143921
1,1,0.9999229907989502
0,0,0.00010177171498071402
0,0,0.021061519160866737
1,1,0.9920125603675842
1,1,0.9769733548164368
1,1,0.9981999397277832
0,0,0.0011768158292397857
1,0,0.2507505714893341
0,0,0.3435075581073761
0,0,0.0025654486380517483
0,0,7.31210529920645e-05
1,1,0.9935187697410583
1,1,0.9983420372009277
1,1,0.9843182563781738
0,0,0.014290442690253258
0,0,0.03620209917426109
0,0,0.00032158763497136533
0,0,0.001555821974761784
0,0,0.42744892835617065
0,0,0.010974597185850143
1,1,0.9999717473983765
1,1,0.9026724100112915
0,0,0.01839202456176281
1,1,0.9828634858131409
1,1,0.9999710321426392
0,0,5.166644405107945e-05
0,0,0.002939388155937195
0,0,0.0445069782435894
1,1,0.5489256978034973
0,0,0.0021468857303261757
0,0,0.0008464886923320591
1,1,0.9999480247497559
0,0,9.293576113122981e-06
0,0,0.003338159993290901
0,0,0.00011420490773161873
0,0,0.11818472295999527
0,0,6.2369085753744e-06
0,0,0.0006263487739488482
0,0,0.001116327359341085
0,0,0.0025518855545669794
0,0,4.159610398346558e-05
0,0,0.011675901710987091
1,1,0.9999735355377197
0,0,0.061999574303627014
1,1,0.9998928308486938
1,1,0.9065863490104675
0,0,0.0006347766611725092
0,0,0.03223893418908119
0,1,0.9683314561843872
0,0,0.0006482342723757029
0,0,0.06368682533502579
1,1,0.8435793519020081
1,1,0.9997504353523254
0,0,7.525667024310678e-05
0,0,0.2551981806755066
1,1,0.9900467991828918
1,1,0.6862932443618774
1,1,0.9999822378158569
0,0,0.45497703552246094
0,0,0.1126222163438797
1,1,0.9545534253120422
0,0,2.7058616979047656e-05
0,0,4.524348696577363e-05
1,1,0.9994288086891174
0,0,0.16379016637802124
0,0,0.4263639450073242
1,1,0.9999943971633911
1,1,0.9997935891151428
0,0,5.7856199418893084e-05
0,0,0.0072813075967133045
0,0,1.1771896168966123e-07
0,0,2.099060293403454e-05
0,0,0.0005760486819781363
0,0,0.004498339258134365
1,1,0.9983125925064087
0,1,0.501297652721405
1,1,0.9406615495681763
0,0,0.018827201798558235
0,0,0.008666476234793663
0,0,1.7502374248579144e-05
0,1,0.6631542444229126
1,1,0.9404312372207642
1,1,0.9970979690551758
1,1,0.9994627833366394
1,1,0.9958716034889221
0,1,0.8343621492385864
0,0,0.0004566660209093243
1,1,0.9911134839057922
0,0,0.010142248123884201
0,0,0.06798584759235382
1,1,0.7872086763381958
1,1,0.9876953363418579
0,0,0.00043500622268766165
0,0,1.229854689199783e-07
1,1,0.9999886751174927
1,0,0.28121039271354675
1,1,0.9979760050773621
1,1,0.9857566952705383
0,0,0.00022232774063013494
0,0,0.003835849231109023
0,0,0.10443325340747833
0,0,0.00018018943956121802
0,0,8.73457520356169e-06
1,1,0.9006261229515076
1,1,0.9993991851806641
1,0,0.22216331958770752
0,0,0.03561108559370041
0,0,0.0018448374466970563
0,0,0.005505215842276812
1,1,0.9997091889381409
0,0,0.04443657398223877
1,1,0.9989097118377686
0,1,0.723762571811676
1,1,0.9978547692298889
1,1,0.9999436140060425
1,1,0.9992883801460266
1,1,0.9905425906181335
1,1,0.999996542930603
1,1,0.9999583959579468
0,0,4.529961370280944e-05
0,0,0.06408540159463882
1,1,0.9936927556991577
0,0,0.19717493653297424
1,1,0.9987673759460449
0,0,0.005470929201692343
0,0,0.020284239202737808
0,1,0.6758047342300415
0,0,0.00026518781669437885
0,0,9.836111712502316e-05
0,0,0.03885676711797714
0,0,0.01704656332731247
1,1,0.994247317314148
1,1,0.9988049268722534
1,1,0.9648199677467346
0,0,0.0071123442612588406
0,0,0.00021429681510198861
0,0,0.0023522009141743183
0,0,0.006426461506634951
0,0,0.0025138917844742537
0,0,0.0017068481538444757
0,0,0.0821700394153595
1,1,0.9998167157173157
1,1,0.9998375177383423
0,1,0.9995346069335938
1,1,0.9961674809455872
0,0,0.004420287441462278
1,1,0.9999812841415405
0,0,4.7272992560465354e-06
1,1,0.8356977701187134
1,1,0.9093499779701233
0,0,0.005359151400625706
1,1,0.9999833106994629
1,1,0.9999181032180786
0,0,0.02990812435746193
1,0,0.09836068749427795
1,1,0.9947701096534729
0,0,0.0001900453062262386
0,0,2.1030053176218644e-05
0,0,0.003362653311342001
0,0,0.001257142866961658
1,0,0.36319175362586975
0,0,0.00042319067870266736
0,0,0.00031971646239981055
1,1,0.9998310804367065
0,0,0.03773757070302963
0,0,0.0032301517203450203
1,1,0.9992520213127136
1,1,0.9998830556869507
1,1,0.99998939037323
0,0,4.947942215949297e-05
0,0,0.0003447083872742951
0,0,0.13196814060211182
0,0,0.05302799865603447
0,0,0.07468254119157791
0,0,0.0002709659456741065
0,0,0.0747205913066864
0,0,2.2591264496441e-05
1,1,0.9998778104782104
0,0,0.0006653147866018116
1,1,0.9998883008956909
0,0,0.0070526269264519215
1,1,0.9857866764068604
0,0,0.00012954309931956232
0,0,0.01024546381086111
0,0,0.008503544144332409
0,0,0.13469964265823364
1,1,0.7989509701728821
0,0,0.0003843470476567745
0,0,0.0002429387386655435
1,1,0.9830313920974731
0,0,4.217761306790635e-05
0,0,0.013069174252450466
0,0,0.15966245532035828
1,1,0.997208297252655
0,0,0.026954520493745804
1,1,0.7686536908149719
1,1,0.9998120665550232
1,1,0.999903678894043
1,1,0.9999830722808838
0,0,0.01883178949356079
1,1,0.9944871068000793
1,1,0.9961949586868286
0,0,0.007792173884809017
0,0,0.0023678073193877935
1,1,0.9999642372131348
1,1,0.9989218711853027
1,1,0.9933398365974426
1,1,0.9765622019767761
0,0,1.0219298019364942e-05
0,0,0.00023516318469773978
0,1,0.9124873280525208
1,1,0.9998865127563477
1,1,0.9698744416236877
1,1,0.8831058144569397
1,1,0.9990758895874023
1,1,0.9905896186828613
1,1,0.9678763151168823
1,1,0.9966570138931274
0,0,0.00030402778065763414
0,0,0.03592396154999733
0,0,0.013749967329204082
0,0,0.38356393575668335
1,1,0.9991282820701599
1,1,0.9999456405639648
0,0,0.008573082275688648
0,0,0.00017567956820130348
0,0,0.0007543035899288952
0,0,4.8273452790681404e-08
1,1,0.9765650629997253
0,0,0.4058544933795929
1,1,0.9989303946495056
1,1,0.9981077909469604
1,1,0.9853209853172302
0,0,0.004326462280005217
0,0,0.008924794383347034
0,0,0.0006425718893297017
0,0,0.0016414093552157283
1,1,0.9840834736824036
1,1,0.9701686501502991
1,1,0.9990524649620056
1,1,0.999250590801239
0,0,0.09614364802837372
1,1,0.999834418296814
1,1,0.9643713235855103
1,0,0.4128038287162781
0,0,0.008088115602731705
1,1,0.9983525276184082
1,1,0.9946144223213196
1,1,0.999678373336792
1,1,0.9997990727424622
1,1,0.9991183876991272
1,1,0.9996559619903564
1,1,0.9998788833618164
0,1,0.7753105759620667
0,0,0.023540537804365158
0,0,0.0006651214207522571
0,0,0.001055335276760161
0,1,0.9717706441879272
0,0,1.9029426766792312e-05
1,1,0.9705200791358948
0,0,0.0005792521988041699
0,0,0.2678522765636444
1,1,0.9999746084213257
0,0,0.00014184364408720285
1,1,0.9992449283599854
0,0,0.25188180804252625
0,0,0.00202009966596961
1,1,0.7510983943939209
0,0,0.00922116357833147
1,1,0.9519115090370178
0,0,1.5886605979176238e-05
0,0,3.862671746901469e-06
0,0,7.315508264582604e-05
0,1,0.7726157903671265
1,0,0.04569387063384056
1,1,0.9967637062072754
0,0,0.0003533186682034284
0,0,0.0011446673888713121
0,0,5.4993797675706446e-05
1,0,0.2937558889389038
1,1,0.9973405003547668
1,1,0.9055681228637695
0,0,0.0008011051686480641
1,1,0.999251663684845
0,0,0.0007709555793553591
1,1,0.9999926090240479
1,1,0.9991481304168701
1,1,0.9996743202209473
1,1,0.9998539686203003
0,0,0.00013353125541470945
0,0,0.007678155787289143
1,1,0.9997325539588928
1,1,0.9997764229774475
1,1,0.9995782971382141
1,1,0.9997796416282654
0,0,0.00449947128072381
1,1,0.5020251274108887
1,1,0.5204936861991882
0,0,0.003305262653157115
1,1,0.9002335667610168
0,1,0.9145788550376892
0,0,0.0017043353291228414
1,1,0.9903095364570618
0,0,0.017393887042999268
0,0,0.0006716649513691664
1,1,0.8616019487380981
0,0,0.005140510853379965
1,1,0.9997519850730896
1,1,0.7553051114082336
1,1,0.9572027325630188
1,1,0.9181505441665649
1,1,0.9933763146400452
1,1,0.9920841455459595
1,1,0.9998908042907715
1,1,0.999953031539917
1,1,0.9992352724075317
1,1,0.998833954334259
1,1,0.9953503608703613
0,0,0.011752467602491379
0,0,0.132241889834404
1,1,0.9999890327453613
0,0,6.465062938332267e-07
1,1,0.9995310306549072
1,1,0.8757230639457703
0,0,0.06952117383480072
0,0,0.0006707307184115052
0,0,0.0010999558726325631
0,0,0.0146926399320364
0,1,0.6046685576438904
0,0,0.0009473608806729317
0,0,0.02236863784492016
0,0,0.003452375065535307
0,0,0.0009435128304176033
1,1,0.9994021654129028
1,1,0.9853214621543884
1,1,0.9928501844406128
1,1,0.9995731711387634
1,1,0.9995633959770203
0,0,0.0151212802156806
1,1,0.9997939467430115
0,0,0.004464366473257542
1,1,0.9465936422348022
1,1,0.9877228736877441
0,0,0.0021980581805109978
0,0,0.00140974554233253
1,0,0.25119760632514954
1,1,0.9942048192024231
0,0,0.00019584941037464887
1,1,0.9992635846138
1,1,0.9841533303260803
1,1,0.9557750225067139
1,1,0.999632716178894
1,1,0.9997376799583435
1,1,0.9997203946113586
0,0,0.00011138160334667191
0,0,0.2684219777584076
0,0,0.01899459958076477
0,1,0.5044466257095337
1,1,0.998588502407074
1,1,0.9999796152114868
1,1,0.9996452331542969
1,1,0.9999667406082153
0,0,0.05393386632204056
0,0,0.00015738567162770778
1,1,0.9999161958694458
0,0,0.000114571834274102
0,1,0.5058530569076538
1,1,0.9997084736824036
1,1,0.9970525503158569
1,1,0.9237748384475708
1,1,0.9789589047431946
0,0,0.00963040441274643
0,0,0.014333432540297508
0,0,6.15533281234093e-05
1,1,0.9187495708465576
0,0,0.06636256724596024
0,0,0.08068057894706726
0,1,0.6019335389137268
0,0,0.013928721658885479
1,1,0.99659663438797
1,1,0.8759408593177795
1,1,0.9911899566650391
1,1,0.9915503263473511
0,0,0.15654557943344116
1,1,0.9905181527137756
0,0,0.0017219705041497946
0,0,0.36833271384239197
1,1,0.9999092817306519
0,0,0.24652695655822754
0,0,0.0011382369557395577
0,0,0.00023593845253344625
1,1,0.9987254738807678
0,0,0.0029991273768246174
0,0,9.304934064857662e-05
1,1,0.9984332919120789
1,1,0.9998589754104614
0,0,0.062339287251234055
1,1,0.9978464841842651
0,0,9.538830454403069e-06
0,0,0.13107118010520935
0,0,0.0173567533493042
1,1,0.7818692326545715
0,0,6.453029072872596e-06
0,0,0.0009074476547539234
0,0,1.4902127077220939e-05
0,0,0.0021722225937992334
1,1,0.8875010013580322
0,0,0.01756560616195202
0,0,2.8444144845707342e-05
1,1,0.686740517616272
1,1,0.9438656568527222
1,0,0.01994244009256363
1,1,0.9943349361419678
1,1,0.9999979734420776
1,1,0.9542108774185181
0,0,0.0011557918041944504
1,1,0.9999829530715942
1,1,0.9995154142379761
0,0,0.00020644943288061768
1,1,0.9534572958946228
0,0,0.0001491894363425672
0,0,0.0004623364075087011
1,1,0.9281723499298096
1,1,0.999924898147583
1,1,0.7422308921813965
1,1,0.9999810457229614
1,1,0.9989412426948547
1,1,0.9976882934570312
1,1,0.9997624754905701
0,0,0.010853853076696396
0,0,0.18875546753406525
0,0,5.24826864420902e-05
1,1,0.9968926310539246
0,0,0.007083212491124868
0,0,3.034682958968915e-05
0,0,0.0018888066988438368
1,1,0.9999176263809204
1,1,0.9959543943405151
1,1,0.9996376037597656
0,0,3.623025577326189e-07
0,0,0.0015018342528492212
0,0,3.3890153190441197e-06
1,1,0.9999886751174927
1,1,0.9994783997535706
0,0,0.001343308249488473
1,1,0.9949147701263428
1,1,0.9685236215591431
1,1,0.9969773292541504
1,1,0.9905833005905151
0,0,8.502594027959276e-06
1,1,0.9956241250038147
1,1,0.9986556768417358
0,0,2.8566391847562045e-05
1,1,0.9973725080490112
0,0,0.0002060824481304735
0,0,4.037982944282703e-05
1,1,0.9677066802978516
1,1,0.996640682220459
1,1,0.8726780414581299
0,0,9.541317558614537e-05
1,1,0.9995126724243164
1,1,0.9974974989891052
1,1,0.9999990463256836
1,1,0.9977326393127441
1,1,0.9999721050262451
0,0,0.005709589924663305
1,0,0.06750468909740448
0,0,0.2600807845592499
1,0,0.012261592783033848
1,1,0.924756646156311
1,1,0.9999775886535645
1,1,0.9827117323875427
1,1,0.9447734951972961
1,1,0.7122754454612732
0,0,0.01404099352657795
1,1,0.9997478127479553
1,1,0.9998781681060791
1,1,0.9952914714813232
1,0,0.4458305239677429
0,0,0.2341841608285904
0,0,0.00400425074622035
0,0,3.4155593766627135e-06
1,1,0.9995181560516357
0,0,0.02627621777355671
1,1,0.5989433526992798
1,1,0.9956364035606384
1,1,0.9980685114860535
1,1,0.8013090491294861
1,1,0.9991673231124878
1,1,0.9858718514442444
1,1,0.8403903245925903
0,0,8.780642133388028e-07
0,0,0.01222200971096754
0,0,0.05868392437696457
1,1,0.9770644307136536
0,0,0.06179486960172653
1,1,0.9999065399169922
0,0,0.00048476699157617986
1,1,0.9966461062431335
1,1,0.5649837851524353
1,1,0.5510672330856323
1,1,0.9998855590820312
0,0,0.0002801564696710557
0,0,0.14043761789798737
1,1,0.994318425655365
0,0,0.00010170457244385034
0,0,0.014243064448237419
1,1,0.9992332458496094
0,0,0.0010230999905616045
1,1,0.995662271976471
1,1,0.9971191883087158
1,1,0.99671870470047
0,0,4.538843495538458e-05
1,1,0.9999744892120361
1,1,0.9925469756126404
0,1,0.9764484167098999
1,1,0.9857093095779419
1,1,0.9247350096702576
1,1,0.9990195035934448
1,1,0.9999504089355469
1,1,0.9968405961990356
1,1,0.999042809009552
0,0,0.23969703912734985
1,1,0.9953880906105042
1,1,0.9571224451065063
0,0,0.0049319579266011715
1,1,0.9997877478599548
1,1,0.9991672039031982
1,1,0.9994691014289856
1,1,0.9939479827880859
1,1,0.9659973382949829
0,0,0.0003605152596719563
0,0,0.004607134964317083
0,0,0.00017865808331407607
1,1,0.9975568056106567
1,1,0.9987157583236694
1,1,0.9997770190238953
1,1,0.9999887943267822
0,0,0.036638449877500534
0,0,0.0026317692827433348
1,1,0.991737425327301
1,1,0.9994288086891174
1,1,0.9994240999221802
0,0,9.055958071257919e-05
0,0,0.025881391018629074
0,0,0.0019032148411497474
0,0,0.004134939983487129
0,0,0.4777873456478119
1,1,0.9937803149223328
1,1,0.9672940373420715
1,1,0.9992644190788269
0,0,0.00040004856418818235
0,0,0.05747206509113312
1,0,0.08710429817438126
0,0,0.0006384346634149551
0,0,0.017045101150870323
1,1,0.9990642666816711
0,0,0.0003522357437759638
0,0,0.11938183009624481
0,0,0.0004055415338370949
1,1,0.9899417757987976
0,0,8.431615424342453e-05
0,0,0.22461926937103271
0,0,1.6712116348571726e-06
1,1,0.9825716018676758
1,1,0.9996125102043152
1,1,0.9998660087585449
0,0,0.0007068203412927687
1,1,0.9466371536254883
1,1,0.9999971389770508
1,1,0.9701820015907288
1,1,0.9963555335998535
1,1,0.9997814297676086
1,1,0.999371349811554
0,0,0.3119898736476898
0,1,0.9547643065452576
0,0,0.45885834097862244
0,0,0.0001814910938264802
0,0,0.0029971401672810316
0,0,0.00022579493816010654
0,0,0.43026039004325867
0,0,0.4730004370212555
1,1,0.991223931312561
1,1,0.974160373210907
0,0,0.021245567128062248
1,1,0.9389979839324951
0,0,0.0012384203728288412
1,1,0.9994927644729614
0,0,1.0118751561094541e-05
1,1,0.9802874326705933
1,1,0.9999237060546875
1,1,0.5986824035644531
0,0,0.06071742624044418
1,1,0.999480664730072
1,1,0.998511016368866
1,1,0.9826265573501587
0,0,0.10765200853347778
1,1,0.9955581426620483
1,0,0.025347275659441948
1,1,0.6020099520683289
0,0,0.22053323686122894
1,1,0.9916929602622986
1,1,0.9486507177352905
1,1,0.9981489181518555
1,1,0.990497887134552
1,1,0.8607922196388245
0,0,0.0014101724373176694
0,0,4.775939942192053e-06
1,1,0.9926871061325073
1,1,0.9347438216209412
1,1,0.9988963603973389
1,1,0.9986866116523743
0,0,0.17251482605934143
0,1,0.5480666756629944
1,0,0.026034750044345856
0,1,0.557197630405426
0,0,0.055568091571331024
0,0,0.01174869667738676
1,1,0.9994058609008789
1,1,0.9797664880752563
1,1,0.9999896287918091
0,0,0.015432019717991352
0,0,0.0009089247905649245
1,1,0.7840251326560974
0,0,0.004412402398884296
1,1,0.9999681711196899
1,1,0.8961943984031677
1,1,0.9299389123916626
1,1,0.9998677968978882
0,0,4.522316885413602e-05
1,1,0.9998986721038818
0,0,0.4334098696708679
0,0,0.0018427171744406223
1,1,0.9995588660240173
1,1,0.9547650814056396
1,1,0.997241735458374
0,0,0.00018118522712029517
1,1,0.9997895359992981
1,1,0.9990465044975281
1,1,0.9876876473426819
1,1,0.9907162189483643
1,1,0.9999790191650391
1,1,0.9998977184295654
0,0,0.00033283198717981577
0,0,0.00397657323628664
0,0,0.3765483498573303
0,0,0.15244360268115997
0,0,0.0002308542316313833
1,1,0.9991899132728577
1,1,0.9990478157997131
0,0,0.0639973133802414
1,1,0.8944784998893738
1,1,0.9999667406082153
0,0,0.0021084705367684364
1,1,0.9979079961776733
0,0,0.00527542270720005
1,1,0.5953083038330078
0,0,0.1013549342751503
1,0,0.15635176002979279
1,0,0.29616954922676086
1,1,0.9939344525337219
1,1,0.9991517066955566
1,1,0.6463584303855896
1,1,0.6593137383460999
0,0,0.012308620847761631
1,1,0.9884195327758789
0,0,0.08003527671098709
0,1,0.5780307650566101
0,0,0.016165509819984436
1,1,0.8782734870910645
0,0,0.05111377686262131
1,1,0.9978660941123962
0,0,4.143368641962297e-06
1,1,0.9949245452880859
1,1,0.9929832220077515
1,1,0.9897965788841248
1,1,0.9565397500991821
1,1,0.7765127420425415
1,1,0.9988415837287903
0,0,0.06164760887622833
0,0,0.11916524916887283
0,0,0.0015527227660641074
0,0,0.13893724977970123
1,1,0.9997814297676086
0,0,0.0011743232607841492
0,0,0.002127980347722769
1,1,0.9983482360839844
0,0,0.005768436938524246
0,0,0.01073336973786354
1,1,0.9995489716529846
1,1,0.9998102784156799
1,1,0.9984001517295837
0,0,1.986861570912879e-05
0,0,3.3632179111009464e-05
1,1,0.9845015406608582
0,0,0.0010251753265038133
0,1,0.638330340385437
0,0,3.964035840908764e-06
0,0,0.006948308553546667
0,0,0.07798197865486145
1,1,0.9448831081390381
0,0,0.2020270973443985
1,1,0.9991374015808105
1,1,0.9986165761947632
1,1,0.727721631526947
1,1,0.9264385104179382
0,0,0.00033199155586771667
0,0,7.309888314921409e-05
0,0,0.00011083353456342593
1,1,0.9860915541648865
1,1,0.9977705478668213
1,1,0.9999376535415649
1,1,0.9868819117546082
0,0,0.08464439958333969
1,1,0.9952732920646667
0,1,0.8091084361076355
1,1,0.999948263168335
0,0,0.0015321953687816858
0,0,0.004369172267615795
1,1,0.9996371269226074
0,0,0.19098912179470062
0,0,0.055307116359472275
0,0,0.0005238219164311886
0,0,0.0005370278377085924
1,1,0.849611759185791
1,1,0.999995231628418
0,1,0.7795872092247009
0,0,0.008591019548475742
0,0,0.0007322426536120474
0,0,0.000559051928576082
1,1,0.9999372959136963
1,1,0.9982004165649414
1,1,0.8796955347061157
1,1,0.9970414042472839
0,0,0.023763563483953476
0,0,0.01214725710451603
0,0,6.028357893228531e-05
0,0,0.0023819732014089823
1,1,0.9998382329940796
1,1,0.9500534534454346
0,0,0.08765369653701782
0,0,0.06769116967916489
0,0,0.0007888332474976778
0,0,0.14576029777526855
1,1,0.9815927147865295
0,1,0.6141589283943176
1,1,0.999825656414032
0,0,0.0022456718143075705
0,0,0.02674533985555172
1,1,0.9980964064598083
1,1,0.9846447110176086
1,1,0.9944314360618591
1,1,0.9869151711463928
1,1,0.9550960659980774
1,0,0.14097940921783447
1,1,0.8450635671615601
0,0,9.67459345702082e-06
0,0,0.010610460303723812
0,0,0.0001135138445533812
0,0,0.07045134902000427
0,0,0.0012237564660608768
1,1,0.9245461821556091
0,0,0.00013354091788642108
1,1,0.997184693813324
0,0,0.01898045279085636
0,0,0.0009813995566219091
0,0,0.0004971938324160874
1,1,0.9993721842765808
1,1,0.9871282577514648
1,0,0.22661128640174866
1,1,0.9002512693405151
1,1,0.8066515922546387
0,0,0.20599059760570526
1,1,0.5303769111633301
0,0,0.22364410758018494
1,1,0.9996076226234436
1,1,0.9950053095817566
1,1,0.9410312175750732
1,1,0.9860414862632751
0,0,6.593710713787004e-05
1,1,0.9882948398590088
1,1,0.9998838901519775
0,0,0.03513046354055405
1,1,0.999879002571106
0,0,0.03511659428477287
0,0,0.09509865194559097
1,1,0.986645519733429
1,1,0.9999721050262451
1,1,0.999951958656311
0,0,0.14862075448036194
0,0,0.00797154102474451
1,1,0.9999948740005493
1,1,0.9854078888893127
1,1,0.9996778964996338
1,1,0.9999003410339355
0,0,0.08640792965888977
1,1,0.9656463861465454
0,0,0.00013900105841457844
1,1,0.9999332427978516
0,1,0.5515179634094238
1,1,0.9999874830245972
1,1,0.9657371044158936
1,1,0.9995511174201965
1,1,0.9597512483596802
1,1,0.9407525062561035
0,0,0.005204351618885994
1,1,0.999997615814209
1,1,0.9928105473518372
1,1,0.999714195728302
1,1,0.9999908208847046
1,1,0.9975246787071228
1,1,0.993355393409729
1,1,0.9999798536300659
1,1,0.984062671661377
0,0,0.0026845617685467005
0,0,0.010429233312606812
0,0,0.00039986634510569274
1,1,0.7521613240242004
0,0,0.22232550382614136
0,0,0.01781141199171543
1,1,0.9838575720787048
1,1,0.9681364297866821
0,0,0.010451100766658783
0,0,0.00029897631611675024
1,1,0.9999810457229614
1,1,0.999607503414154
1,1,0.7727347016334534
0,0,2.5645962864473404e-07
0,0,0.0506429523229599
1,1,0.9999494552612305
1,1,0.9429070949554443
1,1,0.9997977614402771
1,1,0.9988921284675598
0,0,0.29929298162460327
1,1,0.9962161183357239
0,0,0.0024419575929641724
1,1,0.9155428409576416
0,0,0.49155792593955994
0,0,6.713320181006566e-05
0,0,0.02698543295264244
1,1,0.9985491633415222
1,1,0.9998561143875122
1,1,0.9999958276748657
1,1,0.9992213249206543
1,1,0.9591454863548279
1,1,0.9999368190765381
0,0,0.00010894562728935853
0,0,0.00020946645236108452
1,1,0.9999850988388062
1,1,0.9997497200965881
1,1,0.9874668717384338
1,1,0.9995347261428833
0,0,2.5391469534952193e-05
1,1,0.9999996423721313
0,0,0.00306087383069098
0,0,0.010915993712842464
0,0,0.0010109979193657637
1,1,0.9593231081962585
0,0,6.555253639817238e-05
0,0,0.41581395268440247
1,1,0.9998273253440857
0,0,0.20992273092269897
1,1,0.9989860653877258
1,1,0.9997640252113342
1,1,0.7745612859725952
0,1,0.997063934803009
1,1,0.9887711405754089
0,0,0.0036024542059749365
0,0,0.0019043582724407315
1,1,0.9995796084403992
1,1,0.9999831914901733
0,1,0.6134992837905884
1,1,0.7725881338119507
1,1,0.9995455145835876
0,0,0.019310370087623596
1,1,0.9785182476043701
1,1,0.9738227128982544
1,1,0.999053418636322
1,1,0.9998276233673096
1,1,0.9783042669296265
1,1,0.9765758514404297
1,1,0.9966996312141418
1,1,0.9999948740005493
1,1,0.9992351531982422
0,0,2.3836470063542947e-05
1,1,0.998776376247406
1,1,0.826835036277771
1,1,0.9641701579093933
1,1,0.9996521472930908
1,1,0.9999936819076538
0,0,0.009075447916984558
0,0,0.00028672226471826434
0,0,0.007784889079630375
0,0,0.0643301010131836
1,1,0.9411738514900208
1,1,0.9995575547218323
0,0,0.0005896728252992034
1,1,0.9987325072288513
0,0,0.006864282302558422
1,1,0.9972255825996399
0,0,0.0002307508111698553
0,0,0.13854989409446716
0,0,0.0565258152782917
1,1,0.9996805191040039
0,1,0.5261672139167786
1,1,0.9535837769508362
0,0,0.016580265015363693
1,1,0.9997316002845764
1,1,0.9988564252853394
1,1,0.9997246861457825
1,1,0.9978196620941162
1,1,0.9375514984130859
0,0,0.010425266809761524
1,1,0.9582281708717346
1,1,0.9997219443321228
1,1,0.9930701851844788
1,1,0.9859408736228943
1,1,0.9873892068862915
1,1,0.9533807039260864
1,1,0.8643046021461487
1,1,0.9999439716339111
1,1,0.9991011619567871
1,1,0.9996271133422852
1,0,0.09271390736103058
0,0,9.553509698889684e-07
0,0,0.0001547832798678428
1,1,0.9999912977218628
0,0,0.0014228136278688908
0,0,0.0031052243430167437
1,1,0.9961240887641907
0,0,0.0005899021634832025
1,1,0.6197185516357422
1,1,0.9996477365493774
0,0,1.5187434655672405e-05
1,1,0.9677406549453735
1,1,0.9985837936401367
1,1,0.9988456964492798
1,0,0.04433760792016983
0,0,0.013341519981622696
1,1,0.9983640313148499
1,1,0.9922573566436768
1,1,0.9994531273841858
1,1,0.9999918937683105
1,1,0.999735414981842
0,0,0.00040897561120800674
1,1,0.9950007796287537
0,0,0.3467540144920349
0,0,0.35312652587890625
0,0,0.041823018342256546
1,1,0.9997757077217102
1,1,0.9996793270111084
0,1,0.5674630999565125
0,0,0.001241549733094871
1,1,0.9857707023620605
0,1,0.6534585356712341
1,1,0.9963556528091431
1,1,0.9999761581420898
1,1,0.9221814870834351
0,0,0.0035173764917999506
0,0,0.012833659537136555
0,0,0.001163728884421289
0,0,0.20433646440505981
0,0,0.0005725817754864693
1,1,0.9999877214431763
1,1,0.9483629465103149
1,0,0.18478719890117645
1,1,0.9997604489326477
0,0,0.08738958090543747
0,0,3.906675829057349e-06
1,1,0.9445996880531311
0,0,0.00879924837499857
0,0,7.34593122615479e-05
0,0,0.0011039091041311622
1,1,0.9392301440238953
0,0,0.0013089460553601384
1,1,0.9985138773918152
1,1,0.9977002739906311
1,1,0.9998588562011719
0,0,0.010016066953539848
1,1,0.9992710947990417
1,1,0.9978304505348206
0,0,0.00931846909224987
1,1,0.9993243217468262
0,0,0.003216380253434181
0,0,0.003558139316737652
1,1,0.9019646048545837
1,1,0.9992897510528564
1,1,0.9999996423721313
1,1,0.9999186992645264
0,0,0.0007124103722162545
1,1,0.9735421538352966
0,0,0.07669974118471146
1,1,0.9865024089813232
0,0,0.0006447905325330794
0,0,0.0016589335864409804
0,0,0.002555248560383916
0,0,8.743877697270364e-05
0,0,0.003516602795571089
1,1,0.9999977350234985
0,0,0.13438193500041962
0,0,0.20134080946445465
1,1,0.9872373342514038
1,1,0.8773353099822998
0,0,0.006415209267288446
1,1,0.9999946355819702
1,1,0.999514102935791
0,0,0.1067727580666542
1,1,0.9975749850273132
1,1,0.9973143935203552
1,1,0.9998908042907715
1,1,0.9999656677246094
0,0,0.035489216446876526
0,0,0.0006992248236201704
1,1,0.9078434705734253
1,1,0.8298577666282654
1,1,0.9042664766311646
0,0,0.0023467722348868847
0,0,0.129071444272995
0,0,0.0037443635519593954
1,1,0.9988700747489929
1,1,0.9971430897712708
1,1,0.904647171497345
0,0,0.00899980403482914
1,1,0.9997541308403015
0,0,0.1453814059495926
0,0,0.007921169511973858
0,0,0.0002518448163755238
1,1,0.9998736381530762
1,1,0.6404892206192017
0,1,0.9429597854614258
0,0,0.2609756588935852
1,1,0.9997310042381287
1,1,0.9998742341995239
0,0,0.0021074453834444284
1,1,0.9999655485153198
0,0,7.078120688674971e-05
1,1,0.9985637068748474
0,0,0.004724540282040834
0,1,0.7960935235023499
1,1,0.9673638939857483
0,0,0.27136778831481934
0,0,3.321489202789962e-05
1,1,0.8793430328369141
1,1,0.9854789972305298
0,0,0.006841664668172598
0,0,0.008667458780109882
1,1,0.9999819993972778
0,0,0.1593085378408432
1,1,0.999690055847168
1,1,0.9995174407958984
0,0,0.009686848148703575
0,0,0.14680832624435425
1,1,0.6841798424720764
1,1,0.996845006942749
0,0,0.006139618810266256
1,1,0.9952172040939331
1,1,0.991978645324707
0,0,0.0010401153704151511
1,1,0.9989727735519409
1,1,0.9995361566543579
0,0,0.00030778913060203195
0,0,7.809531962266192e-05
0,0,0.0001733679964672774
1,0,0.4969223737716675
1,1,0.9989461302757263
0,0,0.0018166257068514824
1,1,0.5155432820320129
1,1,0.9992364645004272
1,1,0.9996370077133179
1,1,0.9806696772575378
0,0,0.32542189955711365
1,1,0.9522963166236877
0,0,0.3825213313102722
0,1,0.5165513157844543
1,1,0.9127311706542969
1,1,0.9989421963691711
1,1,0.9774113893508911
0,0,0.32375845313072205
1,1,0.9943004846572876
0,0,0.019052056595683098
1,1,0.9996734857559204
1,0,0.009834888391196728
0,0,0.01712065190076828
0,0,0.11845891177654266
0,0,0.0030323900282382965
1,1,0.9983092546463013
0,0,0.006940462160855532
0,0,0.00012519035954028368
1,1,0.8134188652038574
0,0,0.0002908552123699337
1,1,0.9904816746711731
0,1,0.9042715430259705
1,1,0.9997853636741638
1,1,0.9996908903121948
0,1,0.9519035220146179
0,0,0.08531295508146286
1,1,0.9972293972969055
1,1,0.9980137348175049
1,1,0.9890916347503662
1,1,0.9997252821922302
1,1,0.9984728693962097
1,1,0.9999698400497437
0,0,0.00098469911608845
1,1,0.9946123361587524
1,1,0.9999971389770508
1,0,0.08385732024908066
1,1,0.9969112277030945
0,0,0.04053513705730438
0,0,0.01628544181585312
0,0,0.07751685380935669
0,0,0.03546467795968056
0,1,0.5093775987625122
1,1,0.9980779886245728
1,1,0.9998492002487183
0,0,0.012081025168299675
1,1,0.9997060894966125
1,1,0.9910454154014587
1,1,0.9303639531135559
1,1,0.9989410042762756
0,0,0.05790287256240845
0,1,0.9889587163925171
0,0,0.000699210271704942
1,1,0.9272611737251282
1,1,0.999755322933197
1,1,0.9978551268577576
1,0,0.013173927552998066
1,1,0.9972184896469116
0,0,0.2520939111709595
1,1,0.9999079704284668
0,0,0.05398475378751755
0,0,0.0012466772459447384
0,0,0.04409196600317955
1,1,0.9872971773147583
0,0,0.004156614653766155
0,1,0.6024014353752136
0,0,0.027737991884350777
1,1,0.8395183086395264
1,1,0.9996941089630127
1,1,0.9984508752822876
1,1,0.9995799660682678
1,1,0.9980081915855408
1,1,0.9999712705612183
1,1,0.9999659061431885
1,1,0.9635187387466431
0,0,0.48211243748664856
1,1,0.9996422529220581
0,0,0.012072550132870674
0,0,0.11143345385789871
1,1,0.9043524861335754
0,0,0.15095433592796326
0,1,0.5075080990791321
0,0,0.000580028397962451
0,0,3.426724333621678e-06
1,1,0.9991557598114014
0,0,2.6358622562838718e-05
0,0,7.215223013190553e-05
1,1,0.9996293783187866
0,0,1.6244675862253644e-05
1,1,0.9615886211395264
1,1,0.9776248931884766
0,0,0.36637452244758606
0,0,0.010673901066184044
1,1,0.9979579448699951
1,1,0.9998751878738403
0,0,0.0021059445571154356
1,1,0.999448835849762
1,1,0.9993940591812134
0,0,0.02049914188683033
0,0,0.016526812687516212
0,0,0.12540386617183685
0,0,0.0002599612926132977
0,0,0.00494252797216177
0,0,0.0005897583323530853
1,1,0.785179615020752
1,1,0.9988864064216614
0,0,0.2898690700531006
1,1,0.9778075218200684
0,0,0.00032373727299273014
0,0,0.007128742057830095
1,1,0.894172728061676
0,0,2.607963324408047e-05
0,1,0.6280249953269958
0,0,8.391421579290181e-05
1,1,0.9996966123580933
0,0,0.00010327293421141803
0,0,0.00018520101730246097
0,0,2.396696618234273e-05
1,1,0.9908984303474426
1,1,0.9976891279220581
1,1,0.9987112283706665
1,1,0.5236733555793762
1,1,0.9995110034942627
1,1,0.9999314546585083
0,1,0.5195558071136475
1,1,0.9999860525131226
1,1,0.997502863407135
1,1,0.9999940395355225
1,1,0.9677128195762634
1,1,0.9660353064537048
0,0,0.17685718834400177
1,1,0.9933542013168335
1,1,0.9998843669891357
0,0,0.006267130840569735
1,1,0.9949005246162415
0,0,0.01980372704565525
0,0,3.113551065325737e-05
0,0,0.0058760554529726505
1,1,0.9969334602355957
1,1,0.9999954700469971
1,1,0.8762596249580383
0,0,0.00019617480575107038
0,0,0.0012817089445888996
0,0,0.000859477324411273
1,1,0.9824109673500061
1,1,0.670261025428772
0,0,0.0616379976272583
1,1,0.99676114320755
1,1,0.9989181756973267
0,1,0.9754925966262817
1,1,0.9993076324462891
0,0,0.0849536657333374
0,0,0.046995583921670914
1,1,0.9998737573623657
1,1,0.9996415376663208
0,0,0.0033902826253324747
1,0,0.2082165628671646
1,1,0.9657246470451355
1,1,0.9994328618049622
1,1,0.9998577833175659
1,1,0.9999531507492065
0,0,0.02355002798140049
1,1,0.9977237582206726
0,0,0.08570092171430588
1,1,0.9985995888710022
1,1,0.9939336180686951
1,1,0.9999681711196899
1,1,0.9977511763572693
1,1,0.7867942452430725
1,1,0.6930552124977112
1,1,0.9999537467956543
1,1,0.9999016523361206
1,1,0.9999914169311523
1,1,0.9981348514556885
1,1,0.8905119299888611
0,0,0.00087222910951823
1,1,0.998540997505188
0,0,0.0015907420311123133
0,0,0.027673201635479927
1,1,0.9870883226394653
1,1,0.9999954700469971
1,1,0.9999396800994873
0,0,0.2032870203256607
1,1,0.9997708201408386
0,0,4.906102185486816e-05
0,1,0.8590819835662842
1,1,0.9981999397277832
0,0,0.131321519613266
1,1,0.9159846901893616
0,0,0.0005102002760395408
0,0,7.615671347593889e-05
1,1,0.9972309470176697
1,1,0.9999027252197266
1,1,0.9954485297203064
0,0,1.3176989341445733e-05
0,0,9.706226410344243e-05
0,0,4.7839421313256025e-05
1,1,0.9990217685699463
0,0,0.004130953922867775
0,0,0.0009810012998059392
0,0,0.0013675275258719921
0,0,0.005088933277875185
1,1,0.9980112314224243
0,0,0.08422112464904785
0,1,0.7075157761573792
1,0,0.47801801562309265
1,1,0.9731254577636719
1,1,0.9999808073043823
1,1,0.9999978542327881
0,0,0.041304197162389755
1,1,0.9726715087890625
1,1,0.9890992641448975
1,1,0.9999942779541016
0,0,0.01562712900340557
0,0,0.0028081454802304506
0,0,0.000159550501848571
1,1,0.9987677335739136
1,1,0.9644891619682312
1,1,0.9116783738136292
0,0,0.00015306126442737877
1,1,0.9996768236160278
1,1,0.9930136799812317
0,0,0.00038112475886009634
0,0,5.215870714891935e-06
0,0,0.00012359028914943337
0,0,8.83870688994648e-06
1,1,0.9634122848510742
0,0,2.672629307198804e-06
0,0,2.4326116545125842e-05
0,0,0.42176759243011475
0,0,0.031808219850063324
0,0,0.013462383300065994
1,1,0.9924696087837219
1,1,0.9666346311569214
1,1,0.9515650272369385
0,0,0.019883478060364723
1,1,0.9993791580200195
1,1,0.9878332614898682
1,1,0.9990830421447754
1,1,0.9997687935829163
0,0,2.0269177184673026e-05
0,0,0.00040505084325559437
0,0,0.0008284689974971116
0,0,0.01590866781771183
1,1,0.8029173016548157
1,1,0.980032205581665
1,1,0.9797470569610596
0,1,0.9075829982757568
1,1,0.9877775311470032
0,0,0.00012084295303793624
1,1,0.8955360651016235
0,0,0.017838792875409126
0,0,1.6613907064311206e-05
0,0,0.3842647075653076
1,1,0.8211063742637634
1,1,0.9973961114883423
1,1,0.9999969005584717
0,0,0.00023801533097866923
1,1,0.9999010562896729
0,0,0.23214508593082428
0,0,0.007480559404939413
0,0,0.2368440181016922
0,0,0.00017730367835611105
0,0,5.523113941308111e-05
1,1,0.9977782368659973
0,0,0.4721875488758087
0,0,0.05279204621911049
0,0,0.20236100256443024
0,0,0.019246064126491547
1,0,0.19174766540527344
0,0,4.201077899779193e-05
0,0,0.10411737859249115
1,1,0.9702488780021667
0,0,0.049791574478149414
0,0,0.30876198410987854
0,0,0.031050702556967735
1,1,0.9994757771492004
0,0,0.06982383131980896
1,1,0.9984506368637085
1,1,0.9999563694000244
1,1,0.9990493655204773
1,1,0.9985036849975586
1,1,0.9954115748405457
0,0,0.47778722643852234
1,1,0.9982511401176453
1,1,0.959912896156311
0,1,0.9748926162719727
0,0,0.0015527301002293825
1,1,0.9999711513519287
1,1,0.9825932383537292
0,0,0.014041218906641006
0,0,0.0007389206439256668
1,1,0.9999897480010986
1,1,0.5965133905410767
1,1,0.9999566078186035
1,1,0.9954193830490112
0,1,0.9525594115257263
0,0,0.001256556250154972
1,1,0.9995099306106567
0,0,0.0022867596708238125
0,0,0.05038638785481453
1,1,0.9995161294937134
0,0,0.0026453803293406963
0,1,0.727428674697876
0,0,0.0025139038916677237
1,1,0.9999918937683105
0,0,0.19729845225811005
0,0,0.00013197853695601225
0,0,0.00033357946085743606
0,0,0.004020054824650288
1,1,0.9595378637313843
1,1,0.9993910789489746
0,0,5.59907175556873e-06
1,1,0.9997034668922424
1,1,0.9663596749305725
1,1,0.9993454813957214
0,1,0.7416154742240906
0,0,0.0208927933126688
0,0,7.079180795699358e-05
0,0,0.018186235800385475
0,0,0.0003706736024469137
1,1,0.9999978542327881
0,0,0.000152721579070203
0,0,5.7713095884537324e-05
1,1,0.9737585783004761
1,1,0.999484658241272
0,0,0.03937360271811485
0,0,0.01270812563598156
1,1,0.9971562623977661
0,1,0.6845186352729797
1,1,0.998264729976654
0,0,0.010785833932459354
1,1,0.995964765548706
1,1,0.9926384687423706
1,1,0.9872115254402161
0,0,0.0006495325942523777
1,1,0.9991274476051331
1,1,0.9998282194137573
0,0,0.03243675082921982
0,0,0.34663125872612
1,0,0.39689046144485474
0,0,0.17338664829730988
0,0,0.00016221105761360377
1,1,0.9918906688690186
0,0,0.0005264115752652287
1,1,0.9995765089988708
0,0,0.000812007172498852
1,1,0.987025797367096
0,0,0.3730020225048065
0,0,0.005084984935820103
0,0,0.00017198921705130488
0,1,0.9874065518379211
0,0,0.005724693648517132
1,1,0.999357283115387
1,1,0.99787437915802
1,1,0.8636468648910522
0,0,0.21718524396419525
1,1,0.9991074204444885
0,0,0.0001560748933115974
1,1,0.9994745850563049
1,1,0.9890165328979492
0,0,0.011816387996077538
0,0,6.503002805402502e-05
0,0,0.0027804160490632057
1,1,0.9992406368255615
0,0,0.00035859300987794995
1,1,0.9981781244277954
0,0,1.9702929421328008e-05
0,0,0.0023288780357688665
0,0,1.4740613551111892e-05
0,0,0.0476476326584816
1,1,0.7706423997879028
0,0,0.0002941640268545598
0,0,0.000250423006946221
0,0,0.006558110471814871
0,1,0.5461527109146118
1,1,0.9998823404312134
0,0,0.0002596229314804077
0,0,0.011023272760212421
0,0,0.009019703604280949
0,0,0.0010905337985605001
0,1,0.9602288007736206
1,1,0.9936477541923523
1,1,0.9904718399047852
0,1,0.5342689156532288
0,0,0.017740188166499138
0,0,0.4031270146369934
1,1,0.9935678839683533
0,1,0.9542065262794495
1,1,0.9990426898002625
1,0,0.49657949805259705
0,0,0.0012334231287240982
1,1,0.9508718848228455
0,0,6.934491921128938e-06
1,1,0.5521439909934998
1,1,0.97044837474823
0,0,0.000186774370376952
0,0,0.49551621079444885
1,1,0.9948719143867493
1,1,0.9995239973068237
1,1,0.9863840937614441
0,0,0.05803753435611725
1,1,0.9525976181030273
0,0,1.465118293708656e-05
1,1,0.9336938261985779
1,1,0.9998936653137207
1,1,0.9999765157699585
0,1,0.6974295377731323
1,1,0.9998026490211487
1,1,0.9991245865821838
1,1,0.9787857532501221
0,0,0.0034800125285983086
0,0,0.29556363821029663
0,0,0.0007720896392129362
0,0,0.0024044858291745186
1,1,0.9999195337295532
1,1,0.9946449995040894
1,1,0.9998370409011841
0,0,0.030157221481204033
1,1,0.9955466985702515
0,0,8.441285899607465e-05
1,1,0.9998816251754761
0,0,0.24946990609169006
0,0,0.021380506455898285
0,0,0.0046614594757556915
1,1,0.8969936966896057
1,1,0.8297426104545593
1,1,0.9997709393501282
0,0,0.28487059473991394
1,1,0.9998137354850769
0,1,0.8869134783744812
1,1,0.6866623163223267
1,1,0.9973734617233276
0,0,0.0894208773970604
0,0,0.005004010163247585
1,1,0.9973637461662292
0,0,0.062292639166116714
1,1,0.9993118047714233
1,1,0.9430107474327087
1,0,0.25358548760414124
1,1,0.9999986886978149
1,1,0.9973917007446289
1,1,0.9998950958251953
1,1,0.9999899864196777
1,1,0.9999358654022217
0,0,0.009172030724585056
1,1,0.9977261424064636
1,1,0.9999864101409912
0,1,0.6265354752540588
0,0,0.0017492856131866574
0,0,6.145234692667145e-06
0,0,5.3344610932981595e-06
0,0,0.0006791616324335337
1,1,0.9908322691917419
1,1,0.9868046045303345
1,1,0.8411216735839844
1,1,0.9884967803955078
1,1,0.8315171003341675
1,1,0.9979244470596313
1,1,0.666248083114624
1,1,0.9990503191947937
1,1,0.9937833547592163
1,0,0.34140893816947937
0,0,0.0038054536562412977
1,1,0.9561893343925476
1,1,0.9997697472572327
1,1,0.9995071887969971
1,1,0.9413067698478699
1,1,0.9999144077301025
1,1,0.9997696280479431
1,1,0.9994753003120422
1,1,0.9821476936340332
0,0,0.4339843690395355
0,0,8.61876760609448e-05
0,0,0.0011609100038185716
1,1,0.9996103644371033
1,1,0.9819523692131042
1,1,0.9797523021697998
0,0,0.00045370939187705517
1,1,0.9996448755264282
1,1,0.90346759557724
1,1,0.9941238760948181
1,1,0.8529663681983948
0,0,0.005687257740646601
1,1,0.9991523027420044
1,1,0.9983275532722473
0,0,0.42630186676979065
1,1,0.9025609493255615
1,1,0.6781672239303589
0,0,0.0007552338647656143
1,1,0.9988176226615906
0,0,0.0019125373801216483
0,0,0.12790773808956146
1,1,0.9823708534240723
0,0,0.001171413459815085
1,1,0.9998441934585571
0,0,0.0020874179899692535
0,0,0.0023035400081425905
1,1,0.9972840547561646
1,1,0.9972248077392578
1,1,0.9997979998588562
0,0,0.08120891451835632
1,1,0.9993166923522949
1,1,0.7747616767883301
0,0,0.001372501370497048
0,0,0.0005287862732075155
1,1,0.9999046325683594
1,1,0.5934052467346191
0,0,0.0034011073876172304
1,1,0.9999712705612183
1,1,0.9993146657943726
0,0,0.005597081035375595
1,1,0.997787356376648
0,0,0.0007324223988689482
0,0,0.07128315418958664
0,0,0.4903755784034729
0,0,0.003448274452239275
0,1,0.8352049589157104
0,1,0.8320082426071167
0,0,0.016195327043533325
1,1,0.945876955986023
0,1,0.9665143489837646
1,1,0.9853698015213013
0,1,0.7198284268379211
0,0,0.07986170798540115
1,1,0.8473267555236816
0,0,0.0009429959463886917
1,1,0.9989407658576965
1,1,0.5857226848602295
1,1,0.9960647225379944
1,1,0.9994890689849854
0,1,0.9770700931549072
1,0,0.03876897320151329
0,0,0.0018434390658512712
1,1,0.9984194040298462
0,0,0.004164794459939003
0,0,8.33635112940101e-06
0,0,0.08014755696058273
0,0,0.0926399752497673
0,0,0.4479862153530121
0,0,2.132034751411993e-06
1,1,0.8954240083694458
1,1,0.9999358654022217
0,0,0.3985406756401062
0,0,0.1318356841802597
0,0,0.0008828830905258656
1,1,0.9589446187019348
0,0,0.003165353322401643
1,1,0.9475899338722229
0,0,0.17389029264450073
0,0,0.0030590950045734644
0,0,0.022361930459737778
1,1,0.9622302651405334
1,1,0.9980955719947815
1,1,0.9999988079071045
1,1,0.9999871253967285
0,0,0.09377335757017136
0,0,0.07620646059513092
0,0,0.006000697147101164
0,0,3.662574090412818e-05
0,0,0.0744524672627449
1,1,0.9159125089645386
1,1,0.9995077848434448
1,1,0.9984893798828125
1,1,0.9993011951446533
1,1,0.821715235710144
1,1,0.9947839379310608
1,1,0.9999064207077026
0,0,0.17964467406272888
1,1,0.9994136095046997
0,0,0.0005237514851614833
1,1,0.8717305064201355
1,1,0.9761124849319458
1,1,0.950014591217041
0,0,0.018818756565451622
0,0,1.8850629203370772e-05
0,0,1.2856213515988202e-06
0,0,0.0013288118643686175
1,1,0.9996746778488159
0,0,5.662047624355182e-05
0,0,0.14892131090164185
0,0,0.17387698590755463
0,0,0.0011857281206175685
1,1,0.9973732233047485
0,0,0.00034624221734702587
1,1,0.9728821516036987
0,0,4.100439036847092e-05
0,1,0.8194164037704468
1,1,0.9999233484268188
0,0,0.0010380143066868186
0,0,0.02158224582672119
1,1,0.7112975716590881
1,1,0.9996544122695923
0,0,5.156185579835437e-06
0,0,0.23789624869823456
0,0,3.722165274666622e-05
1,0,0.27979904413223267
1,1,0.9881665110588074
1,1,0.9991788268089294
1,1,0.9450957179069519
1,1,0.9961891770362854
0,0,7.33549222786678e-06
1,1,0.9984136819839478
1,1,0.6994985342025757
1,1,0.9831357598304749
1,1,0.9940459728240967
0,1,0.8665430545806885
0,0,0.0004451046697795391
0,0,0.04947931319475174
1,1,0.9992357492446899
1,1,0.9814922213554382
0,0,0.0036728682462126017
0,0,0.0032335356809198856
0,0,0.004040419589728117
1,1,0.9993201494216919
1,1,0.9980239868164062
1,1,0.9980048537254333
1,1,0.9994720816612244
1,1,0.999882698059082
1,1,0.9995689988136292
1,1,0.9996570348739624
0,0,1.993793557630852e-05
1,1,0.9999576807022095
1,1,0.9996044039726257
0,0,0.00010641598055372015
0,0,4.7707075282232836e-05
0,0,0.29160094261169434
0,0,0.0027354545891284943
0,0,1.0959938379073719e-07
0,0,0.1533145010471344
1,1,0.9999480247497559
0,0,0.006964053027331829
1,1,0.999840259552002
1,1,0.9987817406654358
1,1,0.9683068990707397
1,1,0.7435374855995178
0,1,0.53196120262146
1,1,0.9999818801879883
0,0,0.0008462967234663665
1,1,0.9388214349746704
0,0,0.0002536059473641217
1,1,0.9999986886978149
1,1,0.99899822473526
1,1,0.9891618490219116
0,1,0.8386680483818054
1,1,0.9997101426124573
1,1,0.9945076107978821
1,1,0.9999880790710449
1,1,0.9963608384132385
0,0,0.004470560699701309
0,0,0.0051015340723097324
1,1,0.9443861246109009
1,1,0.9999605417251587
1,1,0.9951853156089783
1,1,0.9941173791885376
1,1,0.990571141242981
1,1,0.999993085861206
0,0,2.961600330309011e-05
0,0,0.0018927851924672723
1,1,0.9984386563301086
0,0,0.0015434897504746914
0,0,0.13829723000526428
0,0,0.000341729522915557
0,1,0.5243493318557739
0,0,0.4955465495586395
0,1,0.8681352734565735
1,1,0.7626527547836304
1,1,0.999897837638855
1,1,0.9992464780807495
0,0,0.022867416962981224
1,1,0.9997003078460693
1,1,0.9739070534706116
0,1,0.5671354532241821
1,1,0.9907593727111816
1,1,0.9972355961799622
1,1,0.9999836683273315
1,1,0.9945966005325317
1,1,0.9999847412109375
1,1,0.979972779750824
1,1,0.9995952248573303
1,1,0.9984264373779297
0,0,0.001118662883527577
1,1,0.9977325201034546
0,0,0.02612019143998623
1,1,0.7681344151496887
1,1,0.9739746451377869
1,1,0.9999605417251587
0,1,0.7688395977020264
0,0,1.5224439948724466e-06
1,1,0.995794415473938
0,0,0.26280677318573
0,0,0.20843008160591125
0,0,0.00021390568872448057
1,1,0.9973880648612976
1,1,0.9996805191040039
1,1,0.9128512144088745
1,1,0.9999872446060181
1,1,0.7221011519432068
1,1,0.715269923210144
0,0,0.01561668049544096
1,1,0.9894389510154724
0,0,0.011959627270698547
1,1,0.9882999658584595
0,0,0.006254709325730801
1,1,0.9994297623634338
1,1,0.998975396156311
0,0,0.0007855406147427857
1,0,0.021967077627778053
0,0,0.0007180591346696019
1,1,0.9999642372131348
1,1,0.9980277419090271
1,1,0.9999674558639526
1,1,0.966995120048523
1,0,0.38931307196617126
1,1,0.9859041571617126
1,1,0.9989022016525269
0,0,0.0562172569334507
1,1,0.9997044205665588
1,1,0.9995762705802917
0,0,0.000560919230338186
1,1,0.9996856451034546
1,1,0.9833381772041321
1,1,0.9993283748626709
0,0,9.299807425122708e-05
0,0,0.00025723662110976875
0,0,0.06144674867391586
1,0,0.20134539902210236
1,0,0.3495120406150818
0,0,0.013504620641469955
1,1,0.9392118453979492
1,1,0.9998257756233215
0,0,0.022446870803833008
1,1,0.5851146578788757
1,1,0.9991570711135864
1,1,0.999201238155365
0,0,2.4383019990636967e-05
0,0,0.25355270504951477
0,1,0.676051914691925
1,1,0.7500782608985901
1,1,0.7929272651672363
1,1,0.9554821848869324
1,1,0.9997695088386536
1,1,0.9999716281890869
0,0,0.0001942190865520388
1,1,0.9959374666213989
0,0,0.006712307687848806
1,1,0.9987402558326721
1,1,0.932456910610199
0,1,0.9994660019874573
1,1,0.9999715089797974
1,1,0.9779148101806641
0,0,0.003923375159502029
1,1,0.999555766582489
1,1,0.9990411400794983
1,1,0.9681527614593506
1,1,0.9997788071632385
1,1,0.5261422395706177
0,0,0.009601309895515442
1,1,0.9991928935050964
0,0,0.007953708991408348
1,1,0.9849344491958618
1,1,0.9999281167984009
0,0,0.00016538020281586796
1,1,0.9783198833465576
1,1,0.9994799494743347
1,0,0.1653984636068344
1,1,0.9914405345916748
0,0,0.4518682062625885
1,1,0.9917102456092834
0,0,0.12358011305332184
0,0,0.0030475915409624577
1,1,0.9871861338615417
0,0,0.00345396320335567
1,1,0.9999740123748779
0,0,3.9239617763087153e-05
0,0,0.023579688742756844
0,0,0.0011634540278464556
1,1,0.9964783787727356
1,1,0.9928646087646484
0,0,0.016152016818523407
1,1,0.9938299059867859
0,0,0.00011279447062406689
1,1,0.9993529915809631
0,0,0.00014389304851647466
1,1,0.9962053894996643
1,1,0.9967798590660095
1,1,0.9996901750564575
0,0,0.27583572268486023
0,0,0.11034509539604187
0,0,0.03078416734933853
0,0,0.09720553457736969
1,1,0.5855404138565063
1,1,0.9864805936813354
0,0,4.0146046558220405e-06
1,1,0.9538336992263794
0,0,1.862794488260988e-05
1,1,0.9562203288078308
1,1,0.9219271540641785
1,1,0.8222851157188416
0,0,0.01849016174674034
0,0,0.019353456795215607
0,0,0.04131209850311279
0,0,1.180966410174733e-05
1,1,0.9986574649810791
0,0,0.0211578831076622
1,1,0.9995848536491394
1,1,0.9999808073043823
1,1,0.9998593330383301
1,1,0.9985864162445068
1,1,0.9997394680976868
0,0,0.03258692845702171
1,1,0.954347550868988
0,0,0.14959771931171417
1,0,0.18431095778942108
0,0,0.0006897479761391878
0,0,0.01301359198987484
0,0,0.0007258373079821467
0,0,0.01989540457725525
0,1,0.760532796382904
0,0,0.00047679393901489675
0,1,0.9185894131660461
0,0,1.9470993720460683e-05
0,0,0.00021734785696025938
0,0,0.026034053415060043
0,0,0.002366845728829503
0,0,0.0008198575233109295
0,0,0.062031470239162445
1,1,0.9827271103858948
0,0,0.00013126690464559942
1,1,0.9763710498809814
1,1,0.9620524644851685
0,0,0.1872476488351822
1,1,0.9999741315841675
1,1,0.999985933303833
1,1,0.999627947807312
1,1,0.9999194145202637
1,1,0.9979845285415649
1,1,0.9842632412910461
1,1,0.9999607801437378
0,1,0.6396364569664001
0,0,0.3803054094314575
0,0,4.810025711776689e-05
1,1,0.7083900570869446
1,1,0.9999669790267944
0,0,0.0009650278952904046
0,0,0.00012736422650050372
1,1,0.9999904632568359
1,1,0.9677169322967529
1,1,0.8528633713722229
1,1,0.9981750249862671
1,1,0.969791829586029
1,1,0.7907014489173889
0,0,0.13342638313770294
1,1,0.8717837333679199
1,1,0.9248539805412292
0,0,9.034704999066889e-05
1,1,0.9787181615829468
1,1,0.6174144148826599
1,1,0.9998379945755005
0,0,1.2733935363939963e-06
1,1,0.9989795088768005
1,1,0.9991427659988403
1,1,0.9997596144676208
0,0,0.020594071596860886
0,0,0.08310215175151825
1,1,0.9998875856399536
0,0,0.0006174469017423689
0,0,2.8337875846773386e-05
0,0,6.096994547988288e-05
0,0,4.2056955862790346e-05
1,1,0.9158844947814941
0,0,0.06075718253850937
1,1,0.9764469861984253
1,1,0.9953107237815857
1,1,0.9997602105140686
1,1,0.7301168441772461
0,0,8.930248441174626e-05
0,0,0.00010736881085904315
0,0,0.10668595135211945
1,1,0.9969664216041565
1,1,0.9998596906661987
1,1,0.630291223526001
1,1,0.978985071182251
1,1,0.9992807507514954
1,1,0.9997648596763611
0,0,0.008897105231881142
1,1,0.999377429485321
1,1,0.9149996638298035
1,1,0.9966009855270386
0,0,0.004490816034376621
0,0,0.002365710912272334
0,0,0.0018199969781562686
0,0,0.009800905361771584
1,1,0.9904476404190063
0,0,0.13114921748638153
1,1,0.9997140765190125
1,1,0.9953605532646179
1,1,0.9925200939178467
0,0,0.006475829053670168
0,0,0.01858019270002842
0,0,0.36952799558639526
0,0,0.047799501568078995
1,1,0.9991719722747803
1,1,0.9998020529747009
0,0,0.06052472069859505
0,0,0.002632866846397519
0,0,0.0015120647149160504
1,1,0.9997878670692444
0,0,0.002821890637278557
0,0,0.003439411288127303
0,0,1.3448994650389068e-05
1,1,0.9956308603286743
1,1,0.8401641249656677
1,1,0.9990148544311523
1,1,0.787255585193634
1,1,0.9911534190177917
0,0,0.0004384612257126719
1,1,0.9996570348739624
1,1,0.9976219534873962
1,1,0.9745882153511047
1,1,0.9997649788856506
0,0,0.0008528489852324128
1,1,0.9839935302734375
1,1,0.9017181396484375
0,0,0.0011309960391372442
0,0,0.0001421320193912834
1,1,0.8095661401748657
1,1,0.976705014705658
1,0,0.05106014758348465
1,1,0.842266857624054
1,1,0.9915915727615356
1,1,0.9999758005142212
0,0,0.1340833306312561
1,1,0.9647020101547241
0,0,0.0005091361235827208
1,1,0.9953885078430176
0,0,0.21662211418151855
0,0,0.0037835915572941303
1,1,0.9872038960456848
1,1,0.9973077774047852
1,1,0.9964900612831116
0,0,0.0007370246457867324
0,0,0.0014473680639639497
1,1,0.9997479319572449
0,0,0.00998001266270876
0,0,0.02429245226085186
0,0,2.6566857513898867e-07
0,0,0.0008990013157017529
1,1,0.9999662637710571
0,0,0.00019229899044148624
0,0,0.050971560180187225
0,0,0.07036449760198593
0,0,0.009464208967983723
1,1,0.9843094348907471
0,1,0.8938676118850708
0,0,0.009085887111723423
0,0,0.2524348795413971
1,1,0.9533690810203552
0,0,0.30300065875053406
1,1,0.968756377696991
1,1,0.9932217597961426
0,0,0.024254290387034416
1,1,0.9909356236457825
0,0,0.01576417312026024
0,0,3.88167827622965e-05
0,0,0.25001245737075806
0,0,0.046849556267261505
0,0,0.0641443058848381
1,1,0.9861741065979004
1,1,0.9994519352912903
0,0,0.0008415221236646175
1,1,0.9898942112922668
0,0,0.00044355407590046525
1,1,0.999909520149231
0,0,0.0020103775896131992
0,0,0.055771876126527786
0,0,0.0052162716165184975
1,1,0.983653724193573
1,1,0.9980924725532532
0,0,0.00014610047219321132
1,1,0.9993311166763306
1,1,0.9981219172477722
1,1,0.9568615555763245
0,0,0.4089149832725525
1,1,0.9970192909240723
0,1,0.9896636605262756
0,0,0.10933372378349304
0,0,4.705278115579858e-06
0,0,0.007924105040729046
1,1,0.9197363257408142
0,0,0.008258328773081303
0,0,5.954674998065457e-05
0,0,0.03662765398621559
0,0,0.010646467097103596
0,0,0.078972227871418
1,1,0.6539378762245178
1,1,0.9921799898147583
0,0,0.015533078461885452
1,1,0.8419888615608215
1,1,0.9436458945274353
0,0,0.4759100675582886
1,1,0.8592129945755005
1,1,0.999794065952301
1,1,0.995125949382782
0,0,0.06252799928188324
0,0,0.00840731430798769
0,0,0.018636586144566536
1,1,0.9999637603759766
1,1,0.9999608993530273
0,0,0.003456265199929476
1,1,0.999886155128479
1,1,0.9999830722808838
1,1,0.9991621971130371
1,1,0.998928964138031
1,1,0.9999995231628418
0,1,0.9629862904548645
1,0,0.24128541350364685
0,0,0.0018394328653812408
0,0,0.0005364609532989562
0,0,4.167487077211263e-06
1,1,0.9922313690185547
0,0,0.03696081042289734
1,1,0.997234046459198
1,1,0.9927583932876587
1,1,0.994438886642456
0,0,0.0101016815751791
0,0,0.0026043420657515526
1,0,0.41272419691085815
1,1,0.9611603617668152
0,0,0.010336583480238914
1,1,0.9999644756317139
0,1,0.8292143940925598
0,0,0.002390108071267605
1,1,0.8920566439628601
1,1,0.8112402558326721
1,1,0.9971101880073547
0,0,0.003105253679677844
0,0,0.0013000674080103636
0,0,0.003059585113078356
1,1,0.9970129728317261
0,0,0.35383641719818115
1,1,0.979091227054596
1,1,0.9474764466285706
0,0,0.0021838361863046885
0,0,0.000631276867352426
0,0,0.0035399659536778927
0,0,0.00024726090487092733
0,0,4.924311724607833e-05
0,0,0.0013146037235856056
1,1,0.9973253011703491
0,0,0.0033145721536129713
0,0,0.01850297302007675
0,0,0.01602865941822529
0,0,0.00018493931565899402
1,1,0.9988453388214111
1,1,0.9999938011169434
1,1,0.9007349610328674
0,0,0.020971044898033142
1,1,0.9922466278076172
1,1,0.9999567270278931
1,1,0.965481162071228
1,1,0.9503357410430908
0,0,0.025343813002109528
1,1,0.999915361404419
1,1,0.9964280724525452
1,1,0.9626803398132324
0,0,0.00037519761826843023
1,1,0.9998169541358948
1,1,0.9999815225601196
1,1,0.9596465229988098
1,1,0.9032062888145447
0,0,6.114368443377316e-05
0,0,0.032691311091184616
1,1,0.9988760352134705
1,1,0.9994984865188599
0,0,8.177306153811514e-05
1,1,0.8773982524871826
1,1,0.9972245693206787
0,0,0.30913683772087097
0,0,0.003189670853316784
0,0,0.2465936839580536
1,1,0.9988150596618652
1,1,0.9991983771324158
0,0,0.004202146083116531
1,1,0.9477978348731995
1,1,0.9999032020568848
1,1,0.9962252378463745
1,1,0.665958821773529
1,1,0.6309413909912109
1,1,0.9999473094940186
1,1,0.9342799186706543
1,1,0.9976772665977478
1,1,0.9774916172027588
1,1,0.9995548129081726
0,0,0.02961687184870243
1,1,0.999207079410553
1,1,0.9971169233322144
0,0,0.12787625193595886
1,1,0.9997718930244446
0,0,0.0007534368196502328
0,0,9.064692858373746e-05
1,1,0.9995131492614746
0,0,0.007831734605133533
0,0,9.580440382706001e-05
1,1,0.9764987826347351
1,1,0.999874472618103
1,1,0.9881892204284668
1,1,0.9997445940971375
0,0,0.004617807921022177
0,0,0.03348712623119354
1,1,0.9956336617469788
1,1,0.9996588230133057
0,0,2.080966623907443e-06
0,0,6.203495104273316e-07
1,1,0.9999963045120239
0,0,0.014133691787719727
1,1,0.9998294115066528
1,1,0.990208089351654
0,0,0.0030254018492996693
0,1,0.996479332447052
1,1,0.9902822971343994
0,0,4.4695392716676e-05
1,1,0.7747517228126526
0,0,0.01840757019817829
0,0,0.0466555580496788
1,1,0.9995661377906799
0,0,0.004629329312592745
0,0,0.02380174957215786
1,1,0.9998130202293396
1,0,0.39100074768066406
0,0,0.0011373352026566863
1,1,0.9436227679252625
1,1,0.9993042945861816
0,1,0.8902992606163025
1,1,0.9999524354934692
1,1,0.99998939037323
1,1,0.9938337802886963
0,0,0.0036172037944197655
0,0,0.007273026742041111
1,1,0.9818263053894043
0,0,0.006978977005928755
1,1,0.9968447685241699
0,0,0.005877765826880932
0,0,0.0004571625031530857
1,1,0.9988381266593933
0,0,0.022195223718881607
0,0,4.461620846996084e-06
0,0,0.1568799763917923
0,0,0.11492951959371567
0,0,0.005268815439194441
1,1,0.7588001489639282
0,0,0.0005812376039102674
1,1,0.9911901950836182
0,0,0.03303239867091179
0,0,2.1593794372165576e-05
1,1,0.978864312171936
1,1,0.9985044002532959
1,1,0.9892143607139587
0,1,0.9777595400810242
1,1,0.9542036056518555
0,0,0.0029159383848309517
0,0,0.16071932017803192
0,0,0.000886534049641341
1,1,0.7217771410942078
1,1,0.9980853796005249
0,0,0.010051339864730835
0,1,0.7516517639160156
1,1,0.9999407529830933
1,1,0.9834234714508057
0,0,0.039529625326395035
1,1,0.9997820258140564
1,1,0.5148926377296448
0,0,1.5816017366887536e-06
1,1,0.9998192191123962
0,0,0.2351522296667099
0,0,0.0024946420453488827
0,0,0.05794734135270119
1,1,0.9745116233825684
1,1,0.9799937009811401
0,0,0.0005758370389230549
1,1,0.9949097037315369
0,0,0.001319466857239604
0,0,0.0001927153061842546
0,0,0.0003649609279818833
1,1,0.9778808355331421
0,0,0.006957618519663811
1,1,0.9971946477890015
1,1,0.9893150329589844
1,1,0.9636300802230835
1,1,0.9989796280860901
0,0,2.9387054382823408e-05
1,1,0.9987066984176636
0,0,0.0007333625108003616
1,1,0.9995600581169128
0,0,0.004092032089829445
1,1,0.9924628734588623
0,0,0.0007128252764232457
1,1,0.7707559466362
1,1,0.9817540049552917
1,1,0.9921566247940063
1,1,0.9996335506439209
0,0,0.009051148779690266
1,1,0.9971238970756531
1,1,0.9996274709701538
0,0,0.0005714945727959275
0,0,0.00013506242248695344
0,0,0.0206429623067379
0,0,0.014657510444521904
1,1,0.9932664632797241
0,0,5.838283323100768e-05
0,0,6.275578925851732e-05
0,0,1.315253393840976e-05
1,1,0.9990399479866028
0,0,0.0034020014572888613
1,1,0.9940780401229858
0,0,0.0022489747498184443
1,1,0.9993951320648193
1,1,0.9992444515228271
1,1,0.9974352717399597
1,1,0.9904177784919739
0,0,0.04287393391132355
1,1,0.9985668063163757
1,1,0.9996139407157898
1,1,0.998988687992096
0,0,0.00025423223269172013
0,1,0.504594624042511
0,0,0.00226048706099391
0,1,0.6538916230201721
0,0,4.014390469819773e-06
0,0,0.00895051658153534
1,1,0.8184285163879395
1,1,0.853273332118988
0,0,2.476202826073859e-05
0,0,0.40579551458358765
1,1,0.9913883805274963
1,0,0.31185662746429443
0,0,0.31299352645874023
1,1,0.9693612456321716
0,0,0.0027587173972278833
1,1,0.8150042295455933
0,0,3.2825810194481164e-05
1,1,0.9994639754295349
1,1,0.6014048457145691
0,0,0.07840496301651001
0,0,0.0649733617901802
1,1,0.9997050166130066
1,1,0.9998865127563477
1,1,0.985008716583252
1,1,0.9987677335739136
1,1,0.9882500171661377
0,0,0.016900822520256042
0,0,0.09805714339017868
0,0,0.06031746044754982
1,1,0.9716953635215759
1,1,0.9998438358306885
1,1,0.9992644190788269
0,0,0.001542711048386991
0,0,0.007384767290204763
0,0,0.0006687816930934787
1,1,0.9985650181770325
0,0,0.00017570116324350238
1,1,0.995439350605011
1,1,0.9892723560333252
1,1,0.9947916269302368
1,1,0.9990229606628418
0,0,9.163815411739051e-05
0,0,0.002208302728831768
0,0,0.05364152789115906
1,1,0.6192426085472107
1,1,0.7354251742362976
1,1,0.9992617964744568
0,0,0.0012318509398028255
1,1,0.9971696734428406
1,1,0.537445068359375
1,1,0.9994308352470398
1,1,0.9987849593162537
1,1,0.9997250437736511
0,0,0.0006179858464747667
0,0,0.011474608443677425
1,1,0.9909992218017578
0,0,0.0006272209575399756
0,0,0.0023301190230995417
0,1,0.5790080428123474
0,0,1.0516366273805033e-05
1,1,0.9857154488563538
0,1,0.9416868686676025
1,1,0.9985029697418213
1,1,0.9850330948829651
0,1,0.9706342816352844
1,1,0.9458886981010437
1,1,0.9996019005775452
0,0,0.00586146954447031
0,1,0.9820941090583801
1,1,0.9999978542327881
1,1,0.9999129772186279
1,1,0.9913868308067322
1,1,0.9950567483901978
1,1,0.9994242191314697
0,1,0.795540988445282
0,0,0.0013114616740494967
1,1,0.99953293800354
0,1,0.8331815004348755
0,0,0.0006462535238824785
0,0,0.08178384602069855
1,1,0.999995231628418
1,1,0.9739447832107544
1,1,0.9998180270195007
1,1,0.9888079762458801
1,1,0.9925990104675293
0,0,0.0001496111071901396
1,1,0.9915388226509094
0,0,0.00015013372467365116
1,1,0.9749742150306702
1,1,0.9256334900856018
0,0,0.011494345963001251
1,1,0.941031813621521
1,1,0.9999758005142212
0,0,0.04314710572361946
1,1,0.9999990463256836
1,1,0.9995331764221191
1,1,0.6307076811790466
1,1,0.9997469782829285
1,1,0.9979678988456726
0,0,0.1511058658361435
0,0,5.493725893757073e-06
0,0,0.00557476282119751
0,0,0.0019551038276404142
1,1,0.9295575618743896
0,0,0.005421173293143511
0,0,0.0036894825752824545
1,1,0.9446293711662292
1,1,0.9999566078186035
1,1,0.9869145750999451
0,0,2.7189009415451437e-05
1,1,0.9994561076164246
1,1,0.998941957950592
1,1,0.9999316930770874
1,0,0.0012119885068386793
1,1,0.9976179003715515
0,0,0.09053057432174683
0,0,0.024088041856884956
0,0,0.00010092550655826926
0,0,0.2115173041820526
1,1,0.8398464322090149
1,1,0.998446524143219
0,0,0.06572550535202026
0,0,0.0006952598923817277
0,0,0.0020738127641379833
1,1,0.9998612403869629
1,1,0.9999809265136719
1,1,0.9975690245628357
1,1,0.9996036887168884
1,1,0.8800832033157349
0,0,4.0502841329725925e-06
1,1,0.9988346695899963
1,1,0.9998071789741516
0,1,0.7734848260879517
1,1,0.9921523928642273
1,1,0.9966890215873718
1,1,0.9999805688858032
1,1,0.999907374382019
0,0,0.0014403900131583214
0,1,0.517320454120636
0,0,0.0022694296203553677
0,0,0.0011659568408504128
1,1,0.5135108828544617
0,0,0.17696312069892883
0,0,0.0009946076897904277
1,1,0.9999986886978149
1,1,0.9843860268592834
1,1,0.9995074272155762
1,1,0.9998637437820435
0,0,0.001476638950407505
1,1,0.8816277980804443
0,0,9.898420103127137e-05
0,0,0.07835108786821365
0,0,0.0011717421002686024
0,0,0.09015706181526184
1,1,0.9962025284767151
1,1,0.9967330694198608
1,1,0.9997949004173279
1,1,0.9962472319602966
0,0,6.76599593134597e-05
0,1,0.7559415698051453
1,1,0.9998692274093628
1,1,0.7778632640838623
1,1,0.9302273392677307
0,0,0.0010088311973959208
1,1,0.9987905621528625
1,1,0.9994266033172607
0,0,0.006443881895393133
1,1,0.999643087387085
1,1,0.9988042116165161
0,0,0.13996247947216034
0,0,3.058328729821369e-05
0,0,0.0023674694821238518
0,0,0.008123098872601986
1,1,0.9996501207351685
0,0,0.04059524089097977
1,1,0.9998341798782349
1,1,0.9999662637710571
1,1,0.9998971223831177
0,1,0.8161171078681946
1,1,0.9989938139915466
0,0,0.3674917221069336
0,0,0.0006336361402645707
1,1,0.999334990978241
1,1,0.9995997548103333
0,0,0.03362755477428436
0,1,0.9000892043113708
0,0,0.004414642229676247
1,1,0.9918065071105957
1,1,0.5832622051239014
1,1,0.8591335415840149
1,1,0.9088222980499268
1,1,0.9621193408966064
1,1,0.9979388117790222
1,0,0.4223298728466034
1,1,0.9985840320587158
1,1,0.9990766048431396
1,1,0.9999692440032959
1,1,0.9998564720153809
1,1,0.996593177318573
1,1,0.996531069278717
1,1,0.9999732971191406
0,0,0.18436016142368317
0,0,0.0020455459598451853
1,1,0.9999879598617554
0,0,0.38536515831947327
1,1,0.9999980926513672
1,1,0.9999871253967285
1,1,0.9999538660049438
0,0,0.01518914196640253
1,1,0.9989975094795227
0,0,0.007078640628606081
1,1,0.9999078512191772
0,0,1.274110985605148e-07
0,0,0.00014787301188334823
1,1,0.8150830864906311
1,1,0.6270691156387329
0,0,0.10025240480899811
0,0,0.343934565782547
0,0,6.218987982720137e-05
0,0,0.015617876313626766
0,0,0.0020338150206953287
0,0,0.4200918674468994
0,0,0.0005083316355012357
1,1,0.9716113805770874
1,1,0.6482012271881104
1,0,0.2673399746417999
0,0,0.006550314370542765
0,0,0.002604750683531165
0,0,8.943740249378607e-05
0,0,0.0003601178468670696
1,1,0.9955779314041138
1,1,0.9724805951118469
0,1,0.51906818151474
0,0,0.003930356353521347
0,0,0.00021772577019874007
0,0,0.0018039294518530369
0,0,5.745476300944574e-06
1,1,0.8788525462150574
1,1,0.977044403553009
1,1,0.998055100440979
1,1,0.9912010431289673
1,1,0.9347923994064331
0,0,0.003657451132312417
1,1,0.9968960285186768
0,0,0.00026518781669437885
1,1,0.998195230960846
1,1,0.9997612833976746
0,0,0.003066142788156867
0,0,0.00045136845437809825
0,0,0.0027021022979170084
1,1,0.9999823570251465
1,1,0.9999762773513794
1,1,0.9848346710205078
0,0,0.012958225794136524
0,0,0.00044183776481077075
0,0,5.1870483730454e-05
0,0,0.06622225046157837
0,0,3.310017200419679e-05
1,1,0.8716959357261658
1,1,0.9983275532722473
1,1,0.9854024648666382
0,0,0.00026080087991431355
0,0,0.15772905945777893
0,0,1.1235891179239843e-05
0,0,0.002420704113319516
1,1,0.9677074551582336
1,1,0.9999674558639526
1,1,0.9984126091003418
1,1,0.9999786615371704
1,1,0.9972236156463623
0,0,7.64193737268215e-06
0,0,0.002170644933357835
1,1,0.9995772242546082
1,1,0.9999439716339111
1,1,0.9999966621398926
1,0,0.04442114755511284
0,0,0.034329384565353394
0,0,0.0021242431830614805
0,1,0.5453629493713379
1,1,0.9824643731117249
1,1,0.9999501705169678
1,1,0.9722198843955994
0,0,0.3674594461917877
0,0,0.0001189639006042853
0,0,0.03184710070490837
1,1,0.8574286699295044
1,1,0.9999988079071045
1,1,0.9997114539146423
0,0,0.036055367439985275
1,1,0.9997816681861877
1,1,0.89537113904953
1,1,0.9971011281013489
1,1,0.9999961853027344
1,1,0.8298431634902954
1,1,0.99988853931427
0,0,3.425430986681022e-05
0,0,1.3053180737188086e-05
0,0,0.0671786367893219
0,0,0.09020534157752991
0,0,5.371856332203606e-06
0,0,0.0008310636039823294
0,0,0.003976770211011171
0,0,7.648727478226647e-05
1,1,0.9998681545257568
0,0,0.0015030953800305724
1,1,0.9998263716697693
0,0,0.03840164095163345
0,0,0.23727379739284515
0,0,0.2906179130077362
0,0,0.005470636300742626
0,0,8.727332897251472e-05
0,0,0.00025499644107185304
0,0,5.0453203584766015e-05
0,0,0.00084292097017169
0,0,0.0367528535425663
1,1,0.9986051917076111
1,1,0.7870606184005737
1,1,0.9969547986984253
0,0,0.0014320447808131576
1,1,0.9947592616081238
1,1,0.6126615405082703
1,1,0.999995231628418
1,1,0.9983966946601868
1,1,0.9999284744262695
1,1,0.9999980926513672
0,0,0.00046295777428895235
1,1,0.998206615447998
1,1,0.9664912819862366
1,1,0.9998252987861633
1,1,0.9998623132705688
1,1,0.9969171285629272
1,1,0.9999058246612549
1,1,0.9967888593673706
0,0,0.0003071925602853298
0,0,0.0001243199221789837
0,0,2.0803692677873187e-05
0,0,0.0003307859878987074
1,1,0.9983336329460144
0,0,0.02078818529844284
0,0,0.00015896237164270133
0,1,0.8616810441017151
0,0,0.04347760230302811
0,0,0.0033290155697613955
1,1,0.9997603297233582
0,0,0.18948405981063843
0,0,3.960383037338033e-05
0,0,0.020943904295563698
0,0,0.0015802206471562386
0,0,8.221664029406384e-05
1,1,0.9999858140945435
0,0,0.0018017414258792996
1,1,0.9998438358306885
1,1,0.9809541702270508
0,0,0.00014595635002478957
1,1,0.9998020529747009
0,0,0.020483598113059998
1,1,0.5913768410682678
0,0,0.06598562747240067
1,1,0.9616526961326599
0,0,0.026599712669849396
0,0,0.002326430520042777
1,1,0.8992917537689209
1,1,0.9953008890151978
1,1,0.9968074560165405
0,0,0.0028754835948348045
1,1,0.999985933303833
0,0,0.00011801526125054806
0,0,8.181039447663352e-06
0,0,0.00048657297156751156
0,0,5.484903522301465e-05
0,1,0.6293534636497498
1,1,0.965576708316803
0,0,9.731184400152415e-05
0,0,1.4092130186327267e-05
0,0,0.0004920545616187155
0,0,0.03241671994328499
1,1,0.9993264675140381
0,0,2.9233151508378796e-05
1,1,0.9987964630126953
0,0,0.00964866392314434
1,1,0.8540146350860596
1,1,0.9998347759246826
1,1,0.9990572333335876
0,0,0.0001347518846159801
0,0,0.3724486827850342
0,0,0.016811849549412727
1,1,0.5853429436683655
1,1,0.9336117506027222
1,1,0.9992243051528931
1,0,0.1857936978340149
0,0,0.0001403582573402673
1,0,0.3970177173614502
1,1,0.9906060099601746
1,1,0.945564866065979
0,0,0.028070930391550064
0,0,6.622482942475472e-06
1,1,0.9950571060180664
0,0,0.022878330200910568
0,0,0.0005690711550414562
1,1,0.9996566772460938
1,1,0.6655747294425964
0,0,0.002517369110137224
0,0,0.035644933581352234
0,0,1.3466256859828718e-05
0,0,0.07556653767824173
1,1,0.9999366998672485
0,0,0.010377069935202599
1,1,0.9977766871452332
0,0,0.0004673335934057832
1,1,0.7175062298774719
1,1,0.9427100419998169
1,1,0.999987006187439
1,1,0.9986273050308228
1,1,0.9922770261764526
1,1,0.9975256323814392
0,1,0.918063223361969
1,1,0.9999459981918335
0,0,0.00011515903315739706
0,0,0.005567421671003103
0,0,1.0977918464050163e-05
0,0,0.0013095625909045339
1,1,0.9999669790267944
1,1,0.9143800735473633
0,0,1.3412582120508887e-06
0,0,0.0018644753145053983
1,1,0.9940090179443359
1,1,0.9171116948127747
0,0,2.610127739899326e-05
0,0,5.667124014507863e-07
1,1,0.9960527420043945
1,1,0.999823272228241
0,0,0.0006221682415343821
1,1,0.997525155544281
0,0,0.001456838333979249
1,1,0.9999821186065674
0,0,0.0006771055050194263
0,0,8.43114175950177e-05
1,1,0.99988853931427
0,0,6.585751634702319e-06
1,1,0.9994046688079834
1,1,0.9981709718704224
1,0,0.364884614944458
1,1,0.7568690180778503
1,1,0.9989117383956909
1,1,0.9987139701843262
1,1,0.9999953508377075
1,1,0.9964159727096558
1,1,0.9992496371269226
1,1,0.969123363494873
1,1,0.9998000264167786
1,1,0.9978010058403015
0,0,0.01057635061442852
0,0,0.001236477866768837
0,0,0.0006060003652237356
1,1,0.9995198249816895
1,1,0.9089941382408142
0,0,0.4004249572753906
0,0,0.004616293590515852
1,1,0.9989542961120605
1,1,0.9999531507492065
1,1,0.9999909400939941
1,1,0.9999929666519165
0,0,0.010583148337900639
1,1,0.9999854564666748
1,1,0.9981023669242859
1,1,0.9999747276306152
0,0,0.08021379262208939
1,1,0.9872146844863892
0,0,0.006928023882210255
0,0,0.0525519885122776
0,0,0.0005484515568241477
0,0,0.000564528105314821
1,1,0.9665423035621643
1,1,0.976250946521759
1,1,0.9997562766075134
0,0,0.019597835838794708
1,1,0.9982796907424927
1,1,0.9505115151405334
1,1,0.9983194470405579
0,0,0.01336695346981287
1,1,0.9250920414924622
1,1,0.9198284149169922
1,0,0.34670424461364746
1,1,0.9992483258247375
1,1,0.9682935476303101
0,0,0.008521453477442265
0,0,6.482877779490082e-06
0,0,0.01884295605123043
1,1,0.9983829259872437
1,1,0.9679292440414429
1,1,0.9985221028327942
1,1,0.9872118830680847
1,1,0.9921350479125977
1,1,0.9962222576141357
0,0,0.010346479713916779
1,1,0.923701822757721
1,1,0.990698516368866
0,0,0.00014795114111620933
1,1,0.9970406889915466
0,0,0.017380785197019577
0,0,0.01038165483623743
1,1,0.9984307885169983
0,0,0.0021748729050159454
1,1,0.9994319081306458
1,1,0.9890180826187134
0,0,0.001757437246851623
1,1,0.9500914216041565
0,0,0.024187372997403145
1,1,0.9993205070495605
1,1,0.9995656609535217
1,1,0.9997835755348206
1,1,0.9999808073043823
0,0,0.12135534733533859
0,0,0.00017379369819536805
0,0,0.007378656417131424
1,1,0.999904990196228
0,1,0.6023800373077393
0,0,7.884990918682888e-05
1,1,0.9987014532089233
1,1,0.999401330947876
0,0,6.586769814020954e-06
0,0,0.00010628301970427856
1,1,0.9614054560661316
1,1,0.9999392032623291
1,1,0.9989074468612671
1,1,0.9999192953109741
0,0,0.0020787804387509823
0,0,0.16205233335494995
0,0,0.001601271447725594
0,0,0.008635608479380608
0,0,0.0004484047240111977
0,0,0.00014673570694867522
1,1,0.999997615814209
1,1,0.9999878406524658
1,1,0.9999574422836304
0,0,0.006649967283010483
0,1,0.9138455986976624
1,1,0.9902571439743042
1,0,0.21954281628131866
1,1,0.7400397658348083
0,0,0.32187363505363464
1,1,0.9925107955932617
0,0,1.2933962352690287e-05
1,1,0.9962953925132751
1,1,0.8374492526054382
1,1,0.9959738850593567
1,1,0.9999159574508667
1,1,0.9997743964195251
1,1,0.9998466968536377
0,0,7.337507668125909e-06
1,1,0.9977366924285889
0,0,0.02610010839998722
1,1,0.9188417196273804
0,0,0.009586290456354618
0,0,0.0010886099189519882
1,1,0.9999538660049438
1,1,0.9991558790206909
1,1,0.9968642592430115
0,1,0.5477467179298401
1,1,0.9985781908035278
1,1,0.9802206754684448
1,1,0.9955411553382874
1,1,0.9999812841415405
1,1,0.9798300266265869
1,1,0.9987918734550476
1,1,0.9669701457023621
1,1,0.9980827569961548
1,1,0.9999675750732422
1,1,0.9789576530456543
1,1,0.9999709129333496
0,0,0.0007148456643335521
0,0,0.3801346719264984
1,1,0.9998735189437866
1,1,0.9401840567588806
1,1,0.9990227222442627
1,1,0.9818939566612244
0,0,0.002153251087293029
1,1,0.9997087121009827
0,0,0.0006100568571127951
1,1,0.9997784495353699
1,1,0.9993084669113159
1,1,0.9141035079956055
0,0,0.25136250257492065
1,1,0.999996542930603
0,0,0.0004034539160784334
0,0,0.10662827640771866
1,1,0.9985144734382629
0,0,0.07300790399312973
1,1,0.9358684420585632
0,0,0.005566445179283619
0,0,0.014720387756824493
1,1,0.9900686144828796
1,1,0.843974769115448
1,1,0.9999475479125977
0,0,0.009319314733147621
1,1,0.9991686344146729
1,1,0.9370598196983337
1,1,0.9999704360961914
0,0,2.4777098587946966e-05
1,1,0.9763919711112976
1,1,0.9982205033302307
0,0,2.299532206961885e-05
0,0,0.04078220948576927
0,0,5.6985194532899186e-05
1,1,0.9999518394470215
1,1,0.9999911785125732
1,1,0.9999829530715942
0,0,2.7764566766563803e-05
1,1,0.6966946125030518
0,0,6.767559625586728e-06
1,1,0.8079100251197815
1,1,0.9935046434402466
1,1,0.9981282353401184
0,1,0.611253023147583
1,1,0.9880903959274292
1,1,0.9993732571601868
0,0,0.09618836641311646
1,1,0.7328691482543945
1,1,0.9920679330825806
1,1,0.5525555610656738
0,0,0.1984488070011139
0,0,0.0033390771131962538
0,0,0.028610488399863243
0,1,0.5767782926559448
1,1,0.9998311996459961
0,0,0.0035948543809354305
1,1,0.9818143248558044
0,0,0.00013514615420717746
0,0,0.0002833390608429909
0,1,0.9293511509895325
1,1,0.8904224038124084
0,0,0.1284368336200714
1,1,0.9999971389770508
0,0,0.020018426701426506
0,0,6.02154477746808e-06
1,1,0.9975168704986572
1,1,0.9775928854942322
1,1,0.9544161558151245
1,1,0.9977403879165649
1,1,0.9995934367179871
1,1,0.9988551139831543
1,1,0.9949386119842529
1,1,0.9943941831588745
0,0,1.0201810255239252e-05
0,0,0.001193945063278079
0,0,0.0001754649420036003
1,1,0.9406644105911255
0,0,0.00379197602160275
0,0,0.00011477139196358621
1,1,0.9016122817993164
1,1,0.9999294281005859
1,1,0.9992572665214539
1,1,0.697060763835907
1,1,0.9992783665657043
1,1,0.9995580315589905
0,0,0.04323158040642738
1,1,0.9999512434005737
1,1,0.9894380569458008
0,0,0.004875015467405319
1,1,0.9999524354934692
1,1,0.9996440410614014
0,0,0.4934089779853821
0,0,0.009237777441740036
1,1,0.5500695705413818
1,1,0.9887901544570923
1,1,0.995028555393219
0,0,0.002657778561115265
1,1,0.9996576309204102
1,1,0.9998546838760376
0,0,0.001155881560407579
1,1,0.9365145564079285
0,0,0.0017825084505602717
1,1,0.8388950824737549
1,1,0.8305355906486511
1,1,0.9996820688247681
0,0,7.781603198964149e-05
1,1,0.9999990463256836
0,1,0.9025319218635559
1,1,0.9780532121658325
1,1,0.9650134444236755
1,0,0.3191980719566345
1,0,0.12432359158992767
1,1,0.9972851276397705
1,1,0.9989526271820068
1,1,0.7865686416625977
1,1,0.9511350393295288
1,1,0.9992794394493103
0,0,7.834111784177367e-06
1,1,0.9997215867042542
1,1,0.9957334399223328
1,1,0.9500044584274292
1,1,0.9999366998672485
0,0,0.0002762279473245144
1,1,0.9953802824020386
1,1,0.9999815225601196
1,1,0.9712252020835876
0,0,0.0008444278500974178
0,0,8.415108459303156e-05
0,0,0.0004163450503256172
0,0,0.004213068634271622
0,0,0.0003258211072534323
1,1,0.9991913437843323
0,0,0.002287629060447216
1,1,0.9965242743492126
0,0,0.0051199602894485
1,1,0.9897584915161133
1,1,0.999683141708374
1,1,0.9845704436302185
0,0,1.3956728253106121e-05
0,0,7.752857345622033e-05
1,1,0.9996716976165771
1,1,0.9997307658195496
1,1,0.9998422861099243
1,1,0.8872807025909424
0,0,7.300276593014132e-06
0,0,0.001527980319224298
0,0,0.13174790143966675
0,0,0.007646413054317236
1,1,0.9950241446495056
0,0,6.226732512004673e-05
1,1,0.6975445747375488
1,1,0.9999539852142334
0,0,0.017541412264108658
0,0,0.26346078515052795
0,0,0.0006822888972237706
1,1,0.9999066591262817
1,1,0.9996809959411621
1,1,0.9900820851325989
1,1,0.9999971389770508
1,1,0.996288537979126
0,0,0.025561347603797913
1,1,0.6877835392951965
0,0,0.0034601057413965464
1,1,0.9964969754219055
1,1,0.9993901252746582
0,0,0.03485874831676483
1,1,0.9940074682235718
1,1,0.9853135943412781
1,1,0.9945818781852722
1,1,0.9977679252624512
1,0,0.4082486629486084
1,1,0.9974977374076843
0,0,0.08174498379230499
1,1,0.9930683374404907
0,1,0.7777044773101807
1,1,0.9043350219726562
0,0,0.1788387894630432
0,0,0.000422604352934286
1,1,0.9988294243812561
1,1,0.9999818801879883
0,0,0.3960827589035034
1,1,0.9439085721969604
0,0,0.015531889162957668
1,1,0.9940195083618164
1,1,0.9931245446205139
0,0,0.004343309905380011
1,1,0.9998346567153931
0,0,0.0006244947435334325
1,1,0.9999990463256836
1,1,0.9999552965164185
1,1,0.9902310967445374
1,1,0.9962390661239624
1,1,0.9999864101409912
0,0,0.0003005739417858422
0,0,0.01553886104375124
0,0,0.00021444133017212152
1,1,0.99998939037323
0,0,0.44250980019569397
1,1,0.9962992072105408
1,1,0.9999971389770508
1,0,0.15618351101875305
0,0,0.013128750957548618
0,0,0.04034135863184929
0,0,0.00012241691001690924
0,0,0.0006110441172495484
0,0,0.011260348372161388
0,0,0.1303606629371643
0,0,0.39263400435447693
0,0,0.0001426278322469443
0,0,1.5799216271261685e-05
0,0,6.796632987970952e-06
1,1,0.9845033884048462
1,1,0.9977942705154419
1,1,0.9036876559257507
0,0,0.0005334896850399673
1,1,0.8529090881347656
1,1,0.9983227849006653
1,1,0.9977356195449829
0,0,0.0006984343635849655
0,0,0.02085876278579235
1,1,0.9048760533332825
1,0,0.007089275401085615
1,1,0.9854171872138977
1,1,0.999765932559967
1,1,0.9965993762016296
0,1,0.8827740550041199
0,0,8.048446943575982e-06
0,0,0.004626690875738859
1,1,0.9131761789321899
1,1,0.9856860041618347
1,1,0.9840898513793945
1,1,0.9996421337127686
1,0,0.13724683225154877
1,0,0.0026958519592881203
1,1,0.9903779029846191
0,0,0.0007579001248814166
1,1,0.9987677335739136
0,0,0.0003158964682370424
1,1,0.8761191964149475
1,1,0.9958063364028931
0,0,0.002538710832595825
0,1,0.904438853263855
1,1,0.983285129070282
1,1,0.8293486833572388
1,1,0.8405854105949402
1,1,0.9467716813087463
0,0,2.186081292165909e-05
1,1,0.9976673722267151
0,1,0.9503046274185181
1,1,0.9954534769058228
1,1,0.9983229041099548
0,0,0.007791893091052771
0,0,0.006871387828141451
1,1,0.9489915370941162
1,1,0.9974531531333923
1,1,0.9327285289764404
1,1,0.997929573059082
1,1,0.9971627593040466
1,1,0.9999268054962158
0,0,0.02423432096838951
0,1,0.7494161128997803
1,1,0.989785373210907
0,0,0.004502472933381796
1,1,0.9902892112731934
0,0,0.00019262895511928946
0,0,0.24934309720993042
1,1,0.8104611039161682
0,0,0.0005825631669722497
0,0,0.4081794321537018
1,1,0.9956465363502502
0,0,0.0020065323915332556
1,1,0.9927098751068115
0,0,0.0007998518995009363
1,1,0.9836534261703491
1,1,0.9788966774940491
1,1,0.9980598092079163
1,1,0.9978815913200378
1,1,0.996595561504364
1,1,0.9997051358222961
1,1,0.9227254986763
0,0,0.02241610921919346
0,0,0.0005478645325638354
0,0,0.02977454848587513
1,1,0.9949883222579956
1,1,0.9936732053756714
1,1,0.9950854182243347
1,1,0.743876039981842
1,1,0.999955415725708
0,0,0.08588152378797531
0,1,0.5088860988616943
1,1,0.8176769018173218
1,1,0.9923572540283203
1,1,0.9970899820327759
1,1,0.9887834191322327
1,1,0.9987437129020691
1,1,0.982711136341095
1,1,0.9995998740196228
1,1,0.9477254748344421
0,0,0.030712518841028214
1,1,0.9996991157531738
1,0,0.48100659251213074
0,0,0.06558415293693542
0,0,0.0635620728135109
1,1,0.6301792860031128
1,1,0.9983684420585632
1,1,0.9926939010620117
1,1,0.995543897151947
1,1,0.9995273351669312
1,1,0.9996634721755981
1,1,0.9978528022766113
0,0,0.00044722328311763704
1,1,0.9963460564613342
1,1,0.9972174167633057
0,1,0.5369300842285156
1,0,0.0017204987816512585
1,1,0.9998984336853027
1,1,0.9974610805511475
1,0,0.07688815891742706
0,0,0.0035839600022882223
1,1,0.9906010627746582
1,1,0.9992139339447021
1,1,0.9959213733673096
1,1,0.9542128443717957
0,0,0.0038516258355230093
0,0,0.0002603032917249948
0,0,0.061186838895082474
1,0,0.3805234730243683
1,1,0.8820685744285583
1,1,0.9507491588592529
0,1,0.6162822246551514
1,1,0.689500629901886
0,0,0.041563380509614944
0,0,0.0013185687130317092
0,0,0.002459800336509943
1,1,0.9999144077301025
1,1,0.9629930257797241
1,1,0.9980012774467468
1,1,0.9992157220840454
1,1,0.9983920454978943
0,0,0.00025247011217288673
1,1,0.9980360865592957
0,0,0.0006409052293747663
1,1,0.9999997615814209
0,0,0.05477872118353844
0,0,4.5356933696893975e-05
1,1,0.9976218342781067
0,0,0.0015980333555489779
1,1,0.998664140701294
1,1,0.9966354966163635
0,0,7.08524530637078e-05
0,0,0.10078687965869904
1,1,0.9998935461044312
0,0,0.05685679614543915
0,0,0.2768368422985077
1,1,0.9431796669960022
0,0,0.0023884009569883347
0,0,0.4230743944644928
1,1,0.9968687891960144
0,0,0.1026739627122879
1,1,0.9999978542327881
0,1,0.9725826382637024
0,0,0.02419413812458515
0,0,0.013940436765551567
0,0,0.18740470707416534
0,0,0.06814271956682205
0,0,3.004389782290673e-06
1,1,0.8850117921829224
1,1,0.9631931185722351
0,0,0.0024486130569130182
1,1,0.9999860525131226
1,1,0.9985344409942627
1,1,0.9999710321426392
0,0,0.07473712414503098
0,0,0.006675033364444971
1,1,0.994897186756134
0,0,0.12392687052488327
1,1,0.9743125438690186
0,0,0.0023580503184348345
0,0,0.1476493924856186
1,1,0.9998492002487183
0,0,0.11662610620260239
0,0,0.0004913177690468729
0,0,0.0026484618429094553
0,0,0.00040346794412471354
0,0,0.3362835645675659
1,1,0.9994148015975952
1,1,0.9990377426147461
1,1,0.9967093467712402
1,1,0.9967229962348938
1,1,0.9981970191001892
1,1,0.9999449253082275
1,1,0.9943713545799255
1,1,0.999782383441925
1,1,0.9976586103439331
1,1,0.5667166113853455
0,0,0.007326067890971899
0,0,0.005576034542173147
1,1,0.9999983310699463
1,1,0.995262622833252
1,1,0.9995716214179993
1,1,0.8588584661483765
0,0,0.07934129238128662
1,1,0.9767480492591858
1,1,0.9997617602348328
0,0,0.027563124895095825
1,0,0.12317747622728348
1,1,0.9999585151672363
0,0,0.0020207546185702085
0,0,0.010571196675300598
1,1,0.999503493309021
0,0,0.002806901466101408
1,1,0.9999796152114868
1,1,0.996075451374054
1,1,0.9993085861206055
1,1,0.9994995594024658
0,0,0.003654757048934698
1,1,0.9999294281005859
1,1,0.9996811151504517
1,1,0.9653942584991455
0,0,0.0006883623427711427
1,1,0.9403315186500549
1,1,0.8735847473144531
1,1,0.9955371618270874
1,1,0.9999285936355591
0,0,0.14373229444026947
1,1,0.9966503977775574
0,1,0.8818951845169067
1,1,0.999711811542511
1,1,0.9999637603759766
0,0,0.0037015967536717653
0,0,1.832827547332272e-05
1,0,0.3181019127368927
1,1,0.9999204874038696
1,1,0.9999521970748901
0,0,0.09724608808755875
0,0,0.010134022682905197
1,1,0.9950803518295288
1,1,0.9975002408027649
1,1,0.9554997086524963
1,1,0.9995330572128296
1,1,0.9983645081520081
1,1,0.9919573068618774
0,0,9.935147681972012e-05
1,1,0.8638821840286255
1,1,0.9982831478118896
0,0,0.005006405990570784
1,1,0.9999924898147583
0,0,0.07995515316724777
0,0,0.02807035855948925
0,0,0.0734943300485611
0,0,0.019304240122437477
1,1,0.6209309697151184
1,1,0.9950063228607178
1,1,0.9999905824661255
0,0,0.0025743821170181036
1,1,0.9999943971633911
1,1,0.5166603922843933
0,0,0.2253698855638504
0,0,0.00597504572942853
1,1,0.8411023616790771
0,0,0.0016287000617012382
0,1,0.6793217658996582
1,1,0.9991030693054199
1,1,0.9903008937835693
1,1,0.888879120349884
0,0,0.018574751913547516
1,1,0.9602292776107788
1,1,0.9677872061729431
0,0,0.003149682655930519
0,0,4.7864377847872674e-05
0,0,7.311594458769832e-07
0,0,0.017299067229032516
0,0,0.1973460465669632
0,0,0.008757810108363628
0,0,0.00040375281241722405
0,0,0.0025753630325198174
1,1,0.9932048320770264
0,0,9.425669304619078e-06
1,1,0.9999988079071045
1,1,0.9943558573722839
1,1,0.9996969699859619
0,0,0.005338970106095076
0,0,0.3356112241744995
1,1,0.9863719344139099
1,1,0.9999728202819824
1,1,0.9934374690055847
1,1,0.999908447265625
1,1,0.9998055100440979
1,1,0.9992663264274597
1,1,0.9960395097732544
0,0,3.967394604842411e-06
0,0,0.0002912395284511149
1,1,0.999915599822998
1,1,0.9825688600540161
1,1,0.9981610178947449
1,1,0.9999513626098633
0,0,0.014640537090599537
1,1,0.9670959711074829
0,0,0.00040744300349615514
0,1,0.6540199518203735
1,1,0.9999662637710571
1,1,0.970505952835083
1,1,0.650771975517273
1,1,0.9992780089378357
1,1,0.9999701976776123
0,0,0.39348354935646057
0,0,0.0009373659268021584
1,0,0.11956317722797394
1,1,0.9985367059707642
0,0,0.006105256732553244
1,1,0.9942200183868408
1,1,0.9618679285049438
1,1,0.9994572997093201
0,0,0.029309701174497604
0,0,0.006540525704622269
1,1,0.9860703349113464
0,0,0.02826426550745964
1,1,0.9905733466148376
1,1,0.9884428381919861
1,1,0.9997938275337219
1,1,0.9931689500808716
1,1,0.9980498552322388
1,1,0.9996606111526489
1,1,0.9982519745826721
1,1,0.7452959418296814
0,0,0.0001697789557510987
1,1,0.9997158646583557
0,0,0.002253026934340596
0,0,0.00020964468421880156
1,1,0.999427855014801
1,1,0.9902191758155823
1,1,0.9996898174285889
1,1,0.9869608879089355
1,1,0.5469756722450256
0,0,0.0013989966828376055
1,1,0.9445149898529053
1,1,0.8268195986747742
0,0,0.14802482724189758
0,0,2.8846085115219466e-05
0,0,0.07327732443809509
0,0,0.32748568058013916
0,0,0.43878310918807983
0,0,0.000203227304155007
0,0,0.00020867088460363448
0,1,0.9342694282531738
1,1,0.9995761513710022
0,0,0.00013339075667317957
0,0,0.0670090764760971
0,0,0.11586061865091324
1,1,0.9996442794799805
0,0,0.0001727589260553941
1,1,0.6826372146606445
1,1,0.9898067116737366
1,1,0.9995546936988831
1,1,0.9998511075973511
1,0,0.08157375454902649
1,1,0.9999676942825317
0,0,0.0015459072310477495
1,1,0.9923025369644165
1,1,0.8892410397529602
1,1,0.9987083673477173
0,0,0.0007153562037274241
1,1,0.9959492683410645
0,0,3.0559831429854967e-06
1,1,0.9931723475456238
1,1,0.992380678653717
1,1,0.6866310834884644
0,0,0.0012991614639759064
0,0,0.0002536078682169318
0,0,0.002693100832402706
0,0,0.05063466355204582
1,1,0.9993582367897034
0,0,0.003066577250137925
0,0,0.1602928638458252
1,1,0.7165812253952026
0,0,0.013753420673310757
1,1,0.9911045432090759
1,1,0.9915302991867065
1,1,0.955411970615387
0,0,0.00948314554989338
0,0,0.0002639447629917413
1,1,0.9543848037719727
1,1,0.9999547004699707
0,0,0.01712200790643692
1,1,0.999626874923706
1,1,0.9999219179153442
1,1,0.9608945846557617
1,1,0.9596211314201355
0,0,0.010012914426624775
0,0,0.006361952051520348
0,0,0.029039930552244186
1,1,0.9975540041923523
1,1,0.9999833106994629
0,0,0.18664778769016266
0,0,0.0019124873215332627
0,0,0.11398127675056458
0,0,0.0516921728849411
0,0,0.0023755524307489395
0,0,0.011646055616438389
0,0,0.0010971772717311978
1,1,0.8000994920730591
1,1,0.9964064955711365
1,1,0.9330050945281982
1,1,0.9999747276306152
1,1,0.9998225569725037
0,0,0.00025801133597269654
1,1,0.9892520308494568
1,1,0.5200725793838501
0,1,0.831509530544281
0,0,0.01016935519874096
0,0,0.004841761663556099
0,0,6.125422078184783e-05
1,1,0.5382004380226135
1,1,0.9555111527442932
1,1,0.9997308850288391
1,1,0.9792360663414001
0,0,0.0009095442364923656
1,1,0.9944170713424683
1,1,0.9998979568481445
1,1,0.999925971031189
1,1,0.9796319603919983
1,1,0.6140447854995728
1,1,0.9971129894256592
0,0,0.15515924990177155
0,0,0.34399786591529846
1,1,0.9977437257766724
1,1,0.7207385301589966
0,0,0.0001868778490461409
1,1,0.9666027426719666
0,0,0.002138868672773242
1,1,0.9816015958786011
0,0,0.0004031699209008366
0,0,0.11411211639642715
1,1,0.9903849363327026
0,0,0.03522256761789322
1,1,0.9987177848815918
0,0,0.009177528321743011
0,0,0.0013120839139446616
0,0,9.287842840421945e-05
1,1,0.9841470718383789
0,1,0.5925566554069519
0,0,0.00018073004321195185
0,0,0.026824742555618286
1,1,0.9585101008415222
1,1,0.9999921321868896
1,1,0.9961812496185303
1,1,0.941359281539917
1,1,0.9989389777183533
1,1,0.9835395812988281
1,1,0.9894350171089172
0,0,0.010843342170119286
0,0,0.10473853349685669
0,0,0.0012916924897581339
0,0,6.363508146023378e-05
0,0,0.0022441628389060497
1,1,0.9984675049781799
0,0,0.27060195803642273
1,1,0.9758496880531311
1,1,0.9565063118934631
1,1,0.999983549118042
1,1,0.9080200791358948
1,1,0.9995421171188354
1,1,0.9382905960083008
1,1,0.999868631362915
1,1,0.999108612537384
1,1,0.889837920665741
1,1,0.8708925843238831
0,0,0.057537078857421875
1,1,0.9980581402778625
1,1,0.9958400726318359
1,1,0.9994207620620728
1,1,0.9968469738960266
1,1,0.9967371821403503
1,1,0.9993306398391724
0,0,9.845513704931363e-05
0,0,0.025899481028318405
1,1,0.9993875026702881
1,1,0.9939298629760742
1,1,0.9990835189819336
0,0,0.05382503941655159
0,0,0.006202970165759325
0,0,0.0053247190080583096
1,1,0.9999140501022339
1,1,0.9999377727508545
1,1,0.9986967444419861
1,1,0.9763843417167664
0,0,0.0085787707939744
1,1,0.9999872446060181
1,1,0.9998737573623657
1,1,0.9996395111083984
1,1,0.9995249509811401
1,1,0.6942472457885742
0,0,0.0014378196792677045
1,1,0.995372474193573
1,1,0.991661548614502
1,1,0.9737778306007385
0,0,0.005826367065310478
0,0,0.00307396799325943
0,0,0.014669429510831833
0,0,0.0042934599332511425
0,0,0.010947602801024914
0,0,0.008516503497958183
1,1,0.9445009827613831
1,1,0.9747641682624817
0,0,0.1737532615661621
1,1,0.9997767806053162
1,1,0.9982001781463623
1,1,0.9998900890350342
0,0,0.05726006627082825
0,0,0.004796850960701704
1,1,0.9856566190719604
0,0,0.0012147912057116628
1,1,0.9992961883544922
0,0,6.580588524229825e-05
0,0,0.03610550984740257
0,0,0.052067115902900696
1,1,0.9999110698699951
0,0,0.0009239056962542236
1,1,0.9999022483825684
1,1,0.9979172348976135
1,1,0.9995511174201965
1,1,0.9998514652252197
0,0,0.0009002660517580807
0,0,0.00010936353646684438
1,1,0.9993908405303955
1,1,0.9892799258232117
1,1,0.9956852197647095
0,0,0.00013289079652167857
0,1,0.8562572002410889
0,0,0.3946212828159332
0,0,0.040966980159282684
0,0,0.0011690363753587008
0,0,0.0008554052910767496
1,1,0.9999755620956421
0,0,1.122052526625339e-05
0,0,0.020678313449025154
1,1,0.9834305047988892
1,1,0.9916257262229919
1,1,0.9927830696105957
0,0,0.00024843678693287075
0,0,0.0020595695823431015
1,1,0.9999372959136963
0,0,0.0014273041160777211
0,0,0.0015171762788668275
0,0,9.751631750987144e-07
1,1,0.7258554100990295
1,1,0.998097836971283
1,1,0.9997500777244568
1,1,0.9978739023208618
0,0,0.00024654081789776683
0,0,0.05318000540137291
1,1,0.7689226865768433
1,1,0.9999330043792725
0,1,0.5992947816848755
1,1,0.7314104437828064
0,0,4.111211637791712e-06
1,1,0.9094014167785645
0,0,1.8514312614570372e-05
0,0,0.00490100122988224
0,0,0.0003465651534497738
1,0,0.04442739859223366
0,0,0.0001949352299561724
1,1,0.9569455981254578
0,0,0.021991031244397163
0,0,0.18980666995048523
0,0,0.000483198236906901
0,0,0.040266312658786774
0,0,1.9769766367971897e-05
1,1,0.9996157884597778
0,0,3.5047611163463444e-05
1,1,0.9968459010124207
1,1,0.8236430883407593
0,0,0.0003816710377577692
1,1,0.9716208577156067
0,0,0.008262855932116508
1,1,0.9436261653900146
0,0,0.00033540272852405906
1,1,0.9937772750854492
0,0,0.3520124852657318
1,0,0.24632535874843597
0,0,0.3059083819389343
1,1,0.9979421496391296
0,0,0.05384204536676407
1,1,0.9978421926498413
0,0,0.024230273440480232
1,1,0.9832038879394531
1,1,0.9985159039497375
1,1,0.9412829279899597
0,0,0.35649019479751587
0,0,7.147330506995786e-06
0,0,3.492749237921089e-05
0,0,0.0025744664017111063
0,0,0.029541922733187675
0,0,0.0005248091765679419
1,1,0.9932714104652405
0,0,0.00313781900331378
1,1,0.9999843835830688
1,1,0.9913978576660156
0,0,0.0019270399352535605
0,1,0.5455852746963501
1,1,0.84174644947052
1,1,0.9994530081748962
1,1,0.999619722366333
1,1,0.9958866238594055
0,0,0.0701851025223732
1,1,0.999574601650238
1,1,0.9990983009338379
0,0,0.0021501898299902678
0,0,0.0004690489440690726
0,1,0.5752962827682495
0,0,0.00015984592027962208
1,1,0.9999715089797974
1,1,0.9999938011169434
0,0,0.003241352504119277
0,0,0.04264247044920921
1,1,0.9206987619400024
0,0,0.00020346771634649485
1,1,0.9993106126785278
0,0,0.0012817680835723877
1,1,0.9999972581863403
1,1,0.9246698617935181
1,1,0.9999792575836182
1,1,0.9998675584793091
0,0,0.16007976233959198
0,1,0.6339002251625061
0,0,2.8554162781802006e-05
0,0,1.562971192470286e-06
0,0,1.3924569429946132e-05
0,0,0.05012090876698494
0,0,0.0851493775844574
0,0,0.027392616495490074
1,1,0.9999160766601562
0,0,0.00033212799462489784
1,1,0.9999189376831055
0,0,0.0003612077562138438
0,0,0.3499733507633209
1,1,0.9999980926513672
0,0,0.00011098603863501921
0,1,0.5712859630584717
1,1,0.9997941851615906
0,0,0.01920401304960251
1,1,0.9965730905532837
0,0,0.003168398281559348
0,0,0.11301395297050476
0,0,0.0004200703406240791
0,0,9.488784417044371e-05
1,1,0.9948377013206482
1,1,0.99998939037323
0,0,0.00018799753161147237
1,1,0.9995672106742859
1,1,0.8265819549560547
1,1,0.9999934434890747
1,1,0.9996768236160278
0,0,0.0011022393591701984
1,1,0.9931806325912476
0,0,0.12022461742162704
0,0,6.104219937697053e-05
0,1,0.9085524082183838
1,1,0.9997900128364563
1,1,0.999575674533844
0,0,0.0061962781473994255
0,0,0.00176068430300802
1,1,0.9999634027481079
1,1,0.9999986886978149
1,1,0.9799364805221558
1,1,0.9997345805168152
1,1,0.9998517036437988
1,1,0.9998841285705566
1,1,0.984265923500061
1,1,0.9800214171409607
1,1,0.9998571872711182
1,1,0.9999891519546509
1,1,0.9415180087089539
1,1,0.9998736381530762
0,0,0.3575592041015625
1,1,0.9997021555900574
0,0,0.23381054401397705
1,1,0.9999756813049316
0,0,0.00034445084747858346
0,0,0.0008829768630675972
0,0,0.0059486860409379005
1,1,0.9619339108467102
1,1,0.998829185962677
1,1,0.9995193481445312
1,1,0.9999966621398926
0,0,5.084814915790048e-07
1,1,0.9996132254600525
0,0,0.004832452163100243
1,1,0.9998990297317505
1,1,0.9943062663078308
1,1,0.999408483505249
1,1,0.9996273517608643
0,0,0.0006178103503771126
0,0,0.004184798337519169
1,1,0.9599631428718567
1,1,0.9911255240440369
0,0,1.796079800442385e-06
1,1,0.999302864074707
1,1,0.8956873416900635
1,1,0.9967988729476929
0,0,0.0016402502078562975
0,0,3.085561911575496e-05
0,0,0.023467836901545525
0,0,0.46544349193573
0,0,0.0005094560328871012
1,1,0.9986625909805298
0,0,0.003945931326597929
0,0,0.02836030162870884
1,0,0.4751702547073364
0,1,0.999984860420227
1,1,0.9629337787628174
0,0,7.379682210739702e-05
0,0,0.0012813385110348463
1,1,0.9999009370803833
1,1,0.9042640328407288
1,1,0.999834418296814
0,0,0.06570510566234589
1,1,0.8800580501556396
1,1,0.9996196031570435
1,1,0.9991555213928223
1,1,0.9925334453582764
0,0,0.14939071238040924
1,0,0.03292221575975418
1,1,0.9996711015701294
1,1,0.8620995283126831
1,1,0.9999946355819702
1,1,0.9829750657081604
1,1,0.9992082715034485
0,0,0.14252476394176483
0,0,0.00012211030116304755
1,1,0.9957578778266907
1,1,0.8314046859741211
1,1,0.9999918937683105
0,0,0.2517746686935425
0,0,0.051323119550943375
0,1,0.6375534534454346
1,1,0.9992451667785645
1,1,0.9961538910865784
1,1,0.9999041557312012
1,1,0.9999517202377319
0,0,0.11812369525432587
0,0,0.0002909317263402045
1,1,0.9996299743652344
1,1,0.9999338388442993
0,1,0.9532358646392822
1,1,0.99534010887146
1,1,0.9856898784637451
0,0,0.005132545251399279
1,1,0.7965137958526611
0,0,0.0009360620169900358
1,1,0.984618604183197
1,1,0.9999741315841675
1,1,0.98451828956604
0,0,0.21861602365970612
1,1,0.9789279699325562
1,1,0.999629020690918
0,0,0.0024978620931506157
0,0,0.0017351798014715314
0,0,0.014323936775326729
0,0,0.00010897782340180129
1,1,0.9985424280166626
1,1,0.9995169639587402
0,0,2.4872528229025193e-05
0,0,4.956784778187284e-06
1,1,0.9973902106285095
1,1,0.9999115467071533
0,0,5.383512325352058e-05
1,1,0.9880293011665344
1,1,0.9999825954437256
0,0,0.018419817090034485
1,1,0.9999825954437256
0,0,0.003569035092368722
0,1,0.6955905556678772
1,1,0.9999383687973022
1,1,0.9999631643295288
1,1,0.968898594379425
1,1,0.953734278678894
1,1,0.7163192629814148
1,1,0.999998927116394
1,1,0.8666113615036011
1,1,0.9994333386421204
0,0,0.04795507714152336
0,0,0.0006407229229807854
0,0,9.989773388952017e-05
0,0,0.0004493557207752019
1,1,0.9827069640159607
1,1,0.9996578693389893
0,0,0.0009291702881455421
0,0,0.0015507267089560628
1,1,0.9970948696136475
0,0,0.0025817500427365303
1,0,0.027085382491350174
1,1,0.9781703352928162
1,0,0.1890714466571808
1,1,0.9987817406654358
1,1,0.9982849955558777
1,1,0.9631940126419067
1,1,0.9601337313652039
0,0,0.047108400613069534
1,1,0.992035448551178
1,1,0.9999594688415527
1,1,0.9998067021369934
1,1,0.9999145269393921
0,0,0.0008996966644190252
0,0,1.9957833501393907e-05
0,0,0.02522096410393715
1,1,0.9999746084213257
1,1,0.9998865127563477
1,1,0.9970357418060303
0,0,2.8309759727562778e-06
1,1,0.9977816939353943
0,0,0.040925994515419006
0,1,0.978773295879364
0,0,0.0002254354621982202
1,1,0.9972212314605713
1,1,0.9998631477355957
0,0,0.00048742344370111823
0,0,0.3237271308898926
0,0,1.1010137313860469e-05
0,0,1.739411572998506e-06
1,1,0.999937891960144
1,1,0.9983173608779907
1,1,0.9999945163726807
0,1,0.726841926574707
0,0,1.1300637652311707e-06
1,1,0.9999568462371826
1,0,0.1388140171766281
1,1,0.9996606111526489
1,1,0.9101359844207764
0,0,0.00040639194776304066
1,1,0.9811222553253174
0,0,0.024706006050109863
1,1,0.9747065305709839
1,1,0.9834064841270447
0,0,0.0018446127651259303
1,1,0.9999538660049438
0,0,0.3401549756526947
1,1,0.9577836394309998
1,1,0.9951723217964172
0,0,0.003901982679963112
0,1,0.8647008538246155
1,1,0.999997615814209
0,0,0.045458804816007614
1,1,0.9960452914237976
1,1,0.9983102083206177
1,1,0.9999701976776123
1,1,0.9994935989379883
1,1,0.9997881054878235
1,1,0.9980378746986389
0,0,0.033026065677404404
0,0,0.0015652365982532501
0,0,0.1867062896490097
1,0,0.3841000199317932
0,0,0.074118971824646
0,0,0.009219191037118435
1,1,0.9197754859924316
0,0,0.3459494709968567
0,0,2.8429481062630657e-06
0,0,1.0670833944459446e-05
0,0,0.00018161506159231067
1,1,0.9074085354804993
0,0,0.006963280960917473
0,0,7.574041228508577e-05
1,1,0.6734442114830017
1,0,0.05658882483839989
1,1,0.9996145963668823
0,0,0.002351857488974929
1,1,0.9999178647994995
1,1,0.9550743699073792
1,1,0.9999433755874634
1,1,0.9998273253440857
0,0,0.003247461747378111
1,1,0.9999293088912964
1,0,0.00010766583000076935
0,0,0.00018428151088301092
0,0,6.758631934644654e-05
0,1,0.9154573678970337
1,0,0.1161065325140953
1,1,0.999702513217926
1,1,0.9999780654907227
0,0,0.04329392686486244
0,0,7.132475002435967e-05
1,1,0.9977598190307617
0,0,0.004852945450693369
1,1,0.9999274015426636
0,0,0.007859149016439915
1,1,0.9996132254600525
0,0,0.0001716078695608303
1,1,0.9981327652931213
1,1,0.5972285866737366
1,1,0.9974730610847473
1,1,0.9852633476257324
0,0,0.00021386386652011424
1,1,0.9976669549942017
1,1,0.9999953508377075
0,0,0.1258530467748642
1,1,0.9332427382469177
1,1,0.9986405968666077
0,0,0.005640579387545586
0,0,0.00018046179320663214
0,0,0.004812939558178186
1,1,0.8693292140960693
1,1,0.999915599822998
0,1,0.8605530858039856
0,1,0.985974133014679
0,1,0.8176577687263489
1,1,0.9983505010604858
1,1,0.9208537936210632
0,0,0.00047269416972994804
0,0,0.12140579521656036
1,1,0.9865440726280212
1,1,0.9999994039535522
1,1,0.9994852542877197
0,0,0.0010663794819265604
0,0,0.0003671857120934874
1,0,0.3864579498767853
1,1,0.9999841451644897
0,0,0.0003587424580473453
1,1,0.9999382495880127
0,0,0.017595287412405014
0,0,0.00087571213953197
1,1,0.9994649291038513
0,0,0.0006915995036251843
1,1,0.996895432472229
0,0,0.014055403880774975
0,0,1.8267038512931322e-06
0,0,0.010370779782533646
0,0,9.90181797533296e-05
0,0,0.04511449858546257
0,0,0.011431431397795677
0,0,0.011536498554050922
0,0,0.001983045367524028
1,1,0.9969282746315002
1,1,0.9996066689491272
1,1,0.9868751168251038
0,0,0.017760198563337326
0,0,0.004499569069594145
1,1,0.9489386081695557
0,0,5.826175765832886e-05
0,0,0.0002913558855652809
1,1,0.9999035596847534
0,0,0.000730892934370786
0,0,0.39766690135002136
1,1,0.9988466501235962
1,1,0.9899082183837891
1,1,0.9961663484573364
0,0,0.00016755062097217888
0,0,2.4164381102309562e-05
0,0,5.1174622058169916e-05
0,0,0.010131620801985264
0,0,0.007054727058857679
0,0,0.01242904644459486
0,0,0.014157643541693687
0,0,0.0009270109003409743
1,1,0.9999898672103882
1,1,0.989247739315033
0,0,5.8180583437206224e-05
0,0,0.0019101096550002694
0,0,0.15916958451271057
0,0,5.5000193242449313e-05
1,1,0.8325830698013306
1,1,0.9990026354789734
1,1,0.988649845123291
1,1,0.9995063543319702
0,0,0.014353069476783276
1,1,0.9994854927062988
1,1,0.999705970287323
0,0,0.008582904934883118
0,0,0.006752433720976114
0,0,0.008818307891488075
1,1,0.9999909400939941
1,1,0.9983861446380615
1,1,0.9999969005584717
0,0,0.00031695319921709597
1,1,0.9922254085540771
0,0,0.04220935329794884
1,1,0.9995025396347046
1,1,0.9933614730834961
1,1,0.9999744892120361
1,0,0.08329033106565475
1,1,0.9996380805969238
1,1,0.8468251824378967
1,1,0.9999606609344482
0,0,0.0005446286522783339
1,1,0.9997150301933289
1,1,0.9988534450531006
1,1,0.9997082352638245
1,1,0.9996066689491272
1,1,0.9999297857284546
1,1,0.9999383687973022
0,1,0.5110249519348145
1,1,0.9938064813613892
1,1,0.9998155236244202
1,1,0.9894288182258606
1,1,0.9991040825843811
0,0,0.02205287478864193
0,0,0.0001845720107667148
0,0,1.5802726920810528e-05
1,1,0.9390991926193237
1,1,0.9999951124191284
0,0,0.001992588397115469
1,1,0.9993507266044617
0,0,0.0013178857043385506
0,1,0.8031033277511597
1,1,0.9023391008377075
1,1,0.9356719851493835
1,1,0.999404788017273
0,0,0.026165364310145378
1,1,0.9973370432853699
1,0,0.28968545794487
0,0,0.01754048466682434
1,1,0.9999079704284668
0,0,0.06150088086724281
1,1,0.9906937479972839
1,1,0.9994988441467285
1,1,0.9919952154159546
1,1,0.9784436225891113
1,1,0.9496729969978333
1,1,0.9951377511024475
0,0,6.69898945488967e-05
0,0,5.0486742111388594e-05
1,1,0.9655592441558838
0,0,0.00413877796381712
0,0,0.0011591766960918903
1,1,0.9331618547439575
0,0,0.005433917511254549
0,0,0.005092722363770008
1,1,0.9998793601989746
1,1,0.9932557344436646
1,1,0.9815603494644165
0,0,0.00111328752245754
1,1,0.9923003911972046
0,1,0.8496615886688232
1,1,0.6550493836402893
0,0,0.12648217380046844
1,1,0.7126239538192749
1,1,0.9626485705375671
1,1,0.9983635544776917
1,1,0.9995222091674805
1,1,0.9980411529541016
1,1,0.9930457472801208
1,1,0.998563826084137
0,0,0.09080620110034943
0,1,0.7442667484283447
1,1,0.9992746710777283
0,0,0.00029745863866992295
0,0,0.02354009635746479
1,0,0.2664248049259186
1,1,0.9998724460601807
0,0,0.00014147299225442111
0,0,0.0032113944180309772
1,1,0.9997982382774353
1,1,0.9995213747024536
0,0,0.0003392437065485865
0,0,4.5839806261938065e-06
0,0,3.754757563001476e-05
0,1,0.5331778526306152
1,1,0.9722933769226074
1,1,0.9979780316352844
0,1,0.6766281127929688
1,1,0.9990994930267334
0,0,0.0051221298053860664
0,0,0.09395116567611694
1,1,0.999754011631012
1,1,0.9745186567306519
0,0,0.016470452770590782
1,1,0.9934632778167725
1,1,0.9997184872627258
1,1,0.7240611910820007
0,0,0.020832138136029243
1,0,0.003113100305199623
0,0,0.07294166088104248
0,0,0.009077382273972034
0,0,0.26981255412101746
1,1,0.9344305396080017
0,0,5.956316817901097e-05
0,0,0.00043757024104706943
0,0,0.00048076832899823785
1,0,0.27755215764045715
0,0,8.00016721314023e-07
0,0,0.10986972600221634
0,0,0.06518182903528214
1,1,0.9439559578895569
1,1,0.9995881915092468
0,0,0.21699638664722443
1,1,0.9999969005584717
0,0,0.01040871161967516
1,1,0.5946639776229858
1,1,0.9999477863311768
1,1,0.9979534149169922
1,1,0.9999529123306274
1,1,0.992283284664154
1,1,0.9998351335525513
1,1,0.9994441866874695
1,1,0.958850622177124
1,1,0.9998190999031067
0,0,0.0017993415240198374
0,0,0.01672576181590557
1,1,0.9991949200630188
1,1,0.999563992023468
0,1,0.6231380105018616
1,1,0.9721283316612244
1,1,0.9731696844100952
0,0,5.9370075177866966e-05
1,1,0.9999302625656128
1,1,0.973656415939331
1,1,0.9998249411582947
1,1,0.9999624490737915
1,1,0.9999290704727173
1,1,0.9988918900489807
0,0,0.21605747938156128
0,0,0.0013859920436516404
0,0,0.015510818921029568
0,0,0.14554420113563538
0,0,2.412466346868314e-05
0,0,2.1236588509054855e-05
1,1,0.9852280616760254
1,1,0.9614459276199341
0,0,0.3804767429828644
1,1,0.9859622120857239
1,1,0.9989420771598816
1,1,0.8933687210083008
1,1,0.9996812343597412
1,1,0.9996042847633362
1,1,0.999764621257782
1,1,0.9998383522033691
0,0,2.6199738840659847e-06
0,0,0.06680866330862045
0,0,0.00023085686552803963
1,1,0.9987748265266418
0,0,5.478897492139367e-06
1,1,0.9998018145561218
0,0,0.01880735531449318
1,1,0.9996365308761597
1,1,0.9984351992607117
1,1,0.9864417314529419
0,0,0.3486024737358093
0,0,0.009573346003890038
1,1,0.9993584752082825
0,0,0.009713759645819664
1,1,0.993575394153595
1,1,0.9985260367393494
1,1,0.9997296929359436
1,1,0.9993628859519958
0,0,0.05481906980276108
0,0,0.00010724489402491599
0,0,0.04742005467414856
0,0,0.04134151339530945
0,0,0.0034607667475938797
0,0,0.0022150403819978237
0,1,0.8551830053329468
0,0,0.00039759784704074264
1,1,0.9877247214317322
1,1,0.8781716227531433
1,1,0.9999274015426636
1,1,0.6876906752586365
1,1,0.9371084570884705
1,1,0.9988947510719299
1,1,0.9999051094055176
0,1,0.5389567613601685
0,1,0.729882538318634
1,1,0.9360811710357666
0,0,0.17558467388153076
0,0,0.000836008635815233
1,1,0.945000410079956
0,0,0.0003973793936893344
1,1,0.9999599456787109
0,0,0.2962789833545685
1,1,0.998460054397583
1,1,0.9996585845947266
0,0,0.3108668029308319
0,0,0.016303127631545067
1,1,0.9997126460075378
1,1,0.7664457559585571
1,1,0.9992988109588623
0,0,0.00021304815891198814
1,0,0.16650435328483582
0,0,0.00019140137010253966
1,1,0.8954026103019714
0,0,0.09152913838624954
0,0,0.0381188727915287
1,1,0.9868687987327576
1,1,0.999272882938385
0,0,0.00011234363773837686
1,1,0.8089056611061096
0,1,0.534929633140564
0,1,0.584631085395813
0,0,0.002461559372022748
0,0,0.0018595389556139708
1,1,0.9987074136734009
1,1,0.9999648332595825
1,1,0.9773419499397278
1,1,0.9996623992919922
0,0,0.028825966641306877
0,0,0.4716893434524536
0,0,2.9777529562124982e-06
1,1,0.9923461675643921
0,1,0.650006890296936
0,0,0.0007537972996942699
0,0,0.013188726268708706
1,1,0.9908120036125183
1,1,0.7612054944038391
1,1,0.9999586343765259
0,0,0.00014072679914534092
1,1,0.8129714131355286
0,0,0.0054248482920229435
0,0,0.004315386526286602
0,0,5.703955685021356e-05
1,1,0.8056270480155945
1,1,0.9988203644752502
0,0,0.0005997119005769491
1,1,0.9989585876464844
0,0,0.004339877981692553
0,1,0.8978276252746582
0,0,0.03993193805217743
1,1,0.8791801929473877
1,1,0.989255428314209
1,1,0.9948458671569824
1,1,0.9999485015869141
1,1,0.9949971437454224
1,1,0.9607577919960022
0,0,0.00043149408884346485
1,1,0.9971593618392944
1,1,0.9986209869384766
0,1,0.8075549602508545
0,0,0.019123079255223274
1,1,0.9856323003768921
1,1,0.9966489672660828
1,1,0.9999107122421265
0,0,0.051572855561971664
0,0,0.1313631683588028
0,0,4.0409184293821454e-05
0,0,1.0069810741697438e-05
1,1,0.9998477697372437
0,0,0.008763499557971954
0,0,0.019864873960614204
0,0,0.0001052651132340543
0,0,0.00012203196820337325
0,0,7.724695751676336e-05
1,1,0.9592864513397217
1,1,0.9159842729568481
1,1,0.9813263416290283
1,1,0.9984984397888184
1,1,0.9599053263664246
1,1,0.9630480408668518
1,1,0.5525130033493042
1,1,0.9990156888961792
1,1,0.9999505281448364
0,0,0.04617663100361824
1,1,0.9994282126426697
1,1,0.9999747276306152
1,1,0.9999908208847046
1,1,0.9998292922973633
1,1,0.9997995495796204
0,1,0.9489333629608154
0,0,0.004321270622313023
0,0,0.037430789321660995
1,1,0.9933696985244751
0,0,0.009483692236244678
1,1,0.9258078336715698
1,1,0.5973106622695923
1,1,0.9970641732215881
0,0,5.184132533031516e-06
1,1,0.999323844909668
0,0,1.4798071106270072e-06
1,1,0.7446850538253784
0,0,0.03360207378864288
0,0,0.045702386647462845
1,1,0.9999954700469971
1,1,0.9999501705169678
0,0,3.337857606311445e-06
1,1,0.9998360872268677
1,1,0.9998574256896973
1,1,0.9982763528823853
0,0,0.11990803480148315
1,1,0.9994224309921265
1,1,0.8616788387298584
0,0,0.0012360799591988325
1,0,0.0902177095413208
1,1,0.993293046951294
1,1,0.9715752601623535
1,0,0.3910449147224426
0,0,1.467397487431299e-05
0,0,0.010188072919845581
1,1,0.9991748929023743
0,0,0.0023007886484265327
0,0,0.04634200781583786
0,0,0.03720805421471596
0,0,0.0011554770171642303
1,0,0.28369370102882385
0,0,0.0024939137510955334
0,0,0.023873429745435715
1,1,0.9960825443267822
0,1,0.8448437452316284
1,1,0.9999980926513672
0,0,0.003078431123867631
0,0,0.001105132861994207
0,1,0.5457706451416016
1,1,0.9997959733009338
1,0,0.4362153708934784
1,1,0.9999836683273315
1,1,0.9964176416397095
0,1,0.9853819608688354
0,0,0.06629518419504166
0,0,0.05098738521337509
1,1,0.9324676990509033
1,1,0.9973598122596741
1,1,0.9996217489242554
0,0,0.005093017127364874
1,1,0.9963008165359497
1,1,0.999057948589325
0,0,2.4664692318765447e-05
0,0,0.006818595342338085
1,1,0.9964481592178345
0,0,0.003734665922820568
1,1,0.9977114200592041
1,1,0.9937816262245178
0,0,0.16438016295433044
1,1,0.9999440908432007
1,1,0.9700006246566772
1,1,0.9999866485595703
1,1,0.9997088313102722
0,1,0.5444486141204834
1,1,0.9999688863754272
0,0,0.000942326441872865
0,0,0.0013183018891140819
0,0,2.3053553377394564e-05
0,0,0.03230331838130951
1,1,0.9999985694885254
1,1,0.9984384179115295
1,1,0.9959868788719177
0,0,0.2643088102340698
1,1,0.9695360064506531
0,0,1.648806210141629e-05
1,1,0.9988652467727661
0,0,0.00028320401906967163
0,0,2.544968765505473e-06
1,1,0.9999381303787231
1,1,0.9998291730880737
1,1,0.9984362721443176
0,0,8.853082545101643e-05
0,0,0.06940974295139313
0,0,3.4274504287168384e-05
1,1,0.9973101615905762
0,0,0.0006184899248182774
1,1,0.9970717430114746
0,0,1.7042844774550758e-05
1,1,0.9606712460517883
1,1,0.9686169028282166
0,0,0.49308323860168457
1,1,0.964281439781189
1,1,0.999614953994751
1,0,0.12463495135307312
1,1,0.9608424305915833
0,0,5.9154757764190435e-05
1,1,0.9148719310760498
1,1,0.7168020009994507
1,1,0.999789297580719
1,1,0.9999102354049683
1,0,0.46575525403022766
1,1,0.9996579885482788
0,0,0.1302146464586258
1,1,0.9078882932662964
0,0,0.0014608845813199878
1,1,0.999875545501709
0,0,8.002196409506723e-06
1,1,0.957345187664032
0,0,0.000490502396132797
1,1,0.9990411400794983
1,1,0.9963142275810242
1,1,0.9981005787849426
1,1,0.8586671352386475
1,1,0.993216335773468
1,1,0.9999732971191406
1,1,0.9995143413543701
1,1,0.9425545334815979
1,1,0.9992308616638184
1,1,0.9954800605773926
1,1,0.9997867941856384
1,1,0.9999978542327881
1,1,0.941769003868103
0,0,1.8167444068240002e-05
1,1,0.9814518094062805
1,1,0.9836143255233765
0,0,0.0038804248906672
1,1,0.9994803071022034
1,1,0.999257504940033
1,1,0.9991569519042969
1,1,0.9994450211524963
1,1,0.9770618081092834
1,1,0.9969741106033325
1,1,0.9893367290496826
1,1,0.9961203932762146
1,1,0.9989086389541626
1,1,0.9997430443763733
1,1,0.9997323155403137
1,1,0.7349221110343933
1,1,0.9996204376220703
0,0,0.0001230974739883095
1,1,0.9999451637268066
1,1,0.9999769926071167
1,1,0.9992833733558655
0,0,0.12067639082670212
0,0,0.0004339550214353949
1,1,0.9999872446060181
0,0,0.001726309536024928
1,1,0.9998220801353455
1,1,0.9999607801437378
0,0,5.735550416829938e-07
0,0,0.47823306918144226
0,1,0.5193220973014832
1,1,0.9998161196708679
0,0,0.03142669051885605
1,1,0.9873418211936951
0,0,0.006935574114322662
1,1,0.9999935626983643
1,1,0.9984861016273499
0,0,0.002453588182106614
1,1,0.9999948740005493
1,1,0.991068959236145
1,1,0.9992732405662537
1,1,0.9932774901390076
1,1,0.9995404481887817
1,1,0.9999649524688721
0,0,3.2882424420677125e-05
1,1,0.9983792304992676
1,1,0.9804497957229614
1,1,0.9999963045120239
0,0,0.18941710889339447
1,1,0.9528226852416992
0,0,0.0032787336967885494
0,0,0.0890771746635437
0,1,0.5813330411911011
1,1,0.9998466968536377
1,1,0.9998713731765747
1,1,0.9999419450759888
1,1,0.9997202754020691
0,0,0.00023336513550020754
0,0,0.0796678215265274
1,1,0.8888344764709473
1,1,0.9994876384735107
0,0,0.013369034975767136
1,1,0.9982295632362366
1,1,0.9996809959411621
1,1,0.9933991432189941
1,1,0.9549672603607178
0,0,0.2841602563858032
1,1,0.987494170665741
1,1,0.9990469813346863
1,1,0.9992169141769409
0,1,0.8141667246818542
1,1,0.9853768944740295
1,1,0.7212557196617126
0,0,0.0038725368212908506
1,1,0.9998973608016968
0,1,0.7992526292800903
0,0,0.0008622556924819946
1,1,0.9999339580535889
0,0,0.14648394286632538
0,0,0.04830803722143173
0,0,0.0001235372619703412
1,1,0.9974160194396973
1,1,0.9152709245681763
0,0,0.002181396819651127
0,0,0.03545249626040459
1,0,0.00715383468195796
0,0,0.0031464023049920797
1,1,0.8658732771873474
0,0,0.03321564197540283
1,1,0.9254471063613892
0,0,0.06550581753253937
1,1,0.9774686098098755
0,0,0.2601003646850586
0,0,5.5188709666254e-05
0,0,0.003550649620592594
1,1,0.9924604296684265
0,0,0.004296618513762951
0,0,1.5634197552572004e-05
0,0,0.027547365054488182
1,1,0.9999184608459473
1,1,0.9998817443847656
1,1,0.8398967981338501
1,1,0.9998958110809326
1,1,0.9999545812606812
1,1,0.9998195767402649
0,0,0.00012429764319676906
0,0,6.8890694819856435e-06
0,0,2.7524176857696148e-06
0,0,0.21186178922653198
0,0,2.3401767634823045e-07
1,1,0.9978609681129456
0,0,0.04026709496974945
1,1,0.9944359064102173
1,1,0.9999182224273682
0,0,0.03007487766444683
0,0,0.025004027411341667
1,1,0.9999830722808838
0,0,0.3730514645576477
0,0,0.00530081894248724
1,1,0.773587167263031
1,1,0.9909987449645996
0,0,0.0036528250202536583
0,0,0.0765366479754448
0,0,0.04163229838013649
0,0,0.0002294316655024886
0,0,0.00014597235713154078
0,0,0.003321270924061537
1,1,0.9400756359100342
0,0,0.05228355526924133
1,1,0.9983935952186584
1,1,0.9998549222946167
0,0,0.0007559986552223563
1,1,0.9817235469818115
1,0,0.12367698550224304
0,0,0.22373253107070923
1,1,0.9996187686920166
1,1,0.999708354473114
0,0,9.804320870898664e-05
1,1,0.9990091323852539
0,0,5.046989826951176e-05
0,0,0.0028769373893737793
0,0,0.009446809068322182
0,0,7.281010311999125e-06
0,0,0.03587394952774048
0,1,0.5517421364784241
0,0,0.00011001978418789804
1,1,0.9999862909317017
0,0,0.0014879460213705897
1,1,0.9995985627174377
1,1,0.9969754219055176
1,1,0.9920756816864014
1,1,0.7822690606117249
1,1,0.9999680519104004
1,1,0.9996819496154785
1,1,0.9882816672325134
0,0,0.0011925395810976624
1,1,0.9883087873458862
1,1,0.9389662742614746
1,1,0.9997839331626892
0,0,0.1048363596200943
1,1,0.9984779953956604
0,0,8.918478852137923e-05
1,1,0.9505242109298706
0,1,0.8875747919082642
0,0,0.001876827678643167
1,1,0.997239351272583
1,1,0.9934008717536926
1,1,0.7570541501045227
1,1,0.9999675750732422
1,0,0.1384296715259552
1,1,0.9999719858169556
1,1,0.5100045204162598
1,1,0.985928475856781
1,1,0.9997192025184631
0,0,0.02406274899840355
1,1,0.9991808533668518
1,1,0.9999876022338867
1,1,0.9985878467559814
1,1,0.9942222237586975
0,0,0.0014220725279301405
0,0,0.0011017639189958572
1,1,0.9999998807907104
1,1,0.9999834299087524
0,0,7.265764725161716e-05
0,1,0.612139880657196
0,0,6.610381387872621e-05
0,0,0.07636059075593948
0,0,1.5403766155941412e-05
1,1,0.9666568040847778
1,1,0.7363576292991638
0,0,0.0035644255112856627
1,1,0.9996765851974487
0,0,1.1633539543254301e-05
1,1,0.9993875026702881
1,1,0.8831021189689636
0,0,0.005417117848992348
0,0,0.18888111412525177
1,1,0.9993929862976074
1,1,0.9939700365066528
1,1,0.8969053030014038
0,0,0.0014954289654269814
1,1,0.9567534923553467
1,1,0.9964783787727356
1,1,0.9795942902565002
0,0,0.11126154661178589
1,1,0.9999336004257202
1,1,0.9904066920280457
1,1,0.999032735824585
0,0,0.0005206140340305865
1,1,0.9934390187263489
0,0,4.0193765016738325e-05
1,1,0.9993809461593628
1,1,0.9999971389770508
0,0,0.007945838384330273
0,0,0.13785463571548462
0,0,0.12053634226322174
1,1,0.9999939203262329
0,0,1.1480859939183574e-05
1,1,0.9999514818191528
1,1,0.9571710824966431
0,0,5.182410677662119e-05
0,0,3.043992728635203e-05
1,1,0.9992945194244385
0,0,0.0003266356361564249
0,0,0.00021922349696978927
1,1,0.9992209672927856
1,1,0.9989476799964905
1,1,0.7586008310317993
1,1,0.999929666519165
1,1,0.8732019066810608
0,0,0.0003254662442486733
1,0,0.10046029835939407
1,1,0.565533459186554
0,1,0.6393250823020935
1,1,0.9724242687225342
0,0,0.00023083134146872908
1,1,0.9552974104881287
0,0,0.00296007189899683
0,0,0.005840395577251911
0,0,0.0026404308155179024
1,1,0.9834750890731812
0,0,0.00037669678567908704
1,1,0.9911659359931946
1,1,0.9994953870773315
1,1,0.9953321814537048
0,0,0.005959223955869675
0,0,0.030218465253710747
0,0,7.630296749994159e-05
1,1,0.9999861717224121
0,0,0.1025809794664383
0,0,0.00018095577252097428
0,0,0.0019637078512459993
1,1,0.9980977177619934
1,1,0.9972655773162842
1,1,0.9952598214149475
1,1,0.9996342658996582
0,0,0.006449040491133928
1,1,0.9996758699417114
1,1,0.9986439347267151
1,1,0.9654251337051392
1,1,0.9998496770858765
1,1,0.9848409295082092
0,0,0.04978184774518013
0,0,0.06325620412826538
0,0,0.0017092232592403889
0,0,0.04287579655647278
0,0,0.3390825390815735
1,1,0.9997898936271667
1,1,0.9999645948410034
1,1,0.9952133893966675
0,0,7.39652750780806e-05
1,1,0.9728419780731201
1,1,0.999932050704956
1,1,0.9994664788246155
0,0,3.803307845373638e-05
0,0,0.03760598599910736
1,1,0.9997847676277161
1,1,0.9999988079071045
1,0,0.22831405699253082
1,1,0.9999716281890869
0,0,5.709186439162295e-07
0,0,0.018778236582875252
1,1,0.9990243911743164
0,0,0.05319229140877724
1,1,1.0
1,1,0.9999059438705444
1,1,0.9992710947990417
1,1,0.9888082146644592
1,1,0.9993013143539429
1,1,0.8338007926940918
0,0,0.31798651814460754
0,0,0.001696961116977036
1,1,0.9999707937240601
0,0,0.025392776355147362
1,1,0.9999545812606812
0,0,0.09122933447360992
1,1,0.9958038926124573
0,0,0.25803014636039734
1,1,0.9995406866073608
1,1,0.6117234826087952
1,1,0.9981139898300171
1,1,0.9214310646057129
0,0,0.000748975551687181
1,1,0.9981912970542908
0,0,0.0003174095181748271
0,0,0.001048956299200654
0,1,0.508832573890686
0,1,0.5468330979347229
0,0,0.06068549305200577
0,0,0.011333896778523922
0,0,0.0008615789120085537
0,0,0.1402147263288498
1,1,0.9756436944007874
1,1,0.9517139196395874
0,1,0.7563489079475403
0,1,0.8371047377586365
0,0,0.04855652526021004
1,1,0.9857643246650696
0,0,0.1267402470111847
0,0,0.18861021101474762
0,0,0.0005984577001072466
0,0,0.0007949940045364201
0,0,5.095213418826461e-05
0,0,7.334326073760167e-05
0,0,0.00010461139027029276
1,1,0.9823710918426514
0,0,0.0004928348935209215
1,1,0.9994718432426453
0,1,0.9093964099884033
1,1,0.9999909400939941
0,1,0.928273618221283
0,0,0.0009764386340975761
1,1,0.9998250603675842
0,0,0.15230590105056763
0,0,0.004500062670558691
1,1,0.9998069405555725
1,1,0.9984207153320312
1,1,0.9985839128494263
1,0,0.2688009440898895
1,1,0.9906306862831116
1,1,0.9999936819076538
1,1,0.985522985458374
0,0,0.09016033262014389
0,0,0.06966720521450043
1,1,0.9916695356369019
1,1,0.9988497495651245
0,0,7.184710557339713e-05
0,0,0.00261349743232131
0,0,0.009305598214268684
1,1,0.9726971387863159
1,1,0.6827479600906372
1,1,0.9856488704681396
1,1,0.9996289014816284
1,0,0.029784660786390305
0,1,0.5617185235023499
1,1,0.9994545578956604
0,0,0.008312778547406197
0,0,0.00027614631108008325
0,0,0.0922248587012291
1,1,0.8181958198547363
1,1,0.9999821186065674
0,0,4.253844963386655e-05
0,0,0.001492034993134439
0,0,0.001204568543471396
1,1,0.8259902000427246
1,0,0.0011541678104549646
1,1,0.9266864657402039
0,0,0.034018952399492264
0,0,0.00017405669495929033
0,0,0.0009175809100270271
0,0,0.0005036110524088144
0,0,0.0027098581194877625
0,0,0.016538497060537338
0,0,0.008101277984678745
1,1,0.9999918937683105
1,1,0.9963986873626709
0,0,0.013718705624341965
1,1,0.9999068975448608
1,1,0.842258632183075
1,1,0.9998595714569092
1,1,0.9999918937683105
1,1,0.9999622106552124
1,1,0.9981050491333008
0,0,0.034472834318876266
1,1,0.9999747276306152
0,0,0.0009651028085500002
1,1,0.9992509484291077
1,1,0.9550008177757263
1,1,0.9957277774810791
0,0,4.680367737819324e-07
0,0,0.001803860766813159
0,0,5.817742203362286e-05
1,1,0.951251745223999
0,0,0.004349258728325367
1,1,0.9998430013656616
0,0,0.1467374861240387
0,0,0.01168220303952694
0,0,0.0013638357631862164
0,0,0.059133339673280716
0,0,1.4798120901104994e-05
0,0,5.668730227625929e-05
1,1,0.9987843632698059
0,0,0.0021916255354881287
1,1,0.9612480401992798
1,1,0.9711933732032776
1,1,0.9999645948410034
1,1,0.9999665021896362
1,1,0.9941190481185913
0,0,0.050122927874326706
1,1,0.8668223023414612
0,0,0.09856206923723221
0,0,0.0024429403711110353
0,0,0.0028209288138896227
1,1,0.9999635219573975
0,0,0.24558281898498535
0,0,3.628071863204241e-05
0,0,0.0001229237677762285
0,0,0.05818305164575577
0,0,0.005621147807687521
0,1,0.9777383804321289
0,0,0.2469562590122223
1,1,0.9989725351333618
1,1,0.9753046631813049
1,1,0.9913438558578491
0,0,0.0006707588909193873
0,1,0.5682997703552246
1,1,0.7393380403518677
0,0,0.002114076167345047
0,0,0.01031397469341755
1,1,0.8313344120979309
1,1,0.9993816614151001
0,0,0.30823102593421936
0,1,0.9870963096618652
0,0,0.011115135625004768
0,0,0.0021668793633580208
0,0,0.0009108788799494505
0,0,1.43695206133998e-05
0,0,0.02634250931441784
0,0,0.0011666767532005906
0,0,0.12200010567903519
1,1,0.9988946318626404
0,1,0.9739358425140381
1,1,0.995197594165802
1,1,0.9949916005134583
1,1,0.9748181104660034
1,1,0.9996979236602783
1,1,0.9980283379554749
0,0,0.0017768769757822156
0,0,0.0003307456208858639
0,0,0.003644771408289671
1,1,0.9916423559188843
1,1,0.9999148845672607
1,1,0.9989295601844788
0,0,0.0002418101066723466
0,0,0.10908978432416916
1,1,0.9862063527107239
0,0,0.0014432024909183383
1,1,0.9849798083305359
0,0,0.2610424757003784
1,0,0.3333316147327423
1,1,0.9770195484161377
1,1,0.9999405145645142
0,0,0.0001799303718144074
0,0,0.0028321242425590754
1,1,0.9701400399208069
1,1,0.6031514406204224
1,1,0.9998437166213989
1,1,0.9970383644104004
1,1,0.9983514547348022
1,1,0.9999411106109619
0,0,0.029212499037384987
0,0,0.17343544960021973
0,0,0.3529708683490753
1,1,0.9979642629623413
1,1,0.993290901184082
0,0,0.45255985856056213
0,0,0.0014673504047095776
1,1,0.9937143921852112
0,0,0.0010006055235862732
1,1,0.9999899864196777
1,1,0.9866358637809753
0,0,0.0352601632475853
1,1,0.9757630825042725
1,1,0.9985236525535583
1,1,0.9999903440475464
0,0,0.4444328546524048
1,1,0.9970027804374695
0,0,0.03772113099694252
1,1,0.9888907670974731
0,0,0.012612965889275074
1,1,0.9999521970748901
1,1,0.9944952130317688
0,0,0.050057243555784225
1,1,0.9998849630355835
0,1,0.5584455132484436
1,1,0.9998503923416138
0,0,0.010287291370332241
1,1,0.9996592998504639
1,1,0.9995129108428955
1,1,0.8931679129600525
1,1,0.8513474464416504
1,1,0.9826351404190063
0,0,0.012376504018902779
1,1,0.9240725636482239
1,1,0.9998859167098999
0,0,0.053282082080841064
1,1,0.9873067140579224
1,0,0.1345357447862625
1,1,0.990959644317627
1,1,0.9984972476959229
1,1,0.9999878406524658
0,0,0.021758882328867912
0,0,0.09875067323446274
0,0,0.015005562454462051
0,0,0.46135661005973816
1,1,0.9999569654464722
1,1,0.9608922004699707
0,0,0.19678372144699097
0,0,0.010121946223080158
1,1,0.7999547123908997
1,1,0.5637516975402832
0,0,0.10001538693904877
1,1,0.9988464117050171
1,1,0.9853171706199646
1,1,0.999832272529602
1,1,0.9855138063430786
1,1,0.9999072551727295
1,1,0.9999128580093384
0,0,4.2498064431129023e-05
1,1,0.9999483823776245
1,1,0.9949381351470947
1,0,0.20205503702163696
0,0,0.006043894682079554
0,0,0.00020065375429112464
0,0,0.0002481288101989776
0,0,1.6798701835796237e-05
0,0,1.9916156816179864e-05
0,0,1.3956436305306852e-05
0,0,0.08642331510782242
0,0,0.0005573342205025256
1,1,0.9989826083183289
0,0,3.7261806937749498e-06
0,0,0.0016750410431995988
1,1,0.9986433386802673
0,0,0.0007041562930680811
0,0,8.182806050172076e-05
0,0,0.017131060361862183
1,1,0.9844862222671509
1,1,0.9991756081581116
0,0,0.004066515248268843
0,0,0.030069833621382713
1,1,0.99782794713974
1,1,0.9984447360038757
1,1,0.9992610812187195
1,1,0.9998492002487183
0,0,0.005075399298220873
0,1,0.9995512366294861
0,0,0.03187387436628342
0,0,0.03410203382372856
1,1,0.9985901713371277
0,0,0.0002058063546428457
1,1,0.9999921321868896
1,1,0.9998960494995117
1,1,0.9996213912963867
1,1,0.820563793182373
1,1,0.8268997073173523
0,0,0.00022052411804907024
1,1,0.9999208450317383
1,0,0.01619081385433674
0,0,0.0072800531052052975
1,1,0.9999666213989258
1,1,0.9446473121643066
0,0,0.0030932349618524313
0,0,4.672284921980463e-05
1,1,0.9878380298614502
0,0,0.1716848760843277
1,1,0.99998939037323
1,1,0.9998952150344849
1,1,0.9959608912467957
1,1,0.6917862892150879
1,1,0.9995161294937134
1,1,0.9964674711227417
0,0,0.002830219455063343
1,1,0.9630922079086304
1,1,0.99992835521698
0,0,0.0004296321130823344
1,1,0.9537001252174377
1,1,0.9999977350234985
1,0,0.33087509870529175
1,1,0.9780992865562439
1,1,0.9996564388275146
1,1,0.9999719858169556
1,1,0.9985190033912659
0,0,0.0005082921124994755
1,1,0.9998805522918701
1,1,0.9959836006164551
1,1,0.7432480454444885
1,1,0.9844435453414917
1,1,0.9994314312934875
0,0,0.12290214002132416
0,0,0.00914444774389267
0,0,0.49505189061164856
1,0,0.1236070916056633
1,1,0.9999090433120728
1,1,0.9999122619628906
0,0,3.191636278643273e-05
1,1,0.996991753578186
0,0,7.921618816908449e-05
0,0,0.00010050016135210171
0,0,0.09269114583730698
1,1,0.9976099729537964
1,1,0.999994158744812
0,0,0.018509529531002045
1,1,0.9961685538291931
1,1,0.9998334646224976
1,1,0.9989483952522278
1,1,0.989118218421936
0,0,0.006096504628658295
0,0,0.0005975757376290858
1,1,0.999667763710022
0,0,0.09362490475177765
0,0,0.015741245821118355
1,0,0.24427318572998047
0,0,6.472048880823422e-06
0,0,0.000782360730227083
1,1,0.9992315769195557
1,1,0.9953019618988037
1,1,0.98002028465271
0,0,0.004622636828571558
1,1,0.9990313053131104
0,0,0.003223411040380597
1,1,0.9999898672103882
0,0,0.0008643820183351636
0,0,0.0019325852626934648
0,0,0.0005381748778745532
0,0,0.002879092702642083
1,1,0.9797622561454773
1,1,0.9252806305885315
0,0,0.015615222044289112
0,0,0.0019809457007795572
0,0,0.024006182327866554
1,1,0.9992750287055969
1,1,0.9968720078468323
1,1,0.9999908208847046
0,0,0.0025762231089174747
0,0,0.0001011999775073491
1,1,0.9607412219047546
1,0,0.07361797243356705
0,0,0.00035522013786248863
1,1,0.9984492063522339
1,1,0.9950900077819824
1,0,0.40440624952316284
0,1,0.7101397514343262
0,0,0.10079043358564377
0,0,0.06416767090559006
0,0,0.011338625103235245
0,0,5.9966390836052597e-05
0,0,0.019595297053456306
1,1,0.9996910095214844
0,0,0.016163136810064316
0,0,0.10275264829397202
1,1,0.9990397095680237
1,1,0.9997267127037048
0,0,0.010608808137476444
0,0,6.969142850721255e-05
1,1,0.9978006482124329
1,1,0.9999696016311646
1,1,0.9932570457458496
0,0,0.038575589656829834
0,0,0.004249077755957842
0,0,0.027073753997683525
1,1,0.9861477613449097
1,1,0.9998462200164795
0,0,0.0014400355285033584
1,1,0.9996668100357056
1,0,0.033159416168928146
1,1,0.6006454825401306
1,1,0.9999603033065796
1,1,0.9964187145233154
1,1,0.9999669790267944
0,0,0.013204000890254974
0,0,0.002141667064279318
1,1,0.9939981698989868
1,1,0.9786726832389832
0,0,0.002177339280024171
1,1,0.9999948740005493
0,0,0.07675208151340485
0,0,0.0006286389543674886
1,1,0.997498095035553
1,1,0.9869808554649353
1,1,0.9941400289535522
1,1,0.9998923540115356
1,1,0.9929730892181396
0,0,4.966364576830529e-05
1,1,0.9999878406524658
0,1,0.6160801649093628
1,1,0.9970388412475586
1,1,0.9999996423721313
0,0,0.0006297510699369013
1,1,0.9999960660934448
1,0,0.07412975281476974
0,0,0.12069839239120483
0,0,0.0009816908277571201
1,1,0.9715045690536499
1,1,0.9881764054298401
1,1,0.9998238682746887
0,0,0.0004959508660249412
0,0,0.003110915422439575
0,0,0.0058950213715434074
1,1,0.9999483823776245
1,1,0.9997711777687073
1,1,0.9994052648544312
0,0,0.0004572701873257756
0,0,0.000581617234274745
1,1,0.9997782111167908
0,0,0.0027919476851820946
1,1,0.9998058676719666
0,0,4.419601827976294e-05
0,0,5.538171899388544e-05
1,1,0.9482125639915466
0,0,0.03988523781299591
0,0,0.0031016867142170668
0,0,1.800481550162658e-05
0,0,6.619849955313839e-06
0,0,0.4463176429271698
0,0,0.0018641583155840635
1,1,0.7549578547477722
1,1,0.9962479472160339
1,1,0.9257026314735413
0,0,0.0011757930042222142
0,0,0.08654919266700745
0,0,3.69427798432298e-05
0,0,0.04161728173494339
1,1,0.9845232963562012
0,0,0.00016561690426897258
0,0,0.00025120092323049903
0,0,1.2117975529690739e-06
0,0,0.005213567987084389
0,0,0.00033181373146362603
0,0,0.04240351915359497
0,0,0.02544722706079483
0,0,0.0015112514374777675
0,0,1.6972487415500837e-08
1,1,0.7982673645019531
1,1,0.9999799728393555
0,0,0.0002037492231465876
0,0,3.232828476029681e-06
0,0,0.0018757570069283247
0,0,7.647422899026424e-05
1,1,0.9974018335342407
0,0,0.00013646350998897105
0,0,0.0028562447987496853
0,0,0.001875974703580141
1,1,0.9972774386405945
1,1,0.9998558759689331
1,1,0.9997525811195374
1,1,0.9999265670776367
0,0,0.00016868025704752654
1,1,0.9987764954566956
1,1,0.998424768447876
0,0,0.031330406665802
0,0,0.037260379642248154
0,0,0.001000098418444395
0,0,0.19183151423931122
0,0,0.05594945326447487
0,0,0.39392727613449097
1,1,0.9945361614227295
1,1,0.9921320080757141
1,1,0.9923298954963684
1,1,0.9822235107421875
0,0,1.8844715668819845e-05
1,1,0.9989219903945923
1,1,0.9253982901573181
0,0,0.03995893895626068
0,0,0.04436095058917999
0,0,0.015786102041602135
0,0,0.00100625678896904
0,0,0.0005242814077064395
0,0,4.000707122031599e-05
1,1,0.9227584600448608
0,0,0.0038003199733793736
1,0,0.4225337505340576
0,0,0.0013226853916421533
0,0,0.10203664749860764
1,0,0.235218346118927
1,1,0.8418245315551758
0,0,2.924160753536853e-07
0,0,0.0006985558429732919
1,1,0.9896066784858704
0,0,0.30025234818458557
0,0,0.025681503117084503
1,0,0.4808781147003174
1,0,0.00014278378512244672
1,1,0.9999992847442627
1,1,0.9996123909950256
1,1,0.9891741275787354
1,1,0.9986611604690552
1,1,0.9996059536933899
1,1,0.9972729086875916
1,1,0.9989660978317261
1,1,0.9995859265327454
1,1,0.9999274015426636
1,1,0.9999083280563354
1,1,0.9989583492279053
1,1,0.9999896287918091
0,0,0.0010592383332550526
0,0,9.50674366322346e-05
0,0,9.861111175268888e-05
1,1,0.9970254302024841
1,1,0.9992604851722717
1,1,0.93717360496521
1,1,0.9877777695655823
1,1,0.9321592450141907
1,1,0.9995251893997192
0,0,0.4743363559246063
0,0,0.03082757070660591
0,0,0.02199915237724781
1,1,0.9968211650848389
1,1,0.9997594952583313
1,1,0.9999048709869385
1,1,0.9974774718284607
1,1,0.9998331069946289
1,1,0.9996368885040283
0,0,0.0006269654841162264
1,1,0.89715975522995
1,1,0.7518236637115479
1,1,0.9994032382965088
0,0,0.005195474252104759
0,0,0.0016114655882120132
0,0,0.00037281514960341156
1,1,0.9761768579483032
0,0,0.0005678079905919731
0,0,0.014390482567250729
0,0,7.82573115429841e-05
0,0,0.03611185774207115
1,1,0.9991480112075806
1,1,0.9940787553787231
0,0,2.5756487957551144e-05
0,0,0.00023668647918384522
1,1,0.950421154499054
0,1,0.7997247576713562
0,0,0.00038885470712557435
1,1,0.9987826943397522
0,0,0.006571806501597166
1,1,0.937487781047821
1,1,0.9999897480010986
1,1,0.9993720650672913
1,1,0.9989387392997742
1,1,0.9999839067459106
1,1,0.9989977478981018
0,0,0.04791926592588425
1,1,0.9999920129776001
1,1,0.9938726425170898
1,1,0.9992629885673523
1,1,0.9117138385772705
0,0,0.0007023508078418672
0,0,0.012140007689595222
0,0,0.014795114286243916
0,0,0.004043878987431526
1,1,0.9994655251502991
1,1,0.9923955202102661
1,1,0.9928005933761597
1,1,0.9999493360519409
0,0,0.04251011833548546
1,1,0.9999629259109497
0,0,0.043212953954935074
0,0,7.906246537459083e-06
1,1,0.9951862692832947
0,0,0.01780272275209427
0,0,0.03357752785086632
1,1,0.8600307106971741
1,1,0.9995275735855103
0,0,0.1139100193977356
0,0,0.455390602350235
0,0,0.0012224866077303886
0,0,0.00033397661172784865
0,0,0.2791437804698944
1,1,0.9881190657615662
1,1,0.9917633533477783
0,0,0.001990863122045994
1,1,0.996052622795105
1,1,0.9999803304672241
0,0,0.01165847573429346
0,0,0.03477072715759277
0,1,0.5409422516822815
0,0,4.828616056329338e-06
0,0,0.001561894896440208
1,1,0.999984860420227
1,1,0.9999805688858032
0,0,0.4862222671508789
0,0,0.0011261730687692761
0,0,0.23238199949264526
0,0,0.0015026230830699205
1,1,0.7929629683494568
1,1,0.9998862743377686
0,0,0.07923053205013275
1,1,0.9835754632949829
1,1,0.9982169270515442
0,1,0.9944165945053101
1,1,0.7308712601661682
1,1,0.9512914419174194
1,1,0.9988306164741516
1,1,0.7745217680931091
0,0,5.6570661399746314e-05
1,1,0.9562211632728577
0,0,0.0004494679451454431
1,1,0.9983314871788025
1,1,0.9965848922729492
1,1,0.9811136722564697
0,0,0.00036990296212024987
0,0,0.012383575551211834
1,1,0.9996116757392883
1,1,0.9999626874923706
0,0,0.00249391607940197
1,1,0.9972497820854187
1,1,0.9892594814300537
1,1,0.9994966983795166
1,1,0.9984225034713745
1,1,0.9999477863311768
1,1,0.9999954700469971
1,1,0.9784911870956421
1,1,0.999948263168335
0,0,7.310710498131812e-05
0,0,0.0026290270034223795
1,1,0.9996076226234436
0,0,0.036260128021240234
1,1,0.9901037812232971
1,1,0.9910780191421509
1,1,0.9991440773010254
0,0,0.00046988940448500216
1,1,0.9999734163284302
1,1,0.6949630975723267
1,1,0.9999951124191284
0,0,0.025998279452323914
0,0,4.182294287602417e-05
1,1,0.9199835658073425
1,1,0.999593198299408
0,0,0.005958523601293564
0,1,0.7388240694999695
0,1,0.9818649291992188
1,1,0.9889289736747742
1,1,0.999874472618103
1,1,0.9872156381607056
1,1,0.9988012313842773
1,1,0.998396098613739
0,0,0.017775585874915123
0,0,0.001923716627061367
0,0,0.0002058491372736171
0,1,0.7389591336250305
0,0,0.006596673745661974
0,0,8.26777468319051e-05
0,0,0.017944129183888435
0,0,0.0008806238765828311
0,0,0.003517675679177046
0,0,0.005681285168975592
0,0,0.00017384391685482115
0,0,0.049372751265764236
1,0,7.274770177900791e-05
1,1,0.9990401864051819
0,0,0.010974964126944542
1,1,0.9999058246612549
1,0,0.014154741540551186
1,1,0.9653481245040894
1,0,0.38120055198669434
0,0,0.007373175583779812
0,0,0.03886904567480087
0,0,0.007893466390669346
1,1,0.8879833221435547
1,1,0.9923657774925232
0,0,0.00034658401273190975
0,0,0.0009187829564325511
0,0,0.054685819894075394
1,1,0.9993047714233398
1,1,0.9997194409370422
0,0,0.00013774602848570794
0,0,2.7368037990527228e-05
0,0,0.20609566569328308
0,0,0.11893870681524277
1,1,0.9997910857200623
1,1,0.9965898990631104
0,0,2.515642518119421e-05
0,0,0.04077334702014923
0,0,2.516856875445228e-05
0,0,0.01214133482426405
1,1,0.9999843835830688
1,1,0.9998581409454346
1,1,0.9810251593589783
1,1,0.8328760862350464
1,0,0.3631449341773987
1,0,0.23905101418495178
0,0,0.00395100237801671
0,0,0.0020569271873682737
1,1,0.9999967813491821
1,1,0.9864333868026733
0,0,0.002058615442365408
1,1,0.999300479888916
1,1,0.9987479448318481
0,0,0.0018670371500775218
0,0,0.0001697922416497022
1,1,0.9997515082359314
0,1,0.8069570064544678
0,0,6.134856812423095e-05
0,1,0.8606589436531067
0,0,0.0005340217612683773
1,0,0.3387680947780609
0,1,0.5162041187286377
0,0,1.6805229563487956e-07
1,1,0.9915153980255127
1,1,0.9994753003120422
0,0,0.061353858560323715
1,1,0.9996070265769958
1,1,0.9857338666915894
1,1,0.9913421273231506
0,0,3.760308391065337e-05
0,0,0.0004743555036839098
0,0,0.08611934632062912
0,0,0.05073174834251404
0,0,0.00021967441716697067
1,0,0.08645237237215042
0,0,0.0032796766608953476
1,1,0.8700239062309265
1,1,0.9969868063926697
1,1,0.986228346824646
1,1,0.9849230051040649
0,1,0.6198117136955261
1,1,0.9999403953552246
1,1,0.9755167365074158
0,0,0.1385166496038437
0,0,6.107224180595949e-05
0,0,0.004922753199934959
0,0,2.7802852855529636e-05
0,0,0.0055803279392421246
1,1,0.9999979734420776
0,0,0.09378337860107422
1,0,0.03622603416442871
1,1,0.9996787309646606
0,0,4.318008723203093e-05
1,1,0.9982848763465881
1,1,0.9899150133132935
0,0,1.9960269128205255e-05
0,1,0.5996150970458984
1,1,0.9999775886535645
0,0,3.876092523569241e-05
0,0,7.279544661287218e-05
1,1,0.9983377456665039
0,0,0.0003762696869671345
1,1,0.9996122717857361
1,1,0.9991243481636047
1,1,0.9996600151062012
0,0,0.1399867683649063
0,0,0.0001722529559629038
1,1,0.9981389045715332
0,0,0.0016232173657044768
0,0,2.4542707251384854e-05
0,1,0.9472391605377197
1,1,0.993594229221344
0,0,5.5860196880530566e-05
0,0,0.010963686741888523
0,0,0.11711690574884415
1,1,0.9894055724143982
0,1,0.8326998353004456
0,0,0.000682326324749738
0,0,1.372027213619731e-06
1,1,0.999428927898407
0,0,0.483959823846817
1,1,0.9109194278717041
1,1,0.9924350380897522
1,1,0.99912029504776
0,0,0.0807146206498146
0,0,0.014770321547985077
0,0,9.392781976202969e-06
1,1,0.9985106587409973
1,1,0.9725000262260437
0,0,0.1631566733121872
1,1,0.9988069534301758
0,0,0.00012257086928002536
0,1,0.8855828046798706
0,0,0.07182983309030533
1,1,0.8120434880256653
0,0,0.03499136120080948
1,1,0.94830322265625
1,1,0.9803848266601562
1,1,0.805898129940033
0,0,0.29058676958084106
0,0,0.06088736280798912
0,0,0.09590146690607071
1,1,0.7991994619369507
0,0,0.007954631000757217
1,1,0.794812023639679
1,1,0.9997237324714661
0,0,0.03392758220434189
0,0,0.13596341013908386
1,1,0.9992338418960571
1,1,0.999700665473938
1,1,0.9927540421485901
0,0,0.00016788164793979377
0,0,0.008838808164000511
0,0,0.03393605351448059
1,1,0.9999799728393555
0,0,0.00019895174773409963
0,0,9.205496462527663e-05
1,0,0.12042025476694107
1,1,0.9992473125457764
1,1,0.9998024106025696
0,0,0.00036636332515627146
0,0,0.3278117775917053
1,1,0.9462745785713196
0,0,0.3429119884967804
1,1,0.9988866448402405
0,0,2.9294581054273294e-06
0,0,0.18670400977134705
0,0,0.00026007406995631754
0,0,0.13217034935951233
1,1,0.999972939491272
1,1,0.9917888045310974
1,1,0.651871919631958
1,1,0.9930810332298279
1,0,0.07173392921686172
1,1,0.999903678894043
1,1,0.969669759273529
1,1,0.997661828994751
0,0,0.010402236133813858
1,1,0.9226634502410889
0,0,0.004239505156874657
1,1,0.9999949932098389
0,0,0.001965578878298402
1,1,0.6972829103469849
1,1,0.9999828338623047
1,1,0.9975277781486511
0,0,0.0002036484220298007
0,0,0.00026037031784653664
1,1,0.9916355609893799
1,1,0.999997615814209
1,1,0.9989799857139587
1,1,0.9999889135360718
1,1,0.9993481040000916
1,1,1.0
0,0,0.0006274203769862652
0,1,0.9377860426902771
1,1,0.9993317723274231
0,0,0.08042629808187485
0,0,8.52553203003481e-05
1,1,0.9888489246368408
0,0,0.01587340235710144
1,1,0.9185851812362671
0,0,0.0002176990092266351
1,1,0.9997586607933044
0,0,0.040311045944690704
1,1,0.9993419051170349
1,1,0.994340181350708
1,1,0.999995231628418
1,1,0.9792591333389282
1,1,0.9821642637252808
0,0,0.013982330448925495
0,0,0.0001293025561608374
1,1,0.9965620636940002
1,1,0.9999607801437378
1,1,0.9995550513267517
0,0,0.03266996145248413
0,0,0.0011750215198844671
0,0,0.003386535681784153
0,0,7.583276584455234e-08
0,0,0.00017762805509846658
0,0,0.2130185216665268
0,0,0.0008939317776821554
0,0,7.446441031788709e-06
0,0,0.05050266906619072
1,0,0.39071378111839294
1,1,0.9997404217720032
0,0,0.03670768812298775
0,0,0.11891021579504013
0,0,0.008134043775498867
1,1,0.9996960163116455
0,0,0.009883084334433079
1,1,0.9994182586669922
0,0,0.01113489456474781
1,1,0.9990750551223755
1,1,0.9999980926513672
0,0,0.06557812541723251
1,1,0.9986901879310608
1,1,0.9999865293502808
1,1,0.999314546585083
0,0,0.001029854523949325
0,0,0.005029287189245224
0,0,0.0027922182343900204
1,1,0.9110254049301147
1,1,0.7559219598770142
0,0,0.09013371914625168
0,0,0.04191173240542412
1,1,0.9992200136184692
1,1,0.9754199981689453
1,1,0.9944830536842346
1,1,0.9952964186668396
1,1,0.9169116020202637
0,0,0.0024625302758067846
0,0,0.044518809765577316
1,1,0.9998272061347961
0,0,0.000807562842965126
0,1,0.5854331851005554
0,0,0.31773632764816284
0,0,0.0017313564894720912
0,0,1.8507094864617102e-05
0,0,0.02859100140631199
0,0,0.03918657451868057
1,1,0.982014536857605
1,1,0.9999978542327881
1,1,0.9999669790267944
1,1,0.9999250173568726
1,0,0.10883285105228424
1,1,0.9985565543174744
1,1,0.9999499320983887
1,1,0.9999955892562866
1,1,0.9999151229858398
1,1,0.9996302127838135
1,1,0.996086597442627
1,1,0.7074925303459167
0,0,0.0061477720737457275
1,1,0.9440595507621765
1,1,0.8543707132339478
1,1,0.9971684813499451
1,1,0.9996174573898315
1,1,0.9812852144241333
1,1,0.9998831748962402
1,0,0.3247535526752472
1,1,0.9976426959037781
1,1,0.9993345141410828
1,1,0.997256338596344
1,0,0.45060625672340393
0,0,0.00018633357831276953
1,1,0.9653308391571045
1,1,0.999984860420227
0,0,0.017693044617772102
0,0,6.014656901243143e-05
1,1,0.9483210444450378
0,0,0.14196425676345825
0,0,0.0016751878429204226
0,0,0.000381901249056682
0,0,0.13823243975639343
0,0,0.028903545811772346
1,1,0.9975546002388
1,1,0.9997565150260925
0,0,3.2348052627639845e-05
1,1,0.9999785423278809
1,1,0.999582827091217
0,0,0.001801084610633552
1,1,0.9990932941436768
1,1,0.9981220364570618
1,1,0.9999771118164062
0,0,0.00018963204638566822
1,1,0.9998443126678467
1,1,0.997408926486969
1,1,0.9999281167984009
1,1,0.9999692440032959
1,1,0.9933483004570007
0,0,0.04656749963760376
1,1,0.9992305040359497
0,0,0.006767711602151394
1,1,0.5609790086746216
1,1,0.7404094934463501
1,1,0.9987396597862244
0,0,0.0016054499428719282
1,1,0.6701939105987549
1,1,0.7095080018043518
0,0,0.00011482087575132027
0,0,0.048559099435806274
1,1,0.9997544884681702
0,1,0.8229438066482544
0,0,8.443274418823421e-05
1,1,0.9995099306106567
0,0,0.00021465653844643384
1,1,0.9985264539718628
0,0,0.004709660075604916
0,0,0.03755412623286247
1,1,0.8990388512611389
1,1,0.9792730808258057
0,0,0.0005507951136678457
1,1,0.9744502902030945
0,0,0.4916253983974457
0,0,0.1984526664018631
1,1,0.9998894929885864
0,0,0.12496388703584671
1,1,0.9999759197235107
1,1,0.9998918771743774
1,1,0.9885624647140503
0,0,0.000246458308538422
1,1,0.9985529780387878
1,1,0.9391561150550842
1,1,0.9943413734436035
1,1,0.9960871934890747
1,1,0.9904391765594482
1,1,0.91550612449646
1,0,0.09066142141819
0,0,9.430388672626577e-06
1,1,0.999254047870636
0,0,0.0002398782380623743
1,1,0.9874845147132874
0,0,1.0535187357163522e-05
1,1,0.92653489112854
1,1,0.9999253749847412
0,0,0.012148120440542698
1,1,0.9984498023986816
0,0,0.00011335407180013135
1,1,0.9998751878738403
0,0,9.108562517212704e-05
0,0,4.433646608958952e-05
0,0,0.0009702852694317698
0,0,0.0036811991594731808
1,1,0.9991024732589722
0,0,0.0001747210044413805
0,0,0.022600507363677025
1,1,0.9817399978637695
0,0,0.0069927675649523735
1,1,0.9999630451202393
0,1,0.9882325530052185
0,1,0.5922930240631104
1,1,0.9999698400497437
1,1,0.8471797704696655
1,1,0.9843244552612305
0,0,0.00014909074525348842
0,0,0.00035931915044784546
0,1,0.932866632938385
0,0,5.378913556342013e-05
1,1,0.9721068143844604
1,1,0.9998494386672974
1,1,0.9999611377716064
0,0,0.060905974358320236
0,0,0.003358248621225357
0,0,0.006611921824514866
1,0,0.0014492382761090994
1,1,0.9946452379226685
1,1,0.9798152446746826
0,0,2.7531885280041024e-05
0,0,0.0005307063111104071
1,1,0.9977895021438599
0,0,2.0698966181953438e-05
0,0,0.0012002530274912715
0,1,0.5052765011787415
1,1,0.999998927116394
0,0,0.0048756953328847885
1,1,0.9999077320098877
0,1,0.5886639952659607
0,0,0.023418636992573738
0,1,0.5890680551528931
1,1,0.9916035532951355
1,1,0.9944965243339539
1,0,0.1584935337305069
1,1,0.9997519850730896
0,0,0.00921560637652874
1,1,0.9959180951118469
1,1,0.9999796152114868
1,1,0.9977235198020935
0,0,0.004703813698142767
1,0,0.3161557912826538
1,1,0.9903567433357239
1,1,0.6047300100326538
0,0,0.00016809756925795227
1,1,0.9534448385238647
0,0,0.00020538116223178804
0,0,4.2324638343416154e-05
1,1,0.9902542233467102
1,1,0.9988585710525513
0,1,0.6941164135932922
1,1,0.964323103427887
0,0,0.4785690903663635
1,1,0.9999212026596069
0,0,0.009963390417397022
0,0,0.0010630586184561253
1,0,0.11004097014665604
1,1,0.9849175810813904
0,1,0.9534932971000671
0,0,0.0075746700167655945
0,0,0.003339923219755292
0,0,3.0432294806814753e-05
1,0,0.0021584928035736084
0,0,0.00012854026863351464
0,0,2.347550071135629e-05
0,0,0.01970130018889904
1,1,0.9933452606201172
1,1,0.9216855764389038
1,1,0.9999651908874512
1,1,0.9977442026138306
0,0,0.05398407205939293
1,1,0.9999343156814575
0,0,0.17826594412326813
1,1,0.5637329816818237
0,0,4.489989441935904e-05
0,0,0.004427646286785603
0,1,0.7248298525810242
0,0,0.25011610984802246
0,0,0.026509646326303482
0,0,0.0019075039308518171
1,1,0.9983639121055603
0,0,0.2201308161020279
1,1,0.9998849630355835
0,0,0.12348625808954239
1,1,0.9980707764625549
0,0,0.37990039587020874
1,1,0.8633232116699219
1,1,0.9845185279846191
0,0,0.0013743828749284148
1,1,0.9990574717521667
0,0,4.750753942062147e-05
1,1,0.9066782593727112
1,1,0.9996641874313354
0,0,0.00024844531435519457
1,1,0.9994112253189087
1,1,0.999695897102356
0,0,0.0005033264751546085
0,1,0.5051300525665283
0,1,0.5316599011421204
0,0,0.0001527335261926055
0,0,0.3619225025177002
0,0,1.655314804338559e-06
0,0,0.04198668524622917
1,1,0.9985931515693665
0,0,4.110521331313066e-06
1,1,0.9891000390052795
0,0,0.11378420144319534
1,1,0.9993651509284973
1,1,0.9999034404754639
1,1,0.9994593262672424
1,1,0.9998199343681335
1,1,0.9997989535331726
1,1,0.9956036806106567
1,1,0.9994243383407593
0,0,0.20186176896095276
1,1,0.5061046481132507
0,0,0.0003597273607738316
0,0,0.018388686701655388
0,0,0.2689029574394226
1,1,0.9999874830245972
0,0,0.0004031132557429373
0,0,0.4246997833251953
0,0,0.013048216700553894
0,0,0.027857443317770958
0,0,0.017175501212477684
0,0,0.00041390652768313885
0,0,0.0004950798465870321
0,0,0.005326330661773682
0,0,0.00013420933100860566
1,1,0.9981335997581482
0,0,0.018541747704148293
0,0,0.0009104564087465405
0,0,2.4300366021634545e-06
0,0,0.07344792783260345
0,0,0.010031908750534058
0,0,0.0047455825842916965
1,1,0.7862268686294556
1,1,0.6557762026786804
1,1,0.9912172555923462
1,1,0.9991152882575989
0,0,0.01141415722668171
1,1,0.998359739780426
0,0,0.006201028358191252
1,1,0.9811785817146301
0,0,0.011781346052885056
1,1,0.9957672357559204
0,0,0.0005150032811798155
0,0,0.004719133023172617
0,0,0.006833071354776621
0,0,0.03297650068998337
0,0,0.01962638646364212
0,0,0.046061865985393524
1,1,0.9943201541900635
1,1,0.9352436661720276
1,1,0.9998347759246826
0,0,0.015472260303795338
0,1,0.9762213826179504
1,1,0.9999855756759644
0,0,0.0005397226777859032
0,0,0.3779028058052063
0,0,0.003032528329640627
0,0,0.0022222900297492743
0,0,0.0013404934434220195
1,1,0.9994969367980957
0,0,1.5717165297246538e-05
1,1,0.975091278553009
1,1,0.9976565837860107
1,1,0.9531750082969666
1,1,0.9953071475028992
1,0,0.02370070107281208
1,1,0.9995036125183105
1,1,0.999931812286377
1,1,0.9048171043395996
1,1,0.9999951124191284
0,0,0.03552547097206116
0,1,0.9117140173912048
0,0,4.184361023362726e-05
0,0,0.01108487043529749
0,0,0.035376112908124924
1,1,0.993480920791626
0,0,0.016851572319865227
0,0,0.029549553990364075
1,1,0.9999396800994873
0,0,0.0005070369224995375
1,1,0.9995643496513367
1,1,0.984266459941864
0,0,0.010573012754321098
0,0,0.31282487511634827
0,0,0.00036630919203162193
1,1,0.9969844222068787
0,0,4.351873940322548e-05
0,0,0.007291113026440144
0,0,0.000100048360764049
1,1,0.9992916584014893
0,0,0.03952617570757866
0,0,0.0071250069886446
0,0,0.0003126766241621226
1,0,0.1370510458946228
0,0,0.0005614881520159543
0,0,0.0018085186602547765
0,0,0.00013091415166854858
1,1,0.9471006989479065
1,1,0.9998273253440857
1,1,0.9939984083175659
0,0,0.00484822690486908
1,1,0.9984230995178223
1,1,0.9989047050476074
0,0,0.00017594426753930748
0,0,0.1725083440542221
1,1,0.7491455078125
0,1,0.6095240116119385
1,1,0.9999867677688599
1,0,0.2804309129714966
1,1,0.9887235164642334
0,0,0.00029888568678870797
0,0,0.002415725961327553
1,1,0.9929131865501404
0,0,0.0115631353110075
0,0,0.0464949868619442
0,0,0.05891578271985054
0,0,0.002282089786604047
1,0,0.442538857460022
1,1,0.9996882677078247
1,1,0.9999628067016602
0,0,0.0031606052070856094
1,1,0.9997735619544983
1,1,0.9915238618850708
1,1,0.9990481734275818
1,1,0.9552931785583496
0,0,0.0016147586284205317
1,0,0.4556500315666199
1,1,0.9314919114112854
1,1,0.9998559951782227
1,1,0.9925619959831238
1,1,0.5357717871665955
1,1,0.9927502870559692
1,1,0.997073769569397
1,1,0.8502666354179382
1,1,0.9829400777816772
1,1,0.9811581969261169
1,1,0.9999655485153198
1,1,0.999945878982544
1,0,0.2196863740682602
1,1,0.9998867511749268
0,0,0.000843794085085392
0,0,0.0009968950180336833
0,0,9.247903108189348e-06
0,0,0.004370373208075762
1,1,0.9992662072181702
0,0,0.0005022898549214005
1,1,0.9989290833473206
0,0,0.0001657221291679889
0,0,0.02527230978012085
0,0,0.026863615959882736
0,0,0.0032762305345386267
1,1,0.9998664855957031
0,0,0.0009055630071088672
0,0,0.011599269695580006
1,1,0.9999556541442871
0,0,0.00012189681001473218
1,1,0.9999189376831055
0,0,0.011783965863287449
0,0,0.0007209451869130135
0,1,0.7209933996200562
0,0,0.04311181604862213
0,0,0.05168330296874046
0,0,9.112780389841646e-06
1,1,0.9994943141937256
0,1,0.7352290749549866
0,0,0.0012879064306616783
0,1,0.8810749650001526
1,1,0.9999697208404541
1,1,0.9998708963394165
0,0,0.0001891017600428313
0,0,1.5663028534618206e-05
0,0,1.5481511184134433e-07
1,1,0.9995095729827881
0,0,0.0007590254535898566
1,1,0.976006269454956
0,0,0.005085971672087908
0,0,0.0004089922003913671
0,0,9.571827831678092e-06
1,1,0.9997716546058655
0,0,0.025919709354639053
0,0,0.2060714066028595
1,1,0.9998021721839905
0,0,1.611738662177231e-05
0,0,0.00015423286822624505
1,1,0.9552903175354004
1,1,0.958766758441925
1,1,0.9938272833824158
1,1,0.9869962930679321
0,0,0.0020572091452777386
1,1,0.9994275569915771
0,0,0.0035793280694633722
1,1,0.9995580315589905
1,1,0.6331865191459656
1,1,0.9991480112075806
0,0,3.4616325137903914e-05
1,1,0.9996104836463928
0,0,0.01097436435520649
0,0,0.280305415391922
0,0,0.030237480998039246
1,1,0.9919736385345459
1,1,0.9992433786392212
1,1,0.9999380111694336
1,1,0.9935599565505981
1,1,0.9694408774375916
0,0,0.1031297966837883
1,1,0.9906937479972839
1,1,0.9341519474983215
0,0,0.001358895329758525
0,0,0.2764500379562378
1,1,0.9996238946914673
1,1,0.8880913257598877
0,0,9.51660979353619e-07
0,0,4.5649096136912704e-05
1,1,0.9993662238121033
0,0,0.00017023317923303694
0,1,0.7043114900588989
1,1,0.999602735042572
0,0,0.006477379240095615
1,1,0.9957101345062256
1,1,0.9999868869781494
0,0,0.02680850401520729
0,0,0.004853860009461641
0,0,0.0069916751235723495
1,1,0.9999843835830688
1,1,0.9997226595878601
1,1,0.9995520710945129
0,0,0.29391399025917053
1,0,0.012412376701831818
1,1,0.9976643323898315
1,1,0.9951857924461365
1,1,0.973696768283844
1,1,0.9999961853027344
1,1,0.9948378205299377
1,1,0.9998196959495544
1,1,0.9964005947113037
0,0,0.01976984180510044
0,0,0.0038334669079631567
1,1,0.9597871899604797
1,1,0.9974895715713501
1,1,0.9947640895843506
1,1,0.9941874742507935
1,1,1.0
1,1,0.9999433755874634
0,1,0.8026844263076782
1,1,0.9997531771659851
0,0,1.655309824855067e-05
1,1,0.9988601207733154
1,1,0.9999204874038696
0,0,0.0037852865643799305
0,0,0.00011534574878169224
0,0,0.011567763052880764
0,0,0.1382654458284378
1,1,0.9942923784255981
1,1,0.9740539193153381
1,1,0.9991819262504578
0,1,0.9971644282341003
1,1,0.9947169423103333
1,1,0.9344249963760376
1,1,0.9996864795684814
1,1,0.9890636801719666
0,0,9.261671948479488e-05
0,0,0.00507016247138381
0,1,0.8763611912727356
0,0,0.0003671818703878671
0,0,0.002537179971113801
1,1,0.9990348815917969
1,1,0.994175374507904
1,1,0.8049911856651306
1,1,0.9590392708778381
1,1,0.989354133605957
0,0,0.000794422288890928
0,0,0.0002775394241325557
0,0,0.00771633256226778
1,1,0.999992847442627
1,1,0.984667956829071
1,1,0.7964950203895569
1,1,0.9894356727600098
0,0,0.359100878238678
1,1,0.9998316764831543
1,1,0.9359070658683777
1,1,0.999119222164154
1,0,0.04743744060397148
1,1,0.9968457818031311
0,0,0.0006795303197577596
0,0,0.00040772274951450527
1,1,0.9983148574829102
1,1,0.9999724626541138
1,1,0.9976904392242432
0,0,0.000123322824947536
0,0,0.018620165064930916
1,1,0.998035728931427
1,0,0.38617628812789917
1,1,0.9969198703765869
0,0,8.09843186289072e-05
1,1,0.9999734163284302
1,1,0.9999632835388184
0,0,0.012337198480963707
0,0,0.00015660202188882977
0,0,0.09675107896327972
0,0,0.00916468445211649
0,0,2.9996724038028333e-07
1,1,0.9997065663337708
1,1,0.9957614541053772
1,1,0.9997658133506775
1,1,0.7771656513214111
0,0,9.783297718968242e-05
1,1,0.9998871088027954
0,0,0.00019612317555584013
0,0,0.00476769357919693
1,1,0.9480320811271667
0,0,0.0016588997095823288
1,1,0.9915834069252014
1,1,0.9791324734687805
1,1,0.9999914169311523
1,1,0.9999524354934692
0,1,0.5379319787025452
1,1,0.5033942461013794
0,0,9.113746273214929e-07
0,0,0.0010090561117976904
0,0,0.0023158101830631495
0,0,0.008477543480694294
0,0,0.0062356991693377495
0,0,0.00622397568076849
0,0,0.13170911371707916
0,0,5.659434009430697e-06
1,1,0.5282402038574219
0,0,7.243191066663712e-05
1,1,0.9992819428443909
0,0,0.016300704330205917
0,0,0.040565263479948044
0,0,0.009215123020112514
0,0,0.001971371239051223
1,1,0.9203227162361145
0,0,6.308509341579338e-07
1,1,0.7692842483520508
0,0,0.00030048511689528823
0,0,0.00025843430194072425
0,0,0.04726098105311394
0,0,0.0007973907049745321
0,0,0.00018057522538583726
0,0,2.3797676476533525e-05
1,1,0.9992458820343018
0,0,0.00856268871575594
1,1,0.8849480152130127
0,1,0.5572915077209473
0,0,2.0748461793118622e-07
1,1,0.9999328851699829
0,0,0.10970402508974075
0,0,8.708539667168225e-07
0,0,0.06387701630592346
0,0,0.00316873867996037
0,0,0.002707728883251548
0,0,0.03138778358697891
0,0,0.0001857000170275569
0,0,0.027246547862887383
1,1,0.9958615899085999
0,0,0.000402635894715786
0,0,0.00011686093057505786
1,1,0.9996786117553711
0,0,0.01043801661580801
0,0,0.005854213610291481
1,1,0.9971354007720947
0,0,0.05552910640835762
0,1,0.600136399269104
0,0,0.001430134172551334
1,1,0.5228227376937866
0,0,0.24423432350158691
0,0,0.03495772182941437
0,0,0.002539818175137043
0,0,3.7766742025269195e-05
0,0,3.9900278352433816e-06
1,1,0.999043881893158
0,1,0.5553271770477295
0,0,0.007694635074585676
0,0,0.0006159016629680991
1,1,0.993443489074707
1,1,0.9919064044952393
1,1,0.968128502368927
0,0,0.026711860671639442
1,1,0.9998337030410767
0,0,0.016251740977168083
0,0,0.013571805320680141
0,0,0.09622572362422943
0,0,0.0225365050137043
1,1,0.9916980266571045
0,0,0.0493946298956871
0,0,0.04312776029109955
0,0,0.0006865799077786505
0,0,0.017856823280453682
0,0,0.007191159762442112
1,1,0.9999746084213257
0,0,0.0003695459454320371
1,1,0.995989978313446
0,0,0.03812292218208313
1,1,0.9975825548171997
0,0,0.0013086511753499508
1,1,0.9983018636703491
1,1,0.9996813535690308
1,1,0.9978066086769104
1,1,0.9999308586120605
1,1,0.9919863939285278
1,1,0.9978175163269043
1,1,0.9994600415229797
0,0,0.000335039512719959
0,0,0.1120990663766861
1,1,0.9899592995643616
0,1,0.8262255191802979
0,1,0.7748051881790161
0,0,0.4271498918533325
0,0,0.12008003890514374
1,1,0.9859218001365662
0,0,0.035931237041950226
0,0,0.026358716189861298
1,1,0.9939589500427246
1,1,0.9948055148124695
0,0,1.733141289150808e-05
0,0,0.00020493009651545435
1,1,0.9940496683120728
1,1,0.9995143413543701
0,0,0.0036719804629683495
0,0,0.004207952413707972
0,0,0.0008443015976808965
1,1,0.9888734817504883
0,0,0.022109504789114
1,1,0.9971688389778137
1,1,0.9996368885040283
1,1,0.9999885559082031
0,0,1.8571803366285167e-06
0,1,0.7176175713539124
1,1,0.9972321391105652
1,1,0.9756153225898743
0,0,0.014866246841847897
1,1,0.9910793900489807
1,1,0.998796820640564
0,0,0.0006646274705417454
1,1,0.9972304701805115
1,1,0.9999939203262329
0,0,0.0029541405383497477
0,0,0.19669602811336517
1,1,0.9987552165985107
0,0,0.00043546181404963136
0,0,0.0022794443648308516
0,0,0.011916043236851692
0,0,0.005737298168241978
1,1,0.9999827146530151
0,0,0.21155919134616852
0,0,0.01290749479085207
1,1,0.9681704044342041
0,0,0.002835016930475831
0,0,0.00014475247007794678
0,1,0.5049765110015869
1,1,0.6267136335372925
0,0,0.0162582378834486
1,1,0.9894132614135742
1,1,0.9679866433143616
1,1,0.9936801195144653
1,1,0.9878723621368408
1,1,0.9998342990875244
0,0,0.2717376947402954
1,1,0.9446807503700256
0,0,0.0780705064535141
0,0,0.003323090961202979
0,0,0.00017782328359317034
0,0,0.042034827172756195
0,0,0.0016072907019406557
1,1,0.9906172156333923
1,1,0.9934333562850952
1,1,0.9994097948074341
0,0,0.018455034121870995
0,0,0.0012356032384559512
0,0,0.0017037569778040051
1,1,0.9561100006103516
1,1,0.9993301630020142
1,1,0.9997054934501648
0,0,0.00482208002358675
0,0,0.006668722722679377
0,0,0.029219510033726692
0,0,0.0006576370797120035
1,1,0.9600375294685364
0,0,0.002934084041044116
1,1,0.9923391342163086
1,1,0.999943733215332
0,0,0.00012073860125383362
0,0,0.37243300676345825
0,0,0.2511136531829834
0,0,4.580003860610304e-06
1,1,0.710644543170929
0,0,2.5144629489659565e-06
0,0,0.03345336765050888
0,0,0.0023521059192717075
0,0,0.003771265735849738
1,1,0.999671459197998
1,1,0.9995269775390625
0,0,0.16102084517478943
1,1,0.9987006187438965
0,0,0.47285032272338867
1,1,0.999733030796051
1,1,0.9997981190681458
1,1,0.9972042441368103
1,1,0.9587910771369934
0,0,0.001950891688466072
1,1,0.9999983310699463
1,1,0.9995431900024414
1,1,0.9999897480010986
0,0,0.02855078876018524
0,0,0.006880658213049173
0,0,0.012729442678391933
1,1,0.9558517932891846
0,0,0.0010146322892978787
1,1,0.9982624650001526
0,0,0.1146494448184967
0,0,0.022308286279439926
1,1,0.9364503622055054
1,1,0.9978912472724915
1,1,0.9997979998588562
0,0,0.012610204517841339
0,0,0.07504642009735107
1,1,0.9148696064949036
0,0,0.005489269271492958
0,0,0.45341700315475464
0,0,0.0007797185680828989
0,0,0.2889247536659241
0,0,3.016545178979868e-06
0,0,0.02567695640027523
0,0,0.0013698713155463338
1,1,0.9999364614486694
0,0,0.028432754799723625
0,0,0.37119513750076294
0,0,0.004904830362647772
0,1,0.5211097598075867
1,1,0.9998555183410645
1,1,0.9999809265136719
0,0,0.006793691776692867
0,0,0.0005318961339071393
0,0,0.0008707161759957671
0,0,6.35823089396581e-05
0,0,0.4104924499988556
1,0,0.19804301857948303
0,0,0.0013436191948130727
0,1,0.8498262763023376
0,1,0.7623028755187988
0,0,0.4912342131137848
0,0,0.1144757866859436
0,0,6.415996176656336e-05
0,0,1.7277941879001446e-05
0,0,0.0003183098160661757
1,0,0.37629425525665283
1,1,0.9966506361961365
0,0,0.08533160388469696
0,0,0.018703551962971687
0,0,0.0001270999782718718
0,0,0.03698340430855751
0,0,4.790738330484601e-06
0,0,0.00901678018271923
0,0,0.04938296601176262
0,0,8.859475201461464e-05
1,1,0.9993265867233276
0,0,0.009308521635830402
0,0,0.0010379861341789365
0,0,0.029160834848880768
1,1,0.9967162609100342
1,1,0.9993187189102173
1,1,0.9998741149902344
0,0,0.04664113372564316
1,1,0.9996451139450073
1,1,0.6758294105529785
0,0,0.0002975771785713732
1,1,0.963826596736908
0,0,0.00012383778812363744
1,1,0.9767241477966309
1,1,0.8172805309295654
0,0,0.005589895881712437
1,1,0.9826351404190063
1,1,0.9875994920730591
1,1,0.9999384880065918
1,1,0.9999934434890747
0,0,0.33137211203575134
1,1,0.9988276362419128
1,1,0.8777846693992615
0,0,2.003034569497686e-05
1,1,0.9871580004692078
0,1,0.8781638741493225
0,0,0.002374950097873807
0,0,0.05378858745098114
0,0,0.10376396775245667
1,1,0.9716774225234985
1,1,0.9995868802070618
1,1,0.8966827392578125
1,0,0.13173529505729675
0,0,0.009453799575567245
1,1,0.8540662527084351
1,1,0.9988927245140076
0,1,0.717265784740448
1,1,0.9999160766601562
1,1,0.9964045286178589
1,1,0.993101954460144
1,1,0.9680157899856567
0,0,3.151961664116243e-06
1,1,0.9999593496322632
1,1,0.9207872748374939
1,1,0.9787363409996033
0,0,0.45277971029281616
1,1,0.9864527583122253
1,1,0.9999992847442627
1,1,0.999886155128479
0,0,0.013501571491360664
1,1,0.9382246136665344
1,1,0.9991605281829834
0,0,0.24298229813575745
0,0,0.023135654628276825
0,0,0.14201092720031738
0,0,1.2836494533985388e-05
1,1,0.9537837505340576
0,0,0.031633079051971436
0,0,0.00045188574586063623
1,1,0.9567436575889587
1,0,0.21219980716705322
1,1,0.9969960451126099
1,1,0.998234748840332
0,0,0.45128270983695984
0,0,0.0049301632679998875
1,1,0.9994617104530334
1,1,0.9550340175628662
1,1,0.9999161958694458
0,0,0.025452034547924995
0,0,0.00568374851718545
1,1,0.9974746108055115
0,0,0.0004499432980082929
0,0,0.0017230379162356257
1,1,0.9992536902427673
0,0,0.08668879419565201
1,1,0.9912151098251343
1,1,0.9993355870246887
0,0,0.2812865078449249
1,1,0.9997243285179138
1,1,0.9947142004966736
1,1,0.9941018223762512
1,1,0.9993855953216553
1,1,0.9683384895324707
0,0,1.5336559954448603e-05
0,0,0.011912551708519459
1,1,0.9913950562477112
1,1,0.8978301286697388
0,0,8.999210695037618e-05
1,1,0.9999346733093262
0,0,0.015383626334369183
1,1,0.98857182264328
1,1,0.9984803795814514
1,1,0.9999566078186035
1,1,0.9935719966888428
1,1,0.9824418425559998
0,0,0.0027566298376768827
0,0,0.00030676237656734884
1,1,0.9991638660430908
1,1,0.9998236298561096
0,1,0.9378460645675659
1,1,0.9994788765907288
1,1,0.9984883069992065
0,0,0.004119411576539278
1,1,0.9997345805168152
1,1,0.9927986860275269
0,0,1.3986342537464225e-06
0,0,0.007963440380990505
0,0,0.009093867614865303
0,0,0.0014507758896797895
1,1,0.99997878074646
1,1,0.9994850158691406
1,1,0.9996311664581299
1,1,0.9919002056121826
0,0,0.0001279449788853526
1,1,0.9985365867614746
0,0,0.013693662360310555
0,0,0.44733384251594543
1,1,0.997791051864624
1,1,0.9986432194709778
1,1,0.9935466647148132
0,0,0.42830103635787964
0,0,0.057029712945222855
0,0,0.12619270384311676
0,0,0.1649113893508911
1,1,0.9991139769554138
0,0,0.021384360268712044
0,0,5.45862030776334e-06
0,0,0.0005912114284001291
1,1,0.9999904632568359
1,1,0.9787371158599854
1,1,0.9992378950119019
0,0,0.004011769313365221
1,1,0.9998459815979004
1,1,0.9985830783843994
1,1,0.9789913892745972
0,0,0.00047931732842698693
0,0,0.4498821198940277
0,0,0.0001534273033030331
0,0,0.03197246044874191
0,0,0.017782296985387802
0,0,0.0009577550808899105
0,0,0.006112437229603529
0,0,0.012341399677097797
1,1,0.9814310073852539
1,1,0.9972400665283203
0,1,0.9704315066337585
1,1,0.9999550580978394
0,0,0.00453610997647047
0,0,0.007201594300568104
0,0,0.023989496752619743
0,0,0.07073399424552917
1,1,0.9999874830245972
1,1,0.999889612197876
1,1,0.9864934682846069
0,0,0.0694463700056076
0,0,0.05441798269748688
1,1,0.9999988079071045
0,0,0.00013710182975046337
0,0,0.0008751782588660717
0,0,0.026306794956326485
0,0,0.0005722831119783223
0,0,0.3325050175189972
0,0,2.9770020773867145e-05
0,0,0.0606410875916481
0,0,0.007840238511562347
1,1,0.9999576807022095
1,1,0.9551827907562256
1,1,0.9992210865020752
1,1,0.8558449745178223
1,1,0.9999972581863403
1,1,0.9751845598220825
0,0,0.006043613888323307
0,0,0.00020739328465424478
0,0,0.0009906598133966327
0,0,0.21106992661952972
1,1,0.9999387264251709
1,1,0.9999057054519653
1,1,0.9984671473503113
0,1,0.8922418355941772
0,0,0.010713545605540276
1,1,0.9999997615814209
1,1,0.9999547004699707
1,1,0.9959374666213989
0,0,0.039940714836120605
1,1,0.9089125990867615
0,0,2.7675814635585994e-06
0,0,2.114941889885813e-05
1,1,0.9999463558197021
0,0,0.00012995720317121595
0,0,0.0065694223158061504
0,0,0.006528410129249096
1,1,0.9999569654464722
1,1,0.9912843704223633
0,0,0.0006007499760016799
1,1,0.999175488948822
1,1,0.9681507349014282
1,1,0.9900628924369812
0,0,2.1166488295421004e-05
0,0,0.00165076507255435
0,0,0.0001476429169997573
0,0,0.0004261716967448592
0,0,0.004107820335775614
0,0,0.002934216521680355
0,0,1.6392423276556656e-05
0,0,2.7696236429619603e-05
0,0,4.052726126246853e-06
0,0,0.00208448083139956
0,0,2.23541101149749e-05
0,0,0.19452399015426636
0,0,0.04120787978172302
1,1,0.9109323024749756
0,0,1.529855035187211e-05
0,1,0.6521376967430115
0,0,0.006247710436582565
0,0,0.0007409097161144018
0,0,0.012949622236192226
0,0,0.0004535251937340945
0,0,2.1296072816312517e-07
1,1,0.9999247789382935
0,0,0.003932525869458914
1,1,0.9999676942825317
0,0,0.06101471930742264
1,1,0.9999990463256836
0,0,0.018941521644592285
0,0,0.0064910766668617725
1,1,0.9999582767486572
0,0,0.005395436659455299
1,1,0.8603630065917969
1,1,0.9993330836296082
0,0,0.0001530675363028422
1,1,0.9944251775741577
1,1,0.9868890047073364
1,1,0.992739737033844
0,0,0.06366973370313644
0,0,5.323716777638765e-06
0,0,4.749730578623712e-05
0,0,0.00011264872591709718
0,0,0.011493803933262825
0,0,9.300250530941412e-05
0,0,0.04200224205851555
0,0,0.009800872765481472
0,0,0.0004048827104270458
0,0,0.2866360545158386
0,0,0.0008868406875990331
0,0,0.04051841422915459
1,1,0.9988497495651245
0,0,0.10209933668375015
0,0,0.0016631783219054341
0,0,0.003821565303951502
0,0,0.00037452791002579033
1,1,0.9932472705841064
0,0,0.0012291587190702558
0,0,0.005305275786668062
1,1,0.9555362462997437
1,1,0.5206534266471863
0,0,0.025588279590010643
1,1,0.9982779026031494
1,1,0.9525939226150513
1,1,0.9991686344146729
1,1,0.9963273406028748
1,1,0.9999760389328003
1,1,0.999503493309021
1,1,0.9989782571792603
0,0,0.00014172602095641196
1,1,0.9999961853027344
0,0,0.00028467312222346663
1,1,0.9998655319213867
0,0,0.2688415050506592
1,1,0.9997357726097107
0,0,6.393861258402467e-05
1,1,0.9958634376525879
1,1,0.9998750686645508
0,0,0.00022332031221594661
0,0,3.241240483475849e-05
0,0,0.0010998809011653066
1,1,0.997068464756012
1,1,0.985741138458252
1,1,0.9999330043792725
1,1,0.9999911785125732
1,1,0.999889612197876
1,1,0.9979397654533386
0,0,0.00010421651677461341
1,1,0.985463559627533
1,1,0.9376909136772156
1,1,0.9955480098724365
1,1,0.9683603048324585
1,0,0.4825845956802368
1,1,0.9924198985099792
1,1,0.9999125003814697
1,1,0.9861881136894226
0,0,0.012569902464747429
0,0,0.0001264206803170964
1,1,0.9918204545974731
1,1,0.9992947578430176
0,1,0.5950113534927368
1,1,0.9215890765190125
0,0,0.02275432087481022
1,1,0.9856240749359131
1,1,0.998842716217041
1,1,0.9970044493675232
1,1,0.9988253712654114
1,1,0.6945939064025879
1,1,0.9956114888191223
1,1,0.5366560220718384
1,1,0.9999821186065674
0,0,0.0016111654695123434
0,0,0.0012435474200174212
1,1,0.9723167419433594
0,0,0.0028089948464185
0,1,0.9003012180328369
1,1,0.9989994168281555
1,1,0.9999970197677612
1,1,0.99893718957901
0,0,6.19452548562549e-05
1,1,0.999954104423523
0,0,0.20328611135482788
1,1,0.9986637830734253
1,1,0.9800786972045898
1,0,0.4454808831214905
0,0,4.330500814830884e-06
1,1,0.9992770552635193
0,0,0.00030177069129422307
1,1,0.9997552037239075
0,0,0.027490578591823578
1,1,0.9263764023780823
0,0,0.0022755360696464777
0,0,0.005362726282328367
1,1,0.9975171089172363
1,1,0.9963340759277344
0,0,0.42868590354919434
0,0,0.00017774257867131382
0,0,0.15171633660793304
1,1,0.8188508152961731
0,0,0.00033041471033357084
0,1,0.7287436127662659
0,0,0.016818076372146606
0,0,0.00020374843734316528
1,1,0.9823641777038574
1,1,0.99859219789505
1,1,0.9992081522941589
1,1,0.9988963603973389
1,1,0.9997844099998474
1,1,0.999996542930603
0,0,0.07266443222761154
0,0,8.950248229666613e-06
0,0,7.977326276886743e-06
1,1,0.999996542930603
0,0,0.001628939644433558
0,0,0.06527199596166611
0,1,0.9892109632492065
0,0,0.014177296310663223
0,0,0.009131895378232002
0,0,0.0001560964883537963
1,1,0.9940797090530396
1,1,0.9998993873596191
1,1,0.983974039554596
1,1,0.9586281776428223
1,1,0.9998219609260559
1,1,0.999626636505127
1,1,0.9914935827255249
1,1,0.9871905446052551
0,0,0.004224846139550209
0,0,0.12600994110107422
0,0,0.005070995073765516
1,1,0.8472498655319214
0,0,4.661679486162029e-05
1,1,0.999995231628418
1,1,0.999873161315918
1,1,0.9834395051002502
0,0,0.07732716202735901
1,1,0.9967065453529358
1,1,0.9947716593742371
1,1,0.9986451268196106
0,0,0.005947129335254431
1,1,0.9995917677879333
0,0,0.00021974166156724095
0,0,0.00037358258850872517
1,1,0.9999704360961914
1,1,0.9999911785125732
1,1,0.9206246733665466
0,0,0.0017546770395711064
1,1,0.9928179979324341
0,0,0.005378031637519598
1,1,0.9699936509132385
1,1,0.999580442905426
0,0,0.014894521795213223
1,1,0.9989598989486694
0,0,1.7393271264154464e-05
0,0,0.08443130552768707
0,0,0.00010292825027136132
0,0,2.793821749946801e-06
1,1,0.9543012976646423
0,0,0.27421584725379944
0,0,0.03242676332592964
0,0,0.31947168707847595
1,1,0.9999974966049194
0,0,0.0035695505794137716
1,1,0.5595406889915466
1,1,0.9998857975006104
1,1,0.9999940395355225
1,1,0.9997631907463074
0,0,0.0014970980118960142
0,0,0.09513009339570999
1,1,0.7776331305503845
0,0,1.2524154044513125e-05
0,0,0.00028230281895957887
0,1,0.6588461399078369
1,1,0.8785934448242188
1,1,0.9899789094924927
1,1,0.9873237609863281
1,1,0.9634053111076355
1,1,0.9961349964141846
1,1,0.998958945274353
1,1,0.9896032214164734
1,1,0.9955294728279114
1,1,0.9989247918128967
1,1,0.9998667240142822
0,0,0.004664613399654627
1,1,0.9914774298667908
0,0,0.007403886877000332
1,1,0.9999196529388428
0,0,6.194112211233005e-05
0,0,0.005913120228797197
1,1,0.9986935257911682
0,0,0.04848713427782059
1,1,0.999249279499054
1,1,0.8051737546920776
1,1,0.7489436864852905
0,0,0.0025013398844748735
0,0,0.0062986197881400585
1,1,0.999518632888794
1,1,0.9999626874923706
1,1,0.9999990463256836
1,1,0.8939803242683411
1,1,0.9982688426971436
1,1,0.9910460114479065
1,1,0.9999741315841675
1,1,0.9997451901435852
1,1,0.9995717406272888
1,1,0.9954718351364136
0,1,0.8049025535583496
0,0,0.0038669987116008997
0,0,0.0001666459284024313
1,1,0.9907395839691162
0,0,0.0655345544219017
0,0,0.001997096696868539
1,1,0.9998134970664978
0,0,0.09691695123910904
0,0,0.3411664664745331
0,0,9.21039918466704e-06
1,1,0.9246442914009094
1,1,0.9999055862426758
0,0,0.0016413797857239842
1,1,0.9593601822853088
1,1,0.997357189655304
1,1,0.9941131472587585
0,0,0.014487414620816708
0,0,0.02762692980468273
0,0,1.956040068762377e-05
0,0,0.022879475727677345
0,0,6.587575626326725e-05
1,1,0.9777700304985046
0,0,0.024867072701454163
0,0,0.0002998726558871567
1,1,0.9975741505622864
0,0,0.005177005659788847
0,0,0.0005164844333194196
1,1,0.9430806636810303
1,1,0.986331582069397
0,0,0.007876050658524036
0,0,0.20941054821014404
0,1,0.7700729966163635
1,1,0.999858021736145
1,1,0.9997979998588562
0,0,0.327120840549469
0,0,0.019018730148673058
1,1,0.9943126440048218
1,1,0.9951363205909729
0,0,0.0009171228739432991
1,1,0.9976789355278015
1,1,0.9932274222373962
1,1,0.9970443844795227
1,1,0.9999344348907471
1,1,0.9999624490737915
1,1,0.618945300579071
0,0,0.00023362471256405115
1,1,0.9959872364997864
1,1,0.9999837875366211
0,0,0.00010919191117864102
0,0,0.008651756681501865
0,0,0.04010700434446335
0,0,0.09985672682523727
1,1,0.9956110119819641
1,1,0.9452928304672241
1,1,0.977517306804657
1,0,0.09943699091672897
1,1,0.9999936819076538
1,1,0.8645368814468384
1,1,0.6614730358123779
0,0,0.08645132184028625
1,1,0.9095639586448669
0,0,0.0003842386358883232
1,1,0.9999991655349731
0,0,0.0001273450325243175
0,0,0.22526666522026062
1,1,0.9998262524604797
0,0,0.11056171357631683
1,1,0.9993304014205933
0,0,0.20321951806545258
0,0,0.14014986157417297
1,1,0.9902719855308533
0,0,0.0015375585062429309
0,1,0.8949019908905029
0,0,0.0012107763905078173
0,0,0.010882184840738773
0,0,0.00024846449377946556
0,0,0.00040381995495408773
0,0,0.0011650781380012631
1,1,0.7009191513061523
0,0,2.148645762645174e-06
0,0,0.012405836954712868
0,0,1.164571767731104e-05
0,0,0.09816686064004898
0,0,0.21562469005584717
0,0,0.00082110840594396
1,0,0.41679057478904724
1,1,0.9998999834060669
0,0,3.632744892456685e-06
1,1,0.9999881982803345
1,1,0.9909135103225708
0,0,0.0005127784097567201
0,0,0.00031255563953891397
0,0,0.0183104295283556
0,0,0.02658543735742569
0,0,0.0009087580838240683
1,1,0.9675787687301636
0,0,0.0018250108696520329
0,0,3.363296173120034e-06
1,1,0.9997342228889465
1,1,0.9713326096534729
0,0,0.00031022311304695904
0,0,0.00038804227369837463
1,1,0.9909217953681946
1,1,0.9951966404914856
1,1,0.9967420697212219
0,0,0.0041262428276240826
0,0,0.018677741289138794
1,1,0.5441447496414185
0,0,0.15331141650676727
0,0,0.008440149948000908
1,1,0.9987906813621521
1,1,0.9999967813491821
0,0,7.525918044848368e-05
0,1,0.6230903267860413
1,1,0.9985781908035278
1,1,0.9999607801437378
0,0,0.009689492173492908
1,1,0.8928406834602356
0,0,0.4001704752445221
1,1,0.9997784495353699
1,1,0.9993752837181091
1,1,0.9999774694442749
1,1,0.9973471164703369
1,1,0.9950684309005737
1,1,0.9853050112724304
0,0,0.0018131282413378358
0,0,0.0024448048789054155
1,1,0.9944076538085938
1,1,0.9999563694000244
1,1,0.999485969543457
0,0,1.632088969927281e-05
1,1,0.9999850988388062
1,1,0.9863522052764893
1,1,0.9992478489875793
0,0,0.0018709084251895547
0,0,0.0025048935785889626
1,1,0.9646722078323364
0,0,6.365423814713722e-06
0,0,9.99985513772117e-06
0,0,0.0025793283712118864
0,0,6.051799937267788e-05
0,0,0.00503193587064743
1,1,0.9975966811180115
0,0,0.04741218686103821
0,0,0.00020689242228399962
0,0,0.00138477748259902
1,1,0.9878600239753723
1,1,0.6796877384185791
1,1,0.9496272206306458
0,0,0.0007359293522313237
1,0,0.09978029131889343
0,0,0.003123445436358452
0,0,2.8191405363031663e-05
0,0,0.02317039854824543
0,0,0.05697961524128914
0,0,0.008550719358026981
0,1,0.6252695322036743
0,0,0.00010831426334334537
0,0,0.0027226433157920837
0,0,0.010038579814136028
1,1,0.9539948105812073
1,1,0.9999721050262451
1,1,0.9969627261161804
1,1,0.9996631145477295
0,0,0.0002497391833458096
0,0,0.33794671297073364
0,0,0.0056901490315794945
1,1,0.9920587539672852
0,0,0.0299826692789793
1,1,0.9968006610870361
1,1,0.9661459922790527
1,1,0.8922178149223328
0,0,3.847120751743205e-06
0,1,0.8805733919143677
0,0,0.15191099047660828
0,0,2.1251215002848767e-05
1,1,0.9988791346549988
1,1,0.9948234558105469
0,0,0.00010306270269211382
1,1,0.999168872833252
1,1,0.9980255365371704
0,0,0.45143845677375793
0,0,0.08119095116853714
1,1,0.9999628067016602
1,1,0.9986856579780579
1,0,0.010803761892020702
0,0,0.0010463413782417774
1,1,0.9964781403541565
1,1,0.6092206239700317
0,0,0.002131037414073944
0,0,0.00173005904071033
0,0,8.171670197043568e-05
0,0,0.010997066274285316
1,1,0.9876677393913269
0,0,0.0008571183425374329
0,0,1.6787105778348632e-05
0,0,3.1543033401248977e-05
0,0,0.0035518475342541933
0,0,6.028456937201554e-06
0,0,0.005013972520828247
0,0,0.0006434418028220534
1,0,0.19060678780078888
1,1,0.9998944997787476
0,0,4.196533154754434e-06
0,0,0.49204474687576294
1,1,0.6358624696731567
0,0,3.935225322493352e-06
1,1,0.7290993928909302
0,0,0.023532884195446968
0,0,0.0035415359307080507
1,1,0.9860944747924805
0,1,0.9731561541557312
1,1,0.8020056486129761
1,1,0.9999839067459106
1,1,0.9993671774864197
0,0,0.08713922649621964
0,0,4.972164606442675e-05
1,1,0.9999172687530518
1,1,0.9998130202293396
1,1,0.9859527349472046
0,0,0.003706687595695257
0,0,0.01635458879172802
1,0,0.039509743452072144
1,1,0.9967936873435974
1,1,0.9394050240516663
1,1,0.9971261620521545
0,0,0.0006161491619423032
1,1,0.6884385943412781
0,0,1.2472853086364921e-05
1,1,0.9997852444648743
0,0,8.036832878133282e-05
0,0,2.8000635211355984e-05
0,0,0.0037206958513706923
1,1,0.9977006316184998
0,0,0.0020585290621966124
1,1,0.9887478351593018
0,0,0.022272132337093353
1,1,0.9587486982345581
1,1,0.9717624187469482
0,0,0.0019187945872545242
0,0,0.00036820085369981825
1,1,0.9870036244392395
0,0,9.999818576034158e-05
0,0,0.16723287105560303
1,1,0.99517422914505
0,0,0.42116159200668335
1,1,0.8895024657249451
1,1,0.9992794394493103
0,0,0.00015401816926896572
1,1,0.9893416166305542
1,1,0.9078069925308228
1,1,0.9853367209434509
0,0,0.07968257367610931
0,0,5.8848450862569734e-05
1,1,0.9723817706108093
0,0,0.06090335547924042
0,0,0.0020121815614402294
0,0,0.40218526124954224
1,1,0.9999997615814209
1,1,0.99991774559021
1,1,0.9876310229301453
1,1,0.9995627999305725
1,1,0.9866335391998291
1,1,0.9999825954437256
0,0,7.166407158365473e-06
0,0,0.0025817328132689
0,0,0.2731180787086487
0,0,0.0009790409822016954
1,1,0.9993477463722229
0,0,0.018906038254499435
1,1,0.9962477087974548
1,1,0.9998915195465088
0,0,9.738806738823769e-07
0,0,0.019904574379324913
0,0,0.0022891804110258818
0,0,0.012259559705853462
0,0,0.00993561651557684
1,1,0.9999984502792358
1,1,0.9999613761901855
0,0,0.0027997540310025215
0,0,4.260555942892097e-05
1,1,0.9942753911018372
1,1,0.9968342185020447
1,1,0.9990363121032715
0,0,0.00048235018039122224
1,1,0.9984203577041626
0,0,0.00011069326137658209
0,0,1.625626828172244e-05
1,1,0.9844803214073181
1,1,0.777895450592041
0,0,3.722289693541825e-05
0,0,0.042933594435453415
0,0,0.006519827526062727
1,1,0.7302093505859375
0,0,0.06803139299154282
0,0,0.08767914772033691
1,1,0.9489820003509521
0,0,0.13127616047859192
0,0,0.000979626434855163
1,1,0.9995768666267395
1,1,0.9972051978111267
1,0,0.4980410039424896
0,0,0.1676461100578308
0,0,0.0023940918035805225
0,0,7.445469964295626e-05
1,1,0.9781079888343811
0,0,0.23628811538219452
0,0,0.0010255537927150726
0,0,0.0030070822685956955
0,0,0.000980439712293446
0,0,0.00020401942310854793
0,0,0.00012344858259893954
1,1,0.9495490789413452
0,0,0.00020551809575408697
0,0,1.917612507895683e-06
1,1,0.9897108674049377
1,1,0.6515759825706482
0,0,0.0006812039064243436
1,1,0.9982295632362366
0,0,0.003559700446203351
0,0,0.00850793905556202
0,0,0.00170812604483217
1,0,0.16531339287757874
0,0,0.0031916091684252024
0,0,0.17067918181419373
1,1,0.999612033367157
1,1,0.975782036781311
0,0,0.00108367542270571
1,1,0.7058698534965515
1,1,0.9999932050704956
0,0,0.052259016782045364
0,0,0.028174346312880516
1,0,0.19657152891159058
1,1,0.9999964237213135
1,1,0.839580237865448
1,1,0.9982832670211792
1,1,0.9975040555000305
0,0,0.08531887829303741
1,1,0.9959791898727417
1,1,0.9702841639518738
0,0,0.003141621593385935
1,1,0.9993950128555298
1,1,0.9843526482582092
0,0,0.002612773096188903
0,0,0.0012868262128904462
1,1,0.9989156723022461
1,1,0.9999921321868896
1,1,0.9999512434005737
1,1,0.9988600015640259
0,0,0.046766072511672974
0,0,0.020773811265826225
1,1,0.9931032657623291
1,1,0.9999289512634277
1,1,0.9998736381530762
0,0,0.09938853979110718
0,0,0.09203668683767319
0,0,0.30516964197158813
1,1,0.9987640380859375
1,1,0.9992569088935852
1,1,0.9957418441772461
1,1,0.999638557434082
0,0,0.18660247325897217
0,0,0.004311933647841215
1,1,0.9999285936355591
1,1,0.9717830419540405
0,0,1.9231238184147514e-05
0,0,3.574988295440562e-05
1,1,0.9997683167457581
0,0,0.00012865345343016088
0,0,0.00034232556936331093
0,0,2.589719952084124e-05
1,1,0.8479973077774048
0,0,0.000282290973700583
1,1,0.9994938373565674
1,1,0.9994834661483765
0,1,0.5115888714790344
1,1,0.9997782111167908
0,0,0.0008303919457830489
0,0,0.21398316323757172
1,1,0.9988566637039185
0,0,0.01474838238209486
0,0,0.04768812283873558
1,1,0.8185948729515076
1,0,0.38180872797966003
1,1,0.9948093891143799
1,1,0.9163478016853333
1,1,0.9990654587745667
1,1,0.9912883043289185
1,1,0.9999879598617554
0,0,0.08255520462989807
0,0,0.00010510924039408565
1,1,0.9999746084213257
1,1,0.9979362487792969
1,1,0.9979578256607056
1,1,0.9976859092712402
0,0,0.00012709610746242106
0,0,0.0023026263806968927
0,0,0.1479358673095703
1,1,0.9997836947441101
0,0,0.0008216805872507393
1,0,0.2569155991077423
1,1,0.9999969005584717
1,1,0.9985175728797913
1,1,0.9909765124320984
1,1,0.9922767281532288
1,1,0.9998418092727661
1,1,0.9846603274345398
0,0,0.008881392888724804
1,1,0.985607385635376
0,0,0.0006240339134819806
1,1,0.9988753199577332
1,1,0.9998701810836792
1,1,0.9979404807090759
0,0,3.091019209477963e-07
1,1,0.6133869886398315
1,0,0.3806915581226349
1,1,0.9265741109848022
1,1,0.9999064207077026
0,0,0.0020629377104341984
0,0,0.08360100537538528
1,1,0.9987022876739502
1,1,0.999997615814209
1,1,0.9996234178543091
0,0,0.0018022783333435655
1,1,0.9998966455459595
0,0,0.012149802409112453
0,0,0.005753027740865946
1,1,0.9990763664245605
0,0,0.0019563594833016396
0,0,0.0013851533876731992
1,1,0.9510567784309387
1,1,0.9848839044570923
1,1,0.9999568462371826
1,1,0.9999994039535522
1,1,0.9954155683517456
0,0,0.0004907897673547268
1,1,0.9980171918869019
1,1,0.9997339844703674
0,0,0.18144859373569489
0,0,0.003335277084261179
0,0,0.003133453195914626
0,0,0.06752652674913406
0,0,0.000955375493504107
1,1,0.9628295302391052
0,0,0.3677492141723633
0,0,0.0021611566189676523
1,1,0.9993108510971069
1,1,0.9850612282752991
1,1,0.9981359243392944
0,0,0.04154917225241661
1,1,0.9999357461929321
0,0,0.000827607000246644
1,1,0.8474623560905457
1,1,0.996638298034668
1,1,0.9998878240585327
0,0,0.00016764586325734854
0,0,0.010498379357159138
0,0,0.00028014686540700495
0,0,0.020018089562654495
1,1,0.9957168698310852
0,0,0.0023468416184186935
0,0,0.00785154476761818
1,1,0.9995290040969849
1,1,0.9892457127571106
1,1,0.9995304346084595
0,1,0.6665555834770203
0,0,0.0010450741974636912
0,0,0.05189375951886177
0,0,0.03163205459713936
0,0,0.0006703112157993019
0,0,4.772991451318376e-05
1,1,0.9986879229545593
1,1,0.9877976775169373
0,0,0.01082147378474474
0,0,0.02305617555975914
0,0,0.0041984738782048225
1,1,0.9429445266723633
0,0,0.0023013348691165447
0,0,0.3133634626865387
1,1,0.9472165107727051
1,1,0.9939960241317749
1,1,0.9996260404586792
0,0,0.0003522746847011149
1,1,0.9999362230300903
0,1,0.5777055621147156
0,0,0.0058626169338822365
1,1,0.9847352504730225
1,1,0.999692440032959
0,0,0.00011394960165489465
0,0,0.0074419560842216015
0,0,0.14008967578411102
1,1,0.9999953508377075
1,1,0.9567890763282776
1,1,0.9494825601577759
1,1,0.9994250535964966
1,1,0.9998936653137207
1,1,0.9999768733978271
1,1,0.9999496936798096
0,0,0.0017079267418012023
1,1,0.9480769038200378
0,0,0.37270379066467285
0,0,1.1924954378628172e-05
0,0,0.027602074667811394
1,1,0.9947463274002075
1,1,0.9997294545173645
1,1,0.9979321956634521
1,1,0.9986796975135803
1,1,0.9976200461387634
0,1,0.9109954237937927
0,0,0.030203618109226227
0,0,0.06104142963886261
0,0,0.000317345664370805
1,1,0.9954274892807007
0,0,4.483815064304508e-05
0,0,0.06657454371452332
0,0,0.09618393331766129
1,1,0.962706983089447
1,1,0.8513787984848022
0,0,0.07435575127601624
1,1,0.9984868764877319
1,1,0.8767859935760498
1,1,0.999277651309967
1,1,0.9998130202293396
1,1,0.9982218146324158
0,0,0.0009845513850450516
0,0,1.2775626601069234e-05
1,1,0.960121214389801
1,1,0.9298924207687378
1,1,0.9999994039535522
1,1,0.9363345503807068
1,1,0.999703586101532
0,0,6.500752351712435e-05
1,1,0.9988124370574951
1,1,0.6609415411949158
0,0,0.0016826444771140814
0,0,0.00010010303230956197
0,0,0.0005567512707784772
0,0,0.0009136560256592929
0,0,0.19082292914390564
0,0,0.0005305975209921598
0,0,0.0020592226646840572
1,1,0.9783243536949158
1,1,0.9978529214859009
1,1,0.999460756778717
0,0,0.017182521522045135
0,0,0.0013718755217269063
0,0,0.3138805329799652
0,0,0.47445449233055115
0,0,0.01744697242975235
0,0,0.057547278702259064
0,0,2.464646286171046e-06
0,0,0.002252183621749282
0,0,0.0694892480969429
1,1,0.9999949932098389
1,1,0.9998786449432373
1,1,0.9978105425834656
0,0,0.06050403043627739
1,1,0.9997244477272034
0,0,0.054480232298374176
0,0,0.00032727900543250144
0,0,4.215255830786191e-05
0,0,8.352956501767039e-05
0,0,0.00017634633695706725
0,0,2.70961900241673e-05
0,0,0.0015693308087065816
1,1,0.9940230250358582
0,0,0.005870155990123749
0,0,0.013270009309053421
0,0,0.0056887115351855755
0,0,0.05624866858124733
0,0,0.001228498062118888
1,1,0.999930739402771
1,1,0.9998400211334229
0,0,0.032751258462667465
1,1,0.9964391589164734
1,1,0.9999668598175049
0,0,0.4117307960987091
0,0,6.179161573527381e-06
0,0,0.006490612402558327
0,0,6.165201193653047e-05
0,1,0.6483653783798218
1,1,0.9921769499778748
1,1,0.9998261332511902
0,0,0.011016074568033218
1,1,0.7053455710411072
0,0,0.07193443924188614
0,0,8.629911462776363e-05
1,0,0.004064389504492283
0,0,0.3097131848335266
1,1,0.9669203162193298
1,1,0.925023078918457
0,0,0.040666162967681885
0,0,0.0010229801991954446
0,0,0.00013402760669123381
0,1,0.8155207633972168
0,0,0.0003508506342768669
1,0,0.4930286407470703
1,1,0.9964593052864075
1,1,0.9996219873428345
1,1,0.8889864683151245
1,1,0.9993937015533447
0,0,0.09226630628108978
1,1,0.7842684388160706
1,1,0.9999794960021973
0,0,0.00027345845592208207
0,0,7.810283568687737e-05
1,1,0.9976950287818909
1,1,0.9997448325157166
0,1,0.7390549182891846
1,1,0.9961357712745667
0,0,0.3258660137653351
0,0,0.0004991832538507879
1,1,0.9994206428527832
1,1,0.9912721514701843
1,1,0.9991196990013123
1,1,0.999256432056427
1,1,0.964429497718811
1,1,0.9996469020843506
0,0,0.002419056836515665
1,1,0.9953209757804871
0,0,0.007512362208217382
0,0,0.007182050962001085
1,1,0.999660849571228
1,1,0.9177990555763245
1,1,0.9999865293502808
1,1,0.993127703666687
1,1,0.980699360370636
1,1,0.990177571773529
0,0,0.0009600230841897428
0,0,0.019268380478024483
0,0,0.3288078010082245
0,0,0.3060493767261505
0,0,0.12567029893398285
0,0,0.004935041069984436
0,0,0.3522461950778961
0,0,1.0003011539083673e-06
1,1,0.9994909763336182
0,0,0.035251084715127945
1,1,0.9968613386154175
1,1,0.9966435432434082
1,1,0.9999947547912598
0,0,0.013992168009281158
1,1,0.9925299286842346
1,1,0.9998818635940552
1,1,0.9992984533309937
1,1,0.9960055947303772
0,0,0.20269055664539337
1,1,0.9999411106109619
1,1,0.936348021030426
1,1,0.9999899864196777
1,0,0.29634299874305725
0,0,0.005088157951831818
0,0,0.01675327867269516
0,0,0.018102340400218964
1,1,0.9998378753662109
1,1,0.9998745918273926
0,0,0.20185218751430511
1,1,0.9993442893028259
1,1,0.9995657801628113
0,0,3.4062737540807575e-05
1,1,0.9965324401855469
0,0,0.0003051399835385382
1,0,0.1541316956281662
1,0,0.14041151106357574
0,0,0.09920945763587952
1,1,0.6879305243492126
1,1,0.6487653851509094
1,1,0.9897318482398987
0,1,0.5545681118965149
0,1,0.7873142957687378
0,0,0.00804914254695177
1,1,0.783953845500946
1,1,0.9986904263496399
1,1,0.9999831914901733
1,1,0.9892868995666504
1,1,0.9948663711547852
1,1,0.9991413354873657
1,1,0.9987414479255676
1,1,0.9704667925834656
1,1,0.9981256127357483
0,0,0.0017793026054278016
1,1,0.9999375343322754
0,0,0.00219698972068727
1,1,0.9973190426826477
1,1,0.9868510365486145
0,0,0.0016057365573942661
1,1,0.6954934597015381
0,0,0.00554848276078701
0,0,0.00033170904498547316
0,0,0.10932201892137527
1,1,0.9995868802070618
1,1,0.9999350309371948
1,1,0.9960753321647644
1,1,0.9827072024345398
1,1,0.9996756315231323
1,1,0.999947190284729
1,1,0.9933452606201172
0,0,0.056570954620838165
0,0,0.08697187155485153
0,0,0.0024805639404803514
1,1,0.9999923706054688
0,0,0.1985008418560028
1,1,0.998547375202179
0,0,2.011080368902185e-06
1,1,0.9870908260345459
1,1,0.9999741315841675
0,0,0.00926007330417633
1,1,0.9924584031105042
0,0,0.015378887765109539
0,0,0.00034340916317887604
0,0,5.664093987434171e-05
1,1,0.8238970041275024
1,1,0.9999784231185913
1,1,0.9996893405914307
1,1,0.99991774559021
0,0,0.011449172161519527
1,1,0.9999929666519165
0,0,0.005846528336405754
1,1,0.9821438193321228
1,1,0.9998455047607422
1,1,0.9985281229019165
0,0,3.879816631524591e-06
0,0,0.009143639355897903
0,0,2.5753466616151854e-05
0,0,0.011178109794855118
1,1,0.9963512420654297
1,1,0.9997852444648743
1,1,0.9668348431587219
1,1,0.9993477463722229
1,1,0.789903461933136
0,0,0.10538933426141739
0,0,4.7064946784303174e-07
0,0,0.08481627702713013
1,1,0.9858469367027283
1,1,0.9921004176139832
1,1,0.640105664730072
1,1,0.991466760635376
0,0,0.00012958758452441543
0,0,0.1846057027578354
0,0,6.194485990818066e-07
0,0,0.32005468010902405
1,1,0.9998598098754883
0,0,0.26663005352020264
0,0,0.0006355969817377627
0,0,0.06425081193447113
1,1,0.9995744824409485
0,0,0.001999730011448264
1,1,0.9620380401611328
1,1,0.9967162609100342
1,1,0.9997021555900574
0,0,0.1558641493320465
0,0,6.664892862318084e-05
0,0,0.0002642902545630932
0,0,0.0008229260565713048
0,0,0.017482440918684006
1,1,0.99763023853302
1,1,0.6373860239982605
1,1,0.9871339201927185
1,1,0.996091902256012
0,0,0.007089933846145868
0,1,0.9894776940345764
0,1,0.6991620659828186
0,0,0.0025200778618454933
0,0,0.025118939578533173
1,1,0.9996464252471924
1,1,0.9999030828475952
0,0,0.12161603569984436
0,0,0.0006350607727654278
1,0,0.15760096907615662
1,1,0.9991335272789001
0,0,0.03957124054431915
0,0,0.0019575906917452812
1,1,0.9012521505355835
0,0,0.03509153425693512
1,1,0.9999831914901733
0,0,0.20897267758846283
1,1,0.9998297691345215
1,1,0.9289076924324036
0,0,0.3168727457523346
0,0,0.12982399761676788
0,0,0.35773006081581116
0,0,0.04776150360703468
0,0,1.728160168568138e-05
0,0,0.01822005957365036
1,1,0.9999995231628418
0,0,0.0003480544837657362
1,1,0.9994470477104187
1,0,0.059130921959877014
1,1,0.9998762607574463
0,0,0.23158752918243408
0,0,0.0020698849111795425
1,1,0.9994478821754456
1,1,0.9970231652259827
1,1,0.9999929666519165
1,1,0.9911093711853027
0,0,0.00155752117279917
1,1,0.9625980854034424
1,1,0.9973950386047363
1,1,0.9993765950202942
1,1,0.9990997314453125
1,1,0.998005211353302
1,1,0.8407028913497925
0,0,0.00039919160190038383
1,1,0.9985435009002686
1,1,0.9936370849609375
0,0,0.007554216310381889
1,1,0.9999895095825195
1,1,0.9425118565559387
1,1,0.9998620748519897
0,0,0.2181597650051117
1,1,0.9999940395355225
1,1,0.9999840259552002
1,1,0.9985494017601013
1,1,0.9990045428276062
1,1,0.999498724937439
1,0,0.4862062633037567
1,1,0.9946105480194092
1,1,0.9965916872024536
0,0,8.629301737528294e-05
1,1,0.9879677295684814
1,1,0.9999839067459106
0,0,4.738577990792692e-05
0,0,0.0017982192803174257
0,0,0.004440018441528082
1,1,0.8874836564064026
1,1,0.9961571097373962
1,1,0.9030712246894836
0,0,7.665200246265158e-05
1,1,0.9996675252914429
1,1,0.9970051646232605
0,1,0.5458479523658752
0,0,0.00042756294715218246
1,1,0.9987764954566956
0,0,9.009995119413361e-05
0,0,0.00034804453025572
0,0,0.006687521003186703
1,1,0.9976230263710022
1,1,0.9962433576583862
1,1,0.999269425868988
1,1,0.8908191919326782
0,0,0.07967829704284668
1,1,0.982490599155426
1,1,0.9952990412712097
1,1,0.9999874830245972
1,1,0.9999079704284668
1,1,0.9938369393348694
0,0,0.02100243978202343
1,1,0.9992445707321167
1,1,0.9998446702957153
1,1,0.9952505826950073
0,1,0.5935953855514526
0,0,0.00017032003961503506
1,1,0.9966185092926025
0,0,0.28097015619277954
1,1,0.7571173310279846
0,0,0.008960475213825703
1,1,0.9967106580734253
1,1,0.7609622478485107
0,0,0.0003570980916265398
1,1,0.9921038150787354
0,0,0.031105438247323036
1,1,0.6479520797729492
1,1,0.9944860339164734
1,1,0.9935311675071716
0,0,0.2277069091796875
0,0,5.778430022473913e-06
0,0,0.00011153327068313956
0,0,0.0016099006170406938
1,1,0.9861496686935425
0,0,0.0445457324385643
1,1,0.9928891658782959
0,0,0.11808418482542038
1,0,0.338323175907135
0,1,0.688679575920105
0,0,0.08777652680873871
0,0,0.14154894649982452
0,0,0.00016293188673444092
0,0,1.7039139493135735e-05
1,1,0.9853358864784241
0,0,0.0008466504514217377
0,0,0.025425275787711143
0,0,0.4441022276878357
1,1,0.9998241066932678
0,0,0.00886059831827879
0,0,0.07062485069036484
0,0,0.06482785195112228
0,0,0.003930934704840183
0,0,7.716921390965581e-05
1,1,0.8802458047866821
0,0,0.01275192853063345
0,0,0.06883149594068527
0,0,0.0025486056692898273
0,0,5.7368638408661354e-06
0,0,0.0005821934901177883
0,0,0.0001822956692194566
0,0,1.6268644685624167e-05
0,0,0.0007503893575631082
0,0,0.0007064217352308333
0,0,0.0004022750654257834
0,0,0.07462499290704727
0,0,0.19282005727291107
0,0,0.0008303049253299832
0,0,4.6072836994426325e-05
0,0,2.2790409275330603e-05
1,1,0.9989027976989746
1,1,0.9732912182807922
0,0,6.534219210152514e-07
1,1,0.8935820460319519
1,1,0.9981254935264587
0,0,0.0032620138954371214
0,0,0.05851922184228897
0,0,0.06155221909284592
1,1,0.8168660402297974
0,0,0.00023709460219834
0,0,0.00644716527312994
0,0,0.00011672617984004319
0,0,9.77413492364576e-07
0,0,0.033352211117744446
0,0,5.444407361210324e-05
1,1,0.9966310858726501
0,0,0.00028003123588860035
1,1,0.9971261620521545
0,0,6.201228097779676e-05
0,0,0.14152541756629944
0,0,0.00406681839376688
0,0,0.00010314233804820105
1,1,0.9990096092224121
1,1,0.9999361038208008
0,1,0.674799919128418
0,0,2.1329408639303438e-07
1,1,0.9961550831794739
1,1,0.7941591143608093
0,0,0.007661374285817146
1,1,0.995535135269165
0,0,0.007014468777924776
1,1,0.9994066953659058
1,1,0.8123577833175659
0,0,0.01451064832508564
1,1,0.9984225034713745
1,1,0.9992696642875671
0,0,0.26063433289527893
0,0,0.26821357011795044
1,1,0.7375437617301941
1,1,0.9958609938621521
1,1,0.9995647072792053
1,1,0.9991363883018494
1,1,0.9987131357192993
1,1,0.9976775050163269
1,1,0.9838646650314331
1,1,0.9999902248382568
0,0,0.06918349117040634
1,0,0.16291160881519318
0,0,2.3897833671071567e-05
0,0,0.006828548852354288
1,1,0.8778121471405029
1,1,0.9689396023750305
1,1,0.9923845529556274
1,1,0.9999754428863525
1,1,0.9964361190795898
1,1,0.9999929666519165
1,1,0.9999966621398926
1,1,0.9999984502792358
1,1,0.9605581164360046
1,1,0.9997110962867737
0,0,0.281858891248703
1,0,0.3412107527256012
1,1,0.9999961853027344
0,0,1.7104293874581344e-05
0,0,0.03452850505709648
1,1,0.8863336443901062
1,1,0.9994945526123047
1,1,0.9944218993186951
1,1,0.9996103644371033
0,0,0.07697954028844833
0,0,0.0012669831048697233
1,1,0.9982567429542542
1,1,0.9932569265365601
0,0,0.001652176957577467
0,0,0.0006563208880834281
1,1,0.9997220635414124
1,1,0.997968852519989
0,0,0.00713397515937686
1,1,0.9999651908874512
1,1,0.9978539347648621
1,1,0.9986363053321838
0,0,0.014087938703596592
1,1,0.9939963817596436
0,0,0.006705898325890303
1,1,0.9980424642562866
1,1,0.9800984859466553
1,1,0.998511016368866
1,1,0.9998953342437744
1,1,0.9999707937240601
1,1,0.9935058355331421
1,1,0.9999754428863525
1,1,0.9995273351669312
1,1,0.9990229606628418
1,1,0.9774801731109619
1,1,0.9466146230697632
1,1,0.9547379016876221
0,0,1.010054984362796e-05
1,1,0.9502677321434021
1,1,0.5272794365882874
0,0,0.00033226577215828
1,1,0.9997971653938293
1,1,0.9994255304336548
0,0,5.083109499537386e-05
0,1,0.5713981986045837
0,0,0.16556617617607117
0,0,0.004764517303556204
1,1,0.9796200394630432
1,1,0.9884907007217407
0,1,0.743340015411377
0,0,0.0005284489598125219
0,0,0.4702770411968231
1,1,0.9999762773513794
1,1,0.999527096748352
1,1,0.9563452005386353
1,1,0.999992847442627
1,1,0.9999480247497559
1,1,0.9978860020637512
1,1,0.996749758720398
1,1,0.9361987113952637
0,0,0.013075411319732666
0,0,0.0008547889883629978
0,0,0.03013662062585354
0,0,0.0270429365336895
0,0,0.0005289253895170987
1,1,0.6079334616661072
1,1,0.9999939203262329
1,1,0.997717022895813
1,1,0.7628119587898254
1,1,0.996682345867157
1,1,0.9994731545448303
1,1,0.9981585144996643
1,1,0.9995751976966858
1,1,0.9424938559532166
1,1,0.9724628925323486
0,0,7.1904496508068405e-06
0,0,1.0655056712494115e-06
0,0,1.5083480320754461e-05
1,1,0.9990330934524536
1,1,0.9578759074211121
1,1,0.8581672310829163
1,1,0.9999672174453735
1,1,0.9996116757392883
0,0,0.0013200400862842798
1,1,0.9857894778251648
1,1,0.8486684560775757
0,0,0.15399393439292908
1,1,0.9994816184043884
1,1,0.9999819993972778
0,0,7.825887587387115e-05
1,1,0.921402633190155
0,0,9.09054942894727e-05
1,1,0.9998714923858643
1,1,0.5437015295028687
0,0,0.004944141488522291
0,0,0.009737038053572178
0,0,0.25504928827285767
0,0,0.0002525247691664845
1,1,0.9976075887680054
0,0,7.290842404472642e-06
1,1,0.9997442364692688
1,1,0.9835883378982544
1,1,0.537142276763916
0,0,2.352942647121381e-05
0,0,0.00020092944032512605
1,1,0.6421775221824646
1,1,0.999951958656311
0,0,0.010782558470964432
1,1,0.7676705718040466
1,1,0.9998979568481445
1,1,0.9999393224716187
0,0,0.027672749012708664
1,1,0.9988930821418762
1,1,0.9999644756317139
1,1,0.9958999752998352
1,1,0.9980685114860535
1,1,0.9982936978340149
0,0,3.6270062992116436e-05
1,1,0.999987006187439
1,1,0.9700034260749817
1,1,0.8754986524581909
0,1,0.5487909913063049
1,1,0.975737988948822
1,1,0.997357189655304
1,1,0.9923027753829956
1,1,0.8488155603408813
0,0,0.17061813175678253
0,0,0.004429269582033157
1,1,0.9986681938171387
0,0,0.010669656097888947
1,1,0.9993475079536438
0,1,0.6003628969192505
1,1,0.9978965520858765
1,1,0.9934043288230896
0,0,0.005496432073414326
1,1,0.954781711101532
1,0,0.3480544090270996
0,0,0.00045212532859295607
0,0,0.12670660018920898
0,0,0.003125515766441822
0,0,0.0013124743709340692
0,0,0.05284666270017624
1,1,0.9952678084373474
0,0,5.205744457725814e-08
1,0,0.06822274625301361
0,0,5.860818532710255e-07
0,0,0.06280099600553513
0,0,0.0022468806710094213
1,1,0.9939696788787842
1,1,0.9967440366744995
0,0,0.38756588101387024
0,0,2.9066166007396532e-06
1,1,0.9933795928955078
1,1,0.9992303848266602
1,1,0.9997424483299255
0,0,0.44922348856925964
0,0,0.0007108694408088923
0,0,0.02052714116871357
0,0,0.0030009387992322445
0,0,0.023135187104344368
0,0,0.005197426304221153
1,1,0.9981022477149963
0,0,0.030519474297761917
0,0,0.006807202473282814
1,1,0.8575420379638672
1,1,0.9889695644378662
1,1,0.9156973361968994
1,1,0.9994058609008789
1,1,0.9963452219963074
1,1,0.9999901056289673
1,1,0.9786771535873413
1,1,0.9340198636054993
1,1,0.999983549118042
1,1,0.6656357049942017
0,1,0.5182868838310242
0,0,0.000679870368912816
1,1,0.9999892711639404
1,1,0.9983041286468506
1,1,0.992077648639679
1,1,0.8347615599632263
1,1,0.9941323399543762
0,0,0.10465778410434723
0,1,0.8439953923225403
1,1,0.9993788003921509
0,0,0.1354023665189743
1,1,0.9774966239929199
1,1,0.9999346733093262
0,0,0.00029653438832610846
0,0,0.0245768241584301
0,0,0.00033756031189113855
1,1,0.9999641180038452
0,0,0.016250522807240486
0,0,0.0031702725682407618
0,1,0.6522245407104492
0,0,0.03532949090003967
1,1,0.9891342520713806
1,1,0.9999802112579346
0,0,2.5169623768306337e-05
1,0,0.002670043148100376
0,0,0.13656195998191833
0,0,0.00015036137483548373
0,0,0.13024935126304626
0,0,3.360319897183217e-05
0,0,0.0009556749719195068
1,1,0.9953923225402832
0,0,0.0007760758744552732
1,1,0.9996390342712402
1,1,0.999563992023468
1,1,0.9981188178062439
1,1,0.9665526747703552
1,1,0.9999258518218994
1,1,0.9880456328392029
1,1,0.9981232285499573
0,0,0.003769573289901018
1,1,0.9891200065612793
1,1,0.9744858145713806
0,0,0.04905597120523453
0,0,0.012425691820681095
0,0,0.0030029264744371176
0,0,0.001130184973590076
0,0,7.51558764022775e-06
0,0,0.00012511289969552308
1,1,0.9238511323928833
1,1,0.9999047517776489
1,1,0.9991518259048462
0,0,0.07752120494842529
1,1,0.9959171414375305
1,1,0.997032880783081
1,1,0.9998278617858887
1,1,0.9990103244781494
1,1,0.9999634027481079
1,1,0.9999946355819702
1,1,0.9985028505325317
0,0,0.0003120607871096581
1,1,0.999990701675415
1,1,0.9992819428443909
0,1,0.5784186124801636
0,0,0.0019088400295004249
1,1,0.9997714161872864
0,0,2.7938378480030224e-05
1,1,0.9998737573623657
0,0,0.00044234958477318287
0,0,0.026669414713978767
0,0,0.42084765434265137
1,1,0.998772919178009
0,0,0.2970804274082184
1,1,0.9998070597648621
1,1,0.9999738931655884
1,1,0.9997327923774719
0,0,0.0014227620558813214
1,1,0.7525884509086609
0,0,0.06442627310752869
0,0,0.00042215781286358833
0,0,8.3666127466131e-05
1,1,0.9997065663337708
1,1,0.9855623245239258
0,0,3.3507712942082435e-05
1,1,0.998084306716919
1,1,0.9997428059577942
1,1,0.9995751976966858
0,0,0.04134811833500862
1,1,0.9932405948638916
0,0,1.6775327821960673e-05
1,1,0.9986839890480042
0,0,0.009721720591187477
0,0,0.004965101834386587
1,1,0.9992497563362122
0,0,0.0008246758370660245
0,0,0.005465496797114611
0,0,0.2490391880273819
0,0,0.00015421023999806494
1,1,0.9962969422340393
0,0,5.8962883485946804e-05
0,0,0.0026872032321989536
1,1,0.9995443224906921
1,1,0.9998020529747009
1,1,0.99692302942276
1,1,0.9725911021232605
0,0,0.12073633819818497
0,0,0.042693834751844406
0,0,0.0007981182425282896
0,0,0.00042959136771969497
0,0,0.09266147762537003
0,0,0.0010120526421815157
1,1,0.9994738698005676
0,0,0.11071506887674332
1,1,0.8975797295570374
0,0,0.025717630982398987
0,0,0.15110743045806885
1,1,0.9983636736869812
0,0,0.029356656596064568
1,1,0.9675200581550598
1,1,0.8826756477355957
1,1,0.9975916147232056
0,0,0.02861400879919529
0,0,0.003953932784497738
1,1,0.999832272529602
0,0,0.0012437665136530995
0,0,5.469578900374472e-05
0,0,0.24851776659488678
1,1,0.9997714161872864
1,1,0.9993453621864319
0,0,1.593108754605055e-05
1,1,0.6330723762512207
0,0,1.40815541271877e-06
1,1,0.9970880150794983
0,0,0.0022935497108846903
0,1,0.7682690024375916
0,0,0.0010937919141724706
1,1,0.9999842643737793
1,1,0.9999077320098877
0,0,0.00028352224035188556
0,0,0.4411560893058777
0,0,0.10801119357347488
1,1,0.7914296388626099
0,1,0.8161910772323608
1,1,0.9993019104003906
1,1,0.9990437626838684
1,1,0.997825562953949
0,0,0.1942538321018219
1,1,0.9999067783355713
0,1,0.6485490798950195
0,0,0.156021386384964
1,1,0.9862825274467468
1,1,0.7936480045318604
1,1,0.9999816417694092
0,0,3.680202644318342e-05
1,1,0.9852596521377563
0,0,0.011845064349472523
1,0,0.488664835691452
0,0,0.00495325680822134
1,1,0.9999566078186035
1,1,0.9812740683555603
1,1,0.998417854309082
0,0,0.008900112472474575
0,1,0.9995774626731873
1,1,0.9717960953712463
1,1,0.9800233840942383
0,0,0.0008581033907830715
0,0,0.00030274817254394293
0,0,0.012489029206335545
1,1,0.9933759570121765
1,1,0.5372646450996399
1,1,0.9786282777786255
1,1,0.9981817007064819
1,1,0.5782109498977661
1,1,0.9332987070083618
1,1,0.9987505674362183
1,1,0.998835027217865
0,0,0.002221413655206561
0,0,0.00518374377861619
0,0,0.017315076664090157
1,1,0.9407525658607483
0,0,7.244898938552069e-07
1,1,0.9999974966049194
1,1,0.9885750412940979
1,1,0.9359541535377502
0,0,0.004978240933269262
1,1,0.8452441692352295
0,0,0.020750772207975388
0,0,0.04973211511969566
0,0,0.00019404453632887453
0,0,5.3858329920331016e-05
0,0,4.531456215772778e-05
0,0,1.6904576114029624e-05
1,1,0.5465307831764221
0,0,5.161853550816886e-06
0,0,0.1204032227396965
1,1,0.9756250977516174
0,0,8.661298522838479e-08
0,0,0.004340508487075567
1,1,0.9803645610809326
1,1,0.9982277750968933
1,1,0.8317597508430481
1,1,0.9999722242355347
0,0,0.0014128689654171467
1,1,0.9971844553947449
1,0,0.39854466915130615
0,0,0.11624211817979813
1,1,0.9999982118606567
0,0,0.011434491723775864
0,0,2.1600939362542704e-05
0,0,0.00026664178585633636
1,1,0.9968020915985107
1,0,0.10143578797578812
1,1,0.9942112565040588
1,1,0.9783474206924438
1,0,0.2080099731683731
0,0,0.4085850715637207
1,1,0.997793436050415
0,0,0.0029390137642621994
0,0,2.80047479463974e-05
0,0,0.0018275236943736672
0,0,3.9303511584876105e-05
1,1,0.9999562501907349
0,1,0.9847087860107422
0,0,0.08821826428174973
1,1,0.9943431615829468
1,1,0.9990195035934448
1,1,0.9774796366691589
0,0,0.2290804237127304
1,1,0.999748170375824
0,0,0.033562373369932175
0,0,0.026834357529878616
0,0,4.2105715692741796e-05
0,0,0.0007567529683001339
1,1,0.9990400671958923
1,1,0.9990880489349365
0,0,0.0002687271626200527
1,1,0.9999847412109375
0,0,0.02574967034161091
0,0,0.05638016387820244
1,1,0.9334313273429871
1,1,0.9994957447052002
1,1,0.9973728656768799
0,1,0.8617860078811646
1,1,0.9984910488128662
0,0,0.05477878823876381
0,0,0.0004958256031386554
1,1,0.9999879598617554
1,1,0.9458212852478027
0,0,0.026551444083452225
0,0,0.010049089789390564
0,0,4.1680046706460416e-05
1,1,0.9999991655349731
1,1,0.9995660185813904
1,1,0.9367285370826721
0,0,0.087798573076725
0,0,0.0016939982306212187
1,1,0.7516354322433472
1,1,0.9998654127120972
1,1,0.9997614026069641
0,0,0.0308394618332386
1,0,0.0030391840264201164
0,0,9.001613943837583e-05
1,1,0.9991305470466614
0,0,0.000424331083195284
1,1,0.9999754428863525
1,1,0.9999833106994629
1,1,0.9900216460227966
0,0,0.00011435004853410646
1,1,0.890753448009491
0,0,0.48206257820129395
0,0,0.0558951236307621
0,0,0.0009807947790250182
0,0,7.534772885264829e-05
0,0,4.396364602143876e-06
1,0,0.0049263592809438705
0,0,0.0004206820158287883
1,1,0.6498206853866577
1,1,0.9990322589874268
1,1,0.9708357453346252
0,1,0.9522289037704468
0,0,3.760229446925223e-06
0,0,5.6081726143020205e-06
0,0,0.00010571920574875548
0,0,0.03897898271679878
0,0,0.16736559569835663
0,0,0.0012068477226421237
0,0,7.548429857706651e-05
0,0,0.07677767425775528
0,0,0.00042011556797660887
1,1,0.9595518708229065
1,1,0.9982433319091797
0,1,0.7694571614265442
0,0,0.005573364906013012
0,0,0.004498051013797522
1,1,0.9939801692962646
1,1,0.9958072900772095
0,0,4.2422908563821693e-07
0,0,8.927717317419592e-06
0,0,0.03507818281650543
1,1,0.9985542893409729
0,0,0.012140300124883652
1,1,0.9977732300758362
1,1,0.9999840259552002
0,0,1.6148167105711764e-06
1,1,0.9867212772369385
1,1,0.9994899034500122
0,0,8.533022628398612e-05
0,0,0.004440415184944868
0,0,2.6005323888966814e-05
0,0,0.001796065247617662
0,0,2.748189672274748e-06
0,0,0.03131457045674324
0,1,0.8019850254058838
1,1,0.9998815059661865
1,1,0.9979156851768494
1,1,0.9959205389022827
0,0,0.004947239067405462
0,0,0.010376320220530033
1,1,0.9999182224273682
1,1,0.9999046325683594
0,0,0.0023895895574241877
0,0,0.03732486441731453
1,1,0.9985944628715515
1,1,0.8399317264556885
0,0,0.014139358885586262
0,0,0.0001636640081414953
0,1,0.7415194511413574
0,0,0.17002472281455994
1,1,0.910846471786499
1,1,0.9997460246086121
1,1,0.9926871061325073
0,0,0.0008233985863626003
0,0,0.04260709509253502
0,0,0.002024749293923378
1,1,0.999439537525177
1,1,0.9972116351127625
1,1,0.9983293414115906
1,1,0.999982476234436
1,1,0.9999139308929443
1,1,0.9816597104072571
0,0,0.0024349368177354336
0,0,1.1080024705734104e-05
1,1,0.9999613761901855
1,1,0.9992316961288452
0,0,0.4899146258831024
0,0,0.016527703031897545
1,1,0.9978796243667603
1,1,0.9722381830215454
0,1,0.9315952658653259
0,0,0.009795065969228745
0,0,0.00018068439385388047
0,0,0.003955582156777382
1,1,0.9718248248100281
0,0,9.669172868598253e-05
0,0,2.88161445496371e-05
1,0,0.1427943855524063
0,0,0.005531598813831806
0,1,0.6942337155342102
0,0,9.72031648416305e-06
0,1,0.819604218006134
0,0,0.1704483926296234
0,0,0.0033977904822677374
0,0,0.10284703224897385
1,1,0.9988988637924194
0,0,7.491146902793844e-07
0,0,0.11583241820335388
1,0,0.3768019676208496
0,0,0.08867086470127106
0,0,0.0002255270374007523
0,0,0.04749288782477379
1,1,0.9987518787384033
0,0,2.055970071523916e-05
0,0,0.0017681303434073925
0,0,4.0537966015108395e-06
0,1,0.6212184429168701
0,0,0.16618342697620392
1,1,0.9422467350959778
0,0,9.406871686223894e-05
0,0,7.519440987380221e-05
0,0,0.0001452506403438747
1,1,0.9986164569854736
1,1,0.8498878479003906
0,0,6.122099148342386e-05
1,1,0.8608059883117676
0,1,0.592656672000885
1,1,0.9998021721839905
1,1,0.9997690320014954
1,0,0.026670321822166443
1,1,0.9996682405471802
1,1,0.995888888835907
1,1,0.9999673366546631
1,1,0.9991769194602966
1,1,0.988395094871521
1,1,0.9989234805107117
1,1,0.613522469997406
0,0,0.015694594010710716
1,1,0.9997708201408386
0,0,0.006394095253199339
1,1,0.9982103109359741
0,0,0.42842063307762146
0,0,0.023498354479670525
0,0,0.01799529232084751
0,0,0.001056066364981234
0,0,0.012881130911409855
1,1,0.9979721903800964
0,1,0.8942090272903442
0,0,0.0009795317891985178
1,1,0.9999731779098511
1,1,0.9997703433036804
1,1,0.9994240999221802
1,1,0.9999253749847412
0,0,0.44320815801620483
0,0,0.003501825500279665
1,1,0.982492208480835
1,1,0.9981482028961182
1,1,0.9999570846557617
0,0,0.0010216885711997747
0,0,0.05209562927484512
0,0,0.04672122001647949
0,0,0.0015607175882905722
0,0,0.04234408959746361
1,0,0.1709340363740921
0,0,0.0012315507046878338
0,0,0.0018416353268548846
0,0,0.1670810878276825
0,0,0.03147527948021889
0,1,0.9135987758636475
0,0,0.008013756014406681
1,1,0.9998255372047424
0,0,0.00010870580445043743
0,0,2.023070010181982e-06
1,1,0.9998490810394287
1,1,0.8798717260360718
1,1,0.9993816614151001
1,1,0.5652213096618652
1,1,0.9995506405830383
1,1,0.9940477609634399
1,1,0.998394787311554
0,0,0.0026749910321086645
0,0,0.0031267490703612566
1,1,0.9989652633666992
1,1,0.9996241331100464
0,0,2.7933530873269774e-05
1,1,0.9998201727867126
1,1,0.9791420698165894
1,1,0.8607322573661804
1,1,0.9992069602012634
0,0,0.11283399164676666
1,1,0.9996044039726257
0,0,0.0007707017357461154
1,1,0.9978564381599426
1,1,0.9998550415039062
1,1,0.9927617907524109
1,1,0.5002692341804504
0,0,0.00035691875382326543
0,0,0.054971735924482346
1,1,0.9999645948410034
0,0,0.0016761865699663758
1,1,0.998961329460144
1,1,0.9812853336334229
1,1,0.9999419450759888
1,1,0.9925180673599243
0,0,0.010694291442632675
1,1,0.999904990196228
1,1,0.999576985836029
0,0,0.00019899103790521622
0,1,0.7091076374053955
0,0,0.30786770582199097
0,1,0.5472443699836731
0,0,8.70943858899409e-06
1,1,0.9840318560600281
1,1,0.9989921450614929
1,1,0.9759746193885803
1,0,0.07609537243843079
1,1,0.9997172951698303
0,0,0.4295518398284912
0,0,0.0027656748425215483
1,1,0.9624297618865967
0,0,0.2383573353290558
1,1,0.9997772574424744
1,1,0.9995916485786438
1,1,0.990774929523468
1,1,0.9999963045120239
1,1,0.9999102354049683
1,0,0.15893898904323578
0,0,0.0020691954996436834
1,1,0.9999972581863403
0,0,0.0010203826241195202
0,0,0.003569986904039979
1,1,0.9998341798782349
1,1,0.985744297504425
1,1,0.9995976090431213
1,1,0.5127283930778503
0,0,0.024915490299463272
1,1,0.9999279975891113
1,1,0.9999994039535522
1,1,0.9986076951026917
0,0,4.2598981053743046e-07
1,1,0.9999706745147705
0,0,2.9606801035697572e-05
0,1,0.5361077785491943
1,1,0.9976428151130676
1,1,0.9999117851257324
1,1,0.9999872446060181
1,1,0.953048586845398
0,0,0.10573108494281769
1,1,0.9634782075881958
0,1,0.5992586016654968
0,0,1.116250678023789e-05
1,1,0.9996064305305481
0,0,0.004375765100121498
0,0,0.045826930552721024
1,1,0.8869363069534302
0,0,0.009527451358735561
1,1,0.7900729179382324
0,0,0.013710933737456799
1,1,0.9937145113945007
0,0,0.003582007484510541
1,1,0.9997022747993469
0,0,0.0009263830725103617
0,1,0.7811675071716309
0,0,0.017906641587615013
1,1,0.9966272711753845
0,0,0.0008949763141572475
1,1,0.6941783428192139
0,0,0.04888375476002693
1,1,0.9551379680633545
1,0,0.4730204939842224
1,1,0.9997422099113464
0,0,0.00016143586253747344
1,1,0.9973172545433044
1,1,0.9997674822807312
1,1,0.9999898672103882
0,0,0.0003373463696334511
1,1,0.9999895095825195
1,1,0.9846119284629822
0,0,0.0003491016395855695
1,1,0.9995998740196228
0,1,0.5664091110229492
1,1,0.9985427856445312
1,1,0.9969294667243958
0,1,0.9935296177864075
1,1,0.9972108006477356
0,0,0.0015330585883930326
0,0,0.01763107068836689
0,0,0.01868174411356449
1,1,0.997968852519989
1,1,0.9758483171463013
1,1,0.9999386072158813
0,0,0.16992118954658508
0,0,0.0014039361849427223
1,1,0.9989612102508545
1,1,0.978425920009613
0,0,8.358032209798694e-05
0,0,3.681065936689265e-05
0,0,0.00826437957584858
0,0,0.026399049907922745
1,1,0.9906243681907654
1,1,0.9588249325752258
1,1,0.9826801419258118
0,0,0.2560800015926361
1,1,0.9370493292808533
1,1,0.9970388412475586
0,0,0.19659769535064697
1,1,0.6134969592094421
1,1,0.9190161228179932
0,0,0.0013410878600552678
1,1,0.9999946355819702
0,0,0.0004452336870599538
0,1,0.5691229104995728
0,0,0.31227147579193115
0,0,1.1204944712517317e-05
0,0,0.11744576692581177
1,1,0.9973716735839844
0,0,0.0010855596046894789
0,1,0.9907670021057129
1,1,0.9999727010726929
0,0,0.003993922378867865
0,0,7.291083602467552e-05
1,1,0.9999688863754272
1,1,0.9996905326843262
0,0,0.010983316227793694
1,1,0.9094603657722473
0,0,0.11070866137742996
1,1,0.9999606609344482
0,0,0.0025990905705839396
0,0,5.944712393102236e-05
0,0,0.00047646931488998234
0,1,0.6030454635620117
0,0,1.0497077710169833e-05
1,1,0.8470044136047363
1,1,0.9999841451644897
1,1,0.9975774884223938
0,0,0.13809670507907867
1,1,0.9999884366989136
1,1,0.952516496181488
0,0,0.023096632212400436
0,0,4.0438117139274254e-06
1,1,0.9999649524688721
0,0,5.430298551800661e-05
1,1,0.6990567445755005
1,1,0.9991138577461243
0,0,0.001327063888311386
1,1,0.6661854982376099
0,0,0.00013707554899156094
1,1,0.9999945163726807
0,0,0.01224577333778143
0,0,0.055565234273672104
0,0,6.261898306547664e-06
0,0,0.0001396091829519719
0,0,0.002737001981586218
1,1,0.9999845027923584
1,1,0.9984177350997925
1,1,0.996802568435669
1,1,0.6297464370727539
1,1,0.7853878140449524
1,1,0.9998339414596558
0,0,0.16563467681407928
1,1,0.9999008178710938
1,1,0.9989019632339478
0,0,0.0031969232950359583
0,0,0.001319592003710568
1,0,0.4633157551288605
1,1,0.971503496170044
1,1,0.9754458665847778
0,0,0.016742849722504616
0,0,0.0004034675075672567
0,0,0.0007302207523025572
1,1,0.9999629259109497
0,0,0.00030611027614213526
0,0,0.003399393055588007
1,1,0.9934251308441162
1,0,0.48720991611480713
0,0,0.00029861993971280754
1,1,0.9982776641845703
0,0,1.351557148154825e-05
0,0,0.008513021282851696
0,0,0.0008483934798277915
0,0,0.003872671164572239
1,1,0.9950054287910461
1,1,0.997318685054779
1,1,0.9845215678215027
1,1,0.9999089241027832
1,1,0.9577925801277161
1,1,0.9956517815589905
1,1,0.9991014003753662
0,0,0.02917708456516266
0,0,0.0032642888836562634
1,1,0.9996309280395508
0,0,0.26786890625953674
1,1,0.9997426867485046
1,1,0.999991774559021
0,0,3.285556158516556e-05
1,0,0.13413192331790924
1,1,0.9958412051200867
1,1,0.9998382329940796
0,0,4.768355574924499e-05
1,1,0.9949817061424255
0,0,0.0003216370241716504
0,0,2.1963793187751435e-05
1,1,0.9897704124450684
1,1,0.9957534074783325
1,1,0.9981232285499573
0,0,0.007723597809672356
1,1,0.9980454444885254
1,1,0.9865599870681763
1,1,0.9912347793579102
1,1,0.9932897686958313
1,1,0.9999520778656006
1,1,0.9997910857200623
1,1,0.9982116222381592
1,1,0.9303718209266663
0,0,0.012924657203257084
1,1,0.9998196959495544
1,1,0.9955156445503235
1,1,0.9999963045120239
0,0,4.1546627471689135e-05
1,1,0.9772678017616272
0,0,0.34417924284935
1,1,0.9946743249893188
0,0,0.0002684866776689887
0,0,0.0002512255741748959
0,0,0.00044736292329616845
0,0,0.0015377188101410866
0,0,0.04641330987215042
0,0,0.004852505400776863
0,0,0.0038150125183165073
0,0,0.001077705412171781
0,0,0.006022125948220491
0,0,8.676507263771782e-07
0,0,1.1162389455421362e-05
1,1,0.9999189376831055
0,1,0.628105878829956
1,1,0.9999673366546631
1,1,0.9999377727508545
1,1,0.9999586343765259
1,1,0.9998021721839905
1,1,0.9999058246612549
1,1,0.9998306035995483
0,0,0.0006896940758451819
1,1,0.9939291477203369
1,1,0.9999980926513672
0,0,5.0251670472789556e-05
0,0,0.044334352016448975
0,0,0.04470105469226837
1,1,0.9860397577285767
1,1,0.994096040725708
1,1,0.9997478127479553
1,1,0.999750554561615
0,0,5.088747911941027e-06
0,0,0.006440894678235054
1,1,0.9902455806732178
0,0,0.2247580736875534
1,1,0.9927067160606384
0,0,8.484243153361604e-05
1,1,0.8478922843933105
0,0,0.0025440084282308817
1,1,0.9981974959373474
1,1,0.9985878467559814
1,1,0.9996123909950256
0,0,0.00046933244448155165
0,0,0.02737954817712307
1,1,0.9959931373596191
0,0,0.0008251140243373811
0,0,0.05512068048119545
1,1,0.9969344139099121
1,1,0.9999551773071289
1,1,0.9979044198989868
1,1,0.8709377646446228
0,0,0.000181357201654464
0,0,0.005579771939665079
1,1,0.9824056029319763
0,0,0.06749130040407181
1,1,0.5233349204063416
1,1,0.8116595149040222
0,0,0.00024555224808864295
0,0,4.294670361559838e-06
0,0,0.00032077101059257984
0,0,0.0002808833960443735
1,1,0.9943866729736328
0,0,3.876103801303543e-05
1,1,0.9996594190597534
1,1,0.995139479637146
1,1,0.9843505620956421
0,0,0.000244934024522081
1,1,0.9988126754760742
1,1,0.9983698725700378
1,1,0.9943065047264099
1,1,0.9998854398727417
1,1,0.9983506202697754
1,1,0.804998517036438
1,1,0.9999988079071045
1,1,0.9998223185539246
0,0,0.05568385496735573
0,0,0.008673110976815224
0,0,0.00011136141984025016
1,1,0.9999288320541382
0,0,0.00028801654116250575
0,0,0.0014559188857674599
0,0,0.0009094931301660836
0,0,0.00039238034514710307
0,1,0.62225341796875
1,1,0.9775003790855408
1,1,0.9975278973579407
1,1,0.9980954527854919
0,0,0.12019085139036179
1,1,0.9964187145233154
0,0,0.0006327640730887651
0,0,0.027361398562788963
1,1,0.998803973197937
0,0,0.4967126250267029
1,1,0.9992271661758423
1,1,0.9999994039535522
1,1,0.9999455213546753
1,1,0.9671346545219421
1,1,0.9972797632217407
1,1,0.9977715611457825
0,0,0.08150399476289749
1,1,0.9563347697257996
0,0,0.026113547384738922
0,0,0.0023347127716988325
0,1,0.7034472823143005
1,1,0.9887410998344421
1,1,0.9996523857116699
0,0,0.0036350127775222063
0,0,0.019118499010801315
0,0,0.022963041439652443
0,0,0.0034173910971730947
1,1,0.9710129499435425
1,1,0.9103913307189941
1,1,0.9999133348464966
0,0,0.000770848651882261
1,1,0.9768139719963074
0,0,0.03214605897665024
1,1,0.9226895570755005
0,0,0.015101863071322441
1,1,0.9999902248382568
1,1,0.9999814033508301
1,1,0.9969390630722046
0,1,0.5705638527870178
0,0,2.6166628686041804e-06
0,0,0.0016919876215979457
0,0,3.507455767248757e-05
0,0,1.3765980838797987e-05
0,0,0.0036917056422680616
0,0,0.020063987001776695
0,0,6.29447604296729e-05
1,1,0.990832507610321
1,1,0.7497671842575073
1,1,0.9995904564857483
1,1,0.9999711513519287
0,0,0.0007008366519585252
1,1,0.999992847442627
1,1,0.99959796667099
0,0,0.0019052614225074649
0,0,0.05598725378513336
1,1,0.9952889680862427
1,1,0.9958171248435974
0,0,0.02803073823451996
0,0,0.00017926044529303908
0,0,0.00037875250563956797
1,1,0.9998319149017334
1,0,0.429090678691864
1,1,0.999819815158844
1,1,0.999914288520813
1,1,0.9999774694442749
1,1,0.9964337348937988
0,0,0.00032150090555660427
0,0,0.40058305859565735
1,1,0.9999390840530396
1,1,0.9583829641342163
1,1,0.9999477863311768
1,1,0.9993405938148499
0,0,0.0018147461814805865
1,1,0.9999886751174927
1,1,0.9690526127815247
0,0,0.2667018473148346
0,0,0.000335828575771302
0,0,1.5794546925462782e-05
1,1,0.9869245290756226
1,1,0.9999674558639526
1,1,0.9999840259552002
1,1,0.999816358089447
0,0,0.24871288239955902
0,0,0.0023112185299396515
0,0,0.00035450156428851187
1,1,0.9979366064071655
0,0,0.35323792695999146
1,1,0.9998151659965515
0,0,3.2292509786202572e-06
0,0,0.07287236303091049
1,1,0.9989895224571228
0,1,0.8973374962806702
1,1,0.9891018271446228
1,1,0.9589827060699463
0,0,0.00021245847165118903
0,1,0.741677463054657
0,0,0.009556975215673447
1,1,0.9570594429969788
1,1,0.9942913055419922
1,1,0.9988058805465698
0,0,0.17296604812145233
1,1,0.9955528378486633
0,1,0.9449360370635986
1,1,0.9932854175567627
0,0,0.00039692281279712915
1,1,0.9988588094711304
0,1,0.7415139079093933
1,1,0.9997748732566833
1,1,0.9977458119392395
0,0,0.00038153643254190683
1,1,0.9999785423278809
0,0,0.0007670197519473732
1,1,0.994641900062561
1,1,0.9934544563293457
0,0,0.008759607560932636
1,1,0.999233603477478
1,1,0.973530113697052
0,0,0.00017028284491971135
0,1,0.7226143479347229
1,1,0.9998179078102112
1,1,0.882672131061554
0,0,0.18329033255577087
0,0,0.00011806694237748161
1,1,0.778519332408905
1,1,0.9902437329292297
0,0,4.03541125706397e-05
1,1,0.9999717473983765
1,1,0.9837393164634705
0,0,2.6953644919558428e-05
0,0,0.10327766835689545
0,0,0.003055400447919965
0,0,0.00024685694370418787
1,1,0.9999808073043823
0,0,0.002825385658070445
0,0,0.012999647296965122
0,0,0.001021888223476708
1,1,0.9999884366989136
1,1,0.9995537400245667
0,0,0.16980013251304626
1,1,0.9999399185180664
1,1,0.9901900887489319
0,0,0.44066932797431946
0,0,1.2698402542810072e-06
1,1,0.9997794032096863
1,1,0.9999042749404907
0,1,0.6081196665763855
0,0,0.06758271157741547
1,1,0.9985015392303467
0,0,0.024616390466690063
0,0,2.7654100449581165e-06
1,1,0.9999923706054688
1,1,0.9999774694442749
0,0,0.031093506142497063
0,0,9.090767889574636e-06
0,0,7.34729110263288e-05
0,0,0.024205109104514122
1,1,0.9762869477272034
1,1,0.9999352693557739
1,1,0.998723566532135
1,1,0.9998235106468201
1,1,0.996541440486908
0,0,0.010066461749374866
1,1,0.9998993873596191
1,1,0.9976504445075989
1,1,0.9991422891616821
1,1,0.9699086546897888
0,0,3.4277846339136886e-08
1,1,0.9985571503639221
0,0,0.016663406044244766
1,1,0.9900088310241699
1,1,0.8610621690750122
1,1,0.5066368579864502
1,1,0.9986794590950012
0,0,0.0367274209856987
1,1,0.9939876794815063
1,1,0.9999133348464966
0,0,1.8847542833100306e-06
0,0,0.00011834308679681271
0,0,0.0030742923263460398
0,0,0.1144869327545166
1,1,0.9999392032623291
1,1,0.999996542930603
0,0,0.0024386353325098753
1,1,0.9999545812606812
0,0,0.0012837913818657398
0,0,0.00024595551076345146
1,1,0.9734352231025696
1,1,0.99726402759552
1,1,0.9999942779541016
0,0,0.00017724806093610823
0,1,0.8135684728622437
0,0,0.007754840422421694
1,1,0.9970695376396179
1,1,0.9959979057312012
0,0,1.2762964018975254e-09
1,1,0.9949123859405518
0,0,0.41485413908958435
1,1,0.9879869818687439
0,0,1.9914332369808108e-05
0,0,0.0017798844492062926
0,0,0.006262808572500944
1,1,0.9884098768234253
1,1,0.9326111674308777
1,1,0.9999885559082031
1,1,0.9984633922576904
0,0,0.2060043215751648
1,1,0.9964308738708496
1,1,0.9239947199821472
1,1,0.9999836683273315
1,1,0.9879345893859863
1,1,0.9997724890708923
0,0,0.1799372136592865
1,1,0.9204382300376892
1,1,0.9972526431083679
0,0,4.626696863851976e-06
0,0,3.708973599714227e-05
1,1,0.7906239032745361
1,1,0.9996260404586792
1,1,0.9906961917877197
0,0,0.361895889043808
0,0,0.01181761920452118
0,0,4.2915100493701175e-05
0,0,0.013696219772100449
1,1,0.9635359048843384
1,1,0.9997339844703674
1,1,0.997780978679657
1,1,0.9998242259025574
1,1,0.9999018907546997
0,0,0.0814388170838356
1,1,0.9992744326591492
0,0,0.002657840494066477
0,0,4.8070636694319546e-05
0,0,0.27979776263237
0,0,0.07816016674041748
1,1,0.9985322952270508
1,1,0.9995762705802917
0,0,0.00046078662853688
1,1,0.9857848286628723
0,0,6.277224747464061e-05
1,1,0.9996240139007568
1,1,0.8005331754684448
1,1,0.9901227355003357
1,1,0.9999527931213379
1,1,0.9022021293640137
0,0,0.09185302257537842
0,0,0.00017024729459080845
0,0,0.017895616590976715
1,1,0.5846805572509766
1,1,0.9890024662017822
1,1,0.999041736125946
1,1,0.9950927495956421
1,1,0.845491886138916
0,0,0.0014387709088623524
1,1,0.9744352698326111
0,0,0.0003756987280212343
1,1,0.9996658563613892
1,1,0.9963980913162231
0,0,0.0002462084230501205
1,1,0.9907049536705017
0,0,0.03891817852854729
0,0,0.001325419289059937
0,0,0.014567100442945957
1,1,0.8686254620552063
0,0,0.028220633044838905
1,1,0.9924235343933105
0,0,0.01753290928900242
1,1,0.9806073904037476
1,1,0.9996494054794312
0,0,0.07769300043582916
1,1,0.9672197699546814
0,0,0.0012036333791911602
0,0,0.0004102135426364839
1,1,0.9998445510864258
1,1,0.999919056892395
1,1,0.9993500113487244
1,1,0.9956955909729004
0,0,2.147697887266986e-05
1,1,0.9923302531242371
1,1,0.9997178912162781
0,1,0.7781932950019836
1,1,0.9525792598724365
0,0,0.20941458642482758
1,1,0.9968619346618652
1,1,0.9999659061431885
1,1,0.9996867179870605
1,1,0.9643253087997437
0,0,0.001401376910507679
1,1,0.9997110962867737
0,0,0.005202320404350758
0,0,0.0020885008852928877
0,1,0.6195067763328552
1,1,0.9465177059173584
0,0,0.00391395715996623
0,0,0.019538909196853638
1,1,0.9921780228614807
0,0,0.0017975628143176436
1,1,0.5390904545783997
0,0,0.005591818131506443
1,1,0.9996287822723389
1,1,0.9992192983627319
1,1,0.9953134059906006
0,0,0.024149641394615173
0,0,0.0005891913897357881
0,0,0.15196825563907623
1,1,0.9865098595619202
1,1,0.92603600025177
1,1,0.999864935874939
1,1,0.8145313858985901
1,1,0.8749951124191284
0,0,0.0017601536819711328
0,0,0.0904964804649353
1,1,0.9822790622711182
1,1,0.9998297691345215
0,0,0.0042755198664963245
1,1,0.9998526573181152
1,1,0.9922575950622559
1,1,0.922968327999115
1,1,0.9969589710235596
0,0,0.0012467222986742854
0,0,0.0008080705883912742
0,0,0.010898173786699772
0,0,0.27554601430892944
0,0,0.16662168502807617
1,1,0.9986385703086853
1,1,0.9913305044174194
1,1,0.6224424242973328
0,0,0.4824027717113495
0,0,0.0032311773393303156
1,1,0.9051879048347473
0,0,0.0019331758376210928
1,1,0.9985979199409485
0,0,0.0012821233831346035
1,1,0.9308153986930847
1,1,0.9998980760574341
1,1,0.9992901086807251
1,1,0.9411650896072388
1,1,0.9269499778747559
0,0,0.3921585977077484
0,0,0.05114705488085747
0,0,0.027035905048251152
0,0,0.005148398224264383
1,1,0.7417850494384766
1,1,0.9975370168685913
1,1,0.9988378882408142
1,1,0.9982832670211792
0,0,0.0006560648325830698
0,0,0.09695610404014587
1,1,0.9764313697814941
0,0,5.436282299342565e-05
0,0,0.03591590002179146
1,1,0.9209797978401184
0,0,0.4138329029083252
0,0,0.07091361284255981
1,1,0.9242115616798401
0,0,0.015110746026039124
0,0,0.007960564456880093
0,0,0.02162836119532585
1,1,0.9998465776443481
0,0,1.2261893971299287e-05
0,0,6.047104761819355e-05
1,1,0.9947842955589294
0,0,0.008916682563722134
0,0,0.001336925895884633
0,0,0.0008877283544279635
1,1,0.9968283772468567
0,0,0.006421704776585102
0,0,5.087209956400329e-06
0,0,0.0006931821699254215
1,1,0.990812361240387
0,0,0.22065575420856476
0,0,2.4062257580226287e-05
1,1,0.5592281222343445
1,1,0.9998002648353577
1,1,0.9999881982803345
0,1,0.9862025380134583
0,0,0.43201321363449097
1,1,0.9542278051376343
0,0,0.026795750483870506
1,1,0.9997724890708923
1,1,0.9434131383895874
1,1,0.9999707937240601
1,1,0.9999183416366577
1,1,0.9999443292617798
1,1,0.9405998587608337
0,0,0.04651859775185585
0,0,0.0003891057276632637
1,1,0.9556047320365906
1,1,0.9999055862426758
1,1,0.9999649524688721
1,1,0.9998121857643127
1,1,0.986839771270752
0,0,0.07535535097122192
1,1,0.9999796152114868
1,1,0.9567590355873108
1,1,0.9936317801475525
1,1,0.9999876022338867
1,0,0.4979882538318634
1,1,0.9982925057411194
1,1,0.9999690055847168
1,1,0.9992996454238892
1,1,0.9907771348953247
1,1,0.9999473094940186
1,1,0.9394035935401917
0,0,0.10615628212690353
0,0,0.35268306732177734
0,0,0.004481959156692028
1,1,0.9999997615814209
0,0,1.6737982150516473e-05
1,1,0.9950019717216492
0,0,0.2034737467765808
1,1,0.9994540810585022
1,1,0.7739540934562683
1,1,0.9999339580535889
0,0,2.491269333404489e-05
0,0,0.24052464962005615
0,1,0.738210916519165
0,0,0.041895542293787
1,1,0.9999890327453613
1,1,0.9988961219787598
0,0,4.5319658966036513e-05
0,0,0.4551999270915985
1,1,0.9904223680496216
1,1,0.9998964071273804
0,0,0.008930941112339497
1,0,0.2728773355484009
1,1,0.9999527931213379
0,0,0.2760874032974243
0,0,0.0005791285657323897
0,0,0.0027419652324169874
0,0,2.3698750737821683e-05
0,0,0.38915303349494934
0,0,0.36156290769577026
0,0,0.0032122705597430468
1,1,0.9992026686668396
0,0,2.5671363346191356e-06
1,1,0.9999972581863403
0,0,3.258779543102719e-05
1,1,0.9999290704727173
1,1,0.9999699592590332
0,0,0.005872644018381834
0,0,0.07744018733501434
1,1,0.9998806715011597
0,0,0.09102866053581238
0,0,0.0023061607498675585
1,1,0.982529878616333
1,1,0.9991773962974548
0,0,0.011537743732333183
1,1,0.9999629259109497
1,1,0.9957336783409119
0,1,0.5306956768035889
0,0,0.009003054350614548
1,1,0.9325974583625793
0,0,0.0030716396868228912
0,0,0.11511802673339844
0,0,0.0013490852434188128
0,0,0.0010773338144645095
1,1,0.9891656041145325
0,0,0.001210094429552555
0,0,0.02517070434987545
1,1,0.9937612414360046
0,0,0.4909910261631012
0,0,0.151717409491539
0,0,3.315413050586358e-05
0,0,0.06666653603315353
0,0,0.0012334800558164716
0,0,0.021463967859745026
0,0,0.0023113382048904896
1,1,0.7779874801635742
0,0,0.019091712310910225
0,0,0.0026797098107635975
0,0,1.5150125364016276e-05
0,0,0.08331026136875153
0,0,6.381264392985031e-05
0,0,0.16418373584747314
0,0,3.145346272503957e-05
1,1,0.999861478805542
0,0,0.07686489820480347
0,0,0.017003312706947327
0,0,0.048882026225328445
0,0,0.10491438210010529
0,0,0.0001968365686479956
1,1,0.9977049231529236
1,1,0.9779713749885559
1,1,0.9976390600204468
0,0,0.02148282155394554
0,0,0.00022001734760124236
1,1,0.9995119571685791
0,0,0.33854302763938904
1,1,0.9994335770606995
1,1,0.979005753993988
1,1,0.999858021736145
1,1,0.9968441724777222
1,1,0.9996881484985352
0,0,0.0005355831817723811
0,0,0.0018834458896890283
1,1,0.999861478805542
1,1,0.9992486834526062
1,1,0.9957410097122192
1,1,0.9962896108627319
1,1,0.9994425177574158
0,0,0.0005586289917118847
0,0,0.42304524779319763
0,0,1.970657876881887e-06
0,0,0.0016197444638237357
0,0,0.03788328170776367
0,0,0.130477637052536
0,0,0.024526014924049377
0,0,0.007648932281881571
1,1,0.9991520643234253
0,0,0.0046378993429243565
0,0,0.0031502977944910526
1,1,0.9978713989257812
1,1,0.9990851879119873
1,1,0.9976946711540222
0,0,0.00204524421133101
1,1,0.9407880306243896
0,0,0.012852448038756847
0,0,0.01597236655652523
1,1,0.8208770155906677
0,0,0.0006893030367791653
0,0,0.09280700236558914
0,0,0.018856262788176537
1,1,0.5092318058013916
0,0,0.0007811327232047915
0,0,0.012318537570536137
0,0,7.299195203813724e-08
1,1,0.9648740291595459
1,1,0.9999953508377075
0,1,0.8130044937133789
0,0,0.006774497218430042
1,1,0.9999085664749146
0,0,0.02382207289338112
0,0,0.09084585309028625
1,1,0.9766824245452881
1,1,0.9996470212936401
0,0,0.17660240828990936
0,0,0.0005638357251882553
1,1,0.9983150959014893
1,0,0.20077285170555115
1,1,0.9995573163032532
1,1,0.9987952709197998
1,0,0.36051705479621887
1,1,0.9975632429122925
1,1,0.9999501705169678
1,1,0.9999288320541382
0,0,0.00019414853886701167
1,1,0.999998927116394
1,1,0.9685537219047546
1,1,0.999683141708374
1,1,0.9915999174118042
1,1,0.9994031190872192
1,1,0.9999794960021973
0,0,0.004277932457625866
1,1,0.5156619548797607
1,1,0.9998297691345215
1,1,0.9998880624771118
1,1,0.9960565567016602
0,0,0.2303418517112732
0,0,0.0030171845573931932
1,1,0.9998970031738281
0,0,0.028498323634266853
0,0,0.0006067082867957652
0,0,0.0025176338385790586
1,1,0.9999059438705444
1,1,0.9999505281448364
0,0,0.3913414776325226
1,1,0.9249988198280334
1,1,0.99534672498703
1,1,0.9992541670799255
0,0,4.356580575404223e-06
1,1,0.9842793345451355
1,1,0.9302269220352173
1,0,0.1016126200556755
0,0,0.0006373324431478977
1,1,0.9995056390762329
0,0,0.05103182792663574
1,1,0.8709735870361328
1,1,0.9999558925628662
0,1,0.9960063099861145
1,1,0.9958256483078003
0,0,0.00017535722872707993
0,0,4.819079549633898e-06
1,1,0.9999634027481079
1,0,0.43831008672714233
0,0,0.2958482801914215
0,0,0.19290632009506226
1,1,0.9909672141075134
0,0,0.03936409205198288
0,0,0.003993968013674021
0,0,0.0002514172811061144
1,1,0.9999933242797852
0,0,9.789510841073934e-06
1,1,0.9300311803817749
1,1,0.9997044205665588
1,1,0.9999991655349731
0,0,0.0281280018389225
0,0,0.00015102436009328812
1,1,0.9499346613883972
1,1,0.5443353056907654
1,1,0.9998492002487183
1,1,0.9935595989227295
0,0,0.021417558193206787
1,1,0.999229907989502
1,1,0.9998321533203125
0,0,0.008445335552096367
1,1,0.9999655485153198
0,0,7.803063454048242e-06
0,0,9.541422514303122e-06
0,0,0.010959995910525322
1,1,0.9998650550842285
1,0,0.02236129343509674
0,0,0.001711992546916008
1,1,0.9979526996612549
0,0,0.0007585468119941652
0,0,0.0008834953187033534
1,1,0.979496419429779
0,0,0.0003155524027533829
0,0,0.026382246986031532
0,0,8.469966269331053e-05
0,0,0.0839768722653389
0,0,0.005525487475097179
0,0,8.12480939202942e-05
0,0,0.00359973032027483
0,0,0.003464694134891033
0,0,0.02888520061969757
0,0,0.037772055715322495
0,0,0.12496128678321838
1,1,0.9991900324821472
1,1,0.9973166584968567
1,1,0.9869455695152283
1,1,0.9896434545516968
0,0,0.02827303670346737
1,1,0.9957531690597534
1,1,0.9997290968894958
1,1,0.9999237060546875
1,1,0.9997579455375671
1,1,0.9999946355819702
1,1,0.9866594076156616
0,0,0.06850092858076096
1,1,0.9993447661399841
1,1,0.9953528642654419
0,0,0.0005479389219544828
0,0,0.008130201138556004
0,0,8.008593795238994e-06
0,0,0.0002813510945998132
1,1,0.9939243197441101
1,1,0.9990744590759277
1,1,0.993498682975769
1,1,0.7866650223731995
0,0,0.4080449938774109
1,1,0.9999487400054932
0,0,0.001292337430641055
1,1,0.9997541308403015
1,1,0.728421688079834
1,1,0.999386191368103
0,0,0.05250835046172142
1,1,0.9996864795684814
0,0,0.02603469043970108
1,1,0.9998931884765625
1,1,0.8815720677375793
1,1,0.9984148740768433
1,1,0.9998856782913208
1,1,0.9999032020568848
0,0,1.7362744983984157e-05
1,1,0.9836699962615967
0,1,0.994240403175354
0,0,0.0020741994958370924
1,1,0.7412889003753662
0,0,0.053334157913923264
0,0,0.006257480941712856
0,0,0.3198552131652832
0,0,7.50734898247174e-06
0,0,0.007771144155412912
1,1,0.9965511560440063
0,0,0.005388815421611071
0,0,0.15931116044521332
0,0,8.018597145564854e-05
1,1,0.9999939203262329
0,0,0.0012802135897800326
1,1,0.908710241317749
1,1,0.9420428276062012
0,0,0.08816006034612656
0,0,3.280606324551627e-05
0,0,0.000791977799963206
1,1,0.9997015595436096
0,0,6.07388537900988e-05
1,1,0.9968721270561218
1,1,0.9940128922462463
1,1,0.9989256262779236
1,1,0.9808866381645203
1,1,0.9167008996009827
1,1,0.9999603033065796
0,0,0.0028036292642354965
1,1,0.995044469833374
0,0,0.09976543486118317
1,1,0.9970820546150208
1,1,0.9999172687530518
0,0,0.1319417655467987
0,0,0.06560360640287399
1,1,0.9996604919433594
0,0,1.0650592230376787e-05
0,0,2.3307284209295176e-05
0,0,0.001143205096013844
1,1,0.9999092817306519
0,0,0.011749820783734322
0,0,0.0013125119730830193
0,0,0.005367026664316654
0,0,0.0005699575995095074
1,1,0.8335191011428833
0,0,0.006119671743363142
1,1,0.9945330619812012
1,1,0.8534542918205261
0,0,3.566822124412283e-05
0,0,0.0014866195851936936
0,0,0.031223207712173462
1,0,0.3675939440727234
1,1,0.9989407658576965
0,0,0.0001202939820359461
1,1,0.9979169964790344
0,0,3.045224275410874e-06
1,1,0.9973740577697754
1,1,0.9994848966598511
1,1,0.9893699884414673
1,1,0.9881671071052551
0,0,0.033151719719171524
0,0,0.009560320526361465
1,1,0.9982409477233887
0,0,8.899534441297874e-05
0,0,0.00016661861445754766
0,0,0.009902547113597393
1,1,0.9972387552261353
1,1,0.9980297684669495
1,1,0.9869488477706909
1,1,0.9820315837860107
1,1,0.9817999601364136
0,0,0.19815048575401306
1,1,0.9680994749069214
0,0,0.004845062270760536
1,1,0.9743852019309998
1,1,0.9996663331985474
1,1,0.9896748661994934
0,0,2.3680679078097455e-05
0,0,0.06446141749620438
0,0,1.5306095519918017e-05
1,1,0.9463054537773132
0,0,0.012134509161114693
1,1,0.9608532190322876
0,0,0.003463457804173231
1,0,0.40288791060447693
0,0,0.27411550283432007
0,0,0.0786464586853981
1,1,0.999250590801239
0,0,0.00030145669006742537
0,0,1.179294031317113e-05
1,1,0.9999871253967285
1,1,0.7011405229568481
0,0,0.0001674164814176038
0,0,0.36592012643814087
0,0,0.1879889965057373
1,1,0.9999651908874512
1,1,0.9992848038673401
1,1,0.9944565296173096
1,1,0.9995757937431335
1,1,0.9998701810836792
1,1,0.9999921321868896
1,1,0.9999939203262329
1,1,0.9999078512191772
0,0,0.008929734118282795
0,0,9.937148570315912e-05
0,0,0.0010088792769238353
1,1,0.9999227523803711
0,0,7.264413852681173e-06
1,1,0.9999970197677612
0,0,0.07426763325929642
1,1,0.9999477863311768
1,0,0.03502609580755234
0,0,0.002637827768921852
1,1,0.999702513217926
1,1,0.9822544455528259
0,0,0.021905293688178062
1,1,0.9091112613677979
1,1,0.9999258518218994
1,1,0.9976997971534729
0,0,0.0060394564643502235
0,0,0.009009812027215958
0,0,0.0005127759650349617
1,1,0.9999337196350098
1,1,0.968169093132019
0,0,0.06882381439208984
1,1,0.9997610449790955
1,1,0.8280532360076904
1,1,0.9999548196792603
0,0,0.0005050077452324331
1,1,0.9854028224945068
0,1,0.8411723375320435
0,0,0.0060945600271224976
1,1,0.9841850996017456
1,1,0.9977309107780457
0,0,0.0024368567392230034
1,1,0.9619173407554626
1,1,0.996056079864502
1,1,0.9999984502792358
1,1,0.987644374370575
1,1,0.9992818236351013
1,1,0.9999899864196777
0,0,0.006234088446944952
1,1,0.9039720892906189
1,1,0.9999035596847534
1,1,0.9908258318901062
0,0,0.0003305177087895572
0,0,5.272304974823783e-07
0,0,0.0021994307171553373
0,0,2.0284454876673408e-05
0,0,0.003432696918025613
1,1,0.9998194575309753
0,0,0.027720777317881584
1,1,0.9916853904724121
1,1,0.9914175271987915
0,0,0.00027683592634275556
0,0,0.0001131821409217082
1,1,0.9255084991455078
1,1,0.9958707690238953
1,1,0.9988551139831543
1,1,0.9996222257614136
1,1,0.9942295551300049
0,0,0.003289178479462862
0,0,0.014254939742386341
1,1,0.9997655749320984
0,0,0.048392582684755325
1,1,0.9991256594657898
1,1,0.9999675750732422
1,1,0.9025672674179077
1,1,0.9923149943351746
0,0,0.023911472409963608
0,0,0.06549746543169022
0,0,0.02319052256643772
0,0,0.0002752486616373062
1,1,0.8245494961738586
0,0,0.042988624423742294
1,1,0.9998877048492432
1,1,0.9998499155044556
1,1,0.9984055161476135
1,1,0.9999667406082153
1,1,0.999974250793457
1,1,0.6001454591751099
0,0,5.913356744713383e-06
0,0,0.0030936631374061108
1,1,0.9999815225601196
1,1,0.9992074370384216
0,0,0.020164284855127335
1,1,0.9022506475448608
0,0,0.0017132757930085063
0,0,0.14248377084732056
0,0,0.26162269711494446
0,0,0.007043436635285616
0,0,0.0018597868038341403
1,1,0.9999990463256836
1,1,0.9999932050704956
0,0,0.010102730244398117
1,1,0.999834418296814
1,1,0.9997239708900452
1,1,0.9983512163162231
1,1,0.8403670787811279
0,1,0.6574634313583374
0,0,0.3798436224460602
1,1,0.8117796182632446
1,1,0.9952903985977173
0,0,0.0427565798163414
1,1,0.9913294315338135
0,0,0.004904621280729771
0,0,5.7412002206547186e-05
1,1,0.998473584651947
1,1,0.9513069987297058
1,1,0.9625964164733887
0,0,0.00782432034611702
1,1,0.9811582565307617
0,0,3.319119969091844e-06
1,1,0.9998903274536133
1,1,0.9999905824661255
0,1,0.5636618137359619
0,0,0.00045085937017574906
0,0,2.318842598469928e-05
0,1,0.9035980701446533
1,1,0.6654777526855469
1,1,0.9998062252998352
1,1,0.9968355298042297
1,1,0.9995049238204956
1,1,0.9973477125167847
1,1,0.9775090217590332
0,0,0.13373523950576782
0,0,0.08408179134130478
1,1,0.9999275207519531
0,0,0.003756206016987562
1,1,0.9037892818450928
1,1,0.9998267292976379
1,1,0.9996684789657593
0,0,0.004514853470027447
0,0,0.0013735265238210559
0,0,0.3401849567890167
1,1,0.9999899864196777
1,1,0.8491337299346924
0,0,0.0002101730788126588
0,0,0.009588731452822685
1,1,0.9837528467178345
1,1,0.9887387752532959
1,1,0.9999983310699463
1,1,0.9999127388000488
1,1,0.9786080718040466
1,1,0.9920685291290283
1,1,0.8703881502151489
0,0,0.00407434394583106
1,1,0.9999037981033325
1,1,0.9922397136688232
1,1,0.9991090893745422
1,1,0.9913596510887146
1,1,0.9999823570251465
0,0,0.01622476987540722
0,0,0.00018380051187705249
0,0,9.293964831158519e-05
0,0,0.01166269090026617
1,1,0.999187171459198
1,1,0.9998589754104614
1,1,0.9999969005584717
1,1,0.9948260188102722
1,1,0.9994742274284363
1,1,0.9995797276496887
1,1,0.9927158951759338
0,0,0.0007792097167111933
0,0,0.08398560434579849
0,1,0.7791225910186768
0,0,0.011340877041220665
1,1,0.9998369216918945
1,1,0.9999856948852539
1,1,0.9996697902679443
1,1,0.816696286201477
0,0,0.2240828573703766
1,0,0.008320514112710953
1,1,0.9979575872421265
1,1,0.9398031830787659
0,0,0.031289536505937576
1,1,0.9995620846748352
0,0,0.027422448620200157
0,0,0.00032652512891218066
0,0,0.37512466311454773
0,1,0.7915093898773193
1,1,0.9275001287460327
0,0,0.000907996844034642
0,1,0.8083827495574951
0,0,6.68192224111408e-05
1,0,0.16933408379554749
0,0,0.00010221326374448836
0,0,0.0014583499869331717
1,0,0.10062021762132645
0,0,0.0019660841207951307
0,0,0.000973520043771714
1,1,0.9871151447296143
0,1,0.9337270855903625
0,0,0.11112839728593826
0,0,0.03294765204191208
0,0,0.0011326170060783625
1,0,0.07269629091024399
1,1,0.9994316697120667
1,1,0.9973128437995911
0,0,0.006307191215455532
1,1,0.9999182224273682
1,1,0.9999873638153076
0,0,0.0011021281825378537
1,1,0.9987183809280396
1,1,0.9993588328361511
1,1,0.9998608827590942
1,1,0.9994015693664551
1,1,0.9997348189353943
1,1,0.9995817542076111
1,1,0.9997298121452332
1,1,0.9999966621398926
1,1,0.9999270439147949
1,1,0.9937719702720642
1,1,0.985405683517456
0,0,0.06860950589179993
0,0,0.008109954185783863
1,1,0.9873623847961426
0,0,0.15015585720539093
0,0,0.0007622444536536932
0,0,0.023501653224229813
1,1,0.999678373336792
1,0,0.02060789056122303
0,0,0.0032169122714549303
1,1,0.9477161169052124
0,0,0.17358709871768951
1,1,0.9996882677078247
0,0,3.5654893508763053e-06
1,1,0.9971356391906738
1,1,0.9997671246528625
0,0,1.702858980934252e-06
1,0,0.25179582834243774
0,0,0.30325081944465637
0,0,0.00016322219744324684
1,1,0.9993997812271118
0,0,0.03910737857222557
1,1,0.9993102550506592
1,1,0.9993638396263123
1,1,0.9986652135848999
0,0,0.00694236857816577
1,1,0.9996517896652222
1,1,0.9999816417694092
1,1,0.9998512268066406
1,1,0.9874579310417175
1,1,0.746333658695221
0,1,0.7486316561698914
1,1,0.9998632669448853
0,1,0.7307831645011902
1,1,0.9969649910926819
0,0,0.009696816094219685
0,0,0.13539710640907288
0,0,0.005065954755991697
1,1,0.9743013381958008
0,0,8.086023444775492e-05
1,1,0.9998641014099121
1,1,0.9998571872711182
1,1,0.9908164739608765
0,0,0.0066042677499353886
0,0,1.754776712914463e-05
0,0,0.014502671547234058
0,0,0.008582073263823986
1,1,0.999893307685852
0,0,0.0025795763358473778
1,1,0.9229997992515564
1,1,0.9113413095474243
0,0,7.944604476506356e-06
1,1,0.9819504022598267
1,0,0.24488475918769836
0,0,0.00048524251906201243
0,0,5.8354667999083176e-05
0,0,0.0006774030043743551
1,1,0.9999336004257202
0,0,0.0006096209399402142
0,0,0.06690607964992523
0,0,0.0005423454567790031
1,1,0.9990037083625793
1,1,0.999092698097229
1,1,0.9234496355056763
0,0,0.0004368266963865608
1,1,0.9915778636932373
0,0,0.03692073002457619
0,0,0.0008106681052595377
0,0,0.0006823494331911206
0,0,0.01901138387620449
1,1,0.9779651761054993
1,1,0.9542271494865417
1,1,0.9993866682052612
0,0,0.0011600864818319678
1,1,0.9993256330490112
1,1,0.9975209832191467
0,0,0.12709031999111176
1,1,0.9969692826271057
0,0,5.43079586350359e-05
0,0,0.0010918882908299565
0,0,0.02090471237897873
1,1,0.9998974800109863
0,0,0.0001689487398834899
1,1,0.9982543587684631
0,0,0.06589265912771225
1,1,0.8373557925224304
0,0,0.0005115106469020247
1,1,0.9954835176467896
0,0,0.07426720857620239
0,0,0.0002454363857395947
0,0,0.3773568570613861
0,0,0.004739930387586355
1,1,0.999783456325531
1,1,0.9992241859436035
0,0,0.00043757897219620645
0,0,1.1565189197426662e-05
0,0,0.016513533890247345
0,1,0.9368546605110168
0,0,0.08993605524301529
1,1,0.9668175578117371
0,0,0.018847506493330002
1,1,0.9998262524604797
0,0,4.74734406452626e-05
1,1,0.9993991851806641
1,1,0.9941698312759399
1,1,0.9999933242797852
0,1,0.5250245332717896
1,1,0.9999909400939941
1,1,0.996383547782898
1,1,0.9822372794151306
0,0,1.2987900390726281e-06
1,1,0.8357222676277161
1,1,0.9999895095825195
1,1,0.9997628331184387
1,1,0.9993027448654175
0,0,0.0002586457703728229
1,1,0.9218236207962036
1,1,0.9997742772102356
0,0,0.05857120826840401
0,0,0.0018790639005601406
1,1,0.9999443292617798
1,1,0.9748663306236267
1,1,0.9692776799201965
0,0,0.00028169358847662807
1,1,0.9998613595962524
1,1,0.9987088441848755
1,1,0.9999144077301025
1,1,0.9976704716682434
1,1,0.9992790818214417
1,1,0.9997982382774353
0,0,0.003180422354489565
1,1,0.9465327858924866
0,0,0.001159133156761527
0,0,0.00263088196516037
0,0,1.5507986006468855e-08
1,1,0.9999562501907349
0,0,0.010841112583875656
1,1,0.9348165392875671
1,1,0.8460822701454163
0,0,0.0030178544111549854
0,0,0.011064733378589153
0,0,6.314875645330176e-05
1,1,0.9998021721839905
0,0,0.000975951028522104
0,0,0.007968125864863396
0,0,0.0009438733104616404
1,1,0.9991883635520935
1,1,0.9991317391395569
1,1,0.794228732585907
0,0,0.00023182893346529454
1,1,0.9995591044425964
0,0,0.32278844714164734
1,1,0.9980582594871521
0,0,0.04022875428199768
1,1,0.9999309778213501
0,0,0.001280869240872562
0,1,0.5780423879623413
0,0,0.014857681468129158
1,1,0.9999792575836182
1,1,0.9325599670410156
1,1,0.9994599223136902
1,1,0.9975245594978333
0,0,0.09939956665039062
1,1,0.9568307399749756
0,0,0.11416766792535782
0,0,0.03203512355685234
0,0,0.0003739100357051939
1,1,0.9166789650917053
0,0,0.00039430995821021497
1,1,0.995972216129303
0,0,0.001265322556719184
1,1,0.9997876286506653
1,1,0.9999276399612427
0,0,8.829701982904226e-05
0,0,0.00011043874837923795
0,0,0.000228457894991152
1,1,0.9512144327163696
0,0,0.0005717708263546228
1,1,0.9733868837356567
0,0,5.899898678762838e-05
1,1,0.999593198299408
0,0,0.003139498643577099
0,1,0.9678459167480469
1,1,0.9516742825508118
1,1,0.9898995757102966
0,0,0.0003428216732572764
0,0,8.490600521326996e-06
0,0,2.412908179394435e-05
0,0,0.005624506622552872
1,1,0.9990121126174927
1,0,0.027007967233657837
0,1,0.6723554730415344
1,1,0.9986864924430847
0,0,0.006434193812310696
0,0,0.011726124212145805
0,0,0.00421240646392107
0,0,9.361769480165094e-05
0,0,0.00136060849763453
1,1,0.9999855756759644
1,1,0.9893331527709961
1,1,0.9996901750564575
1,1,0.9995824694633484
1,1,0.9999896287918091
1,1,0.999907374382019
1,1,0.9989810585975647
0,0,0.00033003627322614193
0,0,1.5534102431047359e-06
1,1,0.9130833148956299
1,1,0.9942120909690857
0,0,0.07244604825973511
0,0,0.015458616428077221
0,0,0.00010607667354634032
0,0,0.02367735281586647
1,1,0.9962912797927856
0,0,0.04451672360301018
0,0,4.661714774556458e-05
0,1,0.7070943117141724
0,0,9.075676643988118e-05
0,0,1.5942547179292887e-05
1,1,0.969376802444458
0,0,0.0006140975747257471
0,0,0.005228776950389147
1,1,0.931363046169281
0,1,0.6459113359451294
0,0,0.0005004548584111035
0,0,0.0012758740922436118
1,1,0.9999113082885742
0,0,0.0006288355798460543
0,0,0.00848662294447422
0,0,0.0005637752474285662
0,0,0.006534951273351908
0,0,0.47524604201316833
0,0,1.33911971715861e-05
1,1,0.9993601441383362
0,0,3.910858140443452e-06
1,1,0.9831157326698303
0,0,0.005324875935912132
1,1,0.9905923008918762
1,1,0.9999696016311646
1,1,0.9974920749664307
0,0,0.012328561395406723
0,0,0.0001209546608151868
1,1,0.9999921321868896
0,0,0.00013237883104011416
0,0,0.08542294055223465
1,1,0.5044786334037781
1,1,0.9999768733978271
1,1,0.999977707862854
0,0,0.00016178596706595272
1,1,0.9992352724075317
1,1,0.9994254112243652
1,1,0.9928959012031555
1,1,0.8453184366226196
0,0,0.21500219404697418
1,1,0.944230318069458
1,1,0.5063884854316711
1,1,0.9990874528884888
0,0,0.003612503409385681
1,1,0.9999748468399048
0,0,0.20968101918697357
0,0,0.0007272338843904436
0,0,3.3634662486292655e-06
0,0,0.00011503578571137041
1,1,0.9999150037765503
0,1,0.7363297343254089
1,1,0.922272801399231
1,1,0.9999864101409912
1,1,0.8711897730827332
1,1,0.9959192872047424
1,1,0.9998093247413635
1,1,0.9995101690292358
0,0,0.0030098152346909046
1,1,0.9999724626541138
1,1,0.9996657371520996
1,1,0.8829679489135742
0,0,0.0901835709810257
1,1,0.9976558685302734
0,0,0.000147902755998075
0,0,0.009915716014802456
1,1,0.9999998807907104
0,0,4.8299978516297415e-05
1,1,0.9996861219406128
0,0,0.025696564465761185
0,0,0.0003529776004143059
0,0,0.0006141525227576494
0,0,0.006066962610930204
0,0,8.926695954869501e-06
0,0,0.03629034012556076
1,1,0.9970800280570984
1,1,0.8656461238861084
1,1,0.9970234036445618
0,0,1.9338587662787177e-05
0,0,0.00012210552813485265
0,0,4.573462865664624e-05
0,0,0.013258775696158409
1,1,0.999933123588562
1,1,0.9999841451644897
1,1,0.999114453792572
0,1,0.8266680240631104
1,0,0.4416520297527313
1,1,0.9997850060462952
1,1,0.9999254941940308
1,1,0.9276583194732666
1,1,0.6417194604873657
1,1,0.9999351501464844
1,1,0.9739813208580017
0,0,0.0043638902716338634
0,0,0.3939659297466278
0,0,0.2024933099746704
1,1,0.9935156106948853
1,1,0.9959585070610046
1,1,0.9963750243186951
1,1,0.9998557567596436
1,1,0.9991100430488586
0,0,0.0004719977150671184
0,0,0.012031597085297108
0,0,6.472403038060293e-05
0,0,0.10822173953056335
1,1,0.9998990297317505
0,0,0.2118246704339981
1,1,0.9999605417251587
0,0,1.525130937807262e-05
1,1,0.9909907579421997
1,1,0.9964564442634583
1,1,0.9905170798301697
1,1,0.9823132157325745
1,1,0.9999722242355347
0,0,0.0014456964563578367
1,1,0.9997815489768982
1,1,0.651486873626709
0,0,9.064493497135118e-05
0,0,0.0005619876901619136
0,0,0.011113546788692474
0,0,4.587234343489399e-06
1,1,0.9956374764442444
0,0,9.38483135541901e-05
1,1,0.9948571920394897
1,1,0.9999549388885498
0,0,0.026727337390184402
1,1,0.6536887288093567
1,1,0.9997679591178894
0,0,0.0019145546248182654
1,1,0.9741591215133667
0,0,0.0005119096022099257
0,0,6.0597860283451155e-05
1,1,0.9996981620788574
0,0,0.01633080281317234
1,1,0.9803223013877869
1,0,0.044723935425281525
1,1,0.9999957084655762
1,1,0.9768260717391968
0,0,0.013995589688420296
1,1,0.999988317489624
1,1,0.9300130605697632
1,1,0.999163031578064
1,1,0.9902601838111877
1,1,0.9680211544036865
1,1,0.9995051622390747
1,1,0.9940497875213623
1,1,0.9999935626983643
0,0,0.06726469844579697
1,1,0.9979026317596436
1,1,0.7305704951286316
1,1,0.9995321035385132
1,0,0.41897445917129517
1,1,0.9977520108222961
1,1,0.9651640057563782
1,1,0.9088993072509766
0,0,0.0009373159846290946
0,0,0.0019564758986234665
1,1,0.9804660677909851
1,1,0.9875854253768921
1,1,0.9894186854362488
1,1,0.9999680519104004
0,0,0.0005025424179621041
1,1,0.999921441078186
0,0,0.00023034412879496813
1,1,0.9966498017311096
1,1,0.9998014569282532
0,0,0.007000440265983343
0,0,0.0006132106063887477
1,0,0.19445249438285828
1,1,0.9887774586677551
1,1,0.903874397277832
1,1,0.9999934434890747
1,1,0.9782187342643738
0,0,0.012666827999055386
0,0,4.014053502032766e-06
0,0,2.2353066015057266e-05
0,0,0.008930882439017296
0,0,0.058237843215465546
0,0,0.005163709633052349
1,1,0.9996601343154907
0,0,0.008912663906812668
0,0,0.00023410588619299233
1,1,0.9978204965591431
0,0,2.257255073345732e-05
1,1,0.9992648959159851
1,1,0.9995895028114319
0,0,2.6021894882433116e-05
1,1,0.9999401569366455
0,0,1.3887845852877945e-05
1,1,0.6098989844322205
0,0,0.006905338726937771
0,0,7.008069951552898e-05
0,1,0.6110473871231079
1,0,0.13305357098579407
1,1,0.9999635219573975
0,0,0.03661837801337242
1,1,0.9998958110809326
0,1,0.5001708269119263
0,0,2.9175084819144104e-06
0,0,0.00028611390735022724
0,0,0.0024560776073485613
0,0,0.0012812219792976975
0,0,9.488729847362265e-05
1,1,0.9976311922073364
1,1,0.9999508857727051
0,1,0.663737416267395
1,1,0.9993069171905518
1,1,0.9996366500854492
1,1,0.9999051094055176
1,1,0.9999222755432129
1,1,0.9949527978897095
1,1,0.9996452331542969
1,1,0.995317816734314
1,1,0.9998892545700073
1,1,0.9969313144683838
1,1,0.7004692554473877
1,1,0.9701235890388489
0,0,0.0011355241294950247
1,1,0.8738124966621399
0,0,0.0008207447244785726
1,1,0.9893820285797119
1,1,0.9777663946151733
0,0,0.00018826195446308702
1,1,0.9999955892562866
1,1,0.999442994594574
1,1,0.9997642636299133
0,0,3.445474794716574e-05
0,0,0.016449609771370888
0,0,0.43329206109046936
0,0,0.0006897998973727226
0,0,1.5240101674862672e-05
0,0,0.0011897467775270343
1,1,0.9999207258224487
1,1,0.9942797422409058
1,1,0.981975793838501
1,1,0.9999957084655762
0,0,0.019188078120350838
1,1,0.9999958276748657
0,0,0.0021062141750007868
0,0,6.688021130685229e-06
0,1,0.9888125658035278
1,1,0.9429064989089966
1,1,0.861255407333374
1,1,0.9999394416809082
1,1,0.999997615814209
0,0,0.08961015939712524
0,0,1.2364547728793696e-05
1,1,0.9994854927062988
0,0,0.02085595764219761
1,1,0.9940853118896484
1,1,0.9937859773635864
1,1,0.9996956586837769
1,1,0.8233546614646912
1,1,0.9961355924606323
1,1,0.9931133389472961
1,1,0.9998594522476196
1,1,0.9999544620513916
1,1,0.91599041223526
1,1,0.9999924898147583
1,1,0.9999301433563232
1,1,0.9997268319129944
0,0,0.11127543449401855
1,1,0.9993419051170349
1,1,0.9982544779777527
1,1,0.9999107122421265
1,1,0.9553175568580627
0,0,0.03417257219552994
1,1,0.7302325963973999
0,0,0.01319766603410244
0,0,0.01972273364663124
0,0,0.011110255494713783
1,1,0.9934563040733337
0,0,1.6362842870876193e-05
0,0,1.0782674507936463e-05
0,0,6.167747557128678e-08
0,0,0.3926106095314026
1,1,0.9989114999771118
1,1,0.9998660087585449
1,1,0.9529083967208862
0,0,0.1125338226556778
0,0,0.22026635706424713
0,0,0.0001852024142863229
0,0,0.02841321937739849
1,1,0.9905214309692383
1,1,0.9999861717224121
0,0,0.0004721536533907056
0,0,1.2647177754843142e-05
1,1,0.9971790313720703
0,0,0.0004213486681692302
0,0,5.9972910094074905e-05
1,1,0.9980706572532654
1,1,0.9918825030326843
1,1,0.9922364354133606
1,1,0.9982642531394958
0,0,0.0027436893433332443
1,1,0.9344740509986877
0,0,0.3065221607685089
1,1,0.9975842237472534
1,1,0.9999998807907104
1,1,0.9999457597732544
0,0,0.1079956516623497
0,0,0.0004958187346346676
1,1,0.9999978542327881
1,1,0.5141270160675049
1,1,0.9999953508377075
1,1,0.9998012185096741
0,0,0.1282985657453537
1,1,0.9984934329986572
0,0,0.05857490003108978
1,1,0.9772169589996338
1,1,0.9463071823120117
0,0,0.00035173611831851304
0,0,8.654122211737558e-05
1,1,0.9137924313545227
0,0,0.0033606020733714104
1,1,0.9985388517379761
1,1,0.912519633769989
1,1,0.999834418296814
0,0,5.487735506903846e-06
1,1,0.9350400567054749
1,1,0.9998830556869507
0,0,0.046716801822185516
1,1,0.9999496936798096
0,0,0.10204970091581345
0,0,0.043464936316013336
1,1,0.9854947328567505
1,1,0.8800046443939209
0,0,0.02219926193356514
0,0,3.7797411778228707e-07
0,0,0.0034201594535261393
0,0,0.03986423462629318
0,0,0.05475640296936035
1,1,0.9996523857116699
1,1,0.9934197068214417
1,1,0.9947133660316467
0,0,0.18567968904972076
1,1,0.9992651343345642
0,0,1.4607584489567671e-05
0,0,0.003989206161350012
0,0,3.9293755094149674e-07
0,0,0.09584500640630722
1,1,0.9956458210945129
1,1,0.9999754428863525
1,0,0.22325104475021362
0,0,0.451420396566391
1,1,0.8557205200195312
1,1,0.9999088048934937
1,1,0.9942135214805603
0,0,0.3708812892436981
1,1,0.9824426174163818
0,1,0.9690737724304199
1,1,0.8439451456069946
0,0,0.01811470091342926
1,1,0.9958828687667847
1,1,0.9996222257614136
1,1,0.9994662404060364
1,1,0.9995056390762329
1,1,0.9999921321868896
0,0,1.007713217404671e-05
1,1,0.9999997615814209
0,0,0.008577663451433182
1,1,0.9998735189437866
1,1,0.9224628806114197
1,1,0.9999852180480957
1,1,0.9999823570251465
0,0,0.1385570466518402
0,0,0.0014649203512817621
1,1,0.9992814660072327
0,0,0.0005280823679640889
0,0,0.017851857468485832
0,0,0.0027434637304395437
1,1,0.9999798536300659
0,0,0.0035437694750726223
0,0,0.003591362852603197
0,0,0.1675751656293869
1,0,0.3916710317134857
1,0,0.3960893750190735
0,0,0.00015908625209704041
0,1,0.7174979448318481
0,0,0.024418415501713753
0,0,0.0024974097032099962
0,0,0.14049935340881348
1,1,0.999301552772522
1,1,0.8235975503921509
0,0,8.491070730087813e-06
1,1,0.9869443774223328
0,0,0.19901134073734283
1,1,0.9966387748718262
0,1,0.9619200825691223
0,0,0.0013296339893713593
0,0,0.0015913229435682297
0,0,0.0007718497654423118
1,1,0.8319645524024963
1,1,0.9998666048049927
0,0,0.0014711678959429264
1,1,0.9856180548667908
0,0,0.0001590243773534894
0,0,0.00010546344856265932
0,0,0.0015944744227454066
0,0,0.000925450527574867
0,0,0.018145956099033356
1,1,0.979322612285614
1,1,0.9971461892127991
1,1,0.9999839067459106
0,0,0.009475176222622395
1,1,0.999164342880249
1,1,0.8766164183616638
1,1,0.9982559084892273
0,0,0.08822114020586014
1,1,0.999861478805542
0,0,0.00040140279452316463
1,1,0.9997984766960144
0,0,0.00047134177293628454
1,1,0.9999204874038696
0,0,0.00042223348282277584
1,1,0.9988377690315247
1,1,0.9891007542610168
1,1,0.9696432948112488
1,1,0.8874514102935791
1,1,0.9955541491508484
1,1,0.9927496910095215
0,0,9.804741421248764e-05
0,0,0.032655443996191025
0,0,1.0333922546124086e-05
0,0,9.221645450452343e-05
1,1,0.9999308586120605
1,1,0.9859075546264648
1,1,0.9998223185539246
1,1,0.9996410608291626
0,0,0.0011092891218140721
0,0,0.025936275720596313
1,1,0.9996817111968994
1,1,0.997785210609436
0,0,1.8577400624053553e-05
1,1,0.9992392063140869
0,0,0.00038057449273765087
1,1,0.9996695518493652
0,0,0.0010103234089910984
1,1,0.9981685876846313
1,1,0.9992552399635315
1,1,0.9992154836654663
1,1,0.9998735189437866
0,0,0.43231192231178284
1,1,0.9937983155250549
1,1,0.9977582097053528
1,1,0.9998107552528381
1,0,0.30853065848350525
1,1,0.9982505440711975
0,0,0.011181783862411976
0,0,0.4623091220855713
0,0,0.00010373998520663008
0,0,0.2615301311016083
1,1,0.9996627569198608
0,1,0.5182254314422607
0,0,0.004193115048110485
1,1,0.6708005666732788
1,1,0.9998428821563721
1,1,0.7944021821022034
0,0,0.00032868076232261956
1,1,0.9745877385139465
0,0,0.00029777755844406784
1,1,0.9974105954170227
0,0,0.004878458566963673
0,0,6.077349098632112e-06
0,1,0.8665256500244141
1,1,0.9993501305580139
1,1,0.9997522234916687
1,1,0.9999496936798096
1,1,0.9927144646644592
1,0,0.4944741725921631
1,1,0.9999892711639404
0,0,0.00012204884114908054
1,1,0.5044896006584167
1,1,0.8386629819869995
0,0,5.9244412113912404e-05
1,1,0.9971492886543274
1,1,0.9998657703399658
1,1,0.9998635053634644
1,1,0.997661828994751
1,0,0.4987265169620514
1,1,0.9998136162757874
1,1,0.9999980926513672
1,1,0.999997615814209
1,1,0.9952787160873413
1,1,0.9997705817222595
1,1,0.9080856442451477
1,1,0.9999780654907227
1,1,0.9999256134033203
0,0,0.007262259256094694
0,0,0.008521283976733685
1,1,0.9985353946685791
1,1,0.9999960660934448
0,0,0.009116057306528091
0,0,2.2470503608928993e-06
0,0,0.021005531772971153
0,0,1.0569301593932323e-05
0,0,0.00022005198115948588
1,1,0.9965294003486633
1,1,0.9988908171653748
0,0,0.009833202697336674
1,1,0.6470213532447815
1,1,0.9999654293060303
1,0,0.008814877830445766
1,1,0.9998090863227844
0,0,0.0004426834639161825
1,1,0.9881160259246826
0,0,0.009714378044009209
1,1,0.9999771118164062
1,1,0.9992406368255615
1,1,0.9990283250808716
1,1,0.9999806880950928
0,0,0.029358886182308197
0,0,7.178985106293112e-05
0,0,0.05924167484045029
0,0,0.0008274241117760539
0,0,1.3225774637248833e-05
1,1,0.9302531480789185
0,0,0.005189552903175354
0,0,0.004822084214538336
0,0,0.08939548581838608
1,1,0.9713116884231567
1,1,0.9653921127319336
1,1,0.9201788306236267
0,0,0.34216180443763733
1,1,0.9918522238731384
1,1,0.9963595271110535
0,0,0.0003694409679155797
0,0,0.0037346200551837683
0,0,0.00012204673112137243
1,1,0.9998552799224854
1,1,0.9948331117630005
1,1,0.9998158812522888
0,0,0.21118192374706268
0,0,0.007056341040879488
1,1,0.9997370839118958
0,0,0.0822804644703865
0,0,0.029899658635258675
1,1,0.9993923902511597
1,1,0.9999895095825195
1,1,0.8643078207969666
1,1,0.9991675615310669
1,1,0.9859141111373901
0,0,0.0004566829593386501
1,1,0.9958337545394897
1,1,0.9954861998558044
1,1,0.9185243248939514
1,1,0.9979416728019714
1,1,0.9981281161308289
1,1,0.9989123344421387
1,1,0.7284161448478699
0,0,0.0012133902637287974
0,0,1.76324465428479e-05
1,1,0.9358580112457275
0,0,1.8045807337330189e-07
0,0,0.0011258202139288187
1,1,0.9999642372131348
0,0,3.056107379961759e-05
0,0,8.149662608047947e-05
0,0,0.022908970713615417
1,1,0.8170117735862732
1,1,0.9288774728775024
0,0,7.660808478249237e-05
1,1,0.9992578625679016
1,1,0.9031338691711426
0,0,0.009365299716591835
0,0,0.014211485162377357
1,1,0.9999772310256958
0,0,0.002903994405642152
0,0,0.003210425144061446
1,1,0.987286388874054
0,0,0.05176391825079918
1,1,0.9997368454933167
1,1,0.9999991655349731
0,0,0.00013858353486284614
1,1,0.9979674220085144
1,1,0.9730775952339172
0,0,0.0008578606066294014
0,0,0.0013013584539294243
1,1,0.9981978535652161
0,0,0.10381694883108139
0,0,7.252681098179892e-05
1,1,0.9925892353057861
0,1,0.9781560897827148
0,0,1.7267300790990703e-05
1,1,0.9989618062973022
1,1,0.9984568357467651
1,1,0.9998990297317505
0,0,5.7130200730171055e-05
0,0,0.020585276186466217
1,1,0.9997251629829407
0,0,0.0030370079912245274
1,1,0.9999349117279053
0,0,0.004036647267639637
0,0,0.0013530388241633773
0,1,0.6306798458099365
1,1,0.8201263546943665
1,1,0.9990346431732178
1,1,0.9708620309829712
0,0,0.009414003230631351
1,1,0.9994626641273499
0,0,0.013225497677922249
0,0,0.011655498296022415
0,0,0.00039049010956659913
1,0,0.3814636170864105
1,1,0.8962436318397522
0,1,0.9914905428886414
0,0,0.003919834271073341
0,0,0.11974552273750305
0,1,0.6230536103248596
1,0,0.39148634672164917
0,1,0.8309058547019958
0,1,0.5462703704833984
0,0,9.606008825358003e-05
0,0,5.920786497881636e-05
0,0,0.00017249210213776678
1,1,0.9995729327201843
0,0,0.435625284910202
0,0,0.00020037576905451715
0,0,0.008579637855291367
0,0,2.3971673726919107e-05
1,1,0.999599039554596
0,0,4.0200244256993756e-05
1,1,0.9992376565933228
1,1,0.9979413151741028
1,1,0.9997009038925171
0,0,0.03369273245334625
0,0,2.4196204321924597e-05
1,1,0.9999948740005493
1,1,0.9925565123558044
0,0,0.023659536615014076
1,0,0.23447060585021973
1,1,0.999544084072113
0,1,0.5730637311935425
0,0,4.2877402961494226e-07
1,1,0.9998185038566589
0,0,0.004199638497084379
0,0,0.0012448367197066545
1,1,0.9993292093276978
0,0,0.0027476088143885136
0,0,0.019193902611732483
0,0,7.958643982419744e-05
0,0,0.013569628819823265
0,0,0.041421953588724136
1,1,0.9829981327056885
1,1,0.9999983310699463
1,1,0.9990955591201782
0,0,0.07831735163927078
0,0,5.726393646909855e-05
1,1,0.9998499155044556
1,1,0.9773527383804321
0,0,0.22802357375621796
0,0,0.03849459066987038
1,1,0.9924858808517456
1,1,0.5852709412574768
1,1,0.9947704672813416
1,1,0.9953916072845459
1,1,0.9982227683067322
1,1,0.9837502837181091
1,1,0.9999964237213135
0,0,0.10657867789268494
0,0,6.208654667716473e-06
0,1,0.6134701371192932
1,1,0.9999940395355225
1,1,0.9892701506614685
1,1,0.9998316764831543
1,1,0.9996088147163391
1,1,0.9993977546691895
1,1,0.9998421669006348
0,0,0.000979442149400711
0,0,0.0002512227219995111
1,1,0.9999715089797974
0,0,8.836043889459688e-06
0,0,0.00014109806215856224
0,0,0.0038410350680351257
1,1,0.8701410889625549
1,1,0.9999655485153198
0,0,0.0037724680732935667
0,0,0.04798011854290962
1,1,0.9996052384376526
0,0,0.07753060013055801
1,1,0.9999394416809082
1,1,0.8623911142349243
0,0,0.000963882077485323
1,1,0.9069924354553223
0,0,0.025185391306877136
0,0,0.06206861510872841
1,1,0.9424405694007874
0,0,0.0001282930315937847
0,0,2.215828089902061e-06
0,0,0.0036156887654215097
1,1,0.8975317478179932
1,1,0.9987994432449341
0,0,1.1540014384081587e-05
0,0,1.056579890246212e-06
1,1,0.9996345043182373
1,1,0.9979791045188904
0,0,1.0953812306979671e-05
1,1,0.9994083642959595
1,1,0.999514102935791
1,1,0.9877775311470032
1,1,0.9944055080413818
1,1,0.9960067868232727
1,1,0.9939290285110474
1,1,0.9990984201431274
0,0,0.16119889914989471
1,0,0.4104674458503723
0,0,3.3542401070008054e-05
1,1,0.9998519420623779
0,0,0.0011841468513011932
0,0,0.1268211007118225
0,0,5.7091310736723244e-05
0,0,5.162871821084991e-05
1,1,0.995840847492218
0,0,0.0577605664730072
0,0,0.0004836553707718849
0,0,0.00013968015264254063
1,1,0.9999622106552124
1,1,0.999762237071991
1,1,0.9999967813491821
0,0,0.014916148036718369
0,1,0.8315224647521973
1,1,0.9911388754844666
1,1,0.9831140041351318
0,0,0.26782163977622986
0,0,0.06021912023425102
1,1,0.9887944459915161
0,1,0.5562345385551453
1,1,0.9999624490737915
1,1,0.9999725818634033
1,1,0.9990744590759277
1,1,0.9990353584289551
0,0,0.0002319866034667939
1,1,0.9701635241508484
1,0,0.3074047267436981
1,1,0.9820645451545715
1,1,0.9984031319618225
0,0,0.10250479727983475
1,1,0.9981461763381958
1,1,0.9996076226234436
1,1,0.9867932200431824
0,0,0.004233878571540117
0,0,0.19440816342830658
0,0,0.00011994440137641504
1,1,0.999925971031189
0,0,0.3608541190624237
0,0,7.191681652329862e-05
1,1,0.9999923706054688
1,1,0.9998459815979004
0,0,0.0003921571187674999
1,1,0.9998806715011597
0,0,0.0011111985659226775
0,0,0.0013929795240983367
1,1,0.9997377991676331
0,0,0.486447274684906
1,1,0.9996163845062256
0,0,2.8249804017832503e-05
0,0,0.04735354706645012
1,1,0.9991870522499084
1,1,0.9770541787147522
1,1,0.9999275207519531
1,1,0.9999233484268188
0,0,0.03933108225464821
1,1,0.9898485541343689
1,1,0.9998304843902588
0,0,7.933308552310336e-06
1,1,0.9999195337295532
0,0,0.1658979207277298
0,0,8.270974376500817e-07
0,0,0.0005386382690630853
1,1,0.9999827146530151
1,1,0.6029700040817261
0,0,0.008635103702545166
1,1,0.9977107048034668
1,1,0.9941200613975525
0,0,5.392637831391767e-05
1,1,0.9959831237792969
1,1,0.7793547511100769
1,1,0.9987902045249939
1,1,0.9231893420219421
1,1,0.9995604157447815
0,0,0.33476221561431885
0,0,0.0351739302277565
0,0,0.0020138504914939404
0,0,4.176120455667842e-06
0,0,0.22777749598026276
1,1,0.9999808073043823
0,0,5.487455609909375e-07
1,1,0.9999885559082031
0,0,0.14987654983997345
0,0,3.9376966014970094e-05
1,1,0.9996767044067383
0,0,0.0008784156525507569
0,0,0.0006553096463903785
1,1,0.9995179176330566
1,1,0.9687666893005371
0,0,0.23151591420173645
1,1,0.9921060800552368
0,0,7.997055217856541e-05
1,1,0.9213459491729736
0,0,0.49771085381507874
1,1,0.9992802739143372
1,1,0.9988781809806824
1,1,0.9993864297866821
0,0,0.19764557480812073
1,1,0.9937819838523865
1,0,0.1635761260986328
0,0,0.002212549326941371
0,0,0.007125330623239279
0,0,0.47542867064476013
0,0,0.010838649235665798
1,1,0.9998831748962402
1,1,0.9998223185539246
1,1,0.9949980974197388
1,0,0.4621792137622833
0,0,0.0005914749926887453
0,0,0.00012297992361709476
0,0,0.06794535368680954
0,0,0.00012077787687303498
0,0,0.003989759366959333
0,1,0.7112912535667419
1,1,0.9999816417694092
1,1,0.9943063855171204
1,1,0.6290887594223022
0,0,0.008733083494007587
1,1,0.9241248965263367
1,1,0.9334470629692078
0,0,0.03631829842925072
0,0,0.2579166889190674
1,1,0.9996674060821533
1,1,0.9984704852104187
0,0,2.1432296648526972e-07
0,0,0.04582182690501213
0,0,0.05498645082116127
0,0,0.004700676072388887
0,0,0.002434196649119258
1,1,0.830918550491333
0,0,0.07318706810474396
0,0,0.0006580693298019469
0,0,0.2920735776424408
1,1,0.9543550610542297
1,1,0.9999423027038574
1,1,0.9997914433479309
0,0,0.0037737349048256874
1,1,0.9921742677688599
1,1,0.9957226514816284
1,1,0.9860921502113342
1,1,0.7003987431526184
0,0,0.13391348719596863
0,0,0.05535067990422249
0,0,0.010340511798858643
0,0,0.03277146816253662
0,0,0.1459399163722992
0,0,0.00043976097367703915
1,1,0.9758381247520447
1,1,0.9564903974533081
0,0,0.0003130655677523464
0,0,0.0013916409807279706
0,0,0.00023172663350123912
1,1,0.9987956285476685
0,0,0.00023635226534679532
1,1,0.9999815225601196
1,1,0.999536395072937
0,0,0.016437681391835213
0,0,0.0004768691724166274
1,1,0.9999947547912598
1,1,0.9964101910591125
0,1,0.6174553632736206
0,0,0.05871637165546417
0,0,0.0030972505919635296
0,0,0.003950432408601046
1,1,0.9973100423812866
1,1,0.8909265398979187
1,1,0.999971866607666
0,0,0.000604507396928966
1,1,0.9998953342437744
1,1,0.9988741278648376
0,0,3.725622718775412e-06
1,1,0.9944633841514587
1,1,0.9953612685203552
0,0,0.0027051493525505066
0,0,0.015372167341411114
1,1,0.7125718593597412
1,1,0.9996504783630371
0,0,0.09381318837404251
0,0,1.9421255274210125e-05
0,0,0.052091315388679504
0,0,9.50838511926122e-05
0,0,0.0021115588024258614
1,1,0.9999305009841919
0,0,0.0016686851158738136
0,0,6.437525735236704e-05
1,1,0.9995394945144653
0,0,0.03445851430296898
0,0,0.00740905711427331
0,0,0.4794750511646271
1,1,0.9982262253761292
1,1,0.9983543157577515
0,0,2.9896909836679697e-05
1,1,0.9998067021369934
0,0,0.0001685758907115087
0,0,0.007754293270409107
1,1,0.9572951793670654
0,0,0.0029068924486637115
0,0,0.226046621799469
1,1,0.9874245524406433
1,1,0.9998753070831299
1,1,0.9991475343704224
1,1,0.9999439716339111
0,0,0.003518777433782816
1,1,0.9992590546607971
1,1,0.9981374740600586
1,1,0.9999959468841553
0,0,0.008450064808130264
0,0,0.0017185360193252563
1,0,0.40323638916015625
1,1,0.9999806880950928
1,1,0.9862646460533142
0,0,0.0019465532386675477
1,1,0.9998383522033691
0,0,0.008736632764339447
1,1,0.9999921321868896
1,1,0.9998148083686829
1,1,0.8884847164154053
1,1,0.8089806437492371
1,1,0.9952123165130615
0,0,2.040980507445056e-05
0,0,0.00823177583515644
1,1,0.9999982118606567
0,0,0.09628012031316757
0,0,0.16418080031871796
0,0,3.578269388526678e-05
1,1,0.9523842334747314
0,0,0.0003245688567403704
1,1,0.565576434135437
0,0,1.3195222891226877e-05
0,0,0.0023575073573738337
0,0,0.0007824949570931494
1,1,0.9999812841415405
0,0,0.0005295203882269561
0,0,5.274515388009604e-06
0,0,0.3597389757633209
1,1,0.9973601698875427
0,0,0.00023415056057274342
1,1,0.9997005462646484
0,0,0.05859673395752907
0,0,0.051384150981903076
1,1,0.9999003410339355
0,0,0.14166568219661713
0,0,0.007370300125330687
1,1,0.9999520778656006
0,0,0.4410044252872467
1,1,0.9997404217720032
1,1,0.9992433786392212
1,1,0.9995538592338562
0,0,0.004565645940601826
1,1,0.927261233329773
1,1,0.9993805885314941
1,1,0.8359144330024719
1,1,0.9991317391395569
1,1,0.9616830945014954
0,0,0.03723778575658798
1,1,0.9220412969589233
1,1,0.9999251365661621
0,0,0.060945332050323486
0,0,0.4099240303039551
0,0,0.004093522671610117
0,1,0.7189038991928101
1,1,0.999997615814209
1,1,0.9993746876716614
1,1,0.9994385838508606
1,1,0.9983627200126648
0,1,0.5332852005958557
1,1,0.9978457689285278
1,1,0.9341484308242798
1,1,0.9997169375419617
0,1,0.6248475909233093
1,1,0.9791466593742371
0,0,0.014909991063177586
1,1,0.999967098236084
0,0,0.019300052896142006
1,1,0.9970707893371582
1,1,0.999373733997345
1,1,0.9989390969276428
1,1,0.9749138355255127
1,1,0.9992573857307434
0,0,0.04026579484343529
1,1,0.9391477704048157
0,0,0.25313854217529297
1,1,0.9821679592132568
0,0,4.336840902396943e-06
1,1,0.8747310638427734
1,1,0.5105618834495544
1,1,0.9848685264587402
1,1,0.9990399479866028
1,1,0.9999566078186035
1,1,0.9999964237213135
1,1,0.9997088313102722
1,1,0.8478374481201172
0,0,1.326347774011083e-05
1,1,0.99787437915802
0,0,0.005545707419514656
0,0,1.7016114725265652e-05
1,1,0.9882402420043945
1,1,0.999563992023468
0,0,0.020548412576317787
1,1,0.9201801419258118
1,1,0.9998698234558105
1,1,0.9999771118164062
1,1,0.9984450936317444
1,1,0.9984415173530579
0,0,0.10004860162734985
0,1,0.5197940468788147
0,0,0.00017065979773178697
1,1,0.9754247665405273
0,0,0.007545658852905035
0,0,0.00022484299552161247
0,0,0.4563644230365753
0,0,0.0003772876225411892
0,0,0.2099333554506302
1,1,0.9986041188240051
1,1,0.9971767663955688
1,1,0.9932877421379089
1,1,0.9952967762947083
1,1,0.9999947547912598
0,1,0.6392728686332703
1,1,0.9999643564224243
0,0,5.8663499657996e-05
0,1,0.6577706933021545
1,1,0.7475327849388123
1,1,0.9732511043548584
0,0,0.0002399033837718889
0,0,0.00013739288260694593
0,0,0.007413445506244898
0,0,0.01175722572952509
0,0,0.001887431018985808
0,0,0.0023940587416291237
1,0,0.20642663538455963
0,0,0.0071816639974713326
0,0,0.006151516456156969
0,0,0.23721152544021606
0,0,6.233505700947717e-05
0,0,0.0004911505966447294
1,1,0.9995488524436951
0,0,0.00937362015247345
1,1,0.9927445650100708
1,1,0.9998304843902588
0,0,8.49581920192577e-05
1,1,0.9980263113975525
1,1,0.9999949932098389
1,1,0.9999009370803833
0,1,0.8877477645874023
0,0,0.42525702714920044
1,1,0.9995847344398499
1,1,0.9999665021896362
0,0,0.0031541110947728157
1,1,0.9973293542861938
1,1,0.983555257320404
1,1,0.99969482421875
0,0,9.279866389988456e-06
1,0,0.346554696559906
1,0,0.3384973406791687
1,1,0.999961256980896
1,1,0.5186797976493835
1,1,0.9906561970710754
1,1,0.9998762607574463
1,1,0.9993579983711243
0,0,0.22757019102573395
1,0,0.49848052859306335
0,0,0.011129330843687057
1,1,0.9679470062255859
1,1,0.9989845156669617
1,1,0.9039742350578308
1,1,0.9857757687568665
1,1,0.9964311122894287
1,1,0.9955379962921143
0,0,0.00030899723060429096
0,0,0.04585548862814903
0,0,0.0036872695200145245
1,1,0.9996963739395142
0,0,0.0003102035843767226
1,1,0.999998927116394
0,0,0.02588365040719509
0,0,0.00034947856329381466
0,0,6.34131210972555e-05
0,0,0.001363508403301239
1,1,0.998766303062439
1,1,0.9999313354492188
1,1,0.9972364902496338
1,1,0.9997768998146057
1,1,0.9972543120384216
0,0,0.0003084094787482172
0,0,0.32659444212913513
0,0,0.16508188843727112
0,0,2.0132976715103723e-05
0,0,2.0251297883078223e-06
1,1,0.9817673563957214
1,1,0.97632896900177
1,1,0.9794966578483582
0,0,0.007938583381474018
1,1,0.999404788017273
0,0,0.00014860193186905235
1,1,0.9998107552528381
0,0,1.1297639503027312e-05
0,0,1.187172529171221e-05
0,0,0.17160643637180328
1,1,0.999915599822998
1,1,0.9997249245643616
1,1,0.9012632966041565
1,0,0.3066262900829315
1,1,0.8690346479415894
0,0,0.00040500721661373973
0,0,0.0037255948409438133
1,1,0.9883326888084412
1,1,0.9805980324745178
0,0,0.12573108077049255
1,1,0.9991501569747925
1,1,0.9998735189437866
0,0,0.0030455682426691055
0,1,0.5928571224212646
1,1,0.996340811252594
1,0,0.06886529177427292
1,1,0.9997363686561584
1,1,0.7343607544898987
1,1,0.9999986886978149
1,1,0.9999674558639526
1,1,0.9998650550842285
1,1,0.990207850933075
1,1,0.9975329637527466
1,1,0.9999982118606567
1,1,0.9996752738952637
0,0,0.004861798603087664
0,0,0.00011822375381598249
0,0,0.00018194454605691135
0,0,0.001709835254587233
0,0,0.03812381252646446
0,0,0.0022206625435501337
0,0,7.79154579504393e-05
0,0,0.0065432339906692505
0,0,4.7460449422942474e-05
0,0,0.010253754444420338
1,1,0.9994766116142273
0,0,0.00904113333672285
0,0,0.13669171929359436
0,0,0.0006666887202300131
1,1,0.9906569719314575
0,0,0.01231597363948822
1,1,0.9989897608757019
1,1,0.9990251064300537
1,1,0.9999737739562988
1,1,0.8501995801925659
1,0,0.3429272174835205
0,0,0.00019152113236486912
1,1,0.9996426105499268
1,1,0.9999353885650635
1,1,0.9484717845916748
0,0,0.00048561618314124644
0,0,0.31687161326408386
0,0,0.029514312744140625
0,0,0.3774387836456299
1,1,0.5576642155647278
1,1,0.9836059808731079
1,1,0.992267906665802
1,1,0.6799395680427551
1,1,0.9797175526618958
0,1,0.7451515793800354
0,0,7.046984683256596e-05
0,0,0.033662039786577225
0,0,0.0001401548506692052
1,1,0.9893283247947693
0,0,0.009544669650495052
0,0,0.1189625933766365
1,1,0.9998911619186401
1,1,0.999757707118988
1,1,0.8451613187789917
1,1,0.9957429766654968
1,1,0.7642590999603271
0,0,8.964693552115932e-05
1,1,0.9838188290596008
1,1,0.997729480266571
0,1,0.8059136867523193
0,0,0.0006862488808110356
1,1,0.9997726082801819
1,1,0.9999147653579712
1,1,0.7963414192199707
1,1,0.92925626039505
0,0,1.2439783176887431e-06
0,0,0.0033620076719671488
1,1,0.9995958209037781
0,0,0.01742425560951233
0,0,0.0007328513893298805
0,0,0.0030196886509656906
0,0,0.00012354491627775133
1,1,0.9901500940322876
0,0,0.0056199803948402405
0,0,5.4060350521467626e-05
1,1,0.997848391532898
0,0,0.00013444552314467728
0,0,0.4728338122367859
1,1,0.9999549388885498
0,0,0.00021737917268183082
0,0,0.0048546381294727325
0,0,0.0005743842339143157
0,0,8.071375305007678e-06
1,1,0.9985747337341309
0,0,0.1433757096529007
1,1,0.994418740272522
0,0,0.00014761871716473252
0,0,0.3488500118255615
0,0,0.0033133639954030514
1,1,0.9993237257003784
1,1,0.9996438026428223
1,1,0.9935336112976074
0,0,0.004751462023705244
0,0,0.0007596173672936857
1,1,0.9917401075363159
1,0,0.06573817878961563
1,1,0.9258452653884888
0,0,0.03708307817578316
0,0,0.0030994671396911144
0,0,0.0004071631992701441
1,1,0.9999363422393799
0,0,0.13162699341773987
0,0,3.8620568375336006e-05
0,0,0.011894553899765015
1,1,0.9307263493537903
0,0,0.019499048590660095
1,1,0.999042809009552
0,0,0.014107164926826954
0,0,0.0023118958342820406
1,1,0.9999790191650391
1,1,0.9886738657951355
1,1,0.9996108412742615
0,0,0.009435821324586868
0,0,0.4658583104610443
0,0,0.03531644865870476
0,0,0.0017403563251718879
0,0,0.09308944642543793
0,0,0.0013558398932218552
0,0,9.126473742071539e-05
1,1,0.9878509640693665
0,0,0.0021116151474416256
1,1,0.9946669340133667
0,0,0.06918641179800034
0,0,0.007535941433161497
1,1,0.999920129776001
0,0,0.0002962577564176172
0,0,0.0053634485229849815
0,0,0.3155992031097412
0,1,0.5723080039024353
1,1,0.9985916018486023
1,1,0.7750552892684937
1,1,0.977112352848053
1,1,0.749347984790802
0,0,0.028367072343826294
0,0,0.04828084632754326
0,0,0.028733516111969948
1,1,0.9999772310256958
0,0,0.008410988375544548
0,0,0.014863433316349983
1,1,0.9999905824661255
0,0,1.3735321772401221e-05
0,0,0.001280160155147314
0,0,0.007338253781199455
1,1,0.9996743202209473
0,0,4.3002160055038985e-06
1,1,0.68425053358078
1,1,0.9289959669113159
1,1,0.9935719966888428
0,1,0.9902542233467102
1,1,0.9991971850395203
0,0,0.26104268431663513
1,0,0.14522245526313782
1,1,0.998011589050293
1,1,0.9996223449707031
1,1,0.9973090887069702
0,0,0.007143296301364899
0,0,0.000905839551705867
1,1,0.9685356020927429
1,1,0.9999972581863403
1,1,0.9999704360961914
0,0,0.0018539389129728079
0,0,0.10813561081886292
1,1,0.9998039603233337
1,1,0.9933627843856812
1,1,0.9992536902427673
1,1,0.9927023649215698
1,1,0.9995535016059875
1,1,0.9999076128005981
1,1,0.9998970031738281
1,1,0.9998080134391785
1,1,0.9998724460601807
0,0,0.00011439247464295477
1,1,0.9999898672103882
0,0,0.0001267499610548839
0,1,0.9950153231620789
1,1,0.9758102893829346
0,0,2.2321391952573322e-05
0,0,4.8523837904212996e-05
1,1,0.9999586343765259
0,0,0.0007650691550225019
0,0,0.0008092560456134379
1,1,0.9989320635795593
0,0,0.004245256073772907
1,1,0.9999877214431763
1,1,0.9399883151054382
0,1,0.5271998643875122
0,0,0.011457962915301323
1,1,0.8756809234619141
0,0,0.01432908046990633
0,0,0.03464203327894211
0,0,0.003701144829392433
0,0,0.0006665850523859262
1,1,0.9982592463493347
1,1,0.9916964769363403
1,1,0.9947502017021179
1,1,0.9994188547134399
1,1,0.999984622001648
0,0,0.013411397114396095
1,1,0.9999996423721313
1,1,0.9936191439628601
1,1,0.6297411322593689
1,1,0.9999747276306152
1,1,0.9997790455818176
0,0,0.0029281850438565016
1,1,0.9980936646461487
1,1,0.9958940744400024
1,1,0.9998989105224609
0,0,0.000698185118380934
1,1,0.9999241828918457
1,1,0.999517560005188
1,1,0.9980953335762024
0,0,0.009717411361634731
1,1,0.9641308188438416
0,0,0.013474934734404087
0,0,0.0024179904721677303
1,1,0.9999840259552002
0,0,0.00028713562642224133
0,0,0.0005477394443005323
0,0,0.007091541774570942
0,0,0.2124023586511612
1,1,0.8530631065368652
1,1,0.9998923540115356
0,1,0.5983005166053772
0,0,5.599679207080044e-05
0,0,0.0004502827359829098
1,1,0.99796462059021
1,1,0.9998458623886108
1,1,0.9997153878211975
0,0,2.3892775061540306e-05
1,1,0.9849241971969604
0,0,0.019048457965254784
1,1,0.9999953508377075
0,0,0.0040996624156832695
1,1,0.9999004602432251
1,1,0.9991089701652527
1,1,0.9776437878608704
1,1,0.9923398494720459
0,0,0.3354675769805908
1,1,0.9991400241851807
1,1,0.9567503333091736
0,0,0.006214456632733345
0,0,0.0015052281087264419
0,0,0.0009473992395214736
0,0,5.4509790061274543e-05
0,0,6.3389629758603405e-06
1,1,0.9762780070304871
0,0,0.0006333263590931892
1,1,0.9982607960700989
1,1,0.9999459981918335
0,0,3.37656783813145e-05
0,0,4.647467903851066e-06
1,1,0.9998408555984497
0,0,0.08014622330665588
1,1,0.9998358488082886
1,1,0.9921758770942688
0,0,7.667006138944998e-05
1,1,0.9955728054046631
0,0,0.209377259016037
1,1,0.999994158744812
1,1,0.999665379524231
1,1,0.8864284157752991
0,0,9.600038538337685e-06
0,0,0.0006361023988574743
0,0,0.0022730031050741673
0,0,2.0733382370963227e-06
1,1,0.8801617622375488
1,1,0.9999898672103882
0,0,0.0004038373299408704
0,0,0.004047560505568981
0,0,4.4499116484075785e-05
1,1,0.9945151805877686
1,1,0.998714804649353
1,1,0.9957172274589539
1,1,0.978766679763794
0,0,0.02980216033756733
0,0,1.465027526137419e-05
0,0,0.04807477071881294
1,1,0.9961208701133728
1,1,0.9962416887283325
1,1,0.9999154806137085
1,1,0.9999657869338989
1,1,0.9963957667350769
1,1,0.9991362690925598
1,1,0.9998430013656616
0,0,7.983211253304034e-05
0,0,0.002161116572096944
1,1,0.977146565914154
1,1,0.9999611377716064
0,1,0.8555364608764648
0,1,0.7717418670654297
0,0,1.0130816008313559e-07
1,1,0.9775993824005127
1,1,0.9057942628860474
1,1,0.9914974570274353
1,1,0.7119115591049194
0,0,0.13537099957466125
1,1,0.8966883420944214
0,0,0.0006370697519741952
0,0,0.0577409490942955
1,1,0.9999880790710449
1,1,0.9893711805343628
1,1,0.9999287128448486
0,0,0.001866989303380251
1,1,0.9994001388549805
0,0,0.0003557820455171168
0,0,0.0001702969748293981
1,1,0.8817095756530762
1,1,0.947489857673645
0,0,0.0003806987951975316
1,1,0.9985558390617371
0,0,0.0007982364622876048
1,1,0.8259947896003723
1,1,0.9949771761894226
0,0,0.22681140899658203
1,1,0.9998944997787476
1,1,0.9788195490837097
0,0,0.004430253524333239
0,0,0.00010001306509366259
0,0,7.2443294811819214e-06
1,1,0.9908038377761841
1,1,0.9987125396728516
0,0,0.04895564541220665
0,0,0.04583711177110672
1,1,0.9038466215133667
0,0,0.0006199958152137697
0,0,0.0077082314528524876
0,0,0.04284455627202988
1,1,0.9909797310829163
0,0,0.00039146983181126416
0,0,0.0002761173527687788
0,0,0.00012921937741339207
0,0,0.014677061699330807
0,1,0.5355209112167358
0,0,9.0354798885528e-05
0,0,0.024077704176306725
0,0,0.00021223352814558893
0,0,0.2169097512960434
0,0,0.16110984981060028
0,0,0.00023714367125649005
0,0,0.00014896385255269706
0,0,0.0001735348632792011
0,0,2.764667442534119e-05
0,0,0.0001489641290390864
0,0,3.65814812539611e-05
0,1,0.8840861320495605
1,0,0.06246572360396385
0,0,0.0008731400594115257
0,0,0.025308875367045403
0,0,0.012190882116556168
0,0,0.000935305142775178
0,0,0.00019100903591606766
0,0,0.0002857529616449028
0,0,0.0074293226934969425
1,1,0.9900650382041931
1,1,0.9997583031654358
1,1,0.9999030828475952
1,1,0.9988285899162292
1,1,0.9573589563369751
1,1,0.9764501452445984
1,1,0.9973408579826355
0,0,0.00012961006723344326
0,0,1.058591533364961e-05
0,0,1.2432748917490244e-05
0,0,0.0010472279973328114
1,1,0.9894133806228638
1,1,0.9980354905128479
1,1,0.9971445202827454
1,1,0.9998494386672974
1,1,0.9990503191947937
0,0,0.3818799555301666
0,0,0.052688539028167725
0,0,0.0005141417495906353
1,1,0.8144341111183167
0,0,8.000602247193456e-05
0,0,3.2387342798756436e-05
0,0,0.0002323957160115242
1,1,0.9999691247940063
1,1,0.6255160570144653
1,1,0.9999988079071045
1,1,0.9673351049423218
0,0,0.00014409844879992306
0,0,0.0009223606903105974
1,1,0.9998061060905457
1,1,0.875424861907959
0,0,0.0011364007368683815
0,0,9.442472759246812e-08
0,0,0.0019513975130394101
0,0,0.0002317093894816935
1,1,0.929671585559845
0,0,0.005226232577115297
1,1,0.9993009567260742
0,0,0.004186567384749651
0,0,0.012826628983020782
0,0,0.011024072766304016
0,0,0.017037592828273773
1,1,0.999290943145752
0,0,0.005887921899557114
0,0,0.149007186293602
0,0,0.04544078931212425
0,0,5.1576163969002664e-05
1,1,0.9863821268081665
1,1,0.9801448583602905
0,0,0.03932814300060272
0,1,0.538688600063324
0,0,4.465480856197246e-07
0,0,5.555187726713484e-06
0,0,8.753939255257137e-06
1,1,0.9918327331542969
1,1,0.9781998991966248
0,0,0.0066356537863612175
0,0,0.0005340190255083144
1,1,0.9736664891242981
1,1,0.9999839067459106
1,1,0.9993263483047485
1,1,0.9998793601989746
0,0,0.030427727848291397
0,0,0.0015197108732536435
0,0,0.0053047901019454
0,0,0.06146899610757828
0,0,0.03290838748216629
1,1,0.9995176792144775
1,1,0.9827227592468262
1,1,0.9995607733726501
1,1,0.9999679327011108
0,0,0.04277486354112625
0,1,0.8414325714111328
1,1,0.9995566010475159
1,1,0.9998360872268677
0,1,0.9670137166976929
1,1,0.9999279975891113
0,0,0.0017721494659781456
1,1,0.9999508857727051
0,0,0.09435145556926727
1,1,0.9999042749404907
0,0,0.10217183828353882
1,1,0.9997175335884094
1,1,0.9995288848876953
1,1,0.9614169597625732
0,0,0.0001425709924660623
1,1,0.9992027878761292
1,1,0.9998469352722168
0,1,0.8148958683013916
1,1,0.9739810824394226
0,0,0.000679503777064383
0,0,0.0008789908024482429
1,1,0.9995864033699036
0,1,0.8718527555465698
1,1,0.9997947812080383
1,1,0.9974163770675659
1,1,0.9981933236122131
1,1,0.964766263961792
0,0,0.0010566974524408579
1,1,0.9977396726608276
0,1,0.5831025838851929
0,0,0.16553138196468353
0,0,0.08337821066379547
1,1,0.902778148651123
1,1,0.999993085861206
1,1,0.9898374676704407
0,0,0.00015799389802850783
1,1,0.9999819993972778
0,0,0.012126332148909569
1,1,0.9945000410079956
1,1,0.9850674867630005
1,1,0.9988054037094116
1,1,0.8928238749504089
0,0,0.05305821821093559
1,1,0.999991774559021
0,0,0.08455242216587067
0,0,0.000922291714232415
0,0,3.719839696714189e-06
0,0,2.2461639673565514e-05
0,0,0.00035419248160906136
0,0,1.9766825062106363e-05
0,0,0.08740074932575226
0,0,5.0745900807669386e-05
1,1,0.9999855756759644
1,1,0.5210712552070618
1,1,0.9997918009757996
0,0,0.015104579739272594
0,0,0.03434159979224205
0,0,6.079263403080404e-05
0,0,0.019806968048214912
1,1,0.999974250793457
1,1,0.9999876022338867
0,0,0.014365216717123985
0,0,0.00014898971130605787
1,1,0.9495814442634583
1,1,0.9944908618927002
1,1,0.9999942779541016
1,1,0.9959245920181274
0,0,3.3811413686635206e-06
1,0,0.1506364941596985
1,1,0.9882606267929077
0,0,8.709256604788607e-08
1,1,0.999413251876831
0,0,0.0358937531709671
0,0,0.00041472192970104516
0,0,0.06614645570516586
0,0,0.026399683207273483
1,0,0.35019055008888245
0,0,0.004451892804354429
1,1,0.9968356490135193
0,0,0.045496031641960144
0,0,0.0005734058795496821
0,0,0.0014013536274433136
0,0,9.316245268564671e-05
1,1,0.9964082837104797
1,1,0.9997050166130066
1,1,0.9998296499252319
1,1,0.999847412109375
1,1,0.9999082088470459
0,0,0.0035055719781666994
0,0,1.4429421071326942e-06
0,0,0.0016378891887143254
1,1,0.998805046081543
0,0,0.0005215023411437869
1,1,0.8043206930160522
0,0,0.40818312764167786
0,0,0.33037373423576355
1,0,0.13284306228160858
0,0,0.37821727991104126
0,0,0.001971358899027109
1,1,0.999969482421875
1,1,0.9979941844940186
1,1,0.999998927116394
1,1,0.742096483707428
1,1,0.9674229025840759
0,0,0.09591939300298691
0,0,0.004003697540611029
1,1,0.997871994972229
0,0,6.886211849632673e-06
1,1,0.987310528755188
1,1,0.9977176189422607
1,1,0.9574369788169861
1,1,0.9977883100509644
0,0,0.36911094188690186
0,0,0.0005128781194798648
1,1,0.9951673746109009
1,1,0.9697800278663635
1,1,0.9989840388298035
1,1,0.9692381620407104
0,0,0.003848363645374775
0,0,8.515091030858457e-05
1,1,0.9999675750732422
1,1,0.9999479055404663
1,1,0.998479425907135
1,1,0.9946150183677673
0,0,0.0036826618015766144
0,0,4.9505674724059645e-06
0,0,0.23767532408237457
0,0,0.042490843683481216
0,1,0.7942346334457397
0,0,0.007827111519873142
1,1,0.9999996423721313
1,1,0.999948263168335
1,1,0.999853253364563
1,1,0.9925804138183594
1,1,0.9993696808815002
1,1,0.9824260473251343
0,0,3.7107318348716944e-05
0,0,0.0035742754116654396
1,1,0.9998499155044556
1,1,0.99534010887146
0,0,4.759888724947814e-06
0,0,0.00014189598732627928
0,0,0.00014691043179482222
0,0,0.005175500176846981
1,1,0.9552721977233887
1,1,0.8934783935546875
0,0,0.0009425495518371463
1,1,0.9955311417579651
1,1,0.9928789734840393
1,1,0.9749985933303833
0,0,0.00033721132786013186
1,1,0.9372706413269043
0,0,4.602374610840343e-05
1,1,0.9999924898147583
0,0,0.027690546587109566
1,1,0.9999561309814453
1,1,0.9898439645767212
0,0,0.004131440073251724
1,1,0.762410581111908
1,1,0.9998805522918701
0,0,0.00010609043238218874
0,0,0.06081445515155792
0,0,0.14892983436584473
0,0,0.012754400260746479
0,0,0.001402137684635818
1,1,0.9999504089355469
1,1,0.9999974966049194
0,0,1.4552926586475223e-05
0,0,5.782454081781907e-06
0,0,0.007268029265105724
1,0,0.2723645865917206
0,0,0.4152127802371979
0,0,0.03808748349547386
1,1,0.9912819862365723
1,1,0.9989251494407654
1,1,0.996344268321991
0,0,0.009300614707171917
0,0,2.8951740205229726e-06
0,0,0.004381273407489061
0,0,0.2384912222623825
0,0,1.4537501556333154e-05
0,0,0.0009763987036421895
0,0,4.0450900996802375e-05
1,1,0.9998096823692322
1,1,0.999658465385437
0,0,0.07634837925434113
0,0,6.09996568528004e-05
0,0,0.005723699927330017
0,1,0.9368334412574768
1,1,0.99871826171875
1,1,0.9997342228889465
1,1,0.9995909333229065
1,1,0.9999839067459106
1,1,0.9999494552612305
0,0,0.015768270939588547
1,1,0.9999610185623169
0,0,0.0002858733932953328
0,0,1.566858554724604e-05
1,1,0.9982492923736572
1,1,0.9242249131202698
0,0,0.007773059420287609
0,0,0.0027543867472559214
1,1,0.9984515905380249
0,0,0.12498599290847778
1,1,0.9997126460075378
0,0,0.05984162166714668
1,1,0.9970267415046692
1,1,0.8826897740364075
0,0,0.03963593393564224
1,1,0.9861190319061279
0,0,0.023073416203260422
0,0,0.039531219750642776
1,1,0.9898632764816284
0,0,0.0323384590446949
0,0,0.015324181877076626
0,0,0.00438472768291831
0,1,0.9254519939422607
0,0,0.0001044960372382775
0,0,0.003701331326738
0,0,0.002111437264829874
0,0,0.0018971223616972566
1,1,0.9937987923622131
0,0,0.0011549636255949736
1,1,0.513074517250061
1,1,0.999907374382019
1,1,0.9999908208847046
1,1,0.9785593152046204
0,0,0.015792155638337135
0,0,0.00011594222451094538
0,0,0.08353870362043381
0,0,0.0001058165289578028
1,1,0.9699525237083435
0,0,1.2209558917675167e-05
0,0,0.03873657062649727
1,1,0.9422315955162048
0,0,0.00031964454683475196
1,1,0.9994723200798035
0,0,0.00044579445966519415
0,0,0.011964806355535984
1,1,0.9999477863311768
1,1,0.8154534697532654
0,0,0.005086502060294151
0,0,0.22266745567321777
0,0,0.05340680107474327
0,0,0.023039158433675766
0,0,0.0032127071171998978
1,1,0.9999984502792358
1,1,0.9867010712623596
1,0,0.2828789949417114
1,1,0.9997126460075378
0,0,0.3192914128303528
1,1,0.9951724410057068
1,1,0.9994982481002808
0,0,0.005461177788674831
1,1,0.9994978904724121
1,1,0.9756066203117371
1,1,0.9994680285453796
0,0,0.000188264821190387
1,1,0.9467242360115051
0,0,0.000134199857711792
1,1,0.999159574508667
0,0,0.013620246201753616
0,0,1.6832192386573297e-06
1,1,0.9993798732757568
0,0,0.02126212790608406
1,1,0.9995319843292236
0,0,0.002166648395359516
1,1,0.9927722811698914
1,1,0.9845521450042725
0,0,0.2679431736469269
1,1,0.999976634979248
1,1,0.9974985718727112
0,0,0.3397582769393921
0,0,0.002548418939113617
1,1,0.9990671277046204
0,1,0.9983349442481995
0,0,6.884280878693971e-07
0,0,0.001247511594556272
0,0,0.030738966539502144
0,0,0.073371022939682
0,0,0.025295834988355637
1,1,0.9707239270210266
0,0,0.033148959279060364
0,0,0.004639121238142252
1,1,0.9994698166847229
0,0,0.0006302593974396586
1,1,0.9997560381889343
0,0,5.483031054609455e-05
0,0,8.692913252161816e-05
0,0,0.0042947158217430115
1,1,0.9999982118606567
0,0,0.050545670092105865
0,0,0.011177572421729565
1,1,0.9991980195045471
1,1,0.9998294115066528
0,0,0.44633787870407104
0,0,0.03827808052301407
0,0,0.00015976440045051277
0,0,0.00016219574899878353
1,1,0.9998345375061035
1,1,0.9905410408973694
1,1,0.9996895790100098
0,0,1.8656157408258878e-05
0,0,0.00034693937050178647
1,1,0.99940025806427
1,1,0.9999853372573853
0,0,0.0012207062682136893
1,1,0.9969354867935181
1,1,0.9715718626976013
0,0,0.0003037968708667904
1,1,0.999543309211731
0,0,0.1909274309873581
1,1,0.9993922710418701
0,1,0.9832746386528015
1,1,0.9961546063423157
1,1,0.99998939037323
1,1,0.9973395466804504
0,0,0.1292404681444168
1,1,0.9999628067016602
0,0,0.00779639882966876
1,1,0.9999978542327881
1,1,0.9999505281448364
0,0,0.004114918876439333
0,0,4.020468986709602e-05
1,1,0.9813662767410278
0,0,0.4810943305492401
1,1,0.9880989193916321
1,1,0.9999988079071045
0,0,0.09258248656988144
0,0,0.04444492608308792
1,1,0.9929013848304749
1,1,0.9923533797264099
0,0,0.00013675412628799677
0,0,0.0005242219194769859
1,1,0.9999973773956299
1,1,0.9999573230743408
1,1,0.9999734163284302
1,1,0.9999761581420898
1,1,0.9999474287033081
1,1,0.9998074173927307
0,0,0.00011281404295004904
1,1,0.9972932934761047
0,0,0.0031267250888049603
0,0,5.919857244407467e-07
1,1,0.8871039748191833
0,1,0.9860769510269165
1,1,0.9998942613601685
0,0,0.000207374308956787
1,0,0.36352619528770447
0,0,0.00016477075405418873
1,1,0.9998592138290405
0,0,4.2042483983095735e-06
0,0,0.007259618956595659
1,1,0.9214327931404114
1,1,0.7278887033462524
1,1,0.9999940395355225
1,1,0.9999794960021973
1,1,0.9999624490737915
0,0,0.0032736919820308685
0,0,0.1717846393585205
1,1,0.9642292261123657
0,0,0.10442454367876053
0,0,0.011094734072685242
1,1,0.9971501231193542
1,1,0.9908571839332581
1,1,0.7414600849151611
1,1,0.9997087121009827
1,1,0.9797276258468628
1,1,0.5831301212310791
1,1,0.9999531507492065
0,0,0.0014713912969455123
1,1,0.9986823201179504
0,0,0.09495220333337784
0,0,0.000509624311234802
0,0,0.01040601171553135
1,1,0.9890718460083008
1,1,0.9999902248382568
1,1,0.999859094619751
0,0,0.00240674358792603
1,1,0.9996165037155151
1,1,0.9998841285705566
1,1,0.9992190599441528
0,0,2.8372521683195373e-06
1,1,0.9780108332633972
0,0,1.3532387299619586e-07
0,0,0.14426341652870178
0,0,0.0007596528739668429
0,0,0.0018452194053679705
1,1,0.9968008995056152
1,1,0.9991769194602966
0,0,0.28762683272361755
1,1,0.7485811710357666
0,1,0.7238078117370605
0,0,0.07893261313438416
0,0,0.000370586640201509
1,1,0.9979116320610046
0,1,0.9935343265533447
1,1,0.774210512638092
0,0,0.0009207358816638589
1,1,0.9972583055496216
1,1,0.9998643398284912
0,0,0.00011088036262663081
0,0,0.01984686218202114
1,1,0.9997367262840271
0,0,0.006722186226397753
0,0,0.0017640197183936834
1,1,0.9998137354850769
1,1,0.9996733665466309
0,1,0.9966704249382019
0,0,0.047657933086156845
0,0,2.4421928173978813e-05
1,1,0.9999614953994751
1,1,0.9999830722808838
0,0,0.14036299288272858
1,1,0.9779613018035889
1,1,0.856803834438324
0,0,0.27243348956108093
0,0,0.0010729760397225618
1,1,0.9898365139961243
1,1,0.9970462918281555
0,0,0.16445377469062805
0,0,0.00634796591475606
0,0,0.0005845922278240323
0,0,2.3265978597919457e-05
0,0,0.002030519302934408
0,0,0.05200878158211708
1,1,0.9998536109924316
0,0,0.011492964811623096
0,0,0.22300642728805542
0,0,0.0019147559069097042
1,1,0.9999752044677734
0,0,0.0004464404482860118
0,0,0.004115020390599966
1,1,0.9999737739562988
1,1,0.9498204588890076
1,1,0.9995841383934021
1,1,0.9999109506607056
0,0,0.00043748848838731647
1,1,0.9999793767929077
1,1,0.982326865196228
1,1,0.9628809094429016
1,1,0.9795137643814087
0,0,1.7887757621792844e-06
0,0,0.02249273657798767
1,1,0.9992350339889526
0,0,0.0396733395755291
1,1,0.9981637597084045
0,0,0.035952888429164886
1,1,0.9999899864196777
0,0,0.056938957422971725
0,0,0.005095510743558407
0,0,0.024268796667456627
0,0,0.001991356024518609
0,0,0.0004217804817017168
0,0,0.20023782551288605
0,0,0.0014006576966494322
1,1,0.6182891130447388
0,0,0.0012729113223031163
0,0,3.209448914276436e-05
1,1,0.9991673231124878
1,1,0.9998459815979004
1,1,0.9997552037239075
1,1,0.9912816286087036
0,1,0.6645612120628357
1,1,0.9416254758834839
0,0,2.812169896060368e-06
1,1,0.9978297352790833
1,1,0.9999951124191284
1,1,0.9996219873428345
1,1,0.9967759251594543
1,1,0.9991838335990906
1,1,0.9817529916763306
1,1,0.9992161989212036
1,1,0.7665315866470337
0,0,0.004746260587126017
1,1,0.9845592379570007
0,1,0.5659746527671814
1,1,0.9995861649513245
0,0,0.0042506554163992405
1,1,0.997006356716156
1,1,0.9539477229118347
0,0,0.001845884369686246
0,0,0.00012949813390150666
1,1,0.9996930360794067
0,0,0.001915954751893878
1,1,0.9914733171463013
1,1,0.9991853833198547
1,1,0.9999203681945801
0,0,3.4450542898412095e-06
1,1,0.999763548374176
1,1,0.9997441172599792
1,1,0.9981482028961182
0,0,0.00016646187577862293
0,0,0.0005945762968622148
0,0,0.016127271577715874
0,0,0.06771151721477509
1,1,0.9998040795326233
1,1,0.9994644522666931
0,0,0.09286995232105255
1,1,0.9979530572891235
0,0,0.0002851792087312788
0,0,2.1551742975134403e-05
0,0,0.0008657008875161409
0,0,0.00017435055633541197
0,0,6.350382477648964e-07
0,0,0.0007274896488524973
0,0,0.12815752625465393
1,1,0.997960090637207
1,1,0.731143593788147
0,0,0.012758340686559677
0,1,0.6844252347946167
1,1,0.9998236298561096
0,0,0.0009883383754640818
1,1,0.9984226226806641
0,0,6.15297321928665e-05
1,1,0.9995512366294861
1,1,0.9996181726455688
1,1,0.9984097480773926
1,1,0.9995402097702026
0,0,0.001930969301611185
0,0,0.00022837794676888734
0,0,9.832641808316112e-05
1,1,0.9686407446861267
1,1,0.9693528413772583
1,1,0.9792791604995728
1,1,0.9999403953552246
1,1,0.9832243919372559
1,1,0.9999841451644897
1,1,0.9999281167984009
1,1,0.9997346997261047
1,1,0.9996529817581177
1,1,0.9996140599250793
1,1,0.9898736476898193
0,0,0.43486109375953674
1,1,0.9999884366989136
1,1,0.9463121891021729
0,0,0.0021873177029192448
0,1,0.5457057952880859
0,0,0.0002670771209523082
1,1,0.9999986886978149
1,1,0.9999827146530151
1,1,0.991014301776886
0,0,0.00010318896966055036
1,1,0.9396052956581116
1,1,0.9982434511184692
0,0,0.004313082434237003
0,0,0.11110877990722656
0,0,0.11914558708667755
1,1,0.9983482360839844
1,1,0.9999189376831055
0,0,0.015557064674794674
0,0,0.009502707980573177
0,0,1.5179615729721263e-05
0,0,2.336891036236466e-08
1,1,0.9814910888671875
0,0,1.608202546776738e-05
0,0,8.832969615468755e-05
1,1,0.9992716908454895
1,1,0.9956282377243042
0,0,0.0012439140118658543
1,1,0.9931952953338623
1,1,0.6618914008140564
0,1,0.7373456954956055
0,0,0.0755188837647438
0,0,0.0016735888784751296
0,0,0.49783965945243835
1,1,0.9971935153007507
1,1,0.999936580657959
1,1,0.9923931360244751
1,1,0.9972756505012512
0,0,0.24929869174957275
0,0,9.046472405316308e-05
1,1,0.999943733215332
0,0,0.010239647701382637
1,1,0.999925971031189
0,0,0.00046260442468337715
1,1,0.9997707009315491
1,1,0.9999614953994751
0,0,0.00032293456024490297
1,1,0.9997606873512268
1,1,0.9992474317550659
0,1,0.5584150552749634
1,1,0.9994134902954102
0,0,1.3149785900168354e-06
0,0,0.001089550438337028
0,0,1.0295320151954002e-07
1,1,0.9980554580688477
0,0,0.4743519127368927
1,1,0.9996011853218079
1,1,0.9998158812522888
0,0,0.0015944920014590025
0,0,0.004425858147442341
1,1,0.9999849796295166
1,1,0.9835892915725708
0,0,0.19565986096858978
0,0,0.012998063117265701
1,1,0.9999638795852661
0,0,3.7611331208609045e-05
1,1,0.98569655418396
0,0,0.005467137787491083
0,0,0.07845255732536316
1,1,0.9980437755584717
1,1,0.9999997615814209
0,0,0.0004298338608350605
1,1,0.9873372912406921
1,1,0.9997934699058533
1,1,0.9825137257575989
1,1,0.9948884844779968
0,0,0.0010677857790142298
0,0,0.3307546079158783
1,1,0.9973326921463013
0,0,0.13503795862197876
0,0,0.012097124941647053
1,1,0.971430242061615
0,0,0.09739230573177338
0,0,0.00037989436532370746
0,0,0.00016109817079268396
0,0,0.38245317339897156
0,0,0.028557540848851204
1,1,0.7177308201789856
0,0,0.0006440568249672651
0,0,0.010354999452829361
1,1,0.9951609969139099
0,0,0.00012517315917648375
1,1,0.9993189573287964
1,1,0.9989894032478333
1,1,0.9960787892341614
1,1,0.9912158250808716
1,1,0.8957824110984802
1,1,0.9999938011169434
0,0,1.0843091331480537e-05
0,0,1.4669064512418117e-05
1,1,0.9999555349349976
0,0,0.00038086104905232787
0,0,0.001002038363367319
1,1,0.9781510829925537
0,0,0.04539892077445984
0,0,0.053237032145261765
0,0,9.179786138702184e-05
0,0,0.3187820315361023
1,1,0.9999798536300659
1,1,0.9999918937683105
1,1,0.9992256164550781
1,1,0.9987474679946899
1,1,0.9997537732124329
1,1,0.8902902603149414
0,1,0.684199333190918
1,1,0.722087562084198
1,1,0.991439700126648
0,0,0.0005880438257008791
1,1,0.9999860525131226
1,1,0.9998961687088013
1,1,0.9998544454574585
1,1,0.981659471988678
1,1,0.999983549118042
1,1,0.997294008731842
0,0,8.845815318636596e-05
1,1,0.9998036026954651
1,1,0.9921894073486328
0,0,0.4987301826477051
1,1,0.9871563911437988
1,1,0.9997686743736267
1,1,0.9997804760932922
0,0,5.316068200045265e-05
0,0,0.011037019081413746
0,0,0.009584719315171242
1,1,0.9688963890075684
0,0,0.0014960628468543291
1,1,0.9897264838218689
1,1,0.9999864101409912
0,0,0.003346224082633853
1,1,0.9970767498016357
1,1,0.9924880266189575
1,0,0.48156654834747314
1,1,0.9999840259552002
0,0,0.11398620903491974
0,0,0.019616030156612396
1,1,0.9973052740097046
1,1,0.9996629953384399
0,0,0.04280513525009155
0,0,0.03388046845793724
0,0,0.09188888221979141
0,0,0.011476750485599041
0,1,0.5167849063873291
0,0,0.000247080170083791
0,0,0.01500734593719244
1,1,0.9477085471153259
1,1,0.9994252920150757
1,1,0.9998489618301392
0,0,1.6797355783637613e-05
1,1,0.9999526739120483
1,1,0.9998284578323364
0,0,0.04118542745709419
1,1,0.9655206799507141
0,0,0.001263838610611856
0,0,0.01773918978869915
1,1,0.9995755553245544
0,0,0.00047361094038933516
0,0,0.0010794006520882249
1,1,0.9994875192642212
0,0,0.0012722215615212917
0,1,0.5703604221343994
0,0,0.07054334133863449
1,1,0.9999934434890747
0,0,0.0002488340833224356
1,1,0.9999841451644897
0,0,5.540321581065655e-05
1,1,0.9988223910331726
1,1,0.889808177947998
1,1,0.9992002844810486
1,1,0.9998551607131958
1,1,0.9988975524902344
1,1,0.9999674558639526
0,0,0.006151475477963686
0,0,0.15792560577392578
0,0,5.5866701586637646e-05
0,0,0.16019505262374878
0,0,0.06825793534517288
1,1,0.9975334405899048
0,0,0.057765524834394455
1,1,0.9932096600532532
0,1,0.9427162408828735
1,1,0.999096155166626
0,0,0.01665203459560871
1,1,0.9999915361404419
1,1,0.9925264120101929
1,1,0.9998432397842407
1,1,0.964594304561615
0,1,0.9990432858467102
1,1,0.7002745866775513
1,1,0.9855850338935852
1,1,0.9986465573310852
1,1,0.9999786615371704
0,0,0.003920567687600851
0,0,0.00011665662896120921
0,0,4.297153282095678e-05
0,0,0.0344700813293457
1,1,0.9350250363349915
1,1,0.9977832436561584
0,0,0.007390602957457304
0,0,4.9007714551407844e-05
1,1,0.9995092153549194
1,1,0.9978293776512146
0,0,0.10682302713394165
0,0,3.671628292067908e-05
0,0,0.002970108762383461
1,1,0.9999808073043823
0,0,6.191077409312129e-05
0,0,0.0558583103120327
1,1,0.9999178647994995
0,0,0.01205662451684475
0,0,0.16308945417404175
0,0,0.20066910982131958
1,1,0.9828448295593262
1,1,0.9986280202865601
1,1,0.9982956051826477
1,1,0.9930756092071533
0,0,0.005030217580497265
0,0,1.7359019693685696e-05
0,0,0.3488738238811493
0,1,0.584729790687561
1,1,0.999422550201416
0,0,4.7748719225637615e-05
1,1,0.9712873697280884
1,1,0.9982890486717224
0,0,0.0077814264222979546
1,1,0.9999934434890747
0,0,0.1884482353925705
1,1,0.9999388456344604
1,1,0.8886500000953674
0,1,0.9355577826499939
0,0,0.004958173725754023
1,1,0.9912789463996887
1,1,0.9929654598236084
0,0,0.04853619635105133
1,1,0.572152853012085
0,0,0.0006512301042675972
1,1,0.9937891364097595
1,1,0.8286904692649841
1,1,0.9998284578323364
0,0,0.02747017703950405
0,0,0.045975107699632645
1,1,0.9996813535690308
1,1,0.9998131394386292
0,0,0.03713131323456764
0,0,0.00010246934107271954
1,1,0.9984689354896545
0,0,0.00047714286483824253
0,0,3.0179526220308617e-05
0,0,0.016687896102666855
0,0,0.00011257162259425968
1,1,0.9959391355514526
1,1,0.9999226331710815
1,1,0.9999450445175171
1,1,0.9941452741622925
0,0,0.0010733283124864101
1,1,0.9999997615814209
1,1,0.9471580982208252
0,0,0.00017724299686960876
1,1,0.9962834715843201
1,0,0.03465411439538002
1,1,0.9996132254600525
1,1,0.9953899383544922
0,0,0.010771333239972591
1,1,0.9986251592636108
0,0,2.8782222216250375e-05
1,1,0.5985323190689087
0,0,6.923860200913623e-05
0,0,0.00014024882693774998
0,0,1.3372820831136778e-05
0,0,0.00034283081186003983
1,1,0.9998724460601807
1,0,0.31585872173309326
0,0,0.008355525322258472
0,0,0.09198474138975143
0,0,0.17459727823734283
0,0,7.087677659001201e-05
0,0,0.0002669195528142154
0,1,0.9901949763298035
0,0,0.0004719142452813685
0,0,0.0011151863727718592
0,0,0.11097130924463272
1,1,0.9995713829994202
1,1,0.997730553150177
1,1,0.7845892906188965
0,0,0.0014431297313421965
0,0,0.0007411992410197854
1,1,0.9999901056289673
1,1,0.9996914863586426
1,1,0.9999864101409912
1,1,0.9582206010818481
1,1,0.9668553471565247
1,1,0.9996786117553711
0,0,0.0400262288749218
0,0,0.00026646212791092694
1,1,0.9935815334320068
1,1,0.9999793767929077
0,0,0.00042610123637132347
1,1,0.9999865293502808
1,1,0.9994100332260132
0,0,0.07359522581100464
0,0,0.00025120930513367057
1,0,0.2697330117225647
0,0,0.004764962941408157
0,0,6.356066296575591e-05
1,1,0.9999634027481079
0,0,0.002613974967971444
0,0,0.010973142459988594
0,0,0.0004112233582418412
1,1,0.9994439482688904
1,1,0.9999579191207886
1,1,0.9985395669937134
0,0,1.1915901723114075e-06
1,1,0.9997318387031555
1,1,0.8714576959609985
0,0,0.009552724659442902
1,1,0.9961322546005249
1,1,0.9978395700454712
1,1,0.999882698059082
1,1,0.8828709721565247
1,1,0.9985620379447937
1,1,0.9991719722747803
0,0,5.1221155445091426e-05
0,0,0.2399720847606659
0,0,0.009898470714688301
1,1,0.9981561303138733
0,1,0.519349217414856
1,1,0.9999985694885254
1,1,0.9997298121452332
1,1,0.9988344311714172
1,1,0.9995954632759094
1,1,0.9999926090240479
0,0,0.001037763082422316
0,0,0.06347119063138962
0,0,0.020003829151391983
0,0,0.0005858707008883357
1,0,0.10593241453170776
1,1,0.9985833168029785
0,0,2.750029307208024e-05
0,0,0.02403886988759041
0,0,1.7872098396765068e-05
0,0,0.14540833234786987
1,1,0.9716434478759766
0,0,0.00271301600150764
1,1,0.9999375343322754
1,1,0.9744396805763245
1,1,0.6159147620201111
1,0,0.1567850112915039
0,0,0.0020853697787970304
1,1,0.9924371838569641
1,1,0.9864019751548767
0,0,0.08596843481063843
1,1,0.9991705417633057
0,0,0.006475178990513086
0,1,0.5276654958724976
0,0,0.06291856616735458
0,0,6.521795148728415e-05
0,0,0.000233856713748537
0,0,0.001645335927605629
1,1,0.9999698400497437
1,1,0.9983413219451904
1,1,0.9999991655349731
0,0,8.683154010213912e-05
0,0,0.020146938040852547
0,0,0.0015778924571350217
0,0,0.1969870775938034
1,1,0.9996367692947388
1,1,0.9997363686561584
1,1,0.999816358089447
1,1,0.9950030446052551
1,1,0.9553470015525818
0,0,0.0002766865654848516
0,0,8.561467984691262e-05
1,1,0.9999953508377075
1,1,0.9978116154670715
0,0,0.0006348741007968783
1,1,0.9995482563972473
1,1,0.9997791647911072
1,1,0.9802400469779968
0,0,0.00039308718987740576
1,1,0.9895609617233276
1,1,0.9983955025672913
1,1,0.9997038245201111
1,1,0.9773740768432617
0,0,0.18589848279953003
1,1,0.9998501539230347
0,0,7.271123649843503e-06
0,0,0.001160191372036934
1,1,0.997006356716156
1,1,0.9846972227096558
0,0,0.004578012507408857
0,0,0.00199471740052104
1,1,0.9932255148887634
1,1,0.9986833930015564
1,1,0.9998034834861755
1,1,0.997917115688324
0,0,0.0006091577233746648
1,1,0.9999310970306396
0,0,9.333210618933663e-05
0,0,0.00991667527705431
0,0,0.12931422889232635
1,1,0.9995911717414856
0,0,0.005347585771232843
0,0,0.0016220046672970057
0,1,0.78654545545578
1,0,0.04330940544605255
1,1,0.9989696741104126
1,1,0.9878954887390137
1,1,0.9978400468826294
1,1,0.9999939203262329
0,0,0.009164347313344479
0,0,0.0036738526541739702
0,0,0.10064642876386642
1,1,0.9996055960655212
0,0,0.02236335724592209
0,0,5.489838440553285e-05
0,0,0.0002191706298617646
